replicate,time_ns,value,display_value
1,0.0,0.217,0.3804230769230769
1,0.01,0.207,0.38292592592592595
1,0.02,0.336,0.3835
1,0.03,0.359,0.385448275862069
1,0.04,0.328,0.3857333333333334
1,0.05,0.326,0.3867741935483871
1,0.06,0.286,0.38778125
1,0.07,0.365,0.38903030303030306
1,0.08,0.298,0.39079411764705885
1,0.09,0.306,0.39154285714285714
1,0.1,0.35,0.3919722222222222
1,0.11,0.328,0.39137837837837836
1,0.12,0.397,0.3918157894736842
1,0.13,0.379,0.3923076923076923
1,0.14,0.279,0.39437500000000003
1,0.15,0.406,0.3975853658536585
1,0.16,0.435,0.3997380952380953
1,0.17,0.464,0.40406976744186046
1,0.18,0.442,0.4052954545454545
1,0.19,0.461,0.40595555555555557
1,0.2,0.576,0.4077608695652174
1,0.21,0.549,0.40912765957446806
1,0.22,0.455,0.4100625
1,0.23,0.464,0.411469387755102
1,0.24,0.397,0.41168
1,0.25,0.481,0.4116666666666667
1,0.26,0.448,0.4159607843137255
1,0.27,0.399,0.4191372549019608
1,0.28,0.44,0.4198039215686274
1,0.29,0.394,0.42270588235294115
1,0.3,0.418,0.4262549019607843
1,0.31,0.419,0.4294313725490196
1,0.32,0.429,0.43321568627450974
1,0.33,0.449,0.4360588235294118
1,0.34,0.417,0.4385882352941176
1,0.35,0.407,0.44311764705882356
1,0.36,0.37,0.4477450980392157
1,0.37,0.408,0.4496862745098039
1,0.38,0.411,0.4509411764705882
1,0.39,0.475,0.4515686274509804
1,0.4,0.526,0.45325490196078433
1,0.41,0.488,0.4527450980392157
1,0.42,0.586,0.4541176470588235
1,0.43,0.458,0.45456862745098037
1,0.44,0.435,0.45482352941176474
1,0.45,0.489,0.4563333333333333
1,0.46,0.472,0.45229411764705874
1,0.47,0.454,0.44878431372549016
1,0.48,0.479,0.4453921568627451
1,0.49,0.422,0.4446666666666666
1,0.5,0.411,0.44376470588235295
1,0.51,0.436,0.4426666666666666
1,0.52,0.369,0.4420588235294118
1,0.53,0.37,0.44282352941176467
1,0.54,0.507,0.44323529411764706
1,0.55,0.509,0.44511764705882356
1,0.56,0.488,0.44617647058823534
1,0.57,0.479,0.4457450980392157
1,0.58,0.51,0.4437647058823529
1,0.59,0.427,0.4416862745098039
1,0.6,0.537,0.4416862745098039
1,0.61,0.586,0.4415294117647059
1,0.62,0.427,0.443078431372549
1,0.63,0.461,0.4433333333333333
1,0.64,0.411,0.4437058823529411
1,0.65,0.365,0.44413725490196077
1,0.66,0.38,0.4440784313725491
1,0.67,0.505,0.44568627450980386
1,0.68,0.487,0.4454901960784314
1,0.69,0.455,0.4474705882352941
1,0.7,0.538,0.45029411764705884
1,0.71,0.37,0.4528627450980392
1,0.72,0.37,0.4552156862745098
1,0.73,0.282,0.45884313725490194
1,0.74,0.427,0.4609607843137255
1,0.75,0.351,0.4652352941176471
1,0.76,0.425,0.4690392156862745
1,0.77,0.417,0.47405882352941175
1,0.78,0.438,0.4785294117647058
1,0.79,0.461,0.4835686274509804
1,0.8,0.49,0.48635294117647054
1,0.81,0.472,0.4892549019607843
1,0.82,0.397,0.49166666666666664
1,0.83,0.328,0.49574509803921574
1,0.84,0.343,0.49949019607843137
1,0.85,0.417,0.504921568627451
1,0.86,0.399,0.5085686274509804
1,0.87,0.449,0.5109019607843137
1,0.88,0.421,0.5166470588235295
1,0.89,0.43,0.5226274509803922
1,0.9,0.497,0.5298039215686274
1,0.91,0.523,0.5362941176470588
1,0.92,0.57,0.542470588235294
1,0.93,0.576,0.5462941176470588
1,0.94,0.559,0.5498823529411765
1,0.95,0.579,0.5534901960784313
1,0.96,0.62,0.5548627450980392
1,0.97,0.592,0.5608627450980392
1,0.98,0.639,0.5671764705882353
1,0.99,0.587,0.5746274509803921
1,1.0,0.64,0.5794117647058824
1,1.01,0.605,0.5874117647058823
1,1.02,0.692,0.5915686274509804
1,1.03,0.597,0.5966862745098039
1,1.04,0.627,0.6032549019607844
1,1.05,0.649,0.6086666666666666
1,1.06,0.657,0.6134901960784314
1,1.07,0.611,0.619156862745098
1,1.08,0.687,0.6257450980392157
1,1.09,0.701,0.6331372549019608
1,1.1,0.704,0.6401568627450981
1,1.11,0.723,0.6436862745098039
1,1.12,0.705,0.6479803921568627
1,1.13,0.72,0.6515294117647059
1,1.14,0.766,0.6549607843137255
1,1.15,0.777,0.6592549019607843
1,1.16,0.696,0.6634705882352941
1,1.17,0.695,0.6671764705882353
1,1.18,0.7,0.6682745098039216
1,1.19,0.67,0.6702352941176469
1,1.2,0.639,0.6727843137254902
1,1.21,0.608,0.6747254901960784
1,1.22,0.676,0.6765098039215687
1,1.23,0.692,0.6793137254901961
1,1.24,0.662,0.6805882352941177
1,1.25,0.671,0.6824901960784313
1,1.26,0.759,0.6845686274509805
1,1.27,0.637,0.687156862745098
1,1.28,0.678,0.6875098039215687
1,1.29,0.773,0.6894117647058823
1,1.3,0.737,0.6901176470588236
1,1.31,0.736,0.6913725490196078
1,1.32,0.761,0.692235294117647
1,1.33,0.733,0.6954901960784313
1,1.34,0.705,0.6963725490196079
1,1.35,0.701,0.6977450980392157
1,1.36,0.597,0.6986274509803923
1,1.37,0.618,0.699686274509804
1,1.38,0.63,0.7019803921568627
1,1.39,0.596,0.7034117647058823
1,1.4,0.649,0.703843137254902
1,1.41,0.712,0.7037450980392157
1,1.42,0.712,0.704529411764706
1,1.43,0.626,0.7056862745098039
1,1.44,0.676,0.707156862745098
1,1.45,0.689,0.7090588235294117
1,1.46,0.678,0.7110980392156863
1,1.47,0.711,0.7141372549019608
1,1.48,0.735,0.7149019607843138
1,1.49,0.704,0.7161372549019609
1,1.5,0.684,0.7173333333333334
1,1.51,0.746,0.7171568627450979
1,1.52,0.737,0.7169019607843138
1,1.53,0.71,0.7185882352941177
1,1.54,0.694,0.7203725490196078
1,1.55,0.663,0.7189607843137256
1,1.56,0.713,0.7180196078431372
1,1.57,0.701,0.7183137254901961
1,1.58,0.777,0.7188235294117648
1,1.59,0.732,0.7193725490196079
1,1.6,0.771,0.7206666666666667
1,1.61,0.749,0.723235294117647
1,1.62,0.777,0.7255098039215687
1,1.63,0.822,0.7281176470588235
1,1.64,0.793,0.7294117647058823
1,1.65,0.788,0.7321372549019608
1,1.66,0.772,0.7334117647058824
1,1.67,0.736,0.7343333333333334
1,1.68,0.754,0.7354313725490197
1,1.69,0.775,0.7386666666666666
1,1.7,0.767,0.7393921568627452
1,1.71,0.743,0.740450980392157
1,1.72,0.763,0.740078431372549
1,1.73,0.715,0.7413921568627451
1,1.74,0.755,0.7426666666666666
1,1.75,0.723,0.7432549019607843
1,1.76,0.662,0.7439803921568627
1,1.77,0.746,0.744078431372549
1,1.78,0.723,0.7429215686274508
1,1.79,0.769,0.743235294117647
1,1.8,0.701,0.7444313725490196
1,1.81,0.689,0.7462156862745097
1,1.82,0.751,0.747450980392157
1,1.83,0.787,0.7481568627450982
1,1.84,0.761,0.7460392156862745
1,1.85,0.771,0.7464901960784315
1,1.86,0.832,0.7461764705882353
1,1.87,0.713,0.7462156862745098
1,1.88,0.751,0.7444117647058823
1,1.89,0.696,0.7427843137254903
1,1.9,0.735,0.7411372549019608
1,1.91,0.714,0.7391568627450981
1,1.92,0.759,0.7394313725490196
1,1.93,0.768,0.7398627450980392
1,1.94,0.791,0.7394313725490196
1,1.95,0.713,0.738078431372549
1,1.96,0.743,0.7370588235294117
1,1.97,0.659,0.7361568627450982
1,1.98,0.778,0.736156862745098
1,1.99,0.8,0.7368039215686274
1,2.0,0.734,0.7367843137254902
1,2.01,0.721,0.7373137254901961
1,2.02,0.751,0.7394705882352941
1,2.03,0.678,0.7397058823529412
1,2.04,0.726,0.7411176470588234
1,2.05,0.755,0.7408823529411765
1,2.06,0.754,0.7423137254901961
1,2.07,0.776,0.7445490196078431
1,2.08,0.737,0.7453529411764707
1,2.09,0.669,0.7446666666666666
1,2.1,0.755,0.7447254901960785
1,2.11,0.755,0.7441372549019608
1,2.12,0.751,0.7417843137254903
1,2.13,0.685,0.7431764705882353
1,2.14,0.739,0.7435294117647059
1,2.15,0.709,0.7451764705882354
1,2.16,0.687,0.7465490196078433
1,2.17,0.786,0.7483921568627451
1,2.18,0.758,0.749
1,2.19,0.732,0.7498039215686273
1,2.2,0.706,0.7500196078431373
1,2.21,0.715,0.751921568627451
1,2.22,0.697,0.7525098039215686
1,2.23,0.763,0.7547058823529411
1,2.24,0.748,0.7546666666666667
1,2.25,0.754,0.7548823529411766
1,2.26,0.75,0.7549411764705883
1,2.27,0.772,0.7568235294117648
1,2.28,0.758,0.7575098039215686
1,2.29,0.795,0.7594901960784314
1,2.3,0.757,0.7601372549019608
1,2.31,0.774,0.7611960784313725
1,2.32,0.803,0.7608823529411765
1,2.33,0.792,0.7610588235294118
1,2.34,0.752,0.7615882352941177
1,2.35,0.764,0.7632745098039215
1,2.36,0.741,0.7627254901960785
1,2.37,0.712,0.7623725490196078
1,2.38,0.784,0.7630588235294117
1,2.39,0.769,0.7643137254901962
1,2.4,0.78,0.7643725490196078
1,2.41,0.805,0.7661568627450981
1,2.42,0.808,0.7680392156862744
1,2.43,0.79,0.7676274509803922
1,2.44,0.809,0.7682941176470588
1,2.45,0.802,0.7695294117647059
1,2.46,0.81,0.7715098039215686
1,2.47,0.773,0.7733529411764707
1,2.48,0.771,0.7758039215686275
1,2.49,0.776,0.7759803921568628
1,2.5,0.811,0.7765882352941177
1,2.51,0.737,0.7771372549019608
1,2.52,0.817,0.7780588235294117
1,2.53,0.786,0.7790196078431373
1,2.54,0.779,0.7791176470588235
1,2.55,0.759,0.7791176470588237
1,2.56,0.809,0.779156862745098
1,2.57,0.738,0.7800392156862744
1,2.58,0.785,0.7804901960784314
1,2.59,0.764,0.7799411764705882
1,2.6,0.755,0.779607843137255
1,2.61,0.727,0.7795098039215687
1,2.62,0.737,0.7795882352941177
1,2.63,0.786,0.7811372549019606
1,2.64,0.749,0.7806470588235294
1,2.65,0.742,0.7799019607843137
1,2.66,0.8,0.7793725490196078
1,2.67,0.783,0.7779019607843137
1,2.68,0.765,0.7766274509803921
1,2.69,0.792,0.7763137254901961
1,2.7,0.795,0.7754117647058824
1,2.71,0.807,0.7740784313725491
1,2.72,0.809,0.7719411764705882
1,2.73,0.822,0.7713333333333333
1,2.74,0.772,0.771529411764706
1,2.75,0.779,0.7720588235294118
1,2.76,0.782,0.7708039215686274
1,2.77,0.797,0.7714705882352941
1,2.78,0.821,0.770156862745098
1,2.79,0.763,0.7692156862745098
1,2.8,0.795,0.7683333333333334
1,2.81,0.759,0.7672549019607844
1,2.82,0.819,0.7657058823529412
1,2.83,0.826,0.7651372549019609
1,2.84,0.764,0.7637254901960785
1,2.85,0.735,0.7635098039215686
1,2.86,0.759,0.7637058823529411
1,2.87,0.745,0.7636078431372548
1,2.88,0.791,0.7636666666666667
1,2.89,0.759,0.7625882352941177
1,2.9,0.731,0.7635882352941176
1,2.91,0.753,0.7632941176470589
1,2.92,0.73,0.7621960784313725
1,2.93,0.743,0.7607647058823531
1,2.94,0.774,0.7617254901960784
1,2.95,0.763,0.7611372549019607
1,2.96,0.734,0.7598823529411765
1,2.97,0.701,0.7588235294117647
1,2.98,0.742,0.7590196078431373
1,2.99,0.781,0.7573333333333332
1,3.0,0.803,0.7565294117647059
1,3.01,0.747,0.7554313725490196
1,3.02,0.771,0.7545098039215685
1,3.03,0.75,0.7535686274509804
1,3.04,0.738,0.7524117647058823
1,3.05,0.734,0.7524509803921569
1,3.06,0.704,0.7516078431372548
1,3.07,0.73,0.7520392156862745
1,3.08,0.709,0.7505882352941177
1,3.09,0.713,0.7488627450980392
1,3.1,0.753,0.7482156862745097
1,3.11,0.765,0.7483529411764706
1,3.12,0.722,0.7478431372549019
1,3.13,0.74,0.747313725490196
1,3.14,0.731,0.7467254901960786
1,3.15,0.8,0.746843137254902
1,3.16,0.727,0.7469607843137255
1,3.17,0.744,0.7477843137254903
1,3.18,0.71,0.7483921568627451
1,3.19,0.814,0.7485882352941178
1,3.2,0.762,0.7479411764705883
1,3.21,0.731,0.7477843137254903
1,3.22,0.753,0.7475686274509805
1,3.23,0.819,0.7487450980392157
1,3.24,0.736,0.7484901960784313
1,3.25,0.731,0.7476274509803921
1,3.26,0.723,0.7461764705882353
1,3.27,0.735,0.7469607843137255
1,3.28,0.749,0.7472156862745097
1,3.29,0.762,0.7466666666666666
1,3.3,0.765,0.7458235294117647
1,3.31,0.752,0.7451764705882352
1,3.32,0.781,0.7450784313725489
1,3.33,0.745,0.7443725490196078
1,3.34,0.738,0.7447647058823529
1,3.35,0.731,0.7449019607843136
1,3.36,0.742,0.7442549019607841
1,3.37,0.733,0.7437843137254901
1,3.38,0.718,0.7444313725490196
1,3.39,0.761,0.744686274509804
1,3.4,0.765,0.7450588235294117
1,3.41,0.737,0.7431764705882353
1,3.42,0.795,0.7437647058823529
1,3.43,0.761,0.7441764705882352
1,3.44,0.753,0.7454705882352941
1,3.45,0.741,0.7438235294117647
1,3.46,0.755,0.7439607843137255
1,3.47,0.723,0.7453333333333333
1,3.48,0.761,0.7453921568627451
1,3.49,0.729,0.7441372549019608
1,3.5,0.737,0.7438627450980393
1,3.51,0.729,0.7436274509803921
1,3.52,0.787,0.7436862745098038
1,3.53,0.784,0.744156862745098
1,3.54,0.722,0.7438235294117648
1,3.55,0.695,0.7435098039215685
1,3.56,0.701,0.7437843137254901
1,3.57,0.699,0.7437450980392157
1,3.58,0.694,0.7434509803921568
1,3.59,0.729,0.7432352941176471
1,3.6,0.72,0.7443529411764706
1,3.61,0.72,0.7439411764705881
1,3.62,0.741,0.7448235294117648
1,3.63,0.755,0.745235294117647
1,3.64,0.753,0.7468823529411764
1,3.65,0.75,0.7462156862745097
1,3.66,0.704,0.7457647058823529
1,3.67,0.757,0.7462352941176471
1,3.68,0.765,0.7455098039215686
1,3.69,0.776,0.745235294117647
1,3.7,0.73,0.7457450980392156
1,3.71,0.769,0.7462549019607843
1,3.72,0.801,0.7461568627450981
1,3.73,0.756,0.7464117647058823
1,3.74,0.755,0.7459607843137256
1,3.75,0.722,0.7466666666666666
1,3.76,0.719,0.7468823529411764
1,3.77,0.726,0.7472156862745097
1,3.78,0.759,0.7470392156862746
1,3.79,0.732,0.7463529411764706
1,3.8,0.746,0.7473921568627452
1,3.81,0.779,0.7487843137254903
1,3.82,0.75,0.7500196078431373
1,3.83,0.766,0.7515686274509805
1,3.84,0.734,0.753313725490196
1,3.85,0.795,0.7540980392156863
1,3.86,0.71,0.7552352941176471
1,3.87,0.787,0.7567058823529413
1,3.88,0.754,0.7584705882352941
1,3.89,0.802,0.7595098039215686
1,3.9,0.727,0.7604313725490197
1,3.91,0.742,0.7616470588235295
1,3.92,0.761,0.7642156862745099
1,3.93,0.758,0.7645294117647059
1,3.94,0.747,0.7649215686274511
1,3.95,0.779,0.7657058823529411
1,3.96,0.767,0.7683529411764706
1,3.97,0.75,0.7680392156862745
1,3.98,0.736,0.7672745098039215
1,3.99,0.738,0.7677058823529411
1,4.0,0.765,0.7682549019607843
1,4.01,0.748,0.7686078431372548
1,4.02,0.746,0.7699019607843137
1,4.03,0.778,0.7710784313725491
1,4.04,0.749,0.771372549019608
1,4.05,0.775,0.7724313725490196
1,4.06,0.766,0.7729411764705882
1,4.07,0.764,0.7729803921568627
1,4.08,0.778,0.7732941176470587
1,4.09,0.783,0.7732352941176471
1,4.1,0.769,0.7743137254901962
1,4.11,0.778,0.7747254901960785
1,4.12,0.795,0.7765490196078433
1,4.13,0.831,0.776372549019608
1,4.14,0.808,0.7770980392156862
1,4.15,0.8,0.776235294117647
1,4.16,0.812,0.776843137254902
1,4.17,0.835,0.7775686274509803
1,4.18,0.773,0.7772941176470589
1,4.19,0.785,0.7767058823529412
1,4.2,0.816,0.7769019607843137
1,4.21,0.865,0.7759803921568628
1,4.22,0.753,0.776843137254902
1,4.23,0.762,0.7765490196078432
1,4.24,0.778,0.7768627450980393
1,4.25,0.783,0.7763333333333332
1,4.26,0.74,0.776
1,4.27,0.785,0.7765098039215685
1,4.28,0.786,0.7765490196078433
1,4.29,0.774,0.7770980392156862
1,4.3,0.786,0.7772352941176471
1,4.31,0.772,0.7770784313725491
1,4.32,0.781,0.7772549019607843
1,4.33,0.766,0.7765294117647059
1,4.34,0.763,0.7766274509803921
1,4.35,0.789,0.7761176470588236
1,4.36,0.816,0.7760196078431372
1,4.37,0.803,0.775921568627451
1,4.38,0.778,0.7757647058823529
1,4.39,0.791,0.7745882352941177
1,4.4,0.758,0.7744705882352942
1,4.41,0.758,0.7743725490196077
1,4.42,0.779,0.7736666666666667
1,4.43,0.747,0.772235294117647
1,4.44,0.728,0.7725098039215686
1,4.45,0.757,0.7717254901960784
1,4.46,0.732,0.7710980392156864
1,4.47,0.811,0.7694901960784314
1,4.48,0.735,0.7699411764705882
1,4.49,0.752,0.7695294117647059
1,4.5,0.711,0.7691764705882354
1,4.51,0.748,0.7684117647058823
1,4.52,0.774,0.7687058823529412
1,4.53,0.748,0.7691764705882354
1,4.54,0.806,0.7698627450980393
1,4.55,0.756,0.770156862745098
1,4.56,0.767,0.7694313725490196
1,4.57,0.775,0.7701176470588236
1,4.58,0.727,0.7704901960784314
1,4.59,0.783,0.7706666666666667
1,4.6,0.757,0.7710588235294117
1,4.61,0.764,0.7704509803921569
1,4.62,0.773,0.7692352941176471
1,4.63,0.787,0.7686274509803921
1,4.64,0.771,0.7674117647058823
1,4.65,0.802,0.7666078431372549
1,4.66,0.795,0.7661764705882353
1,4.67,0.776,0.7658039215686275
1,4.68,0.762,0.7647254901960784
1,4.69,0.787,0.7633725490196079
1,4.7,0.745,0.7640196078431372
1,4.71,0.784,0.7628627450980392
1,4.72,0.783,0.7615882352941177
1,4.73,0.776,0.7590196078431373
1,4.74,0.741,0.7575686274509804
1,4.75,0.76,0.7567647058823529
1,4.76,0.744,0.7563137254901962
1,4.77,0.755,0.7558039215686275
1,4.78,0.809,0.7553333333333334
1,4.79,0.821,0.755156862745098
1,4.8,0.789,0.7525686274509804
1,4.81,0.749,0.7512549019607843
1,4.82,0.807,0.7498235294117647
1,4.83,0.8,0.748235294117647
1,4.84,0.775,0.748843137254902
1,4.85,0.783,0.7475490196078431
1,4.86,0.758,0.7474705882352941
1,4.87,0.754,0.7473921568627451
1,4.88,0.772,0.746313725490196
1,4.89,0.716,0.7451372549019607
1,4.9,0.75,0.7440980392156863
1,4.91,0.736,0.7429019607843137
1,4.92,0.739,0.7420000000000001
1,4.93,0.724,0.7398039215686274
1,4.94,0.678,0.7385882352941177
1,4.95,0.761,0.7367254901960785
1,4.96,0.698,0.7371764705882353
1,4.97,0.667,0.7358431372549019
1,4.98,0.68,0.7343725490196079
1,4.99,0.661,0.7319019607843137
1,5.0,0.711,0.7307058823529411
1,5.01,0.688,0.7293725490196078
1,5.02,0.722,0.7284705882352941
1,5.03,0.75,0.7279803921568626
1,5.04,0.739,0.7260392156862745
1,5.05,0.674,0.7229803921568626
1,5.06,0.689,0.7210588235294118
1,5.07,0.694,0.7205098039215687
1,5.08,0.694,0.7179999999999999
1,5.09,0.758,0.7163529411764705
1,5.1,0.717,0.7151764705882354
1,5.11,0.753,0.7131372549019608
1,5.12,0.76,0.7120980392156863
1,5.13,0.718,0.7108823529411765
1,5.14,0.727,0.7093333333333334
1,5.15,0.718,0.7086666666666668
1,5.16,0.741,0.7076666666666667
1,5.17,0.749,0.7073725490196077
1,5.18,0.664,0.7072156862745098
1,5.19,0.7,0.7065098039215687
1,5.2,0.692,0.7071372549019608
1,5.21,0.768,0.7067058823529412
1,5.22,0.716,0.7063529411764706
1,5.23,0.708,0.7076078431372549
1,5.24,0.65,0.7085294117647059
1,5.25,0.68,0.7091960784313724
1,5.26,0.692,0.7077450980392157
1,5.27,0.698,0.707078431372549
1,5.28,0.73,0.706235294117647
1,5.29,0.71,0.7053529411764705
1,5.3,0.665,0.704
1,5.31,0.691,0.7039411764705883
1,5.32,0.721,0.703843137254902
1,5.33,0.679,0.7037450980392157
1,5.34,0.716,0.7034313725490197
1,5.35,0.715,0.7027254901960784
1,5.36,0.679,0.701921568627451
1,5.37,0.705,0.701
1,5.38,0.692,0.6992745098039217
1,5.39,0.693,0.6987058823529412
1,5.4,0.682,0.697529411764706
1,5.41,0.699,0.6972352941176471
1,5.42,0.721,0.6969019607843138
1,5.43,0.731,0.6958039215686274
1,5.44,0.688,0.6972352941176472
1,5.45,0.71,0.6970392156862745
1,5.46,0.739,0.6970588235294117
1,5.47,0.68,0.6957843137254902
1,5.48,0.731,0.6957843137254902
1,5.49,0.727,0.6951568627450979
1,5.5,0.695,0.695843137254902
1,5.51,0.637,0.6967450980392157
1,5.52,0.654,0.6962941176470588
1,5.53,0.679,0.6967843137254902
1,5.54,0.705,0.6959411764705883
1,5.55,0.67,0.6967450980392157
1,5.56,0.671,0.6992549019607844
1,5.57,0.684,0.7000392156862745
1,5.58,0.689,0.700156862745098
1,5.59,0.678,0.7011176470588236
1,5.6,0.722,0.7013725490196079
1,5.61,0.676,0.7010588235294117
1,5.62,0.706,0.7018823529411765
1,5.63,0.672,0.7023529411764706
1,5.64,0.689,0.7033725490196079
1,5.65,0.667,0.7038235294117646
1,5.66,0.703,0.7044901960784312
1,5.67,0.724,0.704921568627451
1,5.68,0.693,0.7048039215686275
1,5.69,0.737,0.7049019607843138
1,5.7,0.69,0.7058431372549019
1,5.71,0.693,0.7060588235294117
1,5.72,0.703,0.7059411764705882
1,5.73,0.716,0.707156862745098
1,5.74,0.676,0.7077058823529411
1,5.75,0.685,0.7083725490196079
1,5.76,0.726,0.7088235294117646
1,5.77,0.669,0.7101960784313726
1,5.78,0.723,0.711392156862745
1,5.79,0.687,0.7121176470588236
1,5.8,0.751,0.7128823529411764
1,5.81,0.793,0.7141960784313726
1,5.82,0.731,0.715549019607843
1,5.83,0.727,0.7180392156862745
1,5.84,0.728,0.7204313725490196
1,5.85,0.729,0.7219803921568627
1,5.86,0.699,0.7223333333333333
1,5.87,0.721,0.7229607843137253
1,5.88,0.729,0.7239607843137256
1,5.89,0.744,0.726
1,5.9,0.716,0.7281176470588235
1,5.91,0.716,0.7291960784313725
1,5.92,0.721,0.7300000000000001
1,5.93,0.715,0.7306078431372548
1,5.94,0.736,0.7324705882352941
1,5.95,0.736,0.7321764705882352
1,5.96,0.721,0.7324705882352941
1,5.97,0.733,0.7333725490196079
1,5.98,0.742,0.7347450980392157
1,5.99,0.759,0.736078431372549
1,6.0,0.761,0.737764705882353
1,6.01,0.718,0.739313725490196
1,6.02,0.707,0.7395490196078431
1,6.03,0.715,0.7410392156862745
1,6.04,0.716,0.7418627450980392
1,6.05,0.744,0.7434117647058823
1,6.06,0.737,0.7440980392156864
1,6.07,0.74,0.7445882352941176
1,6.08,0.811,0.7452156862745098
1,6.09,0.811,0.7466666666666666
1,6.1,0.757,0.7482549019607841
1,6.11,0.74,0.7483529411764706
1,6.12,0.708,0.7493333333333334
1,6.13,0.757,0.7509411764705882
1,6.14,0.776,0.7511764705882352
1,6.15,0.797,0.7520588235294117
1,6.16,0.722,0.753843137254902
1,6.17,0.744,0.7557058823529412
1,6.18,0.755,0.7558039215686274
1,6.19,0.788,0.7562941176470589
1,6.2,0.722,0.7571176470588236
1,6.21,0.705,0.7574509803921569
1,6.22,0.739,0.7582745098039215
1,6.23,0.773,0.7583333333333333
1,6.24,0.784,0.7580196078431374
1,6.25,0.762,0.7578823529411765
1,6.26,0.764,0.7572156862745099
1,6.27,0.738,0.7571176470588237
1,6.28,0.745,0.7570784313725492
1,6.29,0.765,0.7565294117647059
1,6.3,0.766,0.7562156862745099
1,6.31,0.786,0.7567058823529411
1,6.32,0.818,0.7560392156862746
1,6.33,0.763,0.7559607843137255
1,6.34,0.801,0.7539019607843137
1,6.35,0.809,0.7513725490196078
1,6.36,0.734,0.7500000000000001
1,6.37,0.749,0.7492941176470588
1,6.38,0.803,0.7492745098039216
1,6.39,0.741,0.747470588235294
1,6.4,0.789,0.7460392156862745
1,6.41,0.807,0.7437450980392156
1,6.42,0.811,0.7429215686274511
1,6.43,0.726,0.7414509803921568
1,6.44,0.74,0.7397843137254901
1,6.45,0.778,0.7369803921568627
1,6.46,0.753,0.7356274509803922
1,6.47,0.763,0.7362156862745097
1,6.48,0.736,0.7352745098039216
1,6.49,0.726,0.7334509803921568
1,6.5,0.752,0.7316666666666666
1,6.51,0.727,0.7314705882352941
1,6.52,0.713,0.7289803921568628
1,6.53,0.705,0.7277843137254902
1,6.54,0.687,0.7275294117647059
1,6.55,0.7,0.7265882352941176
1,6.56,0.769,0.7248627450980392
1,6.57,0.703,0.7225098039215686
1,6.58,0.736,0.7209607843137255
1,6.59,0.706,0.72
1,6.6,0.682,0.7188823529411764
1,6.61,0.687,0.7172156862745098
1,6.62,0.704,0.7167450980392157
1,6.63,0.707,0.7156862745098039
1,6.64,0.665,0.7130980392156863
1,6.65,0.703,0.7113137254901961
1,6.66,0.68,0.7095686274509805
1,6.67,0.68,0.7074313725490197
1,6.68,0.669,0.7048823529411764
1,6.69,0.67,0.7035686274509804
1,6.7,0.645,0.7018235294117647
1,6.71,0.653,0.699078431372549
1,6.72,0.735,0.6963725490196079
1,6.73,0.691,0.6952156862745099
1,6.74,0.68,0.6938039215686275
1,6.75,0.693,0.6932156862745098
1,6.76,0.752,0.692078431372549
1,6.77,0.637,0.6915098039215686
1,6.78,0.677,0.6908235294117647
1,6.79,0.732,0.6893333333333334
1,6.8,0.717,0.6894509803921568
1,6.81,0.678,0.6895882352941176
1,6.82,0.666,0.688529411764706
1,6.83,0.739,0.6880784313725491
1,6.84,0.714,0.6859607843137255
1,6.85,0.744,0.6855098039215687
1,6.86,0.724,0.6858039215686275
1,6.87,0.71,0.6858823529411764
1,6.88,0.695,0.686
1,6.89,0.671,0.6857058823529413
1,6.9,0.65,0.6861372549019609
1,6.91,0.7,0.6858823529411764
1,6.92,0.698,0.6864313725490196
1,6.93,0.681,0.6865882352941176
1,6.94,0.659,0.6867843137254901
1,6.95,0.651,0.6873921568627451
1,6.96,0.638,0.6897647058823528
1,6.97,0.615,0.6915490196078431
1,6.98,0.704,0.692078431372549
1,6.99,0.664,0.6929803921568627
1,7.0,0.696,0.6952745098039215
1,7.01,0.694,0.6958235294117647
1,7.02,0.698,0.6957647058823528
1,7.03,0.678,0.6970196078431371
1,7.04,0.629,0.6979019607843137
1,7.05,0.693,0.6979607843137254
1,7.06,0.707,0.6991960784313725
1,7.07,0.715,0.6999019607843138
1,7.08,0.68,0.7005686274509804
1,7.09,0.628,0.6993137254901961
1,7.1,0.683,0.6982941176470588
1,7.11,0.697,0.6969803921568629
1,7.12,0.691,0.6952156862745097
1,7.13,0.71,0.6944901960784313
1,7.14,0.692,0.6943725490196078
1,7.15,0.687,0.6952549019607843
1,7.16,0.69,0.6961176470588236
1,7.17,0.708,0.6967647058823528
1,7.18,0.688,0.6979803921568626
1,7.19,0.679,0.6995882352941177
1,7.2,0.701,0.7010392156862745
1,7.21,0.766,0.7026470588235293
1,7.22,0.744,0.7047254901960784
1,7.23,0.762,0.7076078431372548
1,7.24,0.737,0.7087254901960783
1,7.25,0.797,0.7108039215686276
1,7.26,0.721,0.7125686274509803
1,7.27,0.749,0.7142745098039217
1,7.28,0.701,0.715529411764706
1,7.29,0.722,0.7170588235294117
1,7.3,0.735,0.7204313725490196
1,7.31,0.78,0.7222745098039215
1,7.32,0.714,0.7235098039215686
1,7.33,0.7,0.7245882352941176
1,7.34,0.675,0.7266862745098039
1,7.35,0.662,0.729921568627451
1,7.36,0.677,0.7322549019607842
1,7.37,0.634,0.7344313725490197
1,7.38,0.673,0.7366470588235294
1,7.39,0.689,0.7377058823529411
1,7.4,0.716,0.7400980392156862
1,7.41,0.694,0.7419411764705882
1,7.42,0.733,0.7439215686274511
1,7.43,0.76,0.7462156862745097
1,7.44,0.763,0.7478235294117648
1,7.45,0.733,0.7495686274509804
1,7.46,0.733,0.7506274509803921
1,7.47,0.744,0.7499411764705882
1,7.48,0.762,0.7499607843137256
1,7.49,0.761,0.7496666666666667
1,7.5,0.77,0.7500392156862745
1,7.51,0.786,0.7494705882352942
1,7.52,0.781,0.7497647058823529
1,7.53,0.762,0.7503725490196079
1,7.54,0.756,0.7515098039215687
1,7.55,0.801,0.7535686274509804
1,7.56,0.787,0.7549803921568629
1,7.57,0.77,0.7550980392156862
1,7.58,0.77,0.7569019607843138
1,7.59,0.787,0.7587058823529412
1,7.6,0.793,0.7613137254901962
1,7.61,0.802,0.7643137254901962
1,7.62,0.808,0.7666470588235293
1,7.63,0.804,0.7698431372549019
1,7.64,0.764,0.7722549019607844
1,7.65,0.814,0.7744117647058825
1,7.66,0.781,0.7755882352941177
1,7.67,0.791,0.776235294117647
1,7.68,0.825,0.7760196078431372
1,7.69,0.77,0.7747450980392157
1,7.7,0.768,0.7738627450980392
1,7.71,0.755,0.7745098039215687
1,7.72,0.731,0.7743529411764706
1,7.73,0.745,0.7733921568627451
1,7.74,0.747,0.772764705882353
1,7.75,0.756,0.7721568627450981
1,7.76,0.768,0.7723529411764706
1,7.77,0.736,0.7721372549019608
1,7.78,0.78,0.7726274509803921
1,7.79,0.759,0.7737058823529411
1,7.8,0.827,0.7741176470588235
1,7.81,0.807,0.7731764705882354
1,7.82,0.786,0.771607843137255
1,7.83,0.806,0.7695686274509803
1,7.84,0.792,0.7689215686274509
1,7.85,0.808,0.7678235294117647
1,7.86,0.815,0.7673921568627451
1,7.87,0.796,0.7645294117647059
1,7.88,0.797,0.7620588235294118
1,7.89,0.796,0.7587058823529411
1,7.9,0.799,0.7560588235294119
1,7.91,0.776,0.753
1,7.92,0.727,0.7503529411764706
1,7.93,0.722,0.7485490196078431
1,7.94,0.695,0.7446666666666667
1,7.95,0.718,0.7428627450980393
1,7.96,0.766,0.7431764705882353
1,7.97,0.725,0.743607843137255
1,7.98,0.695,0.7438431372549019
1,7.99,0.73,0.7439607843137255
1,8.0,0.73,0.7455882352941177
1,8.01,0.78,0.7476666666666667
1,8.02,0.775,0.7500392156862744
1,8.03,0.806,0.7506078431372549
1,8.04,0.817,0.7513725490196078
1,8.05,0.777,0.7529411764705882
1,8.06,0.753,0.7540588235294118
1,8.07,0.707,0.7544313725490196
1,8.08,0.666,0.7560000000000001
1,8.09,0.737,0.7566666666666666
1,8.1,0.731,0.755235294117647
1,8.11,0.771,0.7536666666666666
1,8.12,0.656,0.7521372549019608
1,8.13,0.682,0.7521960784313726
1,8.14,0.633,0.7523725490196077
1,8.15,0.629,0.7530784313725489
1,8.16,0.658,0.7542156862745097
1,8.17,0.646,0.7581960784313725
1,8.18,0.699,0.7633725490196077
1,8.19,0.627,0.7669215686274511
1,8.2,0.678,0.7706274509803922
1,8.21,0.784,0.7735294117647059
1,8.22,0.777,0.7759019607843137
1,8.23,0.743,0.7788235294117647
1,8.24,0.751,0.7816666666666667
1,8.25,0.83,0.7841176470588236
1,8.26,0.862,0.7871176470588236
1,8.27,0.889,0.7894117647058824
1,8.28,0.765,0.7912549019607843
1,8.29,0.819,0.7947843137254902
1,8.3,0.839,0.7960392156862744
1,8.31,0.884,0.7990392156862745
1,8.32,0.826,0.8032745098039216
1,8.33,0.866,0.8090392156862745
1,8.34,0.84,0.8147058823529413
1,8.35,0.719,0.8184117647058823
1,8.36,0.728,0.822156862745098
1,8.37,0.737,0.8240980392156863
1,8.38,0.799,0.8287843137254902
1,8.39,0.806,0.8298235294117646
1,8.4,0.832,0.8333529411764706
1,8.41,0.857,0.8382156862745097
1,8.42,0.979,0.8417058823529412
1,8.43,0.991,0.8452549019607843
1,8.44,0.903,0.8489411764705882
1,8.45,0.884,0.8551960784313726
1,8.46,0.866,0.8622941176470588
1,8.47,0.887,0.864078431372549
1,8.48,0.874,0.8658431372549018
1,8.49,0.84,0.8695882352941178
1,8.5,0.855,0.8720196078431373
1,8.51,0.883,0.8738235294117647
1,8.52,0.897,0.8744313725490196
1,8.53,0.869,0.8762156862745097
1,8.54,0.986,0.8782156862745099
1,8.55,0.881,0.8798431372549019
1,8.56,0.93,0.883
1,8.57,0.969,0.8842745098039215
1,8.58,1.001,0.8871960784313725
1,8.59,0.955,0.889313725490196
1,8.6,0.926,0.8919607843137255
1,8.61,0.922,0.8968431372549021
1,8.62,0.87,0.9018039215686274
1,8.63,0.895,0.9067058823529411
1,8.64,0.735,0.9097058823529411
1,8.65,0.813,0.9135686274509803
1,8.66,0.877,0.9174117647058823
1,8.67,0.836,0.9192745098039217
1,8.68,0.827,0.9184901960784314
1,8.69,0.887,0.9170784313725491
1,8.7,0.946,0.9178431372549019
1,8.71,1.04,0.9201764705882354
1,8.72,0.875,0.9220392156862743
1,8.73,0.867,0.9227254901960785
1,8.74,0.934,0.9237843137254902
1,8.75,0.875,0.9270196078431372
1,8.76,0.922,0.9297450980392157
1,8.77,0.893,0.9312941176470587
1,8.78,0.98,0.9324901960784313
1,8.79,0.867,0.9354117647058823
1,8.8,0.902,0.9344509803921569
1,8.81,1.0,0.9352156862745098
1,8.82,0.949,0.9341764705882353
1,8.83,0.975,0.9353725490196079
1,8.84,0.974,0.9337450980392157
1,8.85,0.975,0.9321176470588235
1,8.86,0.968,0.9307058823529412
1,8.87,0.981,0.9299607843137254
1,8.88,0.987,0.9307254901960784
1,8.89,0.952,0.9317843137254902
1,8.9,1.003,0.9346862745098039
1,8.91,1.028,0.9354313725490195
1,8.92,0.952,0.936235294117647
1,8.93,0.939,0.9386470588235295
1,8.94,0.919,0.9412156862745097
1,8.95,0.942,0.9419803921568627
1,8.96,1.003,0.941529411764706
1,8.97,0.961,0.9382156862745097
1,8.98,0.922,0.9393137254901961
1,8.99,0.928,0.9422156862745099
1,9.0,1.005,0.9408039215686274
1,9.01,0.994,0.9403333333333334
1,9.02,0.962,0.9404901960784314
1,9.03,0.958,0.9398823529411764
1,9.04,1.018,0.9372549019607842
1,9.05,0.937,0.9368627450980392
1,9.06,0.92,0.9375294117647058
1,9.07,0.877,0.9350980392156862
1,9.08,1.03,0.933470588235294
1,9.09,0.918,0.9313333333333332
1,9.1,0.872,0.9288627450980392
1,9.11,0.854,0.9252549019607844
1,9.12,0.884,0.9232549019607843
1,9.13,0.909,0.9227254901960785
1,9.14,0.949,0.9209411764705883
1,9.15,0.883,0.9204117647058824
1,9.16,0.851,0.9186666666666667
1,9.17,0.918,0.9171568627450981
1,9.18,0.959,0.9173921568627451
1,9.19,0.958,0.9176078431372549
1,9.2,0.926,0.9181960784313726
1,9.21,0.923,0.918156862745098
1,9.22,0.871,0.9169607843137255
1,9.23,0.931,0.9159607843137255
1,9.24,1.015,0.9146666666666666
1,9.25,0.862,0.9140392156862746
1,9.26,0.851,0.9097843137254902
1,9.27,0.93,0.9064117647058823
1,9.28,0.862,0.9037843137254903
1,9.29,0.846,0.9015294117647059
1,9.3,0.847,0.8984117647058824
1,9.31,0.936,0.8955294117647058
1,9.32,0.876,0.8928823529411766
1,9.33,0.866,0.8899411764705882
1,9.34,0.866,0.884235294117647
1,9.35,0.848,0.8819803921568627
1,9.36,0.791,0.8788823529411764
1,9.37,0.866,0.8765294117647059
1,9.38,0.954,0.8740392156862745
1,9.39,0.896,0.8730392156862746
1,9.4,0.925,0.8703529411764706
1,9.41,0.914,0.8688823529411766
1,9.42,0.951,0.8692745098039216
1,9.43,0.964,0.8682941176470589
1,9.44,0.95,0.8657450980392156
1,9.45,0.949,0.8616274509803923
1,9.46,0.94,0.8582549019607844
1,9.47,0.942,0.8534509803921568
1,9.48,0.91,0.8499803921568628
1,9.49,0.856,0.8464705882352942
1,9.5,0.896,0.8419019607843137
1,9.51,0.788,0.8392549019607843
1,9.52,0.822,0.8370196078431371
1,9.53,0.828,0.8330980392156863
1,9.54,0.843,0.8312745098039216
1,9.55,0.859,0.8291372549019608
1,9.56,0.79,0.8274117647058824
1,9.57,0.785,0.8249607843137255
1,9.58,0.727,0.8252745098039216
1,9.59,0.739,0.8270588235294117
1,9.6,0.803,0.8290980392156863
1,9.61,0.714,0.8302352941176471
1,9.62,0.734,0.8321176470588234
1,9.63,0.757,0.8321960784313726
1,9.64,0.858,0.8299803921568626
1,9.65,0.812,0.8284313725490194
1,9.66,0.808,0.8263921568627451
1,9.67,0.871,0.825156862745098
1,9.68,0.868,0.8257254901960783
1,9.69,0.829,0.8264509803921569
1,9.7,0.748,0.8268039215686275
1,9.71,0.754,0.8264509803921569
1,9.72,0.678,0.8271960784313726
1,9.73,0.694,0.8268823529411765
1,9.74,0.752,0.8272156862745098
1,9.75,0.782,0.8284705882352942
1,9.76,0.727,0.8297647058823528
1,9.77,0.737,0.8338039215686274
1,9.78,0.73,0.8361960784313726
1,9.79,0.769,0.8399411764705882
1,9.8,0.737,0.842686274509804
1,9.81,0.759,0.8437647058823529
1,9.82,0.811,0.8477450980392157
1,9.83,0.892,0.8509607843137253
1,9.84,0.957,0.854843137254902
1,9.85,0.97,0.8588039215686274
1,9.86,0.906,0.8610196078431372
1,9.87,0.887,0.8654705882352942
1,9.88,0.87,0.8696274509803922
1,9.89,0.841,0.8732745098039215
1,9.9,0.817,0.8746274509803922
1,9.91,0.821,0.8801960784313726
1,9.92,0.851,0.8854117647058823
1,9.93,0.98,0.8878627450980392
1,9.94,1.001,0.8897058823529411
1,9.95,0.968,0.8924901960784314
1,9.96,0.931,0.8962941176470588
1,9.97,0.978,0.9006862745098039
1,9.98,0.926,0.9069019607843137
1,9.99,0.927,0.910921568627451
1,10.0,0.92,0.9136274509803921
1,10.01,0.962,0.9175294117647058
1,10.02,0.994,0.9221176470588236
1,10.03,0.944,0.9246666666666666
1,10.04,1.019,0.9264313725490195
1,10.05,0.983,0.9296274509803922
1,10.06,0.914,0.9332941176470588
1,10.07,0.993,0.9344313725490195
1,10.08,0.949,0.935921568627451
1,10.09,0.925,0.935156862745098
1,10.1,0.941,0.9329607843137255
1,10.11,0.916,0.9316274509803921
1,10.12,0.941,0.9319411764705883
1,10.13,0.946,0.9313529411764706
1,10.14,0.943,0.9314901960784314
1,10.15,0.927,0.9332745098039216
1,10.16,1.096,0.9351372549019608
1,10.17,1.074,0.9361176470588235
1,10.18,0.996,0.935843137254902
1,10.19,0.962,0.9313333333333335
1,10.2,0.971,0.9253921568627451
1,10.21,0.942,0.919843137254902
1,10.22,0.978,0.9151372549019607
1,10.23,0.995,0.9110588235294117
1,10.24,0.899,0.9084901960784313
1,10.25,0.89,0.9069999999999999
1,10.26,0.981,0.905
1,10.27,0.961,0.901764705882353
1,10.28,0.867,0.9003137254901962
1,10.29,0.82,0.8998431372549021
1,10.3,0.932,0.8986470588235295
1,10.31,0.924,0.8983137254901961
1,10.32,0.817,0.9011568627450981
1,10.33,0.887,0.9027058823529412
1,10.34,0.853,0.9033529411764707
1,10.35,0.845,0.9070392156862745
1,10.36,0.902,0.9079803921568628
1,10.37,0.922,0.9111764705882353
1,10.38,0.857,0.9137058823529411
1,10.39,0.877,0.9175686274509803
1,10.4,0.932,0.9213137254901961
1,10.41,0.912,0.9241568627450981
1,10.42,0.871,0.9237647058823528
1,10.43,0.837,0.9252156862745098
1,10.44,0.75,0.9264901960784313
1,10.45,0.698,0.9269607843137254
1,10.46,0.685,0.9267647058823529
1,10.47,0.691,0.9253921568627451
1,10.48,0.77,0.9244901960784314
1,10.49,0.795,0.921235294117647
1,10.5,0.851,0.9188235294117647
1,10.51,0.818,0.9182941176470588
1,10.52,0.797,0.9133529411764707
1,10.53,0.92,0.9099999999999999
1,10.54,0.92,0.9082745098039217
1,10.55,0.958,0.9059607843137255
1,10.56,0.966,0.9011764705882351
1,10.57,1.059,0.895921568627451
1,10.58,1.072,0.8928039215686273
1,10.59,0.982,0.8877450980392156
1,10.6,1.113,0.8837254901960785
1,10.61,0.989,0.8797254901960784
1,10.62,1.079,0.8753921568627452
1,10.63,1.07,0.8710980392156863
1,10.64,1.143,0.8673529411764705
1,10.65,1.134,0.8626078431372548
1,10.66,1.072,0.8566274509803922
1,10.67,1.076,0.8508039215686276
1,10.68,1.148,0.8468823529411765
1,10.69,1.061,0.844235294117647
1,10.7,0.986,0.8433137254901961
1,10.71,0.961,0.842470588235294
1,10.72,0.872,0.8415294117647059
1,10.73,0.932,0.8421568627450979
1,10.74,0.829,0.8402352941176471
1,10.75,0.776,0.8371764705882353
1,10.76,0.863,0.8348823529411765
1,10.77,0.729,0.8325098039215686
1,10.78,0.79,0.8317450980392156
1,10.79,0.779,0.8279607843137254
1,10.8,0.702,0.823627450980392
1,10.81,0.688,0.8184509803921568
1,10.82,0.656,0.8129019607843136
1,10.83,0.658,0.8048235294117647
1,10.84,0.629,0.7965686274509803
1,10.85,0.648,0.7902549019607843
1,10.86,0.641,0.7810196078431373
1,10.87,0.681,0.7744117647058825
1,10.88,0.703,0.7664313725490196
1,10.89,0.666,0.7584117647058823
1,10.9,0.635,0.7493921568627451
1,10.91,0.627,0.740078431372549
1,10.92,0.615,0.7314509803921567
1,10.93,0.671,0.7228039215686276
1,10.94,0.702,0.7130196078431372
1,10.95,0.703,0.704235294117647
1,10.96,0.655,0.6963137254901961
1,10.97,0.637,0.6889803921568627
1,10.98,0.723,0.6848235294117646
1,10.99,0.672,0.6794509803921569
1,11.0,0.639,0.6764705882352942
1,11.01,0.734,0.6744509803921568
1,11.02,0.697,0.6707450980392157
1,11.03,0.758,0.6691960784313725
1,11.04,0.727,0.6670196078431373
1,11.05,0.699,0.6641372549019607
1,11.06,0.694,0.6629411764705883
1,11.07,0.683,0.6626666666666668
1,11.08,0.647,0.6640980392156862
1,11.09,0.651,0.6644313725490196
1,11.1,0.66,0.6665686274509803
1,11.11,0.642,0.6683921568627451
1,11.12,0.652,0.670078431372549
1,11.13,0.672,0.6721176470588235
1,11.14,0.661,0.6740392156862745
1,11.15,0.683,0.6757058823529412
1,11.16,0.659,0.679156862745098
1,11.17,0.632,0.6822941176470587
1,11.18,0.635,0.6863725490196078
1,11.19,0.649,0.6880392156862745
1,11.2,0.613,0.6886666666666666
1,11.21,0.582,0.6888823529411764
1,11.22,0.587,0.6908039215686275
1,11.23,0.66,0.692686274509804
1,11.24,0.658,0.6943529411764707
1,11.25,0.677,0.7004117647058823
1,11.26,0.673,0.7058627450980393
1,11.27,0.674,0.7092549019607844
1,11.28,0.65,0.7147843137254902
1,11.29,0.679,0.7217843137254903
1,11.3,0.632,0.7274901960784314
1,11.31,0.641,0.7321764705882353
1,11.32,0.674,0.7384117647058823
1,11.33,0.729,0.7453333333333333
1,11.34,0.675,0.7522549019607844
1,11.35,0.738,0.7581764705882352
1,11.36,0.741,0.7636666666666667
1,11.37,0.727,0.769313725490196
1,11.38,0.785,0.7754117647058824
1,11.39,0.801,0.7813137254901961
1,11.4,0.751,0.7874705882352941
1,11.41,0.811,0.7912941176470588
1,11.42,0.787,0.797078431372549
1,11.43,0.823,0.8047254901960785
1,11.44,0.756,0.8121176470588235
1,11.45,0.734,0.8160980392156864
1,11.46,0.714,0.8202549019607844
1,11.47,0.753,0.8258627450980393
1,11.48,0.733,0.8292549019607843
1,11.49,0.808,0.831686274509804
1,11.5,0.981,0.8328627450980391
1,11.51,0.917,0.8336470588235295
1,11.52,0.907,0.835
1,11.53,0.979,0.8370588235294117
1,11.54,1.115,0.8389019607843137
1,11.55,1.018,0.8396862745098039
1,11.56,0.938,0.8425294117647059
1,11.57,1.012,0.8442941176470588
1,11.58,1.036,0.8451764705882353
1,11.59,1.0,0.846
1,11.6,0.953,0.8483333333333334
1,11.61,0.94,0.8484313725490197
1,11.62,0.93,0.8487058823529412
1,11.63,0.963,0.8491372549019607
1,11.64,0.973,0.848156862745098
1,11.65,0.975,0.8468235294117648
1,11.66,0.878,0.8466470588235294
1,11.67,0.954,0.845
1,11.68,1.022,0.8442352941176472
1,11.69,1.012,0.8421372549019609
1,11.7,0.852,0.8408235294117649
1,11.71,0.825,0.8405490196078432
1,11.72,0.868,0.8413137254901961
1,11.73,0.76,0.8418039215686275
1,11.74,0.784,0.8429411764705881
1,11.75,0.718,0.8427254901960785
1,11.76,0.717,0.8395686274509805
1,11.77,0.742,0.8383725490196078
1,11.78,0.779,0.8354117647058823
1,11.79,0.744,0.830764705882353
1,11.8,0.719,0.8234901960784313
1,11.81,0.777,0.8174509803921569
1,11.82,0.731,0.8147254901960784
1,11.83,0.719,0.8107254901960784
1,11.84,0.771,0.8057058823529412
1,11.85,0.794,0.8001764705882353
1,11.86,0.743,0.7965882352941177
1,11.87,0.755,0.7936078431372549
1,11.88,0.749,0.7889411764705881
1,11.89,0.735,0.7853725490196077
1,11.9,0.733,0.7805490196078432
1,11.91,0.742,0.776156862745098
1,11.92,0.727,0.7729803921568627
1,11.93,0.748,0.7687058823529412
1,11.94,0.716,0.7635882352941176
1,11.95,0.689,0.7584313725490196
1,11.96,0.72,0.7561372549019608
1,11.97,0.753,0.7543333333333333
1,11.98,0.778,0.751450980392157
1,11.99,0.791,0.751235294117647
1,12.0,0.797,0.7498039215686275
1,12.01,0.82,0.751
1,12.02,0.856,0.7509411764705881
1,12.03,0.756,0.7501960784313725
1,12.04,0.742,0.7485098039215686
1,12.05,0.744,0.7474313725490196
1,12.06,0.71,0.7481176470588236
1,12.07,0.799,0.747078431372549
1,12.08,0.808,0.7475490196078431
1,12.09,0.78,0.7486078431372548
1,12.1,0.718,0.7489019607843136
1,12.11,0.77,0.7489411764705882
1,12.12,0.788,0.7492549019607843
1,12.13,0.692,0.7512549019607843
1,12.14,0.781,0.7524509803921569
1,12.15,0.727,0.7535294117647059
1,12.16,0.751,0.7539999999999999
1,12.17,0.716,0.7533529411764706
1,12.18,0.736,0.7537450980392157
1,12.19,0.761,0.7536274509803921
1,12.2,0.749,0.7543333333333333
1,12.21,0.735,0.7549607843137255
1,12.22,0.733,0.7553529411764706
1,12.23,0.721,0.7556862745098039
1,12.24,0.749,0.7565294117647059
1,12.25,0.711,0.7572156862745099
1,12.26,0.779,0.757313725490196
1,12.27,0.714,0.7558039215686274
1,12.28,0.704,0.753607843137255
1,12.29,0.693,0.7543921568627452
1,12.3,0.689,0.7546862745098039
1,12.31,0.754,0.7549803921568627
1,12.32,0.724,0.7557254901960785
1,12.33,0.755,0.7565686274509804
1,12.34,0.773,0.7568627450980392
1,12.35,0.786,0.7574901960784314
1,12.36,0.796,0.7596274509803922
1,12.37,0.759,0.760235294117647
1,12.38,0.857,0.762313725490196
1,12.39,0.81,0.7653529411764706
1,12.4,0.79,0.7664705882352942
1,12.41,0.757,0.7672549019607843
1,12.42,0.709,0.7681960784313725
1,12.43,0.747,0.7700392156862744
1,12.44,0.742,0.7714509803921569
1,12.45,0.752,0.7726470588235295
1,12.46,0.721,0.7746274509803922
1,12.47,0.74,0.776156862745098
1,12.48,0.77,0.7777254901960785
1,12.49,0.821,0.780392156862745
1,12.5,0.826,0.7814117647058825
1,12.51,0.802,0.783392156862745
1,12.52,0.743,0.784
1,12.53,0.744,0.7865098039215687
1,12.54,0.796,0.7890784313725491
1,12.55,0.757,0.7913333333333334
1,12.56,0.759,0.7935686274509804
1,12.57,0.748,0.7941960784313725
1,12.58,0.842,0.7949411764705883
1,12.59,0.823,0.7943529411764706
1,12.6,0.812,0.7941568627450981
1,12.61,0.827,0.7937450980392157
1,12.62,0.801,0.7923333333333333
1,12.63,0.894,0.7913333333333334
1,12.64,0.847,0.7883921568627452
1,12.65,0.838,0.7877843137254902
1,12.66,0.767,0.7874313725490196
1,12.67,0.799,0.7879215686274511
1,12.68,0.81,0.7897254901960785
1,12.69,0.808,0.7900980392156863
1,12.7,0.822,0.7914901960784314
1,12.71,0.85,0.7918627450980392
1,12.72,0.813,0.7918627450980392
1,12.73,0.813,0.7911764705882354
1,12.74,0.857,0.789156862745098
1,12.75,0.801,0.7878039215686274
1,12.76,0.812,0.7852156862745098
1,12.77,0.81,0.782235294117647
1,12.78,0.842,0.7817843137254901
1,12.79,0.835,0.7817647058823529
1,12.8,0.808,0.780764705882353
1,12.81,0.803,0.7802941176470588
1,12.82,0.786,0.7795882352941177
1,12.83,0.762,0.7808823529411764
1,12.84,0.725,0.7782549019607842
1,12.85,0.763,0.7765686274509803
1,12.86,0.765,0.7739803921568628
1,12.87,0.724,0.772235294117647
1,12.88,0.708,0.7708823529411765
1,12.89,0.707,0.7679411764705882
1,12.9,0.779,0.7648823529411765
1,12.91,0.772,0.7631960784313726
1,12.92,0.782,0.7627058823529412
1,12.93,0.801,0.7603333333333333
1,12.94,0.766,0.758313725490196
1,12.95,0.813,0.7563725490196079
1,12.96,0.771,0.7559019607843137
1,12.97,0.721,0.7539215686274509
1,12.98,0.705,0.752764705882353
1,12.99,0.667,0.7511960784313726
1,13.0,0.752,0.7489803921568627
1,13.01,0.694,0.7469803921568626
1,13.02,0.65,0.7448235294117647
1,13.03,0.72,0.743
1,13.04,0.743,0.7409019607843138
1,13.05,0.745,0.7397843137254901
1,13.06,0.733,0.7396862745098038
1,13.07,0.723,0.7381176470588235
1,13.08,0.814,0.736764705882353
1,13.09,0.708,0.7362941176470589
1,13.1,0.737,0.7365490196078431
1,13.11,0.68,0.7363333333333333
1,13.12,0.738,0.7357843137254901
1,13.13,0.732,0.7357058823529412
1,13.14,0.744,0.7353529411764705
1,13.15,0.691,0.7329803921568627
1,13.16,0.752,0.7304117647058823
1,13.17,0.742,0.7269411764705883
1,13.18,0.678,0.7231960784313725
1,13.19,0.707,0.7192745098039214
1,13.2,0.709,0.7169215686274509
1,13.21,0.798,0.7134117647058824
1,13.22,0.749,0.7094509803921569
1,13.23,0.754,0.7081960784313724
1,13.24,0.733,0.7071764705882353
1,13.25,0.744,0.7068039215686274
1,13.26,0.699,0.704843137254902
1,13.27,0.702,0.7047058823529412
1,13.28,0.717,0.7052156862745098
1,13.29,0.735,0.7061176470588235
1,13.3,0.778,0.7057254901960786
1,13.31,0.803,0.7048039215686274
1,13.32,0.723,0.7046274509803921
1,13.33,0.717,0.7035686274509804
1,13.34,0.738,0.7005098039215686
1,13.35,0.738,0.7000980392156864
1,13.36,0.752,0.6987254901960784
1,13.37,0.737,0.6980784313725491
1,13.38,0.72,0.6966274509803921
1,13.39,0.69,0.6964117647058824
1,13.4,0.586,0.6964705882352942
1,13.41,0.648,0.697
1,13.42,0.595,0.6951568627450979
1,13.43,0.591,0.6933725490196079
1,13.44,0.601,0.692764705882353
1,13.45,0.646,0.6915098039215687
1,13.46,0.634,0.6905882352941176
1,13.47,0.569,0.6880196078431372
1,13.48,0.657,0.6871372549019609
1,13.49,0.653,0.6860196078431372
1,13.5,0.648,0.6851960784313725
1,13.51,0.652,0.6844705882352942
1,13.52,0.687,0.6845098039215687
1,13.53,0.676,0.684
1,13.54,0.766,0.6826274509803921
1,13.55,0.723,0.681705882352941
1,13.56,0.698,0.6789803921568628
1,13.57,0.724,0.6761372549019609
1,13.58,0.669,0.6746470588235295
1,13.59,0.658,0.6743529411764705
1,13.6,0.687,0.6731372549019607
1,13.61,0.667,0.6719803921568628
1,13.62,0.647,0.6699411764705883
1,13.63,0.664,0.6683725490196079
1,13.64,0.721,0.667
1,13.65,0.747,0.6659999999999999
1,13.66,0.718,0.6664901960784314
1,13.67,0.658,0.6655294117647059
1,13.68,0.651,0.6659411764705881
1,13.69,0.647,0.6672352941176471
1,13.7,0.643,0.667764705882353
1,13.71,0.662,0.6687254901960785
1,13.72,0.667,0.669235294117647
1,13.73,0.704,0.6694901960784313
1,13.74,0.697,0.6693921568627451
1,13.75,0.691,0.6697254901960784
1,13.76,0.707,0.6685490196078432
1,13.77,0.701,0.6684901960784314
1,13.78,0.676,0.6676470588235295
1,13.79,0.647,0.6669411764705883
1,13.8,0.688,0.6648627450980392
1,13.81,0.639,0.6638823529411764
1,13.82,0.658,0.6626274509803922
1,13.83,0.647,0.6605098039215687
1,13.84,0.702,0.659450980392157
1,13.85,0.676,0.6605686274509804
1,13.86,0.679,0.6617450980392156
1,13.87,0.648,0.6630784313725491
1,13.88,0.657,0.6643529411764706
1,13.89,0.65,0.664
1,13.9,0.639,0.663
1,13.91,0.611,0.6611176470588235
1,13.92,0.599,0.6597450980392158
1,13.93,0.616,0.6593333333333334
1,13.94,0.657,0.6599803921568628
1,13.95,0.628,0.6603529411764706
1,13.96,0.695,0.6608235294117647
1,13.97,0.66,0.6599803921568628
1,13.98,0.582,0.659843137254902
1,13.99,0.652,0.6590392156862744
1,14.0,0.67,0.6583333333333334
1,14.01,0.588,0.6587843137254902
1,14.02,0.649,0.6583529411764706
1,14.03,0.644,0.6574313725490195
1,14.04,0.64,0.6574117647058825
1,14.05,0.66,0.6579411764705883
1,14.06,0.673,0.6585686274509804
1,14.07,0.634,0.6595098039215685
1,14.08,0.616,0.6596862745098039
1,14.09,0.615,0.6605294117647058
1,14.1,0.715,0.6602941176470589
1,14.11,0.747,0.6605294117647058
1,14.12,0.735,0.6607058823529411
1,14.13,0.712,0.661686274509804
1,14.14,0.646,0.6627450980392157
1,14.15,0.67,0.6635294117647058
1,14.16,0.651,0.664627450980392
1,14.17,0.648,0.6664901960784314
1,14.18,0.637,0.6684901960784314
1,14.19,0.684,0.6707254901960784
1,14.2,0.666,0.6719019607843136
1,14.21,0.667,0.6737647058823529
1,14.22,0.619,0.6739607843137255
1,14.23,0.66,0.6741176470588236
1,14.24,0.663,0.6756274509803921
1,14.25,0.661,0.6763921568627451
1,14.26,0.714,0.6769215686274509
1,14.27,0.685,0.6783333333333333
1,14.28,0.654,0.6787254901960783
1,14.29,0.675,0.6794117647058823
1,14.3,0.674,0.6801372549019608
1,14.31,0.72,0.681078431372549
1,14.32,0.687,0.681235294117647
1,14.33,0.667,0.6820980392156862
1,14.34,0.69,0.6840588235294117
1,14.35,0.69,0.6853137254901961
1,14.36,0.688,0.6845294117647059
1,14.37,0.688,0.6834313725490196
1,14.38,0.698,0.6823529411764707
1,14.39,0.711,0.681235294117647
1,14.4,0.69,0.6813529411764705
1,14.41,0.695,0.6829019607843136
1,14.42,0.706,0.6839019607843136
1,14.43,0.701,0.6855686274509804
1,14.44,0.73,0.687392156862745
1,14.45,0.717,0.6880588235294118
1,14.46,0.723,0.689294117647059
1,14.47,0.705,0.6901764705882353
1,14.48,0.668,0.6926274509803921
1,14.49,0.659,0.6939019607843137
1,14.5,0.691,0.695078431372549
1,14.51,0.697,0.695392156862745
1,14.52,0.66,0.6947254901960784
1,14.53,0.669,0.6944117647058823
1,14.54,0.679,0.6951764705882353
1,14.55,0.677,0.6957058823529411
1,14.56,0.708,0.6953725490196078
1,14.57,0.681,0.6946666666666667
1,14.58,0.678,0.6947254901960785
1,14.59,0.716,0.6954313725490195
1,14.6,0.679,0.6944901960784314
1,14.61,0.675,0.6942745098039215
1,14.62,0.691,0.6939803921568628
1,14.63,0.68,0.6936862745098039
1,14.64,0.655,0.694
1,14.65,0.652,0.6931764705882354
1,14.66,0.749,0.6926274509803922
1,14.67,0.702,0.6923529411764706
1,14.68,0.733,0.6922352941176471
1,14.69,0.73,0.6917058823529412
1,14.7,0.718,0.6907254901960785
1,14.71,0.729,0.690529411764706
1,14.72,0.712,0.6899803921568628
1,14.73,0.744,0.6898039215686275
1,14.74,0.725,0.6900196078431373
1,14.75,0.723,0.6901176470588235
1,14.76,0.677,0.6895098039215686
1,14.77,0.68,0.688843137254902
1,14.78,0.669,0.6890980392156862
1,14.79,0.693,0.6886078431372549
1,14.8,0.702,0.6883333333333335
1,14.81,0.657,0.6878627450980392
1,14.82,0.684,0.6864509803921569
1,14.83,0.69,0.6853529411764705
1,14.84,0.703,0.6855294117647059
1,14.85,0.642,0.6843333333333333
1,14.86,0.679,0.684078431372549
1,14.87,0.673,0.6829411764705882
1,14.88,0.673,0.6820196078431373
1,14.89,0.714,0.6820980392156862
1,14.9,0.669,0.6820784313725489
1,14.91,0.662,0.6820980392156863
1,14.92,0.681,0.6800784313725491
1,14.93,0.7,0.6784117647058824
1,14.94,0.674,0.677078431372549
1,14.95,0.68,0.6756666666666667
1,14.96,0.707,0.6747450980392157
1,14.97,0.695,0.6730196078431372
1,14.98,0.696,0.6717843137254903
1,14.99,0.679,0.6713333333333334
1,15.0,0.664,0.6703725490196079
1,15.01,0.66,0.6689607843137256
1,15.02,0.663,0.6690392156862746
1,15.03,0.673,0.6690392156862746
1,15.04,0.644,0.6684313725490196
1,15.05,0.665,0.6679019607843137
1,15.06,0.653,0.6675294117647059
1,15.07,0.636,0.6674117647058825
1,15.08,0.625,0.6664901960784314
1,15.09,0.687,0.6660196078431372
1,15.1,0.655,0.6666470588235295
1,15.11,0.666,0.6674117647058823
1,15.12,0.617,0.6663333333333334
1,15.13,0.644,0.6666078431372549
1,15.14,0.684,0.6666274509803921
1,15.15,0.654,0.6662745098039217
1,15.16,0.653,0.6661764705882354
1,15.17,0.646,0.666078431372549
1,15.18,0.617,0.6652156862745099
1,15.19,0.665,0.6652745098039216
1,15.2,0.658,0.6647450980392157
1,15.21,0.671,0.6636274509803921
1,15.22,0.641,0.6624705882352941
1,15.23,0.649,0.6615490196078431
1,15.24,0.721,0.6603137254901961
1,15.25,0.676,0.6592941176470587
1,15.26,0.651,0.6587450980392158
1,15.27,0.681,0.6581568627450981
1,15.28,0.68,0.6577058823529413
1,15.29,0.638,0.656156862745098
1,15.3,0.666,0.6552549019607844
1,15.31,0.683,0.6543725490196078
1,15.32,0.651,0.6537647058823529
1,15.33,0.637,0.6530588235294118
1,15.34,0.666,0.6542941176470588
1,15.35,0.735,0.6528039215686274
1,15.36,0.681,0.6535882352941176
1,15.37,0.624,0.6530784313725491
1,15.38,0.687,0.6538431372549021
1,15.39,0.674,0.6546862745098039
1,15.4,0.696,0.6545686274509804
1,15.41,0.664,0.6553137254901962
1,15.42,0.657,0.6552156862745098
1,15.43,0.637,0.6563333333333333
1,15.44,0.703,0.6567647058823529
1,15.45,0.647,0.6569411764705881
1,15.46,0.623,0.6564117647058823
1,15.47,0.648,0.6567843137254903
1,15.48,0.648,0.6584705882352941
1,15.49,0.633,0.6583921568627451
1,15.5,0.627,0.6576666666666666
1,15.51,0.636,0.6580588235294118
1,15.52,0.63,0.658843137254902
1,15.53,0.64,0.6597254901960784
1,15.54,0.594,0.66
1,15.55,0.598,0.6607647058823529
1,15.56,0.62,0.660470588235294
1,15.57,0.622,0.6607254901960785
1,15.58,0.6,0.6625490196078431
1,15.59,0.688,0.6636470588235295
1,15.6,0.611,0.6631372549019607
1,15.61,0.695,0.6632941176470589
1,15.62,0.64,0.6635098039215688
1,15.63,0.656,0.6647450980392157
1,15.64,0.687,0.664
1,15.65,0.678,0.6645490196078432
1,15.66,0.692,0.6640196078431372
1,15.67,0.648,0.6648039215686273
1,15.68,0.703,0.665235294117647
1,15.69,0.639,0.6667450980392157
1,15.7,0.674,0.667313725490196
1,15.71,0.631,0.668078431372549
1,15.72,0.69,0.6693333333333333
1,15.73,0.727,0.6699215686274509
1,15.74,0.645,0.6704901960784314
1,15.75,0.684,0.6716470588235294
1,15.76,0.696,0.6733333333333332
1,15.77,0.691,0.6737647058823529
1,15.78,0.726,0.6745490196078432
1,15.79,0.694,0.6744509803921568
1,15.8,0.677,0.6764705882352939
1,15.81,0.651,0.6782549019607842
1,15.82,0.696,0.680235294117647
1,15.83,0.744,0.6812745098039216
1,15.84,0.693,0.6823529411764705
1,15.85,0.64,0.6816470588235295
1,15.86,0.743,0.6826862745098039
1,15.87,0.692,0.6826274509803921
1,15.88,0.687,0.6832156862745098
1,15.89,0.649,0.6827647058823529
1,15.9,0.702,0.6826862745098039
1,15.91,0.669,0.6825294117647058
1,15.92,0.704,0.6824901960784313
1,15.93,0.679,0.6839411764705883
1,15.94,0.714,0.6830588235294117
1,15.95,0.732,0.6839607843137255
1,15.96,0.686,0.6845098039215687
1,15.97,0.687,0.6857843137254902
1,15.98,0.678,0.6848627450980391
1,15.99,0.677,0.6839607843137254
1,16.0,0.692,0.6849215686274509
1,16.01,0.713,0.6853529411764706
1,16.02,0.658,0.6851176470588236
1,16.03,0.67,0.6843137254901961
1,16.04,0.635,0.6827647058823529
1,16.05,0.697,0.6818823529411764
1,16.06,0.689,0.681
1,16.07,0.721,0.6809607843137254
1,16.08,0.675,0.6805882352941177
1,16.09,0.655,0.6787843137254901
1,16.1,0.652,0.6782549019607843
1,16.11,0.664,0.6785882352941176
1,16.12,0.692,0.6775490196078431
1,16.13,0.67,0.6769019607843137
1,16.14,0.633,0.6768823529411765
1,16.15,0.683,0.6774705882352942
1,16.16,0.67,0.6760784313725491
1,16.17,0.69,0.6764313725490197
1,16.18,0.722,0.6768431372549021
1,16.19,0.658,0.677235294117647
1,16.2,0.685,0.6754117647058825
1,16.21,0.702,0.6730784313725491
1,16.22,0.696,0.6727843137254903
1,16.23,0.643,0.6736470588235295
1,16.24,0.681,0.6731568627450981
1,16.25,0.694,0.6735294117647059
1,16.26,0.706,0.6726274509803922
1,16.27,0.684,0.6725882352941176
1,16.28,0.65,0.672921568627451
1,16.29,0.647,0.673
1,16.3,0.649,0.674470588235294
1,16.31,0.632,0.674764705882353
1,16.32,0.649,0.6750588235294118
1,16.33,0.677,0.6735098039215686
1,16.34,0.652,0.6729019607843139
1,16.35,0.666,0.6729411764705883
1,16.36,0.657,0.6744705882352942
1,16.37,0.69,0.6749607843137255
1,16.38,0.659,0.674156862745098
1,16.39,0.686,0.6739803921568627
1,16.4,0.679,0.6747058823529413
1,16.41,0.631,0.674843137254902
1,16.42,0.687,0.6749019607843137
1,16.43,0.725,0.6743137254901961
1,16.44,0.699,0.6731764705882353
1,16.45,0.621,0.6727450980392158
1,16.46,0.613,0.6727843137254902
1,16.47,0.671,0.671607843137255
1,16.48,0.731,0.6713529411764707
1,16.49,0.653,0.671843137254902
1,16.5,0.696,0.6718235294117648
1,16.51,0.646,0.6707450980392157
1,16.52,0.711,0.6705098039215686
1,16.53,0.675,0.670843137254902
1,16.54,0.674,0.6716470588235295
1,16.55,0.71,0.6710392156862747
1,16.56,0.712,0.6711764705882354
1,16.57,0.704,0.6711176470588235
1,16.58,0.642,0.6698039215686276
1,16.59,0.644,0.6689411764705883
1,16.6,0.657,0.6694117647058824
1,16.61,0.73,0.6694117647058824
1,16.62,0.689,0.6703725490196079
1,16.63,0.651,0.670843137254902
1,16.64,0.661,0.6721372549019607
1,16.65,0.67,0.6713137254901961
1,16.66,0.69,0.6715686274509803
1,16.67,0.673,0.6717254901960783
1,16.68,0.66,0.6718823529411765
1,16.69,0.664,0.6712745098039216
1,16.7,0.636,0.6705490196078432
1,16.71,0.687,0.671921568627451
1,16.72,0.642,0.6729607843137254
1,16.73,0.683,0.672078431372549
1,16.74,0.668,0.669705882352941
1,16.75,0.68,0.6691176470588235
1,16.76,0.639,0.6674313725490196
1,16.77,0.694,0.6677450980392157
1,16.78,0.701,0.6670392156862744
1,16.79,0.691,0.6667450980392157
1,16.8,0.616,0.6668823529411764
1,16.81,0.656,0.6668823529411765
1,16.82,0.629,0.6654313725490195
1,16.83,0.582,0.6657058823529411
1,16.84,0.633,0.6665098039215687
1,16.85,0.676,0.667470588235294
1,16.86,0.666,0.667921568627451
1,16.87,0.706,0.6684313725490195
1,16.88,0.714,0.6693333333333332
1,16.89,0.725,0.6718823529411765
1,16.9,0.644,0.6733921568627451
1,16.91,0.692,0.6749019607843137
1,16.92,0.639,0.674764705882353
1,16.93,0.695,0.6748039215686275
1,16.94,0.694,0.6744117647058824
1,16.95,0.662,0.6744509803921568
1,16.96,0.691,0.6757450980392157
1,16.97,0.666,0.6754509803921569
1,16.98,0.626,0.6761372549019607
1,16.99,0.61,0.6744117647058823
1,17.0,0.623,0.6730196078431372
1,17.01,0.61,0.6712941176470588
1,17.02,0.662,0.6706274509803922
1,17.03,0.675,0.6688823529411765
1,17.04,0.66,0.6674117647058823
1,17.05,0.681,0.6654901960784313
1,17.06,0.71,0.6652941176470588
1,17.07,0.638,0.6643529411764706
1,17.08,0.718,0.6656274509803922
1,17.09,0.683,0.667607843137255
1,17.1,0.693,0.6698039215686273
1,17.11,0.68,0.6691568627450981
1,17.12,0.756,0.6690196078431372
1,17.13,0.735,0.6687058823529411
1,17.14,0.781,0.6681372549019607
1,17.15,0.738,0.6671764705882354
1,17.16,0.747,0.6678823529411764
1,17.17,0.683,0.6678235294117647
1,17.18,0.675,0.6681764705882353
1,17.19,0.64,0.667607843137255
1,17.2,0.666,0.6664705882352941
1,17.21,0.702,0.6662745098039216
1,17.22,0.672,0.6651176470588235
1,17.23,0.677,0.664470588235294
1,17.24,0.595,0.6672156862745099
1,17.25,0.597,0.6688431372549021
1,17.26,0.592,0.6699803921568627
1,17.27,0.605,0.6699215686274509
1,17.28,0.605,0.6694509803921569
1,17.29,0.626,0.6698823529411765
1,17.3,0.593,0.6705490196078432
1,17.31,0.606,0.6701372549019607
1,17.32,0.608,0.6693529411764706
1,17.33,0.694,0.6707450980392158
1,17.34,0.683,0.6699803921568627
1,17.35,0.745,0.6704117647058824
1,17.36,0.643,0.669843137254902
1,17.37,0.659,0.6697058823529412
1,17.38,0.69,0.668470588235294
1,17.39,0.685,0.6674313725490196
1,17.4,0.676,0.6655490196078432
1,17.41,0.68,0.6649215686274509
1,17.42,0.689,0.6633921568627451
1,17.43,0.657,0.6636862745098039
1,17.44,0.666,0.6637254901960784
1,17.45,0.636,0.6639019607843137
1,17.46,0.652,0.6645098039215687
1,17.47,0.632,0.664235294117647
1,17.48,0.633,0.6638039215686274
1,17.49,0.766,0.6633333333333333
1,17.5,0.693,0.6642941176470589
1,17.51,0.681,0.6661372549019607
1,17.52,0.607,0.6679803921568628
1,17.53,0.638,0.6689215686274509
1,17.54,0.697,0.6712156862745098
1,17.55,0.694,0.6718627450980392
1,17.56,0.66,0.6738627450980391
1,17.57,0.67,0.6749607843137254
1,17.58,0.709,0.6763529411764706
1,17.59,0.679,0.6761372549019607
1,17.6,0.705,0.6771764705882353
1,17.61,0.664,0.6763921568627451
1,17.62,0.673,0.6769803921568628
1,17.63,0.693,0.6773137254901961
1,17.64,0.682,0.678156862745098
1,17.65,0.685,0.6772549019607843
1,17.66,0.706,0.677235294117647
1,17.67,0.669,0.6755686274509805
1,17.68,0.698,0.6739215686274509
1,17.69,0.677,0.6742549019607843
1,17.7,0.649,0.6737450980392157
1,17.71,0.697,0.6732352941176469
1,17.72,0.688,0.6734705882352942
1,17.73,0.65,0.6735098039215686
1,17.74,0.653,0.674607843137255
1,17.75,0.644,0.6729803921568627
1,17.76,0.691,0.6729803921568628
1,17.77,0.686,0.6729607843137256
1,17.78,0.653,0.6746666666666666
1,17.79,0.722,0.6748039215686275
1,17.8,0.659,0.6743921568627451
1,17.81,0.695,0.6741176470588236
1,17.82,0.662,0.6743921568627452
1,17.83,0.679,0.6747058823529413
1,17.84,0.683,0.6741960784313725
1,17.85,0.736,0.6738235294117647
1,17.86,0.705,0.6737843137254902
1,17.87,0.673,0.6730392156862746
1,17.88,0.676,0.6738823529411765
1,17.89,0.733,0.6736666666666667
1,17.9,0.639,0.6728039215686274
1,17.91,0.675,0.6703333333333333
1,17.92,0.595,0.6688823529411765
1,17.93,0.605,0.6681176470588235
1,17.94,0.674,0.6667254901960784
1,17.95,0.64,0.6658235294117647
1,17.96,0.61,0.6666274509803921
1,17.97,0.664,0.6654117647058824
1,17.98,0.634,0.6636666666666667
1,17.99,0.689,0.664
1,18.0,0.683,0.6645098039215687
1,18.01,0.693,0.6647843137254901
1,18.02,0.68,0.6646666666666667
1,18.03,0.694,0.6648235294117647
1,18.04,0.645,0.6661176470588236
1,18.05,0.676,0.6654117647058824
1,18.06,0.68,0.6664705882352941
1,18.07,0.674,0.6653333333333333
1,18.08,0.686,0.6652352941176471
1,18.09,0.683,0.666078431372549
1,18.1,0.66,0.6666274509803922
1,18.11,0.703,0.6651176470588235
1,18.12,0.626,0.6631176470588236
1,18.13,0.716,0.6626078431372548
1,18.14,0.682,0.6625490196078433
1,18.15,0.638,0.660921568627451
1,18.16,0.559,0.6609019607843137
1,18.17,0.632,0.6617058823529411
1,18.18,0.63,0.6633725490196078
1,18.19,0.627,0.6647450980392157
1,18.2,0.631,0.6661176470588236
1,18.21,0.69,0.6661764705882354
1,18.22,0.635,0.6679215686274511
1,18.23,0.599,0.6685098039215687
1,18.24,0.667,0.669843137254902
1,18.25,0.679,0.6709411764705883
1,18.26,0.658,0.6706666666666666
1,18.27,0.685,0.6699607843137255
1,18.28,0.694,0.6701176470588234
1,18.29,0.719,0.6710392156862744
1,18.3,0.686,0.672843137254902
1,18.31,0.713,0.6738235294117647
1,18.32,0.637,0.6730392156862745
1,18.33,0.657,0.6741372549019607
1,18.34,0.722,0.6745686274509803
1,18.35,0.711,0.673843137254902
1,18.36,0.659,0.6738627450980393
1,18.37,0.603,0.673235294117647
1,18.38,0.647,0.6753921568627451
1,18.39,0.673,0.6747254901960784
1,18.4,0.65,0.6750392156862745
1,18.41,0.638,0.677235294117647
1,18.42,0.716,0.6800588235294117
1,18.43,0.68,0.6815490196078432
1,18.44,0.675,0.6826862745098039
1,18.45,0.744,0.6845098039215686
1,18.46,0.643,0.6859411764705882
1,18.47,0.699,0.6866274509803921
1,18.48,0.694,0.688529411764706
1,18.49,0.702,0.6911764705882353
1,18.5,0.745,0.6921176470588234
1,18.51,0.669,0.6921960784313725
1,18.52,0.657,0.6929803921568627
1,18.53,0.688,0.6920392156862745
1,18.54,0.741,0.6910980392156864
1,18.55,0.737,0.6907450980392157
1,18.56,0.726,0.6912745098039216
1,18.57,0.64,0.6911568627450981
1,18.58,0.73,0.6917450980392158
1,18.59,0.708,0.691313725490196
1,18.6,0.646,0.6890588235294118
1,18.61,0.661,0.6873529411764706
1,18.62,0.671,0.6874901960784313
1,18.63,0.736,0.688843137254902
1,18.64,0.682,0.6890392156862745
1,18.65,0.698,0.6888627450980391
1,18.66,0.75,0.6891176470588235
1,18.67,0.703,0.6903333333333334
1,18.68,0.708,0.6893921568627451
1,18.69,0.688,0.6894117647058823
1,18.7,0.72,0.6898627450980392
1,18.71,0.704,0.6890196078431373
1,18.72,0.725,0.6899411764705883
1,18.73,0.732,0.6898235294117646
1,18.74,0.734,0.6896666666666667
1,18.75,0.715,0.6877254901960785
1,18.76,0.683,0.6849607843137255
1,18.77,0.698,0.6843529411764706
1,18.78,0.637,0.6842941176470588
1,18.79,0.646,0.6838627450980392
1,18.8,0.701,0.6826470588235295
1,18.81,0.713,0.6819607843137255
1,18.82,0.707,0.681450980392157
1,18.83,0.667,0.682843137254902
1,18.84,0.635,0.6812549019607843
1,18.85,0.607,0.6797843137254901
1,18.86,0.624,0.6811960784313725
1,18.87,0.666,0.6820588235294117
1,18.88,0.672,0.6827058823529412
1,18.89,0.657,0.6829999999999999
1,18.9,0.664,0.6839215686274509
1,18.91,0.663,0.6836078431372549
1,18.92,0.7,0.6820392156862745
1,18.93,0.668,0.6809803921568628
1,18.94,0.681,0.6821176470588236
1,18.95,0.698,0.6830588235294117
1,18.96,0.701,0.6831176470588235
1,18.97,0.69,0.6836666666666668
1,18.98,0.693,0.6834509803921569
1,18.99,0.686,0.6829999999999999
1,19.0,0.603,0.6823921568627451
1,19.01,0.604,0.6830000000000002
1,19.02,0.638,0.6838039215686275
1,19.03,0.654,0.6828627450980392
1,19.04,0.666,0.6838627450980392
1,19.05,0.679,0.6843137254901961
1,19.06,0.702,0.6827450980392157
1,19.07,0.7,0.6817450980392157
1,19.08,0.711,0.6806470588235294
1,19.09,0.649,0.6808627450980391
1,19.1,0.633,0.6804705882352942
1,19.11,0.718,0.6818823529411764
1,19.12,0.705,0.6840196078431372
1,19.13,0.704,0.685078431372549
1,19.14,0.751,0.685156862745098
1,19.15,0.729,0.6855686274509804
1,19.16,0.682,0.6861176470588235
1,19.17,0.67,0.6863529411764707
1,19.18,0.649,0.685921568627451
1,19.19,0.766,0.6856862745098039
1,19.2,0.736,0.6855490196078432
1,19.21,0.723,0.6850392156862746
1,19.22,0.732,0.6847254901960784
1,19.23,0.714,0.6842941176470587
1,19.24,0.709,0.6839803921568627
1,19.25,0.703,0.6839803921568627
1,19.26,0.746,0.6854117647058823
1,19.27,0.724,0.6873725490196078
1,19.28,0.65,0.6876470588235294
1,19.29,0.688,0.6877450980392156
1,19.3,0.669,0.6882549019607843
1,19.31,0.621,0.687843137254902
1,19.32,0.662,0.6874509803921569
1,19.33,0.651,0.6868431372549019
1,19.34,0.678,0.6859999999999999
1,19.35,0.615,0.6871372549019608
1,19.36,0.679,0.687156862745098
1,19.37,0.733,0.6852941176470587
1,19.38,0.72,0.6837254901960784
1,19.39,0.676,0.6831372549019608
1,19.4,0.678,0.6812745098039217
1,19.41,0.692,0.6798431372549021
1,19.42,0.675,0.678843137254902
1,19.43,0.678,0.6797647058823529
1,19.44,0.656,0.6799411764705883
1,19.45,0.674,0.6784117647058823
1,19.46,0.672,0.6780784313725491
1,19.47,0.685,0.6779607843137255
1,19.48,0.668,0.6771764705882352
1,19.49,0.677,0.6759411764705883
1,19.5,0.686,0.6752745098039216
1,19.51,0.676,0.6750196078431373
1,19.52,0.704,0.6745686274509803
1,19.53,0.652,0.6740392156862745
1,19.54,0.659,0.6750196078431373
1,19.55,0.692,0.6761960784313725
1,19.56,0.658,0.6768627450980392
1,19.57,0.682,0.6785294117647058
1,19.58,0.669,0.679235294117647
1,19.59,0.668,0.6803333333333332
1,19.6,0.707,0.6806666666666666
1,19.61,0.634,0.681705882352941
1,19.62,0.623,0.6820588235294118
1,19.63,0.625,0.6808039215686273
1,19.64,0.674,0.6806274509803922
1,19.65,0.656,0.681843137254902
1,19.66,0.656,0.6820196078431373
1,19.67,0.631,0.6824901960784314
1,19.68,0.717,0.6825686274509803
1,19.69,0.658,0.6820980392156862
1,19.7,0.688,0.6823529411764707
1,19.71,0.719,0.6820196078431373
1,19.72,0.717,0.6824901960784313
1,19.73,0.692,0.682156862745098
1,19.74,0.651,0.6822941176470589
1,19.75,0.675,0.6822549019607843
1,19.76,0.69,0.6818431372549019
1,19.77,0.723,0.6817843137254902
1,19.78,0.697,0.6806274509803922
1,19.79,0.7,0.681156862745098
1,19.8,0.748,0.681
1,19.81,0.703,0.6799803921568628
1,19.82,0.706,0.6800196078431372
1,19.83,0.698,0.6797450980392156
1,19.84,0.707,0.679470588235294
1,19.85,0.695,0.6796470588235294
1,19.86,0.668,0.679470588235294
1,19.87,0.697,0.6806470588235294
1,19.88,0.669,0.6821764705882354
1,19.89,0.711,0.6838235294117647
1,19.9,0.738,0.6845882352941177
1,19.91,0.687,0.6856274509803921
1,19.92,0.716,0.6864313725490195
1,19.93,0.679,0.6874509803921568
1,19.94,0.654,0.6876274509803922
1,19.95,0.669,0.6877450980392156
1,19.96,0.657,0.687372549019608
1,19.97,0.696,0.6866470588235295
1,19.98,0.668,0.6859215686274511
1,19.99,0.675,0.6857058823529413
1,20.0,0.675,0.685705882352941
1,20.01,0.665,0.6850980392156863
1,20.02,0.673,0.6854509803921568
1,20.03,0.645,0.6842745098039215
1,20.04,0.679,0.6847450980392158
1,20.05,0.651,0.685392156862745
1,20.06,0.64,0.684235294117647
1,20.07,0.66,0.685392156862745
1,20.08,0.668,0.6872156862745098
1,20.09,0.655,0.6886274509803922
1,20.1,0.677,0.6896274509803921
1,20.11,0.698,0.6900392156862745
1,20.12,0.694,0.6906862745098039
1,20.13,0.701,0.691078431372549
1,20.14,0.709,0.6918235294117647
1,20.15,0.713,0.6922156862745098
1,20.16,0.709,0.6911960784313725
1,20.17,0.697,0.6903333333333334
1,20.18,0.683,0.6889607843137255
1,20.19,0.726,0.6891372549019608
1,20.2,0.664,0.6896274509803921
1,20.21,0.669,0.6897450980392157
1,20.22,0.682,0.6900392156862745
1,20.23,0.68,0.689921568627451
1,20.24,0.681,0.6901764705882354
1,20.25,0.651,0.6904509803921569
1,20.26,0.644,0.6909803921568628
1,20.27,0.708,0.691686274509804
1,20.28,0.663,0.6904705882352941
1,20.29,0.721,0.6902352941176471
1,20.3,0.733,0.6902745098039216
1,20.31,0.689,0.6896274509803921
1,20.32,0.762,0.691078431372549
1,20.33,0.799,0.6922745098039217
1,20.34,0.77,0.6924901960784314
1,20.35,0.758,0.6926274509803922
1,20.36,0.716,0.6923333333333335
1,20.37,0.701,0.6912352941176471
1,20.38,0.717,0.6904901960784313
1,20.39,0.707,0.6898039215686275
1,20.4,0.731,0.6893529411764706
1,20.41,0.686,0.6889411764705883
1,20.42,0.643,0.6887254901960784
1,20.43,0.646,0.6880588235294118
1,20.44,0.688,0.6875686274509805
1,20.45,0.679,0.6860392156862745
1,20.46,0.675,0.6859019607843138
1,20.47,0.672,0.6867647058823529
1,20.48,0.69,0.6869803921568628
1,20.49,0.681,0.6873529411764706
1,20.5,0.689,0.6867254901960783
1,20.51,0.702,0.6880588235294118
1,20.52,0.701,0.6884509803921568
1,20.53,0.611,0.6883137254901961
1,20.54,0.633,0.6888627450980394
1,20.55,0.681,0.6883725490196079
1,20.56,0.618,0.6877254901960785
1,20.57,0.714,0.687372549019608
1,20.58,0.721,0.6856078431372549
1,20.59,0.679,0.6834117647058824
1,20.6,0.662,0.6814901960784314
1,20.61,0.662,0.6800000000000002
1,20.62,0.642,0.6805882352941177
1,20.63,0.656,0.6799019607843139
1,20.64,0.666,0.6798431372549021
1,20.65,0.686,0.6790392156862746
1,20.66,0.692,0.6787647058823529
1,20.67,0.698,0.6796666666666668
1,20.68,0.663,0.6802549019607843
1,20.69,0.658,0.6818235294117646
1,20.7,0.648,0.6826666666666665
1,20.71,0.657,0.6840784313725491
1,20.72,0.713,0.6836862745098038
1,20.73,0.693,0.683235294117647
1,20.74,0.699,0.6825294117647059
1,20.75,0.649,0.6814901960784314
1,20.76,0.719,0.6802941176470588
1,20.77,0.664,0.6795490196078432
1,20.78,0.701,0.6779411764705883
1,20.79,0.691,0.6784705882352942
1,20.8,0.696,0.6792549019607844
1,20.81,0.7,0.6795882352941177
1,20.82,0.671,0.6811176470588236
1,20.83,0.672,0.6798823529411765
1,20.84,0.687,0.6782941176470587
1,20.85,0.672,0.6779019607843138
1,20.86,0.682,0.6770392156862745
1,20.87,0.746,0.6758039215686275
1,20.88,0.666,0.675921568627451
1,20.89,0.714,0.6752156862745098
1,20.9,0.666,0.674843137254902
1,20.91,0.717,0.6739411764705883
1,20.92,0.732,0.672843137254902
1,20.93,0.673,0.6709607843137255
1,20.94,0.726,0.6693921568627451
1,20.95,0.731,0.6689019607843139
1,20.96,0.751,0.6694509803921568
1,20.97,0.655,0.6687843137254903
1,20.98,0.649,0.6676862745098039
1,20.99,0.654,0.6674705882352941
1,21.0,0.628,0.6679019607843136
1,21.01,0.628,0.6683529411764707
1,21.02,0.664,0.6669019607843137
1,21.03,0.619,0.666078431372549
1,21.04,0.638,0.6667058823529413
1,21.05,0.673,0.6665686274509803
1,21.06,0.698,0.6659411764705883
1,21.07,0.696,0.6655098039215686
1,21.08,0.651,0.6651176470588235
1,21.09,0.64,0.6644313725490196
1,21.1,0.659,0.6642745098039216
1,21.11,0.618,0.6641176470588235
1,21.12,0.599,0.6632745098039216
1,21.13,0.648,0.6606666666666667
1,21.14,0.62,0.659470588235294
1,21.15,0.647,0.6586274509803921
1,21.16,0.64,0.658843137254902
1,21.17,0.636,0.6564901960784314
1,21.18,0.602,0.6555686274509803
1,21.19,0.583,0.6552941176470588
1,21.2,0.633,0.6545686274509804
1,21.21,0.676,0.6532549019607844
1,21.22,0.623,0.6516862745098039
1,21.23,0.657,0.6512941176470588
1,21.24,0.682,0.6515882352941177
1,21.25,0.721,0.6524901960784314
1,21.26,0.672,0.653921568627451
1,21.27,0.645,0.6561764705882352
1,21.28,0.622,0.656921568627451
1,21.29,0.733,0.6586078431372548
1,21.3,0.684,0.6607058823529411
1,21.31,0.664,0.6609019607843136
1,21.32,0.678,0.6598039215686274
1,21.33,0.651,0.6596666666666667
1,21.34,0.637,0.6608039215686274
1,21.35,0.679,0.6623529411764706
1,21.36,0.664,0.6630980392156863
1,21.37,0.639,0.6647843137254903
1,21.38,0.613,0.6662941176470587
1,21.39,0.605,0.6678627450980392
1,21.4,0.671,0.6682156862745098
1,21.41,0.677,0.6695490196078431
1,21.42,0.597,0.6707058823529412
1,21.43,0.685,0.6719411764705882
1,21.44,0.659,0.6727647058823529
1,21.45,0.689,0.6731372549019607
1,21.46,0.664,0.6721176470588235
1,21.47,0.671,0.6713921568627451
1,21.48,0.635,0.6713333333333333
1,21.49,0.664,0.6719411764705882
1,21.5,0.7,0.670843137254902
1,21.51,0.701,0.6695490196078433
1,21.52,0.743,0.6694117647058824
1,21.53,0.702,0.6702549019607843
1,21.54,0.705,0.6714705882352942
1,21.55,0.745,0.6704509803921568
1,21.56,0.683,0.6705490196078432
1,21.57,0.642,0.671235294117647
1,21.58,0.689,0.671921568627451
1,21.59,0.709,0.6724901960784313
1,21.6,0.719,0.672078431372549
1,21.61,0.697,0.6717843137254903
1,21.62,0.704,0.6715294117647059
1,21.63,0.676,0.6724901960784313
1,21.64,0.728,0.6733725490196079
1,21.65,0.638,0.6753725490196079
1,21.66,0.715,0.6757450980392157
1,21.67,0.699,0.6753333333333333
1,21.68,0.699,0.6759999999999999
1,21.69,0.644,0.6753529411764706
1,21.7,0.602,0.6764705882352942
1,21.71,0.581,0.6762156862745098
1,21.72,0.639,0.6765686274509805
1,21.73,0.62,0.6780196078431373
1,21.74,0.688,0.6788823529411766
1,21.75,0.626,0.6783921568627451
1,21.76,0.655,0.6790980392156862
1,21.77,0.665,0.6784117647058823
1,21.78,0.688,0.6775294117647059
1,21.79,0.684,0.6782156862745098
1,21.8,0.681,0.6794509803921569
1,21.81,0.689,0.6790196078431373
1,21.82,0.699,0.6793921568627451
1,21.83,0.713,0.6815098039215686
1,21.84,0.68,0.6813333333333332
1,21.85,0.616,0.6807450980392158
1,21.86,0.664,0.6806274509803922
1,21.87,0.651,0.6790588235294117
1,21.88,0.688,0.6776274509803921
1,21.89,0.658,0.6774117647058824
1,21.9,0.707,0.6761568627450981
1,21.91,0.69,0.6768039215686276
1,21.92,0.656,0.6751960784313726
1,21.93,0.631,0.6752549019607844
1,21.94,0.652,0.6756666666666667
1,21.95,0.716,0.6765686274509803
1,21.96,0.676,0.6787843137254902
1,21.97,0.682,0.6809607843137254
1,21.98,0.745,0.682
1,21.99,0.679,0.6843333333333332
1,22.0,0.639,0.6842549019607844
1,22.01,0.736,0.6854901960784314
1,22.02,0.666,0.6858823529411764
1,22.03,0.698,0.6860784313725489
1,22.04,0.737,0.6859607843137255
1,22.05,0.768,0.6870392156862744
1,22.06,0.723,0.6871764705882353
1,22.07,0.702,0.6882745098039215
1,22.08,0.75,0.6888039215686276
1,22.09,0.68,0.6881372549019608
1,22.1,0.679,0.6881960784313725
1,22.11,0.713,0.6897450980392157
1,22.12,0.617,0.6898039215686275
1,22.13,0.631,0.6909803921568627
1,22.14,0.665,0.6909607843137255
1,22.15,0.664,0.6925098039215686
1,22.16,0.671,0.6918627450980391
1,22.17,0.633,0.6928235294117647
1,22.18,0.702,0.6937843137254902
1,22.19,0.72,0.6952941176470588
1,22.2,0.69,0.696078431372549
1,22.21,0.715,0.6962549019607843
1,22.22,0.692,0.6973725490196078
1,22.23,0.692,0.6981764705882353
1,22.24,0.739,0.6983921568627451
1,22.25,0.684,0.7006274509803921
1,22.26,0.689,0.7036862745098039
1,22.27,0.675,0.7035490196078431
1,22.28,0.675,0.7061960784313726
1,22.29,0.682,0.708
1,22.3,0.739,0.7082156862745098
1,22.31,0.688,0.7079803921568627
1,22.32,0.745,0.7105490196078431
1,22.33,0.726,0.7139411764705883
1,22.34,0.679,0.7150196078431372
1,22.35,0.683,0.717078431372549
1,22.36,0.695,0.7184509803921568
1,22.37,0.667,0.7186666666666667
1,22.38,0.711,0.7208235294117648
1,22.39,0.687,0.723078431372549
1,22.4,0.737,0.7242941176470589
1,22.41,0.674,0.7256078431372549
1,22.42,0.739,0.7270980392156863
1,22.43,0.705,0.7280588235294118
1,22.44,0.708,0.7267647058823529
1,22.45,0.692,0.7257450980392156
1,22.46,0.725,0.7245882352941176
1,22.47,0.733,0.7230588235294118
1,22.48,0.723,0.7213333333333333
1,22.49,0.756,0.7198431372549019
1,22.5,0.793,0.7179607843137255
1,22.51,0.795,0.7180980392156863
1,22.52,0.729,0.7177843137254902
1,22.53,0.801,0.7181764705882353
1,22.54,0.79,0.7183529411764706
1,22.55,0.748,0.7186078431372549
1,22.56,0.756,0.7177058823529412
1,22.57,0.854,0.7175490196078431
1,22.58,0.875,0.7156862745098039
1,22.59,0.805,0.7145686274509804
1,22.6,0.785,0.7152352941176471
1,22.61,0.749,0.7148823529411765
1,22.62,0.724,0.714686274509804
1,22.63,0.727,0.7146274509803922
1,22.64,0.746,0.715078431372549
1,22.65,0.727,0.7146862745098039
1,22.66,0.731,0.713764705882353
1,22.67,0.747,0.7147254901960785
1,22.68,0.682,0.713627450980392
1,22.69,0.636,0.7136274509803923
1,22.7,0.668,0.7137058823529412
1,22.71,0.631,0.714764705882353
1,22.72,0.637,0.7147058823529412
1,22.73,0.604,0.7141960784313727
1,22.74,0.616,0.7133725490196078
1,22.75,0.643,0.7129019607843137
1,22.76,0.691,0.7109019607843138
1,22.77,0.673,0.7086666666666668
1,22.78,0.695,0.7078627450980391
1,22.79,0.684,0.7061372549019609
1,22.8,0.695,0.7047647058823531
1,22.81,0.693,0.7042549019607843
1,22.82,0.68,0.7029215686274509
1,22.83,0.65,0.6998823529411764
1,22.84,0.669,0.6964313725490197
1,22.85,0.713,0.6937843137254901
1,22.86,0.665,0.6917058823529412
1,22.87,0.685,0.6908235294117647
1,22.88,0.664,0.6898823529411764
1,22.89,0.734,0.6906078431372549
1,22.9,0.667,0.6891960784313725
1,22.91,0.69,0.6891372549019608
1,22.92,0.723,0.6880392156862745
1,22.93,0.683,0.6869803921568628
1,22.94,0.705,0.6875882352941176
1,22.95,0.712,0.6886666666666666
1,22.96,0.746,0.6890980392156864
1,22.97,0.722,0.6894313725490196
1,22.98,0.707,0.6902549019607843
1,22.99,0.681,0.6920392156862746
1,23.0,0.732,0.6937058823529413
1,23.01,0.691,0.6941960784313727
1,23.02,0.681,0.693921568627451
1,23.03,0.688,0.694156862745098
1,23.04,0.713,0.694764705882353
1,23.05,0.72,0.6942352941176471
1,23.06,0.722,0.6946862745098039
1,23.07,0.688,0.6936666666666668
1,23.08,0.699,0.6936274509803921
1,23.09,0.699,0.6947450980392157
1,23.1,0.67,0.6937450980392157
1,23.11,0.679,0.6912941176470588
1,23.12,0.704,0.6914117647058824
1,23.13,0.676,0.6908823529411765
1,23.14,0.764,0.6905098039215687
1,23.15,0.674,0.6896862745098039
1,23.16,0.724,0.6890980392156862
1,23.17,0.675,0.6886078431372549
1,23.18,0.693,0.6877254901960785
1,23.19,0.713,0.6872745098039216
1,23.2,0.691,0.6865294117647058
1,23.21,0.69,0.6862156862745098
1,23.22,0.648,0.6841372549019608
1,23.23,0.679,0.6833529411764706
1,23.24,0.695,0.6818431372549019
1,23.25,0.701,0.681156862745098
1,23.26,0.668,0.6799411764705883
1,23.27,0.677,0.6797843137254901
1,23.28,0.685,0.6809803921568628
1,23.29,0.726,0.6813333333333332
1,23.3,0.657,0.6800196078431372
1,23.31,0.718,0.6788235294117646
1,23.32,0.641,0.6782941176470587
1,23.33,0.678,0.679
1,23.34,0.707,0.6794117647058825
1,23.35,0.618,0.6789803921568628
1,23.36,0.588,0.6785490196078432
1,23.37,0.671,0.6782745098039216
1,23.38,0.658,0.6790784313725491
1,23.39,0.645,0.6799803921568628
1,23.4,0.692,0.6794117647058825
1,23.41,0.637,0.6797843137254901
1,23.42,0.665,0.6798039215686275
1,23.43,0.678,0.6804117647058824
1,23.44,0.66,0.6796862745098039
1,23.45,0.667,0.6789019607843136
1,23.46,0.696,0.6791960784313726
1,23.47,0.64,0.679627450980392
1,23.48,0.682,0.6811960784313725
1,23.49,0.63,0.6819999999999999
1,23.5,0.646,0.6820196078431373
1,23.51,0.67,0.6828235294117647
1,23.52,0.683,0.6846470588235295
1,23.53,0.742,0.6857843137254902
1,23.54,0.706,0.6866274509803921
1,23.55,0.646,0.6869019607843136
1,23.56,0.659,0.6878039215686275
1,23.57,0.695,0.6879607843137254
1,23.58,0.724,0.689607843137255
1,23.59,0.72,0.6907254901960785
1,23.6,0.677,0.6902352941176471
1,23.61,0.648,0.6920588235294118
1,23.62,0.665,0.6937843137254901
1,23.63,0.745,0.6945882352941176
1,23.64,0.722,0.6961372549019608
1,23.65,0.735,0.6966862745098039
1,23.66,0.693,0.6964117647058824
1,23.67,0.725,0.6984509803921569
1,23.68,0.706,0.6990000000000001
1,23.69,0.656,0.6994509803921568
1,23.7,0.673,0.7007254901960784
1,23.71,0.706,0.7014117647058823
1,23.72,0.712,0.7021176470588235
1,23.73,0.728,0.7033529411764706
1,23.74,0.72,0.7039607843137256
1,23.75,0.696,0.7051176470588236
1,23.76,0.742,0.7071960784313726
1,23.77,0.761,0.7087843137254902
1,23.78,0.735,0.7091960784313724
1,23.79,0.728,0.7087450980392156
1,23.8,0.74,0.7094313725490196
1,23.81,0.703,0.7109803921568627
1,23.82,0.726,0.7124705882352941
1,23.83,0.725,0.7143725490196079
1,23.84,0.735,0.7156666666666666
1,23.85,0.682,0.7165882352941176
1,23.86,0.711,0.7171176470588235
1,23.87,0.676,0.7181372549019608
1,23.88,0.712,0.7186274509803923
1,23.89,0.737,0.7188039215686274
1,23.9,0.673,0.718392156862745
1,23.91,0.678,0.7183333333333333
1,23.92,0.741,0.7188823529411764
1,23.93,0.693,0.7180392156862745
1,23.94,0.701,0.7178627450980393
1,23.95,0.725,0.7188039215686274
1,23.96,0.702,0.718764705882353
1,23.97,0.732,0.7181960784313726
1,23.98,0.703,0.717686274509804
1,23.99,0.713,0.7176666666666667
1,24.0,0.689,0.7167843137254902
1,24.01,0.752,0.7164313725490196
1,24.02,0.751,0.7145098039215686
1,24.03,0.704,0.7133725490196078
1,24.04,0.719,0.711313725490196
1,24.05,0.741,0.7099019607843138
1,24.06,0.725,0.7091176470588235
1,24.07,0.735,0.7091176470588235
1,24.08,0.792,0.7086470588235294
1,24.09,0.79,0.7085294117647059
1,24.1,0.767,0.7078627450980391
1,24.11,0.704,0.7080784313725491
1,24.12,0.7,0.7074313725490194
1,24.13,0.69,0.7068235294117647
1,24.14,0.754,0.7054705882352941
1,24.15,0.701,0.7043529411764705
1,24.16,0.732,0.7049411764705883
1,24.17,0.721,0.7049411764705882
1,24.18,0.682,0.7029411764705883
1,24.19,0.697,0.703078431372549
1,24.2,0.704,0.7022549019607842
1,24.21,0.671,0.7018235294117647
1,24.22,0.677,0.7017254901960783
1,24.23,0.686,0.7009019607843138
1,24.24,0.727,0.7015098039215687
1,24.25,0.675,0.7014117647058823
1,24.26,0.678,0.702627450980392
1,24.27,0.644,0.7016274509803921
1,24.28,0.703,0.699235294117647
1,24.29,0.63,0.6980392156862746
1,24.3,0.656,0.6976862745098039
1,24.31,0.7,0.6967058823529413
1,24.32,0.703,0.6956666666666667
1,24.33,0.702,0.6951372549019608
1,24.34,0.719,0.6937254901960784
1,24.35,0.701,0.6910196078431372
1,24.36,0.693,0.6887058823529411
1,24.37,0.678,0.6892549019607842
1,24.38,0.645,0.6902352941176471
1,24.39,0.643,0.6915882352941175
1,24.4,0.68,0.6908235294117647
1,24.41,0.703,0.6899803921568628
1,24.42,0.678,0.6886470588235293
1,24.43,0.639,0.6885098039215687
1,24.44,0.7,0.6887254901960784
1,24.45,0.659,0.689078431372549
1,24.46,0.703,0.6885882352941175
1,24.47,0.697,0.6880588235294116
1,24.48,0.69,0.6886470588235293
1,24.49,0.734,0.6888627450980391
1,24.5,0.708,0.687764705882353
1,24.51,0.751,0.688156862745098
1,24.52,0.701,0.6882745098039215
1,24.53,0.629,0.6896862745098039
1,24.54,0.643,0.6899411764705882
1,24.55,0.701,0.6925882352941177
1,24.56,0.691,0.6944117647058823
1,24.57,0.672,0.6947450980392157
1,24.58,0.708,0.6943333333333334
1,24.59,0.72,0.6942352941176471
1,24.6,0.652,0.6933725490196079
1,24.61,0.649,0.6945294117647058
1,24.62,0.732,0.6945098039215687
1,24.63,0.75,0.6956274509803922
1,24.64,0.759,0.6972156862745098
1,24.65,0.715,0.6986666666666667
1,24.66,0.658,0.6993137254901961
1,24.67,0.664,0.7008431372549019
1,24.68,0.714,0.7006666666666667
1,24.69,0.693,0.7007254901960783
1,24.7,0.715,0.7006666666666667
1,24.71,0.679,0.7014117647058823
1,24.72,0.644,0.7019607843137254
1,24.73,0.707,0.7029411764705883
1,24.74,0.697,0.7031176470588234
1,24.75,0.671,0.702313725490196
1,24.76,0.695,0.7021176470588235
1,24.77,0.684,0.7013333333333334
1,24.78,0.716,0.7016666666666665
1,24.79,0.716,0.7040196078431373
1,24.8,0.765,0.7047058823529412
1,24.81,0.749,0.7044705882352941
1,24.82,0.717,0.7034313725490197
1,24.83,0.682,0.7030392156862746
1,24.84,0.697,0.7024509803921569
1,24.85,0.675,0.7016470588235294
1,24.86,0.76,0.7030196078431372
1,24.87,0.692,0.7037843137254902
1,24.88,0.735,0.7027058823529412
1,24.89,0.726,0.7021764705882353
1,24.9,0.717,0.7006274509803921
1,24.91,0.713,0.700921568627451
1,24.92,0.781,0.7019411764705882
1,24.93,0.669,0.7027058823529412
1,24.94,0.642,0.7029019607843137
1,24.95,0.697,0.7032156862745097
1,24.96,0.697,0.7032156862745099
1,24.97,0.731,0.7027058823529412
1,24.98,0.747,0.7030980392156864
1,24.99,0.699,0.7024313725490197
1,25.0,0.693,0.7027058823529412
1,25.01,0.698,0.7029215686274509
1,25.02,0.711,0.7032156862745097
1,25.03,0.718,0.7042352941176472
1,25.04,0.749,0.7035490196078431
1,25.05,0.678,0.7032156862745097
1,25.06,0.689,0.7016666666666665
1,25.07,0.638,0.7005686274509804
1,25.08,0.652,0.6998627450980391
1,25.09,0.678,0.6995882352941175
1,25.1,0.679,0.6994313725490195
1,25.11,0.722,0.6997450980392156
1,25.12,0.688,0.6982156862745098
1,25.13,0.677,0.697921568627451
1,25.14,0.723,0.6965490196078431
1,25.15,0.68,0.6953529411764706
1,25.16,0.73,0.6947450980392157
1,25.17,0.71,0.6930784313725491
1,25.18,0.703,0.6897058823529413
1,25.19,0.724,0.6899803921568628
1,25.2,0.709,0.6903725490196079
1,25.21,0.715,0.689156862745098
1,25.22,0.653,0.6873333333333334
1,25.23,0.664,0.6845294117647059
1,25.24,0.673,0.6837647058823529
1,25.25,0.711,0.6833921568627451
1,25.26,0.682,0.6840392156862745
1,25.27,0.71,0.6834901960784313
1,25.28,0.736,0.6815882352941177
1,25.29,0.681,0.6804313725490198
1,25.3,0.699,0.6787058823529413
1,25.31,0.686,0.6782156862745099
1,25.32,0.693,0.6776274509803922
1,25.33,0.681,0.6784313725490196
1,25.34,0.668,0.6800392156862745
1,25.35,0.689,0.6804509803921569
1,25.36,0.691,0.6799215686274509
1,25.37,0.682,0.6782745098039216
1,25.38,0.677,0.6786274509803921
1,25.39,0.665,0.6786666666666668
1,25.4,0.665,0.677686274509804
1,25.41,0.686,0.6769019607843139
1,25.42,0.628,0.6754901960784314
1,25.43,0.609,0.6739411764705882
1,25.44,0.683,0.6722745098039216
1,25.45,0.662,0.6706666666666666
1,25.46,0.635,0.6697254901960785
1,25.47,0.604,0.6679019607843137
1,25.48,0.588,0.6671176470588236
1,25.49,0.708,0.6668627450980392
1,25.5,0.68,0.6664117647058823
1,25.51,0.726,0.6653529411764706
1,25.52,0.67,0.6650196078431373
1,25.53,0.614,0.6639803921568628
1,25.54,0.659,0.662392156862745
1,25.55,0.661,0.6627058823529413
1,25.56,0.653,0.6627058823529413
1,25.57,0.659,0.663
1,25.58,0.679,0.662
1,25.59,0.734,0.661921568627451
1,25.6,0.699,0.6617843137254903
1,25.61,0.652,0.660607843137255
1,25.62,0.638,0.659921568627451
1,25.63,0.706,0.6591764705882351
1,25.64,0.679,0.6593725490196078
1,25.65,0.673,0.6590196078431373
1,25.66,0.64,0.6588823529411765
1,25.67,0.658,0.6584705882352941
1,25.68,0.631,0.6591176470588236
1,25.69,0.618,0.659843137254902
1,25.7,0.642,0.659078431372549
1,25.71,0.661,0.6591372549019607
1,25.72,0.622,0.6603137254901961
1,25.73,0.613,0.6622745098039217
1,25.74,0.651,0.6644509803921569
1,25.75,0.65,0.6640784313725491
1,25.76,0.657,0.6647843137254903
1,25.77,0.665,0.6650000000000001
1,25.78,0.657,0.6654901960784315
1,25.79,0.655,0.6667450980392157
1,25.8,0.697,0.6687647058823529
1,25.81,0.699,0.6701176470588234
1,25.82,0.701,0.6719019607843136
1,25.83,0.642,0.6728235294117647
1,25.84,0.677,0.6727058823529412
1,25.85,0.661,0.672372549019608
1,25.86,0.629,0.6722941176470588
1,25.87,0.656,0.6730784313725491
1,25.88,0.644,0.6744509803921568
1,25.89,0.687,0.6757843137254903
1,25.9,0.647,0.677392156862745
1,25.91,0.658,0.6769607843137254
1,25.92,0.665,0.6787843137254901
1,25.93,0.661,0.6792156862745097
1,25.94,0.646,0.6809607843137256
1,25.95,0.644,0.682
1,25.96,0.665,0.6828039215686275
1,25.97,0.695,0.6835686274509802
1,25.98,0.704,0.684392156862745
1,25.99,0.699,0.6871176470588235
1,26.0,0.689,0.6881568627450981
1,26.01,0.716,0.6892745098039217
1,26.02,0.737,0.6908039215686275
1,26.03,0.695,0.6915882352941176
1,26.04,0.678,0.693921568627451
1,26.05,0.762,0.6944313725490197
1,26.06,0.73,0.6943921568627451
1,26.07,0.744,0.6945686274509805
1,26.08,0.706,0.6949019607843137
1,26.09,0.673,0.6959215686274509
1,26.1,0.717,0.6962941176470587
1,26.11,0.695,0.6975882352941176
1,26.12,0.692,0.6990588235294117
1,26.13,0.708,0.6994901960784313
1,26.14,0.774,0.7000000000000001
1,26.15,0.761,0.7000588235294117
1,26.16,0.651,0.7004901960784314
1,26.17,0.733,0.7012745098039216
1,26.18,0.68,0.7021764705882353
1,26.19,0.72,0.702313725490196
1,26.2,0.671,0.703392156862745
1,26.21,0.683,0.7044901960784312
1,26.22,0.7,0.704392156862745
1,26.23,0.664,0.7051372549019607
1,26.24,0.752,0.7058627450980391
1,26.25,0.704,0.7061176470588235
1,26.26,0.707,0.7058627450980393
1,26.27,0.735,0.7056470588235294
1,26.28,0.705,0.7036274509803921
1,26.29,0.776,0.7027647058823528
1,26.3,0.681,0.7021372549019608
1,26.31,0.695,0.6998039215686274
1,26.32,0.708,0.6988627450980393
1,26.33,0.718,0.6965686274509804
1,26.34,0.694,0.6962156862745098
1,26.35,0.696,0.6967450980392157
1,26.36,0.727,0.6963333333333332
1,26.37,0.704,0.6962549019607843
1,26.38,0.678,0.6970196078431371
1,26.39,0.67,0.696843137254902
1,26.4,0.69,0.695843137254902
1,26.41,0.669,0.6954705882352942
1,26.42,0.698,0.6964705882352941
1,26.43,0.711,0.6959019607843138
1,26.44,0.668,0.6953333333333334
1,26.45,0.701,0.6950588235294116
1,26.46,0.7,0.695
1,26.47,0.66,0.6946078431372549
1,26.48,0.733,0.6944313725490197
1,26.49,0.741,0.6962941176470588
1,26.5,0.712,0.6951176470588235
1,26.51,0.676,0.6949803921568627
1,26.52,0.705,0.6934509803921568
1,26.53,0.634,0.6914509803921568
1,26.54,0.651,0.6908431372549019
1,26.55,0.646,0.6890588235294118
1,26.56,0.643,0.6888627450980391
1,26.57,0.682,0.6888235294117646
1,26.58,0.627,0.6873333333333334
1,26.59,0.688,0.6860588235294118
1,26.6,0.7,0.6860784313725491
1,26.61,0.696,0.685
1,26.62,0.691,0.6841372549019608
1,26.63,0.731,0.6831176470588235
1,26.64,0.699,0.6831960784313726
1,26.65,0.723,0.6826274509803921
1,26.66,0.742,0.6817058823529413
1,26.67,0.702,0.6810392156862745
1,26.68,0.704,0.6804313725490195
1,26.69,0.651,0.6802549019607843
1,26.7,0.706,0.6799607843137254
1,26.71,0.668,0.6799803921568627
1,26.72,0.663,0.6795686274509805
1,26.73,0.691,0.6790392156862746
1,26.74,0.759,0.6775490196078431
1,26.75,0.692,0.676235294117647
1,26.76,0.697,0.6759019607843136
1,26.77,0.629,0.676235294117647
1,26.78,0.633,0.6760980392156863
1,26.79,0.674,0.6771372549019608
1,26.8,0.685,0.6766470588235294
1,26.81,0.671,0.6767843137254902
1,26.82,0.693,0.6782549019607843
1,26.83,0.632,0.6782941176470587
1,26.84,0.653,0.6790784313725491
1,26.85,0.695,0.6786274509803921
1,26.86,0.641,0.6780196078431373
1,26.87,0.683,0.6771568627450981
1,26.88,0.652,0.676843137254902
1,26.89,0.682,0.6753921568627451
1,26.9,0.641,0.6752156862745098
1,26.91,0.643,0.6742745098039216
1,26.92,0.635,0.6727450980392158
1,26.93,0.667,0.6723529411764707
1,26.94,0.702,0.6716470588235295
1,26.95,0.653,0.6722156862745098
1,26.96,0.702,0.6712352941176472
1,26.97,0.679,0.6708039215686274
1,26.98,0.633,0.6709607843137255
1,26.99,0.657,0.6715098039215687
1,27.0,0.674,0.6709411764705882
1,27.01,0.695,0.6705490196078432
1,27.02,0.693,0.6699411764705883
1,27.03,0.698,0.6703529411764705
1,27.04,0.687,0.6711176470588236
1,27.05,0.626,0.6714313725490196
1,27.06,0.653,0.671843137254902
1,27.07,0.718,0.6717450980392157
1,27.08,0.684,0.671764705882353
1,27.09,0.667,0.6723529411764706
1,27.1,0.665,0.6725490196078431
1,27.11,0.669,0.6723333333333333
1,27.12,0.652,0.6729411764705883
1,27.13,0.675,0.6728039215686274
1,27.14,0.657,0.6732549019607843
1,27.15,0.69,0.6730392156862745
1,27.16,0.675,0.6736666666666666
1,27.17,0.664,0.6742156862745098
1,27.18,0.682,0.6743725490196079
1,27.19,0.668,0.6736862745098039
1,27.2,0.68,0.6719019607843137
1,27.21,0.656,0.6727450980392158
1,27.22,0.646,0.6720588235294119
1,27.23,0.671,0.6731764705882353
1,27.24,0.719,0.6739019607843137
1,27.25,0.73,0.6741372549019607
1,27.26,0.672,0.6739607843137256
1,27.27,0.666,0.6730588235294118
1,27.28,0.65,0.6724705882352942
1,27.29,0.672,0.6723333333333333
1,27.3,0.69,0.672686274509804
1,27.31,0.706,0.6736274509803922
1,27.32,0.666,0.6735686274509805
1,27.33,0.694,0.6712352941176472
1,27.34,0.662,0.670607843137255
1,27.35,0.663,0.6708627450980392
1,27.36,0.684,0.6702352941176472
1,27.37,0.672,0.6700392156862744
1,27.38,0.676,0.6704313725490196
1,27.39,0.675,0.6695294117647059
1,27.4,0.671,0.6695490196078433
1,27.41,0.673,0.668156862745098
1,27.42,0.671,0.6680784313725491
1,27.43,0.643,0.6680588235294117
1,27.44,0.632,0.6673529411764705
1,27.45,0.611,0.6670196078431373
1,27.46,0.696,0.6657254901960784
1,27.47,0.667,0.6655686274509804
1,27.48,0.736,0.6669411764705883
1,27.49,0.67,0.6666078431372549
1,27.5,0.669,0.6660980392156862
1,27.51,0.665,0.6641764705882354
1,27.52,0.649,0.6650980392156863
1,27.53,0.663,0.6651960784313726
1,27.54,0.691,0.6645686274509804
1,27.55,0.705,0.6640784313725491
1,27.56,0.674,0.662843137254902
1,27.57,0.65,0.662235294117647
1,27.58,0.599,0.6623137254901961
1,27.59,0.652,0.6625294117647059
1,27.6,0.68,0.6627254901960784
1,27.61,0.633,0.6624509803921569
1,27.62,0.659,0.6625686274509803
1,27.63,0.672,0.6635686274509803
1,27.64,0.629,0.6632549019607843
1,27.65,0.658,0.6635686274509803
1,27.66,0.619,0.6635686274509806
1,27.67,0.671,0.664156862745098
1,27.68,0.663,0.6646470588235294
1,27.69,0.646,0.6662549019607843
1,27.7,0.651,0.667450980392157
1,27.71,0.614,0.6707058823529412
1,27.72,0.648,0.6707058823529413
1,27.73,0.716,0.6721960784313725
1,27.74,0.654,0.6724117647058824
1,27.75,0.693,0.6738627450980391
1,27.76,0.632,0.6759607843137255
1,27.77,0.719,0.6780588235294117
1,27.78,0.671,0.6795098039215687
1,27.79,0.618,0.6821176470588235
1,27.8,0.647,0.6830392156862743
1,27.81,0.627,0.6843333333333332
1,27.82,0.675,0.6877450980392156
1,27.83,0.67,0.690921568627451
1,27.84,0.705,0.6965294117647058
1,27.85,0.672,0.7003137254901961
1,27.86,0.649,0.7044705882352942
1,27.87,0.69,0.7078039215686275
1,27.88,0.723,0.7104901960784313
1,27.89,0.66,0.7122156862745098
1,27.9,0.691,0.7142745098039215
1,27.91,0.671,0.7165294117647059
1,27.92,0.703,0.7183137254901961
1,27.93,0.696,0.7200196078431372
1,27.94,0.725,0.7220980392156864
1,27.95,0.693,0.7244509803921569
1,27.96,0.777,0.7270588235294118
1,27.97,0.696,0.7297254901960785
1,27.98,0.743,0.7322941176470589
1,27.99,0.747,0.7355686274509803
1,28.0,0.744,0.7374901960784314
1,28.01,0.776,0.7383725490196079
1,28.02,0.772,0.7407450980392156
1,28.03,0.723,0.7412156862745098
1,28.04,0.796,0.7436862745098038
1,28.05,0.738,0.7473333333333334
1,28.06,0.771,0.751470588235294
1,28.07,0.848,0.7570588235294118
1,28.08,0.812,0.7602156862745096
1,28.09,0.885,0.762078431372549
1,28.1,0.845,0.765470588235294
1,28.11,0.892,0.7672941176470588
1,28.12,0.803,0.7693529411764706
1,28.13,0.796,0.7710392156862745
1,28.14,0.76,0.7748627450980392
1,28.15,0.734,0.7783725490196077
1,28.16,0.773,0.7791176470588237
1,28.17,0.71,0.7807647058823528
1,28.18,0.758,0.7819411764705881
1,28.19,0.769,0.7807843137254902
1,28.2,0.766,0.7804313725490196
1,28.21,0.784,0.7792745098039214
1,28.22,0.75,0.777921568627451
1,28.23,0.779,0.7789411764705882
1,28.24,0.883,0.7787843137254903
1,28.25,0.752,0.7773725490196078
1,28.26,0.738,0.7752352941176471
1,28.27,0.753,0.7739803921568628
1,28.28,0.743,0.7733529411764707
1,28.29,0.797,0.7724901960784315
1,28.3,0.804,0.7701176470588236
1,28.31,0.858,0.7695882352941177
1,28.32,0.912,0.7692156862745099
1,28.33,0.836,0.7665882352941177
1,28.34,0.765,0.7648039215686273
1,28.35,0.878,0.7608627450980393
1,28.36,0.765,0.7575686274509804
1,28.37,0.754,0.7544705882352941
1,28.38,0.776,0.7526274509803922
1,28.39,0.918,0.751450980392157
1,28.4,0.839,0.7511176470588234
1,28.41,0.729,0.7512352941176471
1,28.42,0.755,0.7508627450980392
1,28.43,0.763,0.7521764705882352
1,28.44,0.637,0.7524117647058824
1,28.45,0.707,0.7508039215686274
1,28.46,0.634,0.7491568627450981
1,28.47,0.708,0.7474313725490196
1,28.48,0.748,0.7473725490196078
1,28.49,0.735,0.7468627450980392
1,28.5,0.675,0.7432941176470589
1,28.51,0.635,0.7426862745098038
1,28.52,0.712,0.7424313725490196
1,28.53,0.74,0.7419019607843137
1,28.54,0.679,0.742
1,28.55,0.675,0.7414509803921568
1,28.56,0.711,0.7398431372549019
1,28.57,0.752,0.7368627450980392
1,28.58,0.714,0.7320196078431372
1,28.59,0.721,0.728921568627451
1,28.6,0.684,0.7279803921568628
1,28.61,0.677,0.7251372549019608
1,28.62,0.734,0.7238235294117646
1,28.63,0.709,0.7218627450980392
1,28.64,0.736,0.7201176470588235
1,28.65,0.743,0.7159607843137256
1,28.66,0.74,0.7132549019607844
1,28.67,0.754,0.713078431372549
1,28.68,0.777,0.7122745098039216
1,28.69,0.77,0.711686274509804
1,28.7,0.687,0.712921568627451
1,28.71,0.682,0.7120392156862745
1,28.72,0.696,0.7136274509803923
1,28.73,0.747,0.7144313725490196
1,28.74,0.753,0.7133333333333333
1,28.75,0.701,0.7129411764705882
1,28.76,0.721,0.7137058823529412
1,28.77,0.725,0.7140196078431372
1,28.78,0.726,0.7144117647058824
1,28.79,0.748,0.7143333333333333
1,28.8,0.769,0.7146274509803922
1,28.81,0.722,0.7150588235294117
1,28.82,0.706,0.715392156862745
1,28.83,0.665,0.715392156862745
1,28.84,0.678,0.7157058823529411
1,28.85,0.717,0.7160784313725491
1,28.86,0.733,0.7166470588235294
1,28.87,0.698,0.7169019607843137
1,28.88,0.654,0.7161176470588235
1,28.89,0.687,0.7158039215686275
1,28.9,0.706,0.7147254901960783
1,28.91,0.701,0.7139607843137254
1,28.92,0.72,0.7118823529411764
1,28.93,0.714,0.7104705882352942
1,28.94,0.733,0.7087254901960784
1,28.95,0.7,0.7071372549019608
1,28.96,0.662,0.7064313725490196
1,28.97,0.715,0.7062549019607843
1,28.98,0.749,0.7053921568627451
1,28.99,0.692,0.703078431372549
1,29.0,0.715,0.7008823529411764
1,29.01,0.714,0.6995686274509804
1,29.02,0.651,0.6979803921568626
1,29.03,0.732,0.6971176470588236
1,29.04,0.736,0.6964313725490197
1,29.05,0.694,0.6956666666666667
1,29.06,0.697,0.6942156862745098
1,29.07,0.728,0.6935882352941176
1,29.08,0.752,0.6930196078431373
1,29.09,0.73,0.6938823529411766
1,29.1,0.74,0.6942549019607842
1,29.11,0.713,0.6932941176470587
1,29.12,0.69,0.6928039215686276
1,29.13,0.694,0.6931176470588236
1,29.14,0.693,0.694078431372549
1,29.15,0.681,0.6945294117647058
1,29.16,0.704,0.6944901960784313
1,29.17,0.634,0.6944705882352941
1,29.18,0.682,0.6932156862745098
1,29.19,0.688,0.6923333333333332
1,29.2,0.689,0.6924901960784312
1,29.21,0.651,0.6919803921568627
1,29.22,0.673,0.6923921568627452
1,29.23,0.652,0.6921176470588234
1,29.24,0.629,0.6911764705882353
1,29.25,0.641,0.6900392156862745
1,29.26,0.634,0.689607843137255
1,29.27,0.64,0.6895098039215686
1,29.28,0.681,0.6900980392156862
1,29.29,0.691,0.6894509803921568
1,29.3,0.709,0.6883921568627451
1,29.31,0.695,0.6884901960784313
1,29.32,0.69,0.6878431372549021
1,29.33,0.677,0.6871764705882353
1,29.34,0.709,0.6861176470588235
1,29.35,0.697,0.6854705882352942
1,29.36,0.668,0.6852156862745098
1,29.37,0.708,0.6853725490196079
1,29.38,0.714,0.6868627450980392
1,29.39,0.703,0.688078431372549
1,29.4,0.71,0.6888627450980391
1,29.41,0.704,0.6891372549019608
1,29.42,0.7,0.6891176470588236
1,29.43,0.656,0.6908039215686275
1,29.44,0.669,0.6911960784313725
1,29.45,0.741,0.6918627450980391
1,29.46,0.674,0.6920196078431372
1,29.47,0.683,0.6928235294117647
1,29.48,0.701,0.6926862745098039
1,29.49,0.701,0.6931176470588235
1,29.5,0.634,0.6949411764705883
1,29.51,0.693,0.696078431372549
1,29.52,0.709,0.6976274509803921
1,29.53,0.681,0.6997058823529412
1,29.54,0.699,0.7001372549019607
1,29.55,0.682,0.701
1,29.56,0.699,0.7011176470588235
1,29.57,0.664,0.7017450980392156
1,29.58,0.694,0.7013333333333334
1,29.59,0.698,0.7025686274509805
1,29.6,0.697,0.7018235294117647
1,29.61,0.727,0.7019411764705882
1,29.62,0.721,0.7029803921568628
1,29.63,0.766,0.7021568627450979
1,29.64,0.756,0.702
1,29.65,0.733,0.702
1,29.66,0.695,0.702313725490196
1,29.67,0.703,0.702078431372549
1,29.68,0.72,0.7021372549019608
1,29.69,0.702,0.702627450980392
1,29.7,0.722,0.7031176470588235
1,29.71,0.697,0.703078431372549
1,29.72,0.692,0.7033137254901961
1,29.73,0.666,0.7031960784313724
1,29.74,0.674,0.7015882352941177
1,29.75,0.722,0.7007058823529413
1,29.76,0.699,0.7014705882352941
1,29.77,0.713,0.7021568627450979
1,29.78,0.746,0.7030588235294118
1,29.79,0.703,0.7046078431372548
1,29.8,0.735,0.7052156862745098
1,29.81,0.715,0.7054313725490197
1,29.82,0.727,0.7055490196078431
1,29.83,0.669,0.7070196078431371
1,29.84,0.74,0.7070980392156863
1,29.85,0.671,0.7076666666666667
1,29.86,0.703,0.7085294117647059
1,29.87,0.721,0.7084117647058823
1,29.88,0.666,0.7080980392156863
1,29.89,0.706,0.7067254901960784
1,29.9,0.703,0.7061176470588235
1,29.91,0.726,0.706686274509804
1,29.92,0.692,0.706764705882353
1,29.93,0.703,0.7071372549019608
1,29.94,0.681,0.7070392156862745
1,29.95,0.694,0.7063725490196078
1,29.96,0.739,0.7065882352941176
1,29.97,0.686,0.7064117647058822
1,29.98,0.677,0.7061372549019608
1,29.99,0.619,0.7068235294117647
1,30.0,0.656,0.7064705882352942
1,30.01,0.673,0.7064509803921568
1,30.02,0.728,0.7068627450980393
1,30.03,0.755,0.707156862745098
1,30.04,0.76,0.707078431372549
1,30.05,0.73,0.7063921568627451
1,30.06,0.693,0.705764705882353
1,30.07,0.705,0.7050196078431372
1,30.08,0.739,0.7040000000000001
1,30.09,0.698,0.704549019607843
1,30.1,0.727,0.7035882352941175
1,30.11,0.741,0.7038823529411764
1,30.12,0.721,0.7033921568627451
1,30.13,0.705,0.7020980392156861
1,30.14,0.696,0.7025882352941176
1,30.15,0.725,0.701156862745098
1,30.16,0.762,0.7000588235294118
1,30.17,0.699,0.6988823529411765
1,30.18,0.722,0.6982941176470588
1,30.19,0.715,0.6974313725490197
1,30.2,0.668,0.6969215686274509
1,30.21,0.733,0.6966666666666667
1,30.22,0.688,0.6952745098039216
1,30.23,0.678,0.6947058823529412
1,30.24,0.701,0.6952745098039216
1,30.25,0.656,0.6974705882352942
1,30.26,0.721,0.6975490196078431
1,30.27,0.72,0.6976862745098039
1,30.28,0.728,0.6972156862745098
1,30.29,0.742,0.6962941176470587
1,30.3,0.668,0.6949411764705883
1,30.31,0.703,0.6943725490196078
1,30.32,0.677,0.6946078431372549
1,30.33,0.675,0.6941764705882353
1,30.34,0.697,0.6920392156862746
1,30.35,0.691,0.6910588235294117
1,30.36,0.686,0.6899019607843138
1,30.37,0.678,0.687764705882353
1,30.38,0.655,0.6874117647058824
1,30.39,0.691,0.6874313725490195
1,30.4,0.633,0.686921568627451
1,30.41,0.647,0.6857450980392157
1,30.42,0.666,0.6842745098039215
1,30.43,0.662,0.6832941176470588
1,30.44,0.659,0.682921568627451
1,30.45,0.655,0.6818235294117647
1,30.46,0.681,0.6815098039215687
1,30.47,0.668,0.679921568627451
1,30.48,0.657,0.6791372549019609
1,30.49,0.706,0.6785098039215686
1,30.5,0.731,0.6779999999999999
1,30.51,0.66,0.6774901960784314
1,30.52,0.68,0.6764901960784314
1,30.53,0.704,0.6759411764705883
1,30.54,0.708,0.6752941176470589
1,30.55,0.691,0.6746666666666666
1,30.56,0.701,0.6752745098039216
1,30.57,0.705,0.6749019607843137
1,30.58,0.683,0.6743725490196079
1,30.59,0.63,0.6739607843137255
1,30.6,0.648,0.6739803921568628
1,30.61,0.668,0.673843137254902
1,30.62,0.632,0.6736274509803922
1,30.63,0.703,0.6732941176470587
1,30.64,0.706,0.6739411764705883
1,30.65,0.67,0.6736078431372549
1,30.66,0.665,0.6742156862745098
1,30.67,0.687,0.6746470588235294
1,30.68,0.649,0.6753137254901961
1,30.69,0.703,0.6754509803921569
1,30.7,0.659,0.6763529411764706
1,30.71,0.652,0.6766666666666667
1,30.72,0.652,0.6766862745098038
1,30.73,0.648,0.6777254901960784
1,30.74,0.646,0.6788235294117648
1,30.75,0.675,0.6786274509803921
1,30.76,0.63,0.6780392156862745
1,30.77,0.67,0.6787254901960784
1,30.78,0.692,0.6790784313725491
1,30.79,0.695,0.6784313725490196
1,30.8,0.71,0.6768039215686276
1,30.81,0.699,0.6771568627450981
1,30.82,0.684,0.6774705882352942
1,30.83,0.65,0.6773137254901961
1,30.84,0.654,0.6784705882352942
1,30.85,0.698,0.68
1,30.86,0.684,0.6810588235294118
1,30.87,0.675,0.6812549019607843
1,30.88,0.661,0.6820980392156862
1,30.89,0.688,0.6810588235294118
1,30.9,0.674,0.6802941176470588
1,30.91,0.664,0.6809019607843138
1,30.92,0.669,0.6815686274509803
1,30.93,0.7,0.680921568627451
1,30.94,0.669,0.6797450980392157
1,30.95,0.705,0.6784509803921569
1,30.96,0.671,0.6793921568627451
1,30.97,0.682,0.6798039215686273
1,30.98,0.721,0.6801176470588235
1,30.99,0.713,0.6810196078431372
1,31.0,0.696,0.6818235294117647
1,31.01,0.701,0.6821960784313725
1,31.02,0.695,0.6840196078431372
1,31.03,0.698,0.6843725490196079
1,31.04,0.671,0.6836470588235294
1,31.05,0.625,0.6833333333333332
1,31.06,0.709,0.683235294117647
1,31.07,0.717,0.6827843137254901
1,31.08,0.697,0.6835294117647058
1,31.09,0.742,0.683921568627451
1,31.1,0.708,0.6839803921568628
1,31.11,0.702,0.6845098039215686
1,31.12,0.678,0.6837254901960785
1,31.13,0.675,0.6828823529411764
1,31.14,0.65,0.6838627450980392
1,31.15,0.667,0.6841568627450981
1,31.16,0.701,0.6853333333333333
1,31.17,0.699,0.6862156862745098
1,31.18,0.654,0.6865294117647059
1,31.19,0.589,0.6871372549019608
1,31.2,0.637,0.6873137254901962
1,31.21,0.707,0.6869607843137254
1,31.22,0.673,0.6884901960784313
1,31.23,0.668,0.6886470588235295
1,31.24,0.694,0.6882352941176471
1,31.25,0.687,0.6886470588235293
1,31.26,0.694,0.6880000000000001
1,31.27,0.723,0.6880000000000001
1,31.28,0.688,0.688843137254902
1,31.29,0.655,0.689235294117647
1,31.3,0.679,0.69
1,31.31,0.705,0.6916470588235294
1,31.32,0.676,0.689921568627451
1,31.33,0.722,0.6893333333333334
1,31.34,0.67,0.690294117647059
1,31.35,0.657,0.6899803921568628
1,31.36,0.725,0.6902941176470588
1,31.37,0.644,0.6904901960784314
1,31.38,0.632,0.6917450980392156
1,31.39,0.711,0.6923529411764706
1,31.4,0.703,0.6950980392156864
1,31.41,0.734,0.6966078431372549
1,31.42,0.709,0.6964901960784314
1,31.43,0.685,0.6967450980392157
1,31.44,0.731,0.6986666666666667
1,31.45,0.678,0.7013333333333334
1,31.46,0.687,0.702764705882353
1,31.47,0.749,0.7030980392156863
1,31.48,0.69,0.7039019607843138
1,31.49,0.7,0.7030980392156863
1,31.5,0.734,0.7014705882352941
1,31.51,0.663,0.7013333333333333
1,31.52,0.701,0.7003529411764706
1,31.53,0.738,0.6993333333333334
1,31.54,0.718,0.6992156862745097
1,31.55,0.71,0.6992549019607843
1,31.56,0.709,0.6987058823529412
1,31.57,0.621,0.6986078431372549
1,31.58,0.687,0.6990980392156864
1,31.59,0.746,0.6980392156862746
1,31.6,0.726,0.6994313725490195
1,31.61,0.724,0.7010784313725489
1,31.62,0.712,0.700843137254902
1,31.63,0.742,0.7021372549019608
1,31.64,0.706,0.7047450980392157
1,31.65,0.79,0.705156862745098
1,31.66,0.744,0.7051176470588235
1,31.67,0.695,0.7047058823529413
1,31.68,0.712,0.7038823529411764
1,31.69,0.752,0.704549019607843
1,31.7,0.725,0.7037843137254902
1,31.71,0.71,0.7036470588235293
1,31.72,0.724,0.7031764705882353
1,31.73,0.714,0.702313725490196
1,31.74,0.627,0.7025686274509805
1,31.75,0.611,0.7023725490196078
1,31.76,0.68,0.7011176470588236
1,31.77,0.644,0.702078431372549
1,31.78,0.671,0.7030392156862745
1,31.79,0.682,0.7016078431372549
1,31.8,0.657,0.7017450980392157
1,31.81,0.651,0.701843137254902
1,31.82,0.7,0.7012941176470587
1,31.83,0.701,0.7027058823529411
1,31.84,0.668,0.7030196078431372
1,31.85,0.741,0.7020392156862744
1,31.86,0.741,0.7017058823529412
1,31.87,0.713,0.7012156862745098
1,31.88,0.71,0.6997647058823528
1,31.89,0.765,0.6985490196078431
1,31.9,0.732,0.6991176470588234
1,31.91,0.701,0.6978235294117647
1,31.92,0.713,0.697313725490196
1,31.93,0.667,0.6976274509803921
1,31.94,0.719,0.6980784313725491
1,31.95,0.692,0.698
1,31.96,0.671,0.6972156862745098
1,31.97,0.663,0.6970784313725489
1,31.98,0.705,0.6968823529411764
1,31.99,0.703,0.6962352941176471
1,32.0,0.69,0.6980392156862746
1,32.01,0.67,0.6995882352941177
1,32.02,0.712,0.6997843137254902
1,32.03,0.75,0.7008039215686275
1,32.04,0.665,0.7018039215686274
1,32.05,0.725,0.7023529411764706
1,32.06,0.715,0.7045686274509804
1,32.07,0.681,0.707078431372549
1,32.08,0.693,0.7076862745098039
1,32.09,0.703,0.7082156862745098
1,32.1,0.696,0.7094117647058823
1,32.11,0.709,0.7098823529411765
1,32.12,0.699,0.7106862745098038
1,32.13,0.638,0.7121372549019608
1,32.14,0.68,0.7135882352941176
1,32.15,0.735,0.7147843137254902
1,32.16,0.724,0.715078431372549
1,32.17,0.718,0.7158039215686275
1,32.18,0.711,0.7177843137254902
1,32.19,0.735,0.7190392156862745
1,32.2,0.748,0.7196862745098039
1,32.21,0.685,0.7194901960784315
1,32.22,0.703,0.7203333333333334
1,32.23,0.714,0.7211176470588235
1,32.24,0.681,0.7213333333333333
1,32.25,0.719,0.7223529411764705
1,32.26,0.69,0.7221176470588234
1,32.27,0.69,0.722549019607843
1,32.28,0.696,0.7222941176470589
1,32.29,0.722,0.7211764705882353
1,32.3,0.71,0.7220980392156864
1,32.31,0.77,0.7195098039215686
1,32.32,0.779,0.7186862745098039
1,32.33,0.731,0.7182352941176471
1,32.34,0.728,0.7182549019607843
1,32.35,0.729,0.7174705882352942
1,32.36,0.765,0.7164313725490197
1,32.37,0.782,0.7157843137254901
1,32.38,0.787,0.7164509803921569
1,32.39,0.784,0.7175882352941176
1,32.4,0.826,0.7176470588235294
1,32.41,0.747,0.7186666666666667
1,32.42,0.738,0.7185686274509804
1,32.43,0.814,0.7182745098039217
1,32.44,0.731,0.7183137254901959
1,32.45,0.752,0.7189803921568627
1,32.46,0.682,0.7179411764705883
1,32.47,0.714,0.7178235294117646
1,32.48,0.703,0.7201176470588235
1,32.49,0.716,0.7204705882352941
1,32.5,0.755,0.7209411764705882
1,32.51,0.678,0.7202745098039215
1,32.52,0.692,0.7207843137254901
1,32.53,0.699,0.7209607843137255
1,32.54,0.693,0.7206470588235294
1,32.55,0.712,0.7201176470588235
1,32.56,0.593,0.7196274509803922
1,32.57,0.673,0.7179607843137255
1,32.58,0.658,0.7162941176470587
1,32.59,0.694,0.7150196078431372
1,32.6,0.663,0.713627450980392
1,32.61,0.643,0.7132941176470589
1,32.62,0.676,0.7120980392156863
1,32.63,0.733,0.710921568627451
1,32.64,0.696,0.7094313725490196
1,32.65,0.683,0.7077058823529411
1,32.66,0.787,0.7052156862745097
1,32.67,0.719,0.7048431372549019
1,32.68,0.703,0.7037058823529411
1,32.69,0.713,0.7014313725490195
1,32.7,0.769,0.7003725490196079
1,32.71,0.695,0.6999411764705883
1,32.72,0.679,0.6995882352941175
1,32.73,0.82,0.6998039215686274
1,32.74,0.732,0.6997843137254902
1,32.75,0.705,0.6998823529411765
1,32.76,0.685,0.6985490196078431
1,32.77,0.716,0.6986666666666668
1,32.78,0.699,0.6990000000000001
1,32.79,0.68,0.6989803921568627
1,32.8,0.695,0.6984705882352941
1,32.81,0.685,0.6966078431372548
1,32.82,0.685,0.697764705882353
1,32.83,0.694,0.6974313725490195
1,32.84,0.666,0.6968627450980392
1,32.85,0.657,0.6963529411764706
1,32.86,0.712,0.6955882352941175
1,32.87,0.704,0.6956274509803921
1,32.88,0.722,0.6952745098039216
1,32.89,0.711,0.6939803921568628
1,32.9,0.696,0.693843137254902
1,32.91,0.699,0.6931372549019608
1,32.92,0.728,0.6904509803921569
1,32.93,0.68,0.6892156862745098
1,32.94,0.698,0.6885294117647058
1,32.95,0.677,0.6881372549019609
1,32.96,0.73,0.6865490196078431
1,32.97,0.664,0.6861176470588235
1,32.98,0.725,0.685921568627451
1,32.99,0.702,0.6843921568627451
1,33.0,0.721,0.685
1,33.01,0.687,0.6836862745098038
1,33.02,0.684,0.6830588235294118
1,33.03,0.709,0.682921568627451
1,33.04,0.698,0.6821568627450981
1,33.05,0.667,0.6823333333333333
1,33.06,0.617,0.6825686274509803
1,33.07,0.652,0.6824117647058824
1,33.08,0.656,0.6825882352941176
1,33.09,0.629,0.6821176470588236
1,33.1,0.668,0.6823333333333333
1,33.11,0.624,0.6821568627450981
1,33.12,0.645,0.6815490196078432
1,33.13,0.658,0.6805686274509803
1,33.14,0.667,0.6801372549019608
1,33.15,0.689,0.6796666666666666
1,33.16,0.647,0.6786274509803921
1,33.17,0.65,0.678
1,33.18,0.656,0.6779803921568627
1,33.19,0.668,0.6784901960784314
1,33.2,0.693,0.6777058823529413
1,33.21,0.688,0.6782352941176472
1,33.22,0.673,0.6772156862745098
1,33.23,0.669,0.6782745098039217
1,33.24,0.742,0.6789019607843138
1,33.25,0.763,0.6784117647058823
1,33.26,0.638,0.6781176470588236
1,33.27,0.653,0.6774705882352942
1,33.28,0.709,0.677156862745098
1,33.29,0.66,0.6767450980392158
1,33.3,0.689,0.676686274509804
1,33.31,0.707,0.6768627450980392
1,33.32,0.677,0.6775882352941177
1,33.33,0.694,0.6780784313725491
1,33.34,0.67,0.6785098039215688
1,33.35,0.677,0.6792156862745098
1,33.36,0.648,0.6787058823529412
1,33.37,0.681,0.6798431372549021
1,33.38,0.654,0.680843137254902
1,33.39,0.7,0.6809803921568627
1,33.4,0.687,0.6824509803921569
1,33.41,0.643,0.6845882352941175
1,33.42,0.667,0.6872941176470588
1,33.43,0.727,0.6892549019607843
1,33.44,0.706,0.6900196078431373
1,33.45,0.658,0.6910588235294117
1,33.46,0.704,0.692156862745098
1,33.47,0.678,0.6924313725490197
1,33.48,0.718,0.6928823529411765
1,33.49,0.757,0.6939019607843138
1,33.5,0.677,0.6945490196078431
1,33.51,0.706,0.694156862745098
1,33.52,0.654,0.6957450980392158
1,33.53,0.668,0.6976666666666665
1,33.54,0.688,0.6987843137254902
1,33.55,0.695,0.7007058823529411
1,33.56,0.676,0.7011372549019607
1,33.57,0.654,0.700529411764706
1,33.58,0.677,0.7012941176470587
1,33.59,0.678,0.702
1,33.6,0.665,0.7031960784313726
1,33.61,0.642,0.7041764705882352
1,33.62,0.682,0.7054705882352941
1,33.63,0.696,0.7066470588235294
1,33.64,0.665,0.7078039215686276
1,33.65,0.742,0.7076862745098039
1,33.66,0.798,0.7084901960784314
1,33.67,0.785,0.7108823529411765
1,33.68,0.75,0.7124313725490197
1,33.69,0.695,0.7123333333333332
1,33.7,0.721,0.7117450980392157
1,33.71,0.749,0.7129019607843137
1,33.72,0.702,0.713392156862745
1,33.73,0.696,0.7140588235294117
1,33.74,0.721,0.7141764705882352
1,33.75,0.775,0.713764705882353
1,33.76,0.743,0.7155098039215686
1,33.77,0.719,0.7155882352941176
1,33.78,0.751,0.7158235294117646
1,33.79,0.766,0.7164509803921569
1,33.8,0.758,0.7166470588235294
1,33.81,0.711,0.717764705882353
1,33.82,0.676,0.7175882352941175
1,33.83,0.716,0.7188627450980392
1,33.84,0.73,0.7194117647058823
1,33.85,0.731,0.7199019607843137
1,33.86,0.727,0.7202352941176471
1,33.87,0.714,0.7211176470588235
1,33.88,0.741,0.7215686274509804
1,33.89,0.713,0.7215686274509805
1,33.9,0.694,0.7234313725490197
1,33.91,0.728,0.7228627450980392
1,33.92,0.765,0.7215294117647059
1,33.93,0.746,0.7197843137254901
1,33.94,0.722,0.7189803921568627
1,33.95,0.676,0.7187254901960785
1,33.96,0.717,0.7177450980392157
1,33.97,0.729,0.716
1,33.98,0.712,0.7157254901960785
1,33.99,0.724,0.715392156862745
1,34.0,0.736,0.7143333333333333
1,34.01,0.766,0.7127843137254902
1,34.02,0.71,0.7116274509803922
1,34.03,0.666,0.7105882352941175
1,34.04,0.7,0.7085686274509804
1,34.05,0.698,0.7068627450980393
1,34.06,0.752,0.7054901960784313
1,34.07,0.667,0.7052549019607843
1,34.08,0.719,0.705921568627451
1,34.09,0.705,0.7054509803921569
1,34.1,0.703,0.7037843137254902
1,34.11,0.682,0.7034901960784313
1,34.12,0.687,0.7019411764705882
1,34.13,0.705,0.7011960784313724
1,34.14,0.696,0.7004705882352941
1,34.15,0.76,0.7011568627450979
1,34.16,0.713,0.7008235294117648
1,34.17,0.73,0.6994901960784313
1,34.18,0.696,0.698156862745098
1,34.19,0.709,0.6965882352941176
1,34.2,0.682,0.6964901960784314
1,34.21,0.671,0.6968627450980392
1,34.22,0.66,0.6962156862745099
1,34.23,0.688,0.695764705882353
1,34.24,0.679,0.6955882352941177
1,34.25,0.667,0.694156862745098
1,34.26,0.696,0.6933137254901961
1,34.27,0.684,0.6918823529411765
1,34.28,0.666,0.6914509803921568
1,34.29,0.648,0.6919019607843137
1,34.3,0.679,0.6918627450980391
1,34.31,0.688,0.6916666666666667
1,34.32,0.699,0.6898627450980392
1,34.33,0.71,0.6900784313725491
1,34.34,0.692,0.6901372549019609
1,34.35,0.645,0.6893137254901961
1,34.36,0.716,0.6896862745098039
1,34.37,0.648,0.690078431372549
1,34.38,0.676,0.6906274509803921
1,34.39,0.704,0.6901372549019609
1,34.4,0.748,0.6903333333333332
1,34.41,0.677,0.6892549019607843
1,34.42,0.66,0.6880980392156862
1,34.43,0.697,0.6867254901960785
1,34.44,0.666,0.6864901960784314
1,34.45,0.717,0.6848235294117647
1,34.46,0.695,0.6845490196078431
1,34.47,0.684,0.6846862745098039
1,34.48,0.706,0.6840980392156863
1,34.49,0.703,0.6831372549019608
1,34.5,0.651,0.6822745098039216
1,34.51,0.693,0.6822745098039216
1,34.52,0.693,0.681843137254902
1,34.53,0.688,0.6820392156862745
1,34.54,0.689,0.683392156862745
1,34.55,0.698,0.6843725490196079
1,34.56,0.688,0.6859411764705882
1,34.57,0.66,0.6856078431372549
1,34.58,0.678,0.6855490196078432
1,34.59,0.722,0.6864117647058823
1,34.6,0.663,0.6869411764705882
1,34.61,0.722,0.686843137254902
1,34.62,0.702,0.6864901960784314
1,34.63,0.715,0.6867843137254903
1,34.64,0.68,0.6867058823529412
1,34.65,0.706,0.6861960784313726
1,34.66,0.705,0.6867254901960785
1,34.67,0.654,0.6874509803921568
1,34.68,0.66,0.6884901960784313
1,34.69,0.684,0.6898823529411764
1,34.7,0.624,0.6909411764705883
1,34.71,0.668,0.6911960784313727
1,34.72,0.678,0.6912156862745098
1,34.73,0.63,0.691078431372549
1,34.74,0.639,0.6899607843137255
1,34.75,0.635,0.6894705882352941
1,34.76,0.667,0.6908823529411765
1,34.77,0.674,0.6902352941176471
1,34.78,0.694,0.6904117647058823
1,34.79,0.735,0.6903529411764707
1,34.8,0.698,0.6912941176470588
1,34.81,0.759,0.6916470588235294
1,34.82,0.671,0.691843137254902
1,34.83,0.696,0.6934705882352941
1,34.84,0.754,0.6940392156862746
1,34.85,0.719,0.6941176470588235
1,34.86,0.64,0.6952352941176471
1,34.87,0.698,0.6945686274509805
1,34.88,0.663,0.6952941176470588
1,34.89,0.672,0.6953529411764706
1,34.9,0.678,0.6950588235294117
1,34.91,0.775,0.695686274509804
1,34.92,0.714,0.695
1,34.93,0.713,0.6954901960784313
1,34.94,0.768,0.6956862745098039
1,34.95,0.72,0.6948431372549019
1,34.96,0.73,0.6964705882352941
1,34.97,0.696,0.6970588235294117
1,34.98,0.677,0.6974313725490197
1,34.99,0.649,0.6993529411764706
1,35.0,0.678,0.7002941176470588
1,35.01,0.723,0.7006470588235294
1,35.02,0.66,0.7008627450980393
1,35.03,0.702,0.7019803921568627
1,35.04,0.685,0.7025098039215687
1,35.05,0.737,0.7003725490196079
1,35.06,0.716,0.7003137254901961
1,35.07,0.698,0.6985882352941176
1,35.08,0.743,0.698764705882353
1,35.09,0.707,0.6991176470588234
1,35.1,0.726,0.6984117647058824
1,35.11,0.72,0.6971372549019607
1,35.12,0.688,0.6988627450980391
1,35.13,0.739,0.6994901960784313
1,35.14,0.718,0.6995686274509804
1,35.15,0.665,0.6993529411764706
1,35.16,0.738,0.6989803921568627
1,35.17,0.67,0.6966078431372549
1,35.18,0.679,0.6952745098039216
1,35.19,0.67,0.6942941176470588
1,35.2,0.641,0.6930588235294117
1,35.21,0.707,0.6910392156862746
1,35.22,0.698,0.6894705882352941
1,35.23,0.697,0.6885882352941177
1,35.24,0.728,0.6886862745098039
1,35.25,0.687,0.6889411764705882
1,35.26,0.653,0.6887450980392158
1,35.27,0.678,0.686921568627451
1,35.28,0.731,0.685921568627451
1,35.29,0.721,0.6850392156862745
1,35.3,0.626,0.6848039215686273
1,35.31,0.695,0.6832941176470589
1,35.32,0.671,0.6825490196078432
1,35.33,0.68,0.6821960784313725
1,35.34,0.714,0.6805294117647059
1,35.35,0.718,0.6801764705882353
1,35.36,0.654,0.6785294117647058
1,35.37,0.728,0.6766470588235294
1,35.38,0.73,0.6765686274509803
1,35.39,0.667,0.674607843137255
1,35.4,0.661,0.6730392156862745
1,35.41,0.659,0.6726666666666666
1,35.42,0.654,0.6713921568627451
1,35.43,0.646,0.671156862745098
1,35.44,0.663,0.6708039215686276
1,35.45,0.705,0.6717450980392157
1,35.46,0.617,0.6727058823529412
1,35.47,0.65,0.6726470588235294
1,35.48,0.651,0.6728431372549021
1,35.49,0.682,0.6723921568627451
1,35.5,0.662,0.6706470588235294
1,35.51,0.668,0.670078431372549
1,35.52,0.63,0.6699411764705883
1,35.53,0.609,0.669921568627451
1,35.54,0.657,0.6687058823529411
1,35.55,0.673,0.6682745098039216
1,35.56,0.66,0.6697254901960784
1,35.57,0.678,0.6693333333333333
1,35.58,0.68,0.6696666666666666
1,35.59,0.658,0.6694117647058824
1,35.6,0.689,0.669
1,35.61,0.642,0.6678627450980392
1,35.62,0.624,0.668607843137255
1,35.63,0.684,0.6677450980392157
1,35.64,0.639,0.6673333333333333
1,35.65,0.638,0.6675098039215688
1,35.66,0.646,0.6680392156862746
1,35.67,0.673,0.6684313725490196
1,35.68,0.658,0.6698039215686273
1,35.69,0.661,0.6698039215686273
1,35.7,0.718,0.6693333333333333
1,35.71,0.69,0.6686470588235295
1,35.72,0.704,0.6705882352941176
1,35.73,0.708,0.6708627450980392
1,35.74,0.674,0.6724117647058824
1,35.75,0.639,0.6733333333333335
1,35.76,0.658,0.673372549019608
1,35.77,0.646,0.6731568627450981
1,35.78,0.677,0.6741176470588236
1,35.79,0.669,0.6756274509803921
1,35.8,0.699,0.6762745098039216
1,35.81,0.7,0.6765882352941176
1,35.82,0.675,0.6770196078431372
1,35.83,0.688,0.6771176470588236
1,35.84,0.667,0.6778039215686275
1,35.85,0.693,0.6783725490196079
1,35.86,0.66,0.679156862745098
1,35.87,0.692,0.6798431372549021
1,35.88,0.684,0.6810196078431372
1,35.89,0.709,0.6806666666666668
1,35.9,0.676,0.6820392156862745
1,35.91,0.688,0.6831176470588236
1,35.92,0.679,0.6834509803921569
1,35.93,0.724,0.6835490196078431
1,35.94,0.646,0.6835882352941176
1,35.95,0.639,0.6840196078431372
1,35.96,0.67,0.6836274509803922
1,35.97,0.716,0.6833725490196079
1,35.98,0.664,0.6840784313725491
1,35.99,0.73,0.6834509803921568
1,36.0,0.729,0.6833529411764706
1,36.01,0.664,0.6839411764705883
1,36.02,0.657,0.685
1,36.03,0.679,0.6862156862745098
1,36.04,0.686,0.6863725490196079
1,36.05,0.69,0.6861960784313726
1,36.06,0.689,0.6859411764705882
1,36.07,0.682,0.6843921568627451
1,36.08,0.683,0.6853333333333333
1,36.09,0.715,0.6854705882352942
1,36.1,0.687,0.6858627450980392
1,36.11,0.729,0.6861176470588236
1,36.12,0.677,0.6862156862745098
1,36.13,0.684,0.6856078431372549
1,36.14,0.666,0.6852156862745099
1,36.15,0.709,0.6839803921568628
1,36.16,0.693,0.6843333333333332
1,36.17,0.663,0.6845490196078431
1,36.18,0.678,0.6855686274509804
1,36.19,0.66,0.6837450980392157
1,36.2,0.683,0.6842549019607844
1,36.21,0.698,0.6851176470588236
1,36.22,0.677,0.6841372549019608
1,36.23,0.74,0.6835882352941178
1,36.24,0.676,0.6828235294117648
1,36.25,0.669,0.681470588235294
1,36.26,0.669,0.6800392156862746
1,36.27,0.712,0.6803137254901961
1,36.28,0.708,0.6816274509803921
1,36.29,0.685,0.6815294117647059
1,36.3,0.66,0.6816274509803921
1,36.31,0.686,0.6818823529411765
1,36.32,0.621,0.6824509803921569
1,36.33,0.723,0.682921568627451
1,36.34,0.695,0.6834117647058824
1,36.35,0.687,0.6822156862745099
1,36.36,0.706,0.6818039215686275
1,36.37,0.665,0.6791176470588235
1,36.38,0.661,0.6790196078431373
1,36.39,0.664,0.6786274509803921
1,36.4,0.646,0.6789999999999999
1,36.41,0.694,0.6786862745098039
1,36.42,0.699,0.6783921568627451
1,36.43,0.731,0.6794117647058823
1,36.44,0.631,0.6781372549019608
1,36.45,0.672,0.6792156862745098
1,36.46,0.683,0.6788823529411764
1,36.47,0.62,0.6785686274509803
1,36.48,0.688,0.6786666666666668
1,36.49,0.625,0.6785882352941176
1,36.5,0.661,0.678450980392157
1,36.51,0.656,0.6783921568627451
1,36.52,0.678,0.678921568627451
1,36.53,0.724,0.6779607843137255
1,36.54,0.674,0.6771176470588236
1,36.55,0.691,0.6767058823529412
1,36.56,0.703,0.6773725490196079
1,36.57,0.718,0.6765490196078432
1,36.58,0.706,0.6781372549019608
1,36.59,0.708,0.6768235294117647
1,36.6,0.654,0.6759999999999999
1,36.61,0.666,0.6752352941176472
1,36.62,0.592,0.6745490196078432
1,36.63,0.672,0.6732941176470588
1,36.64,0.664,0.673392156862745
1,36.65,0.685,0.6730588235294118
1,36.66,0.693,0.6731176470588234
1,36.67,0.678,0.6722549019607844
1,36.68,0.715,0.6719607843137255
1,36.69,0.613,0.670764705882353
1,36.7,0.715,0.6714313725490196
1,36.71,0.666,0.6729215686274509
1,36.72,0.682,0.6731372549019607
1,36.73,0.682,0.6751960784313726
1,36.74,0.736,0.6767254901960784
1,36.75,0.669,0.6788235294117646
1,36.76,0.666,0.679764705882353
1,36.77,0.696,0.6807843137254902
1,36.78,0.663,0.6820588235294118
1,36.79,0.665,0.6815490196078432
1,36.8,0.664,0.6831960784313725
1,36.81,0.694,0.6849019607843138
1,36.82,0.644,0.6850980392156862
1,36.83,0.702,0.6854117647058824
1,36.84,0.656,0.6854117647058823
1,36.85,0.653,0.6851176470588236
1,36.86,0.648,0.6858431372549019
1,36.87,0.671,0.6864901960784314
1,36.88,0.601,0.6892352941176472
1,36.89,0.666,0.6893725490196078
1,36.9,0.647,0.6902745098039216
1,36.91,0.649,0.6916274509803922
1,36.92,0.65,0.6913333333333334
1,36.93,0.684,0.6918235294117647
1,36.94,0.67,0.6915882352941176
1,36.95,0.665,0.6927058823529413
1,36.96,0.748,0.6930196078431373
1,36.97,0.694,0.6931176470588236
1,36.98,0.725,0.6929019607843138
1,36.99,0.766,0.692843137254902
1,37.0,0.732,0.6906862745098039
1,37.01,0.709,0.6916274509803921
1,37.02,0.708,0.6920588235294118
1,37.03,0.743,0.6920980392156864
1,37.04,0.698,0.693156862745098
1,37.05,0.758,0.6933529411764705
1,37.06,0.778,0.6943529411764706
1,37.07,0.713,0.6942352941176471
1,37.08,0.734,0.6960588235294116
1,37.09,0.706,0.6953333333333332
1,37.1,0.693,0.6958823529411765
1,37.11,0.691,0.6962745098039216
1,37.12,0.699,0.6968823529411764
1,37.13,0.732,0.6986862745098038
1,37.14,0.679,0.7006862745098039
1,37.15,0.71,0.6999411764705883
1,37.16,0.754,0.7001960784313724
1,37.17,0.678,0.7012352941176472
1,37.18,0.703,0.7021764705882353
1,37.19,0.703,0.7028823529411765
1,37.2,0.67,0.7032156862745097
1,37.21,0.731,0.7042745098039216
1,37.22,0.671,0.701764705882353
1,37.23,0.671,0.700921568627451
1,37.24,0.679,0.700156862745098
1,37.25,0.626,0.6984509803921569
1,37.26,0.717,0.6968627450980392
1,37.27,0.688,0.6952156862745097
1,37.28,0.698,0.6942352941176471
1,37.29,0.717,0.6918235294117646
1,37.3,0.675,0.6911764705882353
1,37.31,0.715,0.6900588235294117
1,37.32,0.688,0.6887450980392158
1,37.33,0.737,0.6898039215686275
1,37.34,0.665,0.689156862745098
1,37.35,0.684,0.6885686274509805
1,37.36,0.673,0.6890980392156862
1,37.37,0.679,0.6893529411764706
1,37.38,0.763,0.689
1,37.39,0.703,0.6884705882352941
1,37.4,0.628,0.6885490196078433
1,37.41,0.66,0.6883921568627451
1,37.42,0.702,0.6874313725490195
1,37.43,0.698,0.6886470588235295
1,37.44,0.72,0.6883529411764705
1,37.45,0.687,0.688529411764706
1,37.46,0.719,0.6892156862745098
1,37.47,0.62,0.6892941176470587
1,37.48,0.651,0.6899411764705882
1,37.49,0.686,0.6920000000000001
1,37.5,0.679,0.6927058823529411
1,37.51,0.651,0.6944509803921569
1,37.52,0.625,0.695529411764706
1,37.53,0.658,0.6966078431372549
1,37.54,0.62,0.6971960784313724
1,37.55,0.665,0.6970980392156862
1,37.56,0.701,0.6977058823529412
1,37.57,0.711,0.697313725490196
1,37.58,0.767,0.6979411764705884
1,37.59,0.701,0.6973921568627451
1,37.6,0.676,0.6979411764705882
1,37.61,0.72,0.6978823529411764
1,37.62,0.704,0.6983137254901962
1,37.63,0.681,0.6984509803921569
1,37.64,0.705,0.6981372549019609
1,37.65,0.683,0.6995098039215686
1,37.66,0.702,0.7020392156862746
1,37.67,0.705,0.7038235294117647
1,37.68,0.74,0.7042156862745098
1,37.69,0.688,0.7048235294117646
1,37.7,0.712,0.7049803921568628
1,37.71,0.705,0.7058431372549019
1,37.72,0.735,0.7058823529411765
1,37.73,0.704,0.7077058823529413
1,37.74,0.776,0.7086666666666666
1,37.75,0.715,0.7098823529411765
1,37.76,0.715,0.7099411764705881
1,37.77,0.772,0.7114901960784314
1,37.78,0.743,0.7123137254901961
1,37.79,0.728,0.7147647058823529
1,37.8,0.712,0.716843137254902
1,37.81,0.706,0.7186078431372549
1,37.82,0.695,0.719078431372549
1,37.83,0.72,0.7198235294117646
1,37.84,0.709,0.7193333333333334
1,37.85,0.693,0.7197647058823529
1,37.86,0.681,0.7216470588235293
1,37.87,0.695,0.7221764705882352
1,37.88,0.686,0.721627450980392
1,37.89,0.747,0.7226078431372549
1,37.9,0.773,0.7232156862745098
1,37.91,0.757,0.7244117647058822
1,37.92,0.751,0.724627450980392
1,37.93,0.722,0.7255098039215686
1,37.94,0.729,0.7261960784313725
1,37.95,0.728,0.7270392156862745
1,37.96,0.731,0.7270588235294118
1,37.97,0.721,0.7284509803921569
1,37.98,0.713,0.7292941176470589
1,37.99,0.7,0.7301960784313726
1,38.0,0.748,0.7287843137254901
1,38.01,0.682,0.7292941176470589
1,38.02,0.73,0.7289803921568627
1,38.03,0.667,0.7278823529411764
1,38.04,0.783,0.727627450980392
1,38.05,0.726,0.7278627450980393
1,38.06,0.755,0.727921568627451
1,38.07,0.725,0.7268235294117648
1,38.08,0.749,0.7267254901960785
1,38.09,0.742,0.7261764705882352
1,38.1,0.723,0.7251764705882353
1,38.11,0.772,0.7242549019607845
1,38.12,0.747,0.7239019607843137
1,38.13,0.676,0.7224313725490197
1,38.14,0.731,0.7224705882352941
1,38.15,0.736,0.7214117647058824
1,38.16,0.744,0.7191764705882354
1,38.17,0.713,0.717313725490196
1,38.18,0.75,0.7153529411764705
1,38.19,0.775,0.7140588235294117
1,38.2,0.731,0.713392156862745
1,38.21,0.713,0.7120784313725489
1,38.22,0.776,0.7115098039215687
1,38.23,0.778,0.7104705882352942
1,38.24,0.75,0.7107058823529411
1,38.25,0.704,0.7105686274509805
1,38.26,0.741,0.7095490196078431
1,38.27,0.699,0.7092941176470589
1,38.28,0.716,0.7088039215686275
1,38.29,0.73,0.7098627450980391
1,38.3,0.74,0.7084901960784314
1,38.31,0.715,0.7069215686274509
1,38.32,0.65,0.705156862745098
1,38.33,0.69,0.7057450980392157
1,38.34,0.692,0.7051176470588235
1,38.35,0.658,0.7041764705882352
1,38.36,0.646,0.7028235294117647
1,38.37,0.663,0.700921568627451
1,38.38,0.62,0.6997254901960784
1,38.39,0.688,0.7006078431372549
1,38.4,0.693,0.6997450980392156
1,38.41,0.659,0.6987254901960785
1,38.42,0.662,0.6977450980392157
1,38.43,0.651,0.6975882352941176
1,38.44,0.656,0.6963333333333332
1,38.45,0.695,0.6945294117647061
1,38.46,0.661,0.6948039215686275
1,38.47,0.702,0.6944901960784313
1,38.48,0.668,0.692235294117647
1,38.49,0.725,0.6893529411764705
1,38.5,0.693,0.6879019607843136
1,38.51,0.696,0.687627450980392
1,38.52,0.669,0.6857843137254902
1,38.53,0.705,0.685
1,38.54,0.721,0.6847450980392157
1,38.55,0.713,0.6839607843137255
1,38.56,0.646,0.682607843137255
1,38.57,0.665,0.6822745098039216
1,38.58,0.755,0.6838823529411765
1,38.59,0.717,0.6840588235294117
1,38.6,0.694,0.6835490196078431
1,38.61,0.654,0.6834117647058824
1,38.62,0.675,0.6841960784313725
1,38.63,0.686,0.6837450980392157
1,38.64,0.721,0.6852941176470587
1,38.65,0.687,0.686
1,38.66,0.684,0.6863529411764705
1,38.67,0.694,0.6871960784313725
1,38.68,0.705,0.6880588235294118
1,38.69,0.686,0.6875098039215687
1,38.7,0.683,0.6879411764705882
1,38.71,0.745,0.6875882352941176
1,38.72,0.697,0.6880196078431372
1,38.73,0.661,0.6887058823529411
1,38.74,0.631,0.6896666666666665
1,38.75,0.676,0.6888627450980394
1,38.76,0.69,0.689156862745098
1,38.77,0.647,0.6891372549019608
1,38.78,0.659,0.6898627450980392
1,38.79,0.703,0.6898431372549019
1,38.8,0.69,0.6898823529411766
1,38.81,0.671,0.690156862745098
1,38.82,0.698,0.6911568627450981
1,38.83,0.732,0.6913921568627451
1,38.84,0.699,0.6899019607843137
1,38.85,0.666,0.6893529411764705
1,38.86,0.651,0.6896470588235295
1,38.87,0.686,0.691313725490196
1,38.88,0.64,0.6922745098039217
1,38.89,0.699,0.6919411764705883
1,38.9,0.724,0.6925098039215686
1,38.91,0.711,0.6930588235294118
1,38.92,0.702,0.6925294117647058
1,38.93,0.706,0.6919411764705883
1,38.94,0.623,0.6915686274509805
1,38.95,0.678,0.6905490196078432
1,38.96,0.677,0.6904901960784313
1,38.97,0.683,0.6899411764705882
1,38.98,0.737,0.6896666666666667
1,38.99,0.717,0.6900980392156862
1,39.0,0.684,0.6915686274509805
1,39.01,0.708,0.6912941176470588
1,39.02,0.695,0.691764705882353
1,39.03,0.706,0.6931176470588235
1,39.04,0.704,0.6946470588235294
1,39.05,0.723,0.6942352941176471
1,39.06,0.727,0.6948431372549019
1,39.07,0.697,0.6947450980392156
1,39.08,0.677,0.6942941176470588
1,39.09,0.679,0.6941372549019608
1,39.1,0.689,0.6939411764705882
1,39.11,0.709,0.6958823529411765
1,39.12,0.739,0.6981764705882353
1,39.13,0.724,0.7008039215686275
1,39.14,0.669,0.7018627450980393
1,39.15,0.75,0.7022156862745098
1,39.16,0.715,0.701156862745098
1,39.17,0.657,0.6998823529411764
1,39.18,0.664,0.6985098039215687
1,39.19,0.686,0.6981764705882353
1,39.2,0.634,0.6999019607843138
1,39.21,0.68,0.700078431372549
1,39.22,0.717,0.6991960784313727
1,39.23,0.683,0.6991372549019609
1,39.24,0.683,0.6968627450980392
1,39.25,0.706,0.6947254901960785
1,39.26,0.662,0.6945490196078431
1,39.27,0.714,0.6942745098039216
1,39.28,0.716,0.6935882352941176
1,39.29,0.737,0.6927058823529413
1,39.3,0.682,0.6930588235294118
1,39.31,0.721,0.691843137254902
1,39.32,0.666,0.6901960784313727
1,39.33,0.675,0.6903725490196078
1,39.34,0.724,0.6908039215686274
1,39.35,0.689,0.6911372549019609
1,39.36,0.765,0.6911176470588235
1,39.37,0.768,0.6901960784313727
1,39.38,0.82,0.6885686274509805
1,39.39,0.694,0.6877450980392156
1,39.4,0.717,0.6875686274509805
1,39.41,0.67,0.685843137254902
1,39.42,0.646,0.6852156862745098
1,39.43,0.632,0.6856274509803921
1,39.44,0.689,0.685843137254902
1,39.45,0.711,0.6865098039215687
1,39.46,0.687,0.6867254901960785
1,39.47,0.632,0.6860588235294117
1,39.48,0.68,0.6851960784313725
1,39.49,0.621,0.6848823529411765
1,39.5,0.608,0.6855098039215686
1,39.51,0.675,0.6848627450980391
1,39.52,0.694,0.6851176470588236
1,39.53,0.66,0.6839411764705883
1,39.54,0.661,0.682921568627451
1,39.55,0.722,0.6823137254901961
1,39.56,0.661,0.6823529411764707
1,39.57,0.643,0.6809411764705883
1,39.58,0.706,0.6816470588235295
1,39.59,0.699,0.6816470588235294
1,39.6,0.696,0.6806666666666666
1,39.61,0.688,0.6801568627450981
1,39.62,0.662,0.6786666666666668
1,39.63,0.656,0.6773333333333335
1,39.64,0.682,0.6741960784313725
1,39.65,0.66,0.6741764705882352
1,39.66,0.662,0.6734509803921568
1,39.67,0.683,0.6753333333333333
1,39.68,0.678,0.6760980392156863
1,39.69,0.675,0.677078431372549
1,39.7,0.72,0.6761960784313725
1,39.71,0.645,0.6755490196078432
1,39.72,0.646,0.6754705882352943
1,39.73,0.673,0.6764901960784313
1,39.74,0.667,0.6773529411764705
1,39.75,0.715,0.6779607843137255
1,39.76,0.673,0.6798431372549019
1,39.77,0.675,0.679470588235294
1,39.78,0.654,0.6783137254901961
1,39.79,0.664,0.6790980392156862
1,39.8,0.706,0.6795294117647058
1,39.81,0.684,0.6802745098039216
1,39.82,0.649,0.6807450980392156
1,39.83,0.702,0.681843137254902
1,39.84,0.675,0.6818235294117647
1,39.85,0.674,0.6818627450980393
1,39.86,0.663,0.6820196078431373
1,39.87,0.689,0.682450980392157
1,39.88,0.7,0.6831372549019608
1,39.89,0.66,0.6841568627450979
1,39.9,0.693,0.6844117647058824
1,39.91,0.68,0.6865882352941176
1,39.92,0.766,0.6877058823529412
1,39.93,0.685,0.6894117647058824
1,39.94,0.682,0.6914705882352942
1,39.95,0.644,0.6941960784313724
1,39.96,0.678,0.6961764705882354
1,39.97,0.683,0.6981568627450979
1,39.98,0.684,0.6998823529411765
1,39.99,0.724,0.7015098039215687
1,40.0,0.652,0.7026666666666667
1,40.01,0.704,0.7047058823529413
1,40.02,0.656,0.7069607843137254
1,40.03,0.635,0.7069607843137254
1,40.04,0.7,0.7091372549019609
1,40.05,0.683,0.712235294117647
1,40.06,0.76,0.7136862745098038
1,40.07,0.685,0.716156862745098
1,40.08,0.699,0.7186470588235293
1,40.09,0.705,0.7202549019607842
1,40.1,0.701,0.723156862745098
1,40.11,0.704,0.7250980392156864
1,40.12,0.71,0.7276666666666666
1,40.13,0.697,0.7313529411764705
1,40.14,0.708,0.7351176470588235
1,40.15,0.695,0.7392549019607842
1,40.16,0.771,0.7429215686274511
1,40.17,0.719,0.7464117647058823
1,40.18,0.77,0.7481372549019607
1,40.19,0.783,0.7497058823529411
1,40.2,0.814,0.7520588235294117
1,40.21,0.821,0.7553921568627451
1,40.22,0.746,0.7573725490196078
1,40.23,0.734,0.7597254901960784
1,40.24,0.756,0.7610392156862745
1,40.25,0.726,0.7623333333333334
1,40.26,0.819,0.7647647058823529
1,40.27,0.788,0.7662156862745098
1,40.28,0.675,0.7688235294117647
1,40.29,0.765,0.7717058823529411
1,40.3,0.822,0.7733725490196078
1,40.31,0.78,0.774607843137255
1,40.32,0.81,0.7752549019607843
1,40.33,0.776,0.7769803921568629
1,40.34,0.784,0.7777843137254901
1,40.35,0.823,0.7786274509803922
1,40.36,0.773,0.7796274509803921
1,40.37,0.794,0.7799019607843137
1,40.38,0.877,0.7790588235294118
1,40.39,0.892,0.7801764705882354
1,40.4,0.871,0.7799019607843138
1,40.41,0.88,0.7802549019607843
1,40.42,0.858,0.779
1,40.43,0.854,0.777921568627451
1,40.44,0.765,0.7748235294117647
1,40.45,0.802,0.7724705882352941
1,40.46,0.814,0.7691372549019609
1,40.47,0.779,0.7648235294117647
1,40.48,0.803,0.7658627450980393
1,40.49,0.751,0.7665686274509804
1,40.5,0.79,0.7664705882352942
1,40.51,0.776,0.7671568627450981
1,40.52,0.778,0.7656862745098039
1,40.53,0.789,0.7652745098039216
1,40.54,0.782,0.7661960784313726
1,40.55,0.785,0.7656274509803921
1,40.56,0.746,0.7634117647058825
1,40.57,0.793,0.762
1,40.58,0.773,0.7594313725490196
1,40.59,0.74,0.7588431372549019
1,40.6,0.748,0.7592352941176471
1,40.61,0.752,0.756843137254902
1,40.62,0.718,0.7564509803921569
1,40.63,0.667,0.7548235294117648
1,40.64,0.754,0.7524509803921569
1,40.65,0.694,0.75
1,40.66,0.713,0.7483921568627451
1,40.67,0.707,0.7468431372549019
1,40.68,0.664,0.746843137254902
1,40.69,0.612,0.747
1,40.7,0.663,0.7475882352941177
1,40.71,0.644,0.7472549019607845
1,40.72,0.601,0.7464901960784315
1,40.73,0.799,0.7470392156862744
1,40.74,0.77,0.746764705882353
1,40.75,0.751,0.7459607843137255
1,40.76,0.761,0.744235294117647
1,40.77,0.744,0.7432156862745098
1,40.78,0.767,0.7443137254901961
1,40.79,0.722,0.7441372549019608
1,40.8,0.736,0.7428627450980392
1,40.81,0.709,0.7429411764705882
1,40.82,0.708,0.7431568627450981
1,40.83,0.679,0.7430980392156863
1,40.84,0.746,0.744235294117647
1,40.85,0.804,0.7451176470588237
1,40.86,0.701,0.7470392156862744
1,40.87,0.753,0.7476078431372549
1,40.88,0.711,0.7491568627450981
1,40.89,0.756,0.7523137254901959
1,40.9,0.767,0.7519999999999999
1,40.91,0.789,0.7533725490196078
1,40.92,0.801,0.7531960784313726
1,40.93,0.858,0.7530980392156863
1,40.94,0.862,0.7541372549019607
1,40.95,0.795,0.7564705882352941
1,40.96,0.785,0.758078431372549
1,40.97,0.775,0.7604313725490195
1,40.98,0.807,0.7616470588235295
1,40.99,0.789,0.7578431372549019
1,41.0,0.71,0.7549607843137255
1,41.01,0.702,0.7539607843137255
1,41.02,0.724,0.7523725490196079
1,41.03,0.834,0.7521960784313726
1,41.04,0.78,0.752078431372549
1,41.05,0.717,0.7525294117647059
1,41.06,0.789,0.7517254901960785
1,41.07,0.757,0.7505294117647058
1,41.08,0.79,0.7502549019607843
1,41.09,0.831,0.7502156862745097
1,41.1,0.785,0.7501176470588236
1,41.11,0.846,0.7486470588235293
1,41.12,0.781,0.7491176470588234
1,41.13,0.797,0.7482549019607844
1,41.14,0.828,0.7483137254901961
1,41.15,0.738,0.7474901960784314
1,41.16,0.764,0.7457450980392156
1,41.17,0.704,0.7449019607843138
1,41.18,0.702,0.7438627450980392
1,41.19,0.717,0.7424901960784314
1,41.2,0.731,0.740529411764706
1,41.21,0.745,0.7389411764705882
1,41.22,0.764,0.7374313725490195
1,41.23,0.663,0.7357450980392156
1,41.24,0.605,0.7336470588235295
1,41.25,0.623,0.7325686274509805
1,41.26,0.7,0.7328039215686274
1,41.27,0.68,0.7335882352941178
1,41.28,0.735,0.7333137254901961
1,41.29,0.761,0.7310392156862745
1,41.3,0.745,0.729921568627451
1,41.31,0.695,0.7291764705882353
1,41.32,0.648,0.7275490196078432
1,41.33,0.694,0.7266666666666666
1,41.34,0.677,0.7245490196078431
1,41.35,0.741,0.7233921568627452
1,41.36,0.729,0.7226274509803922
1,41.37,0.725,0.72
1,41.38,0.709,0.7187450980392157
1,41.39,0.714,0.7174509803921568
1,41.4,0.714,0.7155686274509804
1,41.41,0.678,0.7151764705882354
1,41.42,0.746,0.7146274509803922
1,41.43,0.748,0.7148235294117646
1,41.44,0.788,0.7150392156862745
1,41.45,0.762,0.7154117647058824
1,41.46,0.714,0.7153333333333333
1,41.47,0.708,0.7152941176470589
1,41.48,0.689,0.7139215686274509
1,41.49,0.7,0.715392156862745
1,41.5,0.734,0.717078431372549
1,41.51,0.722,0.7179019607843137
1,41.52,0.742,0.719078431372549
1,41.53,0.71,0.7190980392156863
1,41.54,0.718,0.7182352941176471
1,41.55,0.723,0.7174117647058822
1,41.56,0.679,0.7173725490196078
1,41.57,0.706,0.7189803921568627
1,41.58,0.712,0.7200980392156863
1,41.59,0.682,0.7204705882352941
1,41.6,0.772,0.7221764705882353
1,41.61,0.746,0.721764705882353
1,41.62,0.712,0.7217843137254902
1,41.63,0.717,0.7217058823529412
1,41.64,0.731,0.7215686274509804
1,41.65,0.732,0.7214705882352942
1,41.66,0.718,0.7223529411764705
1,41.67,0.736,0.7224117647058824
1,41.68,0.714,0.7219215686274509
1,41.69,0.713,0.7219019607843137
1,41.7,0.736,0.7209411764705882
1,41.71,0.727,0.7193725490196078
1,41.72,0.743,0.719235294117647
1,41.73,0.694,0.7187450980392157
1,41.74,0.738,0.7185686274509804
1,41.75,0.691,0.7190196078431373
1,41.76,0.665,0.7186078431372548
1,41.77,0.76,0.7182352941176471
1,41.78,0.681,0.7176666666666667
1,41.79,0.691,0.7175686274509804
1,41.8,0.719,0.7172941176470589
1,41.81,0.743,0.7174313725490196
1,41.82,0.777,0.7189019607843138
1,41.83,0.705,0.7198431372549019
1,41.84,0.713,0.7210980392156864
1,41.85,0.764,0.7233725490196078
1,41.86,0.72,0.7227058823529411
1,41.87,0.73,0.7227450980392157
1,41.88,0.721,0.7234901960784315
1,41.89,0.702,0.7233529411764706
1,41.9,0.709,0.7237450980392157
1,41.91,0.759,0.7232941176470588
1,41.92,0.681,0.7234117647058823
1,41.93,0.721,0.7223333333333333
1,41.94,0.747,0.7224901960784313
1,41.95,0.739,0.7228627450980392
1,41.96,0.682,0.7217450980392156
1,41.97,0.707,0.7211960784313726
1,41.98,0.683,0.7201176470588235
1,41.99,0.68,0.719921568627451
1,42.0,0.723,0.7192745098039214
1,42.01,0.713,0.7204705882352941
1,42.02,0.703,0.7205686274509805
1,42.03,0.713,0.719
1,42.04,0.705,0.7190588235294118
1,42.05,0.704,0.721078431372549
1,42.06,0.73,0.7197647058823531
1,42.07,0.754,0.7200588235294118
1,42.08,0.754,0.7205490196078431
1,42.09,0.776,0.7213921568627452
1,42.1,0.798,0.7224313725490197
1,42.11,0.738,0.7231764705882352
1,42.12,0.748,0.7248039215686274
1,42.13,0.75,0.7262352941176471
1,42.14,0.71,0.7282156862745097
1,42.15,0.751,0.7288823529411765
1,42.16,0.709,0.7295098039215686
1,42.17,0.724,0.7289607843137256
1,42.18,0.681,0.7304509803921568
1,42.19,0.722,0.730078431372549
1,42.2,0.732,0.7306470588235295
1,42.21,0.679,0.7303529411764705
1,42.22,0.699,0.732
1,42.23,0.688,0.7328627450980393
1,42.24,0.684,0.7357450980392157
1,42.25,0.705,0.7389215686274511
1,42.26,0.752,0.7417058823529411
1,42.27,0.67,0.744764705882353
1,42.28,0.68,0.7465882352941177
1,42.29,0.684,0.7480980392156863
1,42.3,0.794,0.7494117647058823
1,42.31,0.652,0.7515098039215686
1,42.32,0.758,0.753078431372549
1,42.33,0.802,0.7546862745098039
1,42.34,0.748,0.7558627450980392
1,42.35,0.766,0.7556078431372548
1,42.36,0.802,0.7547450980392157
1,42.37,0.803,0.7541176470588236
1,42.38,0.803,0.7535294117647059
1,42.39,0.822,0.7528431372549019
1,42.4,0.736,0.7532941176470588
1,42.41,0.741,0.7538823529411764
1,42.42,0.731,0.7544901960784315
1,42.43,0.757,0.754764705882353
1,42.44,0.702,0.7548431372549019
1,42.45,0.776,0.7554117647058824
1,42.46,0.724,0.7560196078431373
1,42.47,0.766,0.7574509803921569
1,42.48,0.751,0.7584313725490196
1,42.49,0.83,0.7596470588235293
1,42.5,0.842,0.7623333333333334
1,42.51,0.865,0.7648627450980393
1,42.52,0.869,0.7673137254901962
1,42.53,0.796,0.7701176470588235
1,42.54,0.79,0.7727254901960784
1,42.55,0.772,0.7738627450980392
1,42.56,0.811,0.7743725490196077
1,42.57,0.81,0.7773333333333333
1,42.58,0.836,0.778607843137255
1,42.59,0.814,0.777921568627451
1,42.6,0.763,0.7790392156862744
1,42.61,0.754,0.7787450980392157
1,42.62,0.706,0.7784509803921569
1,42.63,0.718,0.779372549019608
1,42.64,0.715,0.7794117647058824
1,42.65,0.733,0.7788235294117647
1,42.66,0.781,0.7792745098039214
1,42.67,0.74,0.7803137254901961
1,42.68,0.738,0.7817647058823529
1,42.69,0.685,0.7827647058823529
1,42.7,0.751,0.7833333333333334
1,42.71,0.763,0.7830392156862744
1,42.72,0.752,0.7835686274509804
1,42.73,0.749,0.7837647058823529
1,42.74,0.75,0.7839803921568627
1,42.75,0.821,0.7826666666666666
1,42.76,0.834,0.7816470588235295
1,42.77,0.877,0.7802745098039215
1,42.78,0.813,0.7799803921568627
1,42.79,0.813,0.7794117647058824
1,42.8,0.742,0.779235294117647
1,42.81,0.82,0.7795882352941177
1,42.82,0.803,0.7786470588235295
1,42.83,0.823,0.7781960784313726
1,42.84,0.767,0.7772156862745098
1,42.85,0.805,0.7769019607843137
1,42.86,0.751,0.7773921568627452
1,42.87,0.787,0.7782745098039215
1,42.88,0.85,0.7812156862745099
1,42.89,0.805,0.7822745098039215
1,42.9,0.792,0.7838039215686275
1,42.91,0.759,0.7848235294117646
1,42.92,0.794,0.7849411764705881
1,42.93,0.805,0.7866470588235294
1,42.94,0.808,0.7873529411764706
1,42.95,0.731,0.789156862745098
1,42.96,0.761,0.7895686274509804
1,42.97,0.751,0.7909019607843137
1,42.98,0.776,0.7905294117647059
1,42.99,0.762,0.7899803921568628
1,43.0,0.763,0.791235294117647
1,43.01,0.79,0.7900588235294117
1,43.02,0.795,0.7889803921568628
1,43.03,0.854,0.7865098039215687
1,43.04,0.767,0.7850588235294118
1,43.05,0.781,0.7837647058823529
1,43.06,0.79,0.7851568627450982
1,43.07,0.763,0.7854705882352943
1,43.08,0.787,0.7854313725490196
1,43.09,0.786,0.7839607843137255
1,43.1,0.798,0.7841960784313725
1,43.11,0.788,0.7845490196078432
1,43.12,0.799,0.787235294117647
1,43.13,0.856,0.7898431372549019
1,43.14,0.772,0.7906078431372549
1,43.15,0.793,0.7935490196078431
1,43.16,0.785,0.7977450980392158
1,43.17,0.787,0.804764705882353
1,43.18,0.827,0.8097450980392157
1,43.19,0.774,0.8138039215686274
1,43.2,0.777,0.8204705882352942
1,43.21,0.772,0.8267450980392157
1,43.22,0.831,0.8315882352941176
1,43.23,0.733,0.8359215686274509
1,43.24,0.721,0.840392156862745
1,43.25,0.814,0.8445686274509804
1,43.26,0.761,0.8490392156862745
1,43.27,0.779,0.8534117647058822
1,43.28,0.751,0.8569607843137255
1,43.29,0.739,0.8597647058823531
1,43.3,0.747,0.8628823529411764
1,43.31,0.813,0.8678823529411764
1,43.32,0.836,0.8688235294117648
1,43.33,0.801,0.8698039215686274
1,43.34,0.748,0.8706078431372548
1,43.35,0.779,0.8701568627450981
1,43.36,0.823,0.8702156862745098
1,43.37,0.888,0.8701960784313725
1,43.38,0.92,0.8698431372549018
1,43.39,0.889,0.8679411764705881
1,43.4,0.955,0.8676470588235294
1,43.41,1.006,0.8673725490196078
1,43.42,1.117,0.8669607843137256
1,43.43,1.048,0.8665882352941178
1,43.44,1.012,0.8659607843137255
1,43.45,1.148,0.8675098039215685
1,43.46,1.051,0.8685882352941177
1,43.47,1.008,0.869686274509804
1,43.48,0.972,0.8695098039215686
1,43.49,1.004,0.8698823529411764
1,43.5,0.975,0.8709607843137256
1,43.51,0.991,0.8687450980392156
1,43.52,1.013,0.8693333333333333
1,43.53,0.976,0.8696078431372549
1,43.54,0.997,0.8708039215686273
1,43.55,0.926,0.8720588235294118
1,43.56,1.036,0.8738627450980392
1,43.57,0.838,0.8754509803921567
1,43.58,0.813,0.8752352941176471
1,43.59,0.828,0.8763725490196078
1,43.6,0.763,0.8790196078431373
1,43.61,0.801,0.8792352941176471
1,43.62,0.787,0.8789607843137256
1,43.63,0.781,0.878235294117647
1,43.64,0.759,0.8773137254901962
1,43.65,0.757,0.8760392156862744
1,43.66,0.779,0.8743529411764706
1,43.67,0.764,0.8737843137254903
1,43.68,0.768,0.8708431372549019
1,43.69,0.795,0.8664901960784315
1,43.7,0.853,0.8623529411764707
1,43.71,0.832,0.854921568627451
1,43.72,0.828,0.8504313725490196
1,43.73,0.822,0.8469215686274509
1,43.74,0.752,0.8444313725490197
1,43.75,0.776,0.8409411764705883
1,43.76,0.701,0.8369803921568627
1,43.77,0.791,0.8320392156862745
1,43.78,0.793,0.826156862745098
1,43.79,0.812,0.820764705882353
1,43.8,0.803,0.8165686274509804
1,43.81,0.839,0.8132941176470588
1,43.82,0.894,0.8077843137254902
1,43.83,0.825,0.8066274509803921
1,43.84,0.859,0.8055490196078431
1,43.85,0.883,0.804470588235294
1,43.86,0.79,0.8035882352941177
1,43.87,0.809,0.8041764705882353
1,43.88,0.851,0.8041372549019609
1,43.89,0.873,0.8049607843137255
1,43.9,0.824,0.8053921568627451
1,43.91,0.869,0.8058039215686273
1,43.92,0.977,0.8067843137254902
1,43.93,0.967,0.8074509803921569
1,43.94,0.826,0.808235294117647
1,43.95,0.801,0.8082549019607842
1,43.96,0.769,0.8079411764705882
1,43.97,0.822,0.8077450980392157
1,43.98,0.829,0.8061176470588234
1,43.99,0.845,0.8055490196078432
1,44.0,0.826,0.8080980392156863
1,44.01,0.773,0.8089607843137254
1,44.02,0.739,0.8109803921568629
1,44.03,0.713,0.8113921568627451
1,44.04,0.701,0.8124705882352942
1,44.05,0.783,0.8127450980392158
1,44.06,0.759,0.8130392156862745
1,44.07,0.755,0.812313725490196
1,44.08,0.779,0.8101372549019608
1,44.09,0.758,0.8100980392156862
1,44.1,0.773,0.8091176470588234
1,44.11,0.718,0.8069803921568627
1,44.12,0.831,0.8061568627450981
1,44.13,0.785,0.8052156862745097
1,44.14,0.823,0.8041960784313724
1,44.15,0.781,0.803156862745098
1,44.16,0.778,0.8030392156862746
1,44.17,0.829,0.8015882352941176
1,44.18,0.798,0.797686274509804
1,44.19,0.808,0.7940196078431372
1,44.2,0.796,0.7949607843137255
1,44.21,0.837,0.7947450980392157
1,44.22,0.822,0.7949607843137255
1,44.23,0.745,0.7944313725490195
1,44.24,0.793,0.7950392156862746
1,44.25,0.882,0.7940588235294118
1,44.26,0.82,0.7939803921568627
1,44.27,0.804,0.7948627450980393
1,44.28,0.812,0.7960392156862747
1,44.29,0.848,0.7977058823529412
1,44.3,0.826,0.7989411764705883
1,44.31,0.818,0.7981176470588235
1,44.32,0.802,0.7995294117647059
1,44.33,0.783,0.7999803921568628
1,44.34,0.823,0.7999019607843137
1,44.35,0.809,0.8008823529411765
1,44.36,0.774,0.8005686274509805
1,44.37,0.748,0.8010980392156863
1,44.38,0.761,0.8006274509803921
1,44.39,0.799,0.7995686274509803
1,44.4,0.82,0.7973725490196077
1,44.41,0.818,0.7991960784313725
1,44.42,0.795,0.7990392156862746
1,44.43,0.778,0.7997254901960784
1,44.44,0.78,0.8000392156862745
1,44.45,0.874,0.798843137254902
1,44.46,0.79,0.7998823529411764
1,44.47,0.78,0.8012941176470588
1,44.48,0.795,0.8015686274509805
1,44.49,0.86,0.801686274509804
1,44.5,0.795,0.800313725490196
1,44.51,0.822,0.7976274509803922
1,44.52,0.818,0.7962156862745098
1,44.53,0.799,0.7957058823529412
1,44.54,0.798,0.7936078431372549
1,44.55,0.764,0.7920588235294118
1,44.56,0.741,0.7919019607843137
1,44.57,0.831,0.7926274509803921
1,44.58,0.778,0.7928627450980392
1,44.59,0.775,0.7922745098039216
1,44.6,0.808,0.7912745098039217
1,44.61,0.757,0.7902156862745099
1,44.62,0.745,0.7889607843137255
1,44.63,0.807,0.7895294117647058
1,44.64,0.731,0.7901960784313726
1,44.65,0.711,0.7917450980392158
1,44.66,0.874,0.7920980392156863
1,44.67,0.77,0.7920588235294117
1,44.68,0.864,0.7912549019607843
1,44.69,0.814,0.7903333333333332
1,44.7,0.747,0.790372549019608
1,44.71,0.849,0.7891960784313726
1,44.72,0.909,0.7894313725490196
1,44.73,0.836,0.7894117647058824
1,44.74,0.751,0.7880196078431373
1,44.75,0.723,0.7873725490196078
1,44.76,0.745,0.7867254901960784
1,44.77,0.748,0.7867647058823529
1,44.78,0.778,0.789235294117647
1,44.79,0.705,0.7911176470588234
1,44.8,0.769,0.7931176470588236
1,44.81,0.818,0.7949215686274509
1,44.82,0.855,0.797078431372549
1,44.83,0.814,0.7974901960784313
1,44.84,0.753,0.7991960784313725
1,44.85,0.772,0.8011176470588235
1,44.86,0.755,0.802
1,44.87,0.71,0.8046862745098039
1,44.88,0.777,0.8083529411764706
1,44.89,0.795,0.8094901960784313
1,44.9,0.878,0.8100588235294118
1,44.91,0.838,0.8119019607843138
1,44.92,0.816,0.8098627450980391
1,44.93,0.754,0.8119215686274509
1,44.94,0.731,0.8121176470588235
1,44.95,0.782,0.814843137254902
1,44.96,0.814,0.818764705882353
1,44.97,0.802,0.8189019607843138
1,44.98,0.779,0.8176274509803921
1,44.99,0.724,0.819313725490196
1,45.0,0.827,0.8228039215686275
1,45.01,0.762,0.8254705882352942
1,45.02,0.824,0.8266666666666665
1,45.03,0.944,0.8289803921568627
1,45.04,0.895,0.83
1,45.05,0.9,0.832529411764706
1,45.06,0.856,0.834764705882353
1,45.07,0.851,0.836843137254902
1,45.08,0.852,0.8402352941176471
1,45.09,0.865,0.844078431372549
1,45.1,0.873,0.8489607843137256
1,45.11,0.853,0.853627450980392
1,45.12,0.894,0.8575294117647059
1,45.13,0.932,0.8602352941176471
1,45.14,0.865,0.8611960784313726
1,45.15,0.76,0.8622549019607842
1,45.16,0.805,0.8630588235294118
1,45.17,0.77,0.8638823529411764
1,45.18,0.875,0.8638235294117647
1,45.19,0.874,0.8651764705882353
1,45.2,0.953,0.8670784313725491
1,45.21,0.947,0.8675098039215685
1,45.22,0.856,0.8678235294117647
1,45.23,0.844,0.8687058823529411
1,45.24,0.922,0.8684901960784314
1,45.25,0.929,0.8704117647058823
1,45.26,0.859,0.870921568627451
1,45.27,0.806,0.8725098039215686
1,45.28,0.866,0.8725686274509805
1,45.29,0.83,0.8713333333333333
1,45.3,0.834,0.869529411764706
1,45.31,0.883,0.8675882352941177
1,45.32,0.924,0.8667843137254903
1,45.33,1.028,0.8659215686274511
1,45.34,1.01,0.8661960784313726
1,45.35,1.002,0.8658627450980392
1,45.36,1.01,0.865078431372549
1,45.37,0.954,0.8645098039215685
1,45.38,0.848,0.8616666666666667
1,45.39,0.826,0.8592156862745098
1,45.4,0.849,0.8563137254901961
1,45.41,0.919,0.8559803921568627
1,45.42,0.88,0.855235294117647
1,45.43,0.813,0.8553137254901961
1,45.44,0.823,0.854078431372549
1,45.45,0.828,0.8516666666666667
1,45.46,0.804,0.8483725490196078
1,45.47,0.83,0.8439019607843138
1,45.48,0.847,0.8417254901960783
1,45.49,0.768,0.8385490196078431
1,45.5,0.822,0.8338627450980393
1,45.51,0.853,0.8294313725490197
1,45.52,0.843,0.8270392156862744
1,45.53,0.827,0.8242352941176471
1,45.54,0.881,0.8226470588235294
1,45.55,0.803,0.822156862745098
1,45.56,0.801,0.8205098039215686
1,45.57,0.815,0.8180196078431371
1,45.58,0.807,0.8144117647058823
1,45.59,0.866,0.8094509803921568
1,45.6,0.848,0.8044509803921569
1,45.61,0.833,0.7992156862745098
1,45.62,0.824,0.7942941176470588
1,45.63,0.749,0.7902549019607843
1,45.64,0.807,0.789470588235294
1,45.65,0.717,0.7882549019607843
1,45.66,0.743,0.7871176470588236
1,45.67,0.767,0.7849411764705881
1,45.68,0.774,0.7833137254901961
1,45.69,0.812,0.783
1,45.7,0.751,0.7833921568627451
1,45.71,0.785,0.7819803921568628
1,45.72,0.719,0.7817450980392157
1,45.73,0.745,0.7810588235294117
1,45.74,0.682,0.7795098039215687
1,45.75,0.683,0.7788235294117648
1,45.76,0.703,0.777
1,45.77,0.737,0.7756470588235294
1,45.78,0.663,0.7740784313725491
1,45.79,0.785,0.7726666666666666
1,45.8,0.805,0.7702549019607844
1,45.81,0.75,0.7696666666666667
1,45.82,0.756,0.7694509803921568
1,45.83,0.74,0.7694509803921568
1,45.84,0.775,0.7689215686274509
1,45.85,0.755,0.7688235294117647
1,45.86,0.735,0.7678627450980392
1,45.87,0.759,0.7650784313725489
1,45.88,0.748,0.765
1,45.89,0.808,0.7667450980392156
1,45.9,0.764,0.7661372549019608
1,45.91,0.791,0.7680980392156863
1,45.92,0.808,0.7689215686274509
1,45.93,0.797,0.7709019607843137
1,45.94,0.797,0.7747843137254903
1,45.95,0.843,0.7766274509803922
1,45.96,0.756,0.7794705882352941
1,45.97,0.792,0.7795882352941177
1,45.98,0.795,0.7804117647058824
1,45.99,0.768,0.78
1,46.0,0.733,0.7815686274509804
1,46.01,0.729,0.782607843137255
1,46.02,0.784,0.7836470588235295
1,46.03,0.763,0.7836274509803922
1,46.04,0.755,0.7855490196078432
1,46.05,0.758,0.7852941176470589
1,46.06,0.773,0.7858039215686274
1,46.07,0.79,0.7865294117647059
1,46.08,0.815,0.7872745098039217
1,46.09,0.78,0.7872549019607843
1,46.1,0.861,0.7877843137254902
1,46.11,0.799,0.7883333333333333
1,46.12,0.691,0.7879411764705883
1,46.13,0.82,0.7874705882352941
1,46.14,0.838,0.788
1,46.15,0.776,0.7893137254901962
1,46.16,0.817,0.79
1,46.17,0.785,0.7910784313725492
1,46.18,0.868,0.7910588235294118
1,46.19,0.972,0.7900980392156863
1,46.2,0.906,0.7898431372549021
1,46.21,0.896,0.7885098039215686
1,46.22,0.791,0.7884509803921569
1,46.23,0.761,0.7878627450980393
1,46.24,0.724,0.7875882352941177
1,46.25,0.762,0.7886274509803921
1,46.26,0.736,0.7888039215686274
1,46.27,0.756,0.7889999999999999
1,46.28,0.736,0.7881960784313725
1,46.29,0.761,0.7874313725490196
1,46.3,0.772,0.7863529411764706
1,46.31,0.831,0.7870196078431374
1,46.32,0.787,0.7879411764705883
1,46.33,0.794,0.7873529411764706
1,46.34,0.739,0.7867647058823529
1,46.35,0.802,0.7867254901960785
1,46.36,0.783,0.7850392156862744
1,46.37,0.715,0.784607843137255
1,46.38,0.735,0.7865686274509804
1,46.39,0.775,0.7853137254901961
1,46.4,0.875,0.7831372549019607
1,46.41,0.799,0.7826666666666666
1,46.42,0.846,0.782235294117647
1,46.43,0.807,0.781764705882353
1,46.44,0.748,0.7799215686274509
1,46.45,0.784,0.7740392156862745
1,46.46,0.775,0.7713921568627451
1,46.47,0.753,0.7680784313725489
1,46.48,0.762,0.767843137254902
1,46.49,0.781,0.7680196078431372
1,46.5,0.821,0.7686666666666667
1,46.51,0.742,0.7687058823529412
1,46.52,0.739,0.7700196078431373
1,46.53,0.743,0.7702941176470588
1,46.54,0.724,0.7708235294117647
1,46.55,0.7,0.7711372549019607
1,46.56,0.792,0.7706666666666667
1,46.57,0.82,0.7690980392156863
1,46.58,0.76,0.7675882352941178
1,46.59,0.785,0.7659803921568628
1,46.6,0.778,0.7662745098039216
1,46.61,0.775,0.766
1,46.62,0.777,0.7657254901960784
1,46.63,0.791,0.7664313725490196
1,46.64,0.756,0.766470588235294
1,46.65,0.727,0.7668039215686274
1,46.66,0.752,0.7664117647058825
1,46.67,0.795,0.7666862745098039
1,46.68,0.761,0.7655882352941176
1,46.69,0.774,0.7649803921568628
1,46.7,0.672,0.7657843137254902
1,46.71,0.771,0.7655490196078432
1,46.72,0.727,0.7656666666666666
1,46.73,0.779,0.7657254901960784
1,46.74,0.77,0.765313725490196
1,46.75,0.757,0.7651960784313725
1,46.76,0.764,0.7642352941176472
1,46.77,0.803,0.7648235294117647
1,46.78,0.77,0.7655686274509804
1,46.79,0.763,0.7665686274509804
1,46.8,0.777,0.7684313725490197
1,46.81,0.748,0.7704901960784314
1,46.82,0.751,0.7709999999999999
1,46.83,0.71,0.7707450980392156
1,46.84,0.712,0.771843137254902
1,46.85,0.754,0.7716274509803922
1,46.86,0.788,0.7725882352941176
1,46.87,0.769,0.7733137254901961
1,46.88,0.751,0.7729803921568627
1,46.89,0.737,0.7724509803921569
1,46.9,0.792,0.7725686274509804
1,46.91,0.855,0.773
1,46.92,0.813,0.7737058823529412
1,46.93,0.79,0.7733725490196078
1,46.94,0.776,0.7737450980392157
1,46.95,0.789,0.7741764705882354
1,46.96,0.772,0.7775686274509803
1,46.97,0.781,0.7789607843137254
1,46.98,0.756,0.778607843137255
1,46.99,0.741,0.7791372549019607
1,47.0,0.775,0.7795686274509804
1,47.01,0.772,0.7814509803921569
1,47.02,0.772,0.7832549019607843
1,47.03,0.777,0.7840980392156862
1,47.04,0.794,0.7853725490196078
1,47.05,0.819,0.7858823529411766
1,47.06,0.805,0.7860196078431373
1,47.07,0.818,0.7875490196078431
1,47.08,0.807,0.7887843137254902
1,47.09,0.816,0.7898235294117647
1,47.1,0.774,0.7919607843137255
1,47.11,0.827,0.7927843137254901
1,47.12,0.812,0.7922745098039216
1,47.13,0.76,0.7926666666666667
1,47.14,0.764,0.7938039215686273
1,47.15,0.762,0.7950588235294118
1,47.16,0.749,0.7953725490196079
1,47.17,0.788,0.793470588235294
1,47.18,0.778,0.7924705882352941
1,47.19,0.78,0.7913921568627452
1,47.2,0.796,0.790843137254902
1,47.21,0.845,0.7902745098039214
1,47.22,0.842,0.7907058823529411
1,47.23,0.709,0.791235294117647
1,47.24,0.806,0.7923725490196079
1,47.25,0.792,0.7938235294117647
1,47.26,0.853,0.7954117647058824
1,47.27,0.856,0.7963529411764705
1,47.28,0.846,0.7977647058823529
1,47.29,0.835,0.7985490196078431
1,47.3,0.789,0.7991372549019607
1,47.31,0.784,0.7982156862745097
1,47.32,0.826,0.798
1,47.33,0.814,0.7967843137254903
1,47.34,0.763,0.7962941176470588
1,47.35,0.821,0.795764705882353
1,47.36,0.796,0.7957058823529413
1,47.37,0.762,0.7941960784313726
1,47.38,0.789,0.793686274509804
1,47.39,0.809,0.7937058823529411
1,47.4,0.801,0.7938431372549019
1,47.41,0.808,0.7938627450980391
1,47.42,0.758,0.7929019607843137
1,47.43,0.762,0.7916666666666666
1,47.44,0.735,0.7912941176470588
1,47.45,0.748,0.7899803921568628
1,47.46,0.76,0.7894901960784313
1,47.47,0.794,0.7876078431372548
1,47.48,0.808,0.7857843137254903
1,47.49,0.814,0.7863333333333333
1,47.5,0.815,0.7857254901960785
1,47.51,0.856,0.7851960784313726
1,47.52,0.82,0.7834313725490196
1,47.53,0.844,0.7818235294117648
1,47.54,0.817,0.78
1,47.55,0.824,0.7789411764705882
1,47.56,0.772,0.7788823529411765
1,47.57,0.794,0.7791176470588235
1,47.58,0.756,0.7788235294117647
1,47.59,0.782,0.7776666666666667
1,47.6,0.789,0.7774117647058825
1,47.61,0.771,0.7773921568627452
1,47.62,0.75,0.7771176470588236
1,47.63,0.786,0.777450980392157
1,47.64,0.761,0.7766274509803922
1,47.65,0.771,0.7752941176470589
1,47.66,0.763,0.7750392156862745
1,47.67,0.7,0.7746274509803922
1,47.68,0.725,0.7747450980392157
1,47.69,0.759,0.7745490196078431
1,47.7,0.713,0.7747254901960784
1,47.71,0.771,0.7758823529411765
1,47.72,0.749,0.7764705882352941
1,47.73,0.749,0.7756666666666666
1,47.74,0.737,0.7747450980392157
1,47.75,0.775,0.7742745098039215
1,47.76,0.765,0.774
1,47.77,0.763,0.773
1,47.78,0.774,0.772764705882353
1,47.79,0.753,0.7712156862745099
1,47.8,0.781,0.7707450980392156
1,47.81,0.786,0.7697058823529412
1,47.82,0.796,0.7697450980392158
1,47.83,0.811,0.7694313725490196
1,47.84,0.755,0.7707450980392156
1,47.85,0.75,0.7712549019607844
1,47.86,0.82,0.7716470588235294
1,47.87,0.782,0.772
1,47.88,0.779,0.7723725490196078
1,47.89,0.747,0.7722941176470588
1,47.9,0.741,0.772686274509804
1,47.91,0.788,0.7740784313725491
1,47.92,0.787,0.7754509803921569
1,47.93,0.764,0.7769803921568627
1,47.94,0.752,0.7786666666666666
1,47.95,0.744,0.7787450980392157
1,47.96,0.807,0.7807450980392157
1,47.97,0.79,0.7808627450980392
1,47.98,0.753,0.7814901960784314
1,47.99,0.761,0.7819411764705881
1,48.0,0.79,0.7816078431372548
1,48.01,0.801,0.7815686274509804
1,48.02,0.805,0.7821372549019607
1,48.03,0.808,0.7833137254901961
1,48.04,0.765,0.7843725490196078
1,48.05,0.793,0.785470588235294
1,48.06,0.771,0.786235294117647
1,48.07,0.774,0.7875294117647059
1,48.08,0.778,0.7892156862745098
1,48.09,0.823,0.7894313725490196
1,48.1,0.808,0.790392156862745
1,48.11,0.809,0.7907843137254902
1,48.12,0.789,0.7897058823529411
1,48.13,0.769,0.7891960784313726
1,48.14,0.782,0.7886274509803921
1,48.15,0.781,0.7895686274509804
1,48.16,0.842,0.7902156862745097
1,48.17,0.833,0.7900588235294117
1,48.18,0.778,0.7905686274509804
1,48.19,0.811,0.7906274509803922
1,48.2,0.763,0.7918823529411765
1,48.21,0.815,0.7924313725490196
1,48.22,0.777,0.7913529411764706
1,48.23,0.781,0.7923137254901961
1,48.24,0.772,0.7933137254901962
1,48.25,0.72,0.7942941176470588
1,48.26,0.773,0.7938627450980392
1,48.27,0.794,0.7947254901960784
1,48.28,0.823,0.7948039215686273
1,48.29,0.828,0.7939019607843136
1,48.3,0.809,0.7933333333333333
1,48.31,0.82,0.7929607843137255
1,48.32,0.852,0.7930980392156863
1,48.33,0.882,0.7930196078431372
1,48.34,0.822,0.7932549019607842
1,48.35,0.804,0.792921568627451
1,48.36,0.77,0.7932549019607842
1,48.37,0.765,0.7932549019607844
1,48.38,0.756,0.7938823529411765
1,48.39,0.75,0.7943333333333333
1,48.4,0.795,0.7939215686274509
1,48.41,0.774,0.7942549019607843
1,48.42,0.78,0.7938431372549019
1,48.43,0.813,0.7930980392156863
1,48.44,0.767,0.7931176470588236
1,48.45,0.816,0.7919019607843137
1,48.46,0.772,0.7925686274509803
1,48.47,0.752,0.7921176470588236
1,48.48,0.839,0.792
1,48.49,0.804,0.7915294117647059
1,48.5,0.811,0.7908431372549021
1,48.51,0.768,0.7923333333333334
1,48.52,0.845,0.7918627450980392
1,48.53,0.809,0.7909019607843139
1,48.54,0.762,0.7899803921568628
1,48.55,0.736,0.7890392156862746
1,48.56,0.774,0.7877058823529413
1,48.57,0.778,0.7876274509803922
1,48.58,0.77,0.7867843137254902
1,48.59,0.79,0.7857058823529411
1,48.6,0.806,0.7854313725490195
1,48.61,0.825,0.7857843137254903
1,48.62,0.809,0.7873333333333332
1,48.63,0.821,0.7880196078431373
1,48.64,0.792,0.7898431372549019
1,48.65,0.761,0.7919999999999999
1,48.66,0.798,0.7935098039215686
1,48.67,0.821,0.7960196078431373
1,48.68,0.795,0.7971568627450981
1,48.69,0.779,0.7980588235294118
1,48.7,0.749,0.7996862745098039
1,48.71,0.797,0.7993725490196079
1,48.72,0.792,0.8002745098039216
1,48.73,0.771,0.8023725490196079
1,48.74,0.757,0.8024901960784314
1,48.75,0.737,0.8029607843137255
1,48.76,0.796,0.8035490196078432
1,48.77,0.749,0.8051372549019608
1,48.78,0.745,0.8046666666666666
1,48.79,0.776,0.8043921568627451
1,48.8,0.78,0.8050392156862746
1,48.81,0.741,0.8061960784313725
1,48.82,0.816,0.806705882352941
1,48.83,0.809,0.8069999999999999
1,48.84,0.827,0.8069607843137255
1,48.85,0.808,0.8072352941176472
1,48.86,0.822,0.8075882352941176
1,48.87,0.849,0.8073921568627452
1,48.88,0.8,0.8076274509803921
1,48.89,0.849,0.8068235294117647
1,48.9,0.86,0.8068235294117646
1,48.91,0.872,0.8079803921568628
1,48.92,0.902,0.8080392156862746
1,48.93,0.838,0.8075882352941177
1,48.94,0.859,0.8070784313725491
1,48.95,0.85,0.8082549019607842
1,48.96,0.8,0.8101764705882354
1,48.97,0.818,0.810921568627451
1,48.98,0.859,0.8110980392156862
1,48.99,0.845,0.8123333333333332
1,49.0,0.828,0.814156862745098
1,49.01,0.841,0.816392156862745
1,49.02,0.849,0.8170392156862745
1,49.03,0.821,0.8183725490196079
1,49.04,0.795,0.8196666666666667
1,49.05,0.795,0.8206274509803922
1,49.06,0.795,0.8215882352941177
1,49.07,0.8,0.8227450980392157
1,49.08,0.793,0.823
1,49.09,0.768,0.8241176470588235
1,49.1,0.804,0.8248823529411765
1,49.11,0.824,0.8264313725490197
1,49.12,0.815,0.8281960784313726
1,49.13,0.821,0.8284509803921569
1,49.14,0.78,0.8282549019607843
1,49.15,0.792,0.8279411764705883
1,49.16,0.82,0.8272941176470588
1,49.17,0.801,0.8248627450980394
1,49.18,0.798,0.8224901960784314
1,49.19,0.769,0.8221960784313725
1,49.2,0.839,0.8199411764705883
1,49.21,0.847,0.816313725490196
1,49.22,0.835,0.8144705882352942
1,49.23,0.801,0.8120000000000002
1,49.24,0.834,0.8093137254901961
1,49.25,0.85,0.8063725490196079
1,49.26,0.851,0.8034901960784314
1,49.27,0.829,0.7999999999999999
1,49.28,0.817,0.7991960784313725
1,49.29,0.811,0.799
1,49.3,0.825,0.7985686274509805
1,49.31,0.829,0.7981764705882353
1,49.32,0.8,0.7973725490196077
1,49.33,0.829,0.7978235294117647
1,49.34,0.866,0.7989019607843137
1,49.35,0.866,0.7984509803921569
1,49.36,0.887,0.7980980392156862
1,49.37,0.912,0.7965686274509803
1,49.38,0.862,0.7930588235294118
1,49.39,0.79,0.7906470588235294
1,49.4,0.833,0.7894117647058824
1,49.41,0.827,0.788607843137255
1,49.42,0.748,0.7872941176470588
1,49.43,0.781,0.7871960784313725
1,49.44,0.823,0.7865294117647059
1,49.45,0.744,0.7878627450980392
1,49.46,0.665,0.7874509803921569
1,49.47,0.706,0.7878039215686274
1,49.48,0.692,0.7878823529411765
1,49.49,0.722,0.7871372549019607
1,49.5,0.695,0.7862941176470588
1,49.51,0.681,0.7838627450980391
1,49.52,0.663,0.782607843137255
1,49.53,0.808,0.7813529411764707
1,49.54,0.811,0.7798823529411765
1,49.55,0.773,0.7780588235294117
1,49.56,0.775,0.7762549019607843
1,49.57,0.754,0.774470588235294
1,49.58,0.823,0.7727254901960784
1,49.59,0.848,0.7710588235294117
1,49.6,0.745,0.7679803921568628
1,49.61,0.786,0.7655098039215685
1,49.62,0.746,0.7624509803921569
1,49.63,0.636,0.7595490196078432
1,49.64,0.698,0.7571960784313725
1,49.65,0.717,0.7562549019607843
1,49.66,0.751,0.7547843137254902
1,49.67,0.753,0.7533921568627452
1,49.68,0.796,0.7526274509803922
1,49.69,0.764,0.752686274509804
1,49.7,0.837,0.751843137254902
1,49.71,0.818,0.7521764705882352
1,49.72,0.865,0.7536470588235294
1,49.73,0.839,0.7548431372549019
1,49.74,0.763,0.7560588235294119
1,49.75,0.791,0.7562941176470589
1,49.76,0.726,0.7565490196078432
1,49.77,0.787,0.757
1,49.78,0.765,0.7585686274509803
1,49.79,0.742,0.757764705882353
1,49.8,0.718,0.7560588235294117
1,49.81,0.733,0.7558627450980392
1,49.82,0.738,0.7560196078431373
1,49.83,0.711,0.7557254901960785
1,49.84,0.744,0.7543921568627452
1,49.85,0.709,0.7530392156862745
1,49.86,0.74,0.752549019607843
1,49.87,0.731,0.7511568627450981
1,49.88,0.764,0.7514117647058824
1,49.89,0.742,0.7542156862745097
1,49.9,0.742,0.7558039215686274
1,49.91,0.758,0.7561764705882352
1,49.92,0.756,0.756686274509804
1,49.93,0.709,0.7565294117647059
1,49.94,0.784,0.7559019607843137
1,49.95,0.78,0.7560196078431373
1,49.96,0.761,0.7551764705882353
1,49.97,0.74,0.7551960784313726
1,49.98,0.767,0.7533725490196079
1,49.99,0.754,0.7518823529411764
1,50.0,0.734,0.7526470588235293
1,50.01,0.708,0.7535098039215686
1,50.02,0.704,0.7544705882352941
1,50.03,0.743,0.7538823529411764
1,50.04,0.767,0.7538823529411763
1,50.05,0.724,0.7544509803921567
1,50.06,0.763,0.7552745098039216
1,50.07,0.783,0.756549019607843
1,50.08,0.739,0.7576666666666666
1,50.09,0.755,0.7589019607843137
1,50.1,0.779,0.7596274509803922
1,50.11,0.72,0.7608039215686273
1,50.12,0.715,0.7618235294117648
1,50.13,0.759,0.7628627450980392
1,50.14,0.779,0.7636078431372548
1,50.15,0.779,0.7641960784313726
1,50.16,0.736,0.7654901960784315
1,50.17,0.777,0.7675490196078432
1,50.18,0.745,0.7684117647058823
1,50.19,0.764,0.7719019607843137
1,50.2,0.77,0.7726078431372548
1,50.21,0.794,0.772764705882353
1,50.22,0.819,0.7727843137254902
1,50.23,0.772,0.7736666666666667
1,50.24,0.763,0.7748235294117647
1,50.25,0.802,0.7754313725490195
1,50.26,0.835,0.7754901960784313
1,50.27,0.775,0.7770392156862744
1,50.28,0.757,0.7797450980392157
1,50.29,0.765,0.7813529411764707
1,50.3,0.771,0.7833137254901961
1,50.31,0.76,0.7851960784313726
1,50.32,0.798,0.7863333333333333
1,50.33,0.795,0.7864705882352941
1,50.34,0.774,0.7871176470588236
1,50.35,0.781,0.7879019607843137
1,50.36,0.769,0.7873529411764706
1,50.37,0.792,0.7888235294117648
1,50.38,0.784,0.7895882352941176
1,50.39,0.802,0.789235294117647
1,50.4,0.772,0.7878823529411765
1,50.41,0.808,0.7885882352941176
1,50.42,0.863,0.7891176470588236
1,50.43,0.8,0.7890392156862746
1,50.44,0.887,0.7889019607843137
1,50.45,0.82,0.7881372549019607
1,50.46,0.788,0.7870588235294118
1,50.47,0.762,0.7861372549019608
1,50.48,0.785,0.7854901960784313
1,50.49,0.826,0.7853921568627451
1,50.5,0.785,0.7851764705882354
1,50.51,0.737,0.785
1,50.52,0.787,0.7837647058823529
1,50.53,0.842,0.7842352941176471
1,50.54,0.825,0.7842941176470587
1,50.55,0.867,0.7854901960784314
1,50.56,0.82,0.7867254901960785
1,50.57,0.821,0.7875294117647058
1,50.58,0.79,0.7883921568627452
1,50.59,0.772,0.7894509803921569
1,50.6,0.795,0.7902549019607843
1,50.61,0.751,0.7907647058823529
1,50.62,0.795,0.7906470588235294
1,50.63,0.754,0.7907058823529411
1,50.64,0.741,0.7906470588235294
1,50.65,0.71,0.7900392156862746
1,50.66,0.815,0.789235294117647
1,50.67,0.763,0.7861372549019607
1,50.68,0.773,0.7826666666666666
1,50.69,0.738,0.7802745098039217
1,50.7,0.725,0.7759411764705882
1,50.71,0.715,0.775235294117647
1,50.72,0.747,0.774156862745098
1,50.73,0.786,0.773
1,50.74,0.767,0.7723333333333334
1,50.75,0.752,0.7717450980392158
1,50.76,0.793,0.7718627450980392
1,50.77,0.772,0.7731764705882354
1,50.78,0.799,0.772235294117647
1,50.79,0.76,0.770764705882353
1,50.8,0.826,0.7700196078431373
1,50.81,0.834,0.7679019607843138
1,50.82,0.801,0.7646274509803922
1,50.83,0.842,0.761705882352941
1,50.84,0.849,0.7622745098039215
1,50.85,0.815,0.761313725490196
1,50.86,0.807,0.7587647058823529
1,50.87,0.763,0.7570392156862745
1,50.88,0.795,0.7534313725490196
1,50.89,0.781,0.7510196078431373
1,50.9,0.771,0.7488235294117648
1,50.91,0.731,0.748078431372549
1,50.92,0.65,0.7447450980392156
1,50.93,0.686,0.7434313725490196
1,50.94,0.678,0.7412941176470589
1,50.95,0.666,0.739450980392157
1,50.96,0.784,0.7402156862745097
1,50.97,0.733,0.7423725490196078
1,50.98,0.703,0.7438431372549019
1,50.99,0.751,0.7440196078431373
1,51.0,0.796,0.7439411764705883
1,51.01,0.791,0.7452549019607843
1,51.02,0.804,0.7450784313725489
1,51.03,0.739,0.7456274509803922
1,51.04,0.767,0.7456470588235294
1,51.05,0.787,0.7475294117647059
1,51.06,0.759,0.7509411764705882
1,51.07,0.653,0.7518235294117647
1,51.08,0.672,0.7548627450980393
1,51.09,0.819,0.758
1,51.1,0.723,0.7600980392156863
1,51.11,0.665,0.7645882352941178
1,51.12,0.663,0.7706078431372549
1,51.13,0.611,0.7751176470588237
1,51.14,0.631,0.7793921568627451
1,51.15,0.629,0.7826470588235294
1,51.16,0.672,0.7857058823529413
1,51.17,0.645,0.7898235294117647
1,51.18,0.696,0.7967058823529413
1,51.19,0.664,0.8015882352941176
1,51.2,0.644,0.8088431372549019
1,51.21,0.764,0.8143725490196079
1,51.22,0.825,0.8190784313725491
1,51.23,0.822,0.8261372549019607
1,51.24,0.795,0.8340784313725491
1,51.25,0.763,0.8404509803921568
1,51.26,0.819,0.846470588235294
1,51.27,0.784,0.8520784313725491
1,51.28,0.8,0.8581960784313726
1,51.29,0.8,0.8624509803921568
1,51.3,0.856,0.8670980392156863
1,51.31,1.0,0.8709411764705882
1,51.32,0.879,0.8747058823529411
1,51.33,0.956,0.882764705882353
1,51.34,1.002,0.8901960784313726
1,51.35,0.956,0.8933333333333334
1,51.36,1.044,0.8999803921568628
1,51.37,1.114,0.9077450980392158
1,51.38,0.993,0.915
1,51.39,1.013,0.923
1,51.4,0.947,0.931450980392157
1,51.41,0.927,0.9405098039215685
1,51.42,0.941,0.9485294117647058
1,51.43,1.001,0.9573333333333335
1,51.44,0.935,0.9638627450980392
1,51.45,1.048,0.9703725490196078
1,51.46,0.948,0.9784509803921568
1,51.47,1.024,0.9838039215686274
1,51.48,1.093,0.9888431372549019
1,51.49,1.108,0.9943333333333333
1,51.5,1.076,1.0020392156862745
1,51.51,1.103,1.00978431372549
1,51.52,1.077,1.0164313725490197
1,51.53,1.116,1.0223333333333333
1,51.54,0.956,1.0277254901960784
1,51.55,1.004,1.0350980392156863
1,51.56,0.983,1.0413333333333332
1,51.57,0.951,1.0438627450980393
1,51.58,1.064,1.0474313725490196
1,51.59,1.051,1.0507647058823528
1,51.6,0.979,1.0515490196078432
1,51.61,1.062,1.0529607843137254
1,51.62,1.061,1.0531176470588235
1,51.63,1.033,1.0536470588235294
1,51.64,1.019,1.057235294117647
1,51.65,1.062,1.0609411764705883
1,51.66,1.091,1.0653921568627451
1,51.67,1.081,1.0695294117647058
1,51.68,1.094,1.072470588235294
1,51.69,1.029,1.0737647058823527
1,51.7,0.996,1.0766470588235293
1,51.71,1.056,1.0796274509803923
1,51.72,1.037,1.0849607843137254
1,51.73,1.082,1.0893333333333333
1,51.74,1.102,1.0926470588235295
1,51.75,1.188,1.0946274509803922
1,51.76,1.158,1.096470588235294
1,51.77,1.158,1.0994705882352942
1,51.78,1.085,1.102843137254902
1,51.79,1.075,1.1047254901960784
1,51.8,1.176,1.1072745098039216
1,51.81,1.174,1.109392156862745
1,51.82,1.129,1.112392156862745
1,51.83,1.061,1.1156470588235294
1,51.84,1.126,1.1153529411764704
1,51.85,1.042,1.114392156862745
1,51.86,1.028,1.115705882352941
1,51.87,1.052,1.1160784313725491
1,51.88,1.141,1.1169019607843138
1,51.89,1.176,1.1178823529411765
1,51.9,1.202,1.1191764705882354
1,51.91,1.174,1.1205686274509805
1,51.92,1.138,1.1208235294117648
1,51.93,1.091,1.1209607843137255
1,51.94,1.067,1.1200588235294118
1,51.95,1.082,1.1198235294117649
1,51.96,1.2,1.1194901960784314
1,51.97,1.22,1.1186666666666667
1,51.98,1.247,1.119294117647059
1,51.99,1.262,1.1196666666666666
1,52.0,1.209,1.1214313725490195
1,52.01,1.17,1.1195294117647059
1,52.02,1.256,1.1177254901960785
1,52.03,1.249,1.1158627450980392
1,52.04,1.212,1.1165294117647058
1,52.05,1.086,1.1166666666666665
1,52.06,1.112,1.1149607843137255
1,52.07,1.136,1.1138627450980392
1,52.08,1.117,1.113627450980392
1,52.09,1.049,1.1150980392156862
1,52.1,1.002,1.114078431372549
1,52.11,1.046,1.1152549019607843
1,52.12,1.081,1.1175882352941175
1,52.13,1.103,1.1169019607843138
1,52.14,1.083,1.1157843137254901
1,52.15,1.085,1.1149803921568626
1,52.16,1.133,1.1119019607843137
1,52.17,1.104,1.1101960784313727
1,52.18,1.088,1.1094509803921568
1,52.19,1.048,1.1108431372549021
1,52.2,1.017,1.112
1,52.21,0.979,1.1141764705882353
1,52.22,1.014,1.1141176470588234
1,52.23,1.069,1.1119215686274508
1,52.24,1.101,1.1089803921568628
1,52.25,1.192,1.1053921568627452
1,52.26,1.091,1.1039215686274508
1,52.27,1.066,1.104078431372549
1,52.28,1.063,1.1023529411764705
1,52.29,1.119,1.1018235294117646
1,52.3,1.082,1.1009019607843138
1,52.31,1.089,1.1016666666666666
1,52.32,1.118,1.1025490196078431
1,52.33,1.117,1.1027058823529412
1,52.34,1.136,1.1027058823529412
1,52.35,1.074,1.1045490196078431
1,52.36,1.102,1.1067450980392157
1,52.37,1.147,1.1094313725490197
1,52.38,1.017,1.1109607843137255
1,52.39,1.084,1.111607843137255
1,52.4,1.135,1.1117843137254901
1,52.41,1.045,1.1125294117647058
1,52.42,1.087,1.112313725490196
1,52.43,1.1,1.1125882352941177
1,52.44,1.162,1.1132549019607845
1,52.45,1.126,1.1124117647058822
1,52.46,1.193,1.1113529411764704
1,52.47,1.197,1.112843137254902
1,52.48,1.108,1.1153137254901961
1,52.49,1.097,1.1169607843137255
1,52.5,1.079,1.119921568627451
1,52.51,1.134,1.1195882352941178
1,52.52,1.178,1.1211764705882352
1,52.53,1.168,1.1232156862745097
1,52.54,1.222,1.1261372549019608
1,52.55,1.165,1.1259411764705882
1,52.56,1.125,1.1263529411764706
1,52.57,1.157,1.1251960784313726
1,52.58,1.144,1.1238039215686275
1,52.59,1.117,1.1242352941176472
1,52.6,1.143,1.1217254901960785
1,52.61,1.114,1.1210392156862745
1,52.62,1.183,1.1193725490196078
1,52.63,1.159,1.116313725490196
1,52.64,1.136,1.116235294117647
1,52.65,1.092,1.1135882352941175
1,52.66,1.123,1.109607843137255
1,52.67,1.122,1.1064901960784312
1,52.68,1.118,1.1022745098039215
1,52.69,1.122,1.0989803921568628
1,52.7,1.005,1.092705882352941
1,52.71,0.963,1.0866470588235293
1,52.72,1.055,1.0803137254901962
1,52.73,1.14,1.0729019607843135
1,52.74,1.153,1.068607843137255
1,52.75,1.252,1.0630196078431373
1,52.76,1.175,1.0579607843137255
1,52.77,1.172,1.0507058823529412
1,52.78,1.17,1.0434509803921568
1,52.79,1.212,1.0375686274509806
1,52.8,1.109,1.0317450980392158
1,52.81,1.103,1.025372549019608
1,52.82,1.03,1.020392156862745
1,52.83,1.047,1.0169019607843137
1,52.84,1.139,1.014921568627451
1,52.85,1.008,1.0119803921568629
1,52.86,1.039,1.0068235294117647
1,52.87,1.017,0.9999019607843137
1,52.88,0.991,0.9929019607843137
1,52.89,1.013,0.9864705882352942
1,52.9,0.949,0.9806862745098038
1,52.91,0.932,0.9760588235294116
1,52.92,0.886,0.9724901960784313
1,52.93,0.872,0.9684509803921568
1,52.94,0.932,0.9673529411764706
1,52.95,0.842,0.9645490196078431
1,52.96,0.817,0.9638823529411765
1,52.97,0.87,0.964078431372549
1,52.98,0.819,0.9617254901960784
1,52.99,0.889,0.9583529411764706
1,53.0,0.812,0.955607843137255
1,53.01,0.821,0.9495882352941177
1,53.02,0.764,0.9437254901960783
1,53.03,0.808,0.9383137254901961
1,53.04,0.868,0.9328235294117647
1,53.05,0.925,0.9249607843137255
1,53.06,0.84,0.9199607843137255
1,53.07,0.871,0.9169215686274509
1,53.08,0.979,0.9145098039215686
1,53.09,1.043,0.9106862745098039
1,53.1,0.967,0.9038039215686273
1,53.11,0.88,0.9015294117647059
1,53.12,0.761,0.898156862745098
1,53.13,0.826,0.8962745098039214
1,53.14,0.831,0.8952549019607842
1,53.15,0.841,0.8938823529411765
1,53.16,0.856,0.8945490196078432
1,53.17,0.941,0.8940588235294118
1,53.18,0.916,0.8931372549019608
1,53.19,1.062,0.8930000000000001
1,53.2,0.979,0.8897058823529411
1,53.21,0.971,0.8879019607843137
1,53.22,0.973,0.8866666666666666
1,53.23,0.935,0.885549019607843
1,53.24,0.968,0.8852352941176471
1,53.25,1.013,0.8848823529411765
1,53.26,0.945,0.8851176470588235
1,53.27,0.876,0.8866666666666666
1,53.28,0.896,0.8878039215686274
1,53.29,0.89,0.8878627450980392
1,53.3,0.811,0.887921568627451
1,53.31,0.854,0.8868039215686275
1,53.32,0.948,0.8875294117647058
1,53.33,0.907,0.8873725490196078
1,53.34,0.852,0.8850392156862744
1,53.35,0.788,0.8810392156862745
1,53.36,0.892,0.8770196078431373
1,53.37,0.867,0.8743921568627451
1,53.38,0.921,0.8739411764705882
1,53.39,0.939,0.8719019607843137
1,53.4,0.943,0.8699607843137254
1,53.41,0.983,0.8668627450980392
1,53.42,0.907,0.8649411764705883
1,53.43,0.839,0.861
1,53.44,0.865,0.8579411764705883
1,53.45,0.764,0.852235294117647
1,53.46,0.75,0.8480392156862745
1,53.47,0.754,0.8427254901960785
1,53.48,0.813,0.837843137254902
1,53.49,0.803,0.8332156862745098
1,53.5,0.871,0.8281764705882352
1,53.51,0.824,0.8218235294117646
1,53.52,0.9,0.8167254901960784
1,53.53,0.822,0.8139215686274509
1,53.54,0.811,0.8089019607843136
1,53.55,0.871,0.804921568627451
1,53.56,0.868,0.8020588235294118
1,53.57,0.877,0.7984117647058824
1,53.58,0.863,0.7935294117647058
1,53.59,0.86,0.7901960784313726
1,53.6,0.839,0.7882745098039216
1,53.61,0.762,0.7884705882352941
1,53.62,0.746,0.7881764705882354
1,53.63,0.738,0.7869803921568628
1,53.64,0.722,0.7824901960784314
1,53.65,0.732,0.7783137254901962
1,53.66,0.683,0.7737647058823529
1,53.67,0.758,0.7681176470588236
1,53.68,0.74,0.764392156862745
1,53.69,0.76,0.7612941176470588
1,53.7,0.771,0.758921568627451
1,53.71,0.765,0.7597254901960785
1,53.72,0.7,0.7613725490196078
1,53.73,0.724,0.7623333333333334
1,53.74,0.699,0.7617843137254902
1,53.75,0.711,0.7615294117647059
1,53.76,0.689,0.760235294117647
1,53.77,0.685,0.7600392156862745
1,53.78,0.733,0.7572549019607843
1,53.79,0.64,0.7525490196078432
1,53.8,0.687,0.7487058823529412
1,53.81,0.665,0.7444117647058823
1,53.82,0.668,0.7404117647058822
1,53.83,0.699,0.7355686274509804
1,53.84,0.737,0.7331372549019608
1,53.85,0.754,0.7299607843137256
1,53.86,0.798,0.7273921568627449
1,53.87,0.877,0.7255294117647058
1,53.88,0.806,0.7250980392156864
1,53.89,0.692,0.723921568627451
1,53.9,0.726,0.722078431372549
1,53.91,0.711,0.720843137254902
1,53.92,0.695,0.7209411764705882
1,53.93,0.717,0.7182352941176471
1,53.94,0.681,0.7162549019607842
1,53.95,0.744,0.7156666666666667
1,53.96,0.805,0.712921568627451
1,53.97,0.834,0.7091764705882353
1,53.98,0.803,0.7064313725490198
1,53.99,0.785,0.7019607843137254
1,54.0,0.79,0.6985686274509805
1,54.01,0.805,0.6946666666666668
1,54.02,0.814,0.691921568627451
1,54.03,0.758,0.6894509803921568
1,54.04,0.582,0.6854901960784314
1,54.05,0.615,0.683607843137255
1,54.06,0.652,0.6809215686274509
1,54.07,0.664,0.6780196078431373
1,54.08,0.63,0.6751372549019609
1,54.09,0.739,0.671843137254902
1,54.1,0.698,0.6682941176470588
1,54.11,0.708,0.6639803921568628
1,54.12,0.667,0.6586862745098039
1,54.13,0.724,0.652921568627451
1,54.14,0.678,0.6495294117647058
1,54.15,0.628,0.6463137254901962
1,54.16,0.669,0.6411764705882353
1,54.17,0.688,0.6366470588235295
1,54.18,0.62,0.6336666666666667
1,54.19,0.639,0.6295490196078432
1,54.2,0.73,0.6272156862745099
1,54.21,0.631,0.6237058823529411
1,54.22,0.574,0.6190980392156863
1,54.23,0.56,0.6136666666666667
1,54.24,0.496,0.6082745098039215
1,54.25,0.526,0.6033725490196079
1,54.26,0.512,0.5974313725490197
1,54.27,0.549,0.5913137254901961
1,54.28,0.559,0.5855686274509804
1,54.29,0.531,0.5817058823529412
1,54.3,0.544,0.5825882352941176
1,54.31,0.55,0.5812549019607843
1,54.32,0.517,0.5791764705882353
1,54.33,0.521,0.5776078431372549
1,54.34,0.531,0.5761176470588235
1,54.35,0.556,0.5727450980392157
1,54.36,0.534,0.5700392156862745
1,54.37,0.528,0.5659803921568628
1,54.38,0.583,0.5638627450980391
1,54.39,0.633,0.5607450980392157
1,54.4,0.528,0.5586274509803922
1,54.41,0.464,0.5563333333333333
1,54.42,0.48,0.552921568627451
1,54.43,0.543,0.5496666666666666
1,54.44,0.507,0.5481372549019609
1,54.45,0.562,0.5460588235294118
1,54.46,0.565,0.5421568627450981
1,54.47,0.57,0.5408235294117647
1,54.48,0.557,0.540921568627451
1,54.49,0.528,0.542843137254902
1,54.5,0.535,0.5439411764705883
1,54.51,0.487,0.5450588235294118
1,54.52,0.493,0.5452156862745098
1,54.53,0.521,0.5448823529411765
1,54.54,0.561,0.5441372549019609
1,54.55,0.627,0.5444313725490195
1,54.56,0.547,0.5454117647058824
1,54.57,0.546,0.5453921568627451
1,54.58,0.584,0.5467058823529412
1,54.59,0.554,0.5475686274509804
1,54.6,0.567,0.5483137254901961
1,54.61,0.56,0.5490196078431373
1,54.62,0.501,0.5501372549019607
1,54.63,0.559,0.5514117647058824
1,54.64,0.565,0.5520588235294118
1,54.65,0.57,0.5499999999999999
1,54.66,0.511,0.5511372549019607
1,54.67,0.495,0.5536274509803922
1,54.68,0.522,0.5556862745098039
1,54.69,0.542,0.5566078431372549
1,54.7,0.533,0.5578823529411765
1,54.71,0.531,0.5577647058823529
1,54.72,0.563,0.5573921568627451
1,54.73,0.579,0.5569019607843138
1,54.74,0.658,0.5564901960784314
1,54.75,0.552,0.556843137254902
1,54.76,0.583,0.5575098039215686
1,54.77,0.52,0.5595098039215686
1,54.78,0.532,0.5615882352941176
1,54.79,0.521,0.5624117647058824
1,54.8,0.546,0.5630392156862745
1,54.81,0.594,0.5628627450980392
1,54.82,0.549,0.5637843137254902
1,54.83,0.584,0.5648235294117647
1,54.84,0.565,0.5632941176470588
1,54.85,0.569,0.5637254901960784
1,54.86,0.592,0.5635294117647058
1,54.87,0.591,0.5634705882352941
1,54.88,0.593,0.5638627450980391
1,54.89,0.616,0.5636666666666666
1,54.9,0.528,0.5647058823529412
1,54.91,0.586,0.5657843137254902
1,54.92,0.591,0.5674117647058823
1,54.93,0.585,0.5686666666666667
1,54.94,0.59,0.5696666666666667
1,54.95,0.572,0.5719215686274509
1,54.96,0.556,0.5724901960784314
1,54.97,0.546,0.5732745098039216
1,54.98,0.545,0.5739019607843137
1,54.99,0.536,0.5735294117647058
1,55.0,0.546,0.5717254901960784
1,55.01,0.569,0.5716274509803921
1,55.02,0.589,0.5699019607843138
1,55.03,0.599,0.5719019607843138
1,55.04,0.563,0.5722941176470588
1,55.05,0.593,0.5733137254901961
1,55.06,0.618,0.5745882352941177
1,55.07,0.594,0.5741176470588235
1,55.08,0.599,0.5747058823529412
1,55.09,0.506,0.5744117647058824
1,55.1,0.576,0.5742549019607843
1,55.11,0.557,0.5747254901960784
1,55.12,0.557,0.574843137254902
1,55.13,0.521,0.5735098039215686
1,55.14,0.549,0.5734509803921568
1,55.15,0.618,0.573
1,55.16,0.625,0.5733529411764706
1,55.17,0.594,0.5718039215686275
1,55.18,0.559,0.5703921568627451
1,55.19,0.573,0.5692156862745098
1,55.2,0.657,0.5676470588235295
1,55.21,0.562,0.5666078431372549
1,55.22,0.571,0.5664117647058824
1,55.23,0.595,0.5665294117647058
1,55.24,0.56,0.5659803921568628
1,55.25,0.566,0.5665686274509804
1,55.26,0.547,0.5670980392156862
1,55.27,0.495,0.5669803921568628
1,55.28,0.622,0.5653529411764705
1,55.29,0.552,0.5646274509803922
1,55.3,0.573,0.5632941176470588
1,55.31,0.611,0.562235294117647
1,55.32,0.57,0.5600196078431372
1,55.33,0.579,0.5588039215686275
1,55.34,0.569,0.5579411764705882
1,55.35,0.557,0.5580980392156862
1,55.36,0.593,0.5576078431372549
1,55.37,0.598,0.5571372549019609
1,55.38,0.523,0.5564901960784314
1,55.39,0.59,0.556921568627451
1,55.4,0.593,0.5586274509803922
1,55.41,0.546,0.5584901960784314
1,55.42,0.507,0.5589607843137254
1,55.43,0.519,0.5604117647058824
1,55.44,0.525,0.5636274509803921
1,55.45,0.51,0.5643529411764706
1,55.46,0.519,0.5644901960784314
1,55.47,0.546,0.5683725490196078
1,55.48,0.552,0.5701372549019608
1,55.49,0.517,0.5732941176470588
1,55.5,0.566,0.5770980392156863
1,55.51,0.573,0.5803137254901961
1,55.52,0.563,0.582843137254902
1,55.53,0.506,0.5887254901960784
1,55.54,0.562,0.5946274509803922
1,55.55,0.495,0.6014509803921568
1,55.56,0.539,0.6069803921568627
1,55.57,0.505,0.6129803921568627
1,55.58,0.532,0.617843137254902
1,55.59,0.555,0.6227843137254903
1,55.6,0.514,0.628313725490196
1,55.61,0.551,0.6326666666666666
1,55.62,0.533,0.6365294117647059
1,55.63,0.524,0.6403921568627452
1,55.64,0.543,0.6464705882352941
1,55.65,0.636,0.6507450980392158
1,55.66,0.611,0.6551764705882354
1,55.67,0.649,0.6624705882352941
1,55.68,0.668,0.6690196078431373
1,55.69,0.723,0.6761764705882353
1,55.7,0.61,0.6848823529411764
1,55.71,0.664,0.6926274509803921
1,55.72,0.76,0.6996078431372549
1,55.73,0.661,0.7055098039215687
1,55.74,0.756,0.7112549019607843
1,55.75,0.754,0.7179999999999999
1,55.76,0.73,0.7258823529411765
1,55.77,0.676,0.731843137254902
1,55.78,0.795,0.7386470588235294
1,55.79,0.923,0.7465098039215686
1,55.8,0.9,0.7532549019607844
1,55.81,0.855,0.7605686274509804
1,55.82,0.917,0.7691176470588236
1,55.83,0.818,0.777156862745098
1,55.84,0.831,0.7853921568627451
1,55.85,0.851,0.7937254901960784
1,55.86,0.779,0.8025490196078431
1,55.87,0.79,0.8120196078431372
1,55.88,0.795,0.8222745098039216
1,55.89,0.833,0.832235294117647
1,55.9,0.808,0.8436078431372549
1,55.91,0.819,0.8541372549019608
1,55.92,0.918,0.8653725490196078
1,55.93,0.841,0.8784313725490196
1,55.94,0.884,0.8888039215686274
1,55.95,0.969,0.8972941176470588
1,55.96,0.905,0.9127843137254902
1,55.97,0.875,0.9260196078431372
1,55.98,0.847,0.936843137254902
1,55.99,0.845,0.9517843137254901
1,56.0,0.861,0.962764705882353
1,56.01,0.968,0.9734509803921568
1,56.02,0.877,0.9854509803921567
1,56.03,0.91,1.0014901960784315
1,56.04,0.907,1.0151568627450982
1,56.05,0.906,1.0267843137254902
1,56.06,0.868,1.0416666666666667
1,56.07,0.975,1.0586274509803921
1,56.08,0.915,1.072549019607843
1,56.09,0.952,1.08678431372549
1,56.1,0.98,1.099235294117647
1,56.11,0.964,1.1108235294117648
1,56.12,1.034,1.1269803921568626
1,56.13,1.056,1.1462941176470587
1,56.14,1.032,1.1651372549019607
1,56.15,1.123,1.1837647058823528
1,56.16,1.173,1.2061960784313726
1,56.17,1.184,1.2310392156862744
1,56.18,1.315,1.2519607843137255
1,56.19,1.197,1.2795098039215689
1,56.2,1.156,1.3107058823529412
1,56.21,1.4,1.3385882352941176
1,56.22,1.339,1.3751176470588236
1,56.23,1.312,1.4150784313725489
1,56.24,1.423,1.4562745098039216
1,56.25,1.316,1.4901764705882352
1,56.26,1.299,1.5277254901960784
1,56.27,1.342,1.5659803921568627
1,56.28,1.494,1.6092745098039214
1,56.29,1.492,1.6480392156862744
1,56.3,1.516,1.685137254901961
1,56.31,1.659,1.7209019607843135
1,56.32,1.72,1.7551764705882356
1,56.33,1.627,1.7823921568627452
1,56.34,1.544,1.8173921568627451
1,56.35,1.466,1.8527843137254902
1,56.36,1.442,1.8847647058823531
1,56.37,1.603,1.915549019607843
1,56.38,1.775,1.9434117647058822
1,56.39,1.756,1.9714313725490193
1,56.4,1.783,2.0028039215686273
1,56.41,1.952,2.0352941176470587
1,56.42,2.086,2.0678235294117644
1,56.43,1.985,2.100764705882353
1,56.44,2.246,2.132862745098039
1,56.45,2.475,2.167392156862745
1,56.46,2.391,2.2044901960784316
1,56.47,2.768,2.2351960784313727
1,56.48,2.913,2.2651764705882353
1,56.49,2.948,2.2988823529411766
1,56.5,2.574,2.331529411764706
1,56.51,2.776,2.3616666666666664
1,56.52,2.919,2.392705882352941
1,56.53,3.085,2.4233529411764705
1,56.54,2.887,2.451313725490196
1,56.55,2.799,2.4778235294117645
1,56.56,2.73,2.500156862745098
1,56.57,2.616,2.5207450980392156
1,56.58,2.363,2.542235294117647
1,56.59,2.7,2.5643333333333334
1,56.6,2.757,2.58878431372549
1,56.61,2.611,2.62221568627451
1,56.62,2.534,2.6593725490196074
1,56.63,2.455,2.6910588235294117
1,56.64,2.485,2.715862745098039
1,56.65,2.632,2.742450980392157
1,56.66,2.78,2.76143137254902
1,56.67,2.832,2.7746078431372547
1,56.68,2.864,2.7814313725490196
1,56.69,2.952,2.79335294117647
1,56.7,2.958,2.7956078431372555
1,56.71,3.048,2.7918039215686274
1,56.72,2.966,2.790294117647059
1,56.73,2.868,2.7808039215686273
1,56.74,3.031,2.7668431372549023
1,56.75,3.088,2.75321568627451
1,56.76,2.853,2.7481176470588236
1,56.77,2.882,2.736607843137255
1,56.78,2.905,2.722176470588235
1,56.79,2.92,2.7067058823529413
1,56.8,2.844,2.699176470588235
1,56.81,2.655,2.6967058823529415
1,56.82,2.709,2.6968431372549015
1,56.83,2.816,2.701607843137255
1,56.84,2.754,2.715058823529412
1,56.85,2.791,2.7180392156862747
1,56.86,3.171,2.721647058823529
1,56.87,3.337,2.7279411764705883
1,56.88,3.219,2.734019607843137
1,56.89,3.04,2.744470588235294
1,56.9,3.112,2.755294117647059
1,56.91,2.751,2.7618431372549024
1,56.92,2.624,2.768078431372549
1,56.93,2.434,2.7761764705882355
1,56.94,2.593,2.7809411764705882
1,56.95,2.361,2.776450980392157
1,56.96,2.281,2.7729411764705887
1,56.97,2.314,2.767764705882353
1,56.98,2.284,2.762137254901961
1,56.99,2.201,2.7560784313725493
1,57.0,2.253,2.752921568627451
1,57.01,2.314,2.7442941176470588
1,57.02,2.189,2.738078431372549
1,57.03,2.183,2.735254901960784
1,57.04,2.296,2.730666666666666
1,57.05,2.503,2.7334705882352943
1,57.06,2.673,2.738450980392157
1,57.07,2.737,2.740450980392157
1,57.08,2.859,2.741235294117647
1,57.09,3.049,2.743078431372549
1,57.1,2.852,2.7442352941176473
1,57.11,2.941,2.745294117647059
1,57.12,2.932,2.73678431372549
1,57.13,2.844,2.728
1,57.14,2.988,2.72
1,57.15,3.037,2.7152745098039217
1,57.16,2.966,2.7078627450980393
1,57.17,3.098,2.708941176470588
1,57.18,3.245,2.714803921568627
1,57.19,3.107,2.7220588235294114
1,57.2,2.723,2.7282352941176473
1,57.21,2.779,2.7400588235294117
1,57.22,2.784,2.7524313725490197
1,57.23,2.679,2.7690196078431373
1,57.24,2.559,2.7863333333333333
1,57.25,2.87,2.8050588235294116
1,57.26,2.648,2.8204313725490193
1,57.27,2.536,2.838882352941176
1,57.28,2.738,2.855450980392157
1,57.29,2.671,2.869627450980392
1,57.3,3.063,2.8823725490196073
1,57.31,3.098,2.8945882352941177
1,57.32,2.757,2.9049019607843136
1,57.33,2.749,2.9133137254901964
1,57.34,2.91,2.9199607843137256
1,57.35,2.813,2.9213725490196074
1,57.36,2.845,2.9211960784313726
1,57.37,2.737,2.9147254901960786
1,57.38,2.889,2.913490196078431
1,57.39,2.811,2.91221568627451
1,57.4,2.799,2.908058823529412
1,57.41,2.734,2.899333333333333
1,57.42,2.806,2.8919803921568623
1,57.43,2.923,2.8822156862745096
1,57.44,2.804,2.8688823529411764
1,57.45,2.908,2.8593333333333333
1,57.46,2.964,2.8572352941176473
1,57.47,2.912,2.8521176470588236
1,57.48,3.16,2.8439019607843137
1,57.49,3.167,2.840588235294118
1,57.5,3.156,2.8402549019607846
1,57.51,3.037,2.837490196078431
1,57.52,3.255,2.8378823529411763
1,57.53,3.034,2.8363529411764703
1,57.54,2.906,2.83478431372549
1,57.55,2.946,2.8320980392156865
1,57.56,3.126,2.818156862745098
1,57.57,3.199,2.809019607843137
1,57.58,3.166,2.8104705882352943
1,57.59,3.198,2.8158039215686275
1,57.6,3.121,2.819686274509804
1,57.61,2.843,2.8249019607843135
1,57.62,2.611,2.828411764705882
1,57.63,2.869,2.8306666666666667
1,57.64,2.779,2.8277254901960784
1,57.65,2.776,2.8261764705882357
1,57.66,2.592,2.822980392156863
1,57.67,2.591,2.8220588235294115
1,57.68,2.6,2.8191568627450985
1,57.69,2.565,2.818588235294118
1,57.7,2.62,2.81821568627451
1,57.71,2.616,2.8167450980392155
1,57.72,2.518,2.815235294117647
1,57.73,2.365,2.813588235294118
1,57.74,2.51,2.8046666666666664
1,57.75,2.542,2.800529411764706
1,57.76,2.729,2.800411764705882
1,57.77,2.668,2.805392156862745
1,57.78,2.458,2.8020000000000005
1,57.79,2.658,2.801450980392157
1,57.8,2.534,2.8017254901960786
1,57.81,2.352,2.797117647058824
1,57.82,2.632,2.787333333333333
1,57.83,2.831,2.774529411764706
1,57.84,3.021,2.7646274509803925
1,57.85,3.108,2.7533529411764706
1,57.86,3.079,2.7460392156862747
1,57.87,3.024,2.747117647058823
1,57.88,2.852,2.7522549019607845
1,57.89,2.739,2.7540392156862743
1,57.9,2.732,2.765450980392157
1,57.91,2.636,2.7762745098039217
1,57.92,2.687,2.7921372549019607
1,57.93,2.658,2.8145490196078433
1,57.94,2.894,2.8320980392156865
1,57.95,2.785,2.846156862745098
1,57.96,2.833,2.8563921568627455
1,57.97,2.887,2.8719999999999994
1,57.98,2.828,2.8885882352941175
1,57.99,2.705,2.915078431372549
1,58.0,2.956,2.940862745098039
1,58.01,3.15,2.963490196078431
1,58.02,3.291,2.977470588235294
1,58.03,3.082,2.993843137254902
1,58.04,3.006,3.0164705882352942
1,58.05,2.92,3.028686274509804
1,58.06,2.711,3.0479215686274506
1,58.07,2.627,3.0677647058823525
1,58.08,2.546,3.084980392156863
1,58.09,2.661,3.0919019607843135
1,58.1,2.623,3.09978431372549
1,58.11,2.748,3.1107058823529417
1,58.12,2.898,3.1235882352941178
1,58.13,2.873,3.141313725490196
1,58.14,2.96,3.157450980392157
1,58.15,3.361,3.174862745098039
1,58.16,3.328,3.197686274509804
1,58.17,3.401,3.218509803921569
1,58.18,3.734,3.2374117647058824
1,58.19,3.495,3.2582352941176467
1,58.2,3.282,3.276607843137255
1,58.21,3.142,3.2966470588235293
1,58.22,3.412,3.3201176470588236
1,58.23,3.364,3.3419019607843135
1,58.24,3.716,3.3707450980392153
1,58.25,3.825,3.401
1,58.26,3.696,3.4212745098039212
1,58.27,3.442,3.4358235294117647
1,58.28,3.503,3.4471176470588234
1,58.29,3.612,3.4602549019607842
1,58.3,3.281,3.4781764705882354
1,58.31,3.515,3.4954901960784315
1,58.32,3.364,3.5151372549019606
1,58.33,3.51,3.538745098039216
1,58.34,3.184,3.567823529411765
1,58.35,3.423,3.593941176470588
1,58.36,3.665,3.6230196078431374
1,58.37,3.736,3.6517843137254906
1,58.38,3.928,3.6752941176470593
1,58.39,3.675,3.699411764705882
1,58.4,3.627,3.719666666666667
1,58.41,3.896,3.7294313725490196
1,58.42,3.698,3.744843137254902
1,58.43,3.651,3.758490196078432
1,58.44,3.72,3.7646274509803925
1,58.45,3.831,3.776607843137255
1,58.46,3.807,3.7969019607843144
1,58.47,4.03,3.8236666666666665
1,58.48,3.998,3.8494705882352944
1,58.49,4.299,3.8785490196078434
1,58.5,4.248,3.900372549019608
1,58.51,3.99,3.9207058823529417
1,58.52,3.892,3.9439215686274514
1,58.53,3.867,3.971450980392157
1,58.54,3.752,3.9981372549019607
1,58.55,3.92,4.018019607843137
1,58.56,3.803,4.041568627450981
1,58.57,3.713,4.0585490196078435
1,58.58,3.831,4.074686274509804
1,58.59,4.029,4.095137254901961
1,58.6,3.993,4.122137254901961
1,58.61,4.106,4.142784313725491
1,58.62,4.215,4.159254901960784
1,58.63,4.097,4.171862745098039
1,58.64,4.103,4.184
1,58.65,3.993,4.199705882352942
1,58.66,3.859,4.210078431372549
1,58.67,4.114,4.214235294117647
1,58.68,4.097,4.224117647058823
1,58.69,4.047,4.230568627450981
1,58.7,4.106,4.2412745098039215
1,58.71,4.317,4.251529411764706
1,58.72,4.507,4.261607843137255
1,58.73,4.728,4.273156862745099
1,58.74,4.847,4.285137254901961
1,58.75,4.829,4.2955098039215684
1,58.76,4.862,4.308294117647059
1,58.77,4.88,4.331274509803921
1,58.78,4.846,4.360823529411765
1,58.79,4.864,4.386450980392157
1,58.8,4.626,4.414352941176471
1,58.81,4.482,4.435117647058823
1,58.82,4.381,4.458549019607843
1,58.83,4.187,4.483921568627451
1,58.84,4.553,4.509411764705883
1,58.85,4.561,4.527980392156863
1,58.86,4.476,4.5475490196078425
1,58.87,4.505,4.562333333333333
1,58.88,4.379,4.576862745098039
1,58.89,4.547,4.597941176470588
1,58.9,4.476,4.620372549019608
1,58.91,4.156,4.644725490196079
1,58.92,4.108,4.668313725490196
1,58.93,4.202,4.688392156862745
1,58.94,3.98,4.710333333333334
1,58.95,4.266,4.730666666666666
1,58.96,4.354,4.75056862745098
1,58.97,4.321,4.768196078431372
1,58.98,4.619,4.7818627450980395
1,58.99,4.609,4.791333333333333
1,59.0,4.828,4.799235294117647
1,59.01,4.9,4.807764705882353
1,59.02,5.162,4.814549019607843
1,59.03,5.399,4.823705882352941
1,59.04,5.174,4.835764705882353
1,59.05,5.175,4.849686274509804
1,59.06,4.979,4.868882352941176
1,59.07,4.998,4.8895294117647055
1,59.08,5.007,4.909960784313725
1,59.09,5.131,4.9372549019607845
1,59.1,4.976,4.955686274509804
1,59.11,4.991,4.975156862745098
1,59.12,4.86,4.997058823529412
1,59.13,4.956,5.017666666666667
1,59.14,5.172,5.039980392156862
1,59.15,5.247,5.0627450980392155
1,59.16,5.235,5.0898039215686275
1,59.17,5.062,5.121882352941177
1,59.18,5.138,5.154980392156863
1,59.19,5.216,5.186117647058824
1,59.2,5.084,5.220176470588235
1,59.21,5.121,5.250019607843137
1,59.22,5.216,5.27978431372549
1,59.23,5.204,5.306098039215687
1,59.24,5.211,5.326745098039216
1,59.25,5.25,5.347549019607843
1,59.26,5.264,5.365843137254902
1,59.27,5.208,5.377058823529413
1,59.28,5.347,5.381450980392157
1,59.29,5.461,5.380176470588236
1,59.3,5.574,5.381235294117647
1,59.31,5.605,5.382019607843137
1,59.32,5.535,5.389823529411764
1,59.33,5.423,5.401941176470589
1,59.34,5.579,5.407294117647059
1,59.35,5.493,5.407745098039216
1,59.36,5.554,5.414509803921569
1,59.37,5.593,5.418764705882352
1,59.38,5.556,5.42621568627451
1,59.39,5.517,5.4312941176470595
1,59.4,5.708,5.431823529411764
1,59.41,5.856,5.431705882352942
1,59.42,5.792,5.432039215686275
1,59.43,5.796,5.437196078431373
1,59.44,5.79,5.442529411764706
1,59.45,5.717,5.447294117647059
1,59.46,5.788,5.4526666666666666
1,59.47,5.872,5.460999999999999
1,59.48,5.663,5.4693137254901965
1,59.49,5.672,5.476941176470588
1,59.5,5.67,5.4834901960784315
1,59.51,5.761,5.48656862745098
1,59.52,5.472,5.488235294117646
1,59.53,5.386,5.490019607843138
1,59.54,5.334,5.4921372549019605
1,59.55,5.228,5.49256862745098
1,59.56,5.215,5.493882352941178
1,59.57,5.377,5.501333333333333
1,59.58,5.616,5.506764705882352
1,59.59,5.28,5.516254901960783
1,59.6,5.154,5.519725490196079
1,59.61,5.321,5.524156862745099
1,59.62,5.208,5.524156862745097
1,59.63,5.24,5.522411764705882
1,59.64,5.215,5.52078431372549
1,59.65,5.199,5.522627450980392
1,59.66,5.241,5.520196078431372
1,59.67,5.252,5.5143137254901955
1,59.68,5.325,5.505549019607844
1,59.69,5.41,5.495470588235294
1,59.7,5.459,5.48478431372549
1,59.71,5.358,5.47664705882353
1,59.72,5.546,5.469274509803921
1,59.73,5.64,5.46170588235294
1,59.74,5.593,5.459882352941175
1,59.75,5.545,5.458
1,59.76,5.407,5.459196078431372
1,59.77,5.349,5.46086274509804
1,59.78,5.299,5.470686274509804
1,59.79,5.455,5.478803921568629
1,59.8,5.483,5.486078431372549
1,59.81,5.641,5.494960784313726
1,59.82,5.985,5.503372549019607
1,59.83,5.812,5.50856862745098
1,59.84,5.907,5.509392156862745
1,59.85,5.756,5.513901960784314
1,59.86,5.719,5.52186274509804
1,59.87,5.554,5.528254901960784
1,59.88,5.504,5.535843137254902
1,59.89,5.473,5.54
1,59.9,5.611,5.5401960784313715
1,59.91,5.584,5.543000000000001
1,59.92,5.556,5.5432549019607835
1,59.93,5.345,5.545137254901961
1,59.94,5.282,5.545999999999999
1,59.95,5.245,5.5434705882352935
1,59.96,5.302,5.542705882352941
1,59.97,5.412,5.543156862745098
1,59.98,5.486,5.539450980392157
1,59.99,5.57,5.535313725490197
1,60.0,5.576,5.52913725490196
1,60.01,5.731,5.523823529411764
1,60.02,5.846,5.521647058823529
1,60.03,5.973,5.5213921568627455
1,60.04,5.8,5.521999999999999
1,60.05,5.705,5.520450980392157
1,60.06,5.681,5.5175882352941175
1,60.07,5.644,5.511156862745097
1,60.08,5.642,5.499901960784314
1,60.09,5.658,5.493
1,60.1,5.51,5.484862745098039
1,60.11,5.56,5.478803921568627
1,60.12,5.647,5.4722156862745095
1,60.13,5.595,5.470803921568628
1,60.14,5.452,5.470039215686274
1,60.15,5.225,5.468725490196078
1,60.16,5.342,5.465470588235294
1,60.17,5.254,5.459901960784314
1,60.18,5.348,5.457588235294118
1,60.19,5.369,5.45756862745098
1,60.2,5.281,5.459803921568628
1,60.21,5.42,5.461568627450981
1,60.22,5.381,5.463745098039214
1,60.23,5.357,5.463960784313725
1,60.24,5.429,5.459803921568628
1,60.25,5.278,5.454470588235294
1,60.26,5.274,5.448039215686275
1,60.27,5.296,5.43743137254902
1,60.28,5.336,5.427509803921569
1,60.29,5.33,5.415098039215685
1,60.3,5.376,5.404176470588236
1,60.31,5.337,5.397941176470589
1,60.32,5.313,5.391058823529412
1,60.33,5.411,5.383039215686275
1,60.34,5.46,5.378549019607843
1,60.35,5.492,5.374568627450981
1,60.36,5.447,5.369607843137255
1,60.37,5.383,5.365156862745098
1,60.38,5.482,5.3623529411764705
1,60.39,5.465,5.361274509803921
1,60.4,5.406,5.363450980392157
1,60.41,5.445,5.3745882352941186
1,60.42,5.3,5.381411764705883
1,60.43,5.438,5.39143137254902
1,60.44,5.344,5.402509803921569
1,60.45,5.396,5.411509803921569
1,60.46,5.335,5.4210980392156864
1,60.47,5.413,5.430215686274511
1,60.48,5.423,5.4350588235294115
1,60.49,5.274,5.44156862745098
1,60.5,5.298,5.442549019607843
1,60.51,5.248,5.446470588235295
1,60.52,5.19,5.451117647058823
1,60.53,5.34,5.45650980392157
1,60.54,5.34,5.458058823529411
1,60.55,5.243,5.460039215686275
1,60.56,5.387,5.462509803921568
1,60.57,5.33,5.46456862745098
1,60.58,5.235,5.4651764705882355
1,60.59,5.413,5.461313725490196
1,60.6,5.455,5.4608823529411765
1,60.61,5.257,5.458764705882353
1,60.62,5.333,5.458450980392158
1,60.63,5.504,5.463196078431373
1,60.64,5.54,5.463666666666667
1,60.65,5.563,5.466098039215686
1,60.66,5.793,5.4721568627450985
1,60.67,5.69,5.474549019607844
1,60.68,5.765,5.479627450980392
1,60.69,5.913,5.483686274509804
1,60.7,5.828,5.486509803921567
1,60.71,5.77,5.485803921568627
1,60.72,5.885,5.486078431372548
1,60.73,5.628,5.484764705882353
1,60.74,5.689,5.48164705882353
1,60.75,5.479,5.4811764705882355
1,60.76,5.478,5.480921568627452
1,60.77,5.511,5.478725490196077
1,60.78,5.571,5.4769411764705875
1,60.79,5.415,5.473882352941176
1,60.8,5.431,5.470137254901961
1,60.81,5.502,5.4692156862745085
1,60.82,5.442,5.465627450980391
1,60.83,5.344,5.464823529411765
1,60.84,5.214,5.464784313725489
1,60.85,5.438,5.463019607843138
1,60.86,5.384,5.460235294117647
1,60.87,5.431,5.461901960784313
1,60.88,5.625,5.462901960784314
1,60.89,5.506,5.457882352941176
1,60.9,5.589,5.452862745098039
1,60.91,5.715,5.4485882352941175
1,60.92,5.567,5.439058823529412
1,60.93,5.559,5.432176470588235
1,60.94,5.645,5.422254901960784
1,60.95,5.488,5.409431372549019
1,60.96,5.36,5.399882352941177
1,60.97,5.349,5.390254901960785
1,60.98,5.346,5.379098039215687
1,60.99,5.264,5.374588235294118
1,61.0,5.25,5.367803921568628
1,61.01,5.285,5.366333333333333
1,61.02,5.136,5.360274509803921
1,61.03,5.099,5.357176470588236
1,61.04,5.184,5.355882352941176
1,61.05,5.149,5.362274509803922
1,61.06,5.196,5.366803921568628
1,61.07,5.204,5.3710980392156875
1,61.08,5.289,5.376843137254902
1,61.09,5.233,5.380529411764707
1,61.1,5.323,5.390352941176471
1,61.11,5.313,5.395039215686275
1,61.12,5.342,5.404313725490196
1,61.13,5.384,5.410980392156862
1,61.14,5.248,5.415431372549019
1,61.15,5.284,5.420058823529412
1,61.16,5.345,5.418588235294118
1,61.17,5.307,5.415980392156862
1,61.18,5.339,5.413941176470588
1,61.19,5.259,5.414823529411765
1,61.2,5.259,5.413980392156863
1,61.21,5.341,5.4171764705882355
1,61.22,5.279,5.419823529411765
1,61.23,5.316,5.429725490196079
1,61.24,5.398,5.442647058823529
1,61.25,5.343,5.458803921568627
1,61.26,5.404,5.473588235294118
1,61.27,5.169,5.484901960784313
1,61.28,5.353,5.499039215686275
1,61.29,5.505,5.511666666666668
1,61.3,5.741,5.521921568627451
1,61.31,5.662,5.536117647058823
1,61.32,5.721,5.547137254901961
1,61.33,5.735,5.555176470588235
1,61.34,5.532,5.56313725490196
1,61.35,5.715,5.571686274509803
1,61.36,5.677,5.5781568627450975
1,61.37,5.857,5.5837843137254906
1,61.38,5.771,5.588588235294118
1,61.39,5.852,5.59756862745098
1,61.4,5.742,5.603803921568629
1,61.41,5.514,5.611411764705883
1,61.42,5.582,5.613254901960785
1,61.43,5.463,5.616882352941175
1,61.44,5.604,5.622078431372549
1,61.45,5.602,5.6278235294117644
1,61.46,5.651,5.631882352941177
1,61.47,5.495,5.633627450980392
1,61.48,5.854,5.639666666666667
1,61.49,6.005,5.642607843137254
1,61.5,6.088,5.642333333333333
1,61.51,6.004,5.643725490196078
1,61.52,5.862,5.643137254901961
1,61.53,5.857,5.647862745098039
1,61.54,5.743,5.646372549019607
1,61.55,5.707,5.640901960784313
1,61.56,5.873,5.631705882352942
1,61.57,5.758,5.626901960784314
1,61.58,5.614,5.62135294117647
1,61.59,5.695,5.613176470588236
1,61.6,5.669,5.611117647058823
1,61.61,5.653,5.603431372549021
1,61.62,5.6,5.59356862745098
1,61.63,5.587,5.5802941176470595
1,61.64,5.842,5.570549019607843
1,61.65,5.566,5.560235294117647
1,61.66,5.672,5.5530784313725485
1,61.67,5.439,5.5495882352941175
1,61.68,5.492,5.54278431372549
1,61.69,5.604,5.537
1,61.7,5.552,5.531039215686274
1,61.71,5.466,5.524823529411765
1,61.72,5.43,5.516019607843138
1,61.73,5.587,5.507411764705882
1,61.74,5.466,5.495313725490196
1,61.75,5.384,5.478882352941176
1,61.76,5.414,5.459764705882352
1,61.77,5.374,5.441627450980391
1,61.78,5.41,5.428176470588235
1,61.79,5.277,5.415588235294117
1,61.8,5.226,5.407901960784313
1,61.81,5.272,5.3991372549019605
1,61.82,5.417,5.388823529411765
1,61.83,5.438,5.380999999999999
1,61.84,5.318,5.376019607843138
1,61.85,5.427,5.37007843137255
1,61.86,5.323,5.364039215686275
1,61.87,5.174,5.354549019607843
1,61.88,5.18,5.347823529411764
1,61.89,5.274,5.3416274509803925
1,61.9,5.326,5.334294117647058
1,61.91,5.377,5.333882352941176
1,61.92,5.336,5.329607843137255
1,61.93,5.235,5.332666666666666
1,61.94,5.168,5.336294117647059
1,61.95,5.3,5.3386274509803915
1,61.96,5.285,5.341588235294117
1,61.97,5.202,5.342450980392157
1,61.98,5.056,5.347372549019608
1,61.99,5.237,5.347313725490197
1,62.0,5.167,5.347784313725491
1,62.01,5.113,5.349333333333333
1,62.02,5.079,5.349862745098039
1,62.03,5.176,5.351019607843137
1,62.04,5.215,5.351921568627452
1,62.05,5.351,5.352254901960785
1,62.06,5.26,5.353294117647059
1,62.07,5.347,5.351235294117646
1,62.08,5.359,5.348039215686274
1,62.09,5.36,5.345823529411764
1,62.1,5.392,5.34778431372549
1,62.11,5.361,5.348313725490196
1,62.12,5.169,5.348156862745097
1,62.13,5.257,5.352647058823529
1,62.14,5.271,5.355490196078431
1,62.15,5.468,5.357215686274509
1,62.16,5.545,5.357607843137255
1,62.17,5.454,5.355666666666667
1,62.18,5.595,5.356843137254902
1,62.19,5.677,5.362803921568627
1,62.2,5.723,5.37656862745098
1,62.21,5.703,5.386078431372549
1,62.22,5.51,5.398117647058823
1,62.23,5.681,5.412019607843137
1,62.24,5.584,5.430941176470588
1,62.25,5.49,5.446196078431372
1,62.26,5.463,5.460607843137256
1,62.27,5.441,5.477411764705883
1,62.28,5.433,5.491372549019608
1,62.29,5.456,5.501705882352942
1,62.3,5.294,5.514588235294117
1,62.31,5.279,5.525235294117647
1,62.32,5.167,5.530176470588235
1,62.33,5.254,5.5289607843137265
1,62.34,5.325,5.529823529411764
1,62.35,5.418,5.53035294117647
1,62.36,5.454,5.531999999999999
1,62.37,5.315,5.540647058823529
1,62.38,5.403,5.549725490196079
1,62.39,5.325,5.553745098039215
1,62.4,5.362,5.561588235294117
1,62.41,5.346,5.56764705882353
1,62.42,5.278,5.576352941176471
1,62.43,5.396,5.583490196078431
1,62.44,5.539,5.58870588235294
1,62.45,5.87,5.591901960784314
1,62.46,5.785,5.593156862745097
1,62.47,5.899,5.5965098039215695
1,62.48,5.911,5.604372549019607
1,62.49,6.021,5.611215686274509
1,62.5,6.015,5.6227254901960775
1,62.51,5.902,5.630882352941176
1,62.52,5.97,5.639509803921569
1,62.53,5.791,5.6516078431372545
1,62.54,5.703,5.658078431372549
1,62.55,5.872,5.66492156862745
1,62.56,5.894,5.670235294117647
1,62.57,5.512,5.67321568627451
1,62.58,5.285,5.675666666666666
1,62.59,5.403,5.677843137254902
1,62.6,5.387,5.6815686274509805
1,62.61,5.476,5.682725490196079
1,62.62,5.802,5.68221568627451
1,62.63,5.632,5.681176470588236
1,62.64,5.462,5.676941176470589
1,62.65,5.671,5.669411764705882
1,62.66,5.777,5.662254901960785
1,62.67,5.989,5.6628235294117655
1,62.68,5.818,5.663705882352941
1,62.69,5.861,5.664196078431372
1,62.7,5.84,5.659686274509804
1,62.71,5.787,5.648137254901961
1,62.72,5.874,5.638352941176471
1,62.73,5.911,5.627372549019609
1,62.74,6.03,5.6149803921568635
1,62.75,6.171,5.59643137254902
1,62.76,5.906,5.577078431372549
1,62.77,5.903,5.562647058823529
1,62.78,6.058,5.542294117647058
1,62.79,5.763,5.528372549019608
1,62.8,5.805,5.518313725490195
1,62.81,5.565,5.499333333333333
1,62.82,5.431,5.481686274509805
1,62.83,5.292,5.466470588235294
1,62.84,5.365,5.456647058823529
1,62.85,5.515,5.442450980392157
1,62.86,5.477,5.431607843137255
1,62.87,5.428,5.42121568627451
1,62.88,5.262,5.4074509803921575
1,62.89,5.187,5.395490196078431
1,62.9,4.941,5.389450980392158
1,62.91,4.997,5.375803921568627
1,62.92,5.375,5.35592156862745
1,62.93,5.323,5.3369019607843144
1,62.94,5.421,5.319941176470588
1,62.95,5.309,5.298529411764706
1,62.96,5.281,5.279745098039216
1,62.97,5.286,5.2614117647058825
1,62.98,5.339,5.241666666666666
1,62.99,5.279,5.222392156862745
1,63.0,5.075,5.2044901960784316
1,63.01,5.028,5.1903725490196075
1,63.02,5.166,5.177666666666667
1,63.03,4.932,5.168901960784313
1,63.04,5.081,5.161490196078431
1,63.05,5.19,5.161078431372548
1,63.06,4.904,5.160235294117648
1,63.07,4.994,5.159039215686275
1,63.08,4.736,5.160098039215685
1,63.09,4.784,5.160803921568628
1,63.1,4.679,5.1546666666666665
1,63.11,4.834,5.141627450980392
1,63.12,4.946,5.128549019607843
1,63.13,5.1,5.110313725490196
1,63.14,5.022,5.097980392156862
1,63.15,5.154,5.082235294117647
1,63.16,4.975,5.064078431372549
1,63.17,4.763,5.047137254901961
1,63.18,5.019,5.0206470588235295
1,63.19,4.953,4.998843137254902
1,63.2,4.769,4.972235294117646
1,63.21,4.882,4.943450980392156
1,63.22,4.852,4.91543137254902
1,63.23,4.867,4.886607843137255
1,63.24,4.928,4.852588235294117
1,63.25,5.117,4.822803921568627
1,63.26,5.451,4.791529411764706
1,63.27,5.258,4.7609215686274515
1,63.28,5.456,4.726705882352942
1,63.29,5.68,4.7025098039215685
1,63.3,5.742,4.678392156862746
1,63.31,5.762,4.654137254901961
1,63.32,5.504,4.636039215686274
1,63.33,5.485,4.617333333333334
1,63.34,5.328,4.606333333333334
1,63.35,5.052,4.589549019607843
1,63.36,4.85,4.578686274509804
1,63.37,4.81,4.567294117647059
1,63.38,4.498,4.554725490196079
1,63.39,4.633,4.538411764705883
1,63.4,4.384,4.5225294117647055
1,63.41,4.015,4.504098039215686
1,63.42,4.133,4.484470588235294
1,63.43,4.024,4.471450980392157
1,63.44,4.211,4.456137254901961
1,63.45,4.064,4.441254901960785
1,63.46,3.841,4.428
1,63.47,3.852,4.4190588235294115
1,63.48,3.816,4.413529411764706
1,63.49,3.604,4.408019607843137
1,63.5,3.76,4.406470588235295
1,63.51,3.48,4.3999999999999995
1,63.52,3.467,4.3876470588235295
1,63.53,3.421,4.378725490196079
1,63.54,3.698,4.366745098039216
1,63.55,3.851,4.349882352941177
1,63.56,3.953,4.326803921568628
1,63.57,3.981,4.301647058823529
1,63.58,4.04,4.284235294117647
1,63.59,4.175,4.2669411764705885
1,63.6,3.928,4.248980392156862
1,63.61,4.125,4.23592156862745
1,63.62,4.253,4.225098039215686
1,63.63,4.305,4.2139999999999995
1,63.64,4.268,4.212843137254902
1,63.65,4.212,4.207980392156863
1,63.66,4.214,4.202980392156863
1,63.67,3.974,4.206098039215687
1,63.68,4.099,4.211333333333333
1,63.69,4.238,4.22056862745098
1,63.7,4.194,4.225980392156863
1,63.71,4.093,4.236529411764706
1,63.72,4.426,4.251764705882353
1,63.73,4.57,4.26964705882353
1,63.74,4.586,4.288156862745098
1,63.75,4.849,4.30835294117647
1,63.76,4.787,4.328588235294117
1,63.77,4.821,4.3506470588235295
1,63.78,4.803,4.370254901960784
1,63.79,4.845,4.393470588235294
1,63.8,4.82,4.407078431372549
1,63.81,4.565,4.414196078431372
1,63.82,4.479,4.418666666666666
1,63.83,4.616,4.424117647058823
1,63.84,4.603,4.427235294117647
1,63.85,4.412,4.429411764705882
1,63.86,4.386,4.441941176470588
1,63.87,4.298,4.454
1,63.88,4.244,4.466980392156863
1,63.89,4.439,4.479666666666667
1,63.9,4.385,4.4986862745098035
1,63.91,4.129,4.514960784313725
1,63.92,4.174,4.534019607843137
1,63.93,4.4,4.554666666666666
1,63.94,4.495,4.571470588235294
1,63.95,4.487,4.587078431372549
1,63.96,4.602,4.602901960784314
1,63.97,4.618,4.6199803921568625
1,63.98,4.764,4.623705882352942
1,63.99,4.76,4.6294313725490195
1,64.0,4.634,4.6281960784313725
1,64.01,4.792,4.618666666666667
1,64.02,4.605,4.610352941176471
1,64.03,4.467,4.604509803921569
1,64.04,4.605,4.595411764705883
1,64.05,4.392,4.583176470588236
1,64.06,4.214,4.564823529411765
1,64.07,4.181,4.552470588235294
1,64.08,4.259,4.534745098039216
1,64.09,4.199,4.510392156862745
1,64.1,4.286,4.481607843137255
1,64.11,4.567,4.4580392156862745
1,64.12,4.74,4.434980392156863
1,64.13,4.915,4.4165294117647065
1,64.14,4.952,4.398509803921569
1,64.15,5.238,4.379450980392157
1,64.16,5.042,4.358843137254902
1,64.17,5.186,4.348352941176471
1,64.18,5.027,4.33778431372549
1,64.19,4.956,4.325941176470588
1,64.2,5.034,4.312941176470589
1,64.21,5.001,4.300627450980392
1,64.22,4.964,4.2823529411764705
1,64.23,4.616,4.265882352941176
1,64.24,4.862,4.24878431372549
1,64.25,4.523,4.2326862745098035
1,64.26,4.363,4.221705882352942
1,64.27,4.363,4.207803921568628
1,64.28,4.523,4.200254901960784
1,64.29,4.339,4.191803921568628
1,64.3,4.221,4.186901960784313
1,64.31,3.884,4.1809803921568625
1,64.32,3.935,4.178960784313726
1,64.33,3.575,4.176392156862745
1,64.34,3.374,4.170235294117647
1,64.35,3.135,4.167078431372548
1,64.36,3.21,4.1610000000000005
1,64.37,3.21,4.1468823529411765
1,64.38,3.357,4.125431372549019
1,64.39,3.325,4.097862745098039
1,64.4,3.467,4.066843137254902
1,64.41,3.334,4.031941176470589
1,64.42,3.594,3.9978627450980397
1,64.43,3.635,3.9589803921568625
1,64.44,3.796,3.926470588235294
1,64.45,3.832,3.891549019607843
1,64.46,3.859,3.854509803921569
1,64.47,3.67,3.8168823529411764
1,64.48,3.778,3.7827254901960785
1,64.49,3.892,3.754705882352941
1,64.5,3.939,3.718098039215686
1,64.51,4.074,3.6918431372549017
1,64.52,4.083,3.6682941176470587
1,64.53,4.22,3.643137254901961
1,64.54,4.036,3.6187254901960784
1,64.55,4.355,3.5970196078431376
1,64.56,4.09,3.578627450980392
1,64.57,4.111,3.5672549019607844
1,64.58,4.05,3.554823529411765
1,64.59,3.945,3.5453725490196075
1,64.6,4.038,3.543686274509804
1,64.61,3.976,3.5455098039215684
1,64.62,3.847,3.5448235294117647
1,64.63,3.646,3.547098039215686
1,64.64,3.509,3.54678431372549
1,64.65,3.37,3.545666666666667
1,64.66,3.458,3.5427450980392154
1,64.67,3.304,3.5423529411764707
1,64.68,3.203,3.5355294117647054
1,64.69,3.369,3.531725490196078
1,64.7,3.175,3.529039215686275
1,64.71,3.145,3.526235294117647
1,64.72,3.082,3.5267254901960783
1,64.73,3.222,3.535843137254902
1,64.74,3.187,3.5438823529411763
1,64.75,2.995,3.5550588235294116
1,64.76,3.184,3.565745098039216
1,64.77,3.162,3.57178431372549
1,64.78,3.08,3.575078431372549
1,64.79,3.278,3.5760588235294115
1,64.8,3.232,3.587705882352941
1,64.81,3.283,3.5937254901960785
1,64.82,3.304,3.606372549019608
1,64.83,3.301,3.6148235294117645
1,64.84,3.093,3.625372549019608
1,64.85,3.288,3.6366078431372553
1,64.86,3.228,3.647529411764706
1,64.87,3.175,3.6607450980392158
1,64.88,3.326,3.675901960784314
1,64.89,3.341,3.695764705882353
1,64.9,3.268,3.719117647058823
1,64.91,3.318,3.7460784313725486
1,64.92,3.314,3.7674313725490194
1,64.93,3.246,3.7888235294117645
1,64.94,3.441,3.8155490196078437
1,64.95,3.659,3.839058823529412
1,64.96,3.689,3.86821568627451
1,64.97,3.884,3.8992745098039214
1,64.98,4.135,3.932392156862745
1,64.99,4.188,3.9602156862745095
1,65.0,4.462,3.9890588235294118
1,65.01,4.484,4.023078431372549
1,65.02,4.382,4.053
1,65.03,4.251,4.083666666666667
1,65.04,4.27,4.1147647058823535
1,65.05,4.63,4.1404901960784315
1,65.06,4.662,4.166274509803921
1,65.07,4.735,4.182607843137255
1,65.08,4.542,4.1997647058823535
1,65.09,4.588,4.211019607843137
1,65.1,4.518,4.225254901960784
1,65.11,4.595,4.235862745098039
1,65.12,4.65,4.250627450980392
1,65.13,4.62,4.26756862745098
1,65.14,4.659,4.288313725490196
1,65.15,4.7,4.308862745098039
1,65.16,4.745,4.329921568627451
1,65.17,4.547,4.349450980392157
1,65.18,4.395,4.371450980392157
1,65.19,4.566,4.392725490196078
1,65.2,4.568,4.416294117647059
1,65.21,4.662,4.437823529411764
1,65.22,4.729,4.463333333333333
1,65.23,4.771,4.485078431372549
1,65.24,4.641,4.503941176470588
1,65.25,4.658,4.522568627450981
1,65.26,4.73,4.537549019607844
1,65.27,4.71,4.551725490196079
1,65.28,4.726,4.566392156862745
1,65.29,4.666,4.584372549019608
1,65.3,4.59,4.600254901960784
1,65.31,4.547,4.61164705882353
1,65.32,4.116,4.618980392156863
1,65.33,4.179,4.625294117647059
1,65.34,3.875,4.6347450980392155
1,65.35,3.819,4.6419999999999995
1,65.36,3.829,4.648392156862745
1,65.37,3.981,4.654392156862745
1,65.38,4.039,4.660470588235294
1,65.39,4.384,4.669411764705882
1,65.4,4.389,4.680039215686274
1,65.41,4.342,4.688803921568628
1,65.42,4.314,4.695549019607843
1,65.43,4.436,4.706666666666667
1,65.44,4.331,4.721666666666667
1,65.45,4.643,4.730196078431373
1,65.46,4.757,4.7356862745098045
1,65.47,4.99,4.739156862745098
1,65.48,4.993,4.743823529411765
1,65.49,5.097,4.748509803921569
1,65.5,5.138,4.753450980392157
1,65.51,5.226,4.756156862745098
1,65.52,5.207,4.756941176470589
1,65.53,5.13,4.755960784313726
1,65.54,5.168,4.7535686274509805
1,65.55,5.08,4.75064705882353
1,65.56,5.211,4.749392156862745
1,65.57,5.036,4.748725490196079
1,65.58,5.057,4.751117647058823
1,65.59,5.024,4.749294117647059
1,65.6,4.958,4.758862745098039
1,65.61,4.844,4.766490196078432
1,65.62,4.901,4.773725490196078
1,65.63,4.96,4.774921568627451
1,65.64,5.076,4.775392156862745
1,65.65,5.201,4.767294117647059
1,65.66,5.147,4.759509803921569
1,65.67,5.089,4.746529411764706
1,65.68,5.114,4.729803921568627
1,65.69,5.16,4.71856862745098
1,65.7,5.001,4.705490196078432
1,65.71,4.848,4.688588235294118
1,65.72,4.839,4.672313725490196
1,65.73,4.967,4.65164705882353
1,65.74,5.01,4.6329215686274505
1,65.75,4.893,4.607117647058823
1,65.76,4.796,4.576490196078431
1,65.77,4.77,4.546411764705883
1,65.78,4.66,4.520686274509804
1,65.79,4.604,4.497803921568628
1,65.8,4.517,4.470823529411764
1,65.81,4.526,4.446313725490196
1,65.82,4.513,4.413960784313725
1,65.83,4.238,4.381862745098039
1,65.84,4.086,4.350725490196078
1,65.85,4.363,4.321235294117647
1,65.86,4.208,4.29343137254902
1,65.87,4.198,4.269980392156862
1,65.88,4.042,4.246352941176471
1,65.89,4.063,4.222823529411765
1,65.9,3.971,4.1930588235294115
1,65.91,3.992,4.161137254901961
1,65.92,3.68,4.126627450980392
1,65.93,3.461,4.099549019607843
1,65.94,3.863,4.071078431372549
1,65.95,3.664,4.041019607843137
1,65.96,3.781,4.016196078431373
1,65.97,3.927,3.9928039215686275
1,65.98,3.936,3.9662745098039216
1,65.99,4.038,3.934470588235294
1,66.0,3.781,3.9034705882352942
1,66.01,3.576,3.873980392156863
1,66.02,3.692,3.8473333333333333
1,66.03,3.895,3.821901960784314
1,66.04,3.963,3.7967647058823526
1,66.05,3.792,3.7726274509803925
1,66.06,3.83,3.7450980392156863
1,66.07,3.561,3.7234901960784312
1,66.08,3.399,3.7044117647058825
1,66.09,3.469,3.687823529411765
1,66.1,3.52,3.67
1,66.11,3.54,3.645627450980392
1,66.12,3.648,3.6228431372549017
1,66.13,3.696,3.593117647058824
1,66.14,3.76,3.569843137254902
1,66.15,3.558,3.5480196078431367
1,66.16,3.573,3.5279411764705877
1,66.17,3.387,3.5005686274509804
1,66.18,3.708,3.476705882352941
1,66.19,3.662,3.458196078431373
1,66.2,3.627,3.434921568627451
1,66.21,3.735,3.4204901960784313
1,66.22,3.655,3.3994901960784314
1,66.23,3.486,3.373627450980392
1,66.24,3.345,3.3473333333333333
1,66.25,3.429,3.323078431372549
1,66.26,3.389,3.3057450980392153
1,66.27,3.437,3.292490196078431
1,66.28,3.473,3.2745490196078433
1,66.29,3.378,3.257686274509804
1,66.3,3.373,3.2414117647058824
1,66.31,3.113,3.2261176470588233
1,66.32,3.424,3.2115686274509807
1,66.33,3.54,3.2030980392156865
1,66.34,3.392,3.2023529411764704
1,66.35,3.177,3.196058823529412
1,66.36,3.12,3.1868235294117646
1,66.37,3.046,3.173117647058824
1,66.38,2.682,3.1545686274509808
1,66.39,2.855,3.136058823529412
1,66.4,2.95,3.1136078431372547
1,66.41,2.947,3.095921568627451
1,66.42,2.596,3.078078431372549
1,66.43,2.463,3.057941176470588
1,66.44,2.517,3.0306666666666664
1,66.45,2.676,3.001372549019608
1,66.46,2.928,2.9741960784313726
1,66.47,2.71,2.9456666666666664
1,66.48,2.608,2.9211372549019603
1,66.49,2.595,2.9011176470588236
1,66.5,2.801,2.8826470588235296
1,66.51,2.897,2.862705882352941
1,66.52,2.9,2.8435882352941175
1,66.53,2.777,2.82221568627451
1,66.54,3.035,2.7987450980392157
1,66.55,3.133,2.7753921568627455
1,66.56,3.012,2.7565098039215683
1,66.57,3.088,2.742333333333333
1,66.58,3.129,2.7157647058823535
1,66.59,3.361,2.683470588235294
1,66.6,3.148,2.6577450980392157
1,66.61,3.049,2.6402745098039215
1,66.62,2.841,2.6188235294117646
1,66.63,2.702,2.600980392156863
1,66.64,2.752,2.5907647058823526
1,66.65,2.615,2.5820980392156865
1,66.66,2.656,2.5709607843137254
1,66.67,2.663,2.5614705882352946
1,66.68,2.36,2.560509803921569
1,66.69,2.317,2.5608431372549023
1,66.7,2.168,2.5577254901960784
1,66.71,2.241,2.5512549019607844
1,66.72,2.28,2.5348039215686278
1,66.73,2.404,2.526
1,66.74,2.465,2.522019607843138
1,66.75,2.403,2.52778431372549
1,66.76,2.412,2.5308627450980397
1,66.77,2.414,2.532313725490196
1,66.78,2.347,2.533509803921569
1,66.79,2.276,2.5364117647058824
1,66.8,2.187,2.52778431372549
1,66.81,2.41,2.518078431372549
1,66.82,2.39,2.515470588235294
1,66.83,2.069,2.508156862745098
1,66.84,1.893,2.4978235294117646
1,66.85,2.08,2.480176470588235
1,66.86,2.286,2.4674509803921567
1,66.87,2.026,2.4540784313725488
1,66.88,2.136,2.4514901960784314
1,66.89,2.161,2.44921568627451
1,66.9,2.413,2.446294117647059
1,66.91,2.382,2.4462156862745097
1,66.92,2.463,2.4449607843137255
1,66.93,2.547,2.442647058823529
1,66.94,2.48,2.4459999999999997
1,66.95,2.358,2.449823529411765
1,66.96,2.346,2.4628823529411763
1,66.97,2.089,2.469627450980392
1,66.98,2.261,2.4745882352941173
1,66.99,2.405,2.4745686274509806
1,67.0,2.889,2.47478431372549
1,67.01,2.958,2.474745098039216
1,67.02,2.971,2.474549019607843
1,67.03,2.961,2.4654313725490193
1,67.04,2.925,2.4595882352941176
1,67.05,2.595,2.4563333333333337
1,67.06,2.638,2.454333333333333
1,67.07,2.879,2.4469607843137253
1,67.08,2.715,2.4419019607843135
1,67.09,2.602,2.445
1,67.1,2.461,2.450862745098039
1,67.11,2.499,2.453098039215686
1,67.12,2.367,2.4520588235294114
1,67.13,2.709,2.4565098039215685
1,67.14,2.586,2.4581176470588235
1,67.15,2.603,2.460098039215686
1,67.16,2.611,2.4571372549019608
1,67.17,2.592,2.45321568627451
1,67.18,2.545,2.447372549019608
1,67.19,2.531,2.4395098039215686
1,67.2,2.512,2.4334901960784316
1,67.21,2.834,2.428686274509804
1,67.22,2.585,2.423921568627451
1,67.23,2.533,2.423941176470588
1,67.24,2.403,2.421333333333333
1,67.25,2.476,2.415392156862745
1,67.26,2.401,2.3982549019607844
1,67.27,2.402,2.3800784313725494
1,67.28,1.949,2.3625490196078434
1,67.29,2.049,2.3425098039215686
1,67.3,2.11,2.3233529411764704
1,67.31,2.085,2.3132941176470587
1,67.32,2.034,2.3044901960784316
1,67.33,2.132,2.2940392156862743
1,67.34,2.227,2.2846862745098035
1,67.35,2.192,2.278156862745098
1,67.36,2.194,2.2797058823529412
1,67.37,2.233,2.2834117647058823
1,67.38,2.253,2.2914901960784313
1,67.39,2.218,2.2923333333333336
1,67.4,2.262,2.29278431372549
1,67.41,2.262,2.2938823529411763
1,67.42,2.182,2.292921568627451
1,67.43,2.165,2.289725490196078
1,67.44,2.146,2.2869019607843137
1,67.45,2.173,2.2839803921568627
1,67.46,2.113,2.2804901960784316
1,67.47,2.103,2.267941176470588
1,67.48,2.09,2.259235294117647
1,67.49,2.128,2.2509019607843137
1,67.5,2.102,2.246098039215686
1,67.51,2.015,2.238176470588235
1,67.52,2.031,2.2322549019607845
1,67.53,2.077,2.2269607843137256
1,67.54,1.939,2.2306078431372547
1,67.55,1.948,2.2319999999999998
1,67.56,2.082,2.2332549019607844
1,67.57,2.189,2.2354901960784317
1,67.58,2.346,2.2386666666666666
1,67.59,2.238,2.2366274509803925
1,67.6,2.269,2.234176470588235
1,67.61,2.54,2.2310588235294118
1,67.62,2.688,2.2288039215686277
1,67.63,2.779,2.2241764705882354
1,67.64,2.752,2.219411764705882
1,67.65,2.609,2.213941176470588
1,67.66,2.659,2.2076666666666664
1,67.67,2.562,2.202941176470588
1,67.68,2.429,2.1997647058823526
1,67.69,2.401,2.1977254901960785
1,67.7,2.382,2.1963725490196078
1,67.71,2.334,2.1950196078431374
1,67.72,2.194,2.1935686274509805
1,67.73,2.141,2.1919411764705883
1,67.74,2.108,2.189156862745098
1,67.75,2.158,2.1868235294117646
1,67.76,2.072,2.1860392156862747
1,67.77,2.099,2.1868235294117646
1,67.78,2.132,2.187176470588235
1,67.79,2.135,2.186176470588235
1,67.8,2.12,2.1871960784313726
1,67.81,2.174,2.1880392156862745
1,67.82,2.199,2.187156862745098
1,67.83,2.196,2.1846666666666663
1,67.84,2.028,2.178058823529412
1,67.85,2.102,2.1732745098039215
1,67.86,2.033,2.1681764705882354
1,67.87,2.079,2.158921568627451
1,67.88,1.997,2.1471372549019607
1,67.89,2.01,2.131490196078431
1,67.9,1.939,2.1162745098039215
1,67.91,1.942,2.1044313725490196
1,67.92,2.021,2.0922941176470586
1,67.93,2.02,2.0819803921568627
1,67.94,2.061,2.072862745098039
1,67.95,2.077,2.064921568627451
1,67.96,2.104,2.0576470588235294
1,67.97,2.039,2.051921568627451
1,67.98,2.02,2.048450980392157
1,67.99,1.948,2.046686274509804
1,68.0,2.009,2.0444313725490195
1,68.01,2.062,2.0398823529411763
1,68.02,2.055,2.0397843137254905
1,68.03,2.049,2.0385490196078435
1,68.04,2.026,2.0356666666666667
1,68.05,1.991,2.0327450980392157
1,68.06,1.991,2.0313725490196077
1,68.07,2.037,2.0270588235294116
1,68.08,2.062,2.0233333333333334
1,68.09,2.009,2.020372549019608
1,68.1,1.994,2.0201372549019605
1,68.11,2.009,2.0180196078431374
1,68.12,2.068,2.017823529411765
1,68.13,2.087,2.017372549019608
1,68.14,1.981,2.018156862745098
1,68.15,1.976,2.0180588235294117
1,68.16,2.005,2.0218627450980393
1,68.17,2.04,2.023803921568627
1,68.18,2.036,2.0235098039215687
1,68.19,1.964,2.024921568627451
1,68.2,1.996,2.025470588235294
1,68.21,2.011,2.024843137254902
1,68.22,2.042,2.026450980392157
1,68.23,2.017,2.0271372549019606
1,68.24,2.051,2.029764705882353
1,68.25,1.993,2.032392156862745
1,68.26,1.926,2.035078431372549
1,68.27,2.067,2.0362549019607843
1,68.28,2.036,2.038607843137255
1,68.29,1.985,2.041019607843137
1,68.3,1.986,2.042764705882353
1,68.31,2.05,2.0465686274509802
1,68.32,1.954,2.0513137254901963
1,68.33,2.009,2.056941176470588
1,68.34,2.045,2.0608039215686276
1,68.35,2.016,2.069588235294118
1,68.36,1.994,2.075823529411765
1,68.37,2.023,2.08221568627451
1,68.38,2.056,2.0887058823529414
1,68.39,2.037,2.094901960784314
1,68.4,2.005,2.1058431372549022
1,68.41,2.133,2.115450980392157
1,68.42,2.041,2.1266470588235293
1,68.43,2.006,2.1360980392156863
1,68.44,2.092,2.1442549019607844
1,68.45,2.089,2.1553529411764707
1,68.46,2.045,2.163470588235294
1,68.47,2.186,2.172980392156863
1,68.48,2.074,2.1851764705882353
1,68.49,2.154,2.2006470588235296
1,68.5,2.082,2.213078431372549
1,68.51,2.146,2.224490196078431
1,68.52,2.122,2.2416470588235295
1,68.53,2.175,2.255392156862745
1,68.54,2.172,2.268176470588235
1,68.55,2.115,2.2796470588235294
1,68.56,2.185,2.2895882352941177
1,68.57,2.233,2.297450980392157
1,68.58,2.324,2.3041372549019608
1,68.59,2.259,2.311313725490196
1,68.6,2.457,2.319372549019608
1,68.61,2.312,2.327372549019608
1,68.62,2.335,2.3359215686274513
1,68.63,2.399,2.3460196078431372
1,68.64,2.403,2.352176470588235
1,68.65,2.539,2.358117647058824
1,68.66,2.466,2.365843137254902
1,68.67,2.576,2.3657254901960783
1,68.68,2.522,2.3638235294117647
1,68.69,2.452,2.363392156862745
1,68.7,2.53,2.3585882352941177
1,68.71,2.41,2.356235294117647
1,68.72,2.496,2.353666666666667
1,68.73,2.664,2.348686274509804
1,68.74,2.806,2.348450980392157
1,68.75,2.685,2.3465294117647058
1,68.76,2.575,2.3486470588235293
1,68.77,2.801,2.3488431372549017
1,68.78,2.768,2.348019607843137
1,68.79,2.688,2.3443529411764708
1,68.8,2.57,2.34021568627451
1,68.81,2.493,2.3347450980392157
1,68.82,2.451,2.3314117647058823
1,68.83,2.295,2.3303333333333334
1,68.84,2.375,2.3267058823529414
1,68.85,2.456,2.325705882352941
1,68.86,2.424,2.317529411764706
1,68.87,2.43,2.313901960784314
1,68.88,2.538,2.307529411764706
1,68.89,2.37,2.301137254901961
1,68.9,2.34,2.2914509803921566
1,68.91,2.399,2.275176470588235
1,68.92,2.127,2.261862745098039
1,68.93,1.944,2.246490196078432
1,68.94,1.984,2.238019607843137
1,68.95,1.847,2.226137254901961
1,68.96,1.969,2.215529411764706
1,68.97,1.914,2.2058235294117647
1,68.98,1.932,2.199078431372549
1,68.99,2.062,2.189470588235294
1,69.0,2.056,2.1792745098039217
1,69.01,2.19,2.1744509803921566
1,69.02,2.156,2.1717254901960787
1,69.03,2.08,2.1646078431372553
1,69.04,1.988,2.158450980392157
1,69.05,1.961,2.155686274509804
1,69.06,1.836,2.1602941176470587
1,69.07,2.015,2.1649607843137253
1,69.08,2.178,2.1724705882352944
1,69.09,2.139,2.1865686274509804
1,69.1,2.208,2.203529411764706
1,69.11,2.04,2.2226274509803923
1,69.12,2.127,2.241686274509804
1,69.13,2.01,2.2617450980392158
1,69.14,2.073,2.276607843137255
1,69.15,1.909,2.2957450980392156
1,69.16,1.709,2.313607843137255
1,69.17,1.787,2.3314117647058823
1,69.18,1.792,2.354313725490196
1,69.19,2.09,2.3770588235294117
1,69.2,1.846,2.3952549019607843
1,69.21,1.989,2.4129019607843136
1,69.22,1.915,2.4362745098039214
1,69.23,2.152,2.4609019607843137
1,69.24,2.174,2.483686274509804
1,69.25,2.286,2.502156862745098
1,69.26,2.439,2.5227254901960783
1,69.27,2.436,2.5364705882352943
1,69.28,2.438,2.551647058823529
1,69.29,2.454,2.576156862745098
1,69.3,2.547,2.604803921568628
1,69.31,2.805,2.6368431372549024
1,69.32,2.731,2.668705882352941
1,69.33,2.834,2.6949019607843137
1,69.34,3.014,2.7201372549019607
1,69.35,3.24,2.744705882352941
1,69.36,3.43,2.7664901960784314
1,69.37,3.396,2.7940784313725486
1,69.38,3.453,2.823941176470588
1,69.39,3.296,2.856549019607843
1,69.4,3.346,2.8899607843137254
1,69.41,3.251,2.9213529411764707
1,69.42,3.307,2.9606666666666666
1,69.43,3.295,2.99656862745098
1,69.44,3.104,3.0309999999999997
1,69.45,2.912,3.0622352941176465
1,69.46,2.747,3.1009999999999995
1,69.47,3.161,3.1341176470588237
1,69.48,3.17,3.1668431372549017
1,69.49,3.094,3.1934117647058824
1,69.5,3.004,3.221490196078431
1,69.51,3.105,3.2440588235294117
1,69.52,2.891,3.264078431372549
1,69.53,2.93,3.2864117647058824
1,69.54,3.33,3.3100980392156862
1,69.55,3.449,3.3302941176470586
1,69.56,3.595,3.352
1,69.57,3.461,3.3732941176470583
1,69.58,3.351,3.3990392156862743
1,69.59,3.465,3.418686274509804
1,69.6,3.392,3.433549019607843
1,69.61,3.319,3.4434901960784314
1,69.62,3.447,3.4450196078431374
1,69.63,3.65,3.4437450980392152
1,69.64,3.673,3.440803921568628
1,69.65,3.777,3.44213725490196
1,69.66,3.51,3.4455294117647055
1,69.67,3.714,3.450078431372549
1,69.68,3.618,3.455490196078431
1,69.69,3.548,3.458607843137255
1,69.7,3.683,3.466607843137255
1,69.71,3.823,3.4816078431372546
1,69.72,3.678,3.5036470588235296
1,69.73,3.584,3.5151764705882353
1,69.74,3.507,3.5206470588235295
1,69.75,3.606,3.5248235294117647
1,69.76,3.437,3.5327450980392157
1,69.77,3.46,3.539921568627451
1,69.78,3.575,3.554196078431372
1,69.79,3.646,3.5675882352941177
1,69.8,3.484,3.5704117647058826
1,69.81,3.654,3.5728235294117647
1,69.82,3.891,3.5797254901960778
1,69.83,4.044,3.5857450980392156
1,69.84,3.836,3.5962941176470586
1,69.85,3.772,3.6084705882352943
1,69.86,3.747,3.624588235294118
1,69.87,3.508,3.63978431372549
1,69.88,3.331,3.6550196078431374
1,69.89,3.303,3.6651372549019605
1,69.9,3.364,3.677294117647059
1,69.91,3.519,3.6902156862745095
1,69.92,3.483,3.7075686274509807
1,69.93,3.583,3.716235294117647
1,69.94,3.454,3.736294117647059
1,69.95,3.512,3.7604117647058826
1,69.96,3.677,3.779725490196079
1,69.97,3.871,3.7983333333333333
1,69.98,3.749,3.823470588235294
1,69.99,3.449,3.851392156862745
1,70.0,3.307,3.881156862745098
1,70.01,3.408,3.912294117647059
1,70.02,3.471,3.9510196078431368
1,70.03,3.619,3.9936862745098045
1,70.04,3.613,4.032098039215686
1,70.05,3.474,4.070647058823529
1,70.06,3.572,4.112901960784314
1,70.07,3.947,4.151960784313726
1,70.08,3.768,4.186960784313726
1,70.09,3.889,4.220843137254902
1,70.1,4.086,4.254843137254902
1,70.11,4.214,4.290686274509803
1,70.12,4.094,4.327745098039216
1,70.13,4.224,4.36921568627451
1,70.14,4.166,4.420039215686275
1,70.15,4.293,4.474254901960784
1,70.16,4.436,4.5292941176470585
1,70.17,4.395,4.583235294117647
1,70.18,4.156,4.638039215686274
1,70.19,4.641,4.694274509803922
1,70.2,4.778,4.754901960784314
1,70.21,4.668,4.8096862745098035
1,70.22,4.772,4.8595098039215685
1,70.23,4.96,4.9053137254901955
1,70.24,5.008,4.957274509803922
1,70.25,5.025,5.014274509803922
1,70.26,5.194,5.07435294117647
1,70.27,5.412,5.132000000000001
1,70.28,5.636,5.193196078431373
1,70.29,5.534,5.250901960784313
1,70.3,5.612,5.312078431372549
1,70.31,5.639,5.381705882352941
1,70.32,5.646,5.4556274509803915
1,70.33,5.676,5.520882352941176
1,70.34,5.772,5.586254901960785
1,70.35,5.57,5.650823529411765
1,70.36,5.6,5.709039215686275
1,70.37,5.637,5.767764705882353
1,70.38,5.623,5.82521568627451
1,70.39,5.923,5.874196078431373
1,70.4,6.068,5.926509803921569
1,70.41,6.171,5.976607843137256
1,70.42,6.27,6.023411764705883
1,70.43,6.278,6.077294117647059
1,70.44,6.451,6.1349607843137255
1,70.45,6.546,6.180666666666666
1,70.46,6.306,6.225333333333333
1,70.47,6.218,6.2786470588235295
1,70.48,6.207,6.328117647058823
1,70.49,6.399,6.375411764705882
1,70.5,6.356,6.42943137254902
1,70.51,6.371,6.48578431372549
1,70.52,6.348,6.536470588235295
1,70.53,6.592,6.588372549019608
1,70.54,6.562,6.632313725490196
1,70.55,6.733,6.676705882352941
1,70.56,7.025,6.717274509803921
1,70.57,7.342,6.758490196078431
1,70.58,7.275,6.799490196078431
1,70.59,7.102,6.841470588235294
1,70.6,7.182,6.87843137254902
1,70.61,7.055,6.915803921568627
1,70.62,7.209,6.95586274509804
1,70.63,7.024,6.999529411764706
1,70.64,6.722,7.047
1,70.65,6.834,7.085450980392157
1,70.66,6.848,7.120980392156862
1,70.67,6.823,7.162176470588235
1,70.68,7.143,7.206176470588235
1,70.69,7.097,7.250823529411764
1,70.7,6.972,7.29621568627451
1,70.71,7.056,7.338843137254902
1,70.72,7.387,7.3872156862745095
1,70.73,7.295,7.434568627450981
1,70.74,7.372,7.477509803921568
1,70.75,7.763,7.521235294117647
1,70.76,7.899,7.572411764705882
1,70.77,7.779,7.61935294117647
1,70.78,8.059,7.66356862745098
1,70.79,7.877,7.705647058823529
1,70.8,7.798,7.750058823529412
1,70.81,7.681,7.787921568627451
1,70.82,7.741,7.816450980392157
1,70.83,7.737,7.843549019607844
1,70.84,7.817,7.87156862745098
1,70.85,7.657,7.900039215686275
1,70.86,7.476,7.928176470588235
1,70.87,7.643,7.959411764705883
1,70.88,7.864,7.985803921568627
1,70.89,8.044,8.013392156862745
1,70.9,7.884,8.050058823529412
1,70.91,7.88,8.084627450980392
1,70.92,8.272,8.11378431372549
1,70.93,8.514,8.14364705882353
1,70.94,8.555,8.168549019607843
1,70.95,8.766,8.196313725490196
1,70.96,8.72,8.226705882352942
1,70.97,8.773,8.254470588235293
1,70.98,8.633,8.277078431372548
1,70.99,8.397,8.297764705882354
1,71.0,8.629,8.316843137254901
1,71.01,8.966,8.328745098039215
1,71.02,8.765,8.339529411764705
1,71.03,8.603,8.350509803921568
1,71.04,8.738,8.357019607843137
1,71.05,8.827,8.362470588235293
1,71.06,8.664,8.364039215686274
1,71.07,8.48,8.370215686274511
1,71.08,8.724,8.370450980392157
1,71.09,8.704,8.367941176470588
1,71.1,8.554,8.366117647058823
1,71.11,8.617,8.369137254901961
1,71.12,8.648,8.377764705882353
1,71.13,8.555,8.385176470588235
1,71.14,8.431,8.388235294117647
1,71.15,8.592,8.386254901960784
1,71.16,8.597,8.391058823529413
1,71.17,8.335,8.397294117647059
1,71.18,8.346,8.397960784313726
1,71.19,8.413,8.393980392156863
1,71.2,8.513,8.39121568627451
1,71.21,8.522,8.384156862745098
1,71.22,8.472,8.382137254901961
1,71.23,8.54,8.387549019607842
1,71.24,8.35,8.397058823529411
1,71.25,8.345,8.40586274509804
1,71.26,8.37,8.409058823529412
1,71.27,8.449,8.409470588235294
1,71.28,8.339,8.407176470588235
1,71.29,8.391,8.406921568627451
1,71.3,8.155,8.396862745098039
1,71.31,7.878,8.38907843137255
1,71.32,7.996,8.38935294117647
1,71.33,7.753,8.39350980392157
1,71.34,7.609,8.39029411764706
1,71.35,7.724,8.386941176470588
1,71.36,7.811,8.386274509803922
1,71.37,7.916,8.387843137254903
1,71.38,8.021,8.38921568627451
1,71.39,8.02,8.394
1,71.4,7.943,8.403294117647059
1,71.41,8.129,8.406862745098039
1,71.42,8.198,8.410254901960784
1,71.43,8.306,8.411745098039216
1,71.44,8.311,8.412745098039215
1,71.45,8.414,8.413549019607842
1,71.46,8.406,8.408098039215686
1,71.47,8.617,8.403803921568628
1,71.48,9.049,8.396607843137256
1,71.49,9.118,8.390196078431373
1,71.5,8.846,8.388156862745097
1,71.51,8.792,8.382372549019609
1,71.52,8.987,8.377254901960784
1,71.53,8.648,8.373078431372548
1,71.54,8.59,8.370176470588236
1,71.55,8.225,8.36513725490196
1,71.56,8.43,8.363666666666667
1,71.57,8.678,8.371980392156862
1,71.58,8.692,8.380862745098039
1,71.59,8.56,8.396196078431373
1,71.6,8.533,8.418411764705882
1,71.61,8.52,8.440843137254902
1,71.62,8.697,8.45794117647059
1,71.63,8.718,8.469470588235295
1,71.64,8.799,8.475980392156861
1,71.65,8.905,8.484039215686273
1,71.66,8.774,8.493666666666668
1,71.67,8.77,8.49727450980392
1,71.68,8.411,8.50121568627451
1,71.69,8.397,8.50149019607843
1,71.7,8.454,8.501745098039216
1,71.71,8.235,8.503078431372549
1,71.72,8.303,8.510392156862745
1,71.73,8.105,8.520843137254902
1,71.74,8.213,8.522607843137255
1,71.75,8.246,8.523607843137254
1,71.76,8.05,8.535039215686274
1,71.77,8.109,8.548980392156862
1,71.78,8.236,8.560235294117646
1,71.79,8.191,8.576509803921569
1,71.8,8.134,8.592156862745098
1,71.81,8.08,8.616999999999999
1,71.82,8.302,8.643490196078432
1,71.83,8.449,8.664392156862744
1,71.84,8.535,8.682705882352941
1,71.85,8.742,8.702980392156862
1,71.86,8.868,8.722627450980394
1,71.87,8.683,8.742411764705883
1,71.88,8.504,8.76278431372549
1,71.89,8.353,8.780176470588236
1,71.9,8.431,8.790999999999999
1,71.91,8.434,8.798627450980392
1,71.92,8.313,8.804196078431373
1,71.93,8.399,8.809254901960784
1,71.94,8.32,8.82343137254902
1,71.95,8.324,8.834372549019609
1,71.96,8.482,8.840235294117647
1,71.97,8.779,8.845137254901962
1,71.98,9.15,8.84978431372549
1,71.99,9.139,8.862588235294117
1,72.0,9.169,8.87086274509804
1,72.01,9.429,8.873803921568626
1,72.02,9.503,8.886588235294116
1,72.03,9.561,8.90143137254902
1,72.04,9.478,8.917980392156863
1,72.05,9.388,8.936607843137255
1,72.06,9.492,8.963882352941177
1,72.07,9.781,8.988450980392157
1,72.08,9.744,9.010529411764706
1,72.09,9.626,9.034941176470587
1,72.1,9.594,9.056333333333333
1,72.11,9.535,9.074607843137255
1,72.12,9.529,9.08856862745098
1,72.13,9.736,9.104
1,72.14,9.605,9.125078431372549
1,72.15,9.351,9.151529411764706
1,72.16,9.294,9.176411764705882
1,72.17,9.058,9.201764705882352
1,72.18,9.028,9.226803921568628
1,72.19,9.134,9.250705882352941
1,72.2,8.955,9.275450980392156
1,72.21,8.753,9.296039215686275
1,72.22,8.485,9.319196078431373
1,72.23,8.54,9.336392156862745
1,72.24,8.758,9.34535294117647
1,72.25,8.635,9.350980392156861
1,72.26,8.396,9.354882352941177
1,72.27,8.702,9.35494117647059
1,72.28,8.866,9.355098039215687
1,72.29,9.08,9.353627450980392
1,72.3,9.141,9.354843137254901
1,72.31,9.525,9.359470588235295
1,72.32,9.333,9.360764705882353
1,72.33,9.428,9.360176470588236
1,72.34,9.694,9.357000000000001
1,72.35,9.626,9.358333333333333
1,72.36,9.674,9.365196078431373
1,72.37,9.58,9.372686274509805
1,72.38,9.47,9.37607843137255
1,72.39,9.579,9.37407843137255
1,72.4,9.702,9.374980392156862
1,72.41,9.7,9.378372549019609
1,72.42,9.727,9.387196078431373
1,72.43,9.59,9.403333333333332
1,72.44,9.618,9.425843137254901
1,72.45,9.582,9.446843137254902
1,72.46,9.374,9.47186274509804
1,72.47,9.663,9.501450980392157
1,72.48,9.656,9.537411764705881
1,72.49,9.607,9.576607843137255
1,72.5,9.426,9.614313725490195
1,72.51,9.368,9.65335294117647
1,72.52,9.432,9.695588235294117
1,72.53,9.511,9.733313725490197
1,72.54,9.486,9.766117647058824
1,72.55,9.54,9.795666666666667
1,72.56,9.624,9.828803921568628
1,72.57,9.558,9.85643137254902
1,72.58,9.751,9.883039215686274
1,72.59,9.582,9.915313725490195
1,72.6,9.694,9.943176470588236
1,72.61,9.944,9.96913725490196
1,72.62,9.917,9.991666666666667
1,72.63,9.702,10.015058823529412
1,72.64,9.634,10.035117647058824
1,72.65,9.651,10.0528431372549
1,72.66,9.524,10.068
1,72.67,9.744,10.083470588235295
1,72.68,9.881,10.095333333333334
1,72.69,10.176,10.110098039215686
1,72.7,10.205,10.121470588235296
1,72.71,10.231,10.131764705882354
1,72.72,10.262,10.143117647058823
1,72.73,10.319,10.146333333333333
1,72.74,10.539,10.15507843137255
1,72.75,10.681,10.162450980392157
1,72.76,10.626,10.173843137254902
1,72.77,10.55,10.189156862745099
1,72.78,10.626,10.203333333333333
1,72.79,10.539,10.216
1,72.8,10.587,10.226803921568628
1,72.81,10.831,10.237901960784315
1,72.82,10.934,10.252274509803922
1,72.83,10.69,10.270529411764706
1,72.84,11.074,10.285647058823528
1,72.85,11.115,10.303058823529412
1,72.86,10.95,10.316176470588236
1,72.87,10.823,10.321549019607843
1,72.88,10.773,10.32913725490196
1,72.89,10.493,10.342803921568626
1,72.9,10.483,10.359450980392158
1,72.91,10.475,10.374039215686276
1,72.92,10.489,10.396686274509804
1,72.93,10.332,10.415627450980391
1,72.94,10.343,10.426803921568629
1,72.95,10.198,10.432666666666664
1,72.96,10.107,10.438235294117648
1,72.97,9.953,10.440921568627452
1,72.98,9.827,10.453098039215686
1,72.99,10.102,10.459745098039216
1,73.0,9.983,10.465156862745099
1,73.01,10.007,10.469019607843137
1,73.02,10.149,10.464392156862745
1,73.03,10.155,10.459313725490196
1,73.04,10.157,10.450941176470588
1,73.05,10.037,10.446235294117647
1,73.06,10.106,10.433941176470588
1,73.07,10.357,10.41978431372549
1,73.08,10.489,10.401843137254902
1,73.09,10.522,10.394058823529411
1,73.1,10.47,10.374843137254901
1,73.11,10.363,10.352372549019607
1,73.12,10.218,10.32905882352941
1,73.13,10.304,10.307039215686274
1,73.14,10.399,10.289980392156865
1,73.15,10.483,10.280156862745098
1,73.16,10.395,10.26494117647059
1,73.17,10.679,10.248392156862746
1,73.18,10.71,10.232431372549021
1,73.19,10.451,10.21978431372549
1,73.2,10.475,10.210039215686274
1,73.21,10.489,10.206686274509805
1,73.22,10.368,10.209823529411764
1,73.23,10.883,10.218019607843138
1,73.24,10.658,10.223333333333333
1,73.25,10.815,10.225235294117647
1,73.26,10.878,10.227666666666666
1,73.27,10.39,10.230882352941176
1,73.28,10.291,10.231666666666667
1,73.29,10.199,10.227313725490195
1,73.3,10.299,10.222764705882353
1,73.31,9.96,10.218137254901961
1,73.32,10.109,10.216254901960784
1,73.33,10.019,10.208882352941178
1,73.34,10.293,10.200882352941177
1,73.35,10.094,10.195745098039215
1,73.36,9.969,10.19143137254902
1,73.37,9.761,10.184764705882353
1,73.38,9.7,10.183450980392157
1,73.39,9.903,10.180235294117647
1,73.4,9.992,10.182196078431373
1,73.41,9.707,10.18407843137255
1,73.42,9.631,10.186039215686273
1,73.43,9.675,10.18421568627451
1,73.44,9.687,10.181039215686274
1,73.45,9.846,10.180666666666667
1,73.46,10.027,10.180019607843137
1,73.47,10.267,10.175411764705883
1,73.48,10.371,10.168882352941177
1,73.49,10.098,10.152843137254902
1,73.5,10.199,10.13564705882353
1,73.51,10.107,10.118686274509804
1,73.52,10.171,10.100450980392155
1,73.53,10.189,10.090725490196078
1,73.54,9.933,10.088392156862746
1,73.55,9.925,10.089980392156862
1,73.56,9.801,10.087470588235295
1,73.57,10.01,10.09264705882353
1,73.58,9.981,10.096941176470587
1,73.59,10.081,10.097254901960785
1,73.6,10.26,10.09092156862745
1,73.61,10.25,10.086098039215685
1,73.62,10.023,10.081901960784315
1,73.63,10.151,10.080588235294117
1,73.64,10.14,10.078843137254902
1,73.65,10.499,10.0721568627451
1,73.66,10.579,10.061372549019607
1,73.67,10.495,10.059470588235294
1,73.68,10.586,10.054117647058824
1,73.69,10.548,10.043019607843137
1,73.7,10.432,10.026
1,73.71,10.442,10.001470588235295
1,73.72,10.254,9.97550980392157
1,73.73,10.035,9.948823529411765
1,73.74,10.065,9.922823529411763
1,73.75,9.781,9.900549019607842
1,73.76,9.95,9.87313725490196
1,73.77,9.948,9.846294117647059
1,73.78,9.894,9.818745098039216
1,73.79,10.172,9.792333333333334
1,73.8,10.28,9.766862745098038
1,73.81,10.171,9.743156862745098
1,73.82,10.224,9.718764705882352
1,73.83,10.328,9.693078431372548
1,73.84,10.035,9.665725490196078
1,73.85,9.97,9.636607843137254
1,73.86,9.848,9.605156862745098
1,73.87,9.755,9.57192156862745
1,73.88,9.694,9.545019607843138
1,73.89,9.611,9.51586274509804
1,73.9,9.562,9.487705882352943
1,73.91,9.442,9.449745098039216
1,73.92,9.61,9.41186274509804
1,73.93,9.358,9.37607843137255
1,73.94,9.109,9.337960784313726
1,73.95,8.819,9.302666666666667
1,73.96,8.595,9.270509803921568
1,73.97,8.703,9.234960784313726
1,73.98,8.906,9.20327450980392
1,73.99,9.045,9.171764705882353
1,74.0,8.962,9.138784313725491
1,74.01,8.801,9.111098039215687
1,74.02,8.738,9.079921568627451
1,74.03,8.766,9.050411764705881
1,74.04,8.842,9.023392156862744
1,74.05,8.634,8.993803921568627
1,74.06,8.716,8.958392156862745
1,74.07,8.557,8.928588235294118
1,74.08,8.7,8.899
1,74.09,8.586,8.86843137254902
1,74.1,8.596,8.842411764705883
1,74.11,8.656,8.815313725490196
1,74.12,8.555,8.789274509803922
1,74.13,8.651,8.764588235294118
1,74.14,8.664,8.73778431372549
1,74.15,8.704,8.712196078431372
1,74.16,8.563,8.68521568627451
1,74.17,8.647,8.663411764705883
1,74.18,8.67,8.637843137254901
1,74.19,8.642,8.618470588235294
1,74.2,8.748,8.602294117647059
1,74.21,8.792,8.591392156862746
1,74.22,8.629,8.587294117647058
1,74.23,8.638,8.580274509803921
1,74.24,8.428,8.569588235294118
1,74.25,8.383,8.552235294117647
1,74.26,8.369,8.535156862745097
1,74.27,8.36,8.519156862745097
1,74.28,8.443,8.507156862745099
1,74.29,8.516,8.492
1,74.3,8.663,8.479274509803922
1,74.31,8.474,8.471254901960783
1,74.32,8.651,8.46029411764706
1,74.33,8.715,8.45421568627451
1,74.34,8.769,8.446117647058824
1,74.35,8.708,8.438803921568628
1,74.36,8.588,8.42978431372549
1,74.37,8.52,8.416509803921567
1,74.38,8.496,8.40521568627451
1,74.39,8.327,8.393058823529413
1,74.4,8.306,8.38249019607843
1,74.41,8.186,8.36992156862745
1,74.42,8.33,8.355078431372549
1,74.43,8.306,8.339803921568627
1,74.44,8.37,8.323392156862745
1,74.45,8.284,8.311882352941177
1,74.46,8.263,8.30164705882353
1,74.47,8.386,8.290882352941177
1,74.48,8.345,8.284196078431373
1,74.49,8.361,8.275117647058824
1,74.5,8.16,8.267823529411766
1,74.51,8.091,8.26370588235294
1,74.52,7.985,8.255470588235294
1,74.53,8.126,8.246098039215687
1,74.54,7.993,8.232176470588236
1,74.55,8.193,8.216450980392157
1,74.56,8.225,8.199568627450981
1,74.57,8.157,8.191098039215685
1,74.58,8.247,8.182666666666666
1,74.59,8.287,8.172921568627451
1,74.6,8.213,8.157862745098038
1,74.61,8.136,8.144274509803921
1,74.62,7.979,8.133176470588236
1,74.63,7.979,8.121882352941176
1,74.64,8.031,8.11243137254902
1,74.65,8.125,8.100137254901961
1,74.66,8.063,8.090843137254902
1,74.67,7.806,8.085470588235294
1,74.68,7.868,8.076588235294118
1,74.69,7.833,8.06786274509804
1,74.7,8.055,8.056529411764705
1,74.71,8.226,8.04929411764706
1,74.72,8.243,8.04370588235294
1,74.73,8.288,8.033235294117647
1,74.74,8.175,8.022254901960784
1,74.75,8.056,8.010588235294119
1,74.76,8.173,8.005019607843138
1,74.77,7.949,8.001921568627452
1,74.78,7.882,8.003705882352941
1,74.79,7.733,8.00092156862745
1,74.8,7.714,8.000764705882352
1,74.81,7.802,7.994745098039215
1,74.82,8.042,7.988627450980393
1,74.83,8.221,7.9805882352941175
1,74.84,8.218,7.97178431372549
1,74.85,8.001,7.964490196078432
1,74.86,8.015,7.960705882352941
1,74.87,8.022,7.959176470588235
1,74.88,7.944,7.958921568627452
1,74.89,8.014,7.95778431372549
1,74.9,7.7,7.953078431372549
1,74.91,7.832,7.94613725490196
1,74.92,7.912,7.941450980392157
1,74.93,7.877,7.938254901960784
1,74.94,7.861,7.933647058823529
1,74.95,7.792,7.929862745098039
1,74.96,7.915,7.918607843137255
1,74.97,7.978,7.89992156862745
1,74.98,7.852,7.886039215686274
1,74.99,7.785,7.870725490196078
1,75.0,7.766,7.858372549019609
1,75.01,7.876,7.843607843137255
1,75.02,7.933,7.827431372549019
1,75.03,8.076,7.820352941176471
1,75.04,7.984,7.818666666666667
1,75.05,7.985,7.8196666666666665
1,75.06,7.886,7.821176470588235
1,75.07,7.913,7.824274509803922
1,75.08,7.747,7.82264705882353
1,75.09,7.798,7.819098039215686
1,75.1,7.915,7.81878431372549
1,75.11,8.02,7.821843137254903
1,75.12,8.058,7.820078431372548
1,75.13,7.966,7.820176470588235
1,75.14,7.921,7.823431372549019
1,75.15,7.791,7.822333333333334
1,75.16,7.771,7.824294117647059
1,75.17,7.824,7.825098039215686
1,75.18,7.643,7.8299215686274515
1,75.19,7.633,7.83443137254902
1,75.2,7.64,7.843098039215686
1,75.21,7.481,7.849078431372549
1,75.22,7.273,7.855509803921569
1,75.23,7.535,7.861411764705883
1,75.24,7.507,7.870431372549019
1,75.25,7.545,7.878627450980392
1,75.26,7.303,7.890411764705881
1,75.27,7.348,7.897823529411764
1,75.28,7.588,7.903725490196079
1,75.29,7.796,7.909196078431372
1,75.3,7.784,7.917529411764706
1,75.31,7.791,7.927156862745098
1,75.32,7.96,7.936921568627452
1,75.33,7.959,7.947823529411765
1,75.34,8.04,7.96113725490196
1,75.35,8.202,7.974235294117647
1,75.36,8.157,7.98292156862745
1,75.37,7.925,7.988745098039216
1,75.38,8.027,7.995137254901961
1,75.39,8.11,8.006235294117646
1,75.4,7.958,8.01621568627451
1,75.41,7.8,8.026078431372548
1,75.42,7.873,8.037196078431373
1,75.43,8.158,8.044588235294118
1,75.44,8.107,8.056039215686274
1,75.45,8.303,8.067196078431373
1,75.46,8.097,8.075627450980392
1,75.47,8.243,8.087941176470588
1,75.48,8.279,8.101529411764705
1,75.49,8.312,8.11027450980392
1,75.5,8.203,8.119666666666667
1,75.51,8.367,8.129372549019607
1,75.52,8.254,8.148411764705882
1,75.53,8.234,8.16764705882353
1,75.54,8.355,8.181941176470588
1,75.55,8.409,8.19278431372549
1,75.56,8.476,8.20450980392157
1,75.57,8.384,8.213921568627452
1,75.58,8.469,8.218490196078431
1,75.59,8.426,8.223117647058823
1,75.6,8.466,8.226725490196078
1,75.61,8.358,8.227725490196079
1,75.62,8.317,8.23178431372549
1,75.63,8.384,8.241823529411766
1,75.64,8.532,8.249274509803922
1,75.65,8.43,8.256058823529413
1,75.66,8.294,8.265960784313725
1,75.67,8.338,8.281176470588235
1,75.68,8.201,8.294235294117646
1,75.69,8.227,8.302
1,75.7,8.202,8.311294117647058
1,75.71,8.07,8.315921568627452
1,75.72,8.109,8.325333333333335
1,75.73,7.966,8.334764705882353
1,75.74,7.981,8.344156862745097
1,75.75,7.986,8.351333333333333
1,75.76,8.04,8.361490196078432
1,75.77,8.274,8.368313725490196
1,75.78,8.329,8.378333333333334
1,75.79,8.317,8.388823529411766
1,75.8,8.349,8.396647058823529
1,75.81,8.382,8.404627450980392
1,75.82,8.271,8.414901960784315
1,75.83,8.193,8.425392156862745
1,75.84,8.195,8.436313725490196
1,75.85,8.224,8.44664705882353
1,75.86,8.253,8.457274509803922
1,75.87,8.364,8.47029411764706
1,75.88,8.437,8.480823529411765
1,75.89,8.407,8.488999999999999
1,75.9,8.456,8.498333333333333
1,75.91,8.463,8.510764705882352
1,75.92,8.576,8.52421568627451
1,75.93,8.539,8.538117647058824
1,75.94,8.554,8.553254901960784
1,75.95,8.581,8.567568627450981
1,75.96,8.539,8.579901960784314
1,75.97,8.577,8.594607843137254
1,75.98,8.724,8.60864705882353
1,75.99,8.758,8.625725490196078
1,76.0,8.678,8.644411764705882
1,76.01,8.721,8.661843137254902
1,76.02,8.715,8.680098039215686
1,76.03,8.765,8.695196078431373
1,76.04,8.769,8.708627450980392
1,76.05,8.754,8.72221568627451
1,76.06,8.816,8.736156862745098
1,76.07,9.0,8.747960784313726
1,76.08,8.919,8.757588235294117
1,76.09,9.026,8.76964705882353
1,76.1,8.953,8.782
1,76.11,9.008,8.790176470588236
1,76.12,9.022,8.796509803921568
1,76.13,8.854,8.802686274509805
1,76.14,8.801,8.808725490196078
1,76.15,9.008,8.814176470588237
1,76.16,9.064,8.818156862745099
1,76.17,8.98,8.820627450980393
1,76.18,9.047,8.821039215686275
1,76.19,8.973,8.82043137254902
1,76.2,8.957,8.821686274509805
1,76.21,8.831,8.821000000000002
1,76.22,8.82,8.820372549019607
1,76.23,8.825,8.815882352941175
1,76.24,8.837,8.808352941176471
1,76.25,8.934,8.802196078431374
1,76.26,8.875,8.800843137254903
1,76.27,8.971,8.802196078431374
1,76.28,9.044,8.80413725490196
1,76.29,9.014,8.805725490196078
1,76.3,9.01,8.802588235294118
1,76.31,9.06,8.799980392156863
1,76.32,8.984,8.792117647058824
1,76.33,8.762,8.78313725490196
1,76.34,8.808,8.775823529411765
1,76.35,8.825,8.76578431372549
1,76.36,8.641,8.757
1,76.37,8.576,8.748058823529412
1,76.38,8.679,8.737980392156862
1,76.39,8.745,8.730392156862745
1,76.4,8.685,8.724137254901962
1,76.41,8.659,8.714745098039216
1,76.42,8.589,8.70350980392157
1,76.43,8.597,8.696254901960785
1,76.44,8.508,8.686254901960783
1,76.45,8.618,8.68064705882353
1,76.46,8.546,8.675117647058823
1,76.47,8.507,8.67064705882353
1,76.48,8.348,8.66807843137255
1,76.49,8.34,8.668039215686274
1,76.5,8.444,8.667588235294117
1,76.51,8.609,8.665764705882353
1,76.52,8.79,8.66464705882353
1,76.53,8.814,8.658117647058823
1,76.54,8.846,8.64913725490196
1,76.55,8.609,8.639098039215686
1,76.56,8.621,8.630058823529412
1,76.57,8.415,8.617274509803922
1,76.58,8.542,8.606745098039214
1,76.59,8.546,8.6
1,76.6,8.514,8.591058823529412
1,76.61,8.505,8.583745098039216
1,76.62,8.552,8.578058823529412
1,76.63,8.508,8.574607843137255
1,76.64,8.467,8.57143137254902
1,76.65,8.482,8.565254901960785
1,76.66,8.529,8.56235294117647
1,76.67,8.491,8.55778431372549
1,76.68,8.61,8.557509803921569
1,76.69,8.537,8.555
1,76.7,8.687,8.556392156862744
1,76.71,8.675,8.557509803921569
1,76.72,8.603,8.557529411764705
1,76.73,8.689,8.557254901960784
1,76.74,8.823,8.562588235294118
1,76.75,8.814,8.569411764705881
1,76.76,8.841,8.57135294117647
1,76.77,8.818,8.569372549019608
1,76.78,8.638,8.564313725490196
1,76.79,8.586,8.55735294117647
1,76.8,8.502,8.551039215686275
1,76.81,8.549,8.54629411764706
1,76.82,8.408,8.543098039215685
1,76.83,8.447,8.546549019607843
1,76.84,8.418,8.547058823529412
1,76.85,8.352,8.549176470588234
1,76.86,8.452,8.54929411764706
1,76.87,8.351,8.54956862745098
1,76.88,8.4,8.548254901960783
1,76.89,8.517,8.54650980392157
1,76.9,8.43,8.544058823529411
1,76.91,8.537,8.542411764705882
1,76.92,8.426,8.538235294117646
1,76.93,8.575,8.536156862745099
1,76.94,8.469,8.532843137254902
1,76.95,8.579,8.532725490196079
1,76.96,8.675,8.53007843137255
1,76.97,8.547,8.53064705882353
1,76.98,8.493,8.531274509803922
1,76.99,8.62,8.530450980392157
1,77.0,8.688,8.526
1,77.01,8.543,8.520941176470588
1,77.02,8.508,8.518176470588235
1,77.03,8.532,8.51692156862745
1,77.04,8.459,8.519745098039216
1,77.05,8.524,8.523647058823528
1,77.06,8.367,8.526352941176471
1,77.07,8.458,8.527666666666667
1,77.08,8.591,8.533235294117649
1,77.09,8.568,8.536470588235295
1,77.1,8.654,8.539705882352942
1,77.11,8.52,8.545666666666667
1,77.12,8.519,8.547725490196077
1,77.13,8.485,8.551705882352941
1,77.14,8.419,8.553980392156863
1,77.15,8.342,8.557156862745098
1,77.16,8.398,8.56294117647059
1,77.17,8.316,8.564725490196079
1,77.18,8.385,8.57013725490196
1,77.19,8.441,8.569666666666667
1,77.2,8.531,8.56978431372549
1,77.21,8.552,8.570843137254903
1,77.22,8.704,8.56586274509804
1,77.23,8.635,8.561313725490196
1,77.24,8.647,8.558882352941177
1,77.25,8.596,8.552529411764706
1,77.26,8.556,8.544294117647057
1,77.27,8.7,8.535019607843138
1,77.28,8.754,8.528294117647059
1,77.29,8.782,8.516470588235293
1,77.3,8.785,8.506843137254902
1,77.31,8.64,8.495196078431372
1,77.32,8.616,8.487470588235293
1,77.33,8.692,8.480098039215687
1,77.34,8.612,8.46970588235294
1,77.35,8.583,8.460313725490195
1,77.36,8.656,8.451392156862745
1,77.37,8.557,8.444529411764705
1,77.38,8.554,8.438823529411765
1,77.39,8.516,8.432843137254903
1,77.4,8.679,8.428196078431371
1,77.41,8.725,8.422549019607843
1,77.42,8.628,8.418705882352942
1,77.43,8.702,8.416313725490195
1,77.44,8.551,8.415058823529412
1,77.45,8.475,8.413803921568627
1,77.46,8.633,8.409137254901962
1,77.47,8.421,8.406
1,77.48,8.315,8.399490196078432
1,77.49,8.369,8.394117647058824
1,77.5,8.296,8.39035294117647
1,77.51,8.268,8.387313725490197
1,77.52,8.07,8.386627450980393
1,77.53,8.165,8.382843137254902
1,77.54,7.929,8.376549019607843
1,77.55,7.968,8.368647058823528
1,77.56,7.93,8.359117647058824
1,77.57,7.973,8.353039215686275
1,77.58,8.082,8.34678431372549
1,77.59,8.061,8.337313725490196
1,77.6,8.089,8.328176470588236
1,77.61,8.199,8.320745098039216
1,77.62,8.17,8.311627450980392
1,77.63,8.228,8.304333333333334
1,77.64,8.18,8.29943137254902
1,77.65,8.182,8.295607843137255
1,77.66,8.054,8.289156862745099
1,77.67,8.202,8.280000000000001
1,77.68,8.194,8.275196078431373
1,77.69,8.321,8.265941176470587
1,77.7,8.377,8.260372549019607
1,77.71,8.293,8.253490196078431
1,77.72,8.392,8.245019607843137
1,77.73,8.372,8.240196078431373
1,77.74,8.361,8.237901960784313
1,77.75,8.455,8.236235294117646
1,77.76,8.441,8.234078431372549
1,77.77,8.521,8.231843137254902
1,77.78,8.507,8.235960784313727
1,77.79,8.433,8.237254901960785
1,77.8,8.379,8.244156862745099
1,77.81,8.299,8.24813725490196
1,77.82,8.33,8.256529411764706
1,77.83,8.297,8.261901960784312
1,77.84,8.209,8.264745098039215
1,77.85,8.146,8.265
1,77.86,8.204,8.261764705882353
1,77.87,8.191,8.256117647058824
1,77.88,8.185,8.250313725490196
1,77.89,8.304,8.241470588235295
1,77.9,8.321,8.235823529411764
1,77.91,8.35,8.232529411764707
1,77.92,8.258,8.233588235294118
1,77.93,8.383,8.233431372549019
1,77.94,8.23,8.230313725490197
1,77.95,8.267,8.22221568627451
1,77.96,8.124,8.211549019607842
1,77.97,8.201,8.203411764705882
1,77.98,8.175,8.19605882352941
1,77.99,8.198,8.186941176470588
1,78.0,8.284,8.176823529411765
1,78.01,8.186,8.166823529411765
1,78.02,8.154,8.159137254901962
1,78.03,8.28,8.151235294117647
1,78.04,8.231,8.14164705882353
1,78.05,8.281,8.13313725490196
1,78.06,8.171,8.124039215686276
1,78.07,8.358,8.118686274509804
1,78.08,8.247,8.113627450980392
1,78.09,8.227,8.104588235294118
1,78.1,8.074,8.092960784313725
1,78.11,7.924,8.078960784313725
1,78.12,7.911,8.071039215686275
1,78.13,7.874,8.057529411764706
1,78.14,7.777,8.042549019607844
1,78.15,7.892,8.021999999999998
1,78.16,8.014,8.000686274509805
1,78.17,8.108,7.974705882352941
1,78.18,8.194,7.952490196078432
1,78.19,8.035,7.929
1,78.2,7.908,7.907156862745098
1,78.21,7.833,7.884058823529411
1,78.22,7.878,7.861725490196078
1,78.23,8.017,7.839803921568628
1,78.24,7.907,7.8166078431372545
1,78.25,7.845,7.791745098039216
1,78.26,7.945,7.767019607843137
1,78.27,8.049,7.749901960784314
1,78.28,8.118,7.7334901960784315
1,78.29,8.018,7.71078431372549
1,78.3,7.999,7.695627450980392
1,78.31,7.915,7.6772745098039215
1,78.32,8.026,7.6617058823529405
1,78.33,8.072,7.643549019607843
1,78.34,7.836,7.624941176470588
1,78.35,7.616,7.606647058823529
1,78.36,7.432,7.589725490196078
1,78.37,7.8,7.571607843137254
1,78.38,7.502,7.556254901960783
1,78.39,7.421,7.539333333333334
1,78.4,7.256,7.530470588235294
1,78.41,7.234,7.521235294117647
1,78.42,7.025,7.509980392156862
1,78.43,7.125,7.496019607843136
1,78.44,7.185,7.4822549019607845
1,78.45,7.116,7.4722156862745095
1,78.46,7.089,7.469803921568627
1,78.47,6.985,7.468313725490196
1,78.48,7.083,7.4696862745098045
1,78.49,6.992,7.472176470588235
1,78.5,6.93,7.47643137254902
1,78.51,7.023,7.48243137254902
1,78.52,7.313,7.482960784313726
1,78.53,7.317,7.476470588235294
1,78.54,7.122,7.466294117647059
1,78.55,7.458,7.463196078431373
1,78.56,7.345,7.463725490196078
1,78.57,7.377,7.459960784313725
1,78.58,7.432,7.448784313725491
1,78.59,7.298,7.4338235294117645
1,78.6,7.294,7.43378431372549
1,78.61,7.211,7.441705882352942
1,78.62,7.0,7.455882352941177
1,78.63,7.128,7.4675490196078425
1,78.64,7.011,7.482235294117647
1,78.65,7.325,7.501392156862744
1,78.66,7.421,7.520568627450981
1,78.67,7.44,7.535509803921568
1,78.68,7.396,7.563235294117647
1,78.69,7.492,7.592960784313725
1,78.7,7.523,7.625862745098039
1,78.71,7.785,7.659941176470589
1,78.72,7.757,7.69335294117647
1,78.73,7.948,7.724784313725491
1,78.74,8.144,7.751235294117647
1,78.75,8.124,7.7847647058823535
1,78.76,8.151,7.822745098039216
1,78.77,7.972,7.858352941176471
1,78.78,7.718,7.883745098039215
1,78.79,7.599,7.897490196078431
1,78.8,7.86,7.91521568627451
1,78.81,8.026,7.919686274509804
1,78.82,7.723,7.928098039215686
1,78.83,7.456,7.94043137254902
1,78.84,7.309,7.952509803921569
1,78.85,7.834,7.9601372549019604
1,78.86,8.02,7.965588235294118
1,78.87,8.155,7.970745098039217
1,78.88,8.395,7.980843137254903
1,78.89,8.251,7.98443137254902
1,78.9,8.398,7.985666666666667
1,78.91,8.234,7.981901960784314
1,78.92,7.996,7.974117647058824
1,78.93,8.439,7.967392156862746
1,78.94,8.641,7.954725490196079
1,78.95,8.863,7.939921568627451
1,78.96,8.854,7.929509803921569
1,78.97,8.793,7.911411764705882
1,78.98,8.588,7.895725490196079
1,78.99,8.432,7.8759999999999994
1,79.0,8.702,7.852294117647059
1,79.01,8.867,7.825803921568627
1,79.02,8.839,7.800921568627451
1,79.03,8.608,7.782901960784313
1,79.04,8.018,7.775333333333333
1,79.05,8.026,7.768745098039215
1,79.06,7.686,7.753235294117647
1,79.07,7.774,7.727627450980393
1,79.08,8.006,7.7034705882352945
1,79.09,8.048,7.6799019607843135
1,79.1,7.687,7.656000000000001
1,79.11,7.572,7.621725490196079
1,79.12,7.474,7.583254901960784
1,79.13,7.515,7.542490196078432
1,79.14,7.311,7.496176470588235
1,79.15,7.074,7.453568627450981
1,79.16,7.133,7.407490196078432
1,79.17,7.024,7.368176470588235
1,79.18,7.097,7.328549019607844
1,79.19,6.75,7.2793529411764695
1,79.2,6.737,7.230470588235295
1,79.21,6.992,7.177823529411765
1,79.22,6.862,7.126039215686275
1,79.23,6.957,7.079941176470588
1,79.24,6.942,7.0382549019607845
1,79.25,6.935,6.996941176470588
1,79.26,6.773,6.943156862745098
1,79.27,6.882,6.886470588235295
1,79.28,7.053,6.827117647058824
1,79.29,7.332,6.770058823529412
1,79.3,7.263,6.73078431372549
1,79.31,7.069,6.694803921568628
1,79.32,6.72,6.672901960784313
1,79.33,6.491,6.653450980392157
1,79.34,6.254,6.631803921568627
1,79.35,6.09,6.611490196078431
1,79.36,6.086,6.6004901960784315
1,79.37,6.058,6.594568627450981
1,79.38,6.076,6.592745098039215
1,79.39,6.033,6.590274509803922
1,79.4,6.078,6.593745098039216
1,79.41,6.048,6.605392156862745
1,79.42,6.229,6.615333333333333
1,79.43,5.975,6.619019607843137
1,79.44,5.93,6.623843137254902
1,79.45,6.148,6.633098039215685
1,79.46,6.178,6.640098039215686
1,79.47,6.213,6.644137254901961
1,79.48,6.442,6.6512745098039225
1,79.49,6.462,6.658509803921568
1,79.5,6.325,6.669450980392157
1,79.51,5.959,6.677352941176471
1,79.52,5.976,6.694215686274509
1,79.53,5.812,6.712627450980392
1,79.54,5.698,6.726843137254902
1,79.55,6.015,6.731686274509803
1,79.56,6.191,6.73850980392157
1,79.57,6.569,6.751607843137255
1,79.58,6.782,6.771764705882352
1,79.59,6.902,6.796215686274509
1,79.6,7.012,6.8270196078431375
1,79.61,7.126,6.857450980392157
1,79.62,7.27,6.890999999999999
1,79.63,7.381,6.922843137254902
1,79.64,7.389,6.960490196078432
1,79.65,7.488,6.99778431372549
1,79.66,7.668,7.034529411764705
1,79.67,7.64,7.071098039215686
1,79.68,7.212,7.102705882352941
1,79.69,7.343,7.137999999999999
1,79.7,7.222,7.173529411764706
1,79.71,7.094,7.205509803921569
1,79.72,7.198,7.233549019607843
1,79.73,7.226,7.25756862745098
1,79.74,7.326,7.277764705882354
1,79.75,7.5,7.302450980392156
1,79.76,7.338,7.327803921568628
1,79.77,7.633,7.3558039215686275
1,79.78,7.821,7.382196078431373
1,79.79,7.778,7.40135294117647
1,79.8,7.579,7.425039215686275
1,79.81,7.611,7.438000000000001
1,79.82,7.737,7.449098039215686
1,79.83,7.748,7.44964705882353
1,79.84,7.738,7.44956862745098
1,79.85,7.825,7.443137254901961
1,79.86,7.642,7.440509803921569
1,79.87,7.797,7.440686274509805
1,79.88,7.682,7.429039215686274
1,79.89,7.996,7.412862745098039
1,79.9,7.935,7.393
1,79.91,7.952,7.370019607843137
1,79.92,7.913,7.3432941176470585
1,79.93,7.841,7.313156862745098
1,79.94,7.775,7.3009803921568635
1,79.95,7.742,7.281196078431373
1,79.96,7.779,7.26086274509804
1,79.97,7.608,7.239784313725491
1,79.98,7.438,7.215372549019608
1,79.99,7.472,7.191274509803922
1,80.0,7.721,7.168313725490196
1,80.01,7.618,7.140607843137256
1,80.02,7.387,7.1171372549019605
1,80.03,7.322,7.086392156862745
1,80.04,6.789,7.054039215686274
1,80.05,6.906,7.015392156862744
1,80.06,6.676,6.978882352941176
1,80.07,6.757,6.944333333333334
1,80.08,6.597,6.90643137254902
1,80.09,6.778,6.868941176470589
1,80.1,6.574,6.837019607843138
1,80.11,6.878,6.807019607843136
1,80.12,7.135,6.778117647058823
1,80.13,6.676,6.7418627450980395
1,80.14,6.556,6.707137254901961
1,80.15,6.376,6.668078431372549
1,80.16,6.316,6.630627450980393
1,80.17,6.305,6.590725490196078
1,80.18,6.103,6.555941176470588
1,80.19,6.591,6.51964705882353
1,80.2,6.334,6.484450980392157
1,80.21,6.185,6.447882352941176
1,80.22,6.019,6.411862745098039
1,80.23,5.953,6.371470588235294
1,80.24,5.997,6.3387843137254904
1,80.25,6.155,6.304921568627451
1,80.26,6.087,6.265764705882353
1,80.27,6.141,6.22643137254902
1,80.28,6.065,6.195294117647059
1,80.29,6.171,6.168372549019607
1,80.3,5.807,6.156882352941176
1,80.31,5.717,6.141764705882352
1,80.32,5.849,6.133372549019608
1,80.33,5.804,6.121627450980392
1,80.34,5.836,6.112941176470588
1,80.35,6.11,6.105470588235294
1,80.36,6.295,6.101392156862745
1,80.37,6.168,6.090647058823529
1,80.38,5.948,6.075705882352941
1,80.39,5.911,6.068254901960784
1,80.4,6.004,6.059058823529413
1,80.41,6.025,6.056686274509804
1,80.42,5.917,6.05443137254902
1,80.43,6.139,6.054666666666667
1,80.44,5.99,6.061607843137255
1,80.45,5.98,6.059980392156863
1,80.46,5.877,6.066294117647058
1,80.47,5.942,6.073745098039215
1,80.48,5.548,6.081392156862745
1,80.49,5.771,6.091411764705883
1,80.5,5.745,6.103882352941176
1,80.51,5.724,6.110823529411766
1,80.52,5.612,6.118764705882352
1,80.53,5.799,6.1245882352941186
1,80.54,5.949,6.129980392156863
1,80.55,6.203,6.1287254901960795
1,80.56,6.135,6.134058823529411
1,80.57,6.248,6.143941176470588
1,80.58,6.158,6.15270588235294
1,80.59,6.154,6.162843137254902
1,80.6,6.397,6.17035294117647
1,80.61,6.366,6.171647058823528
1,80.62,6.33,6.167235294117647
1,80.63,6.373,6.166705882352941
1,80.64,6.296,6.169529411764705
1,80.65,6.087,6.172607843137254
1,80.66,6.255,6.174352941176471
1,80.67,6.201,6.17413725490196
1,80.68,6.317,6.1780196078431375
1,80.69,6.457,6.17821568627451
1,80.7,6.508,6.182941176470588
1,80.71,6.656,6.187921568627451
1,80.72,6.565,6.194705882352942
1,80.73,6.409,6.200745098039215
1,80.74,6.464,6.213823529411766
1,80.75,6.633,6.226
1,80.76,6.509,6.236745098039216
1,80.77,6.492,6.246666666666666
1,80.78,6.438,6.260823529411764
1,80.79,6.34,6.272764705882353
1,80.8,6.107,6.281411764705882
1,80.81,6.079,6.293705882352941
1,80.82,6.221,6.304313725490196
1,80.83,6.296,6.313764705882352
1,80.84,6.321,6.321411764705882
1,80.85,6.219,6.333470588235294
1,80.86,6.176,6.34378431372549
1,80.87,6.07,6.360019607843137
1,80.88,6.141,6.378
1,80.89,6.092,6.392607843137255
1,80.9,6.068,6.410294117647059
1,80.91,6.093,6.429960784313725
1,80.92,6.014,6.446058823529411
1,80.93,6.115,6.461862745098039
1,80.94,6.149,6.47813725490196
1,80.95,6.231,6.4921372549019605
1,80.96,6.234,6.502882352941176
1,80.97,6.223,6.507607843137255
1,80.98,6.25,6.513196078431372
1,80.99,6.215,6.524176470588236
1,81.0,6.392,6.532764705882353
1,81.01,6.293,6.537
1,81.02,6.23,6.54243137254902
1,81.03,6.334,6.549549019607844
1,81.04,6.408,6.558803921568627
1,81.05,6.39,6.567901960784314
1,81.06,6.83,6.580705882352941
1,81.07,6.676,6.5936666666666675
1,81.08,6.73,6.603725490196079
1,81.09,6.548,6.61207843137255
1,81.1,6.769,6.620803921568627
1,81.11,6.923,6.631352941176471
1,81.12,7.194,6.6480588235294125
1,81.13,7.247,6.667019607843137
1,81.14,7.118,6.687843137254902
1,81.15,7.198,6.709058823529412
1,81.16,7.09,6.729960784313725
1,81.17,7.076,6.751058823529412
1,81.18,7.007,6.774901960784314
1,81.19,7.147,6.8030784313725485
1,81.2,7.171,6.832313725490196
1,81.21,7.056,6.859058823529412
1,81.22,6.897,6.886450980392157
1,81.23,6.85,6.915117647058824
1,81.24,6.969,6.939705882352942
1,81.25,6.902,6.96535294117647
1,81.26,6.849,6.986254901960784
1,81.27,6.786,7.007078431372549
1,81.28,6.855,7.0224705882352945
1,81.29,6.91,7.036490196078431
1,81.3,6.804,7.047372549019608
1,81.31,6.76,7.060411764705883
1,81.32,6.74,7.0620392156862755
1,81.33,6.734,7.073529411764706
1,81.34,6.722,7.088137254901961
1,81.35,6.766,7.10786274509804
1,81.36,6.757,7.126980392156863
1,81.37,7.028,7.1450000000000005
1,81.38,7.037,7.157843137254902
1,81.39,7.203,7.170627450980392
1,81.4,7.174,7.180254901960784
1,81.41,7.134,7.188745098039217
1,81.42,7.169,7.198607843137254
1,81.43,7.23,7.210549019607843
1,81.44,7.552,7.225039215686275
1,81.45,7.64,7.231078431372549
1,81.46,7.595,7.236725490196079
1,81.47,7.631,7.240647058823529
1,81.48,7.685,7.248294117647059
1,81.49,7.504,7.2561960784313735
1,81.5,7.523,7.263647058823529
1,81.51,7.458,7.270686274509804
1,81.52,7.355,7.27764705882353
1,81.53,7.015,7.284274509803922
1,81.54,7.049,7.289019607843136
1,81.55,6.963,7.290745098039216
1,81.56,7.055,7.293450980392157
1,81.57,6.913,7.299058823529412
1,81.58,7.262,7.3035098039215685
1,81.59,7.475,7.3066274509803915
1,81.6,7.554,7.314352941176471
1,81.61,7.744,7.318411764705882
1,81.62,7.842,7.317274509803921
1,81.63,7.849,7.312607843137255
1,81.64,7.899,7.305235294117647
1,81.65,7.609,7.2948627450980394
1,81.66,7.631,7.284999999999999
1,81.67,7.593,7.279745098039216
1,81.68,7.685,7.272372549019607
1,81.69,7.746,7.2643137254901955
1,81.7,7.455,7.24721568627451
1,81.71,7.459,7.224137254901962
1,81.72,7.256,7.200294117647059
1,81.73,7.287,7.174862745098039
1,81.74,7.253,7.148901960784314
1,81.75,7.349,7.1224509803921565
1,81.76,7.261,7.100078431372549
1,81.77,7.204,7.080058823529412
1,81.78,7.124,7.065
1,81.79,7.097,7.061078431372549
1,81.8,6.998,7.052666666666667
1,81.81,6.942,7.048588235294118
1,81.82,7.046,7.039411764705882
1,81.83,6.967,7.035627450980392
1,81.84,6.893,7.035156862745098
1,81.85,7.116,7.031450980392158
1,81.86,6.973,7.0222549019607845
1,81.87,6.699,7.009039215686275
1,81.88,6.79,6.9937450980392155
1,81.89,6.661,6.979470588235293
1,81.9,6.674,6.9648039215686275
1,81.91,6.671,6.947705882352942
1,81.92,6.866,6.92678431372549
1,81.93,6.793,6.905568627450981
1,81.94,6.819,6.885529411764707
1,81.95,6.68,6.863450980392157
1,81.96,6.463,6.843529411764705
1,81.97,6.379,6.8211176470588235
1,81.98,6.334,6.801176470588236
1,81.99,6.361,6.776921568627451
1,82.0,6.155,6.751666666666666
1,82.01,6.382,6.725294117647059
1,82.02,6.437,6.705862745098038
1,82.03,6.587,6.686960784313725
1,82.04,6.815,6.666745098039216
1,82.05,6.62,6.651137254901961
1,82.06,6.755,6.635823529411764
1,82.07,6.587,6.621235294117647
1,82.08,6.72,6.604196078431372
1,82.09,7.238,6.591156862745098
1,82.1,7.286,6.5848039215686285
1,82.11,7.085,6.576941176470588
1,82.12,7.07,6.5728823529411775
1,82.13,7.062,6.570509803921569
1,82.14,7.121,6.5634901960784315
1,82.15,7.151,6.559745098039215
1,82.16,6.737,6.556352941176471
1,82.17,6.564,6.552568627450981
1,82.18,6.511,6.544313725490196
1,82.19,6.663,6.534960784313726
1,82.2,6.62,6.526901960784314
1,82.21,6.439,6.5201568627450985
1,82.22,6.316,6.520823529411764
1,82.23,6.239,6.5229019607843135
1,82.24,6.05,6.521372549019609
1,82.25,5.965,6.517901960784314
1,82.26,6.004,6.523235294117647
1,82.27,6.27,6.524686274509804
1,82.28,6.24,6.5280588235294115
1,82.29,6.093,6.53078431372549
1,82.3,6.301,6.533549019607843
1,82.31,6.217,6.533254901960784
1,82.32,6.198,6.528509803921569
1,82.33,6.177,6.528176470588235
1,82.34,6.302,6.527980392156862
1,82.35,6.569,6.520607843137254
1,82.36,6.715,6.5159215686274505
1,82.37,6.766,6.51521568627451
1,82.38,6.578,6.514254901960784
1,82.39,6.432,6.514098039215686
1,82.4,6.47,6.514666666666667
1,82.41,6.501,6.517058823529412
1,82.42,6.478,6.527254901960784
1,82.43,6.445,6.546294117647059
1,82.44,6.316,6.566921568627452
1,82.45,6.408,6.579039215686273
1,82.46,6.336,6.589686274509803
1,82.47,6.497,6.605019607843137
1,82.48,6.485,6.6233137254901955
1,82.49,6.256,6.645941176470588
1,82.5,6.184,6.673843137254901
1,82.51,6.427,6.706098039215687
1,82.52,6.456,6.737941176470588
1,82.53,6.609,6.76921568627451
1,82.54,6.726,6.801294117647059
1,82.55,6.956,6.836352941176471
1,82.56,6.605,6.869019607843137
1,82.57,6.513,6.904254901960785
1,82.58,6.57,6.938999999999999
1,82.59,6.71,6.968745098039216
1,82.6,6.862,6.9928823529411765
1,82.61,7.047,7.009843137254901
1,82.62,7.049,7.025509803921568
1,82.63,7.021,7.040019607843138
1,82.64,7.054,7.055901960784314
1,82.65,7.15,7.075607843137255
1,82.66,7.273,7.095941176470589
1,82.67,7.257,7.117039215686274
1,82.68,7.535,7.138176470588235
1,82.69,7.563,7.16135294117647
1,82.7,7.281,7.191411764705882
1,82.71,7.163,7.22143137254902
1,82.72,7.221,7.253490196078431
1,82.73,7.249,7.282333333333334
1,82.74,7.393,7.311470588235294
1,82.75,7.473,7.345823529411764
1,82.76,7.61,7.38578431372549
1,82.77,7.628,7.423235294117647
1,82.78,7.865,7.461686274509804
1,82.79,7.876,7.49935294117647
1,82.8,7.881,7.53421568627451
1,82.81,7.967,7.562254901960784
1,82.82,8.014,7.596686274509804
1,82.83,7.97,7.634196078431373
1,82.84,7.694,7.6688431372549015
1,82.85,7.533,7.698294117647059
1,82.86,7.434,7.720882352941176
1,82.87,7.514,7.741784313725491
1,82.88,7.506,7.759078431372548
1,82.89,7.388,7.778980392156863
1,82.9,7.437,7.796607843137255
1,82.91,7.507,7.811235294117647
1,82.92,7.577,7.8240196078431365
1,82.93,7.556,7.838647058823528
1,82.94,7.627,7.8492549019607845
1,82.95,7.849,7.8549999999999995
1,82.96,7.939,7.867450980392156
1,82.97,7.971,7.883764705882353
1,82.98,7.968,7.896509803921569
1,82.99,7.971,7.908333333333333
1,83.0,8.008,7.914196078431373
1,83.01,8.222,7.924137254901962
1,83.02,8.337,7.9332352941176465
1,83.03,8.417,7.941901960784313
1,83.04,8.53,7.946882352941176
1,83.05,8.504,7.948176470588236
1,83.06,8.386,7.950862745098038
1,83.07,8.361,7.954352941176471
1,83.08,8.426,7.955196078431372
1,83.09,8.337,7.960000000000001
1,83.1,8.212,7.972
1,83.11,8.014,7.9850980392156865
1,83.12,8.113,7.997509803921569
1,83.13,7.931,8.00813725490196
1,83.14,8.036,8.018803921568628
1,83.15,7.953,8.031235294117648
1,83.16,7.896,8.039901960784313
1,83.17,7.925,8.04613725490196
1,83.18,8.003,8.04943137254902
1,83.19,8.076,8.057313725490197
1,83.2,7.856,8.059960784313725
1,83.21,7.916,8.059058823529412
1,83.22,7.995,8.054686274509804
1,83.23,7.871,8.048745098039216
1,83.24,7.852,8.043411764705882
1,83.25,7.692,8.041137254901962
1,83.26,7.98,8.037901960784314
1,83.27,8.074,8.030627450980392
1,83.28,8.07,8.020019607843137
1,83.29,8.119,8.00656862745098
1,83.3,7.942,7.989568627450981
1,83.31,8.018,7.971549019607843
1,83.32,8.145,7.95264705882353
1,83.33,8.057,7.935627450980392
1,83.34,8.215,7.917941176470588
1,83.35,8.306,7.904999999999999
1,83.36,8.201,7.893901960784314
1,83.37,8.067,7.887549019607843
1,83.38,8.056,7.8778235294117644
1,83.39,8.05,7.874352941176471
1,83.4,8.022,7.872470588235295
1,83.41,7.879,7.872803921568627
1,83.42,7.825,7.87650980392157
1,83.43,7.745,7.880352941176471
1,83.44,7.958,7.8858823529411755
1,83.45,7.762,7.890803921568627
1,83.46,7.803,7.900137254901962
1,83.47,7.716,7.907019607843138
1,83.48,7.668,7.910901960784314
1,83.49,7.696,7.919999999999999
1,83.5,7.855,7.931294117647059
1,83.51,7.843,7.944529411764706
1,83.52,7.851,7.9489607843137255
1,83.53,7.796,7.952803921568628
1,83.54,7.731,7.959039215686275
1,83.55,7.663,7.964627450980393
1,83.56,7.585,7.97178431372549
1,83.57,7.422,7.977450980392157
1,83.58,7.493,7.978294117647058
1,83.59,7.524,7.980490196078431
1,83.6,7.677,7.9783921568627445
1,83.61,7.646,7.977784313725491
1,83.62,7.69,7.979137254901961
1,83.63,7.617,7.983235294117646
1,83.64,7.754,7.990372549019608
1,83.65,7.94,7.998764705882353
1,83.66,7.97,8.01043137254902
1,83.67,8.085,8.026450980392157
1,83.68,8.121,8.045098039215686
1,83.69,8.285,8.066196078431371
1,83.7,8.327,8.080823529411765
1,83.71,8.332,8.099
1,83.72,8.267,8.115313725490196
1,83.73,8.193,8.136196078431373
1,83.74,8.335,8.156686274509804
1,83.75,8.428,8.178392156862746
1,83.76,8.367,8.19856862745098
1,83.77,8.206,8.22421568627451
1,83.78,8.27,8.246901960784314
1,83.79,8.388,8.271921568627452
1,83.8,8.404,8.299156862745098
1,83.81,8.307,8.325549019607843
1,83.82,8.307,8.350803921568628
1,83.83,8.188,8.380705882352942
1,83.84,8.169,8.40792156862745
1,83.85,8.108,8.435274509803921
1,83.86,8.275,8.45721568627451
1,83.87,8.27,8.48021568627451
1,83.88,8.276,8.504882352941177
1,83.89,8.42,8.529313725490196
1,83.9,8.478,8.550039215686274
1,83.91,8.617,8.56843137254902
1,83.92,8.696,8.584470588235295
1,83.93,8.776,8.602607843137253
1,83.94,8.821,8.616117647058823
1,83.95,8.704,8.624333333333334
1,83.96,8.689,8.629823529411766
1,83.97,8.635,8.638764705882354
1,83.98,8.781,8.647333333333334
1,83.99,8.713,8.656980392156862
1,84.0,8.803,8.662588235294118
1,84.01,8.884,8.665921568627452
1,84.02,9.151,8.67235294117647
1,84.03,9.008,8.681627450980391
1,84.04,9.072,8.691254901960784
1,84.05,9.12,8.700666666666667
1,84.06,9.009,8.70905882352941
1,84.07,8.873,8.716686274509804
1,84.08,8.947,8.724941176470589
1,84.09,8.881,8.73386274509804
1,84.1,8.919,8.742058823529412
1,84.11,8.796,8.750960784313726
1,84.12,8.819,8.755549019607843
1,84.13,8.948,8.761549019607843
1,84.14,8.863,8.768235294117646
1,84.15,8.811,8.772549019607842
1,84.16,8.878,8.776803921568627
1,84.17,8.788,8.780019607843137
1,84.18,9.01,8.780039215686275
1,84.19,8.81,8.778627450980391
1,84.2,8.704,8.777156862745098
1,84.21,8.607,8.778313725490197
1,84.22,8.788,8.78156862745098
1,84.23,8.704,8.787607843137256
1,84.24,8.685,8.78735294117647
1,84.25,8.621,8.78664705882353
1,84.26,8.598,8.785196078431373
1,84.27,8.695,8.78256862745098
1,84.28,8.679,8.773313725490196
1,84.29,8.761,8.765058823529412
1,84.3,8.868,8.761058823529412
1,84.31,8.832,8.75643137254902
1,84.32,8.696,8.754823529411764
1,84.33,8.728,8.75443137254902
1,84.34,8.643,8.749862745098039
1,84.35,8.587,8.747313725490198
1,84.36,8.562,8.745411764705882
1,84.37,8.509,8.745627450980392
1,84.38,8.576,8.744019607843137
1,84.39,8.617,8.740078431372549
1,84.4,8.64,8.73978431372549
1,84.41,8.695,8.736921568627452
1,84.42,8.781,8.730058823529411
1,84.43,8.697,8.722823529411766
1,84.44,8.704,8.711098039215686
1,84.45,8.746,8.705725490196079
1,84.46,8.763,8.705372549019609
1,84.47,8.855,8.704529411764705
1,84.48,8.943,8.70264705882353
1,84.49,8.768,8.700999999999999
1,84.5,8.677,8.702411764705882
1,84.51,8.729,8.702294117647059
1,84.52,8.75,8.70021568627451
1,84.53,8.679,8.699156862745097
1,84.54,8.587,8.697588235294118
1,84.55,8.868,8.692470588235294
1,84.56,8.884,8.689137254901961
1,84.57,8.927,8.687490196078432
1,84.58,8.853,8.688058823529412
1,84.59,8.714,8.688705882352942
1,84.6,8.751,8.691058823529412
1,84.61,8.822,8.69435294117647
1,84.62,8.807,8.701823529411765
1,84.63,8.737,8.70943137254902
1,84.64,8.747,8.716901960784314
1,84.65,8.848,8.722588235294117
1,84.66,8.665,8.727607843137255
1,84.67,8.528,8.731274509803923
1,84.68,8.419,8.734137254901961
1,84.69,8.412,8.738470588235295
1,84.7,8.536,8.738960784313726
1,84.71,8.686,8.738588235294118
1,84.72,8.564,8.739764705882353
1,84.73,8.692,8.741196078431374
1,84.74,8.62,8.743196078431373
1,84.75,8.757,8.747392156862745
1,84.76,8.615,8.753196078431372
1,84.77,8.492,8.759882352941176
1,84.78,8.641,8.76472549019608
1,84.79,8.599,8.768333333333333
1,84.8,8.5,8.773843137254902
1,84.81,8.698,8.778333333333332
1,84.82,8.748,8.782039215686273
1,84.83,8.725,8.785
1,84.84,8.761,8.787058823529412
1,84.85,8.763,8.792960784313726
1,84.86,8.755,8.798470588235295
1,84.87,8.943,8.803137254901962
1,84.88,8.897,8.810117647058824
1,84.89,8.957,8.816039215686274
1,84.9,8.907,8.822647058823529
1,84.91,8.896,8.82749019607843
1,84.92,8.882,8.835862745098039
1,84.93,8.927,8.84770588235294
1,84.94,8.918,8.85835294117647
1,84.95,8.729,8.86837254901961
1,84.96,8.727,8.87686274509804
1,84.97,8.823,8.882372549019607
1,84.98,8.928,8.890490196078431
1,84.99,9.045,8.892274509803922
1,85.0,8.982,8.892686274509805
1,85.01,8.973,8.891764705882354
1,85.02,9.07,8.893627450980391
1,85.03,8.997,8.899333333333335
1,85.04,8.863,8.902000000000001
1,85.05,8.868,8.905686274509804
1,85.06,9.097,8.91043137254902
1,85.07,9.073,8.91364705882353
1,85.08,9.078,8.916882352941176
1,85.09,8.958,8.919862745098039
1,85.1,9.015,8.920019607843138
1,85.11,9.032,8.919372549019608
1,85.12,9.06,8.922823529411765
1,85.13,9.163,8.919705882352941
1,85.14,9.039,8.918960784313725
1,85.15,9.084,8.917196078431372
1,85.16,9.095,8.917588235294119
1,85.17,9.092,8.917196078431372
1,85.18,9.132,8.920823529411765
1,85.19,8.962,8.922627450980391
1,85.2,8.923,8.92362745098039
1,85.21,8.969,8.927352941176471
1,85.22,8.967,8.93450980392157
1,85.23,8.978,8.939901960784313
1,85.24,8.783,8.945411764705883
1,85.25,8.641,8.946960784313726
1,85.26,8.71,8.949725490196078
1,85.27,8.71,8.950549019607843
1,85.28,8.783,8.949823529411765
1,85.29,8.777,8.952176470588235
1,85.3,8.787,8.95543137254902
1,85.31,8.742,8.95843137254902
1,85.32,8.862,8.958549019607844
1,85.33,8.913,8.956745098039216
1,85.34,8.877,8.952372549019607
1,85.35,8.769,8.951490196078431
1,85.36,8.73,8.949117647058824
1,85.37,8.931,8.944901960784314
1,85.38,8.784,8.939235294117648
1,85.39,8.859,8.931725490196078
1,85.4,8.867,8.928803921568628
1,85.41,8.927,8.926313725490196
1,85.42,8.876,8.921333333333333
1,85.43,9.067,8.917960784313726
1,85.44,9.019,8.916627450980393
1,85.45,8.969,8.915274509803922
1,85.46,8.919,8.915862745098039
1,85.47,9.092,8.914235294117647
1,85.48,9.098,8.913725490196079
1,85.49,9.209,8.91313725490196
1,85.5,9.124,8.916764705882352
1,85.51,9.123,8.920235294117647
1,85.52,9.015,8.925019607843137
1,85.53,9.033,8.929470588235295
1,85.54,9.117,8.933725490196078
1,85.55,9.029,8.932411764705883
1,85.56,9.021,8.930666666666667
1,85.57,9.103,8.930156862745099
1,85.58,8.981,8.928196078431371
1,85.59,8.855,8.925235294117646
1,85.6,8.913,8.922098039215687
1,85.61,8.894,8.91594117647059
1,85.62,8.817,8.910901960784313
1,85.63,8.771,8.902549019607843
1,85.64,8.78,8.897117647058824
1,85.65,8.89,8.888764705882354
1,85.66,8.957,8.881450980392158
1,85.67,8.841,8.872176470588235
1,85.68,8.92,8.863549019607845
1,85.69,9.064,8.853666666666667
1,85.7,8.893,8.846235294117648
1,85.71,8.953,8.840137254901961
1,85.72,8.886,8.835490196078432
1,85.73,8.941,8.826196078431373
1,85.74,8.948,8.81592156862745
1,85.75,8.968,8.801803921568627
1,85.76,8.818,8.793960784313725
1,85.77,8.954,8.785686274509805
1,85.78,8.937,8.782235294117648
1,85.79,9.0,8.779313725490196
1,85.8,8.71,8.77264705882353
1,85.81,8.698,8.771235294117648
1,85.82,8.716,8.773725490196078
1,85.83,8.762,8.774254901960784
1,85.84,8.762,8.775450980392156
1,85.85,8.717,8.779450980392157
1,85.86,8.455,8.782745098039216
1,85.87,8.473,8.789058823529412
1,85.88,8.505,8.794235294117648
1,85.89,8.507,8.80013725490196
1,85.9,8.433,8.809117647058825
1,85.91,8.494,8.81413725490196
1,85.92,8.454,8.819509803921568
1,85.93,8.436,8.82586274509804
1,85.94,8.563,8.832764705882353
1,85.95,8.64,8.839039215686274
1,85.96,8.658,8.846588235294119
1,85.97,8.682,8.854490196078432
1,85.98,8.618,8.862235294117648
1,85.99,8.574,8.871313725490197
1,86.0,8.489,8.881568627450982
1,86.01,8.724,8.888666666666667
1,86.02,8.701,8.897725490196079
1,86.03,8.839,8.90521568627451
1,86.04,8.884,8.908098039215686
1,86.05,8.777,8.910705882352941
1,86.06,8.957,8.920882352941177
1,86.07,9.148,8.932235294117646
1,86.08,9.13,8.945450980392158
1,86.09,9.042,8.958313725490196
1,86.1,9.059,8.967745098039217
1,86.11,9.081,8.981333333333334
1,86.12,9.216,9.001823529411766
1,86.13,9.081,9.023588235294117
1,86.14,9.072,9.040058823529412
1,86.15,9.238,9.057176470588235
1,86.16,9.146,9.075686274509804
1,86.17,9.231,9.090960784313726
1,86.18,9.165,9.108764705882354
1,86.19,9.272,9.123529411764705
1,86.2,9.384,9.138843137254902
1,86.21,9.278,9.151627450980392
1,86.22,9.356,9.162627450980391
1,86.23,9.281,9.175254901960784
1,86.24,9.404,9.191862745098039
1,86.25,9.471,9.208411764705883
1,86.26,9.33,9.225333333333333
1,86.27,9.28,9.235960784313725
1,86.28,9.336,9.250823529411765
1,86.29,9.084,9.26235294117647
1,86.3,9.133,9.272117647058824
1,86.31,9.229,9.288882352941176
1,86.32,9.277,9.302137254901961
1,86.33,9.39,9.31278431372549
1,86.34,9.418,9.323470588235294
1,86.35,9.243,9.336549019607842
1,86.36,9.41,9.349843137254902
1,86.37,9.5,9.36643137254902
1,86.38,9.583,9.379745098039216
1,86.39,9.345,9.395470588235293
1,86.4,9.38,9.410862745098038
1,86.41,9.377,9.421098039215686
1,86.42,9.273,9.432705882352941
1,86.43,9.362,9.442509803921569
1,86.44,9.189,9.454431372549019
1,86.45,9.344,9.46421568627451
1,86.46,9.292,9.47456862745098
1,86.47,9.219,9.486450980392156
1,86.48,9.326,9.496431372549019
1,86.49,9.465,9.510196078431372
1,86.5,9.418,9.518882352941176
1,86.51,9.352,9.527254901960784
1,86.52,9.266,9.538588235294117
1,86.53,9.459,9.550764705882353
1,86.54,9.427,9.56156862745098
1,86.55,9.382,9.581196078431374
1,86.56,9.632,9.60113725490196
1,86.57,9.633,9.61792156862745
1,86.58,9.691,9.635823529411764
1,86.59,9.675,9.652843137254902
1,86.6,9.709,9.672666666666666
1,86.61,9.737,9.696039215686275
1,86.62,9.927,9.714764705882352
1,86.63,9.895,9.731372549019607
1,86.64,9.883,9.747019607843137
1,86.65,9.857,9.770725490196078
1,86.66,9.76,9.79570588235294
1,86.67,9.738,9.821627450980392
1,86.68,9.731,9.853392156862746
1,86.69,9.773,9.882627450980392
1,86.7,9.771,9.911294117647058
1,86.71,9.912,9.939921568627451
1,86.72,9.884,9.969745098039215
1,86.73,9.865,10.000450980392158
1,86.74,9.983,10.03064705882353
1,86.75,9.847,10.053666666666667
1,86.76,9.898,10.076313725490197
1,86.77,9.908,10.100039215686275
1,86.78,9.901,10.122980392156864
1,86.79,9.887,10.142470588235293
1,86.8,10.085,10.15835294117647
1,86.81,10.15,10.176254901960784
1,86.82,10.085,10.189980392156864
1,86.83,10.19,10.204019607843136
1,86.84,10.258,10.218607843137255
1,86.85,10.429,10.236431372549019
1,86.86,10.435,10.251686274509803
1,86.87,10.365,10.267980392156863
1,86.88,10.347,10.284803921568628
1,86.89,10.381,10.303058823529412
1,86.9,10.554,10.324039215686275
1,86.91,10.654,10.34464705882353
1,86.92,10.699,10.365235294117646
1,86.93,10.893,10.385411764705884
1,86.94,10.853,10.406352941176472
1,86.95,10.651,10.426705882352943
1,86.96,10.804,10.445588235294117
1,86.97,10.813,10.461764705882354
1,86.98,10.785,10.478980392156863
1,86.99,10.866,10.497549019607844
1,87.0,10.639,10.511137254901962
1,87.01,10.573,10.528019607843136
1,87.02,10.562,10.543274509803922
1,87.03,10.436,10.55964705882353
1,87.04,10.453,10.578235294117647
1,87.05,10.237,10.5951568627451
1,87.06,10.295,10.608313725490197
1,87.07,10.332,10.618
1,87.08,10.349,10.633274509803922
1,87.09,10.435,10.644333333333334
1,87.1,10.584,10.650176470588235
1,87.11,10.487,10.655882352941177
1,87.12,10.568,10.66364705882353
1,87.13,10.785,10.67362745098039
1,87.14,10.826,10.68413725490196
1,87.15,10.953,10.693098039215686
1,87.16,10.908,10.702627450980394
1,87.17,10.81,10.707313725490195
1,87.18,10.767,10.71078431372549
1,87.19,10.799,10.708450980392158
1,87.2,10.811,10.707529411764705
1,87.21,10.734,10.71272549019608
1,87.22,10.737,10.712941176470588
1,87.23,10.762,10.71249019607843
1,87.24,10.812,10.714372549019608
1,87.25,10.676,10.710588235294118
1,87.26,10.708,10.707274509803922
1,87.27,10.676,10.706117647058823
1,87.28,10.743,10.702431372549018
1,87.29,10.849,10.706235294117645
1,87.3,10.75,10.715509803921568
1,87.31,10.756,10.730549019607844
1,87.32,10.644,10.74766666666667
1,87.33,10.864,10.761254901960783
1,87.34,10.754,10.773294117647058
1,87.35,10.556,10.782019607843136
1,87.36,10.72,10.787372549019606
1,87.37,10.831,10.797882352941176
1,87.38,10.874,10.79727450980392
1,87.39,10.883,10.788843137254903
1,87.4,10.838,10.781568627450978
1,87.41,11.04,10.774392156862746
1,87.42,10.893,10.763450980392156
1,87.43,10.876,10.757058823529412
1,87.44,10.774,10.75
1,87.45,10.806,10.744450980392157
1,87.46,10.916,10.740666666666666
1,87.47,10.815,10.742117647058825
1,87.48,10.79,10.74727450980392
1,87.49,10.881,10.750078431372549
1,87.5,10.673,10.752627450980393
1,87.51,10.47,10.756019607843136
1,87.52,10.514,10.761078431372548
1,87.53,10.374,10.773764705882353
1,87.54,10.63,10.785647058823528
1,87.55,10.926,10.796803921568626
1,87.56,11.004,10.80921568627451
1,87.57,11.168,10.818392156862744
1,87.58,11.025,10.824019607843137
1,87.59,10.963,10.825509803921568
1,87.6,10.88,10.827137254901963
1,87.61,10.857,10.830333333333334
1,87.62,11.023,10.828235294117647
1,87.63,10.537,10.821313725490194
1,87.64,10.355,10.81343137254902
1,87.65,10.455,10.807686274509804
1,87.66,10.587,10.799529411764707
1,87.67,10.35,10.79205882352941
1,87.68,10.484,10.788235294117648
1,87.69,10.407,10.781980392156862
1,87.7,10.516,10.779647058823528
1,87.71,10.618,10.77735294117647
1,87.72,10.808,10.773509803921568
1,87.73,11.0,10.772392156862747
1,87.74,10.905,10.771313725490195
1,87.75,10.942,10.766
1,87.76,10.849,10.768254901960782
1,87.77,10.966,10.777294117647058
1,87.78,11.323,10.788313725490198
1,87.79,11.349,10.803392156862747
1,87.8,11.418,10.811254901960785
1,87.81,11.383,10.81735294117647
1,87.82,11.224,10.82278431372549
1,87.83,10.931,10.823254901960784
1,87.84,10.94,10.826705882352941
1,87.85,10.837,10.831745098039216
1,87.86,10.719,10.83164705882353
1,87.87,10.613,10.831470588235296
1,87.88,10.478,10.833490196078433
1,87.89,10.472,10.847156862745098
1,87.9,10.59,10.863313725490196
1,87.91,10.422,10.87250980392157
1,87.92,10.659,10.87878431372549
1,87.93,10.698,10.88735294117647
1,87.94,10.557,10.894333333333334
1,87.95,10.655,10.90162745098039
1,87.96,10.689,10.906215686274509
1,87.97,10.72,10.914509803921568
1,87.98,10.758,10.919098039215685
1,87.99,10.735,10.916450980392156
1,88.0,10.61,10.92135294117647
1,88.01,10.788,10.925666666666666
1,88.02,10.931,10.927666666666667
1,88.03,11.076,10.925411764705883
1,88.04,11.143,10.919
1,88.05,11.031,10.915039215686274
1,88.06,11.237,10.905882352941177
1,88.07,11.281,10.896862745098039
1,88.08,11.192,10.89250980392157
1,88.09,11.201,10.894392156862745
1,88.1,11.22,10.895078431372548
1,88.11,10.875,10.901117647058824
1,88.12,10.848,10.908039215686276
1,88.13,11.126,10.9178431372549
1,88.14,11.234,10.931333333333335
1,88.15,11.179,10.949137254901961
1,88.16,10.924,10.969705882352942
1,88.17,10.907,10.994666666666665
1,88.18,10.787,11.017098039215686
1,88.19,10.84,11.038686274509804
1,88.2,10.779,11.068627450980392
1,88.21,10.75,11.094941176470588
1,88.22,11.041,11.121039215686274
1,88.23,11.042,11.144470588235295
1,88.24,10.865,11.16670588235294
1,88.25,11.155,11.19107843137255
1,88.26,11.162,11.21692156862745
1,88.27,10.951,11.243980392156864
1,88.28,10.851,11.266431372549018
1,88.29,10.996,11.289000000000001
1,88.3,11.147,11.309254901960783
1,88.31,10.951,11.330294117647059
1,88.32,10.923,11.345960784313725
1,88.33,11.002,11.358549019607842
1,88.34,11.027,11.375
1,88.35,10.975,11.395098039215686
1,88.36,11.145,11.41835294117647
1,88.37,11.072,11.442431372549022
1,88.38,11.113,11.469176470588236
1,88.39,11.166,11.48894117647059
1,88.4,11.38,11.504470588235293
1,88.41,11.639,11.523333333333332
1,88.42,11.695,11.55078431372549
1,88.43,11.803,11.57335294117647
1,88.44,11.799,11.59529411764706
1,88.45,12.084,11.61521568627451
1,88.46,11.997,11.635450980392157
1,88.47,12.02,11.653725490196079
1,88.48,11.915,11.66656862745098
1,88.49,11.892,11.67794117647059
1,88.5,11.978,11.697372549019608
1,88.51,11.928,11.713019607843135
1,88.52,12.168,11.73170588235294
1,88.53,12.076,11.75864705882353
1,88.54,12.227,11.790490196078432
1,88.55,12.176,11.822372549019608
1,88.56,12.104,11.84886274509804
1,88.57,12.036,11.87762745098039
1,88.58,11.923,11.909941176470587
1,88.59,12.031,11.938450980392156
1,88.6,12.226,11.972764705882353
1,88.61,12.406,12.004215686274511
1,88.62,12.103,12.035509803921567
1,88.63,12.212,12.068901960784311
1,88.64,12.134,12.104705882352942
1,88.65,12.026,12.137862745098039
1,88.66,12.141,12.170470588235293
1,88.67,12.324,12.197235294117647
1,88.68,12.058,12.226470588235292
1,88.69,11.906,12.253411764705882
1,88.7,11.856,12.277039215686274
1,88.71,11.811,12.298490196078431
1,88.72,11.682,12.320058823529411
1,88.73,11.696,12.342529411764707
1,88.74,11.622,12.365333333333332
1,88.75,11.856,12.383254901960786
1,88.76,11.953,12.401941176470586
1,88.77,12.115,12.418431372549017
1,88.78,12.325,12.424686274509805
1,88.79,12.475,12.431392156862747
1,88.8,12.622,12.435686274509802
1,88.81,12.498,12.4421568627451
1,88.82,12.418,12.450490196078432
1,88.83,12.571,12.463156862745098
1,88.84,12.456,12.47750980392157
1,88.85,12.777,12.488019607843137
1,88.86,12.579,12.495509803921568
1,88.87,12.741,12.496529411764705
1,88.88,12.775,12.501509803921568
1,88.89,12.939,12.504372549019607
1,88.9,12.857,12.508372549019606
1,88.91,13.043,12.51735294117647
1,88.92,13.004,12.520901960784315
1,88.93,13.186,12.51621568627451
1,88.94,13.177,12.515980392156862
1,88.95,13.004,12.518980392156864
1,88.96,13.178,12.52856862745098
1,88.97,13.097,12.542901960784313
1,88.98,13.166,12.560588235294116
1,88.99,13.078,12.579686274509804
1,89.0,12.806,12.599019607843136
1,89.01,12.931,12.606686274509805
1,89.02,12.769,12.610431372549021
1,89.03,12.487,12.606509803921568
1,89.04,12.418,12.595176470588234
1,89.05,12.446,12.579607843137254
1,89.06,12.506,12.560764705882352
1,89.07,12.529,12.544078431372547
1,89.08,12.682,12.524352941176472
1,89.09,12.655,12.499294117647059
1,89.1,12.567,12.477019607843136
1,89.11,12.608,12.445156862745097
1,89.12,12.458,12.416058823529413
1,89.13,12.357,12.376470588235295
1,89.14,12.358,12.338313725490197
1,89.15,12.338,12.293509803921568
1,89.16,12.484,12.251803921568627
1,89.17,12.322,12.206392156862744
1,89.18,12.085,12.161392156862744
1,89.19,12.046,12.113823529411766
1,89.2,12.059,12.064686274509803
1,89.21,12.345,12.02256862745098
1,89.22,12.542,11.972823529411766
1,89.23,12.584,11.927372549019609
1,89.24,12.67,11.88056862745098
1,89.25,12.608,11.83943137254902
1,89.26,12.247,11.805470588235293
1,89.27,12.144,11.764176470588236
1,89.28,11.915,11.72750980392157
1,89.29,11.747,11.699078431372547
1,89.3,11.681,11.670999999999998
1,89.31,11.661,11.64123529411765
1,89.32,11.647,11.609843137254902
1,89.33,11.412,11.57564705882353
1,89.34,11.293,11.536960784313726
1,89.35,11.32,11.500294117647059
1,89.36,11.152,11.463901960784314
1,89.37,11.095,11.430686274509805
1,89.38,10.722,11.396137254901962
1,89.39,10.829,11.36198039215686
1,89.4,10.654,11.329
1,89.41,10.73,11.296137254901963
1,89.42,10.727,11.263411764705882
1,89.43,10.709,11.23421568627451
1,89.44,10.76,11.214745098039216
1,89.45,10.671,11.198627450980393
1,89.46,10.856,11.180549019607843
1,89.47,10.641,11.156764705882352
1,89.48,10.779,11.134137254901962
1,89.49,10.779,11.112588235294119
1,89.5,10.98,11.092901960784312
1,89.51,11.074,11.074588235294119
1,89.52,10.825,11.061078431372549
1,89.53,10.899,11.055392156862744
1,89.54,11.037,11.04986274509804
1,89.55,10.986,11.047470588235296
1,89.56,10.928,11.046313725490196
1,89.57,10.905,11.043490196078432
1,89.58,10.785,11.03935294117647
1,89.59,10.709,11.036745098039216
1,89.6,10.785,11.035019607843136
1,89.61,10.711,11.033470588235295
1,89.62,10.914,11.032764705882352
1,89.63,10.696,11.033450980392155
1,89.64,10.615,11.039019607843137
1,89.65,10.676,11.047392156862745
1,89.66,10.662,11.059176470588236
1,89.67,10.815,11.069039215686274
1,89.68,10.833,11.07929411764706
1,89.69,11.092,11.088372549019606
1,89.7,11.224,11.09892156862745
1,89.71,11.137,11.1151568627451
1,89.72,11.132,11.129843137254904
1,89.73,11.388,11.148921568627452
1,89.74,11.485,11.168058823529412
1,89.75,11.666,11.187588235294118
1,89.76,11.674,11.204176470588235
1,89.77,11.558,11.214352941176472
1,89.78,11.854,11.230411764705883
1,89.79,11.633,11.24756862745098
1,89.8,11.625,11.260470588235297
1,89.81,11.622,11.279627450980394
1,89.82,11.517,11.306254901960783
1,89.83,11.436,11.330705882352941
1,89.84,11.279,11.359588235294119
1,89.85,11.205,11.392882352941177
1,89.86,11.241,11.425431372549019
1,89.87,11.116,11.463196078431372
1,89.88,11.13,11.499666666666666
1,89.89,11.006,11.541117647058822
1,89.9,11.256,11.585666666666667
1,89.91,11.255,11.626647058823531
1,89.92,11.233,11.66849019607843
1,89.93,11.25,11.709352941176471
1,89.94,11.172,11.74943137254902
1,89.95,11.298,11.787235294117647
1,89.96,11.499,11.819117647058823
1,89.97,11.605,11.849882352941176
1,89.98,11.614,11.8811568627451
1,89.99,11.755,11.910725490196079
1,90.0,11.775,11.94043137254902
1,90.01,11.826,11.962470588235295
1,90.02,11.593,11.980509803921569
1,90.03,11.644,12.000882352941176
1,90.04,11.774,12.017980392156863
1,90.05,11.695,12.044666666666666
1,90.06,11.963,12.072000000000001
1,90.07,12.286,12.103392156862746
1,90.08,12.152,12.13449019607843
1,90.09,12.258,12.163117647058826
1,90.1,12.407,12.195607843137255
1,90.11,12.445,12.231764705882354
1,90.12,12.637,12.267176470588238
1,90.13,12.774,12.309764705882353
1,90.14,12.81,12.354882352941177
1,90.15,12.887,12.402725490196078
1,90.16,12.766,12.443039215686275
1,90.17,12.796,12.480686274509804
1,90.18,12.899,12.519372549019609
1,90.19,12.877,12.552470588235295
1,90.2,13.02,12.587588235294117
1,90.21,12.85,12.619352941176471
1,90.22,12.706,12.645117647058823
1,90.23,12.727,12.671823529411766
1,90.24,12.896,12.694235294117647
1,90.25,13.0,12.717294117647059
1,90.26,12.79,12.74
1,90.27,12.594,12.75805882352941
1,90.28,12.597,12.779372549019609
1,90.29,12.726,12.804058823529411
1,90.3,12.994,12.824960784313726
1,90.31,13.019,12.851098039215685
1,90.32,13.223,12.870960784313725
1,90.33,13.103,12.881901960784313
1,90.34,12.896,12.898196078431372
1,90.35,12.936,12.908764705882353
1,90.36,13.049,12.9191568627451
1,90.37,13.047,12.936039215686273
1,90.38,13.288,12.953019607843139
1,90.39,13.431,12.972235294117649
1,90.4,13.446,12.992745098039215
1,90.41,13.312,13.00921568627451
1,90.42,13.175,13.030843137254902
1,90.43,13.206,13.054980392156862
1,90.44,12.938,13.078568627450982
1,90.45,12.963,13.10019607843137
1,90.46,12.918,13.118882352941176
1,90.47,12.813,13.14121568627451
1,90.48,12.967,13.164803921568629
1,90.49,12.757,13.190294117647058
1,90.5,12.931,13.213078431372548
1,90.51,12.933,13.234490196078431
1,90.52,12.747,13.26221568627451
1,90.53,12.68,13.293313725490195
1,90.54,12.903,13.324411764705882
1,90.55,12.84,13.355019607843138
1,90.56,13.028,13.380411764705881
1,90.57,12.976,13.402470588235293
1,90.58,12.844,13.417117647058824
1,90.59,12.983,13.43394117647059
1,90.6,12.797,13.449803921568627
1,90.61,12.937,13.46505882352941
1,90.62,13.306,13.477843137254903
1,90.63,13.503,13.488999999999999
1,90.64,13.754,13.494058823529413
1,90.65,13.856,13.496294117647059
1,90.66,13.727,13.497352941176471
1,90.67,13.869,13.499313725490195
1,90.68,14.027,13.505549019607843
1,90.69,14.102,13.50450980392157
1,90.7,13.98,13.511960784313725
1,90.71,13.973,13.520725490196078
1,90.72,13.989,13.530725490196078
1,90.73,13.909,13.544784313725492
1,90.74,14.027,13.554529411764705
1,90.75,14.058,13.567941176470589
1,90.76,14.092,13.57956862745098
1,90.77,14.204,13.595588235294118
1,90.78,14.18,13.617901960784314
1,90.79,14.183,13.641607843137255
1,90.8,14.287,13.662078431372551
1,90.81,14.289,13.688941176470587
1,90.82,14.144,13.716764705882351
1,90.83,13.97,13.746901960784314
1,90.84,13.961,13.78043137254902
1,90.85,13.705,13.810803921568628
1,90.86,13.714,13.842549019607844
1,90.87,13.701,13.873588235294118
1,90.88,13.616,13.901686274509803
1,90.89,13.546,13.925647058823529
1,90.9,13.545,13.93770588235294
1,90.91,13.5,13.94613725490196
1,90.92,13.412,13.95464705882353
1,90.93,13.493,13.964392156862745
1,90.94,13.153,13.970764705882353
1,90.95,13.318,13.973058823529412
1,90.96,13.41,13.980313725490198
1,90.97,13.428,13.990686274509804
1,90.98,13.53,14.001529411764707
1,90.99,13.464,14.013588235294117
1,91.0,13.441,14.026411764705882
1,91.01,13.524,14.032745098039218
1,91.02,13.75,14.038901960784315
1,91.03,13.885,14.045607843137255
1,91.04,13.889,14.056117647058825
1,91.05,13.947,14.06850980392157
1,91.06,14.21,14.078901960784314
1,91.07,14.447,14.08770588235294
1,91.08,14.513,14.097098039215686
1,91.09,14.554,14.110686274509803
1,91.1,14.532,14.121294117647057
1,91.11,14.416,14.142470588235296
1,91.12,14.52,14.161941176470588
1,91.13,14.739,14.183705882352939
1,91.14,14.725,14.209235294117645
1,91.15,14.369,14.235960784313725
1,91.16,14.286,14.259411764705883
1,91.17,14.161,14.278980392156862
1,91.18,14.366,14.29778431372549
1,91.19,14.352,14.315627450980392
1,91.2,14.219,14.344117647058823
1,91.21,14.35,14.36450980392157
1,91.22,14.502,14.385529411764706
1,91.23,14.542,14.403882352941178
1,91.24,14.524,14.418039215686273
1,91.25,14.681,14.432705882352941
1,91.26,14.381,14.451470588235294
1,91.27,14.406,14.471862745098038
1,91.28,14.546,14.486254901960784
1,91.29,14.716,14.493725490196077
1,91.3,14.815,14.498117647058823
1,91.31,14.817,14.502588235294116
1,91.32,14.738,14.500803921568629
1,91.33,14.623,14.495176470588236
1,91.34,14.663,14.486431372549019
1,91.35,14.502,14.474529411764706
1,91.36,14.785,14.465568627450981
1,91.37,14.707,14.454019607843136
1,91.38,14.811,14.439941176470589
1,91.39,14.918,14.417901960784313
1,91.4,14.909,14.402372549019606
1,91.41,14.741,14.390862745098039
1,91.42,14.498,14.378745098039216
1,91.43,14.371,14.370156862745096
1,91.44,14.403,14.359098039215686
1,91.45,14.606,14.353098039215688
1,91.46,14.358,14.352803921568626
1,91.47,14.482,14.349098039215686
1,91.48,14.364,14.342215686274509
1,91.49,14.252,14.334901960784313
1,91.5,14.212,14.328588235294117
1,91.51,14.398,14.318313725490198
1,91.52,14.564,14.318176470588234
1,91.53,14.484,14.315882352941177
1,91.54,14.266,14.311686274509803
1,91.55,14.113,14.305745098039216
1,91.56,14.175,14.291960784313725
1,91.57,14.119,14.280686274509804
1,91.58,14.16,14.26741176470588
1,91.59,14.067,14.254627450980392
1,91.6,13.947,14.239137254901962
1,91.61,14.075,14.226882352941177
1,91.62,13.827,14.215254901960783
1,91.63,13.802,14.205705882352941
1,91.64,13.615,14.19643137254902
1,91.65,13.933,14.183686274509805
1,91.66,13.782,14.16770588235294
1,91.67,13.668,14.1518431372549
1,91.68,13.723,14.142098039215687
1,91.69,13.802,14.136431372549021
1,91.7,14.046,14.127117647058824
1,91.71,14.204,14.11007843137255
1,91.72,14.161,14.096960784313724
1,91.73,14.151,14.083980392156864
1,91.74,14.169,14.073725490196079
1,91.75,14.202,14.067745098039216
1,91.76,14.157,14.061215686274512
1,91.77,14.374,14.04850980392157
1,91.78,14.289,14.033235294117649
1,91.79,14.332,14.023372549019609
1,91.8,14.413,14.020372549019607
1,91.81,14.112,14.01507843137255
1,91.82,14.242,14.011411764705882
1,91.83,14.061,14.00921568627451
1,91.84,13.971,14.011333333333333
1,91.85,13.873,14.01105882352941
1,91.86,13.877,14.016411764705882
1,91.87,14.192,14.017705882352942
1,91.88,14.22,14.026666666666667
1,91.89,14.338,14.03841176470588
1,91.9,14.268,14.05543137254902
1,91.91,14.094,14.066705882352942
1,91.92,13.932,14.075039215686274
1,91.93,14.001,14.090529411764706
1,91.94,14.082,14.108078431372551
1,91.95,13.928,14.122745098039216
1,91.96,13.737,14.129823529411764
1,91.97,13.689,14.12994117647059
1,91.98,13.82,14.129764705882351
1,91.99,13.841,14.127490196078433
1,92.0,13.947,14.126823529411766
1,92.01,13.879,14.124549019607844
1,92.02,13.75,14.123196078431373
1,92.03,13.785,14.115490196078431
1,92.04,13.981,14.111960784313727
1,92.05,14.113,14.105764705882352
1,92.06,13.843,14.103156862745097
1,92.07,13.988,14.103352941176473
1,92.08,14.007,14.100254901960783
1,92.09,14.268,14.098490196078432
1,92.1,14.053,14.098274509803923
1,92.11,14.22,14.095980392156862
1,92.12,14.141,14.09513725490196
1,92.13,14.284,14.086039215686275
1,92.14,14.401,14.07813725490196
1,92.15,14.483,14.072862745098039
1,92.16,14.508,14.067019607843138
1,92.17,14.207,14.061215686274512
1,92.18,14.458,14.053156862745098
1,92.19,14.618,14.0428431372549
1,92.2,14.55,14.026901960784313
1,92.21,14.407,14.013176470588233
1,92.22,14.21,14.001725490196078
1,92.23,14.152,13.990764705882352
1,92.24,14.035,13.984882352941176
1,92.25,14.135,13.973882352941176
1,92.26,14.086,13.959392156862744
1,92.27,14.088,13.951313725490195
1,92.28,13.981,13.944333333333333
1,92.29,14.109,13.939098039215686
1,92.3,14.016,13.926901960784312
1,92.31,14.28,13.916235294117648
1,92.32,14.122,13.903392156862745
1,92.33,14.084,13.892235294117647
1,92.34,13.971,13.872980392156862
1,92.35,13.96,13.853960784313726
1,92.36,13.756,13.8391568627451
1,92.37,13.834,13.82337254901961
1,92.38,13.728,13.808843137254902
1,92.39,13.817,13.794666666666664
1,92.4,14.069,13.78013725490196
1,92.41,13.97,13.771549019607844
1,92.42,13.798,13.759294117647059
1,92.43,13.521,13.747058823529413
1,92.44,13.475,13.734823529411766
1,92.45,13.269,13.71950980392157
1,92.46,13.228,13.707450980392158
1,92.47,13.153,13.701941176470587
1,92.48,13.13,13.69613725490196
1,92.49,13.52,13.689607843137257
1,92.5,13.28,13.684098039215687
1,92.51,13.208,13.675588235294116
1,92.52,13.467,13.666431372549019
1,92.53,13.394,13.655666666666667
1,92.54,13.518,13.648549019607843
1,92.55,13.359,13.635745098039216
1,92.56,13.569,13.632529411764706
1,92.57,13.188,13.621627450980391
1,92.58,13.419,13.611156862745098
1,92.59,13.025,13.60670588235294
1,92.6,13.298,13.60564705882353
1,92.61,13.298,13.606254901960783
1,92.62,13.415,13.613549019607841
1,92.63,13.4,13.618901960784315
1,92.64,13.561,13.622392156862745
1,92.65,13.66,13.624156862745098
1,92.66,14.045,13.622960784313728
1,92.67,13.883,13.621372549019606
1,92.68,13.583,13.623470588235294
1,92.69,13.834,13.63107843137255
1,92.7,13.837,13.635
1,92.71,13.935,13.645862745098038
1,92.72,14.126,13.661058823529412
1,92.73,13.914,13.680764705882353
1,92.74,13.819,13.697705882352944
1,92.75,13.754,13.70701960784314
1,92.76,13.701,13.722843137254902
1,92.77,13.619,13.742215686274509
1,92.78,13.539,13.756117647058824
1,92.79,13.618,13.773901960784315
1,92.8,13.456,13.790784313725489
1,92.81,13.852,13.811117647058825
1,92.82,13.724,13.83121568627451
1,92.83,13.588,13.858411764705883
1,92.84,13.857,13.881588235294117
1,92.85,13.917,13.91213725490196
1,92.86,13.991,13.935294117647059
1,92.87,14.128,13.958039215686275
1,92.88,14.107,13.979176470588236
1,92.89,13.906,14.002627450980393
1,92.9,13.907,14.023803921568629
1,92.91,14.008,14.046411764705882
1,92.92,13.889,14.066666666666666
1,92.93,13.905,14.091568627450979
1,92.94,13.909,14.123019607843137
1,92.95,13.675,14.151921568627449
1,92.96,13.823,14.18149019607843
1,92.97,14.003,14.213588235294118
1,92.98,14.158,14.24129411764706
1,92.99,13.994,14.27229411764706
1,93.0,13.995,14.30356862745098
1,93.01,14.087,14.336725490196079
1,93.02,14.196,14.373137254901962
1,93.03,14.176,14.409588235294118
1,93.04,14.301,14.445568627450982
1,93.05,14.379,14.482941176470588
1,93.06,14.396,14.521509803921568
1,93.07,14.594,14.555176470588234
1,93.08,14.575,14.587254901960785
1,93.09,14.601,14.620450980392155
1,93.1,14.583,14.650196078431373
1,93.11,14.479,14.676588235294117
1,93.12,14.458,14.699196078431372
1,93.13,14.493,14.717098039215685
1,93.14,14.596,14.741078431372548
1,93.15,14.641,14.767117647058825
1,93.16,14.813,14.793235294117645
1,93.17,15.078,14.812509803921568
1,93.18,15.153,14.83429411764706
1,93.19,15.187,14.855901960784314
1,93.2,15.308,14.877941176470587
1,93.21,15.345,14.90556862745098
1,93.22,15.572,14.930764705882353
1,93.23,15.539,14.953901960784314
1,93.24,15.495,14.979549019607843
1,93.25,15.414,15.006392156862743
1,93.26,15.445,15.026666666666666
1,93.27,15.558,15.04535294117647
1,93.28,15.478,15.063784313725492
1,93.29,15.374,15.080588235294117
1,93.3,15.524,15.09770588235294
1,93.31,15.423,15.111725490196081
1,93.32,15.569,15.130392156862746
1,93.33,15.36,15.146274509803922
1,93.34,15.281,15.159313725490197
1,93.35,15.374,15.170529411764706
1,93.36,15.263,15.18094117647059
1,93.37,15.144,15.199568627450981
1,93.38,15.041,15.213666666666668
1,93.39,15.33,15.22586274509804
1,93.4,15.234,15.235078431372548
1,93.41,15.239,15.243294117647059
1,93.42,14.991,15.252019607843136
1,93.43,15.0,15.259058823529411
1,93.44,15.007,15.265098039215687
1,93.45,15.033,15.265549019607842
1,93.46,15.084,15.26413725490196
1,93.47,15.108,15.261470588235293
1,93.48,15.183,15.254156862745099
1,93.49,15.466,15.241999999999999
1,93.5,15.363,15.233529411764705
1,93.51,15.029,15.224490196078431
1,93.52,15.04,15.213627450980391
1,93.53,15.136,15.201294117647057
1,93.54,15.033,15.19107843137255
1,93.55,15.174,15.193627450980392
1,93.56,15.094,15.200745098039215
1,93.57,15.348,15.20770588235294
1,93.58,15.404,15.210921568627452
1,93.59,15.24,15.220490196078432
1,93.6,15.173,15.229156862745098
1,93.61,15.114,15.238176470588236
1,93.62,15.429,15.25021568627451
1,93.63,15.177,15.261960784313725
1,93.64,15.115,15.279098039215688
1,93.65,15.066,15.290803921568628
1,93.66,15.06,15.299999999999999
1,93.67,15.258,15.314666666666668
1,93.68,15.437,15.326823529411765
1,93.69,15.461,15.340392156862743
1,93.7,15.21,15.35670588235294
1,93.71,15.236,15.374294117647057
1,93.72,15.209,15.394901960784315
1,93.73,15.199,15.419509803921569
1,93.74,14.919,15.441823529411765
1,93.75,15.063,15.456607843137256
1,93.76,14.953,15.473549019607844
1,93.77,14.891,15.494352941176473
1,93.78,14.929,15.519117647058824
1,93.79,14.957,15.543686274509803
1,93.8,15.504,15.576274509803921
1,93.81,15.887,15.609529411764706
1,93.82,15.778,15.64119607843137
1,93.83,15.733,15.667568627450981
1,93.84,15.848,15.689
1,93.85,15.723,15.711725490196079
1,93.86,15.834,15.741823529411764
1,93.87,15.877,15.76764705882353
1,93.88,15.743,15.78621568627451
1,93.89,15.915,15.816784313725488
1,93.9,15.927,15.845156862745098
1,93.91,15.703,15.878882352941178
1,93.92,15.987,15.914666666666667
1,93.93,15.611,15.942450980392158
1,93.94,15.692,15.963392156862746
1,93.95,15.839,15.985921568627452
1,93.96,15.93,16.01662745098039
1,93.97,16.135,16.05172549019608
1,93.98,16.363,16.084176470588236
1,93.99,16.321,16.116254901960783
1,94.0,16.22,16.15062745098039
1,94.01,16.227,16.179411764705883
1,94.02,16.09,16.206490196078434
1,94.03,16.303,16.237529411764708
1,94.04,16.389,16.268176470588237
1,94.05,16.695,16.297196078431373
1,94.06,16.87,16.31729411764706
1,94.07,16.709,16.32394117647059
1,94.08,16.693,16.331039215686275
1,94.09,16.497,16.34119607843137
1,94.1,16.399,16.354098039215685
1,94.11,16.708,16.36621568627451
1,94.12,16.431,16.378019607843136
1,94.13,16.376,16.386549019607845
1,94.14,16.736,16.397117647058824
1,94.15,16.562,16.406294117647057
1,94.16,16.786,16.4138431372549
1,94.17,16.885,16.42478431372549
1,94.18,16.675,16.428549019607846
1,94.19,16.505,16.446607843137254
1,94.2,16.61,16.46250980392157
1,94.21,16.776,16.477607843137257
1,94.22,17.026,16.494901960784315
1,94.23,16.864,16.504882352941173
1,94.24,16.835,16.514666666666667
1,94.25,16.672,16.526882352941175
1,94.26,16.531,16.543588235294116
1,94.27,16.334,16.555941176470586
1,94.28,16.474,16.571941176470588
1,94.29,16.492,16.584803921568625
1,94.3,16.437,16.60080392156863
1,94.31,16.529,16.60994117647059
1,94.32,16.226,16.61464705882353
1,94.33,16.14,16.618431372549022
1,94.34,16.251,16.62590196078431
1,94.35,16.506,16.641470588235293
1,94.36,16.341,16.66127450980392
1,94.37,16.436,16.677470588235295
1,94.38,16.312,16.695117647058822
1,94.39,16.282,16.71135294117647
1,94.4,16.383,16.728941176470588
1,94.41,16.312,16.750274509803923
1,94.42,16.261,16.76833333333333
1,94.43,16.179,16.78541176470588
1,94.44,16.532,16.805313725490198
1,94.45,16.503,16.830921568627453
1,94.46,16.609,16.85664705882353
1,94.47,16.812,16.87907843137255
1,94.48,16.644,16.89254901960784
1,94.49,16.862,16.911450980392157
1,94.5,16.944,16.929843137254903
1,94.51,17.072,16.949627450980394
1,94.52,16.857,16.976843137254903
1,94.53,16.906,17.002352941176472
1,94.54,16.959,17.023333333333333
1,94.55,17.205,17.04270588235294
1,94.56,17.161,17.063725490196077
1,94.57,17.11,17.087019607843136
1,94.58,16.902,17.115901960784313
1,94.59,17.074,17.14378431372549
1,94.6,17.291,17.165333333333333
1,94.61,17.409,17.178156862745098
1,94.62,17.534,17.1901568627451
1,94.63,17.331,17.200039215686274
1,94.64,17.204,17.217627450980395
1,94.65,17.633,17.234549019607844
1,94.66,17.65,17.249470588235294
1,94.67,17.707,17.27264705882353
1,94.68,17.756,17.295254901960785
1,94.69,17.69,17.318333333333335
1,94.7,17.811,17.331470588235295
1,94.71,17.922,17.350607843137254
1,94.72,17.92,17.368372549019607
1,94.73,17.713,17.38478431372549
1,94.74,17.828,17.40594117647059
1,94.75,17.773,17.42119607843137
1,94.76,17.681,17.43356862745098
1,94.77,17.919,17.441784313725492
1,94.78,17.635,17.452882352941177
1,94.79,17.544,17.46643137254902
1,94.8,17.48,17.479235294117647
1,94.81,17.509,17.495196078431373
1,94.82,17.717,17.51164705882353
1,94.83,17.699,17.527607843137254
1,94.84,17.562,17.547980392156862
1,94.85,17.35,17.56664705882353
1,94.86,17.16,17.58362745098039
1,94.87,16.953,17.602235294117644
1,94.88,16.94,17.61950980392157
1,94.89,17.209,17.636392156862744
1,94.9,17.145,17.655254901960785
1,94.91,17.144,17.665705882352942
1,94.92,17.494,17.676333333333336
1,94.93,17.414,17.69070588235294
1,94.94,17.356,17.703960784313725
1,94.95,17.202,17.722549019607843
1,94.96,17.479,17.738372549019605
1,94.97,17.515,17.75337254901961
1,94.98,17.649,17.76454901960784
1,94.99,17.723,17.77907843137255
1,95.0,17.64,17.789196078431374
1,95.01,17.575,17.794470588235296
1,95.02,17.491,17.80313725490196
1,95.03,17.423,17.803862745098037
1,95.04,17.597,17.813019607843135
1,95.05,17.612,17.825529411764705
1,95.06,18.019,17.83998039215686
1,95.07,18.0,17.853607843137254
1,95.08,17.924,17.86250980392157
1,95.09,17.941,17.87335294117647
1,95.1,18.026,17.88921568627451
1,95.11,18.157,17.91337254901961
1,95.12,18.358,17.94256862745098
1,95.13,18.415,17.97905882352941
1,95.14,18.192,18.01492156862745
1,95.15,18.166,18.050882352941176
1,95.16,18.166,18.086823529411763
1,95.17,18.192,18.12119607843137
1,95.18,18.44,18.15180392156863
1,95.19,18.432,18.186
1,95.2,18.638,18.224882352941176
1,95.21,18.618,18.264294117647058
1,95.22,18.687,18.29774509803922
1,95.23,18.49,18.33249019607843
1,95.24,18.454,18.36
1,95.25,18.344,18.38276470588235
1,95.26,18.042,18.405666666666665
1,95.27,18.123,18.431470588235292
1,95.28,17.956,18.45719607843137
1,95.29,18.102,18.48425490196078
1,95.3,18.182,18.511411764705883
1,95.31,18.217,18.536254901960785
1,95.32,18.204,18.559098039215687
1,95.33,18.171,18.580392156862747
1,95.34,18.252,18.60445098039216
1,95.35,18.371,18.6271568627451
1,95.36,18.582,18.645901960784315
1,95.37,18.649,18.656607843137255
1,95.38,18.814,18.66258823529412
1,95.39,18.769,18.669098039215683
1,95.4,19.043,18.685901960784314
1,95.41,18.978,18.702823529411766
1,95.42,18.897,18.715392156862745
1,95.43,19.055,18.73219607843137
1,95.44,19.158,18.74572549019608
1,95.45,19.339,18.761254901960783
1,95.46,19.212,18.77262745098039
1,95.47,19.185,18.786019607843137
1,95.48,19.287,18.796901960784314
1,95.49,19.052,18.809529411764707
1,95.5,18.884,18.81619607843137
1,95.51,18.808,18.826392156862745
1,95.52,18.891,18.841294117647056
1,95.53,18.803,18.85635294117647
1,95.54,18.803,18.878019607843136
1,95.55,18.982,18.904019607843136
1,95.56,18.879,18.92950980392157
1,95.57,19.184,18.952254901960785
1,95.58,19.086,18.97121568627451
1,95.59,19.151,18.988039215686275
1,95.6,19.099,18.99735294117647
1,95.61,18.982,19.00419607843137
1,95.62,18.703,19.010058823529413
1,95.63,18.663,19.0188431372549
1,95.64,18.747,19.022235294117646
1,95.65,19.049,19.033666666666665
1,95.66,19.029,19.04278431372549
1,95.67,18.807,19.055745098039214
1,95.68,19.049,19.07472549019608
1,95.69,19.13,19.087882352941175
1,95.7,19.224,19.09554901960784
1,95.71,19.218,19.09929411764706
1,95.72,19.301,19.110666666666667
1,95.73,19.242,19.112352941176468
1,95.74,19.134,19.115117647058824
1,95.75,18.794,19.12409803921569
1,95.76,18.864,19.141000000000002
1,95.77,18.802,19.15956862745098
1,95.78,18.891,19.17035294117647
1,95.79,19.061,19.179627450980394
1,95.8,19.428,19.193960784313727
1,95.81,19.482,19.20349019607843
1,95.82,19.377,19.213470588235293
1,95.83,19.171,19.216098039215684
1,95.84,19.029,19.2198431372549
1,95.85,18.727,19.221549019607842
1,95.86,18.72,19.225509803921568
1,95.87,18.881,19.23423529411765
1,95.88,19.097,19.249176470588235
1,95.89,18.987,19.26437254901961
1,95.9,19.352,19.284470588235294
1,95.91,19.508,19.29949019607843
1,95.92,19.639,19.30535294117647
1,95.93,19.865,19.315529411764704
1,95.94,19.726,19.319156862745096
1,95.95,19.549,19.319039215686274
1,95.96,19.53,19.31988235294118
1,95.97,19.792,19.321313725490196
1,95.98,19.271,19.317607843137253
1,95.99,19.428,19.31472549019608
1,96.0,19.51,19.310705882352938
1,96.01,19.746,19.320999999999998
1,96.02,19.755,19.333862745098042
1,96.03,19.441,19.351156862745096
1,96.04,19.276,19.364196078431373
1,96.05,19.534,19.369098039215686
1,96.06,19.468,19.37043137254902
1,96.07,19.388,19.37750980392157
1,96.08,19.318,19.38741176470588
1,96.09,19.277,19.393549019607843
1,96.1,19.238,19.399607843137254
1,96.11,19.301,19.417882352941177
1,96.12,19.427,19.441000000000003
1,96.13,19.465,19.463313725490195
1,96.14,19.438,19.484862745098038
1,96.15,19.772,19.511901960784314
1,96.16,19.815,19.529843137254904
1,96.17,19.328,19.540607843137256
1,96.18,19.326,19.54292156862745
1,96.19,19.234,19.54486274509804
1,96.2,19.124,19.546803921568625
1,96.21,19.267,19.54778431372549
1,96.22,19.291,19.551901960784313
1,96.23,19.112,19.55805882352941
1,96.24,19.095,19.576823529411765
1,96.25,18.929,19.59166666666667
1,96.26,19.319,19.60035294117647
1,96.27,19.52,19.607450980392155
1,96.28,19.684,19.613254901960783
1,96.29,19.556,19.624313725490197
1,96.3,19.311,19.641156862745095
1,96.31,19.496,19.651176470588236
1,96.32,19.843,19.655098039215687
1,96.33,19.882,19.657117647058826
1,96.34,19.484,19.661470588235293
1,96.35,19.338,19.665666666666667
1,96.36,19.659,19.671098039215686
1,96.37,19.899,19.672607843137254
1,96.38,20.019,19.671254901960783
1,96.39,20.196,19.66813725490196
1,96.4,20.366,19.66394117647059
1,96.41,20.267,19.65078431372549
1,96.42,20.057,19.636607843137256
1,96.43,19.757,19.628470588235295
1,96.44,19.964,19.623588235294118
1,96.45,19.825,19.625450980392156
1,96.46,19.599,19.626235294117645
1,96.47,19.74,19.620254901960784
1,96.48,20.106,19.622686274509807
1,96.49,20.228,19.62729411764706
1,96.5,20.185,19.635450980392157
1,96.51,19.953,19.647000000000002
1,96.52,20.108,19.651176470588233
1,96.53,20.051,19.646588235294118
1,96.54,20.005,19.641235294117646
1,96.55,20.135,19.63862745098039
1,96.56,20.045,19.638098039215688
1,96.57,19.668,19.629509803921568
1,96.58,19.491,19.612098039215685
1,96.59,19.54,19.593176470588237
1,96.6,19.491,19.58421568627451
1,96.61,19.515,19.576215686274512
1,96.62,19.378,19.56219607843137
1,96.63,19.358,19.54392156862745
1,96.64,19.306,19.526745098039218
1,96.65,19.224,19.506098039215686
1,96.66,19.101,19.484823529411766
1,96.67,19.092,19.467470588235294
1,96.68,18.913,19.45143137254902
1,96.69,19.077,19.436960784313726
1,96.7,19.329,19.419901960784312
1,96.71,19.164,19.401901960784315
1,96.72,18.962,19.393274509803923
1,96.73,19.415,19.379098039215684
1,96.74,19.347,19.355176470588237
1,96.75,19.511,19.326745098039215
1,96.76,19.518,19.299901960784315
1,96.77,19.532,19.275745098039216
1,96.78,19.286,19.25186274509804
1,96.79,19.411,19.227098039215686
1,96.8,19.423,19.20043137254902
1,96.81,19.284,19.16862745098039
1,96.82,19.058,19.13513725490196
1,96.83,18.955,19.10692156862745
1,96.84,18.917,19.07535294117647
1,96.85,19.027,19.042843137254902
1,96.86,18.93,19.014843137254903
1,96.87,18.944,18.988352941176473
1,96.88,18.967,18.968372549019605
1,96.89,19.143,18.945666666666668
1,96.9,19.143,18.923529411764708
1,96.91,19.281,18.906019607843138
1,96.92,19.382,18.89121568627451
1,96.93,19.239,18.877176470588235
1,96.94,19.019,18.865098039215685
1,96.95,19.094,18.846882352941176
1,96.96,18.907,18.815411764705882
1,96.97,19.159,18.791627450980393
1,96.98,19.017,18.776039215686275
1,96.99,18.886,18.752549019607844
1,97.0,18.778,18.728529411764704
1,97.01,18.816,18.703392156862748
1,97.02,18.721,18.679176470588235
1,97.03,18.89,18.655607843137254
1,97.04,18.788,18.63413725490196
1,97.05,18.645,18.609274509803925
1,97.06,18.513,18.58721568627451
1,97.07,18.337,18.566901960784314
1,97.08,18.229,18.554313725490196
1,97.09,17.881,18.542843137254902
1,97.1,17.882,18.530921568627452
1,97.11,18.063,18.521078431372548
1,97.12,18.164,18.510019607843137
1,97.13,18.359,18.49605882352941
1,97.14,18.2,18.480823529411765
1,97.15,18.177,18.459392156862744
1,97.16,18.331,18.433470588235295
1,97.17,18.346,18.406901960784314
1,97.18,18.376,18.377529411764705
1,97.19,18.297,18.35058823529412
1,97.2,18.148,18.330196078431374
1,97.21,17.724,18.30413725490196
1,97.22,17.951,18.276019607843136
1,97.23,18.167,18.23770588235294
1,97.24,18.217,18.201392156862745
1,97.25,18.122,18.162607843137256
1,97.26,18.229,18.12243137254902
1,97.27,18.283,18.081117647058825
1,97.28,18.33,18.038823529411765
1,97.29,18.191,17.996176470588235
1,97.3,18.143,17.954254901960784
1,97.31,18.298,17.906823529411767
1,97.32,18.248,17.861176470588234
1,97.33,18.416,17.823627450980393
1,97.34,18.37,17.78549019607843
1,97.35,18.309,17.754450980392157
1,97.36,18.525,17.72480392156863
1,97.37,18.366,17.691843137254903
1,97.38,18.232,17.659725490196077
1,97.39,18.19,17.627039215686274
1,97.4,18.05,17.600039215686273
1,97.41,17.821,17.570313725490195
1,97.42,17.926,17.53978431372549
1,97.43,17.884,17.50613725490196
1,97.44,17.865,17.468686274509803
1,97.45,17.979,17.431509803921568
1,97.46,17.765,17.401705882352942
1,97.47,17.473,17.37970588235294
1,97.48,17.205,17.347823529411762
1,97.49,17.165,17.317490196078428
1,97.5,16.908,17.29213725490196
1,97.51,16.729,17.267274509803922
1,97.52,16.709,17.236745098039215
1,97.53,16.564,17.20686274509804
1,97.54,16.715,17.176843137254902
1,97.55,16.65,17.148254901960783
1,97.56,16.226,17.122470588235295
1,97.57,16.185,17.094098039215687
1,97.58,16.422,17.064647058823528
1,97.59,16.284,17.026235294117647
1,97.6,16.298,16.985313725490197
1,97.61,16.37,16.94335294117647
1,97.62,16.382,16.89878431372549
1,97.63,16.526,16.859843137254902
1,97.64,16.692,16.824431372549018
1,97.65,16.823,16.791156862745098
1,97.66,16.661,16.761607843137256
1,97.67,16.774,16.73723529411765
1,97.68,16.63,16.719254901960785
1,97.69,16.466,16.697176470588232
1,97.7,16.401,16.66927450980392
1,97.71,16.628,16.644980392156864
1,97.72,16.602,16.625764705882354
1,97.73,16.325,16.612843137254902
1,97.74,16.62,16.605450980392156
1,97.75,16.924,16.600019607843137
1,97.76,16.854,16.596372549019605
1,97.77,16.672,16.59678431372549
1,97.78,16.759,16.597392156862746
1,97.79,16.799,16.599039215686272
1,97.8,16.733,16.59992156862745
1,97.81,16.828,16.606431372549018
1,97.82,16.851,16.61862745098039
1,97.83,16.746,16.630823529411764
1,97.84,16.457,16.643156862745098
1,97.85,16.283,16.656470588235294
1,97.86,16.169,16.668372549019608
1,97.87,16.252,16.682823529411763
1,97.88,16.38,16.696823529411763
1,97.89,16.426,16.701254901960784
1,97.9,16.493,16.700764705882353
1,97.91,16.543,16.70021568627451
1,97.92,16.578,16.70133333333333
1,97.93,17.009,16.69698039215686
1,97.94,16.758,16.693372549019607
1,97.95,16.442,16.693019607843137
1,97.96,16.74,16.690254901960785
1,97.97,16.785,16.680607843137253
1,97.98,16.814,16.668294117647058
1,97.99,16.828,16.663627450980393
1,98.0,16.888,16.65274509803922
1,98.01,16.722,16.636254901960783
1,98.02,16.75,16.620333333333335
1,98.03,16.74,16.61043137254902
1,98.04,16.648,16.603745098039216
1,98.05,16.76,16.59519607843137
1,98.06,16.982,16.58772549019608
1,98.07,16.848,16.578470588235295
1,98.08,16.807,16.56905882352941
1,98.09,17.051,16.566823529411764
1,98.1,16.963,16.571294117647057
1,98.11,16.905,16.581607843137256
1,98.12,17.107,16.589176470588235
1,98.13,17.096,16.59756862745098
1,98.14,16.752,16.605588235294118
1,98.15,16.667,16.611803921568626
1,98.16,16.795,16.61176470588235
1,98.17,16.718,16.61129411764706
1,98.18,16.552,16.612039215686274
1,98.19,16.446,16.6028431372549
1,98.2,16.448,16.596980392156862
1,98.21,16.26,16.587666666666667
1,98.22,16.136,16.568196078431374
1,98.23,15.974,16.54729411764706
1,98.24,16.087,16.530509803921568
1,98.25,16.065,16.512960784313723
1,98.26,16.083,16.492745098039215
1,98.27,16.042,16.477313725490195
1,98.28,16.167,16.46243137254902
1,98.29,16.418,16.4488431372549
1,98.3,16.363,16.43372549019608
1,98.31,16.352,16.41592156862745
1,98.32,16.356,16.38954901960784
1,98.33,16.371,16.362137254901963
1,98.34,16.632,16.337235294117647
1,98.35,16.685,16.306549019607843
1,98.36,16.809,16.275019607843138
1,98.37,16.555,16.24227450980392
1,98.38,16.68,16.2043137254902
1,98.39,16.789,16.166901960784315
1,98.4,16.743,16.135
1,98.41,16.491,16.10521568627451
1,98.42,16.519,16.0651568627451
1,98.43,16.616,16.022764705882356
1,98.44,16.54,15.981254901960783
1,98.45,16.459,15.940411764705882
1,98.46,15.967,15.899333333333333
1,98.47,15.747,15.859588235294119
1,98.48,15.719,15.819019607843138
1,98.49,15.958,15.779843137254902
1,98.5,15.933,15.735823529411766
1,98.51,15.857,15.691921568627452
1,98.52,15.935,15.646725490196078
1,98.53,15.991,15.599862745098038
1,98.54,16.047,15.54421568627451
1,98.55,15.877,15.485372549019608
1,98.56,15.852,15.432156862745098
1,98.57,15.637,15.382725490196078
1,98.58,15.45,15.335862745098039
1,98.59,15.537,15.291196078431373
1,98.6,15.486,15.242941176470588
1,98.61,15.355,15.196803921568629
1,98.62,15.235,15.145588235294118
1,98.63,15.171,15.100901960784313
1,98.64,15.188,15.050705882352942
1,98.65,15.125,14.99535294117647
1,98.66,15.148,14.941607843137255
1,98.67,14.752,14.891039215686273
1,98.68,14.556,14.842921568627451
1,98.69,14.435,14.796098039215686
1,98.7,14.363,14.751784313725489
1,98.71,14.353,14.711549019607842
1,98.72,14.233,14.673666666666666
1,98.73,14.067,14.63735294117647
1,98.74,13.976,14.602627450980393
1,98.75,13.842,14.565803921568627
1,98.76,13.826,14.529882352941177
1,98.77,13.778,14.495666666666667
1,98.78,13.652,14.456823529411764
1,98.79,13.329,14.418254901960784
1,98.8,13.417,14.378039215686274
1,98.81,13.649,14.33564705882353
1,98.82,13.831,14.297588235294116
1,98.83,13.966,14.265372549019608
1,98.84,14.093,14.237470588235293
1,98.85,14.171,14.202313725490198
1,98.86,14.332,14.16507843137255
1,98.87,14.197,14.133882352941178
1,98.88,14.276,14.103882352941177
1,98.89,14.12,14.076411764705881
1,98.9,13.966,14.055078431372548
1,98.91,14.002,14.032313725490196
1,98.92,13.912,14.011647058823527
1,98.93,14.065,14.002450980392156
1,98.94,14.228,13.997470588235293
1,98.95,14.28,13.991882352941177
1,98.96,14.407,13.99207843137255
1,98.97,14.035,13.994352941176471
1,98.98,13.895,14.002803921568626
1,98.99,13.948,14.014254901960784
1,99.0,14.08,14.028764705882352
1,99.01,14.101,14.050529411764705
1,99.02,14.112,14.064509803921569
1,99.03,13.954,14.080098039215686
1,99.04,14.024,14.101058823529412
1,99.05,13.996,14.130196078431373
1,99.06,13.715,14.158372549019608
1,99.07,13.911,14.184274509803922
1,99.08,13.994,14.208235294117648
1,99.09,14.027,14.230941176470589
1,99.1,13.744,14.24886274509804
1,99.11,13.587,14.265215686274509
1,99.12,13.764,14.280313725490196
1,99.13,13.705,14.297117647058824
1,99.14,13.77,14.313313725490197
1,99.15,14.1,14.331313725490197
1,99.16,13.964,14.354450980392157
1,99.17,14.094,14.375313725490196
1,99.18,14.283,14.399039215686274
1,99.19,14.302,14.422549019607843
1,99.2,14.15,14.443450980392157
1,99.21,14.373,14.45992156862745
1,99.22,14.469,14.47007843137255
1,99.23,14.664,14.48729411764706
1,99.24,14.651,14.504352941176471
1,99.25,14.716,14.523450980392155
1,99.26,14.952,14.539549019607843
1,99.27,14.539,14.555039215686275
1,99.28,14.573,14.573176470588235
1,99.29,14.721,14.596784313725491
1,99.3,14.815,14.61629411764706
1,99.31,14.854,14.627411764705883
1,99.32,14.97,14.646333333333333
1,99.33,15.053,14.666137254901962
1,99.34,15.124,14.68021568627451
1,99.35,15.007,14.691235294117647
1,99.36,15.005,14.710058823529412
1,99.37,15.102,14.7318431372549
1,99.38,15.054,14.755098039215687
1,99.39,15.102,14.773921568627452
1,99.4,15.038,14.792549019607845
1,99.41,15.146,14.799901960784315
1,99.42,15.066,14.811156862745097
1,99.43,15.122,14.818196078431374
1,99.44,15.264,14.819098039215687
1,99.45,15.294,14.818215686274511
1,99.46,15.12,14.820509803921569
1,99.47,14.925,14.82035294117647
1,99.48,14.913,14.81656862745098
1,99.49,14.765,14.808156862745099
1,99.5,14.922,14.800215686274509
1,99.51,14.901,14.790980392156861
1,99.52,14.891,14.778607843137253
1,99.53,15.037,14.77778431372549
1,99.54,15.158,14.773568627450981
1,99.55,15.019,14.766921568627453
1,99.56,14.563,14.759235294117648
1,99.57,14.68,14.750901960784315
1,99.58,14.921,14.740117647058824
1,99.59,14.712,14.729823529411766
1,99.6,14.589,14.71778431372549
1,99.61,14.704,14.708843137254902
1,99.62,14.698,14.700803921568626
1,99.63,14.95,14.690392156862746
1,99.64,14.665,14.680764705882352
1,99.65,14.72,14.670686274509805
1,99.66,14.475,14.65913725490196
1,99.67,14.538,14.64058823529412
1,99.68,14.453,14.629078431372548
1,99.69,14.329,14.615901960784315
1,99.7,14.257,14.599705882352941
1,99.71,14.267,14.580901960784315
1,99.72,14.365,14.559666666666667
1,99.73,14.276,14.54556862745098
1,99.74,14.235,14.532647058823528
1,99.75,14.246,14.518901960784312
1,99.76,14.245,14.510839999999998
1,99.77,14.321,14.502877551020408
1,99.78,14.497,14.494791666666666
1,99.79,14.358,14.483255319148935
1,99.8,14.382,14.468586956521738
1,99.81,14.423,14.456355555555554
1,99.82,14.429,14.453931818181816
1,99.83,14.42,14.448674418604652
1,99.84,14.528,14.43742857142857
1,99.85,14.51,14.430731707317072
1,99.86,14.551,14.426775000000001
1,99.87,14.595,14.419666666666666
1,99.88,14.571,14.412342105263157
1,99.89,14.563,14.397810810810808
1,99.9,14.588,14.390388888888888
1,99.91,14.449,14.380971428571428
1,99.92,14.2,14.37820588235294
1,99.93,14.479,14.373363636363635
1,99.94,14.45,14.370875
1,99.95,14.438,14.372225806451613
1,99.96,14.335,14.376066666666667
1,99.97,14.037,14.379827586206897
1,99.98,14.206,14.380357142857141
1,99.99,14.254,14.38422222222222
1,100.0,14.064,14.389961538461536
2,0.0,0.212,0.2787307692307692
2,0.01,0.227,0.27944444444444444
2,0.02,0.186,0.28182142857142856
2,0.03,0.221,0.2822413793103448
2,0.04,0.291,0.2843
2,0.05,0.251,0.2849032258064516
2,0.06,0.244,0.2861875
2,0.07,0.271,0.28633333333333333
2,0.08,0.272,0.287
2,0.09,0.25,0.2879428571428571
2,0.1,0.245,0.2891111111111111
2,0.11,0.315,0.2893783783783784
2,0.12,0.294,0.28960526315789475
2,0.13,0.281,0.29117948717948716
2,0.14,0.344,0.2925
2,0.15,0.29,0.2951463414634146
2,0.16,0.329,0.2963809523809524
2,0.17,0.302,0.29667441860465116
2,0.18,0.278,0.2979090909090909
2,0.19,0.276,0.2995111111111111
2,0.2,0.31,0.3019782608695652
2,0.21,0.321,0.30234042553191487
2,0.22,0.301,0.3028958333333333
2,0.23,0.358,0.3036938775510204
2,0.24,0.28,0.3037
2,0.25,0.298,0.30386274509803923
2,0.26,0.298,0.30492156862745096
2,0.27,0.346,0.30645098039215685
2,0.28,0.294,0.309156862745098
2,0.29,0.344,0.31058823529411766
2,0.3,0.303,0.31009803921568624
2,0.31,0.326,0.3107843137254902
2,0.32,0.291,0.3121372549019608
2,0.33,0.309,0.312843137254902
2,0.34,0.32,0.31382352941176467
2,0.35,0.33,0.3154313725490196
2,0.36,0.299,0.31774509803921563
2,0.37,0.298,0.3183333333333333
2,0.38,0.351,0.3182745098039216
2,0.39,0.344,0.31872549019607843
2,0.4,0.401,0.31760784313725493
2,0.41,0.347,0.3179411764705882
2,0.42,0.309,0.31782352941176467
2,0.43,0.351,0.3183529411764706
2,0.44,0.37,0.3188823529411765
2,0.45,0.413,0.3194705882352941
2,0.46,0.319,0.31962745098039214
2,0.47,0.329,0.3203529411764706
2,0.48,0.342,0.3211372549019607
2,0.49,0.304,0.3205686274509804
2,0.5,0.312,0.32250980392156864
2,0.51,0.266,0.3239019607843137
2,0.52,0.305,0.3256862745098039
2,0.53,0.324,0.32515686274509803
2,0.54,0.294,0.3263725490196078
2,0.55,0.266,0.3266078431372548
2,0.56,0.286,0.3268039215686275
2,0.57,0.313,0.3274705882352941
2,0.58,0.307,0.32794117647058824
2,0.59,0.322,0.32868627450980387
2,0.6,0.332,0.3290196078431372
2,0.61,0.363,0.3291764705882353
2,0.62,0.345,0.32872549019607844
2,0.63,0.291,0.32817647058823524
2,0.64,0.304,0.32613725490196077
2,0.65,0.287,0.3246078431372549
2,0.66,0.307,0.32178431372549016
2,0.67,0.323,0.32076470588235295
2,0.68,0.329,0.3205882352941177
2,0.69,0.305,0.31829411764705884
2,0.7,0.306,0.31649019607843143
2,0.71,0.318,0.31443137254901965
2,0.72,0.358,0.3143137254901961
2,0.73,0.341,0.31462745098039213
2,0.74,0.329,0.3147450980392157
2,0.75,0.379,0.3150980392156863
2,0.76,0.369,0.31470588235294117
2,0.77,0.389,0.3159411764705882
2,0.78,0.319,0.3169607843137255
2,0.79,0.356,0.3174313725490196
2,0.8,0.356,0.3178627450980392
2,0.81,0.313,0.3190980392156863
2,0.82,0.36,0.3196470588235294
2,0.83,0.315,0.3197058823529412
2,0.84,0.347,0.31996078431372543
2,0.85,0.337,0.31996078431372554
2,0.86,0.338,0.320156862745098
2,0.87,0.276,0.31858823529411767
2,0.88,0.27,0.3184117647058824
2,0.89,0.247,0.31770588235294117
2,0.9,0.266,0.3185490196078431
2,0.91,0.257,0.31923529411764706
2,0.92,0.295,0.3183333333333333
2,0.93,0.3,0.31996078431372554
2,0.94,0.234,0.3204901960784314
2,0.95,0.278,0.322156862745098
2,0.96,0.308,0.32272549019607844
2,0.97,0.313,0.3231568627450981
2,0.98,0.345,0.3222549019607844
2,0.99,0.348,0.32272549019607844
2,1.0,0.322,0.32233333333333336
2,1.01,0.292,0.32086274509803925
2,1.02,0.329,0.31982352941176473
2,1.03,0.357,0.31866666666666665
2,1.04,0.348,0.3189607843137255
2,1.05,0.316,0.3184117647058824
2,1.06,0.329,0.3178627450980392
2,1.07,0.314,0.3176470588235294
2,1.08,0.316,0.31552941176470584
2,1.09,0.32,0.3143921568627451
2,1.1,0.322,0.31329411764705883
2,1.11,0.342,0.31250980392156863
2,1.12,0.283,0.3117450980392157
2,1.13,0.336,0.31129411764705883
2,1.14,0.255,0.3126078431372549
2,1.15,0.347,0.31429411764705883
2,1.16,0.322,0.3144705882352941
2,1.17,0.261,0.315843137254902
2,1.18,0.406,0.3161960784313726
2,1.19,0.356,0.3163921568627451
2,1.2,0.39,0.3172745098039216
2,1.21,0.335,0.3186862745098039
2,1.22,0.34,0.31898039215686275
2,1.23,0.312,0.31862745098039214
2,1.24,0.365,0.3177843137254902
2,1.25,0.309,0.31629411764705884
2,1.26,0.304,0.31460784313725493
2,1.27,0.316,0.3141176470588235
2,1.28,0.33,0.31354901960784315
2,1.29,0.334,0.31160784313725487
2,1.3,0.328,0.31
2,1.31,0.328,0.3106862745098039
2,1.32,0.302,0.3103137254901961
2,1.33,0.252,0.31037254901960787
2,1.34,0.257,0.310843137254902
2,1.35,0.291,0.31070588235294117
2,1.36,0.297,0.31023529411764705
2,1.37,0.299,0.31129411764705883
2,1.38,0.253,0.31154901960784315
2,1.39,0.337,0.31186274509803924
2,1.4,0.333,0.3131764705882353
2,1.41,0.275,0.3120392156862745
2,1.42,0.327,0.31207843137254904
2,1.43,0.313,0.31329411764705883
2,1.44,0.31,0.31170588235294117
2,1.45,0.279,0.3104705882352941
2,1.46,0.35,0.3087450980392157
2,1.47,0.323,0.3092156862745098
2,1.48,0.295,0.3096862745098039
2,1.49,0.302,0.31054901960784315
2,1.5,0.272,0.3101372549019608
2,1.51,0.236,0.31070588235294117
2,1.52,0.267,0.31186274509803924
2,1.53,0.3,0.3129019607843137
2,1.54,0.258,0.31376470588235295
2,1.55,0.266,0.3135294117647059
2,1.56,0.351,0.3130392156862745
2,1.57,0.31,0.3141764705882353
2,1.58,0.317,0.31572549019607843
2,1.59,0.34,0.31670588235294117
2,1.6,0.313,0.3183921568627451
2,1.61,0.298,0.31972549019607843
2,1.62,0.396,0.32094117647058823
2,1.63,0.296,0.32192156862745097
2,1.64,0.352,0.3231176470588235
2,1.65,0.322,0.3227450980392157
2,1.66,0.289,0.3216274509803922
2,1.67,0.324,0.3222156862745098
2,1.68,0.323,0.32101960784313727
2,1.69,0.325,0.3206274509803921
2,1.7,0.293,0.3202156862745098
2,1.71,0.302,0.3205882352941177
2,1.72,0.359,0.3203725490196078
2,1.73,0.364,0.3203725490196079
2,1.74,0.356,0.3205294117647059
2,1.75,0.344,0.3212745098039216
2,1.76,0.338,0.32107843137254904
2,1.77,0.363,0.3227843137254902
2,1.78,0.369,0.32382352941176473
2,1.79,0.374,0.3245882352941177
2,1.8,0.322,0.3257647058823529
2,1.81,0.303,0.3266078431372549
2,1.82,0.386,0.3271764705882353
2,1.83,0.381,0.32868627450980387
2,1.84,0.302,0.3299215686274509
2,1.85,0.343,0.33037254901960783
2,1.86,0.359,0.33141176470588235
2,1.87,0.359,0.33286274509803926
2,1.88,0.349,0.3320588235294118
2,1.89,0.314,0.3326274509803922
2,1.9,0.318,0.33182352941176474
2,1.91,0.276,0.33078431372549016
2,1.92,0.305,0.3299019607843137
2,1.93,0.266,0.3297058823529411
2,1.94,0.293,0.3299019607843137
2,1.95,0.289,0.32956862745098037
2,1.96,0.298,0.32998039215686276
2,1.97,0.339,0.3301372549019608
2,1.98,0.323,0.32856862745098037
2,1.99,0.303,0.32650980392156864
2,2.0,0.34,0.3247647058823529
2,2.01,0.262,0.3253333333333333
2,2.02,0.323,0.3252549019607843
2,2.03,0.32,0.32417647058823534
2,2.04,0.339,0.3221764705882353
2,2.05,0.318,0.3207450980392157
2,2.06,0.309,0.31976470588235295
2,2.07,0.38,0.3213921568627451
2,2.08,0.387,0.32029411764705884
2,2.09,0.38,0.3190392156862745
2,2.1,0.363,0.31974509803921575
2,2.11,0.366,0.31933333333333336
2,2.12,0.372,0.3194901960784314
2,2.13,0.355,0.3180588235294118
2,2.14,0.325,0.31684313725490193
2,2.15,0.311,0.3159803921568627
2,2.16,0.269,0.3166862745098039
2,2.17,0.244,0.3180588235294118
2,2.18,0.314,0.3183333333333333
2,2.19,0.333,0.3187254901960785
2,2.2,0.308,0.3200588235294118
2,2.21,0.314,0.3206274509803921
2,2.22,0.31,0.3222156862745098
2,2.23,0.279,0.3229019607843137
2,2.24,0.259,0.3236470588235294
2,2.25,0.267,0.3249607843137255
2,2.26,0.373,0.32535294117647057
2,2.27,0.334,0.3255294117647059
2,2.28,0.308,0.3251372549019608
2,2.29,0.267,0.32507843137254905
2,2.3,0.301,0.3236666666666667
2,2.31,0.272,0.32417647058823523
2,2.32,0.386,0.3261372549019608
2,2.33,0.33,0.32541176470588234
2,2.34,0.317,0.32537254901960777
2,2.35,0.338,0.3245686274509804
2,2.36,0.322,0.32305882352941173
2,2.37,0.367,0.32294117647058823
2,2.38,0.286,0.3214901960784314
2,2.39,0.287,0.3202745098039216
2,2.4,0.27,0.3205490196078432
2,2.41,0.354,0.3215098039215687
2,2.42,0.346,0.3229215686274509
2,2.43,0.319,0.3243725490196078
2,2.44,0.286,0.3256470588235294
2,2.45,0.361,0.32688235294117646
2,2.46,0.318,0.3269607843137255
2,2.47,0.379,0.3267843137254902
2,2.48,0.374,0.3266274509803921
2,2.49,0.361,0.327078431372549
2,2.5,0.37,0.32860784313725483
2,2.51,0.36,0.3293333333333333
2,2.52,0.271,0.32852941176470596
2,2.53,0.303,0.3289803921568627
2,2.54,0.317,0.3303333333333333
2,2.55,0.267,0.3323137254901961
2,2.56,0.344,0.33276470588235296
2,2.57,0.409,0.3354313725490196
2,2.58,0.343,0.3362352941176471
2,2.59,0.385,0.33656862745098043
2,2.6,0.339,0.3371764705882353
2,2.61,0.286,0.33849019607843134
2,2.62,0.36,0.33880392156862743
2,2.63,0.298,0.3394901960784314
2,2.64,0.293,0.3423333333333333
2,2.65,0.339,0.34429411764705886
2,2.66,0.36,0.34631372549019607
2,2.67,0.341,0.34725490196078435
2,2.68,0.318,0.34705882352941175
2,2.69,0.379,0.34760784313725496
2,2.7,0.396,0.3484509803921569
2,2.71,0.312,0.3490392156862745
2,2.72,0.305,0.3501176470588236
2,2.73,0.302,0.34980392156862744
2,2.74,0.302,0.3506470588235295
2,2.75,0.337,0.35137254901960785
2,2.76,0.304,0.35111764705882353
2,2.77,0.332,0.35182352941176476
2,2.78,0.357,0.353921568627451
2,2.79,0.377,0.3554313725490196
2,2.8,0.368,0.3566862745098039
2,2.81,0.324,0.3585686274509804
2,2.82,0.408,0.35760784313725497
2,2.83,0.427,0.3557450980392157
2,2.84,0.347,0.3546274509803921
2,2.85,0.348,0.35394117647058826
2,2.86,0.405,0.35390196078431374
2,2.87,0.338,0.3548235294117647
2,2.88,0.402,0.35468627450980394
2,2.89,0.431,0.35549019607843135
2,2.9,0.387,0.3561372549019608
2,2.91,0.373,0.35627450980392156
2,2.92,0.402,0.3558823529411764
2,2.93,0.336,0.3555294117647059
2,2.94,0.347,0.356
2,2.95,0.329,0.3547647058823529
2,2.96,0.391,0.3533333333333334
2,2.97,0.373,0.35343137254901963
2,2.98,0.363,0.3544705882352941
2,2.99,0.417,0.35452941176470587
2,3.0,0.398,0.3548039215686275
2,3.01,0.357,0.35492156862745106
2,3.02,0.396,0.35582352941176465
2,3.03,0.378,0.35564705882352937
2,3.04,0.38,0.35601960784313724
2,3.05,0.381,0.35562745098039217
2,3.06,0.363,0.35570588235294115
2,3.07,0.295,0.3568823529411765
2,3.08,0.314,0.3562941176470588
2,3.09,0.286,0.35470588235294115
2,3.1,0.35,0.35382352941176465
2,3.11,0.337,0.35443137254901963
2,3.12,0.333,0.3533529411764706
2,3.13,0.353,0.35472549019607846
2,3.14,0.339,0.35527450980392156
2,3.15,0.326,0.3548823529411765
2,3.16,0.346,0.3547254901960784
2,3.17,0.34,0.3553725490196079
2,3.18,0.323,0.3544117647058823
2,3.19,0.342,0.3551960784313726
2,3.2,0.316,0.35547058823529415
2,3.21,0.323,0.35596078431372546
2,3.22,0.317,0.35658823529411765
2,3.23,0.358,0.35701960784313724
2,3.24,0.305,0.3576078431372549
2,3.25,0.316,0.35605882352941176
2,3.26,0.343,0.3557450980392157
2,3.27,0.35,0.35700000000000004
2,3.28,0.323,0.35696078431372547
2,3.29,0.376,0.3568627450980392
2,3.3,0.357,0.35711764705882354
2,3.31,0.372,0.3561960784313726
2,3.32,0.384,0.35562745098039217
2,3.33,0.378,0.35660784313725485
2,3.34,0.346,0.3566862745098039
2,3.35,0.302,0.3579607843137255
2,3.36,0.379,0.3583137254901961
2,3.37,0.35,0.3573137254901961
2,3.38,0.408,0.3569607843137255
2,3.39,0.43,0.35733333333333334
2,3.4,0.411,0.35801960784313724
2,3.41,0.379,0.3590392156862745
2,3.42,0.406,0.35950980392156867
2,3.43,0.353,0.3605686274509804
2,3.44,0.376,0.3619607843137255
2,3.45,0.361,0.36225490196078436
2,3.46,0.354,0.3638039215686274
2,3.47,0.423,0.36535294117647055
2,3.48,0.395,0.366235294117647
2,3.49,0.393,0.36754901960784314
2,3.5,0.338,0.3703725490196079
2,3.51,0.382,0.37266666666666665
2,3.52,0.421,0.37250980392156857
2,3.53,0.394,0.3725686274509804
2,3.54,0.373,0.3735490196078432
2,3.55,0.393,0.373
2,3.56,0.334,0.3732549019607843
2,3.57,0.334,0.3729411764705882
2,3.58,0.345,0.3722549019607843
2,3.59,0.318,0.37215686274509807
2,3.6,0.351,0.3735686274509804
2,3.61,0.368,0.37529411764705883
2,3.62,0.286,0.37399999999999994
2,3.63,0.315,0.3749803921568628
2,3.64,0.372,0.37507843137254904
2,3.65,0.374,0.3746078431372549
2,3.66,0.378,0.3743137254901961
2,3.67,0.37,0.3749803921568628
2,3.68,0.394,0.3748627450980392
2,3.69,0.394,0.37496078431372554
2,3.7,0.357,0.37492156862745096
2,3.71,0.395,0.3757843137254902
2,3.72,0.402,0.3759607843137255
2,3.73,0.362,0.375
2,3.74,0.425,0.37558823529411767
2,3.75,0.449,0.3759607843137255
2,3.76,0.433,0.377
2,3.77,0.335,0.377156862745098
2,3.78,0.353,0.37609803921568624
2,3.79,0.373,0.37576470588235295
2,3.8,0.348,0.37633333333333335
2,3.81,0.37,0.3752156862745098
2,3.82,0.356,0.37598039215686274
2,3.83,0.349,0.37676470588235295
2,3.84,0.373,0.37839215686274513
2,3.85,0.418,0.3799803921568627
2,3.86,0.39,0.38260784313725493
2,3.87,0.313,0.3827450980392157
2,3.88,0.4,0.3841372549019608
2,3.89,0.413,0.38535294117647056
2,3.9,0.406,0.3854705882352941
2,3.91,0.396,0.38641176470588234
2,3.92,0.413,0.3865294117647059
2,3.93,0.4,0.38650980392156864
2,3.94,0.358,0.3852745098039216
2,3.95,0.374,0.3838039215686274
2,3.96,0.405,0.38403921568627447
2,3.97,0.363,0.38339215686274514
2,3.98,0.374,0.38219607843137254
2,3.99,0.425,0.38243137254901965
2,4.0,0.412,0.3815294117647059
2,4.01,0.391,0.38003921568627447
2,4.02,0.39,0.3798039215686274
2,4.03,0.367,0.3820980392156863
2,4.04,0.377,0.3832352941176471
2,4.05,0.402,0.384
2,4.06,0.336,0.38480392156862747
2,4.07,0.373,0.3848627450980392
2,4.08,0.374,0.3847254901960785
2,4.09,0.428,0.38492156862745097
2,4.1,0.399,0.3847254901960784
2,4.11,0.485,0.38403921568627447
2,4.12,0.375,0.38350980392156864
2,4.13,0.357,0.3858235294117647
2,4.14,0.377,0.385921568627451
2,4.15,0.378,0.38576470588235295
2,4.16,0.422,0.3850980392156863
2,4.17,0.384,0.3861176470588235
2,4.18,0.369,0.3856470588235294
2,4.19,0.331,0.38441176470588234
2,4.2,0.319,0.3858235294117647
2,4.21,0.369,0.38678431372549016
2,4.22,0.362,0.38627450980392153
2,4.23,0.341,0.3862156862745098
2,4.24,0.374,0.38662745098039214
2,4.25,0.379,0.38576470588235295
2,4.26,0.373,0.38539215686274514
2,4.27,0.421,0.3859803921568627
2,4.28,0.452,0.3849411764705882
2,4.29,0.411,0.3841372549019608
2,4.3,0.412,0.3834901960784314
2,4.31,0.389,0.38256862745098036
2,4.32,0.373,0.3830588235294118
2,4.33,0.349,0.38278431372549016
2,4.34,0.359,0.38241176470588234
2,4.35,0.363,0.3807450980392157
2,4.36,0.383,0.3799411764705883
2,4.37,0.363,0.3785294117647059
2,4.38,0.431,0.3787254901960784
2,4.39,0.405,0.37970588235294117
2,4.4,0.405,0.37988235294117645
2,4.41,0.372,0.37980392156862747
2,4.42,0.448,0.3786666666666667
2,4.43,0.389,0.3788823529411765
2,4.44,0.337,0.3797843137254902
2,4.45,0.43,0.3806470588235294
2,4.46,0.423,0.3834705882352942
2,4.47,0.379,0.38482352941176473
2,4.48,0.36,0.38666666666666666
2,4.49,0.395,0.3889019607843137
2,4.5,0.381,0.3898627450980392
2,4.51,0.393,0.393921568627451
2,4.52,0.421,0.39803921568627454
2,4.53,0.337,0.39941176470588236
2,4.54,0.326,0.4002941176470588
2,4.55,0.344,0.40164705882352936
2,4.56,0.355,0.4031372549019608
2,4.57,0.361,0.40494117647058825
2,4.58,0.359,0.40684313725490195
2,4.59,0.355,0.41125490196078424
2,4.6,0.343,0.415078431372549
2,4.61,0.358,0.41811764705882354
2,4.62,0.413,0.4194901960784314
2,4.63,0.385,0.4229019607843137
2,4.64,0.407,0.42468627450980395
2,4.65,0.386,0.4272156862745098
2,4.66,0.374,0.4298627450980392
2,4.67,0.364,0.4338235294117647
2,4.68,0.395,0.43578431372549015
2,4.69,0.415,0.4376862745098039
2,4.7,0.375,0.44052941176470584
2,4.71,0.463,0.44290196078431376
2,4.72,0.438,0.44417647058823534
2,4.73,0.456,0.4464901960784314
2,4.74,0.455,0.45019607843137255
2,4.75,0.423,0.4515686274509804
2,4.76,0.586,0.4540196078431373
2,4.77,0.583,0.45613725490196083
2,4.78,0.491,0.45739215686274515
2,4.79,0.497,0.46176470588235297
2,4.8,0.48,0.4649607843137255
2,4.81,0.488,0.46801960784313723
2,4.82,0.481,0.470921568627451
2,4.83,0.47,0.4738823529411765
2,4.84,0.574,0.4770980392156863
2,4.85,0.554,0.47915686274509806
2,4.86,0.518,0.48054901960784313
2,4.87,0.453,0.48127450980392156
2,4.88,0.537,0.48080392156862745
2,4.89,0.522,0.48066666666666674
2,4.9,0.534,0.4844509803921569
2,4.91,0.54,0.48478431372549025
2,4.92,0.574,0.48454901960784313
2,4.93,0.548,0.4853725490196078
2,4.94,0.486,0.485
2,4.95,0.482,0.4835686274509804
2,4.96,0.551,0.4836078431372549
2,4.97,0.488,0.48484313725490197
2,4.98,0.497,0.48533333333333334
2,4.99,0.549,0.4849411764705882
2,5.0,0.465,0.48415686274509806
2,5.01,0.506,0.48490196078431375
2,5.02,0.501,0.48249019607843135
2,5.03,0.485,0.4781764705882353
2,5.04,0.56,0.4763529411764706
2,5.05,0.489,0.47390196078431374
2,5.06,0.5,0.4724509803921568
2,5.07,0.503,0.4715686274509804
2,5.08,0.512,0.4696078431372549
2,5.09,0.523,0.46905882352941175
2,5.1,0.46,0.46664705882352947
2,5.11,0.414,0.4643921568627451
2,5.12,0.395,0.4622941176470588
2,5.13,0.389,0.46141176470588235
2,5.14,0.378,0.4588039215686275
2,5.15,0.6,0.4564313725490196
2,5.16,0.403,0.453686274509804
2,5.17,0.362,0.4507450980392157
2,5.18,0.406,0.4466862745098039
2,5.19,0.376,0.4424509803921569
2,5.2,0.342,0.43964705882352945
2,5.21,0.377,0.4362156862745098
2,5.22,0.526,0.4316666666666667
2,5.23,0.463,0.42866666666666664
2,5.24,0.436,0.4253529411764706
2,5.25,0.415,0.4210392156862745
2,5.26,0.461,0.41811764705882354
2,5.27,0.463,0.4136862745098039
2,5.28,0.363,0.41070588235294114
2,5.29,0.398,0.40843137254901957
2,5.3,0.372,0.4042156862745098
2,5.31,0.406,0.40172549019607845
2,5.32,0.443,0.39719607843137256
2,5.33,0.381,0.39319607843137255
2,5.34,0.442,0.388921568627451
2,5.35,0.451,0.38443137254901966
2,5.36,0.439,0.38037254901960776
2,5.37,0.411,0.37637254901960787
2,5.38,0.408,0.37396078431372554
2,5.39,0.404,0.37270588235294116
2,5.4,0.401,0.3717058823529411
2,5.41,0.394,0.365843137254902
2,5.42,0.39,0.3645098039215687
2,5.43,0.367,0.36433333333333334
2,5.44,0.332,0.36321568627450984
2,5.45,0.343,0.3636078431372549
2,5.46,0.307,0.36421568627450984
2,5.47,0.319,0.36378431372549014
2,5.48,0.335,0.3594117647058823
2,5.49,0.328,0.35668627450980395
2,5.5,0.329,0.3550196078431373
2,5.51,0.316,0.3526470588235294
2,5.52,0.28,0.3501764705882353
2,5.53,0.349,0.3462549019607843
2,5.54,0.369,0.34511764705882353
2,5.55,0.345,0.34284313725490195
2,5.56,0.362,0.3419607843137255
2,5.57,0.269,0.341
2,5.58,0.299,0.3389019607843137
2,5.59,0.294,0.3385098039215686
2,5.6,0.294,0.33654901960784317
2,5.61,0.253,0.3337450980392157
2,5.62,0.21,0.33123529411764707
2,5.63,0.272,0.3310588235294118
2,5.64,0.325,0.32966666666666666
2,5.65,0.327,0.328078431372549
2,5.66,0.301,0.3262745098039216
2,5.67,0.335,0.32537254901960777
2,5.68,0.353,0.3242549019607844
2,5.69,0.349,0.32376470588235295
2,5.7,0.396,0.3229607843137255
2,5.71,0.373,0.32298039215686275
2,5.72,0.355,0.32339215686274514
2,5.73,0.303,0.32309803921568625
2,5.74,0.324,0.322921568627451
2,5.75,0.351,0.32247058823529406
2,5.76,0.294,0.32284313725490194
2,5.77,0.335,0.3228235294117647
2,5.78,0.263,0.3238823529411765
2,5.79,0.305,0.32382352941176473
2,5.8,0.282,0.3236274509803922
2,5.81,0.327,0.3226078431372549
2,5.82,0.357,0.32172549019607843
2,5.83,0.336,0.32274509803921564
2,5.84,0.361,0.32466666666666666
2,5.85,0.342,0.3251960784313725
2,5.86,0.308,0.32633333333333325
2,5.87,0.311,0.32735294117647057
2,5.88,0.402,0.3295882352941177
2,5.89,0.337,0.331078431372549
2,5.9,0.323,0.3301372549019608
2,5.91,0.309,0.3299019607843138
2,5.92,0.348,0.33096078431372544
2,5.93,0.333,0.3312156862745098
2,5.94,0.342,0.33
2,5.95,0.291,0.32837254901960783
2,5.96,0.344,0.3262549019607843
2,5.97,0.328,0.3256078431372549
2,5.98,0.304,0.32603921568627453
2,5.99,0.326,0.326
2,6.0,0.305,0.3255294117647059
2,6.01,0.348,0.32509803921568625
2,6.02,0.315,0.32527450980392153
2,6.03,0.334,0.32531372549019605
2,6.04,0.346,0.32750980392156864
2,6.05,0.359,0.3275882352941177
2,6.06,0.293,0.328686274509804
2,6.07,0.317,0.3298235294117647
2,6.08,0.321,0.3295294117647059
2,6.09,0.397,0.330843137254902
2,6.1,0.321,0.32982352941176474
2,6.11,0.352,0.32945098039215687
2,6.12,0.305,0.3301372549019608
2,6.13,0.324,0.3297254901960784
2,6.14,0.348,0.32760784313725494
2,6.15,0.277,0.3263921568627451
2,6.16,0.315,0.3257058823529412
2,6.17,0.355,0.32515686274509803
2,6.18,0.348,0.3253137254901961
2,6.19,0.291,0.32484313725490194
2,6.2,0.266,0.32433333333333336
2,6.21,0.288,0.32409803921568625
2,6.22,0.34,0.3226078431372549
2,6.23,0.377,0.3207450980392157
2,6.24,0.301,0.3205882352941177
2,6.25,0.3,0.3198627450980392
2,6.26,0.329,0.32029411764705884
2,6.27,0.303,0.31935294117647056
2,6.28,0.337,0.31919607843137254
2,6.29,0.375,0.3196666666666667
2,6.3,0.309,0.31939215686274514
2,6.31,0.338,0.31923529411764706
2,6.32,0.385,0.3195294117647059
2,6.33,0.342,0.31976470588235295
2,6.34,0.403,0.3196666666666667
2,6.35,0.309,0.31829411764705884
2,6.36,0.323,0.31933333333333336
2,6.37,0.343,0.3185882352941176
2,6.38,0.29,0.31894117647058823
2,6.39,0.294,0.31876470588235295
2,6.4,0.275,0.31770588235294117
2,6.41,0.288,0.3182156862745098
2,6.42,0.281,0.31766666666666665
2,6.43,0.356,0.3168823529411765
2,6.44,0.309,0.3161764705882353
2,6.45,0.316,0.31607843137254904
2,6.46,0.279,0.31862745098039214
2,6.47,0.268,0.3191568627450981
2,6.48,0.233,0.3187058823529412
2,6.49,0.296,0.3164705882352941
2,6.5,0.289,0.31672549019607843
2,6.51,0.327,0.3157843137254902
2,6.52,0.3,0.31554901960784315
2,6.53,0.307,0.3147254901960785
2,6.54,0.358,0.31401960784313726
2,6.55,0.332,0.31401960784313726
2,6.56,0.351,0.31409803921568624
2,6.57,0.308,0.313156862745098
2,6.58,0.329,0.31182352941176467
2,6.59,0.316,0.311843137254902
2,6.6,0.327,0.3106274509803922
2,6.61,0.374,0.31037254901960787
2,6.62,0.314,0.31037254901960787
2,6.63,0.323,0.30937254901960787
2,6.64,0.315,0.3102549019607843
2,6.65,0.294,0.3099019607843137
2,6.66,0.303,0.31129411764705883
2,6.67,0.287,0.3116470588235294
2,6.68,0.315,0.31198039215686274
2,6.69,0.312,0.31192156862745096
2,6.7,0.286,0.3119803921568628
2,6.71,0.396,0.31166666666666665
2,6.72,0.315,0.3122156862745098
2,6.73,0.317,0.31401960784313726
2,6.74,0.263,0.31676470588235295
2,6.75,0.314,0.31803921568627447
2,6.76,0.252,0.319078431372549
2,6.77,0.317,0.31990196078431377
2,6.78,0.261,0.32231372549019605
2,6.79,0.301,0.32466666666666666
2,6.8,0.375,0.32576470588235296
2,6.81,0.313,0.32672549019607844
2,6.82,0.29,0.3268039215686275
2,6.83,0.317,0.3273725490196079
2,6.84,0.343,0.3268039215686274
2,6.85,0.341,0.3269019607843137
2,6.86,0.296,0.32668627450980386
2,6.87,0.323,0.3262941176470588
2,6.88,0.292,0.32741176470588235
2,6.89,0.335,0.32707843137254905
2,6.9,0.276,0.32819607843137255
2,6.91,0.346,0.328843137254902
2,6.92,0.306,0.32966666666666666
2,6.93,0.298,0.3311176470588235
2,6.94,0.353,0.33150980392156865
2,6.95,0.312,0.3318627450980392
2,6.96,0.3,0.33252941176470585
2,6.97,0.307,0.33094117647058824
2,6.98,0.36,0.3318235294117647
2,6.99,0.373,0.3319803921568627
2,7.0,0.361,0.33307843137254906
2,7.01,0.342,0.33439215686274515
2,7.02,0.369,0.33670588235294113
2,7.03,0.423,0.33680392156862743
2,7.04,0.427,0.3381764705882353
2,7.05,0.414,0.3383529411764706
2,7.06,0.381,0.3380980392156863
2,7.07,0.355,0.33939215686274504
2,7.08,0.337,0.34062745098039215
2,7.09,0.3,0.3414901960784314
2,7.1,0.321,0.3427843137254902
2,7.11,0.316,0.34294117647058825
2,7.12,0.354,0.344078431372549
2,7.13,0.371,0.343843137254902
2,7.14,0.306,0.34498039215686277
2,7.15,0.372,0.345156862745098
2,7.16,0.327,0.34684313725490196
2,7.17,0.345,0.3456470588235294
2,7.18,0.361,0.34643137254901957
2,7.19,0.335,0.3468039215686275
2,7.2,0.33,0.347
2,7.21,0.32,0.34752941176470586
2,7.22,0.315,0.3481960784313725
2,7.23,0.36,0.34884313725490196
2,7.24,0.325,0.3479411764705882
2,7.25,0.319,0.3462352941176471
2,7.26,0.381,0.3462156862745098
2,7.27,0.37,0.3465294117647059
2,7.28,0.322,0.34505882352941175
2,7.29,0.331,0.3439607843137255
2,7.3,0.31,0.34172549019607845
2,7.31,0.362,0.3405098039215686
2,7.32,0.379,0.3398627450980392
2,7.33,0.353,0.339156862745098
2,7.34,0.361,0.3392941176470588
2,7.35,0.409,0.34
2,7.36,0.349,0.3395686274509804
2,7.37,0.354,0.33931372549019606
2,7.38,0.311,0.33807843137254906
2,7.39,0.35,0.33607843137254906
2,7.4,0.344,0.3365098039215686
2,7.41,0.362,0.33499999999999996
2,7.42,0.285,0.3351960784313725
2,7.43,0.346,0.33494117647058824
2,7.44,0.317,0.3341568627450981
2,7.45,0.363,0.33337254901960783
2,7.46,0.339,0.334156862745098
2,7.47,0.334,0.33360784313725494
2,7.48,0.34,0.33288235294117646
2,7.49,0.314,0.3320980392156863
2,7.5,0.286,0.33250980392156865
2,7.51,0.36,0.3336274509803921
2,7.52,0.358,0.3336078431372549
2,7.53,0.294,0.33254901960784317
2,7.54,0.367,0.33278431372549017
2,7.55,0.313,0.33219607843137255
2,7.56,0.352,0.3329607843137255
2,7.57,0.348,0.3327254901960784
2,7.58,0.319,0.3321176470588235
2,7.59,0.344,0.33241176470588235
2,7.6,0.336,0.33260784313725483
2,7.61,0.299,0.33158823529411763
2,7.62,0.303,0.33129411764705885
2,7.63,0.291,0.33088235294117646
2,7.64,0.269,0.33147058823529413
2,7.65,0.328,0.3307254901960784
2,7.66,0.295,0.33045098039215687
2,7.67,0.337,0.33035294117647057
2,7.68,0.332,0.33178431372549017
2,7.69,0.321,0.332078431372549
2,7.7,0.295,0.3325098039215686
2,7.71,0.37,0.3319411764705882
2,7.72,0.292,0.33156862745098037
2,7.73,0.278,0.33182352941176474
2,7.74,0.32,0.33217647058823535
2,7.75,0.346,0.3324509803921569
2,7.76,0.376,0.33309803921568626
2,7.77,0.38,0.3324509803921568
2,7.78,0.316,0.3316862745098039
2,7.79,0.334,0.33205882352941174
2,7.8,0.301,0.33145098039215687
2,7.81,0.349,0.33205882352941174
2,7.82,0.35,0.33170588235294113
2,7.83,0.348,0.33131372549019605
2,7.84,0.368,0.3305882352941176
2,7.85,0.371,0.32998039215686276
2,7.86,0.357,0.3300980392156863
2,7.87,0.334,0.33070588235294124
2,7.88,0.333,0.3302745098039216
2,7.89,0.341,0.3307843137254902
2,7.9,0.312,0.33149019607843133
2,7.91,0.33,0.33239215686274504
2,7.92,0.357,0.3333725490196079
2,7.93,0.358,0.3335294117647059
2,7.94,0.361,0.3340196078431373
2,7.95,0.339,0.3345098039215686
2,7.96,0.334,0.3350392156862745
2,7.97,0.32,0.33447058823529413
2,7.98,0.347,0.3348627450980392
2,7.99,0.358,0.3359019607843137
2,8.0,0.328,0.33668627450980393
2,8.01,0.319,0.33694117647058824
2,8.02,0.327,0.3357450980392157
2,8.03,0.319,0.33437254901960783
2,8.04,0.313,0.3339019607843137
2,8.05,0.336,0.33325490196078433
2,8.06,0.344,0.3342941176470588
2,8.07,0.334,0.33443137254901956
2,8.08,0.328,0.33347058823529413
2,8.09,0.282,0.33364705882352946
2,8.1,0.313,0.33276470588235296
2,8.11,0.342,0.332
2,8.12,0.33,0.33145098039215687
2,8.13,0.281,0.3318823529411765
2,8.14,0.317,0.33184313725490194
2,8.15,0.305,0.3317647058823529
2,8.16,0.374,0.33162745098039215
2,8.17,0.345,0.33247058823529413
2,8.18,0.345,0.3324313725490196
2,8.19,0.357,0.33254901960784317
2,8.2,0.346,0.3321764705882353
2,8.21,0.322,0.33254901960784317
2,8.22,0.341,0.332078431372549
2,8.23,0.312,0.33274509803921565
2,8.24,0.331,0.3320392156862745
2,8.25,0.36,0.3321764705882353
2,8.26,0.359,0.33170588235294113
2,8.27,0.315,0.3314313725490196
2,8.28,0.31,0.3324117647058824
2,8.29,0.292,0.33225490196078433
2,8.3,0.301,0.3319411764705882
2,8.31,0.354,0.33074509803921565
2,8.32,0.356,0.32978431372549016
2,8.33,0.301,0.33135294117647063
2,8.34,0.357,0.33150980392156865
2,8.35,0.323,0.33182352941176474
2,8.36,0.332,0.33164705882352935
2,8.37,0.329,0.3308235294117647
2,8.38,0.356,0.3301764705882353
2,8.39,0.331,0.3311960784313725
2,8.4,0.337,0.3313333333333333
2,8.41,0.305,0.33254901960784317
2,8.42,0.373,0.3317058823529412
2,8.43,0.355,0.3323725490196078
2,8.44,0.364,0.332235294117647
2,8.45,0.342,0.3309607843137255
2,8.46,0.358,0.33
2,8.47,0.31,0.33066666666666666
2,8.48,0.354,0.3312549019607843
2,8.49,0.311,0.3313529411764705
2,8.5,0.365,0.3302156862745098
2,8.51,0.304,0.330843137254902
2,8.52,0.305,0.3315490196078431
2,8.53,0.377,0.33162745098039215
2,8.54,0.311,0.3305882352941176
2,8.55,0.297,0.3304901960784314
2,8.56,0.275,0.33035294117647057
2,8.57,0.295,0.3291960784313725
2,8.58,0.414,0.32837254901960783
2,8.59,0.336,0.3293921568627451
2,8.6,0.298,0.3305098039215686
2,8.61,0.304,0.33041176470588235
2,8.62,0.3,0.3307254901960784
2,8.63,0.297,0.33025490196078433
2,8.64,0.333,0.3302941176470588
2,8.65,0.324,0.3300980392156863
2,8.66,0.367,0.33050980392156865
2,8.67,0.331,0.3310588235294118
2,8.68,0.379,0.3295882352941177
2,8.69,0.338,0.3297450980392157
2,8.7,0.292,0.3272549019607843
2,8.71,0.297,0.326686274509804
2,8.72,0.356,0.3251176470588235
2,8.73,0.371,0.32523529411764707
2,8.74,0.317,0.32376470588235295
2,8.75,0.273,0.3235882352941177
2,8.76,0.392,0.3226470588235294
2,8.77,0.395,0.3238823529411765
2,8.78,0.319,0.32521568627450986
2,8.79,0.257,0.32417647058823523
2,8.8,0.287,0.3240196078431372
2,8.81,0.294,0.32386274509803925
2,8.82,0.295,0.32403921568627453
2,8.83,0.314,0.3245882352941177
2,8.84,0.353,0.32280392156862747
2,8.85,0.414,0.3223137254901961
2,8.86,0.318,0.3227058823529411
2,8.87,0.348,0.32319607843137255
2,8.88,0.305,0.3225490196078431
2,8.89,0.358,0.3227058823529411
2,8.9,0.321,0.32233333333333336
2,8.91,0.358,0.32233333333333336
2,8.92,0.333,0.32123529411764706
2,8.93,0.298,0.3212745098039215
2,8.94,0.363,0.31950980392156864
2,8.95,0.237,0.3195294117647059
2,8.96,0.313,0.3200196078431372
2,8.97,0.278,0.3205686274509803
2,8.98,0.316,0.3197843137254902
2,8.99,0.279,0.31876470588235295
2,9.0,0.302,0.3195294117647059
2,9.01,0.317,0.32025490196078427
2,9.02,0.367,0.31884313725490193
2,9.03,0.373,0.3178039215686274
2,9.04,0.324,0.318156862745098
2,9.05,0.303,0.31998039215686275
2,9.06,0.289,0.32119607843137254
2,9.07,0.284,0.3229019607843137
2,9.08,0.323,0.32294117647058823
2,9.09,0.323,0.3226078431372549
2,9.1,0.311,0.3213725490196079
2,9.11,0.318,0.31982352941176473
2,9.12,0.329,0.31935294117647056
2,9.13,0.267,0.3193921568627451
2,9.14,0.305,0.31974509803921564
2,9.15,0.314,0.31886274509803925
2,9.16,0.324,0.31866666666666665
2,9.17,0.311,0.31733333333333336
2,9.18,0.333,0.31719607843137254
2,9.19,0.289,0.31772549019607843
2,9.2,0.339,0.3168235294117647
2,9.21,0.317,0.3171568627450981
2,9.22,0.325,0.31670588235294117
2,9.23,0.316,0.31623529411764706
2,9.24,0.319,0.3167254901960785
2,9.25,0.356,0.31754901960784315
2,9.26,0.31,0.3175882352941176
2,9.27,0.32,0.3176862745098039
2,9.28,0.342,0.31609803921568624
2,9.29,0.337,0.31570588235294117
2,9.3,0.35,0.31570588235294117
2,9.31,0.349,0.31572549019607843
2,9.32,0.381,0.317078431372549
2,9.33,0.297,0.3184313725490196
2,9.34,0.297,0.31878431372549015
2,9.35,0.29,0.3192352941176471
2,9.36,0.335,0.3192941176470588
2,9.37,0.294,0.3185686274509804
2,9.38,0.35,0.31774509803921575
2,9.39,0.323,0.3172745098039216
2,9.4,0.313,0.31666666666666665
2,9.41,0.311,0.31698039215686274
2,9.42,0.29,0.31684313725490193
2,9.43,0.326,0.3168235294117647
2,9.44,0.325,0.316156862745098
2,9.45,0.317,0.31592156862745097
2,9.46,0.254,0.3149607843137255
2,9.47,0.29,0.31464705882352945
2,9.48,0.254,0.31382352941176467
2,9.49,0.341,0.3131176470588235
2,9.5,0.321,0.3137843137254902
2,9.51,0.304,0.3131764705882353
2,9.52,0.322,0.31313725490196076
2,9.53,0.286,0.31349019607843137
2,9.54,0.353,0.3127450980392157
2,9.55,0.324,0.31192156862745096
2,9.56,0.304,0.3106470588235294
2,9.57,0.358,0.309843137254902
2,9.58,0.353,0.30829411764705883
2,9.59,0.341,0.3084313725490196
2,9.6,0.346,0.308156862745098
2,9.61,0.314,0.30813725490196076
2,9.62,0.281,0.30837254901960787
2,9.63,0.287,0.30860784313725487
2,9.64,0.243,0.3083137254901961
2,9.65,0.274,0.30792156862745096
2,9.66,0.33,0.3086078431372549
2,9.67,0.317,0.3103137254901961
2,9.68,0.31,0.30958823529411766
2,9.69,0.299,0.30915686274509807
2,9.7,0.277,0.309
2,9.71,0.29,0.30860784313725487
2,9.72,0.301,0.30833333333333335
2,9.73,0.283,0.30886274509803924
2,9.74,0.28,0.31031372549019604
2,9.75,0.353,0.31043137254901965
2,9.76,0.325,0.31033333333333335
2,9.77,0.308,0.3119411764705882
2,9.78,0.338,0.31219607843137254
2,9.79,0.304,0.313078431372549
2,9.8,0.295,0.31201960784313726
2,9.81,0.285,0.31145098039215685
2,9.82,0.308,0.31156862745098035
2,9.83,0.302,0.31066666666666665
2,9.84,0.304,0.30954901960784315
2,9.85,0.283,0.3109019607843137
2,9.86,0.289,0.3098823529411765
2,9.87,0.347,0.3099607843137255
2,9.88,0.306,0.3130980392156863
2,9.89,0.335,0.3156274509803922
2,9.9,0.303,0.3175686274509804
2,9.91,0.348,0.31850980392156863
2,9.92,0.398,0.31829411764705884
2,9.93,0.253,0.31854901960784315
2,9.94,0.304,0.3197843137254902
2,9.95,0.317,0.3231764705882353
2,9.96,0.297,0.3255490196078431
2,9.97,0.24,0.32701960784313727
2,9.98,0.317,0.3279411764705882
2,9.99,0.328,0.3304313725490196
2,10.0,0.347,0.33284313725490194
2,10.01,0.316,0.33417647058823535
2,10.02,0.386,0.3366470588235294
2,10.03,0.335,0.33862745098039215
2,10.04,0.331,0.3408823529411765
2,10.05,0.299,0.344078431372549
2,10.06,0.295,0.3474901960784314
2,10.07,0.31,0.34978431372549024
2,10.08,0.312,0.35207843137254907
2,10.09,0.296,0.35458823529411765
2,10.1,0.41,0.3569803921568627
2,10.11,0.294,0.3592549019607843
2,10.12,0.318,0.3619411764705882
2,10.13,0.441,0.3639411764705882
2,10.14,0.416,0.3650588235294117
2,10.15,0.342,0.3668823529411765
2,10.16,0.322,0.3689411764705882
2,10.17,0.319,0.3703921568627451
2,10.18,0.33,0.37105882352941183
2,10.19,0.373,0.3742745098039216
2,10.2,0.472,0.37613725490196076
2,10.21,0.398,0.37845098039215685
2,10.22,0.365,0.3815098039215686
2,10.23,0.348,0.38511764705882356
2,10.24,0.41,0.3861764705882353
2,10.25,0.403,0.38788235294117646
2,10.26,0.421,0.39
2,10.27,0.451,0.3923921568627451
2,10.28,0.409,0.39282352941176474
2,10.29,0.453,0.3944117647058823
2,10.3,0.467,0.395921568627451
2,10.31,0.469,0.39892156862745104
2,10.32,0.402,0.4011764705882353
2,10.33,0.425,0.4037843137254902
2,10.34,0.43,0.4061372549019608
2,10.35,0.426,0.40790196078431373
2,10.36,0.399,0.40858823529411764
2,10.37,0.426,0.41141176470588237
2,10.38,0.449,0.412921568627451
2,10.39,0.363,0.4117647058823529
2,10.4,0.428,0.4125882352941176
2,10.41,0.408,0.41450980392156866
2,10.42,0.422,0.41541176470588237
2,10.43,0.432,0.41711764705882354
2,10.44,0.417,0.4184705882352941
2,10.45,0.399,0.4196470588235294
2,10.46,0.435,0.41778431372549024
2,10.47,0.453,0.4180392156862745
2,10.48,0.424,0.41960784313725485
2,10.49,0.371,0.42145098039215684
2,10.5,0.415,0.4223137254901961
2,10.51,0.455,0.42311764705882354
2,10.52,0.438,0.4238039215686274
2,10.53,0.408,0.4234313725490196
2,10.54,0.416,0.42384313725490197
2,10.55,0.408,0.42313725490196075
2,10.56,0.452,0.4222941176470589
2,10.57,0.41,0.4212156862745098
2,10.58,0.443,0.42223529411764704
2,10.59,0.432,0.4223725490196078
2,10.6,0.386,0.42186274509803917
2,10.61,0.445,0.4226666666666667
2,10.62,0.438,0.4232352941176471
2,10.63,0.395,0.4232352941176471
2,10.64,0.382,0.4226274509803921
2,10.65,0.458,0.4220392156862745
2,10.66,0.44,0.4195294117647058
2,10.67,0.368,0.4191764705882353
2,10.68,0.406,0.41737254901960785
2,10.69,0.399,0.4167647058823529
2,10.7,0.433,0.4152745098039216
2,10.71,0.377,0.41541176470588237
2,10.72,0.411,0.4127843137254902
2,10.73,0.445,0.4103529411764706
2,10.74,0.442,0.4096666666666666
2,10.75,0.454,0.41029411764705886
2,10.76,0.444,0.4093529411764706
2,10.77,0.456,0.41021568627450977
2,10.78,0.432,0.4097647058823529
2,10.79,0.43,0.40811764705882353
2,10.8,0.417,0.40529411764705886
2,10.81,0.424,0.4047058823529412
2,10.82,0.414,0.4022941176470588
2,10.83,0.454,0.3995686274509804
2,10.84,0.432,0.3966862745098039
2,10.85,0.404,0.39472549019607844
2,10.86,0.467,0.39325490196078433
2,10.87,0.428,0.3902549019607843
2,10.88,0.426,0.3874705882352941
2,10.89,0.418,0.384843137254902
2,10.9,0.333,0.3837058823529412
2,10.91,0.3,0.3797058823529412
2,10.92,0.39,0.3777843137254902
2,10.93,0.33,0.3763529411764706
2,10.94,0.401,0.37490196078431365
2,10.95,0.341,0.3731568627450981
2,10.96,0.406,0.3707254901960784
2,10.97,0.301,0.3692156862745098
2,10.98,0.329,0.36749019607843136
2,10.99,0.389,0.36680392156862746
2,11.0,0.403,0.36652941176470594
2,11.01,0.367,0.3639411764705882
2,11.02,0.499,0.3623529411764706
2,11.03,0.415,0.36000000000000004
2,11.04,0.324,0.3581372549019608
2,11.05,0.272,0.3557843137254902
2,11.06,0.378,0.35470588235294126
2,11.07,0.329,0.3535882352941176
2,11.08,0.271,0.3508627450980393
2,11.09,0.296,0.3488039215686275
2,11.1,0.332,0.3471176470588236
2,11.11,0.311,0.3460196078431373
2,11.12,0.292,0.34358823529411764
2,11.13,0.296,0.3421960784313725
2,11.14,0.261,0.3406470588235294
2,11.15,0.324,0.3391176470588236
2,11.16,0.254,0.3401960784313725
2,11.17,0.342,0.3410588235294118
2,11.18,0.295,0.33988235294117647
2,11.19,0.332,0.3393333333333334
2,11.2,0.31,0.3376078431372549
2,11.21,0.309,0.33788235294117647
2,11.22,0.3,0.33676470588235297
2,11.23,0.323,0.3374313725490196
2,11.24,0.41,0.3369019607843138
2,11.25,0.428,0.33549019607843145
2,11.26,0.322,0.3336862745098039
2,11.27,0.363,0.33274509803921576
2,11.28,0.336,0.33025490196078433
2,11.29,0.337,0.330078431372549
2,11.3,0.31,0.33027450980392153
2,11.31,0.362,0.33166666666666667
2,11.32,0.367,0.33113725490196083
2,11.33,0.275,0.3319019607843137
2,11.34,0.349,0.3325490196078431
2,11.35,0.346,0.33349019607843133
2,11.36,0.348,0.33368627450980387
2,11.37,0.343,0.3337647058823529
2,11.38,0.357,0.3348627450980392
2,11.39,0.347,0.33494117647058824
2,11.4,0.34,0.33599999999999997
2,11.41,0.388,0.3363137254901961
2,11.42,0.344,0.33676470588235297
2,11.43,0.33,0.33598039215686276
2,11.44,0.302,0.33717647058823524
2,11.45,0.313,0.33672549019607845
2,11.46,0.355,0.33684313725490195
2,11.47,0.349,0.33766666666666667
2,11.48,0.335,0.3375490196078431
2,11.49,0.302,0.3383333333333333
2,11.5,0.317,0.33750980392156865
2,11.51,0.311,0.336156862745098
2,11.52,0.319,0.33547058823529413
2,11.53,0.372,0.33498039215686276
2,11.54,0.406,0.33460784313725483
2,11.55,0.334,0.33476470588235296
2,11.56,0.343,0.33460784313725495
2,11.57,0.351,0.3334705882352941
2,11.58,0.368,0.33233333333333337
2,11.59,0.304,0.3339607843137255
2,11.6,0.344,0.3330196078431372
2,11.61,0.342,0.33274509803921565
2,11.62,0.315,0.3320980392156863
2,11.63,0.348,0.3323529411764706
2,11.64,0.3,0.33203921568627454
2,11.65,0.315,0.33237254901960783
2,11.66,0.34,0.3319803921568627
2,11.67,0.277,0.33088235294117646
2,11.68,0.302,0.33076470588235296
2,11.69,0.356,0.3309019607843138
2,11.7,0.309,0.33172549019607844
2,11.71,0.316,0.33137254901960783
2,11.72,0.351,0.3317450980392157
2,11.73,0.294,0.33150980392156865
2,11.74,0.363,0.3311176470588235
2,11.75,0.368,0.3300980392156862
2,11.76,0.359,0.33039215686274503
2,11.77,0.287,0.3313529411764705
2,11.78,0.338,0.332156862745098
2,11.79,0.317,0.3313333333333333
2,11.8,0.345,0.33039215686274515
2,11.81,0.302,0.3306470588235294
2,11.82,0.304,0.3309019607843138
2,11.83,0.309,0.32962745098039214
2,11.84,0.358,0.32874509803921564
2,11.85,0.301,0.32756862745098037
2,11.86,0.332,0.3267058823529412
2,11.87,0.315,0.3263529411764706
2,11.88,0.356,0.32713725490196083
2,11.89,0.341,0.3268235294117647
2,11.9,0.364,0.32727450980392153
2,11.91,0.32,0.3267843137254902
2,11.92,0.332,0.32576470588235296
2,11.93,0.338,0.3271176470588235
2,11.94,0.337,0.32721568627450975
2,11.95,0.344,0.3255882352941177
2,11.96,0.295,0.3257450980392157
2,11.97,0.374,0.32576470588235296
2,11.98,0.337,0.32529411764705884
2,11.99,0.315,0.3254705882352941
2,12.0,0.25,0.32411764705882357
2,12.01,0.332,0.3231176470588235
2,12.02,0.36,0.3218627450980392
2,12.03,0.36,0.32211764705882345
2,12.04,0.33,0.3213137254901961
2,12.05,0.358,0.3215686274509804
2,12.06,0.347,0.3215098039215686
2,12.07,0.356,0.32198039215686275
2,12.08,0.286,0.3227843137254902
2,12.09,0.323,0.32280392156862747
2,12.1,0.244,0.322156862745098
2,12.11,0.3,0.3235294117647059
2,12.12,0.324,0.32321568627450975
2,12.13,0.355,0.3227647058823529
2,12.14,0.332,0.322921568627451
2,12.15,0.323,0.32217647058823523
2,12.16,0.29,0.3209607843137255
2,12.17,0.288,0.32027450980392164
2,12.18,0.346,0.32050980392156864
2,12.19,0.307,0.319843137254902
2,12.2,0.273,0.3201372549019608
2,12.21,0.317,0.3183529411764706
2,12.22,0.317,0.3181764705882353
2,12.23,0.327,0.3163333333333333
2,12.24,0.303,0.314843137254902
2,12.25,0.294,0.314156862745098
2,12.26,0.317,0.31501960784313726
2,12.27,0.295,0.315
2,12.28,0.3,0.3132745098039215
2,12.29,0.297,0.31213725490196076
2,12.3,0.33,0.3117843137254902
2,12.31,0.342,0.30960784313725487
2,12.32,0.326,0.3087843137254902
2,12.33,0.345,0.30801960784313726
2,12.34,0.31,0.308921568627451
2,12.35,0.325,0.30919607843137253
2,12.36,0.371,0.3111372549019608
2,12.37,0.316,0.3119411764705882
2,12.38,0.292,0.3114313725490196
2,12.39,0.364,0.3110392156862745
2,12.4,0.303,0.3108039215686274
2,12.41,0.302,0.3112745098039216
2,12.42,0.285,0.31137254901960787
2,12.43,0.344,0.31331372549019604
2,12.44,0.304,0.3125686274509804
2,12.45,0.352,0.3124313725490196
2,12.46,0.253,0.3132745098039216
2,12.47,0.286,0.31333333333333335
2,12.48,0.28,0.31362745098039213
2,12.49,0.261,0.31258823529411767
2,12.5,0.28,0.31250980392156863
2,12.51,0.294,0.3128627450980392
2,12.52,0.331,0.31341176470588233
2,12.53,0.272,0.3149411764705883
2,12.54,0.302,0.315156862745098
2,12.55,0.312,0.31645098039215686
2,12.56,0.247,0.315921568627451
2,12.57,0.305,0.3161372549019608
2,12.58,0.317,0.3171176470588235
2,12.59,0.332,0.3172156862745098
2,12.6,0.337,0.31739215686274513
2,12.61,0.343,0.3175686274509804
2,12.62,0.341,0.3165686274509804
2,12.63,0.298,0.31684313725490193
2,12.64,0.335,0.31766666666666665
2,12.65,0.32,0.3172352941176471
2,12.66,0.347,0.3174313725490196
2,12.67,0.295,0.31780392156862747
2,12.68,0.387,0.31845098039215686
2,12.69,0.308,0.3182745098039216
2,12.7,0.3,0.3182745098039216
2,12.71,0.316,0.3175882352941176
2,12.72,0.32,0.318156862745098
2,12.73,0.332,0.3189607843137255
2,12.74,0.274,0.3201960784313725
2,12.75,0.299,0.3214313725490196
2,12.76,0.312,0.3224313725490196
2,12.77,0.345,0.324078431372549
2,12.78,0.373,0.32447058823529407
2,12.79,0.311,0.32486274509803925
2,12.8,0.363,0.3254901960784314
2,12.81,0.303,0.326235294117647
2,12.82,0.353,0.32841176470588235
2,12.83,0.376,0.3281372549019608
2,12.84,0.35,0.3276862745098039
2,12.85,0.319,0.3272549019607843
2,12.86,0.334,0.32688235294117646
2,12.87,0.32,0.32631372549019605
2,12.88,0.33,0.32635294117647057
2,12.89,0.334,0.3284313725490196
2,12.9,0.342,0.32931372549019605
2,12.91,0.313,0.32999999999999996
2,12.92,0.321,0.3319411764705883
2,12.93,0.318,0.3347058823529412
2,12.94,0.335,0.3354509803921569
2,12.95,0.304,0.33719607843137256
2,12.96,0.317,0.3395686274509804
2,12.97,0.282,0.33956862745098043
2,12.98,0.327,0.34049019607843134
2,12.99,0.343,0.3423921568627451
2,13.0,0.324,0.3452156862745098
2,13.01,0.331,0.3488627450980393
2,13.02,0.378,0.35090196078431374
2,13.03,0.351,0.3516470588235294
2,13.04,0.292,0.3521764705882353
2,13.05,0.334,0.3550196078431373
2,13.06,0.35,0.35690196078431374
2,13.07,0.358,0.3591960784313725
2,13.08,0.291,0.36088235294117643
2,13.09,0.294,0.36313725490196075
2,13.1,0.31,0.3650588235294117
2,13.11,0.318,0.368
2,13.12,0.314,0.3707254901960784
2,13.13,0.343,0.37215686274509807
2,13.14,0.404,0.37303921568627446
2,13.15,0.38,0.3746666666666667
2,13.16,0.355,0.3757450980392157
2,13.17,0.446,0.37800000000000006
2,13.18,0.436,0.3805098039215686
2,13.19,0.425,0.3826078431372549
2,13.2,0.397,0.3851960784313726
2,13.21,0.421,0.387843137254902
2,13.22,0.316,0.3909803921568627
2,13.23,0.367,0.39415686274509804
2,13.24,0.429,0.39694117647058824
2,13.25,0.418,0.39894117647058824
2,13.26,0.485,0.40129411764705886
2,13.27,0.416,0.4036078431372549
2,13.28,0.383,0.4048627450980392
2,13.29,0.4,0.40594117647058825
2,13.3,0.456,0.40807843137254896
2,13.31,0.459,0.41015686274509805
2,13.32,0.42,0.4118627450980393
2,13.33,0.439,0.4137058823529412
2,13.34,0.491,0.4168039215686275
2,13.35,0.448,0.420078431372549
2,13.36,0.469,0.42200000000000004
2,13.37,0.473,0.42437254901960786
2,13.38,0.393,0.42654901960784314
2,13.39,0.375,0.42788235294117644
2,13.4,0.417,0.4292941176470589
2,13.41,0.397,0.4301960784313726
2,13.42,0.428,0.43154901960784314
2,13.43,0.449,0.43117647058823527
2,13.44,0.425,0.43156862745098035
2,13.45,0.467,0.4320196078431372
2,13.46,0.439,0.4323529411764706
2,13.47,0.477,0.4319411764705882
2,13.48,0.444,0.43447058823529405
2,13.49,0.469,0.43537254901960787
2,13.5,0.445,0.43509803921568624
2,13.51,0.444,0.4360196078431372
2,13.52,0.449,0.434921568627451
2,13.53,0.442,0.43515686274509807
2,13.54,0.406,0.4358627450980392
2,13.55,0.401,0.437078431372549
2,13.56,0.44,0.4362549019607843
2,13.57,0.437,0.436
2,13.58,0.452,0.43611764705882355
2,13.59,0.449,0.43556862745098046
2,13.6,0.461,0.434607843137255
2,13.61,0.408,0.43458823529411766
2,13.62,0.439,0.4347450980392157
2,13.63,0.425,0.434156862745098
2,13.64,0.411,0.4356078431372549
2,13.65,0.476,0.4364117647058824
2,13.66,0.426,0.43645098039215685
2,13.67,0.424,0.438156862745098
2,13.68,0.427,0.4386470588235294
2,13.69,0.456,0.437843137254902
2,13.7,0.448,0.4377450980392157
2,13.71,0.414,0.43729411764705883
2,13.72,0.4,0.43752941176470583
2,13.73,0.445,0.4370392156862745
2,13.74,0.413,0.43668627450980385
2,13.75,0.415,0.43680392156862746
2,13.76,0.465,0.43650980392156863
2,13.77,0.429,0.4360588235294117
2,13.78,0.428,0.4350980392156863
2,13.79,0.419,0.4342156862745098
2,13.8,0.462,0.43429411764705883
2,13.81,0.414,0.4353137254901961
2,13.82,0.446,0.43537254901960787
2,13.83,0.426,0.43545098039215685
2,13.84,0.411,0.4358823529411765
2,13.85,0.442,0.4358823529411765
2,13.86,0.447,0.4360196078431373
2,13.87,0.477,0.43692156862745096
2,13.88,0.443,0.4365686274509804
2,13.89,0.467,0.4367254901960784
2,13.9,0.416,0.4364313725490196
2,13.91,0.419,0.4356862745098039
2,13.92,0.484,0.4364313725490196
2,13.93,0.453,0.4364313725490196
2,13.94,0.408,0.43664705882352944
2,13.95,0.42,0.4369607843137255
2,13.96,0.444,0.43668627450980396
2,13.97,0.451,0.4367647058823529
2,13.98,0.452,0.43817647058823533
2,13.99,0.426,0.4376862745098039
2,14.0,0.475,0.4379607843137255
2,14.01,0.43,0.4396862745098039
2,14.02,0.421,0.4400588235294118
2,14.03,0.4,0.4409607843137255
2,14.04,0.397,0.44184313725490193
2,14.05,0.41,0.4420588235294118
2,14.06,0.453,0.44198039215686274
2,14.07,0.443,0.442078431372549
2,14.08,0.441,0.44162745098039213
2,14.09,0.474,0.44129411764705884
2,14.1,0.449,0.4411960784313725
2,14.11,0.468,0.44184313725490193
2,14.12,0.454,0.4422549019607843
2,14.13,0.421,0.44178431372549015
2,14.14,0.433,0.4404313725490196
2,14.15,0.396,0.43950980392156863
2,14.16,0.438,0.44052941176470584
2,14.17,0.464,0.44090196078431365
2,14.18,0.424,0.43992156862745097
2,14.19,0.438,0.43901960784313726
2,14.2,0.472,0.43868627450980385
2,14.21,0.434,0.43866666666666665
2,14.22,0.418,0.4384705882352941
2,14.23,0.472,0.438921568627451
2,14.24,0.42,0.4379411764705883
2,14.25,0.427,0.4381960784313726
2,14.26,0.503,0.438
2,14.27,0.484,0.4382156862745098
2,14.28,0.475,0.4394901960784314
2,14.29,0.473,0.4397254901960784
2,14.3,0.43,0.4406470588235294
2,14.31,0.458,0.440843137254902
2,14.32,0.419,0.44101960784313726
2,14.33,0.423,0.4413529411764706
2,14.34,0.409,0.4414705882352941
2,14.35,0.406,0.4403137254901961
2,14.36,0.475,0.44147058823529406
2,14.37,0.468,0.4435686274509804
2,14.38,0.453,0.4431372549019608
2,14.39,0.374,0.44364705882352934
2,14.4,0.42,0.44380392156862747
2,14.41,0.468,0.4452549019607844
2,14.42,0.438,0.44456862745098036
2,14.43,0.434,0.44323529411764706
2,14.44,0.407,0.442843137254902
2,14.45,0.391,0.4423725490196078
2,14.46,0.419,0.44201960784313726
2,14.47,0.434,0.44276470588235295
2,14.48,0.474,0.44343137254901965
2,14.49,0.402,0.44274509803921563
2,14.5,0.439,0.44329411764705884
2,14.51,0.465,0.4440588235294118
2,14.52,0.441,0.44250980392156863
2,14.53,0.486,0.4420588235294117
2,14.54,0.412,0.44113725490196076
2,14.55,0.444,0.4402745098039216
2,14.56,0.42,0.4406274509803922
2,14.57,0.462,0.44086274509803924
2,14.58,0.46,0.44107843137254904
2,14.59,0.447,0.4413725490196078
2,14.6,0.415,0.44158823529411767
2,14.61,0.508,0.4410588235294118
2,14.62,0.575,0.4393137254901961
2,14.63,0.432,0.43745098039215685
2,14.64,0.447,0.43596078431372554
2,14.65,0.441,0.43727450980392163
2,14.66,0.47,0.4380980392156863
2,14.67,0.403,0.43750980392156863
2,14.68,0.396,0.43664705882352944
2,14.69,0.404,0.4370588235294117
2,14.7,0.414,0.4378431372549019
2,14.71,0.454,0.43943137254901965
2,14.72,0.472,0.43905882352941183
2,14.73,0.452,0.4392745098039215
2,14.74,0.437,0.4389607843137255
2,14.75,0.448,0.43882352941176467
2,14.76,0.466,0.43923529411764706
2,14.77,0.424,0.4382941176470588
2,14.78,0.461,0.43849019607843137
2,14.79,0.428,0.43749019607843137
2,14.8,0.429,0.43950980392156863
2,14.81,0.448,0.44037254901960793
2,14.82,0.47,0.44066666666666665
2,14.83,0.43,0.4407843137254902
2,14.84,0.438,0.44033333333333335
2,14.85,0.42,0.44
2,14.86,0.379,0.4402745098039216
2,14.87,0.386,0.4388235294117648
2,14.88,0.373,0.43578431372549015
2,14.89,0.377,0.43592156862745096
2,14.9,0.441,0.4360980392156863
2,14.91,0.462,0.4373333333333333
2,14.92,0.438,0.4366470588235294
2,14.93,0.394,0.4382745098039216
2,14.94,0.455,0.4399411764705883
2,14.95,0.447,0.44170588235294117
2,14.96,0.472,0.44199999999999995
2,14.97,0.4,0.44233333333333336
2,14.98,0.445,0.4413529411764706
2,14.99,0.458,0.4412745098039215
2,15.0,0.395,0.44139215686274513
2,15.01,0.46,0.4424313725490196
2,15.02,0.417,0.44219607843137254
2,15.03,0.451,0.44423529411764706
2,15.04,0.435,0.4447843137254902
2,15.05,0.515,0.445
2,15.06,0.488,0.44684313725490193
2,15.07,0.435,0.44825490196078427
2,15.08,0.468,0.4512941176470588
2,15.09,0.437,0.4535882352941176
2,15.1,0.43,0.45531372549019605
2,15.11,0.429,0.4573333333333333
2,15.12,0.434,0.459686274509804
2,15.13,0.42,0.46211764705882347
2,15.14,0.439,0.46347058823529413
2,15.15,0.456,0.46398039215686276
2,15.16,0.504,0.46384313725490195
2,15.17,0.435,0.4636470588235294
2,15.18,0.486,0.4641176470588236
2,15.19,0.481,0.4649803921568627
2,15.2,0.494,0.46505882352941175
2,15.21,0.429,0.46456862745098043
2,15.22,0.471,0.46417647058823536
2,15.23,0.422,0.46619607843137256
2,15.24,0.448,0.46692156862745104
2,15.25,0.443,0.46596078431372545
2,15.26,0.501,0.46615686274509804
2,15.27,0.454,0.46515686274509804
2,15.28,0.528,0.46560784313725495
2,15.29,0.489,0.4651764705882353
2,15.3,0.439,0.46496078431372545
2,15.31,0.523,0.4640588235294118
2,15.32,0.52,0.4624313725490196
2,15.33,0.625,0.4628235294117647
2,15.34,0.547,0.46284313725490195
2,15.35,0.526,0.46399999999999997
2,15.36,0.523,0.46529411764705886
2,15.37,0.499,0.46584313725490195
2,15.38,0.51,0.46637254901960784
2,15.39,0.442,0.4672156862745099
2,15.4,0.403,0.46790196078431373
2,15.41,0.434,0.46839215686274516
2,15.42,0.452,0.46794117647058825
2,15.43,0.462,0.46782352941176475
2,15.44,0.438,0.46688235294117647
2,15.45,0.459,0.4662156862745098
2,15.46,0.422,0.46715686274509804
2,15.47,0.452,0.46852941176470586
2,15.48,0.503,0.46798039215686277
2,15.49,0.482,0.468843137254902
2,15.5,0.409,0.4684705882352941
2,15.51,0.405,0.4675686274509804
2,15.52,0.409,0.4655686274509804
2,15.53,0.44,0.46492156862745093
2,15.54,0.429,0.4644901960784314
2,15.55,0.424,0.4646666666666667
2,15.56,0.469,0.46584313725490195
2,15.57,0.405,0.4646274509803922
2,15.58,0.455,0.4625882352941177
2,15.59,0.469,0.4588039215686275
2,15.6,0.496,0.45739215686274515
2,15.61,0.496,0.4559019607843138
2,15.62,0.457,0.45439215686274514
2,15.63,0.461,0.4528235294117647
2,15.64,0.463,0.45164705882352946
2,15.65,0.474,0.45094117647058823
2,15.66,0.481,0.4513725490196078
2,15.67,0.481,0.4521176470588235
2,15.68,0.429,0.45207843137254905
2,15.69,0.438,0.4519607843137255
2,15.7,0.447,0.45123529411764707
2,15.71,0.542,0.4506470588235294
2,15.72,0.499,0.4507254901960785
2,15.73,0.443,0.4501960784313725
2,15.74,0.466,0.44941176470588234
2,15.75,0.429,0.44952941176470584
2,15.76,0.397,0.4504705882352941
2,15.77,0.399,0.45256862745098037
2,15.78,0.421,0.45407843137254905
2,15.79,0.506,0.4545490196078431
2,15.8,0.498,0.4553529411764706
2,15.81,0.499,0.4563333333333333
2,15.82,0.461,0.45641176470588235
2,15.83,0.416,0.45817647058823524
2,15.84,0.432,0.4591568627450981
2,15.85,0.475,0.45870588235294113
2,15.86,0.45,0.45954901960784317
2,15.87,0.446,0.45998039215686276
2,15.88,0.419,0.46125490196078434
2,15.89,0.45,0.4622941176470588
2,15.9,0.406,0.46411764705882347
2,15.91,0.425,0.46507843137254906
2,15.92,0.472,0.4646078431372549
2,15.93,0.45,0.46370588235294113
2,15.94,0.456,0.4644117647058823
2,15.95,0.401,0.4648039215686275
2,15.96,0.429,0.46464705882352947
2,15.97,0.426,0.4624509803921569
2,15.98,0.425,0.46174509803921576
2,15.99,0.463,0.4617058823529412
2,16.0,0.488,0.46237254901960784
2,16.01,0.457,0.46266666666666667
2,16.02,0.512,0.4633725490196078
2,16.03,0.486,0.4655490196078432
2,16.04,0.464,0.4662156862745098
2,16.05,0.47,0.46547058823529414
2,16.06,0.474,0.46484313725490195
2,16.07,0.473,0.4647450980392157
2,16.08,0.495,0.4646666666666667
2,16.09,0.505,0.46601960784313723
2,16.1,0.446,0.4675490196078432
2,16.11,0.539,0.46790196078431373
2,16.12,0.518,0.46831372549019606
2,16.13,0.522,0.4696078431372549
2,16.14,0.514,0.4704509803921569
2,16.15,0.556,0.47184313725490196
2,16.16,0.523,0.4739411764705882
2,16.17,0.457,0.4750392156862745
2,16.18,0.435,0.4764901960784314
2,16.19,0.465,0.4772549019607843
2,16.2,0.458,0.4780980392156863
2,16.21,0.439,0.4807647058823529
2,16.22,0.43,0.48300000000000004
2,16.23,0.463,0.485
2,16.24,0.441,0.4860588235294118
2,16.25,0.5,0.48647058823529415
2,16.26,0.444,0.48688235294117654
2,16.27,0.433,0.48786274509803923
2,16.28,0.51,0.48813725490196075
2,16.29,0.455,0.48801960784313725
2,16.3,0.468,0.487843137254902
2,16.31,0.466,0.48835294117647055
2,16.32,0.494,0.48890196078431375
2,16.33,0.457,0.4887843137254902
2,16.34,0.485,0.4891176470588236
2,16.35,0.51,0.48892156862745095
2,16.36,0.493,0.4895490196078432
2,16.37,0.471,0.4885686274509804
2,16.38,0.512,0.48747058823529416
2,16.39,0.462,0.48715686274509806
2,16.4,0.521,0.4866274509803922
2,16.41,0.513,0.48490196078431375
2,16.42,0.481,0.48525490196078436
2,16.43,0.546,0.48670588235294115
2,16.44,0.489,0.4890196078431373
2,16.45,0.499,0.49109803921568634
2,16.46,0.537,0.49390196078431375
2,16.47,0.543,0.4959803921568627
2,16.48,0.528,0.49774509803921574
2,16.49,0.479,0.4993137254901961
2,16.5,0.484,0.5014313725490196
2,16.51,0.509,0.5009411764705882
2,16.52,0.507,0.502686274509804
2,16.53,0.526,0.5042352941176471
2,16.54,0.48,0.5049607843137255
2,16.55,0.455,0.5056078431372549
2,16.56,0.496,0.5054901960784314
2,16.57,0.502,0.5060980392156863
2,16.58,0.467,0.5059019607843137
2,16.59,0.512,0.5058039215686274
2,16.6,0.495,0.5060588235294118
2,16.61,0.478,0.5058235294117647
2,16.62,0.489,0.5050588235294118
2,16.63,0.462,0.5063333333333333
2,16.64,0.506,0.5062745098039215
2,16.65,0.487,0.5067254901960784
2,16.66,0.468,0.5065294117647059
2,16.67,0.541,0.505921568627451
2,16.68,0.531,0.5053333333333333
2,16.69,0.553,0.5052549019607844
2,16.7,0.571,0.506235294117647
2,16.71,0.601,0.5064117647058823
2,16.72,0.545,0.5058823529411764
2,16.73,0.52,0.5049019607843137
2,16.74,0.543,0.5048431372549019
2,16.75,0.549,0.5056666666666667
2,16.76,0.475,0.5062941176470588
2,16.77,0.533,0.5055882352941177
2,16.78,0.512,0.5051372549019608
2,16.79,0.547,0.5041764705882353
2,16.8,0.488,0.5043921568627451
2,16.81,0.462,0.5054117647058823
2,16.82,0.497,0.5060392156862745
2,16.83,0.484,0.5064117647058823
2,16.84,0.452,0.5062549019607843
2,16.85,0.498,0.5059411764705882
2,16.86,0.498,0.5054509803921569
2,16.87,0.454,0.505
2,16.88,0.536,0.5045882352941176
2,16.89,0.509,0.5054117647058823
2,16.9,0.485,0.5043725490196078
2,16.91,0.511,0.5046078431372549
2,16.92,0.482,0.505313725490196
2,16.93,0.451,0.5045882352941177
2,16.94,0.542,0.5027254901960785
2,16.95,0.539,0.5012549019607843
2,16.96,0.508,0.49892156862745096
2,16.97,0.51,0.4964901960784314
2,16.98,0.493,0.49476470588235294
2,16.99,0.525,0.49494117647058816
2,17.0,0.521,0.49407843137254903
2,17.01,0.516,0.49264705882352944
2,17.02,0.473,0.4924705882352941
2,17.03,0.484,0.4904705882352941
2,17.04,0.477,0.489843137254902
2,17.05,0.491,0.488078431372549
2,17.06,0.507,0.48794117647058827
2,17.07,0.528,0.4875490196078432
2,17.08,0.521,0.48815686274509806
2,17.09,0.459,0.48788235294117643
2,17.1,0.496,0.48758823529411766
2,17.11,0.47,0.487078431372549
2,17.12,0.455,0.48676470588235293
2,17.13,0.468,0.4869411764705882
2,17.14,0.504,0.48537254901960786
2,17.15,0.453,0.4849607843137255
2,17.16,0.499,0.4847843137254902
2,17.17,0.504,0.4842549019607843
2,17.18,0.504,0.4841960784313726
2,17.19,0.436,0.4848039215686275
2,17.2,0.478,0.48301960784313724
2,17.21,0.452,0.48088235294117654
2,17.22,0.477,0.4796274509803921
2,17.23,0.457,0.47874509803921567
2,17.24,0.529,0.47835294117647054
2,17.25,0.499,0.47701960784313724
2,17.26,0.476,0.47537254901960785
2,17.27,0.466,0.47460784313725496
2,17.28,0.431,0.4752745098039215
2,17.29,0.48,0.47535294117647064
2,17.3,0.457,0.4754509803921569
2,17.31,0.481,0.476156862745098
2,17.32,0.442,0.47552941176470587
2,17.33,0.528,0.47349019607843135
2,17.34,0.47,0.4727058823529412
2,17.35,0.437,0.4727254901960784
2,17.36,0.472,0.47260784313725496
2,17.37,0.482,0.47276470588235286
2,17.38,0.463,0.47331372549019607
2,17.39,0.456,0.47341176470588237
2,17.4,0.488,0.47274509803921566
2,17.41,0.476,0.47331372549019607
2,17.42,0.484,0.4727058823529412
2,17.43,0.479,0.47280392156862744
2,17.44,0.482,0.4723333333333333
2,17.45,0.451,0.4734117647058823
2,17.46,0.43,0.47329411764705887
2,17.47,0.444,0.4736078431372549
2,17.48,0.465,0.47374509803921566
2,17.49,0.473,0.4743333333333334
2,17.5,0.457,0.4737450980392157
2,17.51,0.437,0.47374509803921566
2,17.52,0.477,0.4745098039215686
2,17.53,0.507,0.4750392156862745
2,17.54,0.488,0.47584313725490196
2,17.55,0.482,0.47625490196078435
2,17.56,0.527,0.4767058823529412
2,17.57,0.475,0.4775098039215686
2,17.58,0.424,0.4781960784313725
2,17.59,0.481,0.47705882352941176
2,17.6,0.46,0.478156862745098
2,17.61,0.49,0.4787647058823529
2,17.62,0.478,0.4780980392156863
2,17.63,0.483,0.4780980392156863
2,17.64,0.473,0.4785686274509804
2,17.65,0.47,0.4792745098039215
2,17.66,0.482,0.48013725490196074
2,17.67,0.468,0.4812941176470588
2,17.68,0.509,0.48137254901960785
2,17.69,0.48,0.48123529411764704
2,17.7,0.491,0.4809803921568628
2,17.71,0.472,0.48215686274509806
2,17.72,0.468,0.48290196078431374
2,17.73,0.484,0.4827450980392157
2,17.74,0.487,0.4824313725490196
2,17.75,0.499,0.4827254901960784
2,17.76,0.499,0.48284313725490197
2,17.77,0.515,0.4843137254901961
2,17.78,0.493,0.48505882352941176
2,17.79,0.472,0.48501960784313725
2,17.8,0.501,0.48601960784313725
2,17.81,0.48,0.4857450980392157
2,17.82,0.522,0.48501960784313725
2,17.83,0.477,0.4854117647058824
2,17.84,0.47,0.4862549019607843
2,17.85,0.526,0.4856274509803922
2,17.86,0.468,0.48523529411764704
2,17.87,0.438,0.4866862745098039
2,17.88,0.482,0.4867254901960784
2,17.89,0.487,0.4864313725490196
2,17.9,0.492,0.4863333333333333
2,17.91,0.532,0.48586274509803923
2,17.92,0.535,0.48564705882352943
2,17.93,0.488,0.4860392156862745
2,17.94,0.472,0.4866078431372549
2,17.95,0.469,0.4873137254901961
2,17.96,0.511,0.4865098039215687
2,17.97,0.468,0.4867450980392157
2,17.98,0.436,0.4875882352941176
2,17.99,0.449,0.4868235294117647
2,18.0,0.488,0.4863333333333333
2,18.01,0.463,0.485078431372549
2,18.02,0.512,0.4849607843137255
2,18.03,0.515,0.4842941176470589
2,18.04,0.505,0.48456862745098034
2,18.05,0.539,0.4845882352941177
2,18.06,0.468,0.4846470588235294
2,18.07,0.49,0.4838431372549019
2,18.08,0.495,0.4833333333333334
2,18.09,0.467,0.483
2,18.1,0.449,0.4831960784313726
2,18.11,0.44,0.48264705882352943
2,18.12,0.564,0.4827450980392157
2,18.13,0.48,0.4831960784313726
2,18.14,0.468,0.4829803921568628
2,18.15,0.468,0.4825098039215686
2,18.16,0.446,0.48211764705882354
2,18.17,0.471,0.48137254901960785
2,18.18,0.488,0.47811764705882354
2,18.19,0.538,0.4765490196078432
2,18.2,0.516,0.4743921568627451
2,18.21,0.45,0.47331372549019607
2,18.22,0.484,0.4705686274509804
2,18.23,0.511,0.4687254901960784
2,18.24,0.445,0.46831372549019606
2,18.25,0.462,0.4673725490196079
2,18.26,0.435,0.4658627450980392
2,18.27,0.493,0.4647450980392157
2,18.28,0.481,0.46219607843137256
2,18.29,0.507,0.4603921568627451
2,18.3,0.473,0.4580196078431373
2,18.31,0.504,0.4551176470588235
2,18.32,0.439,0.453235294117647
2,18.33,0.496,0.45133333333333336
2,18.34,0.46,0.44903921568627453
2,18.35,0.48,0.44772549019607844
2,18.36,0.498,0.44607843137254904
2,18.37,0.473,0.4453529411764706
2,18.38,0.461,0.4430392156862746
2,18.39,0.471,0.44045098039215685
2,18.4,0.463,0.4387058823529412
2,18.41,0.472,0.43756862745098046
2,18.42,0.494,0.43668627450980396
2,18.43,0.369,0.4345098039215686
2,18.44,0.408,0.4327450980392157
2,18.45,0.362,0.430156862745098
2,18.46,0.414,0.42790196078431364
2,18.47,0.371,0.4270980392156863
2,18.48,0.374,0.4252352941176471
2,18.49,0.415,0.42358823529411765
2,18.5,0.401,0.42194117647058826
2,18.51,0.411,0.4205882352941177
2,18.52,0.406,0.41933333333333334
2,18.53,0.382,0.41815686274509806
2,18.54,0.423,0.41670588235294115
2,18.55,0.384,0.41390196078431374
2,18.56,0.391,0.4136666666666666
2,18.57,0.372,0.4123921568627451
2,18.58,0.393,0.4118039215686275
2,18.59,0.378,0.4094313725490196
2,18.6,0.4,0.40858823529411764
2,18.61,0.365,0.40729411764705886
2,18.62,0.403,0.40682352941176475
2,18.63,0.446,0.4060196078431373
2,18.64,0.348,0.4055490196078431
2,18.65,0.379,0.4043529411764706
2,18.66,0.41,0.40250980392156865
2,18.67,0.401,0.40052941176470586
2,18.68,0.36,0.39888235294117647
2,18.69,0.398,0.39929411764705885
2,18.7,0.406,0.3984313725490196
2,18.71,0.401,0.39841176470588235
2,18.72,0.409,0.39833333333333326
2,18.73,0.389,0.3987843137254902
2,18.74,0.427,0.3994509803921569
2,18.75,0.361,0.3999607843137255
2,18.76,0.393,0.4001176470588235
2,18.77,0.371,0.4001176470588236
2,18.78,0.433,0.39970588235294113
2,18.79,0.407,0.4001372549019608
2,18.8,0.364,0.39984313725490195
2,18.81,0.461,0.400235294117647
2,18.82,0.439,0.4002941176470588
2,18.83,0.409,0.400686274509804
2,18.84,0.375,0.40335294117647064
2,18.85,0.417,0.40641176470588236
2,18.86,0.414,0.40819607843137257
2,18.87,0.474,0.4117647058823529
2,18.88,0.432,0.4130588235294118
2,18.89,0.437,0.41339215686274505
2,18.9,0.41,0.4168627450980392
2,18.91,0.369,0.41852941176470587
2,18.92,0.371,0.4201372549019608
2,18.93,0.41,0.422
2,18.94,0.39,0.4248431372549019
2,18.95,0.364,0.4270392156862745
2,18.96,0.361,0.42858823529411766
2,18.97,0.41,0.4307058823529412
2,18.98,0.394,0.4325686274509804
2,18.99,0.408,0.4343725490196078
2,19.0,0.441,0.4363725490196078
2,19.01,0.409,0.43892156862745096
2,19.02,0.411,0.4403333333333333
2,19.03,0.385,0.4422745098039216
2,19.04,0.404,0.44282352941176467
2,19.05,0.408,0.44498039215686275
2,19.06,0.404,0.4465294117647059
2,19.07,0.394,0.4467058823529412
2,19.08,0.392,0.44682352941176473
2,19.09,0.529,0.4478627450980392
2,19.1,0.534,0.45039215686274514
2,19.11,0.491,0.45103921568627453
2,19.12,0.547,0.4530196078431372
2,19.13,0.469,0.45388235294117646
2,19.14,0.463,0.4539803921568627
2,19.15,0.525,0.45478431372549016
2,19.16,0.464,0.45680392156862737
2,19.17,0.492,0.4588039215686274
2,19.18,0.496,0.46098039215686276
2,19.19,0.505,0.4626470588235294
2,19.2,0.51,0.4648627450980392
2,19.21,0.485,0.4668627450980392
2,19.22,0.509,0.4686274509803922
2,19.23,0.504,0.4704313725490196
2,19.24,0.481,0.4710392156862745
2,19.25,0.529,0.47247058823529414
2,19.26,0.491,0.4739607843137255
2,19.27,0.465,0.4749803921568628
2,19.28,0.47,0.4765490196078431
2,19.29,0.461,0.4778627450980393
2,19.3,0.517,0.4792352941176471
2,19.31,0.443,0.4803529411764706
2,19.32,0.47,0.4819803921568627
2,19.33,0.445,0.4844313725490197
2,19.34,0.462,0.48617647058823527
2,19.35,0.504,0.4850196078431372
2,19.36,0.45,0.4843137254901961
2,19.37,0.515,0.483
2,19.38,0.518,0.4813137254901961
2,19.39,0.437,0.4818627450980393
2,19.4,0.478,0.4825686274509804
2,19.41,0.513,0.4824117647058823
2,19.42,0.471,0.48201960784313724
2,19.43,0.482,0.4811960784313726
2,19.44,0.495,0.48068627450980395
2,19.45,0.503,0.47970588235294115
2,19.46,0.466,0.47845098039215683
2,19.47,0.451,0.47737254901960785
2,19.48,0.502,0.47641176470588237
2,19.49,0.425,0.47552941176470587
2,19.5,0.481,0.47633333333333333
2,19.51,0.517,0.4745490196078432
2,19.52,0.461,0.4740196078431373
2,19.53,0.491,0.47382352941176475
2,19.54,0.452,0.47350980392156855
2,19.55,0.474,0.4738627450980393
2,19.56,0.465,0.4722156862745098
2,19.57,0.487,0.4720196078431373
2,19.58,0.519,0.4710392156862745
2,19.59,0.481,0.47111764705882353
2,19.6,0.47,0.4715294117647059
2,19.61,0.498,0.47031372549019607
2,19.62,0.424,0.47058823529411764
2,19.63,0.461,0.46998039215686277
2,19.64,0.497,0.4691176470588235
2,19.65,0.499,0.4701176470588236
2,19.66,0.517,0.4703529411764706
2,19.67,0.444,0.47019607843137257
2,19.68,0.45,0.47127450980392155
2,19.69,0.47,0.4715490196078431
2,19.7,0.455,0.4700980392156863
2,19.71,0.446,0.4686470588235294
2,19.72,0.43,0.4684901960784314
2,19.73,0.46,0.4687647058823529
2,19.74,0.459,0.46815686274509805
2,19.75,0.522,0.469078431372549
2,19.76,0.438,0.470686274509804
2,19.77,0.464,0.46935294117647053
2,19.78,0.455,0.47003921568627455
2,19.79,0.454,0.4699411764705882
2,19.8,0.479,0.4709999999999999
2,19.81,0.433,0.4718235294117647
2,19.82,0.433,0.4736274509803921
2,19.83,0.42,0.4736078431372549
2,19.84,0.449,0.4729411764705882
2,19.85,0.483,0.47301960784313724
2,19.86,0.442,0.47294117647058825
2,19.87,0.464,0.47252941176470586
2,19.88,0.484,0.47300000000000003
2,19.89,0.474,0.4743529411764706
2,19.9,0.488,0.47445098039215683
2,19.91,0.49,0.4739411764705882
2,19.92,0.505,0.47274509803921566
2,19.93,0.526,0.4728823529411765
2,19.94,0.496,0.4735490196078431
2,19.95,0.421,0.4738235294117647
2,19.96,0.429,0.474078431372549
2,19.97,0.458,0.4750588235294118
2,19.98,0.465,0.4756666666666667
2,19.99,0.471,0.4760392156862745
2,20.0,0.472,0.47733333333333333
2,20.01,0.563,0.47660784313725496
2,20.02,0.449,0.47939215686274506
2,20.03,0.496,0.47956862745098044
2,20.04,0.486,0.48101960784313724
2,20.05,0.506,0.48200000000000004
2,20.06,0.516,0.4825882352941176
2,20.07,0.557,0.48327450980392156
2,20.08,0.486,0.48413725490196075
2,20.09,0.485,0.48511764705882354
2,20.1,0.485,0.4857450980392157
2,20.11,0.466,0.48505882352941176
2,20.12,0.477,0.4846666666666667
2,20.13,0.448,0.4834901960784314
2,20.14,0.53,0.48288235294117643
2,20.15,0.502,0.4829803921568628
2,20.16,0.473,0.48192156862745095
2,20.17,0.456,0.48339215686274506
2,20.18,0.451,0.4846666666666667
2,20.19,0.484,0.48464705882352943
2,20.2,0.484,0.4858431372549019
2,20.21,0.468,0.48596078431372547
2,20.22,0.496,0.48615686274509806
2,20.23,0.461,0.48401960784313725
2,20.24,0.479,0.4825882352941176
2,20.25,0.525,0.48137254901960785
2,20.26,0.485,0.4807058823529412
2,20.27,0.58,0.4771960784313725
2,20.28,0.473,0.4765098039215686
2,20.29,0.529,0.474921568627451
2,20.3,0.504,0.4734509803921569
2,20.31,0.509,0.471921568627451
2,20.32,0.468,0.4693921568627451
2,20.33,0.477,0.46541176470588236
2,20.34,0.47,0.46419607843137256
2,20.35,0.481,0.4642549019607843
2,20.36,0.448,0.4635294117647059
2,20.37,0.422,0.4624117647058824
2,20.38,0.404,0.4616470588235294
2,20.39,0.453,0.46094117647058824
2,20.4,0.479,0.4597058823529412
2,20.41,0.434,0.45990196078431367
2,20.42,0.565,0.4602352941176471
2,20.43,0.57,0.45988235294117646
2,20.44,0.525,0.4598039215686274
2,20.45,0.557,0.4591176470588235
2,20.46,0.427,0.458
2,20.47,0.439,0.45647058823529413
2,20.48,0.349,0.4543333333333333
2,20.49,0.392,0.4527450980392157
2,20.5,0.409,0.4510196078431373
2,20.51,0.438,0.4488039215686274
2,20.52,0.384,0.44641176470588234
2,20.53,0.414,0.4437058823529412
2,20.54,0.415,0.4419019607843137
2,20.55,0.411,0.43980392156862746
2,20.56,0.428,0.4379411764705883
2,20.57,0.387,0.4352549019607843
2,20.58,0.354,0.43423529411764705
2,20.59,0.424,0.4336274509803921
2,20.6,0.488,0.43300000000000005
2,20.61,0.448,0.4311176470588235
2,20.62,0.409,0.4300196078431372
2,20.63,0.438,0.42972549019607836
2,20.64,0.412,0.42970588235294116
2,20.65,0.467,0.42956862745098034
2,20.66,0.512,0.42803921568627445
2,20.67,0.49,0.42688235294117644
2,20.68,0.438,0.4237450980392157
2,20.69,0.447,0.4208823529411765
2,20.7,0.449,0.4180392156862745
2,20.71,0.427,0.4147450980392157
2,20.72,0.39,0.41374509803921566
2,20.73,0.387,0.41392156862745094
2,20.74,0.38,0.4155490196078432
2,20.75,0.391,0.4161764705882353
2,20.76,0.412,0.41652941176470587
2,20.77,0.363,0.4151372549019608
2,20.78,0.442,0.41443137254901957
2,20.79,0.381,0.4143137254901961
2,20.8,0.422,0.41360784313725485
2,20.81,0.409,0.41411764705882353
2,20.82,0.372,0.41396078431372546
2,20.83,0.416,0.41562745098039217
2,20.84,0.446,0.41649019607843135
2,20.85,0.438,0.4156470588235294
2,20.86,0.385,0.41501960784313724
2,20.87,0.392,0.41419607843137257
2,20.88,0.407,0.4154705882352941
2,20.89,0.403,0.4155098039215686
2,20.9,0.446,0.41662745098039217
2,20.91,0.401,0.4170392156862745
2,20.92,0.375,0.41572549019607846
2,20.93,0.405,0.4146666666666667
2,20.94,0.424,0.41517647058823526
2,20.95,0.38,0.4151176470588236
2,20.96,0.389,0.41552941176470587
2,20.97,0.376,0.41558823529411765
2,20.98,0.448,0.41658823529411765
2,20.99,0.432,0.4166274509803921
2,21.0,0.424,0.4164313725490196
2,21.01,0.427,0.41601960784313724
2,21.02,0.367,0.4167843137254902
2,21.03,0.348,0.4178823529411765
2,21.04,0.408,0.4178431372549019
2,21.05,0.379,0.41884313725490196
2,21.06,0.437,0.4186078431372549
2,21.07,0.42,0.41927450980392156
2,21.08,0.472,0.41980392156862745
2,21.09,0.398,0.4200392156862745
2,21.1,0.381,0.4185686274509804
2,21.11,0.456,0.4175490196078431
2,21.12,0.406,0.417764705882353
2,21.13,0.474,0.4200980392156863
2,21.14,0.44,0.4209411764705882
2,21.15,0.469,0.42201960784313725
2,21.16,0.488,0.42147058823529415
2,21.17,0.445,0.42158823529411765
2,21.18,0.436,0.4219019607843138
2,21.19,0.464,0.42215686274509806
2,21.2,0.444,0.4229607843137255
2,21.21,0.47,0.42405882352941177
2,21.22,0.43,0.42494117647058827
2,21.23,0.441,0.4263921568627451
2,21.24,0.389,0.4253725490196079
2,21.25,0.37,0.425235294117647
2,21.26,0.37,0.4246274509803921
2,21.27,0.451,0.42627450980392156
2,21.28,0.419,0.42776470588235294
2,21.29,0.44,0.4299411764705882
2,21.3,0.432,0.43025490196078425
2,21.31,0.41,0.4312941176470589
2,21.32,0.443,0.4307058823529412
2,21.33,0.399,0.4304901960784314
2,21.34,0.428,0.4285686274509804
2,21.35,0.371,0.4287450980392157
2,21.36,0.386,0.43
2,21.37,0.396,0.4310392156862745
2,21.38,0.511,0.4315882352941176
2,21.39,0.45,0.43160784313725487
2,21.4,0.458,0.4307450980392157
2,21.41,0.418,0.43149019607843137
2,21.42,0.407,0.43207843137254903
2,21.43,0.391,0.43233333333333335
2,21.44,0.418,0.43227450980392157
2,21.45,0.465,0.4315098039215687
2,21.46,0.436,0.43156862745098035
2,21.47,0.434,0.4310588235294117
2,21.48,0.45,0.43154901960784314
2,21.49,0.396,0.4312941176470589
2,21.5,0.425,0.43190196078431375
2,21.51,0.393,0.43354901960784314
2,21.52,0.511,0.435156862745098
2,21.53,0.443,0.4354705882352941
2,21.54,0.459,0.43688235294117644
2,21.55,0.424,0.43727450980392163
2,21.56,0.432,0.43592156862745096
2,21.57,0.407,0.4362549019607843
2,21.58,0.409,0.43607843137254904
2,21.59,0.374,0.437
2,21.6,0.407,0.43692156862745096
2,21.61,0.445,0.4372549019607843
2,21.62,0.509,0.43807843137254904
2,21.63,0.434,0.4383529411764706
2,21.64,0.475,0.4367254901960784
2,21.65,0.396,0.43590196078431376
2,21.66,0.507,0.4349411764705882
2,21.67,0.518,0.4343529411764706
2,21.68,0.458,0.43523529411764705
2,21.69,0.433,0.4365882352941176
2,21.7,0.425,0.4375294117647059
2,21.71,0.447,0.4373333333333333
2,21.72,0.444,0.43737254901960787
2,21.73,0.455,0.43682352941176467
2,21.74,0.428,0.436
2,21.75,0.42,0.4355294117647059
2,21.76,0.454,0.4342156862745098
2,21.77,0.452,0.43466666666666665
2,21.78,0.467,0.433843137254902
2,21.79,0.491,0.4334509803921569
2,21.8,0.46,0.43225490196078437
2,21.81,0.363,0.4312352941176471
2,21.82,0.427,0.43115686274509796
2,21.83,0.434,0.432
2,21.84,0.446,0.43207843137254903
2,21.85,0.424,0.43313725490196076
2,21.86,0.388,0.4333921568627451
2,21.87,0.428,0.4326078431372549
2,21.88,0.41,0.4320588235294118
2,21.89,0.428,0.4317450980392157
2,21.9,0.408,0.4301372549019608
2,21.91,0.409,0.4305686274509804
2,21.92,0.388,0.4296274509803921
2,21.93,0.452,0.4276862745098039
2,21.94,0.46,0.4263529411764706
2,21.95,0.466,0.42533333333333334
2,21.96,0.455,0.42507843137254897
2,21.97,0.438,0.4235098039215686
2,21.98,0.406,0.42305882352941176
2,21.99,0.408,0.42276470588235293
2,22.0,0.372,0.42494117647058816
2,22.01,0.358,0.42574509803921573
2,22.02,0.416,0.42472549019607847
2,22.03,0.469,0.4230784313725491
2,22.04,0.423,0.42180392156862745
2,22.05,0.398,0.4205098039215686
2,22.06,0.372,0.41852941176470587
2,22.07,0.428,0.4190196078431373
2,22.08,0.45,0.4179803921568627
2,22.09,0.413,0.4169803921568627
2,22.1,0.428,0.4161960784313725
2,22.11,0.42,0.4156666666666667
2,22.12,0.405,0.41601960784313724
2,22.13,0.481,0.41621568627450983
2,22.14,0.418,0.4164705882352941
2,22.15,0.393,0.4167058823529412
2,22.16,0.418,0.4168627450980392
2,22.17,0.459,0.41750980392156867
2,22.18,0.419,0.41827450980392156
2,22.19,0.39,0.41760784313725496
2,22.2,0.381,0.4162352941176471
2,22.21,0.412,0.4152941176470588
2,22.22,0.367,0.41484313725490196
2,22.23,0.421,0.41450980392156855
2,22.24,0.44,0.4147254901960784
2,22.25,0.539,0.41349019607843135
2,22.26,0.461,0.41437254901960785
2,22.27,0.402,0.4150588235294118
2,22.28,0.368,0.4148039215686275
2,22.29,0.402,0.41433333333333333
2,22.3,0.425,0.4147647058823529
2,22.31,0.359,0.4155490196078431
2,22.32,0.388,0.41615686274509806
2,22.33,0.374,0.41590196078431374
2,22.34,0.383,0.41427450980392155
2,22.35,0.406,0.41437254901960785
2,22.36,0.397,0.4140980392156863
2,22.37,0.406,0.41413725490196074
2,22.38,0.438,0.41405882352941176
2,22.39,0.423,0.41303921568627455
2,22.4,0.44,0.4127450980392157
2,22.41,0.416,0.4120392156862745
2,22.42,0.442,0.4112549019607843
2,22.43,0.427,0.41082352941176475
2,22.44,0.418,0.410921568627451
2,22.45,0.39,0.41096078431372546
2,22.46,0.418,0.4126078431372549
2,22.47,0.432,0.4117647058823529
2,22.48,0.421,0.4128823529411764
2,22.49,0.417,0.41321568627450983
2,22.5,0.345,0.4116862745098039
2,22.51,0.417,0.40950980392156866
2,22.52,0.393,0.40827450980392155
2,22.53,0.403,0.40811764705882353
2,22.54,0.445,0.40884313725490196
2,22.55,0.445,0.4107843137254902
2,22.56,0.438,0.411156862745098
2,22.57,0.403,0.41192156862745094
2,22.58,0.415,0.4124705882352941
2,22.59,0.367,0.41229411764705887
2,22.6,0.418,0.41205882352941176
2,22.61,0.414,0.4116274509803922
2,22.62,0.422,0.41152941176470587
2,22.63,0.401,0.41121568627450983
2,22.64,0.429,0.4098431372549019
2,22.65,0.403,0.4085098039215686
2,22.66,0.357,0.4083725490196078
2,22.67,0.378,0.4082352941176471
2,22.68,0.437,0.40664705882352936
2,22.69,0.424,0.40537254901960784
2,22.7,0.392,0.4054117647058823
2,22.71,0.465,0.4065294117647059
2,22.72,0.369,0.4053921568627451
2,22.73,0.424,0.40447058823529414
2,22.74,0.438,0.4040980392156863
2,22.75,0.362,0.403921568627451
2,22.76,0.428,0.4046274509803922
2,22.77,0.398,0.40468627450980393
2,22.78,0.394,0.40358823529411764
2,22.79,0.405,0.402843137254902
2,22.8,0.501,0.40147058823529413
2,22.81,0.444,0.3999607843137255
2,22.82,0.398,0.3988039215686275
2,22.83,0.416,0.3977254901960784
2,22.84,0.365,0.3971176470588235
2,22.85,0.371,0.3980980392156862
2,22.86,0.384,0.39743137254901956
2,22.87,0.392,0.39686274509803926
2,22.88,0.39,0.3973725490196079
2,22.89,0.368,0.39727450980392154
2,22.9,0.355,0.39674509803921565
2,22.91,0.433,0.39819607843137256
2,22.92,0.409,0.3993137254901961
2,22.93,0.361,0.4018039215686275
2,22.94,0.362,0.402156862745098
2,22.95,0.42,0.4035294117647059
2,22.96,0.447,0.4055882352941177
2,22.97,0.36,0.4056078431372549
2,22.98,0.385,0.4079607843137255
2,22.99,0.402,0.40792156862745105
2,23.0,0.408,0.4092549019607843
2,23.01,0.381,0.4114509803921569
2,23.02,0.42,0.4127450980392157
2,23.03,0.337,0.4146078431372549
2,23.04,0.365,0.41705882352941176
2,23.05,0.375,0.4194901960784314
2,23.06,0.368,0.42037254901960786
2,23.07,0.379,0.4217058823529412
2,23.08,0.348,0.42325490196078436
2,23.09,0.384,0.4236274509803922
2,23.1,0.417,0.42660784313725486
2,23.11,0.384,0.4283333333333333
2,23.12,0.385,0.4296470588235294
2,23.13,0.448,0.43223529411764705
2,23.14,0.396,0.4344117647058824
2,23.15,0.402,0.43611764705882355
2,23.16,0.477,0.43839215686274513
2,23.17,0.414,0.43807843137254904
2,23.18,0.505,0.4396078431372549
2,23.19,0.455,0.44252941176470595
2,23.2,0.494,0.4437450980392157
2,23.21,0.497,0.44376470588235295
2,23.22,0.466,0.44262745098039213
2,23.23,0.489,0.44405882352941173
2,23.24,0.422,0.44586274509803925
2,23.25,0.506,0.4461176470588235
2,23.26,0.474,0.4466666666666666
2,23.27,0.494,0.4478039215686274
2,23.28,0.493,0.44813725490196077
2,23.29,0.519,0.4497647058823529
2,23.3,0.529,0.4517058823529412
2,23.31,0.546,0.4527450980392157
2,23.32,0.512,0.45425490196078433
2,23.33,0.477,0.4549411764705882
2,23.34,0.435,0.4567450980392157
2,23.35,0.517,0.45809803921568626
2,23.36,0.459,0.4585686274509804
2,23.37,0.451,0.459078431372549
2,23.38,0.524,0.4606470588235294
2,23.39,0.501,0.46070588235294113
2,23.4,0.455,0.4613725490196079
2,23.41,0.471,0.46298039215686276
2,23.42,0.417,0.46250980392156865
2,23.43,0.487,0.46219607843137256
2,23.44,0.51,0.4602745098039216
2,23.45,0.424,0.45950980392156865
2,23.46,0.421,0.457235294117647
2,23.47,0.389,0.45609803921568626
2,23.48,0.433,0.45586274509803926
2,23.49,0.477,0.4543333333333333
2,23.5,0.415,0.45464705882352946
2,23.51,0.436,0.45303921568627453
2,23.52,0.439,0.4531176470588235
2,23.53,0.437,0.4515882352941176
2,23.54,0.42,0.45062745098039214
2,23.55,0.464,0.44884313725490194
2,23.56,0.428,0.44884313725490194
2,23.57,0.445,0.44684313725490193
2,23.58,0.414,0.44605882352941173
2,23.59,0.44,0.4455882352941176
2,23.6,0.453,0.4465294117647059
2,23.61,0.441,0.44501960784313727
2,23.62,0.41,0.4475686274509804
2,23.63,0.465,0.44701960784313727
2,23.64,0.451,0.4448039215686274
2,23.65,0.43,0.44199999999999995
2,23.66,0.484,0.44054901960784315
2,23.67,0.453,0.4393921568627451
2,23.68,0.398,0.4426862745098039
2,23.69,0.407,0.44270588235294117
2,23.7,0.416,0.44425490196078427
2,23.71,0.378,0.4457058823529411
2,23.72,0.439,0.447078431372549
2,23.73,0.454,0.449078431372549
2,23.74,0.411,0.45129411764705885
2,23.75,0.438,0.45249019607843133
2,23.76,0.424,0.45515686274509803
2,23.77,0.478,0.4567450980392157
2,23.78,0.416,0.4581764705882353
2,23.79,0.444,0.45962745098039215
2,23.8,0.428,0.4611372549019608
2,23.81,0.529,0.4623921568627451
2,23.82,0.444,0.46437254901960784
2,23.83,0.472,0.4676274509803921
2,23.84,0.453,0.4707058823529412
2,23.85,0.483,0.47364705882352937
2,23.86,0.44,0.4750980392156863
2,23.87,0.589,0.4776666666666667
2,23.88,0.423,0.47854901960784313
2,23.89,0.411,0.47937254901960785
2,23.9,0.358,0.4801372549019608
2,23.91,0.381,0.48215686274509806
2,23.92,0.412,0.48303921568627445
2,23.93,0.585,0.4852941176470588
2,23.94,0.488,0.489
2,23.95,0.589,0.4932352941176471
2,23.96,0.498,0.4966274509803921
2,23.97,0.491,0.5015294117647059
2,23.98,0.491,0.505156862745098
2,23.99,0.546,0.5074901960784314
2,24.0,0.538,0.5107058823529411
2,24.01,0.551,0.5139019607843137
2,24.02,0.517,0.5164313725490196
2,24.03,0.512,0.518921568627451
2,24.04,0.511,0.5221960784313726
2,24.05,0.497,0.524607843137255
2,24.06,0.528,0.5278039215686274
2,24.07,0.529,0.5283921568627451
2,24.08,0.611,0.5297254901960785
2,24.09,0.571,0.5315882352941177
2,24.1,0.59,0.5325686274509804
2,24.11,0.527,0.5313137254901961
2,24.12,0.572,0.5326470588235294
2,24.13,0.455,0.5325882352941176
2,24.14,0.507,0.5342941176470588
2,24.15,0.49,0.5373137254901961
2,24.16,0.533,0.5416078431372549
2,24.17,0.529,0.5457647058823529
2,24.18,0.568,0.5490980392156863
2,24.19,0.587,0.5489607843137255
2,24.2,0.623,0.55
2,24.21,0.589,0.5492941176470588
2,24.22,0.628,0.5516862745098039
2,24.23,0.624,0.5537843137254902
2,24.24,0.573,0.5573333333333333
2,24.25,0.575,0.5574313725490195
2,24.26,0.601,0.555843137254902
2,24.27,0.553,0.5534509803921569
2,24.28,0.605,0.5515490196078432
2,24.29,0.583,0.5504313725490196
2,24.3,0.567,0.5488039215686275
2,24.31,0.591,0.5473529411764706
2,24.32,0.559,0.5462156862745098
2,24.33,0.512,0.545156862745098
2,24.34,0.567,0.541764705882353
2,24.35,0.503,0.5410392156862746
2,24.36,0.419,0.5381176470588235
2,24.37,0.508,0.5357254901960784
2,24.38,0.586,0.5326666666666666
2,24.39,0.51,0.5320196078431373
2,24.4,0.565,0.5304705882352941
2,24.41,0.577,0.5283921568627451
2,24.42,0.593,0.526156862745098
2,24.43,0.582,0.5238235294117647
2,24.44,0.578,0.5216274509803921
2,24.45,0.541,0.5179411764705882
2,24.46,0.553,0.515235294117647
2,24.47,0.62,0.5125882352941177
2,24.48,0.598,0.5095098039215686
2,24.49,0.672,0.5057843137254903
2,24.5,0.551,0.502764705882353
2,24.51,0.457,0.5009803921568627
2,24.52,0.429,0.49847058823529405
2,24.53,0.42,0.4961960784313726
2,24.54,0.455,0.49311764705882355
2,24.55,0.428,0.49266666666666664
2,24.56,0.423,0.491235294117647
2,24.57,0.47,0.48796078431372547
2,24.58,0.475,0.48654901960784314
2,24.59,0.438,0.485313725490196
2,24.6,0.534,0.48292156862745095
2,24.61,0.441,0.4836274509803921
2,24.62,0.405,0.4850196078431372
2,24.63,0.416,0.48564705882352943
2,24.64,0.422,0.48280392156862745
2,24.65,0.428,0.4833137254901961
2,24.66,0.384,0.4813333333333334
2,24.67,0.419,0.48027450980392156
2,24.68,0.41,0.478156862745098
2,24.69,0.456,0.4763921568627451
2,24.7,0.399,0.47368627450980394
2,24.71,0.485,0.4717843137254902
2,24.72,0.454,0.4710392156862745
2,24.73,0.471,0.46776470588235297
2,24.74,0.434,0.46621568627450977
2,24.75,0.419,0.46215686274509804
2,24.76,0.484,0.4608235294117647
2,24.77,0.473,0.46198039215686276
2,24.78,0.437,0.46247058823529413
2,24.79,0.448,0.4638627450980392
2,24.8,0.56,0.4630196078431373
2,24.81,0.494,0.46380392156862743
2,24.82,0.424,0.4644509803921569
2,24.83,0.487,0.4646470588235294
2,24.84,0.449,0.4642549019607844
2,24.85,0.445,0.4650392156862745
2,24.86,0.539,0.46307843137254906
2,24.87,0.49,0.4627843137254902
2,24.88,0.54,0.46319607843137256
2,24.89,0.441,0.4636470588235294
2,24.9,0.536,0.4637254901960784
2,24.91,0.464,0.46468627450980393
2,24.92,0.523,0.467
2,24.93,0.485,0.46715686274509804
2,24.94,0.492,0.4672352941176471
2,24.95,0.44,0.4653529411764706
2,24.96,0.444,0.46525490196078434
2,24.97,0.515,0.46437254901960784
2,24.98,0.453,0.4655294117647059
2,24.99,0.519,0.46519607843137256
2,25.0,0.465,0.46580392156862743
2,25.01,0.483,0.46617647058823525
2,25.02,0.516,0.46601960784313723
2,25.03,0.454,0.4659019607843138
2,25.04,0.491,0.4672352941176471
2,25.05,0.412,0.4682941176470588
2,25.06,0.468,0.4664509803921569
2,25.07,0.456,0.4662156862745098
2,25.08,0.48,0.46796078431372556
2,25.09,0.455,0.4675294117647059
2,25.1,0.478,0.46747058823529414
2,25.11,0.434,0.4668039215686275
2,25.12,0.426,0.4637058823529412
2,25.13,0.426,0.4625294117647059
2,25.14,0.439,0.4611372549019608
2,25.15,0.426,0.46158823529411763
2,25.16,0.477,0.4604509803921568
2,25.17,0.502,0.4606078431372549
2,25.18,0.427,0.4596862745098039
2,25.19,0.414,0.4587450980392157
2,25.2,0.36,0.4584313725490196
2,25.21,0.394,0.4594509803921568
2,25.22,0.44,0.4590196078431373
2,25.23,0.513,0.45762745098039215
2,25.24,0.454,0.45719607843137255
2,25.25,0.465,0.45641176470588235
2,25.26,0.438,0.45621568627450987
2,25.27,0.476,0.45576470588235296
2,25.28,0.467,0.45427450980392153
2,25.29,0.505,0.4545490196078431
2,25.3,0.502,0.45458823529411757
2,25.31,0.466,0.45574509803921565
2,25.32,0.482,0.4552156862745098
2,25.33,0.513,0.4547450980392157
2,25.34,0.465,0.4543529411764706
2,25.35,0.446,0.4542549019607843
2,25.36,0.411,0.453078431372549
2,25.37,0.381,0.4537647058823529
2,25.38,0.43,0.4538039215686275
2,25.39,0.469,0.45452941176470585
2,25.4,0.464,0.45423529411764707
2,25.41,0.478,0.45545098039215687
2,25.42,0.472,0.4558235294117647
2,25.43,0.476,0.4557450980392157
2,25.44,0.437,0.45643137254901966
2,25.45,0.476,0.4570196078431373
2,25.46,0.492,0.45884313725490194
2,25.47,0.422,0.4606078431372549
2,25.48,0.444,0.46180392156862743
2,25.49,0.431,0.4602941176470588
2,25.5,0.479,0.45976470588235296
2,25.51,0.455,0.4595098039215686
2,25.52,0.46,0.45956862745098037
2,25.53,0.44,0.4591568627450981
2,25.54,0.468,0.45909803921568626
2,25.55,0.493,0.4581372549019608
2,25.56,0.471,0.4571176470588236
2,25.57,0.441,0.4581764705882353
2,25.58,0.432,0.45754901960784317
2,25.59,0.46,0.4558039215686274
2,25.6,0.45,0.4556470588235294
2,25.61,0.418,0.45625490196078433
2,25.62,0.469,0.4573333333333333
2,25.63,0.428,0.45788235294117646
2,25.64,0.463,0.4590392156862745
2,25.65,0.424,0.4585686274509803
2,25.66,0.488,0.4583921568627451
2,25.67,0.496,0.4587450980392157
2,25.68,0.498,0.4611568627450981
2,25.69,0.462,0.4607450980392157
2,25.7,0.444,0.4610980392156863
2,25.71,0.453,0.46141176470588235
2,25.72,0.484,0.4608039215686275
2,25.73,0.501,0.4621372549019608
2,25.74,0.436,0.4622352941176471
2,25.75,0.427,0.4632941176470588
2,25.76,0.452,0.46321568627450976
2,25.77,0.441,0.4639411764705882
2,25.78,0.455,0.46388235294117647
2,25.79,0.464,0.46472549019607845
2,25.8,0.456,0.46437254901960784
2,25.81,0.45,0.46435294117647063
2,25.82,0.52,0.46376470588235297
2,25.83,0.45,0.46417647058823525
2,25.84,0.424,0.4642745098039216
2,25.85,0.457,0.4640196078431372
2,25.86,0.477,0.463921568627451
2,25.87,0.466,0.46409803921568626
2,25.88,0.409,0.4631764705882353
2,25.89,0.489,0.46370588235294113
2,25.9,0.445,0.4622352941176471
2,25.91,0.455,0.46286274509803915
2,25.92,0.496,0.46109803921568626
2,25.93,0.595,0.45960784313725495
2,25.94,0.455,0.45788235294117646
2,25.95,0.455,0.4572941176470588
2,25.96,0.492,0.4568823529411765
2,25.97,0.461,0.4573137254901961
2,25.98,0.49,0.45670588235294113
2,25.99,0.449,0.455686274509804
2,26.0,0.485,0.4569607843137255
2,26.01,0.475,0.45813725490196083
2,26.02,0.492,0.458
2,26.03,0.457,0.4588823529411765
2,26.04,0.483,0.45937254901960783
2,26.05,0.45,0.45886274509803926
2,26.06,0.492,0.4613725490196079
2,26.07,0.441,0.46078431372549017
2,26.08,0.462,0.45976470588235296
2,26.09,0.437,0.4606078431372549
2,26.1,0.447,0.46349019607843134
2,26.11,0.445,0.46637254901960784
2,26.12,0.427,0.468921568627451
2,26.13,0.422,0.4718039215686275
2,26.14,0.455,0.47549019607843135
2,26.15,0.388,0.47707843137254907
2,26.16,0.456,0.4799803921568628
2,26.17,0.398,0.4824705882352941
2,26.18,0.42,0.48290196078431374
2,26.19,0.41,0.4791960784313726
2,26.2,0.432,0.48090196078431374
2,26.21,0.423,0.48027450980392156
2,26.22,0.475,0.4798235294117647
2,26.23,0.453,0.4798235294117647
2,26.24,0.449,0.48025490196078435
2,26.25,0.501,0.48064705882352937
2,26.26,0.487,0.4796274509803921
2,26.27,0.445,0.4777647058823529
2,26.28,0.486,0.47641176470588237
2,26.29,0.48,0.4758235294117647
2,26.3,0.438,0.47423529411764703
2,26.31,0.584,0.4745686274509804
2,26.32,0.42,0.47462745098039216
2,26.33,0.468,0.4748823529411765
2,26.34,0.493,0.4746470588235294
2,26.35,0.571,0.4754313725490196
2,26.36,0.604,0.47558823529411764
2,26.37,0.607,0.47494117647058826
2,26.38,0.613,0.4752745098039216
2,26.39,0.597,0.475
2,26.4,0.57,0.4751176470588236
2,26.41,0.593,0.47564705882352937
2,26.42,0.582,0.4756666666666667
2,26.43,0.518,0.47647058823529415
2,26.44,0.406,0.476156862745098
2,26.45,0.542,0.47664705882352937
2,26.46,0.423,0.47570588235294115
2,26.47,0.469,0.47501960784313724
2,26.48,0.461,0.4729803921568627
2,26.49,0.512,0.4723529411764706
2,26.5,0.469,0.47152941176470586
2,26.51,0.433,0.46974509803921566
2,26.52,0.38,0.4687647058823529
2,26.53,0.423,0.4686274509803921
2,26.54,0.427,0.46858823529411764
2,26.55,0.402,0.4676666666666667
2,26.56,0.467,0.4678823529411764
2,26.57,0.495,0.46521568627450977
2,26.58,0.454,0.46617647058823525
2,26.59,0.45,0.4644509803921568
2,26.6,0.477,0.4621372549019608
2,26.61,0.455,0.45921568627450976
2,26.62,0.412,0.45527450980392153
2,26.63,0.444,0.4517647058823529
2,26.64,0.408,0.44784313725490194
2,26.65,0.461,0.44345098039215686
2,26.66,0.415,0.4399019607843137
2,26.67,0.457,0.4369019607843137
2,26.68,0.439,0.4339803921568628
2,26.69,0.404,0.4323529411764706
2,26.7,0.435,0.43141176470588233
2,26.71,0.384,0.42807843137254903
2,26.72,0.388,0.4274313725490196
2,26.73,0.371,0.4255098039215686
2,26.74,0.421,0.4242941176470588
2,26.75,0.407,0.42174509803921567
2,26.76,0.41,0.4198235294117647
2,26.77,0.437,0.41947058823529415
2,26.78,0.438,0.41945098039215695
2,26.79,0.484,0.4185686274509804
2,26.8,0.433,0.41752941176470587
2,26.81,0.449,0.4170392156862745
2,26.82,0.448,0.41501960784313724
2,26.83,0.469,0.4129803921568628
2,26.84,0.38,0.41192156862745094
2,26.85,0.375,0.41101960784313724
2,26.86,0.422,0.4091372549019608
2,26.87,0.403,0.4072745098039216
2,26.88,0.428,0.4072941176470588
2,26.89,0.413,0.4074509803921569
2,26.9,0.373,0.4072156862745098
2,26.91,0.389,0.4073333333333333
2,26.92,0.44,0.40778431372549023
2,26.93,0.433,0.40694117647058825
2,26.94,0.435,0.4071176470588235
2,26.95,0.358,0.4071372549019608
2,26.96,0.372,0.40645098039215694
2,26.97,0.39,0.4075294117647059
2,26.98,0.371,0.4075098039215686
2,26.99,0.399,0.40952941176470586
2,27.0,0.382,0.40915686274509805
2,27.01,0.371,0.40935294117647064
2,27.02,0.415,0.41021568627450977
2,27.03,0.379,0.41043137254901957
2,27.04,0.378,0.4094705882352942
2,27.05,0.374,0.40827450980392155
2,27.06,0.377,0.4074509803921568
2,27.07,0.364,0.406843137254902
2,27.08,0.391,0.4065098039215686
2,27.09,0.4,0.4059607843137255
2,27.1,0.404,0.4049607843137255
2,27.11,0.381,0.4061568627450981
2,27.12,0.36,0.4060196078431373
2,27.13,0.413,0.40494117647058825
2,27.14,0.452,0.40419607843137256
2,27.15,0.396,0.4034509803921569
2,27.16,0.467,0.40370588235294114
2,27.17,0.438,0.4043137254901961
2,27.18,0.414,0.4034117647058823
2,27.19,0.448,0.4026666666666666
2,27.2,0.405,0.40252941176470586
2,27.21,0.4,0.4035490196078431
2,27.22,0.439,0.4041176470588235
2,27.23,0.387,0.40586274509803916
2,27.24,0.474,0.40598039215686277
2,27.25,0.402,0.40599999999999997
2,27.26,0.417,0.40645098039215694
2,27.27,0.454,0.4076862745098039
2,27.28,0.448,0.4084509803921568
2,27.29,0.389,0.409
2,27.3,0.423,0.4096862745098039
2,27.31,0.391,0.4101764705882353
2,27.32,0.418,0.4112352941176471
2,27.33,0.431,0.4112941176470588
2,27.34,0.441,0.4104117647058823
2,27.35,0.329,0.4098823529411765
2,27.36,0.436,0.4096862745098039
2,27.37,0.415,0.40974509803921566
2,27.38,0.348,0.41025490196078435
2,27.39,0.39,0.41041176470588236
2,27.4,0.375,0.41031372549019607
2,27.41,0.386,0.41141176470588237
2,27.42,0.42,0.4105098039215686
2,27.43,0.394,0.41062745098039216
2,27.44,0.395,0.4105294117647058
2,27.45,0.428,0.41062745098039216
2,27.46,0.41,0.4114509803921569
2,27.47,0.401,0.41086274509803916
2,27.48,0.479,0.4096666666666666
2,27.49,0.377,0.4096274509803922
2,27.5,0.4,0.40847058823529414
2,27.51,0.405,0.4094117647058823
2,27.52,0.434,0.40931372549019607
2,27.53,0.454,0.40913725490196085
2,27.54,0.407,0.4097450980392157
2,27.55,0.413,0.4105686274509804
2,27.56,0.399,0.4101764705882353
2,27.57,0.431,0.40990196078431373
2,27.58,0.367,0.4100392156862745
2,27.59,0.346,0.40909803921568627
2,27.6,0.373,0.4080392156862745
2,27.61,0.394,0.4092745098039215
2,27.62,0.384,0.4084705882352941
2,27.63,0.386,0.4073529411764706
2,27.64,0.421,0.4076666666666667
2,27.65,0.447,0.40698039215686277
2,27.66,0.452,0.406921568627451
2,27.67,0.421,0.4075490196078431
2,27.68,0.444,0.4074117647058823
2,27.69,0.409,0.4076470588235294
2,27.7,0.453,0.40729411764705886
2,27.71,0.447,0.40594117647058825
2,27.72,0.37,0.4063725490196079
2,27.73,0.378,0.40605882352941175
2,27.74,0.385,0.4042745098039216
2,27.75,0.415,0.4042549019607843
2,27.76,0.45,0.4038039215686275
2,27.77,0.412,0.40282352941176464
2,27.78,0.445,0.4015882352941177
2,27.79,0.479,0.3999411764705883
2,27.8,0.431,0.39888235294117647
2,27.81,0.403,0.39947058823529413
2,27.82,0.377,0.39952941176470586
2,27.83,0.425,0.39896078431372545
2,27.84,0.383,0.399
2,27.85,0.387,0.3997450980392157
2,27.86,0.392,0.39968627450980393
2,27.87,0.395,0.39939215686274515
2,27.88,0.358,0.4002745098039216
2,27.89,0.364,0.4011372549019607
2,27.9,0.355,0.4008627450980392
2,27.91,0.372,0.39978431372549017
2,27.92,0.418,0.3992156862745098
2,27.93,0.413,0.39858823529411763
2,27.94,0.406,0.3977254901960784
2,27.95,0.377,0.3970980392156863
2,27.96,0.359,0.39541176470588235
2,27.97,0.432,0.3941372549019608
2,27.98,0.385,0.3951176470588235
2,27.99,0.388,0.39498039215686276
2,28.0,0.376,0.3945490196078431
2,28.01,0.377,0.3934705882352941
2,28.02,0.355,0.3925686274509804
2,28.03,0.371,0.39143137254901955
2,28.04,0.37,0.38962745098039214
2,28.05,0.353,0.3882156862745098
2,28.06,0.443,0.38656862745098036
2,28.07,0.402,0.3858235294117647
2,28.08,0.402,0.38560784313725494
2,28.09,0.369,0.3854705882352941
2,28.1,0.384,0.38594117647058823
2,28.11,0.37,0.3859803921568627
2,28.12,0.379,0.38650980392156864
2,28.13,0.429,0.38623529411764707
2,28.14,0.43,0.3863921568627451
2,28.15,0.407,0.38678431372549016
2,28.16,0.392,0.386921568627451
2,28.17,0.423,0.3871764705882353
2,28.18,0.389,0.38662745098039214
2,28.19,0.4,0.3859803921568627
2,28.2,0.377,0.38480392156862747
2,28.21,0.367,0.38498039215686275
2,28.22,0.382,0.3854705882352941
2,28.23,0.42,0.38450980392156864
2,28.24,0.371,0.3843333333333333
2,28.25,0.363,0.38445098039215686
2,28.26,0.36,0.38513725490196077
2,28.27,0.404,0.385921568627451
2,28.28,0.354,0.3876862745098039
2,28.29,0.353,0.3880392156862745
2,28.3,0.407,0.3880392156862745
2,28.31,0.347,0.38862745098039214
2,28.32,0.365,0.38762745098039214
2,28.33,0.366,0.38717647058823534
2,28.34,0.418,0.3865294117647059
2,28.35,0.407,0.3872549019607843
2,28.36,0.389,0.3877843137254902
2,28.37,0.419,0.38798039215686275
2,28.38,0.381,0.3877254901960784
2,28.39,0.366,0.3873137254901961
2,28.4,0.384,0.38672549019607844
2,28.41,0.362,0.3871764705882353
2,28.42,0.385,0.3874705882352941
2,28.43,0.39,0.3873137254901961
2,28.44,0.38,0.38784313725490194
2,28.45,0.346,0.3872352941176471
2,28.46,0.386,0.387921568627451
2,28.47,0.384,0.38913725490196077
2,28.48,0.383,0.3904313725490196
2,28.49,0.376,0.3911372549019608
2,28.5,0.394,0.39174509803921564
2,28.51,0.411,0.39188235294117646
2,28.52,0.417,0.3936470588235294
2,28.53,0.445,0.39341176470588235
2,28.54,0.389,0.39376470588235296
2,28.55,0.37,0.39445098039215687
2,28.56,0.383,0.39394117647058824
2,28.57,0.392,0.3950980392156863
2,28.58,0.379,0.3957450980392157
2,28.59,0.369,0.3965686274509804
2,28.6,0.406,0.3969803921568628
2,28.61,0.411,0.39741176470588235
2,28.62,0.38,0.3974901960784314
2,28.63,0.366,0.39645098039215687
2,28.64,0.408,0.396843137254902
2,28.65,0.4,0.3973333333333333
2,28.66,0.43,0.3967647058823529
2,28.67,0.407,0.3970392156862745
2,28.68,0.415,0.3973921568627451
2,28.69,0.416,0.39598039215686276
2,28.7,0.369,0.3954901960784314
2,28.71,0.412,0.3960588235294118
2,28.72,0.429,0.3960196078431372
2,28.73,0.448,0.39543137254901967
2,28.74,0.456,0.39547058823529413
2,28.75,0.402,0.39525490196078433
2,28.76,0.37,0.395
2,28.77,0.45,0.39472549019607844
2,28.78,0.392,0.3942352941176471
2,28.79,0.372,0.3926274509803922
2,28.8,0.388,0.39299999999999996
2,28.81,0.381,0.3936078431372549
2,28.82,0.406,0.394
2,28.83,0.398,0.39472549019607844
2,28.84,0.408,0.3942549019607843
2,28.85,0.439,0.39378431372549016
2,28.86,0.429,0.3933137254901961
2,28.87,0.393,0.3926274509803922
2,28.88,0.366,0.39341176470588235
2,28.89,0.401,0.39417647058823535
2,28.9,0.391,0.3943529411764706
2,28.91,0.355,0.39396078431372555
2,28.92,0.376,0.3938039215686274
2,28.93,0.403,0.39503921568627454
2,28.94,0.318,0.3941372549019608
2,28.95,0.355,0.3934509803921569
2,28.96,0.375,0.39315686274509803
2,28.97,0.384,0.3926078431372549
2,28.98,0.354,0.3926078431372549
2,28.99,0.385,0.39188235294117646
2,29.0,0.365,0.3907450980392157
2,29.01,0.381,0.3914901960784314
2,29.02,0.397,0.3917254901960784
2,29.03,0.392,0.3904313725490196
2,29.04,0.363,0.3907843137254902
2,29.05,0.408,0.3906862745098039
2,29.06,0.401,0.39205882352941174
2,29.07,0.403,0.3927647058823529
2,29.08,0.429,0.3936666666666666
2,29.09,0.355,0.3948039215686275
2,29.1,0.345,0.39431372549019605
2,29.11,0.382,0.39331372549019605
2,29.12,0.376,0.39335294117647057
2,29.13,0.42,0.39315686274509803
2,29.14,0.405,0.39519607843137255
2,29.15,0.417,0.3949803921568627
2,29.16,0.38,0.39445098039215687
2,29.17,0.422,0.3969607843137255
2,29.18,0.47,0.3968039215686274
2,29.19,0.369,0.39654901960784317
2,29.2,0.381,0.3977450980392157
2,29.21,0.354,0.3982745098039216
2,29.22,0.384,0.39858823529411763
2,29.23,0.429,0.39821568627450976
2,29.24,0.411,0.3986862745098039
2,29.25,0.398,0.39837254901960784
2,29.26,0.44,0.39837254901960784
2,29.27,0.382,0.3984509803921568
2,29.28,0.384,0.3979019607843138
2,29.29,0.41,0.3975098039215686
2,29.3,0.367,0.3978235294117647
2,29.31,0.458,0.39725490196078433
2,29.32,0.417,0.3971568627450981
2,29.33,0.452,0.39619607843137256
2,29.34,0.456,0.39492156862745104
2,29.35,0.383,0.3949607843137255
2,29.36,0.388,0.39637254901960783
2,29.37,0.431,0.39766666666666667
2,29.38,0.383,0.3983529411764706
2,29.39,0.47,0.3976078431372549
2,29.4,0.39,0.3971372549019607
2,29.41,0.364,0.3964901960784314
2,29.42,0.483,0.3967647058823529
2,29.43,0.368,0.39596078431372556
2,29.44,0.39,0.3942156862745098
2,29.45,0.379,0.39484313725490194
2,29.46,0.382,0.3949215686274509
2,29.47,0.391,0.3953921568627451
2,29.48,0.365,0.39545098039215687
2,29.49,0.378,0.3938823529411765
2,29.5,0.369,0.3931372549019608
2,29.51,0.365,0.39288235294117646
2,29.52,0.385,0.3917058823529412
2,29.53,0.369,0.3925294117647059
2,29.54,0.372,0.39266666666666666
2,29.55,0.379,0.3916470588235294
2,29.56,0.379,0.39135294117647057
2,29.57,0.396,0.3901960784313726
2,29.58,0.354,0.3895098039215686
2,29.59,0.364,0.3885294117647059
2,29.6,0.357,0.38743137254901955
2,29.61,0.417,0.38774509803921564
2,29.62,0.448,0.3874509803921569
2,29.63,0.411,0.38713725490196077
2,29.64,0.382,0.387686274509804
2,29.65,0.381,0.3858431372549019
2,29.66,0.384,0.3854117647058824
2,29.67,0.394,0.3863333333333333
2,29.68,0.381,0.3850980392156863
2,29.69,0.381,0.3851960784313726
2,29.7,0.401,0.38590196078431377
2,29.71,0.385,0.3865882352941177
2,29.72,0.378,0.3858431372549019
2,29.73,0.387,0.3863333333333333
2,29.74,0.349,0.3872352941176471
2,29.75,0.373,0.38703921568627453
2,29.76,0.385,0.3880392156862745
2,29.77,0.38,0.3887058823529411
2,29.78,0.424,0.38976470588235296
2,29.79,0.391,0.39099999999999996
2,29.8,0.358,0.3915490196078431
2,29.81,0.352,0.3920392156862745
2,29.82,0.399,0.3927450980392157
2,29.83,0.382,0.3939019607843137
2,29.84,0.402,0.39531372549019606
2,29.85,0.4,0.39639215686274504
2,29.86,0.399,0.3975882352941177
2,29.87,0.373,0.3976470588235294
2,29.88,0.415,0.3969607843137255
2,29.89,0.411,0.39737254901960783
2,29.9,0.376,0.3980588235294118
2,29.91,0.368,0.3981372549019608
2,29.92,0.411,0.3983333333333334
2,29.93,0.42,0.398156862745098
2,29.94,0.373,0.3986078431372549
2,29.95,0.426,0.398921568627451
2,29.96,0.414,0.3990196078431372
2,29.97,0.344,0.39915686274509804
2,29.98,0.416,0.39976470588235297
2,29.99,0.411,0.401921568627451
2,30.0,0.368,0.4034509803921569
2,30.01,0.42,0.4055098039215686
2,30.02,0.399,0.40715686274509805
2,30.03,0.439,0.40805882352941175
2,30.04,0.432,0.40809803921568627
2,30.05,0.4,0.40894117647058825
2,30.06,0.404,0.41043137254901957
2,30.07,0.415,0.41229411764705887
2,30.08,0.455,0.4129411764705882
2,30.09,0.426,0.4156470588235294
2,30.1,0.419,0.4160980392156863
2,30.11,0.418,0.41600000000000004
2,30.12,0.42,0.4168039215686275
2,30.13,0.413,0.4186862745098039
2,30.14,0.432,0.4190196078431373
2,30.15,0.417,0.419921568627451
2,30.16,0.385,0.4215490196078432
2,30.17,0.394,0.4228823529411765
2,30.18,0.385,0.42215686274509806
2,30.19,0.404,0.42170588235294115
2,30.2,0.397,0.42335294117647054
2,30.21,0.406,0.4240980392156863
2,30.22,0.392,0.4244117647058823
2,30.23,0.409,0.42752941176470594
2,30.24,0.497,0.4282745098039216
2,30.25,0.427,0.4285686274509804
2,30.26,0.478,0.4304705882352941
2,30.27,0.469,0.43011764705882355
2,30.28,0.426,0.43374509803921574
2,30.29,0.426,0.4332352941176471
2,30.3,0.434,0.43329411764705883
2,30.31,0.434,0.43396078431372553
2,30.32,0.447,0.43445098039215685
2,30.33,0.432,0.4351176470588235
2,30.34,0.52,0.434921568627451
2,30.35,0.425,0.4352745098039216
2,30.36,0.395,0.436
2,30.37,0.44,0.43631372549019604
2,30.38,0.469,0.43688235294117644
2,30.39,0.432,0.4370392156862745
2,30.4,0.457,0.4367254901960784
2,30.41,0.459,0.43666666666666665
2,30.42,0.436,0.43650980392156863
2,30.43,0.374,0.4367254901960784
2,30.44,0.397,0.4372352941176471
2,30.45,0.457,0.4383529411764706
2,30.46,0.464,0.4382941176470588
2,30.47,0.43,0.4382352941176471
2,30.48,0.503,0.4397254901960785
2,30.49,0.454,0.440235294117647
2,30.5,0.426,0.439156862745098
2,30.51,0.465,0.4396078431372549
2,30.52,0.402,0.43852941176470595
2,30.53,0.584,0.4384313725490196
2,30.54,0.413,0.43835294117647056
2,30.55,0.435,0.438078431372549
2,30.56,0.434,0.4371764705882353
2,30.57,0.429,0.43590196078431376
2,30.58,0.449,0.4345882352941176
2,30.59,0.445,0.4350588235294117
2,30.6,0.444,0.43266666666666664
2,30.61,0.456,0.4328235294117647
2,30.62,0.434,0.43349019607843137
2,30.63,0.449,0.43303921568627446
2,30.64,0.421,0.4318039215686275
2,30.65,0.416,0.4314313725490196
2,30.66,0.414,0.43103921568627446
2,30.67,0.377,0.43049019607843136
2,30.68,0.405,0.43025490196078425
2,30.69,0.411,0.43043137254901964
2,30.7,0.461,0.4310392156862745
2,30.71,0.394,0.4297254901960784
2,30.72,0.403,0.42919607843137253
2,30.73,0.468,0.429843137254902
2,30.74,0.435,0.4289019607843137
2,30.75,0.442,0.4284313725490196
2,30.76,0.45,0.42823529411764705
2,30.77,0.423,0.42692156862745095
2,30.78,0.464,0.42676470588235293
2,30.79,0.422,0.423921568627451
2,30.8,0.412,0.42386274509803923
2,30.81,0.388,0.42382352941176477
2,30.82,0.369,0.42384313725490197
2,30.83,0.38,0.42294117647058826
2,30.84,0.456,0.4216470588235294
2,30.85,0.398,0.4209019607843137
2,30.86,0.433,0.41984313725490197
2,30.87,0.429,0.41939215686274506
2,30.88,0.417,0.41933333333333334
2,30.89,0.406,0.4185686274509804
2,30.9,0.413,0.41913725490196074
2,30.91,0.437,0.41909803921568634
2,30.92,0.431,0.4191372549019608
2,30.93,0.424,0.4192941176470588
2,30.94,0.383,0.4202941176470588
2,30.95,0.428,0.4203333333333333
2,30.96,0.39,0.41911764705882354
2,30.97,0.437,0.4189411764705883
2,30.98,0.463,0.4185686274509804
2,30.99,0.455,0.41670588235294115
2,31.0,0.43,0.41515686274509805
2,31.01,0.416,0.41521568627450983
2,31.02,0.398,0.41490196078431374
2,31.03,0.394,0.4144509803921569
2,31.04,0.439,0.41501960784313724
2,31.05,0.41,0.41558823529411765
2,31.06,0.433,0.414921568627451
2,31.07,0.435,0.4158823529411765
2,31.08,0.383,0.4168039215686275
2,31.09,0.383,0.4176470588235294
2,31.1,0.407,0.4175490196078432
2,31.11,0.39,0.41974509803921567
2,31.12,0.433,0.4210392156862745
2,31.13,0.431,0.4204509803921569
2,31.14,0.41,0.4206470588235295
2,31.15,0.45,0.4210196078431372
2,31.16,0.414,0.4212352941176471
2,31.17,0.416,0.420764705882353
2,31.18,0.385,0.4202941176470588
2,31.19,0.456,0.4206078431372549
2,31.2,0.413,0.4213725490196078
2,31.21,0.399,0.421156862745098
2,31.22,0.385,0.4217254901960784
2,31.23,0.384,0.4212941176470588
2,31.24,0.373,0.42198039215686267
2,31.25,0.356,0.421313725490196
2,31.26,0.445,0.4204117647058823
2,31.27,0.434,0.42
2,31.28,0.4,0.42086274509803917
2,31.29,0.493,0.42080392156862745
2,31.3,0.451,0.42017647058823526
2,31.31,0.378,0.41970588235294115
2,31.32,0.437,0.4188431372549019
2,31.33,0.416,0.41827450980392156
2,31.34,0.423,0.41927450980392156
2,31.35,0.451,0.41909803921568634
2,31.36,0.51,0.4187843137254902
2,31.37,0.499,0.4190196078431373
2,31.38,0.399,0.4174901960784314
2,31.39,0.427,0.417078431372549
2,31.4,0.425,0.4168235294117647
2,31.41,0.424,0.415
2,31.42,0.413,0.4140392156862745
2,31.43,0.407,0.4136470588235294
2,31.44,0.44,0.4139803921568627
2,31.45,0.422,0.41301960784313724
2,31.46,0.417,0.41356862745098044
2,31.47,0.419,0.41437254901960785
2,31.48,0.415,0.4147450980392156
2,31.49,0.498,0.41468627450980394
2,31.5,0.421,0.41517647058823526
2,31.51,0.384,0.41533333333333333
2,31.52,0.395,0.4147843137254902
2,31.53,0.442,0.41400000000000003
2,31.54,0.391,0.4132941176470588
2,31.55,0.407,0.41096078431372546
2,31.56,0.386,0.40958823529411764
2,31.57,0.389,0.4098235294117647
2,31.58,0.406,0.40933333333333327
2,31.59,0.434,0.41013725490196073
2,31.6,0.374,0.4093921568627451
2,31.61,0.391,0.4088823529411764
2,31.62,0.402,0.40747058823529414
2,31.63,0.355,0.4055686274509803
2,31.64,0.41,0.4059019607843137
2,31.65,0.397,0.4047843137254902
2,31.66,0.357,0.40382352941176475
2,31.67,0.365,0.4038039215686274
2,31.68,0.396,0.40476470588235286
2,31.69,0.402,0.4048039215686275
2,31.7,0.407,0.4050588235294118
2,31.71,0.441,0.40386274509803927
2,31.72,0.44,0.40331372549019606
2,31.73,0.404,0.40278431372549023
2,31.74,0.381,0.4033333333333333
2,31.75,0.398,0.4018823529411765
2,31.76,0.364,0.4023137254901961
2,31.77,0.417,0.4045490196078432
2,31.78,0.394,0.404843137254902
2,31.79,0.364,0.4049607843137255
2,31.8,0.374,0.40586274509803916
2,31.81,0.381,0.4051372549019608
2,31.82,0.39,0.4065294117647059
2,31.83,0.412,0.40731372549019607
2,31.84,0.457,0.4087450980392157
2,31.85,0.385,0.40811764705882353
2,31.86,0.425,0.4083529411764706
2,31.87,0.438,0.40827450980392155
2,31.88,0.402,0.4082941176470588
2,31.89,0.416,0.40923529411764703
2,31.9,0.37,0.40905882352941175
2,31.91,0.376,0.4099607843137255
2,31.92,0.423,0.41211764705882353
2,31.93,0.462,0.4132941176470588
2,31.94,0.409,0.41339215686274505
2,31.95,0.453,0.4138823529411765
2,31.96,0.361,0.4139803921568627
2,31.97,0.389,0.41380392156862744
2,31.98,0.392,0.4130588235294118
2,31.99,0.443,0.41325490196078435
2,32.0,0.424,0.4143921568627451
2,32.01,0.443,0.4151960784313726
2,32.02,0.498,0.4155098039215686
2,32.03,0.41,0.415156862745098
2,32.04,0.448,0.4158235294117647
2,32.05,0.437,0.4166078431372549
2,32.06,0.37,0.41762745098039217
2,32.07,0.457,0.4183921568627451
2,32.08,0.429,0.41974509803921567
2,32.09,0.479,0.4215686274509804
2,32.1,0.402,0.4248627450980392
2,32.11,0.386,0.4274117647058823
2,32.12,0.387,0.4299803921568628
2,32.13,0.403,0.4346470588235294
2,32.14,0.403,0.43815686274509813
2,32.15,0.401,0.4414705882352941
2,32.16,0.443,0.4456862745098039
2,32.17,0.467,0.45076470588235296
2,32.18,0.425,0.4546666666666667
2,32.19,0.401,0.4567450980392157
2,32.2,0.427,0.4602156862745098
2,32.21,0.412,0.46286274509803915
2,32.22,0.432,0.4676862745098039
2,32.23,0.402,0.4718823529411765
2,32.24,0.414,0.476
2,32.25,0.439,0.47917647058823526
2,32.26,0.439,0.48207843137254897
2,32.27,0.38,0.48484313725490197
2,32.28,0.399,0.48764705882352943
2,32.29,0.428,0.4916470588235294
2,32.3,0.404,0.49470588235294116
2,32.31,0.426,0.4974901960784313
2,32.32,0.42,0.5020980392156863
2,32.33,0.459,0.5059411764705882
2,32.34,0.505,0.5094117647058823
2,32.35,0.625,0.5124313725490196
2,32.36,0.515,0.5170588235294118
2,32.37,0.556,0.521235294117647
2,32.38,0.676,0.5254509803921569
2,32.39,0.581,0.530607843137255
2,32.4,0.585,0.5351764705882353
2,32.41,0.585,0.5394901960784314
2,32.42,0.635,0.5426470588235294
2,32.43,0.622,0.5457450980392157
2,32.44,0.568,0.549607843137255
2,32.45,0.586,0.551235294117647
2,32.46,0.588,0.5516666666666667
2,32.47,0.607,0.5536274509803922
2,32.48,0.603,0.5543137254901961
2,32.49,0.602,0.5567058823529412
2,32.5,0.605,0.5593137254901961
2,32.51,0.572,0.5605882352941176
2,32.52,0.584,0.5623921568627451
2,32.53,0.641,0.5664509803921569
2,32.54,0.614,0.5674705882352941
2,32.55,0.604,0.5685490196078431
2,32.56,0.579,0.5706470588235294
2,32.57,0.605,0.570764705882353
2,32.58,0.653,0.5722156862745098
2,32.59,0.606,0.5730980392156863
2,32.6,0.633,0.5737450980392157
2,32.61,0.638,0.5702549019607843
2,32.62,0.599,0.5688627450980392
2,32.63,0.602,0.5673725490196079
2,32.64,0.666,0.5641960784313725
2,32.65,0.636,0.562156862745098
2,32.66,0.621,0.5598627450980392
2,32.67,0.604,0.5575490196078431
2,32.68,0.625,0.5548823529411765
2,32.69,0.622,0.5513921568627451
2,32.7,0.484,0.5481960784313726
2,32.71,0.449,0.5456274509803921
2,32.72,0.512,0.5426862745098039
2,32.73,0.467,0.5393529411764706
2,32.74,0.524,0.5356666666666666
2,32.75,0.547,0.5322549019607843
2,32.76,0.504,0.5284901960784314
2,32.77,0.531,0.5265294117647059
2,32.78,0.587,0.5238235294117647
2,32.79,0.451,0.5193529411764706
2,32.8,0.483,0.5153921568627451
2,32.81,0.511,0.5112745098039215
2,32.82,0.432,0.5085098039215686
2,32.83,0.494,0.5046078431372549
2,32.84,0.504,0.4992156862745098
2,32.85,0.538,0.4950392156862745
2,32.86,0.447,0.4909607843137255
2,32.87,0.444,0.48601960784313725
2,32.88,0.48,0.48207843137254897
2,32.89,0.514,0.479078431372549
2,32.9,0.477,0.4739803921568627
2,32.91,0.468,0.47037254901960784
2,32.92,0.467,0.46678431372549023
2,32.93,0.499,0.46368627450980393
2,32.94,0.444,0.45974509803921565
2,32.95,0.405,0.455156862745098
2,32.96,0.455,0.45456862745098037
2,32.97,0.438,0.45431372549019605
2,32.98,0.437,0.45278431372549016
2,32.99,0.415,0.4525490196078431
2,33.0,0.428,0.4515882352941176
2,33.01,0.413,0.44837254901960777
2,33.02,0.472,0.44572549019607843
2,33.03,0.446,0.4427058823529412
2,33.04,0.413,0.4380196078431372
2,33.05,0.412,0.436
2,33.06,0.394,0.4338039215686275
2,33.07,0.438,0.4307058823529411
2,33.08,0.406,0.43058823529411766
2,33.09,0.378,0.4284901960784314
2,33.1,0.393,0.42770588235294116
2,33.11,0.425,0.4254705882352941
2,33.12,0.386,0.4254705882352941
2,33.13,0.398,0.42637254901960786
2,33.14,0.449,0.4244705882352941
2,33.15,0.406,0.4229607843137255
2,33.16,0.452,0.4224117647058823
2,33.17,0.438,0.4214313725490196
2,33.18,0.446,0.4210196078431373
2,33.19,0.424,0.41968627450980395
2,33.2,0.388,0.4191372549019608
2,33.21,0.454,0.4190980392156862
2,33.22,0.436,0.41833333333333333
2,33.23,0.434,0.4171176470588236
2,33.24,0.455,0.41635294117647065
2,33.25,0.475,0.41688235294117654
2,33.26,0.383,0.4166078431372549
2,33.27,0.369,0.41633333333333333
2,33.28,0.377,0.41552941176470587
2,33.29,0.348,0.4152745098039216
2,33.3,0.348,0.4160980392156863
2,33.31,0.371,0.4154705882352941
2,33.32,0.353,0.4163137254901961
2,33.33,0.426,0.41635294117647065
2,33.34,0.387,0.4168039215686274
2,33.35,0.464,0.418
2,33.36,0.424,0.419
2,33.37,0.447,0.4195686274509804
2,33.38,0.49,0.42125490196078436
2,33.39,0.383,0.4207450980392157
2,33.4,0.437,0.4212352941176471
2,33.41,0.449,0.42243137254901963
2,33.42,0.418,0.42188235294117643
2,33.43,0.446,0.4215098039215686
2,33.44,0.431,0.4217647058823529
2,33.45,0.416,0.42092156862745095
2,33.46,0.403,0.4212745098039216
2,33.47,0.416,0.42050980392156867
2,33.48,0.376,0.4206666666666667
2,33.49,0.398,0.41996078431372547
2,33.5,0.442,0.4186470588235295
2,33.51,0.414,0.41727450980392156
2,33.52,0.399,0.41811764705882354
2,33.53,0.431,0.419764705882353
2,33.54,0.433,0.42056862745098034
2,33.55,0.455,0.4221372549019608
2,33.56,0.38,0.42464705882352943
2,33.57,0.437,0.4268431372549019
2,33.58,0.44,0.42817647058823527
2,33.59,0.429,0.428
2,33.6,0.439,0.4289607843137255
2,33.61,0.444,0.4284705882352941
2,33.62,0.454,0.4293921568627451
2,33.63,0.472,0.4290196078431373
2,33.64,0.372,0.42658823529411766
2,33.65,0.474,0.42776470588235294
2,33.66,0.467,0.4276078431372549
2,33.67,0.424,0.4276078431372549
2,33.68,0.419,0.42764705882352944
2,33.69,0.459,0.4273137254901961
2,33.7,0.381,0.4275882352941176
2,33.71,0.406,0.4285686274509804
2,33.72,0.415,0.42845098039215684
2,33.73,0.444,0.42866666666666664
2,33.74,0.398,0.4296078431372548
2,33.75,0.388,0.4305882352941176
2,33.76,0.405,0.4303725490196078
2,33.77,0.426,0.43076470588235294
2,33.78,0.453,0.4312941176470588
2,33.79,0.418,0.4316470588235294
2,33.8,0.428,0.43154901960784314
2,33.81,0.476,0.4317254901960784
2,33.82,0.483,0.43315686274509807
2,33.83,0.421,0.43349019607843137
2,33.84,0.417,0.43319607843137253
2,33.85,0.436,0.43258823529411766
2,33.86,0.439,0.4326274509803922
2,33.87,0.471,0.4324901960784314
2,33.88,0.428,0.4317843137254902
2,33.89,0.366,0.4309411764705882
2,33.9,0.443,0.4320392156862745
2,33.91,0.429,0.43082352941176466
2,33.92,0.449,0.4310980392156863
2,33.93,0.42,0.43105882352941177
2,33.94,0.429,0.43078431372549025
2,33.95,0.445,0.43017647058823527
2,33.96,0.466,0.42988235294117644
2,33.97,0.397,0.43009803921568623
2,33.98,0.427,0.4296862745098039
2,33.99,0.424,0.42892156862745096
2,34.0,0.448,0.4301372549019608
2,34.01,0.431,0.4303725490196078
2,34.02,0.434,0.4304117647058824
2,34.03,0.426,0.43025490196078425
2,34.04,0.449,0.42996078431372553
2,34.05,0.428,0.43025490196078436
2,34.06,0.464,0.4301372549019608
2,34.07,0.453,0.4295098039215686
2,34.08,0.454,0.42774509803921573
2,34.09,0.425,0.427843137254902
2,34.1,0.398,0.427235294117647
2,34.11,0.441,0.4261372549019608
2,34.12,0.437,0.42582352941176466
2,34.13,0.418,0.42443137254901964
2,34.14,0.429,0.4239803921568627
2,34.15,0.428,0.42456862745098034
2,34.16,0.412,0.42345098039215684
2,34.17,0.481,0.4242156862745098
2,34.18,0.422,0.4230980392156863
2,34.19,0.405,0.4233921568627451
2,34.2,0.428,0.4251764705882353
2,34.21,0.366,0.42456862745098045
2,34.22,0.417,0.4235294117647058
2,34.23,0.394,0.4233921568627451
2,34.24,0.405,0.4228039215686275
2,34.25,0.46,0.4221764705882353
2,34.26,0.4,0.42194117647058826
2,34.27,0.407,0.4218627450980392
2,34.28,0.418,0.4212549019607843
2,34.29,0.438,0.4209607843137255
2,34.3,0.433,0.4199803921568628
2,34.31,0.422,0.4205098039215686
2,34.32,0.444,0.4205294117647059
2,34.33,0.393,0.4201372549019608
2,34.34,0.426,0.41905882352941176
2,34.35,0.386,0.4181176470588235
2,34.36,0.38,0.41758823529411765
2,34.37,0.423,0.41800000000000004
2,34.38,0.4,0.4189607843137255
2,34.39,0.405,0.42133333333333334
2,34.4,0.396,0.421921568627451
2,34.41,0.386,0.4226666666666667
2,34.42,0.468,0.4233725490196079
2,34.43,0.392,0.4212352941176471
2,34.44,0.435,0.42152941176470593
2,34.45,0.52,0.42078431372549013
2,34.46,0.414,0.41956862745098045
2,34.47,0.413,0.419764705882353
2,34.48,0.39,0.419764705882353
2,34.49,0.397,0.42021568627450984
2,34.5,0.392,0.42111764705882354
2,34.51,0.436,0.41923529411764704
2,34.52,0.427,0.41884313725490196
2,34.53,0.403,0.41778431372549024
2,34.54,0.411,0.41739215686274517
2,34.55,0.399,0.41684313725490196
2,34.56,0.455,0.41670588235294115
2,34.57,0.465,0.41733333333333333
2,34.58,0.433,0.4167647058823529
2,34.59,0.399,0.41780392156862745
2,34.6,0.377,0.41709803921568633
2,34.61,0.371,0.4165490196078432
2,34.62,0.462,0.4159803921568627
2,34.63,0.486,0.4148627450980392
2,34.64,0.539,0.41421568627450983
2,34.65,0.459,0.414921568627451
2,34.66,0.466,0.4156862745098039
2,34.67,0.448,0.4160196078431373
2,34.68,0.372,0.4158235294117647
2,34.69,0.437,0.4165882352941177
2,34.7,0.367,0.41574509803921567
2,34.71,0.366,0.41441176470588237
2,34.72,0.376,0.41527450980392155
2,34.73,0.417,0.41447058823529415
2,34.74,0.417,0.4153137254901961
2,34.75,0.451,0.41674509803921567
2,34.76,0.364,0.41762745098039217
2,34.77,0.38,0.4173529411764706
2,34.78,0.353,0.4163921568627451
2,34.79,0.398,0.4160784313725491
2,34.8,0.41,0.41723529411764704
2,34.81,0.426,0.4170980392156862
2,34.82,0.454,0.4163137254901961
2,34.83,0.415,0.41511764705882354
2,34.84,0.446,0.41429411764705887
2,34.85,0.39,0.4149607843137255
2,34.86,0.358,0.41572549019607846
2,34.87,0.351,0.41596078431372546
2,34.88,0.366,0.41452941176470587
2,34.89,0.367,0.4127450980392156
2,34.9,0.441,0.41011764705882353
2,34.91,0.435,0.4083529411764706
2,34.92,0.403,0.40700000000000003
2,34.93,0.458,0.40498039215686277
2,34.94,0.431,0.4053333333333333
2,34.95,0.392,0.4037843137254902
2,34.96,0.452,0.40494117647058825
2,34.97,0.458,0.40666666666666673
2,34.98,0.372,0.4068823529411765
2,34.99,0.433,0.4063529411764706
2,35.0,0.47,0.4065686274509804
2,35.01,0.437,0.40558823529411764
2,35.02,0.422,0.40694117647058825
2,35.03,0.378,0.4083137254901961
2,35.04,0.387,0.40933333333333327
2,35.05,0.47,0.4094509803921568
2,35.06,0.392,0.4089411764705882
2,35.07,0.415,0.40798039215686277
2,35.08,0.404,0.4060196078431373
2,35.09,0.391,0.40576470588235297
2,35.1,0.433,0.40550980392156866
2,35.11,0.416,0.40590196078431373
2,35.12,0.383,0.40701960784313723
2,35.13,0.389,0.40880392156862744
2,35.14,0.395,0.4101764705882353
2,35.15,0.405,0.4105098039215686
2,35.16,0.369,0.4096666666666667
2,35.17,0.397,0.40898039215686277
2,35.18,0.345,0.40862745098039216
2,35.19,0.39,0.4067058823529412
2,35.2,0.358,0.4063333333333333
2,35.21,0.426,0.40662745098039216
2,35.22,0.454,0.4056470588235294
2,35.23,0.387,0.4045686274509804
2,35.24,0.39,0.4046666666666667
2,35.25,0.428,0.4031960784313725
2,35.26,0.401,0.4016666666666667
2,35.27,0.433,0.4011176470588235
2,35.28,0.45,0.40066666666666667
2,35.29,0.405,0.40149019607843134
2,35.3,0.404,0.4012352941176471
2,35.31,0.384,0.39950980392156865
2,35.32,0.377,0.3997450980392157
2,35.33,0.354,0.39998039215686276
2,35.34,0.402,0.3991568627450981
2,35.35,0.433,0.3992352941176471
2,35.36,0.41,0.39850980392156865
2,35.37,0.415,0.3973921568627451
2,35.38,0.442,0.3979019607843137
2,35.39,0.436,0.3975098039215686
2,35.4,0.384,0.3963725490196079
2,35.41,0.398,0.3953333333333333
2,35.42,0.4,0.3953725490196079
2,35.43,0.385,0.3952352941176471
2,35.44,0.36,0.39778431372549017
2,35.45,0.412,0.3987843137254902
2,35.46,0.407,0.3994705882352941
2,35.47,0.402,0.39850980392156865
2,35.48,0.403,0.3977450980392157
2,35.49,0.377,0.3977254901960784
2,35.5,0.358,0.39819607843137256
2,35.51,0.392,0.39725490196078433
2,35.52,0.409,0.39635294117647063
2,35.53,0.399,0.39543137254901956
2,35.54,0.42,0.39417647058823524
2,35.55,0.374,0.39380392156862754
2,35.56,0.382,0.3938823529411765
2,35.57,0.404,0.3954509803921569
2,35.58,0.427,0.39556862745098037
2,35.59,0.362,0.3966470588235294
2,35.6,0.395,0.3967647058823529
2,35.61,0.396,0.39690196078431367
2,35.62,0.359,0.3971176470588235
2,35.63,0.409,0.3963529411764706
2,35.64,0.369,0.3955294117647059
2,35.65,0.337,0.3948235294117647
2,35.66,0.352,0.39543137254901956
2,35.67,0.371,0.3956470588235294
2,35.68,0.39,0.3955098039215686
2,35.69,0.475,0.3963529411764706
2,35.7,0.441,0.3973921568627451
2,35.71,0.393,0.3968235294117647
2,35.72,0.377,0.39652941176470585
2,35.73,0.415,0.3971176470588235
2,35.74,0.386,0.3978039215686275
2,35.75,0.414,0.39952941176470586
2,35.76,0.38,0.40143137254901967
2,35.77,0.355,0.4020196078431373
2,35.78,0.386,0.40225490196078434
2,35.79,0.386,0.403235294117647
2,35.8,0.386,0.4032745098039216
2,35.81,0.408,0.40470588235294114
2,35.82,0.464,0.4060196078431373
2,35.83,0.383,0.4069019607843137
2,35.84,0.409,0.40715686274509805
2,35.85,0.408,0.4088627450980392
2,35.86,0.44,0.40843137254901957
2,35.87,0.421,0.4088823529411764
2,35.88,0.376,0.4105882352941177
2,35.89,0.4,0.41117647058823537
2,35.9,0.4,0.41394117647058826
2,35.91,0.415,0.4167647058823529
2,35.92,0.409,0.41752941176470587
2,35.93,0.393,0.4182941176470588
2,35.94,0.428,0.41954901960784313
2,35.95,0.413,0.4180588235294118
2,35.96,0.383,0.41803921568627445
2,35.97,0.392,0.41794117647058826
2,35.98,0.432,0.41988235294117643
2,35.99,0.438,0.4215686274509804
2,36.0,0.465,0.4238823529411765
2,36.01,0.455,0.4248431372549019
2,36.02,0.422,0.42658823529411766
2,36.03,0.421,0.42827450980392157
2,36.04,0.449,0.43043137254901964
2,36.05,0.422,0.43147058823529416
2,36.06,0.447,0.43137254901960786
2,36.07,0.449,0.43186274509803924
2,36.08,0.449,0.43099999999999994
2,36.09,0.44,0.4326274509803922
2,36.1,0.449,0.43311764705882355
2,36.11,0.373,0.4328431372549019
2,36.12,0.419,0.43237254901960787
2,36.13,0.446,0.4325882352941176
2,36.14,0.439,0.43335294117647055
2,36.15,0.51,0.4329411764705882
2,36.16,0.481,0.43349019607843137
2,36.17,0.391,0.43176470588235294
2,36.18,0.41,0.43119607843137253
2,36.19,0.454,0.4314509803921569
2,36.2,0.399,0.4302156862745098
2,36.21,0.44,0.4304901960784314
2,36.22,0.388,0.4303333333333334
2,36.23,0.476,0.4296274509803922
2,36.24,0.501,0.4281372549019608
2,36.25,0.504,0.4273921568627451
2,36.26,0.463,0.4273921568627451
2,36.27,0.469,0.4265098039215686
2,36.28,0.441,0.4263529411764706
2,36.29,0.496,0.42676470588235293
2,36.3,0.439,0.4272156862745098
2,36.31,0.381,0.42705882352941177
2,36.32,0.433,0.42674509803921573
2,36.33,0.42,0.4278235294117647
2,36.34,0.466,0.4270392156862745
2,36.35,0.434,0.4274313725490196
2,36.36,0.394,0.4259411764705882
2,36.37,0.416,0.4271960784313726
2,36.38,0.432,0.42680392156862745
2,36.39,0.415,0.4265294117647059
2,36.4,0.379,0.4265490196078431
2,36.41,0.428,0.4244705882352941
2,36.42,0.327,0.4235294117647058
2,36.43,0.38,0.42462745098039223
2,36.44,0.406,0.42533333333333334
2,36.45,0.365,0.42494117647058827
2,36.46,0.427,0.42570588235294116
2,36.47,0.375,0.4256274509803922
2,36.48,0.356,0.4266862745098039
2,36.49,0.356,0.42531372549019614
2,36.5,0.4,0.4236078431372549
2,36.51,0.465,0.4220980392156862
2,36.52,0.41,0.4213921568627451
2,36.53,0.414,0.4201372549019608
2,36.54,0.442,0.41925490196078435
2,36.55,0.472,0.418078431372549
2,36.56,0.414,0.41711764705882354
2,36.57,0.431,0.4186862745098039
2,36.58,0.504,0.41970588235294115
2,36.59,0.409,0.4187843137254902
2,36.6,0.46,0.4169411764705882
2,36.61,0.373,0.4169803921568627
2,36.62,0.437,0.41725490196078435
2,36.63,0.399,0.41739215686274506
2,36.64,0.432,0.41723529411764704
2,36.65,0.44,0.41692156862745094
2,36.66,0.404,0.41690196078431374
2,36.67,0.433,0.41611764705882354
2,36.68,0.447,0.41723529411764704
2,36.69,0.446,0.4171960784313725
2,36.7,0.434,0.41664705882352937
2,36.71,0.438,0.4178235294117647
2,36.72,0.436,0.4169803921568627
2,36.73,0.442,0.4173529411764706
2,36.74,0.406,0.41835294117647065
2,36.75,0.414,0.4192549019607843
2,36.76,0.427,0.4193529411764706
2,36.77,0.427,0.41772549019607846
2,36.78,0.405,0.41743137254901963
2,36.79,0.396,0.4178823529411764
2,36.8,0.436,0.4174313725490196
2,36.81,0.39,0.4160980392156863
2,36.82,0.461,0.41621568627450983
2,36.83,0.485,0.4163137254901961
2,36.84,0.373,0.4145490196078431
2,36.85,0.372,0.4149607843137255
2,36.86,0.436,0.41407843137254907
2,36.87,0.408,0.4144509803921569
2,36.88,0.423,0.4129607843137255
2,36.89,0.424,0.4127254901960784
2,36.9,0.399,0.4123921568627451
2,36.91,0.378,0.4123137254901961
2,36.92,0.388,0.4131372549019608
2,36.93,0.384,0.41356862745098044
2,36.94,0.378,0.41354901960784307
2,36.95,0.378,0.41284313725490196
2,36.96,0.425,0.41280392156862744
2,36.97,0.384,0.4126078431372549
2,36.98,0.394,0.41288235294117653
2,36.99,0.407,0.41350980392156866
2,37.0,0.402,0.4145490196078431
2,37.01,0.405,0.416078431372549
2,37.02,0.382,0.41709803921568633
2,37.03,0.395,0.4188823529411765
2,37.04,0.437,0.4188627450980393
2,37.05,0.419,0.4201372549019608
2,37.06,0.404,0.41962745098039217
2,37.07,0.42,0.42058823529411765
2,37.08,0.436,0.4202549019607843
2,37.09,0.414,0.4191764705882353
2,37.1,0.43,0.4200588235294117
2,37.11,0.415,0.42168627450980395
2,37.12,0.392,0.4221176470588235
2,37.13,0.361,0.4223333333333333
2,37.14,0.387,0.4220392156862745
2,37.15,0.415,0.4220980392156863
2,37.16,0.436,0.4237254901960784
2,37.17,0.446,0.42507843137254897
2,37.18,0.455,0.4266274509803921
2,37.19,0.446,0.42864705882352944
2,37.2,0.41,0.4303137254901961
2,37.21,0.432,0.43090196078431375
2,37.22,0.428,0.43107843137254903
2,37.23,0.45,0.4323137254901961
2,37.24,0.474,0.43309803921568624
2,37.25,0.459,0.4347843137254902
2,37.26,0.492,0.4368823529411765
2,37.27,0.479,0.43852941176470583
2,37.28,0.518,0.4400588235294117
2,37.29,0.404,0.4409803921568627
2,37.3,0.461,0.4418823529411765
2,37.31,0.41,0.44266666666666665
2,37.32,0.439,0.4444901960784314
2,37.33,0.444,0.44531372549019604
2,37.34,0.43,0.44584313725490193
2,37.35,0.418,0.44709803921568625
2,37.36,0.455,0.4485098039215687
2,37.37,0.458,0.44935294117647057
2,37.38,0.419,0.4505294117647059
2,37.39,0.408,0.45241176470588235
2,37.4,0.427,0.45403921568627453
2,37.41,0.482,0.4561960784313725
2,37.42,0.447,0.45658823529411763
2,37.43,0.467,0.45703921568627454
2,37.44,0.487,0.45672549019607844
2,37.45,0.463,0.45623529411764707
2,37.46,0.408,0.45643137254901966
2,37.47,0.434,0.4582549019607843
2,37.48,0.447,0.4594901960784314
2,37.49,0.434,0.4600588235294117
2,37.5,0.493,0.4596862745098039
2,37.51,0.509,0.45978431372549017
2,37.52,0.489,0.45876470588235296
2,37.53,0.46,0.45790196078431367
2,37.54,0.442,0.4561568627450981
2,37.55,0.483,0.45617647058823524
2,37.56,0.459,0.457078431372549
2,37.57,0.497,0.45747058823529413
2,37.58,0.462,0.4569607843137255
2,37.59,0.463,0.4578235294117647
2,37.6,0.478,0.4590000000000001
2,37.61,0.502,0.45933333333333337
2,37.62,0.458,0.45888235294117646
2,37.63,0.452,0.4590980392156863
2,37.64,0.457,0.4602156862745098
2,37.65,0.47,0.46127450980392154
2,37.66,0.525,0.4612941176470588
2,37.67,0.456,0.4605490196078431
2,37.68,0.469,0.46076470588235297
2,37.69,0.439,0.46127450980392154
2,37.7,0.421,0.46050980392156865
2,37.71,0.42,0.4602549019607843
2,37.72,0.525,0.4610392156862745
2,37.73,0.491,0.4612156862745098
2,37.74,0.479,0.4612549019607843
2,37.75,0.455,0.4611372549019608
2,37.76,0.464,0.4604117647058823
2,37.77,0.44,0.459156862745098
2,37.78,0.435,0.4572156862745098
2,37.79,0.429,0.4570196078431373
2,37.8,0.405,0.45531372549019605
2,37.81,0.507,0.45368627450980387
2,37.82,0.43,0.4525882352941177
2,37.83,0.413,0.4496862745098039
2,37.84,0.488,0.4474313725490196
2,37.85,0.49,0.44488235294117645
2,37.86,0.435,0.4424509803921569
2,37.87,0.432,0.43966666666666665
2,37.88,0.469,0.4386274509803922
2,37.89,0.476,0.4375490196078431
2,37.9,0.462,0.43649019607843137
2,37.91,0.428,0.4351372549019608
2,37.92,0.444,0.4325294117647059
2,37.93,0.458,0.43149019607843137
2,37.94,0.493,0.4298235294117647
2,37.95,0.448,0.42988235294117644
2,37.96,0.45,0.42937254901960786
2,37.97,0.448,0.4283333333333333
2,37.98,0.443,0.4250196078431373
2,37.99,0.449,0.4228039215686275
2,38.0,0.428,0.42088235294117654
2,38.01,0.456,0.4200980392156863
2,38.02,0.445,0.4188627450980393
2,38.03,0.39,0.4188039215686274
2,38.04,0.45,0.41800000000000004
2,38.05,0.355,0.418078431372549
2,38.06,0.4,0.4189607843137255
2,38.07,0.403,0.417764705882353
2,38.08,0.349,0.4176470588235294
2,38.09,0.347,0.4175490196078432
2,38.1,0.333,0.41641176470588237
2,38.11,0.354,0.4150392156862745
2,38.12,0.36,0.41431372549019607
2,38.13,0.405,0.4144313725490197
2,38.14,0.397,0.4136666666666667
2,38.15,0.403,0.41321568627450983
2,38.16,0.401,0.4136078431372549
2,38.17,0.392,0.4134901960784314
2,38.18,0.403,0.4120196078431373
2,38.19,0.384,0.4107647058823529
2,38.2,0.442,0.40919607843137257
2,38.21,0.395,0.408
2,38.22,0.367,0.4072156862745098
2,38.23,0.356,0.4076666666666667
2,38.24,0.378,0.4075098039215686
2,38.25,0.381,0.40698039215686277
2,38.26,0.415,0.4083529411764706
2,38.27,0.401,0.4074901960784314
2,38.28,0.437,0.4076078431372549
2,38.29,0.394,0.4085098039215686
2,38.3,0.433,0.40866666666666673
2,38.31,0.45,0.4106470588235294
2,38.32,0.446,0.410843137254902
2,38.33,0.424,0.4120392156862745
2,38.34,0.408,0.41358823529411765
2,38.35,0.43,0.41521568627450983
2,38.36,0.42,0.41670588235294115
2,38.37,0.398,0.41811764705882354
2,38.38,0.438,0.42011764705882354
2,38.39,0.43,0.4199019607843137
2,38.4,0.453,0.41890196078431374
2,38.41,0.482,0.41872549019607846
2,38.42,0.422,0.4192941176470588
2,38.43,0.369,0.4193725490196078
2,38.44,0.394,0.41909803921568634
2,38.45,0.413,0.41864705882352937
2,38.46,0.387,0.4173529411764706
2,38.47,0.41,0.417078431372549
2,38.48,0.471,0.41731372549019613
2,38.49,0.435,0.41760784313725485
2,38.5,0.422,0.41723529411764704
2,38.51,0.498,0.4172156862745098
2,38.52,0.412,0.41656862745098033
2,38.53,0.451,0.4159803921568627
2,38.54,0.436,0.4152745098039216
2,38.55,0.458,0.41462745098039216
2,38.56,0.456,0.4146666666666667
2,38.57,0.41,0.4136274509803921
2,38.58,0.464,0.41349019607843135
2,38.59,0.428,0.4141764705882353
2,38.6,0.43,0.4146274509803921
2,38.61,0.409,0.4151960784313725
2,38.62,0.426,0.41578431372549024
2,38.63,0.462,0.4167058823529412
2,38.64,0.394,0.4169411764705882
2,38.65,0.346,0.4167254901960784
2,38.66,0.394,0.41705882352941176
2,38.67,0.43,0.41652941176470587
2,38.68,0.396,0.417156862745098
2,38.69,0.389,0.4179803921568627
2,38.7,0.361,0.41903921568627456
2,38.71,0.376,0.41890196078431374
2,38.72,0.381,0.41884313725490196
2,38.73,0.379,0.4190196078431373
2,38.74,0.371,0.417921568627451
2,38.75,0.359,0.41841176470588237
2,38.76,0.38,0.4193529411764706
2,38.77,0.382,0.41835294117647054
2,38.78,0.371,0.41947058823529415
2,38.79,0.401,0.41933333333333334
2,38.8,0.361,0.41933333333333334
2,38.81,0.435,0.41913725490196074
2,38.82,0.397,0.41856862745098034
2,38.83,0.439,0.41927450980392156
2,38.84,0.459,0.4188235294117647
2,38.85,0.431,0.419
2,38.86,0.459,0.4206078431372549
2,38.87,0.45,0.42062745098039217
2,38.88,0.445,0.421235294117647
2,38.89,0.45,0.42054901960784313
2,38.9,0.419,0.4213921568627451
2,38.91,0.47,0.42284313725490197
2,38.92,0.455,0.423313725490196
2,38.93,0.454,0.42266666666666663
2,38.94,0.411,0.4231764705882353
2,38.95,0.448,0.42354901960784314
2,38.96,0.406,0.4245098039215687
2,38.97,0.384,0.4257058823529412
2,38.98,0.419,0.4266274509803921
2,38.99,0.415,0.42713725490196075
2,39.0,0.46,0.42805882352941177
2,39.01,0.47,0.42866666666666664
2,39.02,0.447,0.4294117647058823
2,39.03,0.469,0.4296274509803922
2,39.04,0.444,0.4305294117647059
2,39.05,0.436,0.43064705882352944
2,39.06,0.448,0.43121568627450974
2,39.07,0.427,0.4305686274509804
2,39.08,0.446,0.43060784313725486
2,39.09,0.441,0.4292156862745098
2,39.1,0.437,0.42825490196078425
2,39.11,0.512,0.42780392156862745
2,39.12,0.41,0.42705882352941177
2,39.13,0.457,0.42556862745098034
2,39.14,0.427,0.42498039215686273
2,39.15,0.437,0.4239411764705882
2,39.16,0.42,0.42307843137254897
2,39.17,0.418,0.42174509803921567
2,39.18,0.397,0.42178431372549025
2,39.19,0.422,0.4221764705882353
2,39.2,0.408,0.4230196078431372
2,39.21,0.41,0.4236078431372549
2,39.22,0.437,0.4254509803921569
2,39.23,0.428,0.42696078431372547
2,39.24,0.405,0.4267254901960784
2,39.25,0.418,0.42754901960784314
2,39.26,0.39,0.4274509803921569
2,39.27,0.418,0.42637254901960786
2,39.28,0.393,0.4262941176470588
2,39.29,0.417,0.425
2,39.3,0.407,0.42478431372549025
2,39.31,0.39,0.4242549019607843
2,39.32,0.402,0.42494117647058827
2,39.33,0.399,0.4248235294117647
2,39.34,0.368,0.4255098039215686
2,39.35,0.41,0.425764705882353
2,39.36,0.408,0.42576470588235293
2,39.37,0.421,0.42476470588235293
2,39.38,0.374,0.426
2,39.39,0.415,0.4250980392156863
2,39.4,0.397,0.4257450980392156
2,39.41,0.375,0.4254117647058824
2,39.42,0.402,0.42584313725490197
2,39.43,0.457,0.4259411764705882
2,39.44,0.474,0.42615686274509806
2,39.45,0.454,0.4268235294117647
2,39.46,0.478,0.4288823529411765
2,39.47,0.5,0.4298039215686274
2,39.48,0.461,0.430235294117647
2,39.49,0.407,0.43137254901960786
2,39.5,0.457,0.4336470588235294
2,39.51,0.455,0.4338235294117647
2,39.52,0.415,0.434764705882353
2,39.53,0.443,0.43537254901960787
2,39.54,0.403,0.4360392156862745
2,39.55,0.433,0.4362941176470588
2,39.56,0.409,0.43764705882352933
2,39.57,0.483,0.4374705882352941
2,39.58,0.421,0.4383725490196078
2,39.59,0.481,0.440235294117647
2,39.6,0.454,0.4411764705882353
2,39.61,0.437,0.4410392156862746
2,39.62,0.461,0.4406470588235294
2,39.63,0.473,0.4402156862745098
2,39.64,0.411,0.44066666666666665
2,39.65,0.46,0.44109803921568624
2,39.66,0.42,0.44101960784313726
2,39.67,0.442,0.44141176470588234
2,39.68,0.423,0.4422745098039216
2,39.69,0.408,0.4411960784313725
2,39.7,0.456,0.43994117647058817
2,39.71,0.513,0.4397450980392157
2,39.72,0.457,0.4378431372549019
2,39.73,0.459,0.43617647058823533
2,39.74,0.486,0.43521568627450985
2,39.75,0.521,0.4355294117647059
2,39.76,0.427,0.43409803921568624
2,39.77,0.438,0.43321568627450974
2,39.78,0.449,0.4347843137254902
2,39.79,0.427,0.43447058823529416
2,39.8,0.43,0.43545098039215685
2,39.81,0.476,0.4351764705882353
2,39.82,0.381,0.43529411764705883
2,39.83,0.448,0.4346274509803922
2,39.84,0.494,0.4347058823529412
2,39.85,0.416,0.43392156862745096
2,39.86,0.403,0.43313725490196076
2,39.87,0.388,0.4329019607843137
2,39.88,0.399,0.4305098039215686
2,39.89,0.397,0.4295686274509804
2,39.9,0.437,0.42998039215686273
2,39.91,0.393,0.4292941176470589
2,39.92,0.395,0.4296274509803921
2,39.93,0.446,0.4286862745098039
2,39.94,0.402,0.4288823529411765
2,39.95,0.41,0.42917647058823527
2,39.96,0.444,0.42913725490196075
2,39.97,0.381,0.4279411764705882
2,39.98,0.415,0.4279607843137255
2,39.99,0.412,0.4274117647058824
2,40.0,0.423,0.42552941176470593
2,40.01,0.384,0.42458823529411766
2,40.02,0.41,0.4241960784313726
2,40.03,0.495,0.424
2,40.04,0.427,0.4234117647058824
2,40.05,0.453,0.4237254901960784
2,40.06,0.419,0.4226666666666667
2,40.07,0.415,0.4220392156862745
2,40.08,0.449,0.4231372549019608
2,40.09,0.425,0.42278431372549025
2,40.1,0.441,0.42178431372549025
2,40.11,0.414,0.4221960784313725
2,40.12,0.425,0.42223529411764704
2,40.13,0.339,0.4222549019607843
2,40.14,0.425,0.4222745098039216
2,40.15,0.432,0.421921568627451
2,40.16,0.425,0.422
2,40.17,0.437,0.4219411764705882
2,40.18,0.394,0.42184313725490197
2,40.19,0.433,0.42127450980392156
2,40.2,0.423,0.4209803921568628
2,40.21,0.454,0.4206470588235294
2,40.22,0.452,0.420921568627451
2,40.23,0.458,0.42278431372549025
2,40.24,0.431,0.42296078431372547
2,40.25,0.39,0.42384313725490197
2,40.26,0.473,0.42368627450980395
2,40.27,0.407,0.4251960784313726
2,40.28,0.428,0.4248039215686275
2,40.29,0.419,0.4223529411764706
2,40.3,0.443,0.42196078431372547
2,40.31,0.376,0.4213921568627451
2,40.32,0.444,0.42278431372549025
2,40.33,0.437,0.42235294117647065
2,40.34,0.43,0.42160784313725486
2,40.35,0.443,0.4221960784313725
2,40.36,0.437,0.4222745098039216
2,40.37,0.405,0.4236078431372549
2,40.38,0.389,0.4242941176470589
2,40.39,0.4,0.4261372549019608
2,40.4,0.379,0.4256078431372549
2,40.41,0.441,0.42603921568627456
2,40.42,0.39,0.42596078431372547
2,40.43,0.39,0.425764705882353
2,40.44,0.417,0.4256078431372549
2,40.45,0.387,0.4244901960784314
2,40.46,0.393,0.42437254901960786
2,40.47,0.458,0.42343137254901964
2,40.48,0.476,0.42517647058823527
2,40.49,0.424,0.4262549019607843
2,40.5,0.457,0.4272156862745098
2,40.51,0.415,0.4277254901960784
2,40.52,0.461,0.4272549019607843
2,40.53,0.39,0.4274509803921569
2,40.54,0.37,0.42754901960784314
2,40.55,0.407,0.4284117647058824
2,40.56,0.424,0.4270784313725491
2,40.57,0.49,0.42692156862745095
2,40.58,0.393,0.4254313725490196
2,40.59,0.411,0.42456862745098034
2,40.6,0.455,0.42366666666666664
2,40.61,0.445,0.4232549019607843
2,40.62,0.482,0.4231372549019608
2,40.63,0.46,0.42470588235294116
2,40.64,0.433,0.4277843137254902
2,40.65,0.398,0.4310588235294117
2,40.66,0.454,0.43392156862745096
2,40.67,0.421,0.433843137254902
2,40.68,0.427,0.4358039215686275
2,40.69,0.386,0.436843137254902
2,40.7,0.376,0.4374901960784313
2,40.71,0.417,0.43892156862745096
2,40.72,0.406,0.44052941176470595
2,40.73,0.541,0.43980392156862746
2,40.74,0.513,0.4395294117647059
2,40.75,0.48,0.4390980392156863
2,40.76,0.416,0.4384313725490196
2,40.77,0.449,0.43958823529411767
2,40.78,0.417,0.43856862745098035
2,40.79,0.433,0.43999999999999995
2,40.8,0.463,0.44121568627450986
2,40.81,0.375,0.44186274509803924
2,40.82,0.368,0.4420980392156863
2,40.83,0.368,0.44131372549019604
2,40.84,0.393,0.4417450980392157
2,40.85,0.384,0.4423529411764706
2,40.86,0.422,0.4417450980392157
2,40.87,0.431,0.4416862745098039
2,40.88,0.485,0.4413921568627451
2,40.89,0.546,0.4403137254901961
2,40.9,0.567,0.43980392156862746
2,40.91,0.525,0.44060784313725493
2,40.92,0.437,0.43992156862745097
2,40.93,0.49,0.44066666666666665
2,40.94,0.443,0.4404901960784314
2,40.95,0.45,0.4411960784313726
2,40.96,0.46,0.44288235294117645
2,40.97,0.475,0.4444901960784314
2,40.98,0.421,0.4452745098039216
2,40.99,0.462,0.4432941176470588
2,41.0,0.402,0.4419607843137255
2,41.01,0.423,0.4419411764705883
2,41.02,0.474,0.4414705882352941
2,41.03,0.409,0.4422941176470589
2,41.04,0.463,0.4429607843137255
2,41.05,0.432,0.44282352941176467
2,41.06,0.44,0.4422745098039215
2,41.07,0.436,0.44503921568627447
2,41.08,0.45,0.44641176470588234
2,41.09,0.415,0.44796078431372555
2,41.1,0.442,0.44876470588235295
2,41.11,0.424,0.44929411764705884
2,41.12,0.442,0.4490588235294118
2,41.13,0.467,0.4496078431372549
2,41.14,0.405,0.4481176470588235
2,41.15,0.407,0.4454705882352941
2,41.16,0.439,0.4435294117647059
2,41.17,0.419,0.4421568627450981
2,41.18,0.459,0.44345098039215686
2,41.19,0.418,0.4421176470588235
2,41.2,0.422,0.4411764705882353
2,41.21,0.462,0.44047058823529417
2,41.22,0.499,0.44011764705882356
2,41.23,0.446,0.4402156862745098
2,41.24,0.44,0.44082352941176467
2,41.25,0.445,0.44186274509803924
2,41.26,0.479,0.4434901960784313
2,41.27,0.392,0.444843137254902
2,41.28,0.491,0.44441176470588234
2,41.29,0.451,0.4444509803921569
2,41.3,0.426,0.4439411764705883
2,41.31,0.435,0.44735294117647056
2,41.32,0.516,0.4470392156862745
2,41.33,0.438,0.448843137254902
2,41.34,0.447,0.45172549019607844
2,41.35,0.434,0.45560784313725483
2,41.36,0.411,0.460235294117647
2,41.37,0.41,0.4644705882352941
2,41.38,0.459,0.4679803921568627
2,41.39,0.409,0.4691764705882353
2,41.4,0.411,0.4737843137254902
2,41.41,0.468,0.47905882352941176
2,41.42,0.455,0.48145098039215684
2,41.43,0.503,0.486156862745098
2,41.44,0.422,0.48707843137254897
2,41.45,0.395,0.4878431372549019
2,41.46,0.414,0.4892941176470588
2,41.47,0.442,0.49113725490196075
2,41.48,0.48,0.49258823529411766
2,41.49,0.452,0.49441176470588233
2,41.5,0.515,0.4962745098039216
2,41.51,0.485,0.4970588235294118
2,41.52,0.492,0.497764705882353
2,41.53,0.452,0.49998039215686274
2,41.54,0.411,0.4992549019607843
2,41.55,0.437,0.49978431372549015
2,41.56,0.606,0.5021960784313726
2,41.57,0.424,0.5029803921568627
2,41.58,0.528,0.5023333333333333
2,41.59,0.597,0.5025882352941177
2,41.6,0.613,0.5021960784313726
2,41.61,0.678,0.5037843137254903
2,41.62,0.64,0.5045882352941176
2,41.63,0.621,0.505764705882353
2,41.64,0.528,0.5061176470588236
2,41.65,0.64,0.5064901960784314
2,41.66,0.676,0.5080980392156863
2,41.67,0.561,0.5092549019607843
2,41.68,0.659,0.5103725490196078
2,41.69,0.506,0.510078431372549
2,41.7,0.457,0.5117450980392156
2,41.71,0.496,0.5138039215686274
2,41.72,0.556,0.5152549019607843
2,41.73,0.573,0.515921568627451
2,41.74,0.539,0.5171372549019607
2,41.75,0.535,0.5182156862745099
2,41.76,0.485,0.5191764705882354
2,41.77,0.515,0.5203725490196078
2,41.78,0.505,0.5209999999999999
2,41.79,0.454,0.5203333333333334
2,41.8,0.478,0.5205686274509804
2,41.81,0.549,0.520235294117647
2,41.82,0.475,0.516313725490196
2,41.83,0.483,0.5160196078431373
2,41.84,0.451,0.5145686274509803
2,41.85,0.427,0.512921568627451
2,41.86,0.515,0.5105882352941177
2,41.87,0.452,0.5084705882352941
2,41.88,0.47,0.505235294117647
2,41.89,0.477,0.502686274509804
2,41.9,0.428,0.5022745098039215
2,41.91,0.493,0.49845098039215685
2,41.92,0.527,0.4933725490196078
2,41.93,0.512,0.49145098039215684
2,41.94,0.488,0.48813725490196086
2,41.95,0.507,0.48690196078431375
2,41.96,0.5,0.48723529411764704
2,41.97,0.488,0.486156862745098
2,41.98,0.476,0.48380392156862745
2,41.99,0.542,0.48158823529411765
2,42.0,0.507,0.4798823529411765
2,42.01,0.564,0.47864705882352937
2,42.02,0.546,0.47811764705882354
2,42.03,0.524,0.4769803921568628
2,42.04,0.418,0.47641176470588237
2,42.05,0.423,0.47868627450980394
2,42.06,0.42,0.47896078431372546
2,42.07,0.406,0.47705882352941176
2,42.08,0.409,0.47627450980392155
2,42.09,0.454,0.47533333333333333
2,42.1,0.513,0.47570588235294115
2,42.11,0.494,0.4763529411764706
2,42.12,0.57,0.47558823529411764
2,42.13,0.475,0.47772549019607846
2,42.14,0.491,0.477156862745098
2,42.15,0.507,0.4763921568627451
2,42.16,0.445,0.47660784313725496
2,42.17,0.417,0.4755490196078431
2,42.18,0.463,0.4741372549019608
2,42.19,0.49,0.4722156862745098
2,42.2,0.443,0.4719607843137255
2,42.21,0.474,0.4698235294117647
2,42.22,0.441,0.4695686274509804
2,42.23,0.436,0.4676470588235294
2,42.24,0.46,0.4671764705882353
2,42.25,0.452,0.46456862745098043
2,42.26,0.472,0.46294117647058824
2,42.27,0.458,0.46066666666666667
2,42.28,0.457,0.45976470588235296
2,42.29,0.476,0.45841176470588235
2,42.3,0.57,0.4585490196078431
2,42.31,0.492,0.46015686274509804
2,42.32,0.452,0.4600196078431372
2,42.33,0.435,0.46168627450980393
2,42.34,0.435,0.4619019607843138
2,42.35,0.47,0.4615098039215686
2,42.36,0.46,0.4599411764705882
2,42.37,0.476,0.4585686274509804
2,42.38,0.561,0.4555882352941176
2,42.39,0.441,0.45515686274509803
2,42.4,0.438,0.4534313725490196
2,42.41,0.439,0.4518627450980392
2,42.42,0.439,0.4505882352941177
2,42.43,0.455,0.4505882352941177
2,42.44,0.414,0.45062745098039214
2,42.45,0.475,0.4501960784313725
2,42.46,0.398,0.450921568627451
2,42.47,0.487,0.4494901960784314
2,42.48,0.39,0.4491372549019608
2,42.49,0.452,0.4498823529411765
2,42.5,0.409,0.4494901960784314
2,42.51,0.424,0.44984313725490194
2,42.52,0.448,0.44992156862745103
2,42.53,0.5,0.44935294117647057
2,42.54,0.455,0.45
2,42.55,0.425,0.4494313725490196
2,42.56,0.505,0.44698039215686275
2,42.57,0.413,0.4453725490196079
2,42.58,0.491,0.4453333333333333
2,42.59,0.42,0.44543137254901966
2,42.6,0.434,0.44603921568627447
2,42.61,0.433,0.4476862745098039
2,42.62,0.424,0.4489019607843137
2,42.63,0.418,0.4507058823529412
2,42.64,0.453,0.44903921568627453
2,42.65,0.403,0.4508823529411765
2,42.66,0.427,0.4534901960784314
2,42.67,0.38,0.45352941176470585
2,42.68,0.417,0.45374509803921564
2,42.69,0.465,0.4537843137254902
2,42.7,0.468,0.4547647058823529
2,42.71,0.48,0.4532352941176471
2,42.72,0.401,0.4540196078431373
2,42.73,0.423,0.4536078431372549
2,42.74,0.474,0.4551176470588235
2,42.75,0.44,0.45517647058823535
2,42.76,0.47,0.4552941176470588
2,42.77,0.476,0.45568627450980387
2,42.78,0.429,0.45554901960784305
2,42.79,0.49,0.45447058823529407
2,42.8,0.447,0.4535882352941176
2,42.81,0.445,0.4540196078431373
2,42.82,0.41,0.45303921568627453
2,42.83,0.45,0.4529019607843137
2,42.84,0.44,0.45192156862745103
2,42.85,0.466,0.4520392156862745
2,42.86,0.554,0.45143137254901966
2,42.87,0.522,0.45109803921568625
2,42.88,0.568,0.4511176470588235
2,42.89,0.476,0.4514901960784314
2,42.9,0.535,0.45113725490196077
2,42.91,0.571,0.45227450980392164
2,42.92,0.441,0.4517450980392157
2,42.93,0.45,0.45231372549019605
2,42.94,0.457,0.45233333333333337
2,42.95,0.464,0.45109803921568625
2,42.96,0.397,0.45129411764705885
2,42.97,0.438,0.45094117647058823
2,42.98,0.466,0.451
2,42.99,0.467,0.45105882352941173
2,43.0,0.455,0.4508235294117647
2,43.01,0.415,0.4505686274509804
2,43.02,0.444,0.45031372549019605
2,43.03,0.441,0.4488627450980392
2,43.04,0.445,0.448686274509804
2,43.05,0.41,0.44766666666666666
2,43.06,0.447,0.44690196078431377
2,43.07,0.455,0.447156862745098
2,43.08,0.406,0.4468627450980392
2,43.09,0.441,0.44582352941176473
2,43.1,0.426,0.445
2,43.11,0.403,0.4437058823529412
2,43.12,0.416,0.44107843137254904
2,43.13,0.425,0.4387843137254902
2,43.14,0.437,0.4357843137254902
2,43.15,0.435,0.4346274509803922
2,43.16,0.461,0.43168627450980396
2,43.17,0.4,0.4286274509803921
2,43.18,0.409,0.4273137254901961
2,43.19,0.418,0.4262745098039216
2,43.2,0.402,0.4253529411764706
2,43.21,0.478,0.424078431372549
2,43.22,0.462,0.42401960784313725
2,43.23,0.404,0.4225294117647059
2,43.24,0.426,0.4214117647058824
2,43.25,0.462,0.41939215686274506
2,43.26,0.427,0.4208431372549019
2,43.27,0.457,0.4205294117647059
2,43.28,0.402,0.4188627450980393
2,43.29,0.42,0.41921568627450984
2,43.3,0.438,0.41947058823529415
2,43.31,0.408,0.4193529411764706
2,43.32,0.458,0.41796078431372546
2,43.33,0.395,0.41664705882352937
2,43.34,0.397,0.4166078431372549
2,43.35,0.398,0.4164509803921569
2,43.36,0.4,0.41662745098039217
2,43.37,0.42,0.417
2,43.38,0.405,0.41709803921568633
2,43.39,0.415,0.41611764705882354
2,43.4,0.417,0.4149803921568628
2,43.41,0.385,0.41482352941176476
2,43.42,0.415,0.41374509803921566
2,43.43,0.374,0.4136470588235294
2,43.44,0.397,0.4131372549019608
2,43.45,0.41,0.4127254901960784
2,43.46,0.399,0.4124509803921569
2,43.47,0.394,0.4107647058823529
2,43.48,0.362,0.4096470588235294
2,43.49,0.409,0.40952941176470586
2,43.5,0.364,0.40976470588235303
2,43.51,0.529,0.41101960784313735
2,43.52,0.399,0.41119607843137257
2,43.53,0.359,0.4118823529411765
2,43.54,0.459,0.4130980392156863
2,43.55,0.458,0.4130980392156862
2,43.56,0.404,0.4136470588235294
2,43.57,0.376,0.4149411764705882
2,43.58,0.388,0.4161960784313725
2,43.59,0.404,0.41905882352941176
2,43.6,0.433,0.42127450980392156
2,43.61,0.435,0.42492156862745095
2,43.62,0.422,0.428
2,43.63,0.421,0.4284117647058824
2,43.64,0.375,0.4310196078431373
2,43.65,0.379,0.4331176470588235
2,43.66,0.427,0.43398039215686274
2,43.67,0.406,0.43617647058823533
2,43.68,0.395,0.43668627450980396
2,43.69,0.383,0.43817647058823533
2,43.7,0.397,0.43992156862745097
2,43.71,0.388,0.4411764705882353
2,43.72,0.392,0.442764705882353
2,43.73,0.405,0.44386274509803925
2,43.74,0.398,0.44600000000000006
2,43.75,0.438,0.44621568627450975
2,43.76,0.526,0.4475490196078432
2,43.77,0.436,0.4453529411764706
2,43.78,0.492,0.44564705882352945
2,43.79,0.464,0.4479019607843137
2,43.8,0.42,0.4473921568627451
2,43.81,0.466,0.4470588235294118
2,43.82,0.474,0.4475294117647059
2,43.83,0.522,0.449
2,43.84,0.541,0.4504509803921569
2,43.85,0.51,0.4500980392156863
2,43.86,0.584,0.4499607843137255
2,43.87,0.557,0.449
2,43.88,0.441,0.4490196078431372
2,43.89,0.538,0.44917647058823534
2,43.9,0.522,0.45117647058823535
2,43.91,0.461,0.4527647058823529
2,43.92,0.497,0.4528823529411764
2,43.93,0.441,0.45425490196078433
2,43.94,0.45,0.4558235294117647
2,43.95,0.486,0.4574117647058824
2,43.96,0.474,0.45888235294117646
2,43.97,0.48,0.46
2,43.98,0.45,0.4624117647058824
2,43.99,0.471,0.4632156862745099
2,44.0,0.42,0.46450980392156865
2,44.01,0.432,0.46431372549019606
2,44.02,0.417,0.46321568627450976
2,44.03,0.414,0.46288235294117647
2,44.04,0.474,0.46154901960784317
2,44.05,0.433,0.46049019607843134
2,44.06,0.441,0.46056862745098043
2,44.07,0.428,0.46031372549019606
2,44.08,0.451,0.45962745098039215
2,44.09,0.462,0.45825490196078433
2,44.1,0.386,0.45676470588235296
2,44.11,0.426,0.45519607843137255
2,44.12,0.386,0.45256862745098037
2,44.13,0.423,0.4512549019607844
2,44.14,0.429,0.45231372549019605
2,44.15,0.477,0.4506078431372549
2,44.16,0.46,0.448843137254902
2,44.17,0.433,0.44901960784313727
2,44.18,0.476,0.4486862745098039
2,44.19,0.475,0.4481764705882353
2,44.2,0.464,0.4476274509803922
2,44.21,0.472,0.4457450980392157
2,44.22,0.445,0.44498039215686275
2,44.23,0.515,0.44352941176470584
2,44.24,0.446,0.4433529411764706
2,44.25,0.464,0.4428627450980392
2,44.26,0.428,0.4431372549019608
2,44.27,0.47,0.44378431372549015
2,44.28,0.419,0.44496078431372554
2,44.29,0.424,0.4457450980392157
2,44.3,0.41,0.44476470588235295
2,44.31,0.424,0.445
2,44.32,0.453,0.44450980392156864
2,44.33,0.439,0.4456470588235294
2,44.34,0.452,0.4452156862745098
2,44.35,0.465,0.4469019607843137
2,44.36,0.43,0.4507058823529412
2,44.37,0.45,0.45298039215686275
2,44.38,0.49,0.45574509803921565
2,44.39,0.495,0.4569019607843137
2,44.4,0.451,0.45743137254901955
2,44.41,0.432,0.45678431372549017
2,44.42,0.47,0.45588235294117646
2,44.43,0.48,0.45586274509803926
2,44.44,0.415,0.455078431372549
2,44.45,0.422,0.4539803921568628
2,44.46,0.39,0.45305882352941174
2,44.47,0.435,0.4523137254901961
2,44.48,0.406,0.45221568627450975
2,44.49,0.441,0.4508627450980392
2,44.5,0.446,0.45043137254901955
2,44.51,0.434,0.44952941176470584
2,44.52,0.465,0.4497058823529412
2,44.53,0.477,0.4494705882352942
2,44.54,0.454,0.45021568627450975
2,44.55,0.424,0.450921568627451
2,44.56,0.445,0.4513921568627451
2,44.57,0.416,0.4521176470588235
2,44.58,0.486,0.45131372549019605
2,44.59,0.429,0.451764705882353
2,44.6,0.548,0.4521372549019607
2,44.61,0.58,0.45103921568627453
2,44.62,0.542,0.452
2,44.63,0.527,0.4517450980392157
2,44.64,0.482,0.45131372549019605
2,44.65,0.456,0.4501568627450981
2,44.66,0.444,0.44994117647058823
2,44.67,0.414,0.4509019607843137
2,44.68,0.432,0.4512941176470588
2,44.69,0.436,0.45029411764705884
2,44.7,0.419,0.44941176470588234
2,44.71,0.417,0.44950980392156864
2,44.72,0.434,0.44994117647058823
2,44.73,0.44,0.44994117647058823
2,44.74,0.446,0.45115686274509803
2,44.75,0.424,0.4506666666666666
2,44.76,0.418,0.45021568627450986
2,44.77,0.437,0.45056862745098036
2,44.78,0.458,0.45056862745098036
2,44.79,0.457,0.44950980392156864
2,44.8,0.46,0.4492156862745098
2,44.81,0.434,0.45019607843137255
2,44.82,0.461,0.4505490196078431
2,44.83,0.412,0.45154901960784316
2,44.84,0.462,0.4513921568627451
2,44.85,0.471,0.4509607843137255
2,44.86,0.409,0.44982352941176473
2,44.87,0.479,0.44784313725490194
2,44.88,0.437,0.44570588235294123
2,44.89,0.468,0.44423529411764706
2,44.9,0.436,0.4431568627450981
2,44.91,0.44,0.4436666666666667
2,44.92,0.481,0.44378431372549015
2,44.93,0.49,0.44480392156862747
2,44.94,0.429,0.44547058823529406
2,44.95,0.37,0.4463725490196079
2,44.96,0.427,0.44809803921568625
2,44.97,0.412,0.44821568627450986
2,44.98,0.435,0.4486470588235294
2,44.99,0.468,0.44992156862745103
2,45.0,0.416,0.45115686274509803
2,45.01,0.423,0.4528627450980392
2,45.02,0.452,0.4532352941176471
2,45.03,0.465,0.45294117647058824
2,45.04,0.423,0.45366666666666666
2,45.05,0.439,0.4527058823529412
2,45.06,0.474,0.4525882352941177
2,45.07,0.463,0.4532156862745098
2,45.08,0.467,0.4535686274509804
2,45.09,0.478,0.4547058823529412
2,45.1,0.407,0.4547254901960784
2,45.11,0.49,0.4551372549019608
2,45.12,0.479,0.4558235294117647
2,45.13,0.433,0.45572549019607844
2,45.14,0.452,0.4556470588235294
2,45.15,0.427,0.45596078431372544
2,45.16,0.482,0.4566078431372549
2,45.17,0.45,0.457078431372549
2,45.18,0.466,0.45703921568627454
2,45.19,0.466,0.45654901960784317
2,45.2,0.482,0.45631372549019605
2,45.21,0.507,0.456843137254902
2,45.22,0.423,0.4562549019607843
2,45.23,0.456,0.4567450980392157
2,45.24,0.505,0.45717647058823535
2,45.25,0.509,0.457843137254902
2,45.26,0.511,0.4579607843137255
2,45.27,0.437,0.4591372549019607
2,45.28,0.422,0.4591568627450981
2,45.29,0.495,0.458
2,45.3,0.408,0.4583921568627451
2,45.31,0.454,0.457921568627451
2,45.32,0.466,0.45784313725490194
2,45.33,0.479,0.45613725490196083
2,45.34,0.47,0.45531372549019605
2,45.35,0.463,0.45415686274509803
2,45.36,0.492,0.45515686274509803
2,45.37,0.444,0.4542156862745098
2,45.38,0.474,0.45445098039215687
2,45.39,0.433,0.4536078431372549
2,45.4,0.484,0.4527450980392157
2,45.41,0.469,0.4533333333333333
2,45.42,0.464,0.4550196078431372
2,45.43,0.479,0.45698039215686276
2,45.44,0.465,0.4582549019607843
2,45.45,0.417,0.46009803921568626
2,45.46,0.397,0.4596862745098039
2,45.47,0.397,0.4593137254901961
2,45.48,0.437,0.46052941176470585
2,45.49,0.457,0.46294117647058824
2,45.5,0.502,0.46178431372549017
2,45.51,0.422,0.4608039215686275
2,45.52,0.483,0.4595294117647059
2,45.53,0.453,0.45956862745098037
2,45.54,0.406,0.4600196078431372
2,45.55,0.443,0.4609607843137255
2,45.56,0.415,0.4626470588235294
2,45.57,0.47,0.46505882352941175
2,45.58,0.376,0.4658823529411764
2,45.59,0.425,0.4664313725490196
2,45.6,0.419,0.4644901960784314
2,45.61,0.458,0.46288235294117647
2,45.62,0.442,0.46182352941176463
2,45.63,0.491,0.46343137254901956
2,45.64,0.39,0.46590196078431373
2,45.65,0.408,0.4665686274509804
2,45.66,0.457,0.46478431372549023
2,45.67,0.568,0.46403921568627454
2,45.68,0.55,0.4631764705882353
2,45.69,0.531,0.4606470588235294
2,45.7,0.56,0.45960784313725483
2,45.71,0.461,0.46141176470588235
2,45.72,0.488,0.4631960784313725
2,45.73,0.485,0.4646470588235294
2,45.74,0.579,0.4646666666666667
2,45.75,0.446,0.46470588235294114
2,45.76,0.459,0.46341176470588236
2,45.77,0.446,0.46439215686274504
2,45.78,0.439,0.46298039215686276
2,45.79,0.445,0.4632549019607843
2,45.8,0.543,0.46417647058823525
2,45.81,0.494,0.4637254901960784
2,45.82,0.577,0.4651764705882353
2,45.83,0.508,0.4653137254901961
2,45.84,0.507,0.4667058823529412
2,45.85,0.371,0.46784313725490195
2,45.86,0.381,0.46892156862745105
2,45.87,0.438,0.46872549019607845
2,45.88,0.526,0.4678235294117647
2,45.89,0.6,0.46672549019607845
2,45.9,0.467,0.4684313725490196
2,45.91,0.393,0.46815686274509805
2,45.92,0.431,0.46692156862745104
2,45.93,0.42,0.46349019607843134
2,45.94,0.35,0.45921568627450976
2,45.95,0.412,0.45552941176470585
2,45.96,0.509,0.45223529411764707
2,45.97,0.488,0.4512941176470588
2,45.98,0.471,0.4490196078431372
2,45.99,0.438,0.4475882352941177
2,46.0,0.459,0.4435686274509804
2,46.01,0.436,0.4401372549019608
2,46.02,0.472,0.4364509803921568
2,46.03,0.411,0.4330392156862745
2,46.04,0.467,0.42949019607843136
2,46.05,0.453,0.425921568627451
2,46.06,0.42,0.4204509803921569
2,46.07,0.489,0.4162352941176471
2,46.08,0.477,0.41007843137254896
2,46.09,0.447,0.40584313725490195
2,46.1,0.483,0.40192156862745093
2,46.11,0.474,0.39976470588235297
2,46.12,0.448,0.3973137254901961
2,46.13,0.396,0.39407843137254905
2,46.14,0.435,0.3897058823529412
2,46.15,0.477,0.3830392156862745
2,46.16,0.394,0.37933333333333336
2,46.17,0.394,0.37729411764705884
2,46.18,0.393,0.3740980392156863
2,46.19,0.332,0.3712549019607843
2,46.2,0.343,0.3696274509803921
2,46.21,0.392,0.36682352941176477
2,46.22,0.413,0.36176470588235293
2,46.23,0.372,0.35654901960784313
2,46.24,0.412,0.35256862745098044
2,46.25,0.374,0.3488039215686274
2,46.26,0.271,0.34415686274509805
2,46.27,0.271,0.3403921568627451
2,46.28,0.272,0.3362352941176471
2,46.29,0.258,0.33315686274509804
2,46.3,0.263,0.3289019607843137
2,46.31,0.264,0.3253137254901961
2,46.32,0.279,0.3224705882352941
2,46.33,0.263,0.3184705882352941
2,46.34,0.292,0.3141764705882353
2,46.35,0.307,0.31039215686274507
2,46.36,0.261,0.3063137254901961
2,46.37,0.256,0.30258823529411766
2,46.38,0.273,0.2996274509803922
2,46.39,0.303,0.2968823529411765
2,46.4,0.26,0.29362745098039217
2,46.41,0.278,0.2894313725490196
2,46.42,0.289,0.2868235294117647
2,46.43,0.268,0.28419607843137257
2,46.44,0.275,0.2818235294117647
2,46.45,0.267,0.2812941176470588
2,46.46,0.269,0.28025490196078434
2,46.47,0.251,0.2778627450980392
2,46.48,0.222,0.27488235294117647
2,46.49,0.268,0.2726470588235294
2,46.5,0.246,0.26929411764705885
2,46.51,0.222,0.26662745098039214
2,46.52,0.244,0.2674901960784314
2,46.53,0.26,0.2678039215686274
2,46.54,0.254,0.26903921568627454
2,46.55,0.25,0.2696078431372549
2,46.56,0.27,0.2705686274509804
2,46.57,0.275,0.2713529411764706
2,46.58,0.285,0.2714901960784314
2,46.59,0.258,0.2719019607843137
2,46.6,0.254,0.2718627450980392
2,46.61,0.275,0.27131372549019606
2,46.62,0.284,0.2714313725490196
2,46.63,0.297,0.2722352941176471
2,46.64,0.256,0.2725098039215686
2,46.65,0.269,0.2723529411764706
2,46.66,0.263,0.27209803921568626
2,46.67,0.261,0.2717647058823529
2,46.68,0.26,0.27088235294117646
2,46.69,0.272,0.2707058823529412
2,46.7,0.305,0.2708627450980392
2,46.71,0.29,0.27109803921568626
2,46.72,0.27,0.27158823529411763
2,46.73,0.261,0.27284313725490195
2,46.74,0.258,0.2740196078431372
2,46.75,0.241,0.275078431372549
2,46.76,0.238,0.27641176470588236
2,46.77,0.315,0.27784313725490195
2,46.78,0.287,0.2791176470588235
2,46.79,0.335,0.27976470588235297
2,46.8,0.287,0.28149019607843134
2,46.81,0.312,0.2832549019607843
2,46.82,0.304,0.2833333333333334
2,46.83,0.286,0.28390196078431373
2,46.84,0.284,0.2844901960784314
2,46.85,0.29,0.28480392156862744
2,46.86,0.279,0.28592156862745094
2,46.87,0.267,0.2867647058823529
2,46.88,0.297,0.28705882352941176
2,46.89,0.287,0.28680392156862744
2,46.9,0.295,0.28792156862745094
2,46.91,0.247,0.2896862745098039
2,46.92,0.261,0.28984313725490196
2,46.93,0.244,0.2897647058823529
2,46.94,0.259,0.2914509803921569
2,46.95,0.283,0.29225490196078435
2,46.96,0.279,0.29243137254901963
2,46.97,0.294,0.2922549019607843
2,46.98,0.315,0.2926862745098039
2,46.99,0.282,0.2932549019607843
2,47.0,0.322,0.29376470588235293
2,47.01,0.314,0.2945098039215686
2,47.02,0.295,0.2953921568627451
2,47.03,0.309,0.2949411764705882
2,47.04,0.293,0.2962352941176471
2,47.05,0.342,0.2965294117647059
2,47.06,0.34,0.2976666666666667
2,47.07,0.274,0.2997843137254902
2,47.08,0.304,0.30180392156862745
2,47.09,0.315,0.3044313725490196
2,47.1,0.274,0.3070392156862745
2,47.11,0.311,0.3076470588235294
2,47.12,0.318,0.30837254901960787
2,47.13,0.299,0.3108235294117647
2,47.14,0.284,0.3131764705882353
2,47.15,0.313,0.31607843137254904
2,47.16,0.359,0.3194705882352941
2,47.17,0.271,0.3226862745098039
2,47.18,0.257,0.3266274509803922
2,47.19,0.346,0.332235294117647
2,47.2,0.313,0.3358823529411765
2,47.21,0.314,0.33909803921568626
2,47.22,0.281,0.3425294117647059
2,47.23,0.292,0.3448627450980392
2,47.24,0.29,0.3462941176470588
2,47.25,0.284,0.34945098039215683
2,47.26,0.279,0.35145098039215683
2,47.27,0.283,0.35333333333333333
2,47.28,0.292,0.3554509803921569
2,47.29,0.353,0.35874509803921567
2,47.3,0.35,0.3609607843137255
2,47.31,0.345,0.3616666666666666
2,47.32,0.42,0.3621764705882353
2,47.33,0.407,0.36439215686274506
2,47.34,0.42,0.36635294117647055
2,47.35,0.417,0.368156862745098
2,47.36,0.321,0.3697450980392157
2,47.37,0.316,0.3700980392156863
2,47.38,0.392,0.37035294117647055
2,47.39,0.417,0.3721764705882353
2,47.4,0.435,0.3739411764705883
2,47.41,0.468,0.37511764705882356
2,47.42,0.411,0.37509803921568624
2,47.43,0.462,0.37745098039215685
2,47.44,0.53,0.3806274509803922
2,47.45,0.445,0.38290196078431377
2,47.46,0.447,0.38629411764705884
2,47.47,0.454,0.3895490196078431
2,47.48,0.413,0.39307843137254905
2,47.49,0.388,0.397078431372549
2,47.5,0.443,0.39998039215686276
2,47.51,0.424,0.4025490196078432
2,47.52,0.41,0.4065098039215686
2,47.53,0.403,0.40898039215686277
2,47.54,0.477,0.40992156862745105
2,47.55,0.406,0.4107647058823529
2,47.56,0.378,0.4133333333333333
2,47.57,0.366,0.41501960784313724
2,47.58,0.387,0.4144313725490197
2,47.59,0.404,0.41441176470588237
2,47.6,0.407,0.4149803921568627
2,47.61,0.355,0.41413725490196085
2,47.62,0.329,0.41490196078431374
2,47.63,0.331,0.41637254901960785
2,47.64,0.392,0.416921568627451
2,47.65,0.374,0.4178627450980392
2,47.66,0.373,0.4175490196078432
2,47.67,0.358,0.4165882352941177
2,47.68,0.391,0.4162352941176471
2,47.69,0.419,0.4151960784313726
2,47.7,0.462,0.41280392156862744
2,47.71,0.486,0.4118431372549019
2,47.72,0.48,0.41082352941176464
2,47.73,0.461,0.4107450980392157
2,47.74,0.496,0.4127647058823529
2,47.75,0.438,0.41425490196078435
2,47.76,0.415,0.4147647058823529
2,47.77,0.481,0.4152156862745098
2,47.78,0.409,0.4176862745098039
2,47.79,0.34,0.4195294117647059
2,47.8,0.396,0.4188235294117647
2,47.81,0.481,0.41935294117647054
2,47.82,0.431,0.42062745098039217
2,47.83,0.39,0.42256862745098034
2,47.84,0.406,0.4234901960784314
2,47.85,0.449,0.4235098039215686
2,47.86,0.374,0.4249607843137255
2,47.87,0.36,0.4265294117647059
2,47.88,0.391,0.42815686274509807
2,47.89,0.42,0.42949019607843136
2,47.9,0.465,0.42964705882352944
2,47.91,0.419,0.4307058823529412
2,47.92,0.419,0.43149019607843137
2,47.93,0.393,0.43174509803921574
2,47.94,0.409,0.43356862745098035
2,47.95,0.408,0.4347843137254902
2,47.96,0.396,0.4339019607843137
2,47.97,0.395,0.43245098039215685
2,47.98,0.45,0.4310196078431373
2,47.99,0.516,0.43113725490196075
2,48.0,0.464,0.4301372549019608
2,48.01,0.469,0.4297450980392156
2,48.02,0.447,0.43031372549019603
2,48.03,0.536,0.4290784313725491
2,48.04,0.497,0.4297843137254902
2,48.05,0.441,0.4307450980392157
2,48.06,0.433,0.43084313725490203
2,48.07,0.443,0.43045098039215685
2,48.08,0.465,0.43115686274509807
2,48.09,0.434,0.43235294117647055
2,48.1,0.405,0.4327058823529412
2,48.11,0.481,0.43237254901960787
2,48.12,0.435,0.4336666666666667
2,48.13,0.412,0.4347254901960784
2,48.14,0.399,0.43396078431372553
2,48.15,0.4,0.4328823529411765
2,48.16,0.428,0.4325490196078431
2,48.17,0.413,0.43349019607843137
2,48.18,0.371,0.43419607843137253
2,48.19,0.484,0.43523529411764705
2,48.2,0.481,0.43576470588235294
2,48.21,0.417,0.43635294117647055
2,48.22,0.412,0.43666666666666665
2,48.23,0.407,0.4385686274509804
2,48.24,0.467,0.4384509803921568
2,48.25,0.445,0.4385686274509804
2,48.26,0.418,0.43947058823529406
2,48.27,0.444,0.43990196078431376
2,48.28,0.418,0.4411764705882353
2,48.29,0.445,0.44033333333333335
2,48.3,0.389,0.43958823529411767
2,48.31,0.401,0.440156862745098
2,48.32,0.461,0.44064705882352945
2,48.33,0.467,0.4402745098039216
2,48.34,0.451,0.43945098039215685
2,48.35,0.424,0.4395294117647059
2,48.36,0.432,0.4389411764705883
2,48.37,0.44,0.4382156862745098
2,48.38,0.414,0.43850980392156863
2,48.39,0.352,0.43950980392156863
2,48.4,0.365,0.4422549019607843
2,48.41,0.448,0.44384313725490193
2,48.42,0.467,0.4451960784313725
2,48.43,0.455,0.44672549019607843
2,48.44,0.446,0.44750980392156864
2,48.45,0.436,0.44701960784313727
2,48.46,0.438,0.44735294117647056
2,48.47,0.412,0.44876470588235295
2,48.48,0.492,0.4499607843137255
2,48.49,0.444,0.4518039215686274
2,48.5,0.522,0.45007843137254905
2,48.51,0.51,0.45131372549019605
2,48.52,0.491,0.4530196078431372
2,48.53,0.512,0.45345098039215687
2,48.54,0.493,0.4533333333333333
2,48.55,0.459,0.4534313725490196
2,48.56,0.47,0.45462745098039214
2,48.57,0.458,0.455235294117647
2,48.58,0.424,0.45588235294117646
2,48.59,0.423,0.45741176470588235
2,48.6,0.438,0.4582156862745098
2,48.61,0.375,0.4602941176470588
2,48.62,0.444,0.4604705882352941
2,48.63,0.45,0.46107843137254895
2,48.64,0.463,0.4631176470588235
2,48.65,0.539,0.4667058823529412
2,48.66,0.481,0.4681176470588235
2,48.67,0.497,0.4694313725490197
2,48.68,0.491,0.46894117647058825
2,48.69,0.411,0.46819607843137256
2,48.7,0.459,0.4681372549019608
2,48.71,0.498,0.4692156862745098
2,48.72,0.489,0.46968627450980394
2,48.73,0.473,0.47086274509803927
2,48.74,0.501,0.47023529411764703
2,48.75,0.379,0.46941176470588236
2,48.76,0.508,0.4682156862745098
2,48.77,0.505,0.4677058823529412
2,48.78,0.466,0.46694117647058825
2,48.79,0.412,0.46672549019607845
2,48.8,0.45,0.46637254901960784
2,48.81,0.45,0.4668235294117647
2,48.82,0.432,0.46658823529411764
2,48.83,0.494,0.46598039215686277
2,48.84,0.545,0.4663333333333334
2,48.85,0.492,0.46578431372549023
2,48.86,0.53,0.4652549019607843
2,48.87,0.441,0.4655882352941176
2,48.88,0.471,0.4652352941176471
2,48.89,0.518,0.4647647058823529
2,48.9,0.535,0.46417647058823525
2,48.91,0.437,0.46276470588235297
2,48.92,0.515,0.46237254901960784
2,48.93,0.442,0.4626470588235294
2,48.94,0.417,0.461843137254902
2,48.95,0.443,0.46250980392156865
2,48.96,0.491,0.4614509803921568
2,48.97,0.462,0.4604117647058824
2,48.98,0.472,0.45994117647058824
2,48.99,0.46,0.46011764705882346
2,49.0,0.402,0.45972549019607845
2,49.01,0.461,0.46215686274509804
2,49.02,0.484,0.4612941176470588
2,49.03,0.452,0.46068627450980393
2,49.04,0.501,0.459921568627451
2,49.05,0.475,0.4612156862745098
2,49.06,0.482,0.4613921568627451
2,49.07,0.458,0.46280392156862743
2,49.08,0.427,0.46358823529411763
2,49.09,0.442,0.46247058823529413
2,49.1,0.395,0.4613333333333333
2,49.11,0.411,0.46086274509803926
2,49.12,0.392,0.4600588235294118
2,49.13,0.426,0.4609607843137255
2,49.14,0.426,0.4603725490196079
2,49.15,0.433,0.45925490196078433
2,49.16,0.467,0.45813725490196083
2,49.17,0.461,0.4594901960784314
2,49.18,0.511,0.45960784313725483
2,49.19,0.45,0.4604509803921569
2,49.2,0.445,0.461843137254902
2,49.21,0.405,0.462078431372549
2,49.22,0.445,0.4620196078431372
2,49.23,0.465,0.46298039215686276
2,49.24,0.482,0.4638627450980392
2,49.25,0.481,0.46539215686274515
2,49.26,0.503,0.4672352941176471
2,49.27,0.464,0.4679411764705882
2,49.28,0.474,0.46850980392156866
2,49.29,0.427,0.46841176470588236
2,49.3,0.478,0.46762745098039216
2,49.31,0.459,0.4675294117647059
2,49.32,0.522,0.46603921568627454
2,49.33,0.472,0.4658627450980392
2,49.34,0.437,0.46627450980392154
2,49.35,0.487,0.4671960784313725
2,49.36,0.468,0.46770588235294114
2,49.37,0.489,0.46850980392156866
2,49.38,0.487,0.46903921568627455
2,49.39,0.441,0.46964705882352936
2,49.4,0.461,0.4701372549019608
2,49.41,0.478,0.4701372549019608
2,49.42,0.506,0.4700980392156862
2,49.43,0.521,0.47023529411764703
2,49.44,0.485,0.46941176470588236
2,49.45,0.488,0.46952941176470586
2,49.46,0.455,0.46990196078431373
2,49.47,0.488,0.46990196078431373
2,49.48,0.511,0.4705686274509804
2,49.49,0.517,0.47100000000000003
2,49.5,0.538,0.4702745098039216
2,49.51,0.496,0.46827450980392155
2,49.52,0.497,0.46605882352941175
2,49.53,0.513,0.46503921568627454
2,49.54,0.447,0.4647647058823529
2,49.55,0.461,0.465843137254902
2,49.56,0.47,0.4643333333333334
2,49.57,0.406,0.4623529411764706
2,49.58,0.449,0.46015686274509804
2,49.59,0.448,0.4610196078431373
2,49.6,0.489,0.46015686274509804
2,49.61,0.421,0.4580588235294118
2,49.62,0.452,0.4565882352941177
2,49.63,0.419,0.45535294117647057
2,49.64,0.457,0.45433333333333337
2,49.65,0.451,0.45354901960784316
2,49.66,0.433,0.4527843137254902
2,49.67,0.465,0.4512941176470588
2,49.68,0.468,0.44994117647058823
2,49.69,0.469,0.4477450980392157
2,49.7,0.456,0.4459019607843137
2,49.71,0.464,0.44494117647058823
2,49.72,0.405,0.4444705882352941
2,49.73,0.479,0.44401960784313727
2,49.74,0.487,0.4420196078431373
2,49.75,0.445,0.44082352941176467
2,49.76,0.379,0.43874509803921563
2,49.77,0.39,0.4371176470588235
2,49.78,0.412,0.4358627450980392
2,49.79,0.46,0.43399999999999994
2,49.8,0.482,0.43466666666666665
2,49.81,0.401,0.43354901960784314
2,49.82,0.358,0.43150980392156857
2,49.83,0.41,0.4307254901960784
2,49.84,0.516,0.4294117647058824
2,49.85,0.393,0.42913725490196086
2,49.86,0.38,0.42892156862745096
2,49.87,0.393,0.42858823529411766
2,49.88,0.426,0.42658823529411766
2,49.89,0.435,0.4252549019607843
2,49.9,0.401,0.42401960784313725
2,49.91,0.422,0.4230784313725491
2,49.92,0.402,0.4224509803921569
2,49.93,0.437,0.42052941176470593
2,49.94,0.409,0.41903921568627456
2,49.95,0.391,0.4176862745098039
2,49.96,0.439,0.41741176470588237
2,49.97,0.431,0.4167843137254902
2,49.98,0.465,0.41590196078431374
2,49.99,0.409,0.4139607843137255
2,50.0,0.456,0.41264705882352937
2,50.01,0.432,0.41323529411764703
2,50.02,0.413,0.4145882352941177
2,50.03,0.433,0.41468627450980394
2,50.04,0.418,0.4151960784313725
2,50.05,0.481,0.41321568627450983
2,50.06,0.404,0.4138431372549019
2,50.07,0.366,0.41349019607843135
2,50.08,0.366,0.41535294117647065
2,50.09,0.382,0.4152745098039216
2,50.1,0.434,0.4126078431372549
2,50.11,0.478,0.4125098039215686
2,50.12,0.404,0.4134901960784314
2,50.13,0.35,0.4136862745098039
2,50.14,0.351,0.4140196078431373
2,50.15,0.394,0.4127254901960784
2,50.16,0.403,0.4138235294117647
2,50.17,0.401,0.41374509803921566
2,50.18,0.367,0.4154901960784314
2,50.19,0.392,0.41545098039215683
2,50.2,0.4,0.41525490196078435
2,50.21,0.442,0.415
2,50.22,0.432,0.41450980392156866
2,50.23,0.36,0.4156078431372549
2,50.24,0.38,0.4159607843137255
2,50.25,0.42,0.41745098039215683
2,50.26,0.475,0.4177254901960784
2,50.27,0.448,0.41854901960784313
2,50.28,0.395,0.420921568627451
2,50.29,0.438,0.42109803921568634
2,50.3,0.359,0.4215686274509804
2,50.31,0.514,0.42074509803921567
2,50.32,0.383,0.42145098039215684
2,50.33,0.453,0.42345098039215684
2,50.34,0.406,0.42617647058823527
2,50.35,0.38,0.4281960784313726
2,50.36,0.388,0.42825490196078425
2,50.37,0.43,0.42801960784313725
2,50.38,0.403,0.4287450980392157
2,50.39,0.443,0.4304313725490196
2,50.4,0.369,0.4328431372549019
2,50.41,0.457,0.43423529411764705
2,50.42,0.418,0.43482352941176466
2,50.43,0.491,0.43545098039215685
2,50.44,0.435,0.43780392156862746
2,50.45,0.399,0.43845098039215685
2,50.46,0.378,0.4389803921568628
2,50.47,0.414,0.43886274509803924
2,50.48,0.487,0.4386470588235294
2,50.49,0.483,0.44129411764705884
2,50.5,0.485,0.44362745098039214
2,50.51,0.47,0.4440588235294118
2,50.52,0.474,0.4432745098039216
2,50.53,0.534,0.44250980392156863
2,50.54,0.442,0.44268627450980397
2,50.55,0.442,0.442
2,50.56,0.439,0.4434705882352941
2,50.57,0.44,0.44252941176470584
2,50.58,0.468,0.4437254901960785
2,50.59,0.505,0.4437058823529411
2,50.6,0.485,0.4443921568627451
2,50.61,0.437,0.44584313725490193
2,50.62,0.466,0.4475686274509804
2,50.63,0.441,0.44750980392156864
2,50.64,0.436,0.44823529411764707
2,50.65,0.474,0.44831372549019605
2,50.66,0.465,0.4495490196078431
2,50.67,0.433,0.44933333333333325
2,50.68,0.433,0.4495882352941176
2,50.69,0.487,0.44896078431372544
2,50.7,0.425,0.4488039215686274
2,50.71,0.427,0.4496862745098039
2,50.72,0.436,0.45166666666666666
2,50.73,0.421,0.4514901960784314
2,50.74,0.495,0.4501764705882353
2,50.75,0.499,0.4500392156862745
2,50.76,0.442,0.44952941176470584
2,50.77,0.435,0.4492156862745098
2,50.78,0.409,0.44823529411764707
2,50.79,0.404,0.4461764705882353
2,50.8,0.403,0.4466666666666666
2,50.81,0.434,0.44733333333333336
2,50.82,0.466,0.4484509803921569
2,50.83,0.444,0.4488823529411765
2,50.84,0.452,0.4493725490196078
2,50.85,0.441,0.4484705882352941
2,50.86,0.454,0.4476274509803921
2,50.87,0.476,0.4477450980392157
2,50.88,0.427,0.4473529411764706
2,50.89,0.44,0.4476862745098039
2,50.9,0.447,0.44780392156862747
2,50.91,0.432,0.44723529411764706
2,50.92,0.446,0.44835294117647057
2,50.93,0.431,0.44984313725490194
2,50.94,0.459,0.44984313725490194
2,50.95,0.427,0.44745098039215686
2,50.96,0.444,0.44711764705882345
2,50.97,0.479,0.44719607843137255
2,50.98,0.405,0.44725490196078427
2,50.99,0.42,0.44729411764705884
2,51.0,0.476,0.44568627450980386
2,51.01,0.459,0.4436862745098039
2,51.02,0.454,0.44288235294117645
2,51.03,0.424,0.44343137254901965
2,51.04,0.429,0.44388235294117645
2,51.05,0.467,0.4448039215686274
2,51.06,0.476,0.4445098039215686
2,51.07,0.496,0.44503921568627447
2,51.08,0.462,0.4442941176470589
2,51.09,0.493,0.4439019607843137
2,51.1,0.459,0.44307843137254904
2,51.11,0.442,0.4420588235294118
2,51.12,0.443,0.44076470588235295
2,51.13,0.446,0.4402549019607844
2,51.14,0.458,0.4402549019607843
2,51.15,0.442,0.4402352941176471
2,51.16,0.445,0.43978431372549026
2,51.17,0.522,0.4401176470588235
2,51.18,0.509,0.4398627450980393
2,51.19,0.433,0.4402352941176471
2,51.2,0.365,0.43958823529411767
2,51.21,0.408,0.44090196078431376
2,51.22,0.431,0.4414901960784313
2,51.23,0.439,0.44184313725490193
2,51.24,0.423,0.4434313725490196
2,51.25,0.413,0.4445882352941176
2,51.26,0.397,0.4442549019607843
2,51.27,0.401,0.44272549019607843
2,51.28,0.463,0.44254901960784315
2,51.29,0.432,0.4423725490196078
2,51.3,0.451,0.4418235294117647
2,51.31,0.388,0.4415294117647059
2,51.32,0.461,0.44154901960784315
2,51.33,0.428,0.4411764705882353
2,51.34,0.424,0.4411176470588235
2,51.35,0.41,0.43970588235294117
2,51.36,0.389,0.43998039215686274
2,51.37,0.388,0.4402549019607844
2,51.38,0.45,0.44013725490196076
2,51.39,0.427,0.4410196078431372
2,51.4,0.439,0.44072549019607843
2,51.41,0.424,0.4402156862745098
2,51.42,0.449,0.43992156862745097
2,51.43,0.433,0.4378627450980392
2,51.44,0.45,0.4376078431372549
2,51.45,0.426,0.4384313725490196
2,51.46,0.494,0.43929411764705883
2,51.47,0.474,0.4406274509803922
2,51.48,0.497,0.44150980392156863
2,51.49,0.486,0.4413137254901961
2,51.5,0.479,0.44188235294117645
2,51.51,0.459,0.44274509803921575
2,51.52,0.381,0.4437058823529411
2,51.53,0.445,0.4442156862745098
2,51.54,0.415,0.44366666666666665
2,51.55,0.401,0.44362745098039214
2,51.56,0.452,0.4424313725490196
2,51.57,0.477,0.44354901960784315
2,51.58,0.477,0.44233333333333336
2,51.59,0.459,0.44252941176470584
2,51.6,0.421,0.4428627450980392
2,51.61,0.473,0.4437647058823529
2,51.62,0.456,0.44525490196078427
2,51.63,0.437,0.44564705882352945
2,51.64,0.491,0.4453725490196078
2,51.65,0.443,0.4459607843137255
2,51.66,0.416,0.4467254901960784
2,51.67,0.43,0.4467058823529412
2,51.68,0.417,0.44701960784313727
2,51.69,0.496,0.44698039215686275
2,51.7,0.475,0.4475686274509804
2,51.71,0.409,0.44794117647058823
2,51.72,0.476,0.4465882352941176
2,51.73,0.476,0.4462549019607843
2,51.74,0.429,0.44494117647058823
2,51.75,0.452,0.4444313725490196
2,51.76,0.457,0.44433333333333336
2,51.77,0.446,0.44417647058823534
2,51.78,0.427,0.44564705882352945
2,51.79,0.435,0.4461764705882353
2,51.8,0.43,0.4455686274509804
2,51.81,0.39,0.44778431372549027
2,51.82,0.445,0.4480980392156863
2,51.83,0.399,0.44766666666666666
2,51.84,0.438,0.4463137254901961
2,51.85,0.441,0.4468039215686274
2,51.86,0.456,0.44672549019607843
2,51.87,0.465,0.44570588235294123
2,51.88,0.408,0.44566666666666666
2,51.89,0.436,0.4454117647058824
2,51.9,0.457,0.44468627450980397
2,51.91,0.478,0.4445882352941176
2,51.92,0.423,0.4455686274509804
2,51.93,0.465,0.44550980392156864
2,51.94,0.431,0.4466274509803922
2,51.95,0.48,0.44601960784313727
2,51.96,0.445,0.44580392156862747
2,51.97,0.425,0.4474313725490196
2,51.98,0.457,0.44674509803921564
2,51.99,0.43,0.4459019607843137
2,52.0,0.46,0.4459215686274509
2,52.01,0.474,0.44474509803921575
2,52.02,0.451,0.4442745098039216
2,52.03,0.456,0.44362745098039225
2,52.04,0.472,0.44323529411764706
2,52.05,0.384,0.4427843137254902
2,52.06,0.514,0.44211764705882356
2,52.07,0.468,0.4425882352941176
2,52.08,0.455,0.4413921568627451
2,52.09,0.408,0.4422549019607843
2,52.1,0.484,0.44194117647058817
2,52.11,0.417,0.4413921568627451
2,52.12,0.421,0.44060784313725493
2,52.13,0.454,0.4396862745098039
2,52.14,0.424,0.4398627450980392
2,52.15,0.454,0.4383725490196078
2,52.16,0.438,0.43764705882352944
2,52.17,0.466,0.4361960784313726
2,52.18,0.427,0.43743137254901965
2,52.19,0.474,0.4363529411764706
2,52.2,0.465,0.43543137254901954
2,52.21,0.464,0.4340196078431372
2,52.22,0.492,0.4324901960784314
2,52.23,0.441,0.43245098039215685
2,52.24,0.433,0.43149019607843137
2,52.25,0.43,0.43043137254901964
2,52.26,0.392,0.4309411764705882
2,52.27,0.433,0.43003921568627446
2,52.28,0.413,0.4294117647058823
2,52.29,0.407,0.4296274509803921
2,52.3,0.412,0.42896078431372553
2,52.31,0.396,0.4292549019607843
2,52.32,0.414,0.42645098039215684
2,52.33,0.384,0.4245490196078431
2,52.34,0.443,0.4235098039215686
2,52.35,0.422,0.42317647058823527
2,52.36,0.413,0.4209803921568627
2,52.37,0.416,0.42127450980392156
2,52.38,0.418,0.42070588235294115
2,52.39,0.417,0.41966666666666663
2,52.4,0.36,0.41890196078431374
2,52.41,0.42,0.41686274509803917
2,52.42,0.404,0.41543137254901963
2,52.43,0.486,0.4132156862745098
2,52.44,0.41,0.41201960784313724
2,52.45,0.384,0.4106078431372549
2,52.46,0.408,0.4086078431372549
2,52.47,0.367,0.40625490196078434
2,52.48,0.423,0.40558823529411764
2,52.49,0.408,0.40425490196078434
2,52.5,0.376,0.40398039215686277
2,52.51,0.486,0.40307843137254906
2,52.52,0.428,0.40374509803921566
2,52.53,0.419,0.4038235294117647
2,52.54,0.467,0.40284313725490195
2,52.55,0.438,0.40280392156862743
2,52.56,0.399,0.40178431372549017
2,52.57,0.371,0.402313725490196
2,52.58,0.371,0.40137254901960784
2,52.59,0.402,0.40150980392156865
2,52.6,0.391,0.39943137254901956
2,52.61,0.372,0.39798039215686276
2,52.62,0.432,0.39817647058823535
2,52.63,0.392,0.39776470588235296
2,52.64,0.401,0.39672549019607845
2,52.65,0.385,0.39633333333333337
2,52.66,0.35,0.3969803921568628
2,52.67,0.365,0.3971176470588235
2,52.68,0.353,0.3979607843137255
2,52.69,0.366,0.39570588235294113
2,52.7,0.402,0.39621568627450976
2,52.71,0.363,0.39707843137254906
2,52.72,0.344,0.398078431372549
2,52.73,0.458,0.3995490196078431
2,52.74,0.373,0.3984705882352942
2,52.75,0.419,0.3979607843137255
2,52.76,0.384,0.39792156862745093
2,52.77,0.426,0.39672549019607845
2,52.78,0.437,0.3960588235294118
2,52.79,0.363,0.3962941176470588
2,52.8,0.405,0.39403921568627454
2,52.81,0.36,0.3931764705882353
2,52.82,0.423,0.3932941176470589
2,52.83,0.366,0.39394117647058824
2,52.84,0.391,0.3934901960784314
2,52.85,0.337,0.39299999999999996
2,52.86,0.348,0.39372549019607844
2,52.87,0.423,0.3944705882352942
2,52.88,0.395,0.39474509803921565
2,52.89,0.365,0.39360784313725494
2,52.9,0.397,0.39327450980392153
2,52.91,0.393,0.3931960784313725
2,52.92,0.427,0.3946078431372549
2,52.93,0.447,0.395921568627451
2,52.94,0.371,0.3957058823529412
2,52.95,0.436,0.39596078431372556
2,52.96,0.428,0.3948235294117647
2,52.97,0.459,0.3950980392156863
2,52.98,0.442,0.3967058823529412
2,52.99,0.368,0.395843137254902
2,53.0,0.382,0.3969803921568627
2,53.01,0.374,0.39631372549019606
2,53.02,0.425,0.39694117647058824
2,53.03,0.394,0.3964901960784314
2,53.04,0.431,0.3950196078431373
2,53.05,0.352,0.3965686274509804
2,53.06,0.394,0.39609803921568626
2,53.07,0.405,0.39805882352941174
2,53.08,0.404,0.3973137254901961
2,53.09,0.348,0.39815686274509804
2,53.1,0.377,0.39819607843137256
2,53.11,0.428,0.3987843137254902
2,53.12,0.41,0.4
2,53.13,0.446,0.3994117647058823
2,53.14,0.334,0.3987058823529412
2,53.15,0.384,0.39919607843137256
2,53.16,0.381,0.3998823529411764
2,53.17,0.422,0.3989803921568627
2,53.18,0.432,0.3988431372549019
2,53.19,0.342,0.39872549019607845
2,53.2,0.379,0.4020196078431373
2,53.21,0.344,0.4023529411764706
2,53.22,0.377,0.40405882352941175
2,53.23,0.426,0.40331372549019606
2,53.24,0.414,0.4029803921568627
2,53.25,0.431,0.40464705882352936
2,53.26,0.385,0.4071176470588236
2,53.27,0.416,0.4092549019607843
2,53.28,0.403,0.40958823529411764
2,53.29,0.362,0.4114901960784314
2,53.3,0.442,0.4119803921568628
2,53.31,0.381,0.4139803921568627
2,53.32,0.46,0.415156862745098
2,53.33,0.385,0.41547058823529404
2,53.34,0.409,0.41733333333333333
2,53.35,0.393,0.4190980392156862
2,53.36,0.367,0.4202745098039216
2,53.37,0.41,0.4209607843137255
2,53.38,0.393,0.4218627450980392
2,53.39,0.359,0.4222941176470589
2,53.4,0.39,0.4245490196078431
2,53.41,0.432,0.4253921568627451
2,53.42,0.347,0.4284509803921569
2,53.43,0.42,0.429921568627451
2,53.44,0.441,0.4307843137254902
2,53.45,0.539,0.4334705882352941
2,53.46,0.453,0.4355490196078431
2,53.47,0.515,0.4380196078431373
2,53.48,0.421,0.4396862745098039
2,53.49,0.425,0.4402156862745098
2,53.5,0.453,0.4404313725490196
2,53.51,0.508,0.44047058823529417
2,53.52,0.483,0.44198039215686274
2,53.53,0.442,0.44256862745098036
2,53.54,0.491,0.44268627450980397
2,53.55,0.456,0.4447058823529412
2,53.56,0.454,0.44482352941176473
2,53.57,0.454,0.4474313725490196
2,53.58,0.421,0.44688235294117645
2,53.59,0.499,0.44876470588235295
2,53.6,0.438,0.4493725490196078
2,53.61,0.437,0.4501372549019608
2,53.62,0.463,0.45076470588235296
2,53.63,0.456,0.4512156862745098
2,53.64,0.468,0.45217647058823535
2,53.65,0.449,0.45352941176470585
2,53.66,0.427,0.45562745098039215
2,53.67,0.537,0.455843137254902
2,53.68,0.497,0.4567647058823529
2,53.69,0.476,0.4563921568627451
2,53.7,0.479,0.455921568627451
2,53.71,0.485,0.4539019607843137
2,53.72,0.47,0.4534705882352942
2,53.73,0.462,0.45166666666666666
2,53.74,0.453,0.4519411764705883
2,53.75,0.425,0.4527843137254902
2,53.76,0.433,0.4516078431372549
2,53.77,0.462,0.44896078431372544
2,53.78,0.446,0.4470588235294118
2,53.79,0.409,0.44600000000000006
2,53.8,0.465,0.44488235294117645
2,53.81,0.448,0.4443921568627451
2,53.82,0.514,0.44398039215686275
2,53.83,0.432,0.4430588235294118
2,53.84,0.481,0.44349019607843143
2,53.85,0.44,0.4429411764705882
2,53.86,0.432,0.44211764705882356
2,53.87,0.399,0.44103921568627447
2,53.88,0.433,0.4395490196078431
2,53.89,0.442,0.43854901960784315
2,53.9,0.428,0.4377450980392157
2,53.91,0.497,0.43705882352941183
2,53.92,0.443,0.43764705882352944
2,53.93,0.394,0.4358235294117647
2,53.94,0.401,0.43419607843137253
2,53.95,0.417,0.43349019607843137
2,53.96,0.436,0.4332352941176471
2,53.97,0.431,0.43196078431372553
2,53.98,0.423,0.43149019607843137
2,53.99,0.435,0.43101960784313725
2,54.0,0.468,0.4303725490196078
2,54.01,0.393,0.43027450980392157
2,54.02,0.373,0.4303333333333333
2,54.03,0.386,0.42956862745098034
2,54.04,0.388,0.42858823529411766
2,54.05,0.434,0.42907843137254903
2,54.06,0.431,0.42845098039215684
2,54.07,0.433,0.4285686274509804
2,54.08,0.407,0.4275882352941176
2,54.09,0.443,0.42768627450980395
2,54.1,0.471,0.42823529411764705
2,54.11,0.396,0.4288823529411765
2,54.12,0.382,0.4291176470588235
2,54.13,0.387,0.4307058823529411
2,54.14,0.405,0.4309019607843137
2,54.15,0.427,0.4313137254901961
2,54.16,0.414,0.43243137254901964
2,54.17,0.457,0.43119607843137253
2,54.18,0.444,0.4304117647058824
2,54.19,0.414,0.43084313725490203
2,54.2,0.44,0.431921568627451
2,54.21,0.466,0.4320588235294118
2,54.22,0.42,0.43239215686274507
2,54.23,0.446,0.43225490196078425
2,54.24,0.438,0.43403921568627457
2,54.25,0.42,0.43503921568627446
2,54.26,0.42,0.4351764705882353
2,54.27,0.436,0.436921568627451
2,54.28,0.423,0.43849019607843137
2,54.29,0.396,0.4401960784313726
2,54.3,0.434,0.4407843137254902
2,54.31,0.433,0.44084313725490193
2,54.32,0.454,0.44186274509803924
2,54.33,0.464,0.44266666666666665
2,54.34,0.437,0.4431372549019608
2,54.35,0.509,0.4434117647058824
2,54.36,0.473,0.4446666666666667
2,54.37,0.444,0.44698039215686275
2,54.38,0.48,0.45043137254901966
2,54.39,0.443,0.45445098039215687
2,54.4,0.463,0.4576470588235294
2,54.41,0.485,0.45798039215686276
2,54.42,0.434,0.4584117647058823
2,54.43,0.403,0.4578235294117647
2,54.44,0.416,0.4582941176470588
2,54.45,0.456,0.4605294117647059
2,54.46,0.424,0.4627843137254902
2,54.47,0.453,0.46617647058823525
2,54.48,0.424,0.46929411764705886
2,54.49,0.514,0.47241176470588236
2,54.5,0.486,0.47594117647058826
2,54.51,0.475,0.4798235294117647
2,54.52,0.482,0.48325490196078436
2,54.53,0.453,0.4864117647058823
2,54.54,0.473,0.4897254901960785
2,54.55,0.418,0.4930196078431373
2,54.56,0.437,0.4956078431372549
2,54.57,0.483,0.49798039215686274
2,54.58,0.474,0.5008431372549019
2,54.59,0.431,0.5026666666666667
2,54.6,0.457,0.5054705882352941
2,54.61,0.535,0.5067843137254902
2,54.62,0.514,0.5089411764705882
2,54.63,0.558,0.5115686274509804
2,54.64,0.592,0.5141764705882352
2,54.65,0.568,0.5170784313725489
2,54.66,0.444,0.520470588235294
2,54.67,0.436,0.5227450980392156
2,54.68,0.427,0.5249019607843137
2,54.69,0.468,0.5292745098039215
2,54.7,0.528,0.5328039215686274
2,54.71,0.555,0.5352941176470588
2,54.72,0.639,0.5380588235294117
2,54.73,0.579,0.5412549019607843
2,54.74,0.605,0.5448823529411765
2,54.75,0.618,0.5466666666666666
2,54.76,0.618,0.547921568627451
2,54.77,0.595,0.5493921568627451
2,54.78,0.597,0.5517450980392157
2,54.79,0.592,0.5544117647058824
2,54.8,0.564,0.5566862745098039
2,54.81,0.566,0.5606078431372549
2,54.82,0.554,0.5636274509803921
2,54.83,0.6,0.5658627450980392
2,54.84,0.557,0.5675098039215687
2,54.85,0.58,0.5701764705882353
2,54.86,0.576,0.5725490196078431
2,54.87,0.583,0.574078431372549
2,54.88,0.578,0.5760196078431372
2,54.89,0.613,0.5771960784313726
2,54.9,0.591,0.5765294117647058
2,54.91,0.636,0.5762352941176471
2,54.92,0.601,0.5792156862745098
2,54.93,0.544,0.5831372549019608
2,54.94,0.626,0.5856862745098039
2,54.95,0.596,0.5879803921568628
2,54.96,0.583,0.5895294117647059
2,54.97,0.565,0.5904901960784313
2,54.98,0.616,0.5894509803921568
2,54.99,0.609,0.5892549019607843
2,55.0,0.605,0.5885686274509804
2,55.01,0.55,0.5868431372549019
2,55.02,0.55,0.5861960784313726
2,55.03,0.602,0.5865882352941176
2,55.04,0.589,0.5865490196078431
2,55.05,0.589,0.5871764705882353
2,55.06,0.618,0.5880392156862745
2,55.07,0.591,0.5888431372549019
2,55.08,0.597,0.5903529411764706
2,55.09,0.558,0.5906470588235294
2,55.1,0.567,0.5916078431372549
2,55.11,0.578,0.5922941176470589
2,55.12,0.613,0.5915490196078431
2,55.13,0.613,0.5905490196078431
2,55.14,0.618,0.587764705882353
2,55.15,0.558,0.584764705882353
2,55.16,0.553,0.5829411764705883
2,55.17,0.596,0.5806666666666667
2,55.18,0.636,0.5800980392156863
2,55.19,0.557,0.5798235294117647
2,55.2,0.585,0.5780000000000001
2,55.21,0.607,0.5772745098039216
2,55.22,0.604,0.5764509803921568
2,55.23,0.586,0.5763529411764706
2,55.24,0.569,0.5764901960784313
2,55.25,0.57,0.5772156862745098
2,55.26,0.53,0.5754117647058824
2,55.27,0.585,0.5756666666666667
2,55.28,0.615,0.5745882352941177
2,55.29,0.595,0.5732941176470588
2,55.3,0.624,0.5717058823529411
2,55.31,0.608,0.5705098039215686
2,55.32,0.607,0.5675686274509805
2,55.33,0.631,0.5656274509803921
2,55.34,0.615,0.5627254901960784
2,55.35,0.606,0.5607058823529412
2,55.36,0.615,0.5589019607843136
2,55.37,0.538,0.5564901960784314
2,55.38,0.532,0.5531372549019608
2,55.39,0.436,0.5510392156862746
2,55.4,0.46,0.5478627450980392
2,55.41,0.498,0.5454901960784314
2,55.42,0.52,0.5442549019607843
2,55.43,0.572,0.541156862745098
2,55.44,0.53,0.5390784313725491
2,55.45,0.533,0.5372549019607843
2,55.46,0.559,0.5361372549019607
2,55.47,0.541,0.5348627450980392
2,55.48,0.56,0.5329019607843137
2,55.49,0.623,0.5306274509803922
2,55.5,0.646,0.5298039215686274
2,55.51,0.513,0.5286470588235294
2,55.52,0.563,0.5286666666666666
2,55.53,0.495,0.5264901960784314
2,55.54,0.536,0.5238823529411766
2,55.55,0.508,0.5215686274509803
2,55.56,0.528,0.5184509803921569
2,55.57,0.468,0.5177450980392158
2,55.58,0.492,0.5173921568627451
2,55.59,0.449,0.5162156862745099
2,55.6,0.455,0.5154705882352941
2,55.61,0.475,0.5154705882352941
2,55.62,0.455,0.5150588235294117
2,55.63,0.442,0.5160196078431373
2,55.64,0.506,0.517
2,55.65,0.456,0.5197450980392158
2,55.66,0.437,0.5223333333333333
2,55.67,0.49,0.524235294117647
2,55.68,0.438,0.5256470588235294
2,55.69,0.53,0.5263333333333333
2,55.7,0.464,0.5270588235294117
2,55.71,0.528,0.5285686274509803
2,55.72,0.542,0.5288823529411765
2,55.73,0.504,0.5291960784313726
2,55.74,0.47,0.5286470588235294
2,55.75,0.527,0.5278235294117647
2,55.76,0.511,0.5263725490196078
2,55.77,0.531,0.5276470588235294
2,55.78,0.474,0.5290196078431373
2,55.79,0.482,0.5302941176470588
2,55.8,0.477,0.5313725490196078
2,55.81,0.465,0.5322156862745098
2,55.82,0.572,0.5325882352941176
2,55.83,0.589,0.5352156862745098
2,55.84,0.571,0.5359999999999999
2,55.85,0.577,0.5383333333333333
2,55.86,0.606,0.5403725490196077
2,55.87,0.594,0.5419803921568628
2,55.88,0.587,0.5445882352941176
2,55.89,0.582,0.5451764705882353
2,55.9,0.576,0.5447647058823529
2,55.91,0.592,0.5460196078431372
2,55.92,0.595,0.5481960784313726
2,55.93,0.592,0.547607843137255
2,55.94,0.607,0.5485882352941177
2,55.95,0.567,0.5486470588235294
2,55.96,0.61,0.5501176470588236
2,55.97,0.575,0.5488627450980391
2,55.98,0.557,0.5470588235294117
2,55.99,0.532,0.5468039215686274
2,56.0,0.581,0.5470980392156863
2,56.01,0.572,0.546921568627451
2,56.02,0.578,0.5465686274509803
2,56.03,0.633,0.5448823529411765
2,56.04,0.56,0.5445490196078432
2,56.05,0.591,0.5446666666666666
2,56.06,0.551,0.5452156862745098
2,56.07,0.547,0.5457843137254902
2,56.08,0.602,0.5441960784313725
2,56.09,0.532,0.5425686274509803
2,56.1,0.568,0.541078431372549
2,56.11,0.559,0.5395686274509804
2,56.12,0.557,0.5378823529411765
2,56.13,0.588,0.5358039215686274
2,56.14,0.472,0.533235294117647
2,56.15,0.485,0.5318823529411765
2,56.16,0.52,0.5299411764705882
2,56.17,0.548,0.5278823529411765
2,56.18,0.46,0.5266274509803922
2,56.19,0.488,0.5256274509803921
2,56.2,0.533,0.5247254901960784
2,56.21,0.539,0.5236274509803922
2,56.22,0.464,0.5224901960784314
2,56.23,0.45,0.5219803921568628
2,56.24,0.491,0.5207058823529412
2,56.25,0.485,0.5198431372549019
2,56.26,0.518,0.5191176470588236
2,56.27,0.493,0.5176666666666666
2,56.28,0.445,0.5161764705882353
2,56.29,0.457,0.5137450980392156
2,56.3,0.488,0.5132549019607844
2,56.31,0.505,0.5120980392156863
2,56.32,0.494,0.5112549019607844
2,56.33,0.491,0.5119019607843137
2,56.34,0.506,0.5108823529411765
2,56.35,0.495,0.5105098039215686
2,56.36,0.5,0.5107058823529412
2,56.37,0.52,0.5109607843137255
2,56.38,0.488,0.5104117647058823
2,56.39,0.456,0.5083921568627451
2,56.4,0.513,0.5086666666666667
2,56.41,0.477,0.5089803921568627
2,56.42,0.487,0.5089803921568627
2,56.43,0.531,0.5071960784313726
2,56.44,0.541,0.5077647058823529
2,56.45,0.561,0.5091960784313725
2,56.46,0.511,0.5097450980392156
2,56.47,0.552,0.5082941176470589
2,56.48,0.549,0.5086078431372549
2,56.49,0.492,0.5098235294117647
2,56.5,0.488,0.5091764705882353
2,56.51,0.544,0.5100196078431373
2,56.52,0.498,0.5092941176470588
2,56.53,0.502,0.5083921568627451
2,56.54,0.509,0.5095098039215686
2,56.55,0.535,0.5107058823529411
2,56.56,0.532,0.5098431372549019
2,56.57,0.508,0.5090392156862745
2,56.58,0.58,0.5088627450980393
2,56.59,0.55,0.509686274509804
2,56.6,0.513,0.5095098039215686
2,56.61,0.578,0.5093137254901962
2,56.62,0.572,0.5093333333333333
2,56.63,0.529,0.5087843137254902
2,56.64,0.485,0.509078431372549
2,56.65,0.486,0.5085294117647059
2,56.66,0.501,0.5070588235294118
2,56.67,0.52,0.5075294117647059
2,56.68,0.457,0.5083921568627451
2,56.69,0.489,0.5076666666666666
2,56.7,0.561,0.5063137254901962
2,56.71,0.561,0.5040980392156863
2,56.72,0.465,0.5032156862745097
2,56.73,0.48,0.5022156862745097
2,56.74,0.512,0.5012549019607843
2,56.75,0.458,0.5007254901960784
2,56.76,0.528,0.5014901960784314
2,56.77,0.481,0.5000196078431373
2,56.78,0.447,0.4995686274509804
2,56.79,0.502,0.499078431372549
2,56.8,0.518,0.4981960784313725
2,56.81,0.444,0.4976078431372549
2,56.82,0.464,0.4967058823529411
2,56.83,0.485,0.495843137254902
2,56.84,0.533,0.4931960784313726
2,56.85,0.497,0.4919019607843137
2,56.86,0.485,0.4916470588235294
2,56.87,0.501,0.4899607843137255
2,56.88,0.492,0.4884117647058823
2,56.89,0.503,0.4871960784313726
2,56.9,0.428,0.48760784313725497
2,56.91,0.438,0.4888039215686274
2,56.92,0.501,0.48813725490196075
2,56.93,0.531,0.48749019607843136
2,56.94,0.494,0.4875098039215686
2,56.95,0.472,0.4868039215686275
2,56.96,0.448,0.483843137254902
2,56.97,0.466,0.4813137254901961
2,56.98,0.501,0.48182352941176465
2,56.99,0.5,0.48164705882352943
2,57.0,0.465,0.48100000000000004
2,57.01,0.527,0.4814117647058824
2,57.02,0.469,0.479
2,57.03,0.475,0.47805882352941176
2,57.04,0.477,0.4782941176470588
2,57.05,0.464,0.47778431372549024
2,57.06,0.505,0.4771176470588235
2,57.07,0.486,0.4773921568627451
2,57.08,0.464,0.478
2,57.09,0.445,0.47890196078431374
2,57.1,0.484,0.4767058823529412
2,57.11,0.5,0.4762941176470588
2,57.12,0.492,0.47613725490196074
2,57.13,0.493,0.4757450980392157
2,57.14,0.467,0.4756666666666667
2,57.15,0.506,0.47523529411764703
2,57.16,0.547,0.47564705882352937
2,57.17,0.467,0.4763921568627451
2,57.18,0.487,0.4765098039215686
2,57.19,0.458,0.4740980392156862
2,57.2,0.453,0.47329411764705887
2,57.21,0.41,0.473078431372549
2,57.22,0.432,0.47364705882352937
2,57.23,0.491,0.47403921568627455
2,57.24,0.471,0.47333333333333333
2,57.25,0.479,0.47164705882352936
2,57.26,0.479,0.4717647058823529
2,57.27,0.405,0.47152941176470586
2,57.28,0.433,0.4717058823529412
2,57.29,0.459,0.4718235294117647
2,57.3,0.476,0.47150980392156866
2,57.31,0.484,0.4723137254901961
2,57.32,0.458,0.47186274509803916
2,57.33,0.495,0.47272549019607846
2,57.34,0.531,0.47384313725490196
2,57.35,0.421,0.4745686274509804
2,57.36,0.476,0.47370588235294114
2,57.37,0.477,0.4736666666666667
2,57.38,0.481,0.472764705882353
2,57.39,0.488,0.4737450980392157
2,57.4,0.481,0.47352941176470587
2,57.41,0.449,0.47186274509803916
2,57.42,0.476,0.47237254901960785
2,57.43,0.507,0.4743529411764706
2,57.44,0.408,0.47480392156862744
2,57.45,0.453,0.4757843137254902
2,57.46,0.461,0.4760196078431373
2,57.47,0.477,0.47786274509803917
2,57.48,0.486,0.4778039215686275
2,57.49,0.465,0.4782156862745099
2,57.5,0.414,0.4781764705882353
2,57.51,0.471,0.47835294117647054
2,57.52,0.515,0.47845098039215683
2,57.53,0.478,0.4798823529411765
2,57.54,0.481,0.48035294117647054
2,57.55,0.461,0.4815294117647059
2,57.56,0.505,0.4808823529411764
2,57.57,0.482,0.4804509803921569
2,57.58,0.53,0.48068627450980395
2,57.59,0.521,0.481313725490196
2,57.6,0.482,0.48207843137254897
2,57.61,0.44,0.4825882352941177
2,57.62,0.498,0.4820392156862745
2,57.63,0.446,0.48200000000000004
2,57.64,0.543,0.4820980392156863
2,57.65,0.456,0.4816078431372549
2,57.66,0.421,0.4818235294117647
2,57.67,0.573,0.48268627450980395
2,57.68,0.568,0.48227450980392156
2,57.69,0.51,0.4815098039215686
2,57.7,0.508,0.483078431372549
2,57.71,0.465,0.4842549019607843
2,57.72,0.504,0.48476470588235293
2,57.73,0.429,0.48454901960784313
2,57.74,0.512,0.48423529411764704
2,57.75,0.469,0.485
2,57.76,0.488,0.487921568627451
2,57.77,0.484,0.48852941176470593
2,57.78,0.478,0.48747058823529416
2,57.79,0.457,0.4864705882352941
2,57.8,0.519,0.4866666666666667
2,57.81,0.443,0.4876470588235294
2,57.82,0.462,0.487078431372549
2,57.83,0.47,0.4885686274509804
2,57.84,0.527,0.4868823529411765
2,57.85,0.57,0.48525490196078425
2,57.86,0.447,0.48449019607843136
2,57.87,0.448,0.48460784313725497
2,57.88,0.475,0.4831372549019608
2,57.89,0.486,0.4820392156862745
2,57.9,0.463,0.47980392156862745
2,57.91,0.492,0.47894117647058826
2,57.92,0.493,0.4792352941176471
2,57.93,0.455,0.47637254901960785
2,57.94,0.468,0.4738823529411765
2,57.95,0.488,0.4728627450980392
2,57.96,0.513,0.47280392156862744
2,57.97,0.487,0.4723529411764706
2,57.98,0.466,0.470078431372549
2,57.99,0.47,0.4695490196078431
2,58.0,0.504,0.46752941176470586
2,58.01,0.563,0.46656862745098043
2,58.02,0.502,0.46576470588235297
2,58.03,0.461,0.4645490196078431
2,58.04,0.427,0.46382352941176475
2,58.05,0.491,0.46394117647058825
2,58.06,0.511,0.46294117647058824
2,58.07,0.476,0.46360784313725495
2,58.08,0.558,0.4624901960784314
2,58.09,0.444,0.46205882352941174
2,58.1,0.438,0.4600392156862746
2,58.11,0.443,0.45815686274509804
2,58.12,0.446,0.45927450980392154
2,58.13,0.423,0.459078431372549
2,58.14,0.39,0.45941176470588235
2,58.15,0.429,0.4583921568627451
2,58.16,0.412,0.45768627450980387
2,58.17,0.436,0.4561176470588235
2,58.18,0.427,0.45594117647058824
2,58.19,0.441,0.4555882352941176
2,58.2,0.458,0.4547450980392157
2,58.21,0.505,0.4532745098039216
2,58.22,0.442,0.45256862745098037
2,58.23,0.388,0.45207843137254905
2,58.24,0.402,0.45041176470588234
2,58.25,0.409,0.4497450980392157
2,58.26,0.42,0.4481176470588235
2,58.27,0.447,0.44550980392156864
2,58.28,0.422,0.4443921568627451
2,58.29,0.441,0.4439607843137255
2,58.3,0.463,0.4439607843137255
2,58.31,0.468,0.4430392156862746
2,58.32,0.477,0.44043137254901965
2,58.33,0.405,0.43970588235294117
2,58.34,0.448,0.4375294117647059
2,58.35,0.424,0.4378823529411765
2,58.36,0.474,0.43727450980392163
2,58.37,0.504,0.43743137254901965
2,58.38,0.438,0.43688235294117644
2,58.39,0.492,0.4358823529411765
2,58.4,0.434,0.43660784313725487
2,58.41,0.427,0.4350980392156863
2,58.42,0.412,0.43576470588235294
2,58.43,0.484,0.43570588235294117
2,58.44,0.437,0.43692156862745096
2,58.45,0.425,0.4349411764705882
2,58.46,0.413,0.4342745098039216
2,58.47,0.477,0.43372549019607837
2,58.48,0.462,0.43233333333333335
2,58.49,0.381,0.43321568627450985
2,58.5,0.436,0.4338039215686274
2,58.51,0.421,0.4342156862745098
2,58.52,0.43,0.4339411764705882
2,58.53,0.445,0.43354901960784314
2,58.54,0.439,0.43419607843137253
2,58.55,0.427,0.43245098039215685
2,58.56,0.444,0.43099999999999994
2,58.57,0.378,0.4310588235294117
2,58.58,0.439,0.43009803921568623
2,58.59,0.447,0.4313921568627451
2,58.6,0.462,0.43227450980392157
2,58.61,0.407,0.4334509803921569
2,58.62,0.451,0.43390196078431376
2,58.63,0.418,0.4352745098039216
2,58.64,0.372,0.4378823529411765
2,58.65,0.427,0.4370392156862745
2,58.66,0.352,0.4389411764705882
2,58.67,0.446,0.4399019607843137
2,58.68,0.433,0.44154901960784315
2,58.69,0.489,0.4419607843137255
2,58.7,0.34,0.44264705882352945
2,58.71,0.424,0.44384313725490193
2,58.72,0.477,0.4454117647058824
2,58.73,0.371,0.4447058823529412
2,58.74,0.433,0.4440980392156863
2,58.75,0.432,0.44619607843137254
2,58.76,0.43,0.44674509803921564
2,58.77,0.406,0.4482745098039216
2,58.78,0.427,0.44872549019607844
2,58.79,0.455,0.44929411764705884
2,58.8,0.352,0.4504901960784314
2,58.81,0.389,0.4516078431372549
2,58.82,0.471,0.4523921568627451
2,58.83,0.428,0.4541960784313725
2,58.84,0.471,0.45486274509803915
2,58.85,0.493,0.4554705882352941
2,58.86,0.484,0.45519607843137255
2,58.87,0.497,0.4561960784313725
2,58.88,0.574,0.45615686274509804
2,58.89,0.571,0.457156862745098
2,58.9,0.449,0.4591176470588235
2,58.91,0.531,0.4594313725490196
2,58.92,0.476,0.46084313725490195
2,58.93,0.496,0.461156862745098
2,58.94,0.505,0.46258823529411763
2,58.95,0.472,0.4620392156862745
2,58.96,0.486,0.4649607843137255
2,58.97,0.493,0.4663529411764706
2,58.98,0.441,0.46619607843137256
2,58.99,0.431,0.4685686274509804
2,59.0,0.488,0.46962745098039216
2,59.01,0.464,0.47141176470588236
2,59.02,0.499,0.4726470588235294
2,59.03,0.453,0.4758823529411765
2,59.04,0.474,0.4777647058823529
2,59.05,0.5,0.4776666666666667
2,59.06,0.484,0.4801960784313726
2,59.07,0.484,0.4820784313725491
2,59.08,0.47,0.4822941176470589
2,59.09,0.473,0.48301960784313724
2,59.1,0.478,0.4831960784313726
2,59.11,0.448,0.48264705882352943
2,59.12,0.458,0.48049019607843135
2,59.13,0.449,0.4799803921568627
2,59.14,0.469,0.477156862745098
2,59.15,0.472,0.4755490196078431
2,59.16,0.443,0.4767254901960784
2,59.17,0.424,0.47645098039215683
2,59.18,0.462,0.47645098039215683
2,59.19,0.506,0.4760392156862745
2,59.2,0.461,0.4763529411764706
2,59.21,0.489,0.47596078431372546
2,59.22,0.495,0.474843137254902
2,59.23,0.469,0.4738039215686274
2,59.24,0.492,0.47364705882352937
2,59.25,0.487,0.4742156862745098
2,59.26,0.523,0.4738823529411765
2,59.27,0.493,0.47462745098039216
2,59.28,0.571,0.4732941176470588
2,59.29,0.523,0.47411764705882353
2,59.3,0.45,0.4743725490196078
2,59.31,0.481,0.47458823529411764
2,59.32,0.485,0.47441176470588237
2,59.33,0.482,0.47427450980392155
2,59.34,0.465,0.4739411764705882
2,59.35,0.48,0.4735882352941177
2,59.36,0.465,0.4730392156862745
2,59.37,0.374,0.47350980392156855
2,59.38,0.471,0.4743529411764706
2,59.39,0.43,0.47482352941176464
2,59.4,0.489,0.4750196078431373
2,59.41,0.509,0.47570588235294115
2,59.42,0.517,0.47607843137254896
2,59.43,0.476,0.47717647058823526
2,59.44,0.475,0.4772941176470588
2,59.45,0.521,0.4765294117647059
2,59.46,0.452,0.47633333333333333
2,59.47,0.429,0.47594117647058826
2,59.48,0.44,0.4757843137254902
2,59.49,0.433,0.47647058823529415
2,59.5,0.46,0.475921568627451
2,59.51,0.471,0.4758431372549019
2,59.52,0.502,0.4749019607843137
2,59.53,0.431,0.47403921568627455
2,59.54,0.495,0.47252941176470586
2,59.55,0.487,0.4716274509803921
2,59.56,0.511,0.4711960784313725
2,59.57,0.475,0.46986274509803916
2,59.58,0.477,0.4692549019607843
2,59.59,0.453,0.4698039215686275
2,59.6,0.455,0.46984313725490195
2,59.61,0.45,0.46964705882352936
2,59.62,0.472,0.4699607843137255
2,59.63,0.501,0.4731372549019608
2,59.64,0.473,0.4735490196078431
2,59.65,0.479,0.4741568627450981
2,59.66,0.507,0.47352941176470587
2,59.67,0.462,0.47300000000000003
2,59.68,0.48,0.4716666666666667
2,59.69,0.468,0.4715490196078431
2,59.7,0.467,0.47227450980392155
2,59.71,0.451,0.472156862745098
2,59.72,0.469,0.47362745098039216
2,59.73,0.487,0.47503921568627444
2,59.74,0.504,0.47611764705882353
2,59.75,0.464,0.4770588235294118
2,59.76,0.483,0.47717647058823526
2,59.77,0.475,0.47717647058823526
2,59.78,0.449,0.476078431372549
2,59.79,0.494,0.4771176470588235
2,59.8,0.477,0.476313725490196
2,59.81,0.428,0.475921568627451
2,59.82,0.413,0.47556862745098044
2,59.83,0.454,0.4751176470588236
2,59.84,0.51,0.4749803921568628
2,59.85,0.467,0.4756666666666667
2,59.86,0.47,0.47645098039215683
2,59.87,0.481,0.4773529411764706
2,59.88,0.536,0.47700000000000004
2,59.89,0.492,0.4759803921568627
2,59.9,0.461,0.4752352941176471
2,59.91,0.457,0.4747843137254902
2,59.92,0.482,0.4738627450980393
2,59.93,0.449,0.47437254901960785
2,59.94,0.47,0.47419607843137257
2,59.95,0.512,0.47437254901960785
2,59.96,0.515,0.4745882352941176
2,59.97,0.527,0.47535294117647064
2,59.98,0.501,0.47558823529411764
2,59.99,0.495,0.47449019607843135
2,60.0,0.481,0.4726862745098039
2,60.01,0.466,0.47270588235294114
2,60.02,0.471,0.47260784313725496
2,60.03,0.446,0.47219607843137257
2,60.04,0.484,0.473156862745098
2,60.05,0.454,0.4726862745098039
2,60.06,0.467,0.4729607843137255
2,60.07,0.493,0.4724313725490196
2,60.08,0.452,0.47321568627450983
2,60.09,0.47,0.4731764705882353
2,60.1,0.488,0.4725294117647058
2,60.11,0.495,0.4724509803921568
2,60.12,0.496,0.4720980392156863
2,60.13,0.454,0.47080392156862744
2,60.14,0.449,0.46825490196078434
2,60.15,0.435,0.4679607843137255
2,60.16,0.456,0.468078431372549
2,60.17,0.46,0.46768627450980393
2,60.18,0.488,0.4670588235294117
2,60.19,0.471,0.46713725490196084
2,60.2,0.477,0.46619607843137256
2,60.21,0.478,0.4664117647058824
2,60.22,0.49,0.4655490196078432
2,60.23,0.481,0.4643921568627451
2,60.24,0.431,0.46356862745098043
2,60.25,0.412,0.464
2,60.26,0.465,0.4636470588235294
2,60.27,0.478,0.46437254901960784
2,60.28,0.454,0.46398039215686276
2,60.29,0.498,0.46492156862745093
2,60.3,0.47,0.4642352941176471
2,60.31,0.491,0.46464705882352947
2,60.32,0.401,0.46452941176470586
2,60.33,0.453,0.46452941176470586
2,60.34,0.452,0.4648235294117647
2,60.35,0.477,0.4662941176470588
2,60.36,0.463,0.46562745098039215
2,60.37,0.452,0.4644117647058823
2,60.38,0.415,0.4633529411764706
2,60.39,0.406,0.46437254901960784
2,60.4,0.477,0.46456862745098043
2,60.41,0.467,0.4642156862745098
2,60.42,0.437,0.46378431372549017
2,60.43,0.45,0.4632352941176471
2,60.44,0.453,0.46284313725490195
2,60.45,0.422,0.46237254901960784
2,60.46,0.523,0.4619019607843137
2,60.47,0.471,0.46376470588235297
2,60.48,0.468,0.4646666666666667
2,60.49,0.459,0.46484313725490195
2,60.5,0.517,0.4653333333333333
2,60.51,0.463,0.4652745098039216
2,60.52,0.503,0.4651372549019608
2,60.53,0.451,0.46458823529411764
2,60.54,0.494,0.46490196078431373
2,60.55,0.449,0.46482352941176475
2,60.56,0.475,0.4646078431372549
2,60.57,0.461,0.46478431372549023
2,60.58,0.493,0.4655490196078431
2,60.59,0.467,0.4655490196078432
2,60.6,0.545,0.4656666666666666
2,60.61,0.454,0.4663137254901962
2,60.62,0.433,0.4666470588235294
2,60.63,0.442,0.46721568627450977
2,60.64,0.506,0.4677058823529412
2,60.65,0.459,0.468843137254902
2,60.66,0.417,0.4690196078431373
2,60.67,0.434,0.4703725490196078
2,60.68,0.432,0.4728235294117647
2,60.69,0.468,0.47321568627450983
2,60.7,0.447,0.472921568627451
2,60.71,0.453,0.4730392156862746
2,60.72,0.573,0.4716078431372549
2,60.73,0.536,0.47160784313725496
2,60.74,0.49,0.4710588235294117
2,60.75,0.456,0.47096078431372546
2,60.76,0.409,0.4697450980392157
2,60.77,0.458,0.47001960784313723
2,60.78,0.45,0.4685294117647059
2,60.79,0.47,0.46815686274509805
2,60.8,0.494,0.46745098039215693
2,60.81,0.459,0.4678627450980392
2,60.82,0.5,0.46786274509803916
2,60.83,0.44,0.46911764705882353
2,60.84,0.453,0.46850980392156866
2,60.85,0.458,0.46984313725490195
2,60.86,0.51,0.4700588235294118
2,60.87,0.48,0.4723333333333334
2,60.88,0.481,0.4746666666666667
2,60.89,0.44,0.47733333333333333
2,60.9,0.464,0.4773921568627451
2,60.91,0.486,0.4787843137254902
2,60.92,0.536,0.4802352941176471
2,60.93,0.562,0.4813137254901961
2,60.94,0.47,0.4816666666666667
2,60.95,0.438,0.4823137254901961
2,60.96,0.428,0.4820784313725491
2,60.97,0.45,0.48200000000000004
2,60.98,0.471,0.47968627450980394
2,60.99,0.44,0.4792156862745098
2,61.0,0.454,0.4799607843137255
2,61.01,0.455,0.48060784313725496
2,61.02,0.477,0.48176470588235293
2,61.03,0.427,0.48311764705882354
2,61.04,0.432,0.48372549019607847
2,61.05,0.458,0.4835490196078431
2,61.06,0.47,0.48288235294117643
2,61.07,0.475,0.483156862745098
2,61.08,0.525,0.4820392156862745
2,61.09,0.462,0.4820196078431373
2,61.1,0.535,0.48250980392156856
2,61.11,0.556,0.48339215686274506
2,61.12,0.57,0.48250980392156856
2,61.13,0.552,0.4814901960784314
2,61.14,0.578,0.4811176470588235
2,61.15,0.509,0.4811176470588235
2,61.16,0.53,0.4805686274509804
2,61.17,0.491,0.4798823529411765
2,61.18,0.489,0.4791176470588236
2,61.19,0.45,0.4771960784313725
2,61.2,0.501,0.4774901960784314
2,61.21,0.435,0.4782941176470588
2,61.22,0.449,0.4792941176470588
2,61.23,0.455,0.48145098039215684
2,61.24,0.512,0.4821764705882353
2,61.25,0.528,0.4840784313725491
2,61.26,0.489,0.48452941176470593
2,61.27,0.468,0.4843137254901961
2,61.28,0.527,0.4852156862745098
2,61.29,0.481,0.48564705882352943
2,61.3,0.461,0.4863137254901961
2,61.31,0.46,0.4866862745098039
2,61.32,0.473,0.4873529411764706
2,61.33,0.443,0.48723529411764716
2,61.34,0.439,0.48629411764705877
2,61.35,0.478,0.48684313725490197
2,61.36,0.503,0.4858235294117647
2,61.37,0.465,0.4839803921568627
2,61.38,0.428,0.48217647058823526
2,61.39,0.462,0.48001960784313724
2,61.4,0.44,0.4776078431372549
2,61.41,0.436,0.47592156862745094
2,61.42,0.451,0.4748627450980393
2,61.43,0.497,0.47474509803921566
2,61.44,0.464,0.4737450980392157
2,61.45,0.485,0.47480392156862744
2,61.46,0.479,0.47480392156862744
2,61.47,0.479,0.47592156862745094
2,61.48,0.56,0.4757647058823529
2,61.49,0.508,0.4763921568627451
2,61.5,0.537,0.474686274509804
2,61.51,0.477,0.4731960784313725
2,61.52,0.444,0.4720392156862745
2,61.53,0.523,0.4708627450980392
2,61.54,0.449,0.46950980392156866
2,61.55,0.466,0.4686666666666667
2,61.56,0.477,0.468843137254902
2,61.57,0.504,0.4693529411764706
2,61.58,0.469,0.4684901960784314
2,61.59,0.477,0.4687647058823529
2,61.6,0.49,0.46990196078431373
2,61.61,0.483,0.4697254901960785
2,61.62,0.462,0.4686666666666667
2,61.63,0.478,0.46978431372549023
2,61.64,0.442,0.4702745098039216
2,61.65,0.455,0.47031372549019607
2,61.66,0.423,0.47078431372549023
2,61.67,0.476,0.4716078431372549
2,61.68,0.485,0.4717647058823529
2,61.69,0.438,0.47158823529411764
2,61.7,0.504,0.47149019607843135
2,61.71,0.501,0.47111764705882353
2,61.72,0.492,0.47017647058823525
2,61.73,0.441,0.4698627450980392
2,61.74,0.487,0.4699411764705883
2,61.75,0.425,0.4702745098039216
2,61.76,0.452,0.46949019607843134
2,61.77,0.43,0.47
2,61.78,0.408,0.47041176470588236
2,61.79,0.458,0.46984313725490195
2,61.8,0.438,0.470156862745098
2,61.81,0.47,0.47050980392156866
2,61.82,0.486,0.47135294117647064
2,61.83,0.429,0.4718039215686275
2,61.84,0.457,0.47215686274509805
2,61.85,0.497,0.4724313725490196
2,61.86,0.469,0.472
2,61.87,0.449,0.4710392156862745
2,61.88,0.522,0.47041176470588236
2,61.89,0.453,0.4697843137254902
2,61.9,0.464,0.469764705882353
2,61.91,0.464,0.4696666666666667
2,61.92,0.478,0.4706274509803922
2,61.93,0.459,0.47150980392156866
2,61.94,0.488,0.4711960784313725
2,61.95,0.459,0.4726666666666667
2,61.96,0.466,0.4712941176470588
2,61.97,0.431,0.46907843137254907
2,61.98,0.463,0.4681176470588235
2,61.99,0.564,0.46707843137254906
2,62.0,0.525,0.4655098039215686
2,62.01,0.497,0.46568627450980393
2,62.02,0.503,0.46525490196078434
2,62.03,0.465,0.46478431372549023
2,62.04,0.494,0.4649803921568627
2,62.05,0.465,0.4648039215686275
2,62.06,0.484,0.4647843137254901
2,62.07,0.52,0.4633137254901961
2,62.08,0.527,0.46199999999999997
2,62.09,0.487,0.4626078431372549
2,62.1,0.491,0.4624117647058823
2,62.11,0.468,0.46182352941176474
2,62.12,0.434,0.4610392156862745
2,62.13,0.43,0.4613333333333334
2,62.14,0.446,0.459921568627451
2,62.15,0.441,0.4604509803921569
2,62.16,0.45,0.46031372549019606
2,62.17,0.472,0.4597254901960784
2,62.18,0.521,0.45862745098039215
2,62.19,0.469,0.45774509803921576
2,62.2,0.513,0.4563725490196079
2,62.21,0.434,0.4552352941176471
2,62.22,0.388,0.45515686274509803
2,62.23,0.443,0.45545098039215687
2,62.24,0.388,0.45409803921568626
2,62.25,0.407,0.45229411764705885
2,62.26,0.434,0.4507450980392157
2,62.27,0.43,0.4497450980392157
2,62.28,0.406,0.44764705882352945
2,62.29,0.418,0.44613725490196077
2,62.3,0.449,0.4433333333333333
2,62.31,0.437,0.4429411764705882
2,62.32,0.395,0.44172549019607843
2,62.33,0.419,0.44052941176470584
2,62.34,0.46,0.4384705882352941
2,62.35,0.447,0.43686274509803924
2,62.36,0.467,0.4348823529411765
2,62.37,0.429,0.43374509803921574
2,62.38,0.464,0.4340588235294118
2,62.39,0.45,0.4360196078431372
2,62.4,0.48,0.43570588235294117
2,62.41,0.457,0.435
2,62.42,0.434,0.4336862745098039
2,62.43,0.422,0.4330588235294117
2,62.44,0.414,0.4320588235294118
2,62.45,0.418,0.43107843137254903
2,62.46,0.401,0.4296274509803921
2,62.47,0.462,0.42949019607843136
2,62.48,0.446,0.4309019607843137
2,62.49,0.394,0.4317254901960784
2,62.5,0.472,0.4329411764705882
2,62.51,0.446,0.4329607843137255
2,62.52,0.446,0.43350980392156857
2,62.53,0.396,0.4338431372549019
2,62.54,0.388,0.4346862745098039
2,62.55,0.351,0.4370980392156863
2,62.56,0.445,0.4385882352941176
2,62.57,0.422,0.43829411764705883
2,62.58,0.459,0.4402549019607843
2,62.59,0.422,0.4406274509803922
2,62.6,0.405,0.44054901960784315
2,62.61,0.39,0.44100000000000006
2,62.62,0.41,0.4409411764705882
2,62.63,0.45,0.4415294117647059
2,62.64,0.53,0.44072549019607843
2,62.65,0.43,0.44088235294117645
2,62.66,0.405,0.43945098039215685
2,62.67,0.383,0.43964705882352934
2,62.68,0.44,0.44045098039215685
2,62.69,0.47,0.44050980392156863
2,62.7,0.419,0.4412156862745098
2,62.71,0.439,0.4413921568627451
2,62.72,0.427,0.4417450980392157
2,62.73,0.46,0.4402156862745098
2,62.74,0.485,0.43950980392156863
2,62.75,0.45,0.4411372549019608
2,62.76,0.408,0.4409411764705882
2,62.77,0.462,0.44013725490196076
2,62.78,0.447,0.44035294117647056
2,62.79,0.449,0.4402745098039215
2,62.8,0.541,0.4407843137254902
2,62.81,0.525,0.4415294117647059
2,62.82,0.422,0.4409607843137255
2,62.83,0.495,0.4412549019607843
2,62.84,0.438,0.4413921568627451
2,62.85,0.456,0.44145098039215686
2,62.86,0.47,0.44088235294117645
2,62.87,0.464,0.4422549019607843
2,62.88,0.459,0.4421764705882353
2,62.89,0.423,0.4414705882352941
2,62.9,0.458,0.44054901960784315
2,62.91,0.407,0.4412549019607843
2,62.92,0.467,0.4416862745098039
2,62.93,0.475,0.44339215686274513
2,62.94,0.425,0.44401960784313727
2,62.95,0.45,0.44345098039215686
2,62.96,0.427,0.4432745098039216
2,62.97,0.419,0.4435686274509804
2,62.98,0.384,0.44472549019607843
2,62.99,0.41,0.44509803921568625
2,63.0,0.477,0.44411764705882356
2,63.01,0.462,0.4442549019607843
2,63.02,0.405,0.4454117647058824
2,63.03,0.457,0.4447843137254902
2,63.04,0.392,0.44480392156862747
2,63.05,0.414,0.44490196078431377
2,63.06,0.389,0.4427843137254902
2,63.07,0.416,0.44143137254901965
2,63.08,0.437,0.44164705882352945
2,63.09,0.466,0.44045098039215685
2,63.1,0.425,0.4405686274509804
2,63.11,0.376,0.4402745098039216
2,63.12,0.46,0.43941176470588234
2,63.13,0.406,0.4389411764705882
2,63.14,0.414,0.4387450980392157
2,63.15,0.483,0.438235294117647
2,63.16,0.466,0.438078431372549
2,63.17,0.427,0.43792156862745096
2,63.18,0.47,0.4366666666666667
2,63.19,0.472,0.43629411764705883
2,63.2,0.441,0.43670588235294117
2,63.21,0.41,0.4380196078431372
2,63.22,0.454,0.4386274509803922
2,63.23,0.486,0.4392745098039215
2,63.24,0.479,0.440843137254902
2,63.25,0.435,0.44290196078431376
2,63.26,0.457,0.4424509803921568
2,63.27,0.467,0.44198039215686274
2,63.28,0.43,0.44233333333333336
2,63.29,0.448,0.4423529411764706
2,63.3,0.454,0.44311764705882356
2,63.31,0.433,0.444078431372549
2,63.32,0.456,0.44509803921568625
2,63.33,0.433,0.444843137254902
2,63.34,0.434,0.4456862745098039
2,63.35,0.444,0.44460784313725493
2,63.36,0.441,0.44417647058823534
2,63.37,0.426,0.44525490196078427
2,63.38,0.44,0.4451764705882353
2,63.39,0.449,0.4455490196078431
2,63.4,0.397,0.44572549019607843
2,63.41,0.45,0.4442941176470589
2,63.42,0.399,0.44468627450980397
2,63.43,0.403,0.4443529411764706
2,63.44,0.456,0.44394117647058823
2,63.45,0.446,0.44350980392156863
2,63.46,0.517,0.4435490196078431
2,63.47,0.458,0.4433725490196079
2,63.48,0.452,0.4431568627450981
2,63.49,0.464,0.44217647058823534
2,63.5,0.515,0.44127450980392163
2,63.51,0.454,0.4413725490196078
2,63.52,0.438,0.44050980392156863
2,63.53,0.423,0.440156862745098
2,63.54,0.458,0.44054901960784315
2,63.55,0.431,0.44129411764705884
2,63.56,0.463,0.4414313725490196
2,63.57,0.441,0.4416862745098039
2,63.58,0.403,0.4418235294117647
2,63.59,0.48,0.44282352941176467
2,63.6,0.411,0.443078431372549
2,63.61,0.403,0.4431960784313725
2,63.62,0.431,0.4440392156862745
2,63.63,0.456,0.4447254901960784
2,63.64,0.425,0.4442745098039216
2,63.65,0.423,0.44388235294117645
2,63.66,0.41,0.445
2,63.67,0.486,0.4449803921568628
2,63.68,0.41,0.4460980392156863
2,63.69,0.449,0.44696078431372543
2,63.7,0.45,0.4474313725490196
2,63.71,0.443,0.4472745098039216
2,63.72,0.401,0.44674509803921575
2,63.73,0.443,0.4464509803921568
2,63.74,0.436,0.44686274509803925
2,63.75,0.433,0.44613725490196077
2,63.76,0.44,0.44552941176470584
2,63.77,0.413,0.44578431372549027
2,63.78,0.449,0.4463333333333333
2,63.79,0.45,0.44613725490196077
2,63.8,0.486,0.4466470588235294
2,63.81,0.461,0.44674509803921575
2,63.82,0.446,0.44698039215686275
2,63.83,0.463,0.44676470588235295
2,63.84,0.484,0.4475490196078431
2,63.85,0.447,0.4463921568627451
2,63.86,0.45,0.44672549019607843
2,63.87,0.484,0.44676470588235295
2,63.88,0.461,0.4468039215686275
2,63.89,0.417,0.4466470588235294
2,63.9,0.429,0.44639215686274514
2,63.91,0.454,0.44676470588235295
2,63.92,0.449,0.4468627450980392
2,63.93,0.456,0.44603921568627447
2,63.94,0.447,0.4465294117647059
2,63.95,0.48,0.44660784313725493
2,63.96,0.438,0.44639215686274514
2,63.97,0.49,0.4457450980392157
2,63.98,0.443,0.44641176470588234
2,63.99,0.473,0.4459215686274509
2,64.0,0.427,0.44599999999999995
2,64.01,0.484,0.4466666666666666
2,64.02,0.467,0.44901960784313727
2,64.03,0.466,0.4494901960784314
2,64.04,0.413,0.4488627450980392
2,64.05,0.484,0.4478235294117647
2,64.06,0.436,0.44719607843137255
2,64.07,0.475,0.44803921568627453
2,64.08,0.43,0.4476274509803922
2,64.09,0.443,0.44698039215686275
2,64.1,0.421,0.4462941176470588
2,64.11,0.428,0.44621568627450986
2,64.12,0.405,0.44660784313725493
2,64.13,0.433,0.4453333333333333
2,64.14,0.448,0.4442745098039216
2,64.15,0.412,0.44562745098039214
2,64.16,0.442,0.4457254901960785
2,64.17,0.415,0.4446666666666667
2,64.18,0.444,0.4446862745098039
2,64.19,0.435,0.44384313725490193
2,64.2,0.453,0.44274509803921575
2,64.21,0.439,0.4416078431372549
2,64.22,0.41,0.4420196078431373
2,64.23,0.435,0.4417647058823529
2,64.24,0.418,0.44
2,64.25,0.44,0.4388039215686274
2,64.26,0.467,0.43860784313725487
2,64.27,0.56,0.43727450980392163
2,64.28,0.437,0.43707843137254904
2,64.29,0.417,0.4371372549019608
2,64.3,0.397,0.43721568627450985
2,64.31,0.454,0.4367254901960784
2,64.32,0.504,0.4362549019607843
2,64.33,0.425,0.4358039215686275
2,64.34,0.43,0.4378039215686275
2,64.35,0.449,0.4386274509803922
2,64.36,0.443,0.43943137254901965
2,64.37,0.47,0.4412156862745098
2,64.38,0.419,0.44415686274509797
2,64.39,0.407,0.44415686274509797
2,64.4,0.486,0.44394117647058823
2,64.41,0.434,0.4437647058823529
2,64.42,0.4,0.4423137254901961
2,64.43,0.45,0.4426470588235294
2,64.44,0.413,0.44250980392156863
2,64.45,0.391,0.4424509803921568
2,64.46,0.422,0.4409607843137255
2,64.47,0.459,0.440078431372549
2,64.48,0.477,0.44090196078431376
2,64.49,0.353,0.4402156862745098
2,64.5,0.412,0.44017647058823534
2,64.51,0.417,0.4402745098039216
2,64.52,0.416,0.43845098039215685
2,64.53,0.457,0.43635294117647055
2,64.54,0.469,0.4371176470588236
2,64.55,0.417,0.4376666666666667
2,64.56,0.459,0.43764705882352944
2,64.57,0.412,0.43798039215686274
2,64.58,0.452,0.4370588235294117
2,64.59,0.532,0.43723529411764706
2,64.6,0.485,0.4379019607843137
2,64.61,0.462,0.4384313725490196
2,64.62,0.519,0.4395294117647059
2,64.63,0.555,0.43868627450980396
2,64.64,0.433,0.440156862745098
2,64.65,0.437,0.43945098039215685
2,64.66,0.403,0.43909803921568624
2,64.67,0.368,0.439078431372549
2,64.68,0.432,0.43962745098039213
2,64.69,0.437,0.43960784313725493
2,64.7,0.432,0.4413529411764706
2,64.71,0.377,0.4426862745098039
2,64.72,0.394,0.44349019607843143
2,64.73,0.452,0.44350980392156863
2,64.74,0.4,0.44300000000000006
2,64.75,0.416,0.44503921568627447
2,64.76,0.445,0.4442549019607843
2,64.77,0.374,0.44419607843137254
2,64.78,0.453,0.44366666666666665
2,64.79,0.476,0.4430588235294118
2,64.8,0.445,0.4422941176470589
2,64.81,0.396,0.44270588235294117
2,64.82,0.471,0.4424313725490196
2,64.83,0.457,0.4440392156862745
2,64.84,0.434,0.4443921568627451
2,64.85,0.464,0.4433333333333333
2,64.86,0.476,0.44219607843137254
2,64.87,0.499,0.4418235294117647
2,64.88,0.427,0.44123529411764706
2,64.89,0.494,0.4383529411764706
2,64.9,0.371,0.4389803921568628
2,64.91,0.468,0.43960784313725493
2,64.92,0.433,0.4411764705882353
2,64.93,0.428,0.443
2,64.94,0.449,0.44307843137254904
2,64.95,0.502,0.44472549019607843
2,64.96,0.459,0.4450980392156863
2,64.97,0.463,0.44752941176470584
2,64.98,0.46,0.44823529411764707
2,64.99,0.451,0.44878431372549016
2,65.0,0.457,0.4498235294117647
2,65.01,0.372,0.45019607843137255
2,65.02,0.414,0.4494901960784314
2,65.03,0.389,0.4513921568627451
2,65.04,0.426,0.4521764705882353
2,65.05,0.43,0.45115686274509803
2,65.06,0.438,0.45215686274509803
2,65.07,0.445,0.4539803921568628
2,65.08,0.494,0.4548627450980392
2,65.09,0.47,0.45407843137254905
2,65.1,0.478,0.4542156862745098
2,65.11,0.427,0.45441176470588235
2,65.12,0.443,0.4533529411764706
2,65.13,0.489,0.45174509803921564
2,65.14,0.408,0.45227450980392153
2,65.15,0.465,0.4510196078431372
2,65.16,0.469,0.45150980392156864
2,65.17,0.483,0.45054901960784316
2,65.18,0.461,0.45011764705882357
2,65.19,0.436,0.4501372549019608
2,65.2,0.521,0.4487254901960784
2,65.21,0.451,0.4476274509803922
2,65.22,0.501,0.4468627450980392
2,65.23,0.43,0.44584313725490193
2,65.24,0.48,0.4453333333333333
2,65.25,0.453,0.44433333333333336
2,65.26,0.435,0.4440588235294118
2,65.27,0.409,0.4453137254901961
2,65.28,0.471,0.44550980392156864
2,65.29,0.493,0.44566666666666666
2,65.3,0.424,0.4468627450980392
2,65.31,0.496,0.4476470588235294
2,65.32,0.489,0.4476862745098039
2,65.33,0.516,0.44731372549019605
2,65.34,0.417,0.44682352941176473
2,65.35,0.441,0.4465098039215687
2,65.36,0.474,0.44692156862745097
2,65.37,0.422,0.4481764705882353
2,65.38,0.417,0.4484705882352941
2,65.39,0.454,0.44729411764705884
2,65.4,0.43,0.4476470588235294
2,65.41,0.396,0.4474901960784314
2,65.42,0.419,0.4465882352941176
2,65.43,0.411,0.44643137254901955
2,65.44,0.429,0.44566666666666666
2,65.45,0.377,0.4454705882352941
2,65.46,0.446,0.444078431372549
2,65.47,0.42,0.4439803921568627
2,65.48,0.411,0.4425686274509804
2,65.49,0.434,0.4429411764705882
2,65.5,0.4,0.4419411764705883
2,65.51,0.443,0.442
2,65.52,0.436,0.4417058823529411
2,65.53,0.424,0.44241176470588234
2,65.54,0.397,0.44158823529411767
2,65.55,0.487,0.4402549019607844
2,65.56,0.47,0.4403137254901961
2,65.57,0.44,0.43882352941176467
2,65.58,0.426,0.43745098039215685
2,65.59,0.469,0.43558823529411766
2,65.6,0.454,0.4351176470588235
2,65.61,0.499,0.43458823529411766
2,65.62,0.491,0.4344117647058824
2,65.63,0.458,0.43372549019607837
2,65.64,0.429,0.43337254901960787
2,65.65,0.426,0.43243137254901964
2,65.66,0.457,0.4324901960784314
2,65.67,0.423,0.4325490196078431
2,65.68,0.475,0.4327058823529411
2,65.69,0.422,0.4333333333333333
2,65.7,0.426,0.4339411764705882
2,65.71,0.45,0.43521568627450985
2,65.72,0.446,0.43501960784313726
2,65.73,0.429,0.43533333333333335
2,65.74,0.449,0.4358235294117647
2,65.75,0.429,0.43701960784313726
2,65.76,0.456,0.43817647058823533
2,65.77,0.42,0.4382549019607843
2,65.78,0.445,0.43888235294117645
2,65.79,0.429,0.4387843137254902
2,65.8,0.425,0.440921568627451
2,65.81,0.427,0.44066666666666665
2,65.82,0.42,0.44070588235294117
2,65.83,0.419,0.4404509803921568
2,65.84,0.421,0.4403137254901961
2,65.85,0.393,0.43984313725490193
2,65.86,0.414,0.43956862745098035
2,65.87,0.465,0.43819607843137254
2,65.88,0.387,0.43617647058823533
2,65.89,0.399,0.4359607843137255
2,65.9,0.406,0.43576470588235294
2,65.91,0.433,0.43505882352941183
2,65.92,0.399,0.4346862745098039
2,65.93,0.427,0.4349607843137255
2,65.94,0.443,0.43445098039215685
2,65.95,0.46,0.4351764705882353
2,65.96,0.442,0.43598039215686274
2,65.97,0.436,0.4358823529411765
2,65.98,0.436,0.43639215686274513
2,65.99,0.436,0.4371176470588235
2,66.0,0.495,0.43790196078431376
2,66.01,0.459,0.4391764705882353
2,66.02,0.447,0.4395490196078431
2,66.03,0.468,0.4400784313725491
2,66.04,0.419,0.4402156862745098
2,66.05,0.506,0.4408039215686274
2,66.06,0.474,0.44090196078431365
2,66.07,0.472,0.44088235294117645
2,66.08,0.427,0.4415294117647059
2,66.09,0.419,0.4420980392156863
2,66.1,0.445,0.4454901960784314
2,66.11,0.44,0.44633333333333336
2,66.12,0.429,0.4475098039215686
2,66.13,0.388,0.4476078431372549
2,66.14,0.447,0.4492156862745098
2,66.15,0.419,0.4507058823529412
2,66.16,0.39,0.4517254901960784
2,66.17,0.438,0.453156862745098
2,66.18,0.437,0.4546862745098039
2,66.19,0.449,0.45525490196078433
2,66.2,0.459,0.4543725490196079
2,66.21,0.467,0.45394117647058824
2,66.22,0.445,0.45499999999999996
2,66.23,0.472,0.4561372549019607
2,66.24,0.466,0.45594117647058824
2,66.25,0.489,0.45594117647058824
2,66.26,0.494,0.45486274509803915
2,66.27,0.475,0.45535294117647057
2,66.28,0.447,0.4557843137254902
2,66.29,0.452,0.45450980392156864
2,66.3,0.459,0.45537254901960783
2,66.31,0.43,0.4541372549019607
2,66.32,0.426,0.4554509803921568
2,66.33,0.453,0.4552352941176471
2,66.34,0.448,0.45550980392156865
2,66.35,0.594,0.45733333333333337
2,66.36,0.436,0.4579607843137255
2,66.37,0.474,0.4582745098039216
2,66.38,0.47,0.4583137254901961
2,66.39,0.469,0.45956862745098037
2,66.4,0.475,0.4598627450980392
2,66.41,0.458,0.46121568627450976
2,66.42,0.506,0.4624313725490196
2,66.43,0.477,0.4620588235294118
2,66.44,0.456,0.461921568627451
2,66.45,0.398,0.46141176470588235
2,66.46,0.438,0.46125490196078434
2,66.47,0.496,0.46127450980392154
2,66.48,0.494,0.46078431372549017
2,66.49,0.426,0.4605490196078431
2,66.5,0.436,0.46056862745098043
2,66.51,0.44,0.46031372549019606
2,66.52,0.484,0.4593529411764706
2,66.53,0.469,0.4589019607843137
2,66.54,0.403,0.4590196078431373
2,66.55,0.463,0.45876470588235296
2,66.56,0.443,0.45847058823529413
2,66.57,0.541,0.4591372549019608
2,66.58,0.461,0.45998039215686276
2,66.59,0.441,0.4598039215686274
2,66.6,0.512,0.460078431372549
2,66.61,0.477,0.45790196078431367
2,66.62,0.456,0.45921568627450976
2,66.63,0.431,0.46035294117647063
2,66.64,0.452,0.4605490196078431
2,66.65,0.462,0.46123529411764713
2,66.66,0.488,0.4605882352941177
2,66.67,0.452,0.46135294117647063
2,66.68,0.419,0.46076470588235297
2,66.69,0.43,0.4609607843137255
2,66.7,0.423,0.46107843137254906
2,66.71,0.451,0.46219607843137256
2,66.72,0.468,0.46217647058823524
2,66.73,0.42,0.4603725490196079
2,66.74,0.46,0.45988235294117646
2,66.75,0.467,0.46050980392156865
2,66.76,0.476,0.4611372549019608
2,66.77,0.445,0.46266666666666667
2,66.78,0.452,0.46266666666666667
2,66.79,0.453,0.4635098039215686
2,66.8,0.439,0.46549019607843134
2,66.81,0.444,0.4655686274509804
2,66.82,0.464,0.46631372549019606
2,66.83,0.469,0.46547058823529414
2,66.84,0.444,0.4657450980392157
2,66.85,0.462,0.46568627450980393
2,66.86,0.483,0.465
2,66.87,0.503,0.4636470588235294
2,66.88,0.532,0.46382352941176475
2,66.89,0.48,0.46396078431372545
2,66.9,0.504,0.4635686274509804
2,66.91,0.442,0.46198039215686276
2,66.92,0.497,0.4610000000000001
2,66.93,0.476,0.45960784313725483
2,66.94,0.487,0.4596862745098039
2,66.95,0.462,0.4609607843137255
2,66.96,0.455,0.4620196078431373
2,66.97,0.437,0.46172549019607845
2,66.98,0.404,0.4622549019607843
2,66.99,0.469,0.46327450980392154
2,67.0,0.458,0.46243137254901967
2,67.01,0.468,0.4609019607843137
2,67.02,0.518,0.4595294117647059
2,67.03,0.484,0.45954901960784317
2,67.04,0.512,0.4590980392156863
2,67.05,0.504,0.45927450980392154
2,67.06,0.467,0.45990196078431367
2,67.07,0.481,0.46049019607843134
2,67.08,0.498,0.45982352941176474
2,67.09,0.475,0.45966666666666667
2,67.1,0.438,0.45939215686274515
2,67.11,0.477,0.4589019607843137
2,67.12,0.408,0.4581960784313726
2,67.13,0.465,0.45772549019607844
2,67.14,0.438,0.4559607843137255
2,67.15,0.432,0.4551372549019608
2,67.16,0.381,0.453921568627451
2,67.17,0.438,0.45325490196078433
2,67.18,0.381,0.45247058823529407
2,67.19,0.423,0.4513921568627451
2,67.2,0.495,0.4507450980392157
2,67.21,0.477,0.4511960784313726
2,67.22,0.436,0.4508823529411765
2,67.23,0.495,0.4517647058823529
2,67.24,0.472,0.45231372549019605
2,67.25,0.417,0.45203921568627453
2,67.26,0.389,0.4523921568627451
2,67.27,0.406,0.4521176470588235
2,67.28,0.446,0.45021568627450986
2,67.29,0.429,0.44915686274509803
2,67.3,0.462,0.44823529411764707
2,67.31,0.471,0.44750980392156864
2,67.32,0.474,0.44621568627450975
2,67.33,0.43,0.4455294117647059
2,67.34,0.461,0.44501960784313727
2,67.35,0.43,0.445235294117647
2,67.36,0.437,0.44501960784313727
2,67.37,0.447,0.44474509803921564
2,67.38,0.479,0.4457843137254902
2,67.39,0.442,0.44503921568627447
2,67.4,0.438,0.44550980392156864
2,67.41,0.442,0.4460392156862745
2,67.42,0.408,0.44729411764705884
2,67.43,0.457,0.447235294117647
2,67.44,0.421,0.44800000000000006
2,67.45,0.454,0.44788235294117645
2,67.46,0.485,0.44676470588235295
2,67.47,0.439,0.44674509803921564
2,67.48,0.482,0.4467058823529412
2,67.49,0.432,0.44617647058823534
2,67.5,0.455,0.44531372549019604
2,67.51,0.476,0.4467647058823529
2,67.52,0.454,0.44899999999999995
2,67.53,0.421,0.45076470588235296
2,67.54,0.43,0.45264705882352935
2,67.55,0.465,0.45331372549019605
2,67.56,0.467,0.4526470588235294
2,67.57,0.401,0.45172549019607844
2,67.58,0.446,0.450921568627451
2,67.59,0.472,0.4498039215686275
2,67.6,0.486,0.45015686274509803
2,67.61,0.427,0.4515098039215686
2,67.62,0.463,0.4524705882352941
2,67.63,0.461,0.4529019607843137
2,67.64,0.427,0.4531372549019608
2,67.65,0.462,0.45352941176470585
2,67.66,0.459,0.453078431372549
2,67.67,0.445,0.45276470588235296
2,67.68,0.435,0.45354901960784316
2,67.69,0.42,0.45464705882352946
2,67.7,0.417,0.45521568627450976
2,67.71,0.438,0.45594117647058824
2,67.72,0.476,0.45543137254901955
2,67.73,0.434,0.4556470588235294
2,67.74,0.468,0.4546078431372549
2,67.75,0.428,0.45456862745098037
2,67.76,0.491,0.4549019607843137
2,67.77,0.503,0.45368627450980387
2,67.78,0.496,0.45443137254901955
2,67.79,0.542,0.45568627450980387
2,67.8,0.463,0.45609803921568626
2,67.81,0.428,0.45609803921568626
2,67.82,0.424,0.45550980392156865
2,67.83,0.433,0.4557058823529412
2,67.84,0.373,0.45627450980392154
2,67.85,0.479,0.4561372549019607
2,67.86,0.499,0.455843137254902
2,67.87,0.486,0.45678431372549017
2,67.88,0.469,0.4580392156862745
2,67.89,0.491,0.45864705882352935
2,67.9,0.462,0.45909803921568626
2,67.91,0.415,0.4589607843137255
2,67.92,0.426,0.4590980392156863
2,67.93,0.448,0.4593921568627451
2,67.94,0.513,0.45939215686274515
2,67.95,0.45,0.46011764705882346
2,67.96,0.491,0.4606078431372549
2,67.97,0.459,0.46092156862745093
2,67.98,0.45,0.4608235294117647
2,67.99,0.429,0.4611176470588235
2,68.0,0.43,0.4611960784313725
2,68.01,0.472,0.46156862745098043
2,68.02,0.414,0.4603921568627451
2,68.03,0.492,0.4583725490196079
2,68.04,0.485,0.45645098039215687
2,68.05,0.451,0.45496078431372555
2,68.06,0.465,0.4547254901960784
2,68.07,0.437,0.454
2,68.08,0.411,0.4539019607843137
2,68.09,0.475,0.454921568627451
2,68.1,0.465,0.4561372549019607
2,68.11,0.471,0.4552745098039216
2,68.12,0.475,0.4539803921568628
2,68.13,0.527,0.45456862745098037
2,68.14,0.492,0.45443137254901955
2,68.15,0.45,0.45368627450980387
2,68.16,0.455,0.4536274509803922
2,68.17,0.466,0.45352941176470596
2,68.18,0.46,0.45390196078431366
2,68.19,0.435,0.4531372549019608
2,68.2,0.457,0.4512549019607843
2,68.21,0.442,0.45133333333333336
2,68.22,0.454,0.45041176470588234
2,68.23,0.471,0.4503137254901961
2,68.24,0.449,0.4504705882352941
2,68.25,0.472,0.45103921568627453
2,68.26,0.447,0.452
2,68.27,0.431,0.45245098039215687
2,68.28,0.4,0.45296078431372555
2,68.29,0.398,0.4526862745098039
2,68.3,0.466,0.450921568627451
2,68.31,0.451,0.4495882352941177
2,68.32,0.391,0.4493921568627451
2,68.33,0.419,0.45027450980392153
2,68.34,0.485,0.45033333333333336
2,68.35,0.435,0.44966666666666666
2,68.36,0.435,0.44896078431372555
2,68.37,0.433,0.44915686274509803
2,68.38,0.516,0.4481176470588235
2,68.39,0.462,0.446843137254902
2,68.4,0.453,0.44572549019607843
2,68.41,0.459,0.44576470588235295
2,68.42,0.41,0.44605882352941173
2,68.43,0.445,0.44635294117647056
2,68.44,0.409,0.4466274509803922
2,68.45,0.417,0.44725490196078427
2,68.46,0.454,0.44733333333333336
2,68.47,0.444,0.44811764705882356
2,68.48,0.454,0.44745098039215686
2,68.49,0.458,0.4472549019607844
2,68.5,0.458,0.44698039215686275
2,68.51,0.479,0.44682352941176473
2,68.52,0.495,0.4463333333333333
2,68.53,0.44,0.4476274509803922
2,68.54,0.478,0.44909803921568625
2,68.55,0.395,0.4515882352941176
2,68.56,0.383,0.45266666666666666
2,68.57,0.455,0.4539803921568628
2,68.58,0.482,0.45588235294117646
2,68.59,0.414,0.4569803921568627
2,68.6,0.441,0.4566862745098039
2,68.61,0.429,0.4566862745098039
2,68.62,0.481,0.4555098039215686
2,68.63,0.422,0.4550392156862745
2,68.64,0.462,0.4536470588235294
2,68.65,0.435,0.45315686274509803
2,68.66,0.452,0.4530980392156863
2,68.67,0.47,0.45264705882352935
2,68.68,0.481,0.4529019607843137
2,68.69,0.474,0.45294117647058824
2,68.7,0.467,0.4534313725490196
2,68.71,0.461,0.4534313725490196
2,68.72,0.482,0.45407843137254905
2,68.73,0.42,0.4537843137254902
2,68.74,0.461,0.45443137254901966
2,68.75,0.435,0.4538235294117647
2,68.76,0.464,0.45449019607843133
2,68.77,0.422,0.4534117647058824
2,68.78,0.497,0.4517647058823529
2,68.79,0.475,0.45215686274509803
2,68.8,0.525,0.4508627450980392
2,68.81,0.521,0.4508039215686274
2,68.82,0.518,0.4518235294117647
2,68.83,0.488,0.45278431372549016
2,68.84,0.475,0.4514705882352942
2,68.85,0.47,0.45245098039215687
2,68.86,0.435,0.452
2,68.87,0.375,0.4525490196078431
2,68.88,0.409,0.4525882352941177
2,68.89,0.445,0.453235294117647
2,68.9,0.437,0.45337254901960783
2,68.91,0.45,0.4547254901960785
2,68.92,0.436,0.4544705882352941
2,68.93,0.423,0.4546862745098039
2,68.94,0.447,0.45462745098039214
2,68.95,0.434,0.4542156862745098
2,68.96,0.417,0.45331372549019605
2,68.97,0.487,0.45307843137254905
2,68.98,0.429,0.4529607843137255
2,68.99,0.487,0.45337254901960783
2,69.0,0.427,0.45190196078431366
2,69.01,0.492,0.4518627450980392
2,69.02,0.424,0.45107843137254905
2,69.03,0.411,0.452
2,69.04,0.46,0.45094117647058823
2,69.05,0.412,0.4498235294117647
2,69.06,0.392,0.44915686274509803
2,69.07,0.435,0.44788235294117645
2,69.08,0.504,0.44694117647058823
2,69.09,0.415,0.4467058823529412
2,69.1,0.464,0.4475686274509804
2,69.11,0.418,0.44809803921568625
2,69.12,0.457,0.4485098039215686
2,69.13,0.483,0.4509607843137255
2,69.14,0.455,0.4514901960784314
2,69.15,0.469,0.45276470588235296
2,69.16,0.504,0.4537647058823529
2,69.17,0.439,0.4550196078431372
2,69.18,0.481,0.4557843137254902
2,69.19,0.478,0.45658823529411763
2,69.2,0.453,0.4571764705882353
2,69.21,0.421,0.4584313725490196
2,69.22,0.449,0.4614509803921568
2,69.23,0.476,0.46233333333333326
2,69.24,0.441,0.4628039215686275
2,69.25,0.386,0.46270588235294113
2,69.26,0.433,0.4635490196078431
2,69.27,0.424,0.46276470588235297
2,69.28,0.469,0.4633333333333333
2,69.29,0.443,0.46419607843137256
2,69.3,0.418,0.4646470588235294
2,69.31,0.491,0.4651176470588235
2,69.32,0.456,0.4664705882352942
2,69.33,0.47,0.46605882352941175
2,69.34,0.476,0.46498039215686277
2,69.35,0.519,0.46596078431372545
2,69.36,0.497,0.46437254901960784
2,69.37,0.456,0.46452941176470586
2,69.38,0.5,0.46521568627450977
2,69.39,0.436,0.4657254901960784
2,69.4,0.51,0.46637254901960784
2,69.41,0.488,0.4682941176470588
2,69.42,0.514,0.4687254901960784
2,69.43,0.475,0.4694117647058823
2,69.44,0.464,0.4700980392156863
2,69.45,0.477,0.4721960784313725
2,69.46,0.498,0.47356862745098044
2,69.47,0.571,0.4743921568627451
2,69.48,0.532,0.47476470588235287
2,69.49,0.453,0.47447058823529414
2,69.5,0.482,0.47452941176470587
2,69.51,0.47,0.4760196078431373
2,69.52,0.452,0.4761372549019608
2,69.53,0.453,0.4756666666666666
2,69.54,0.455,0.47480392156862744
2,69.55,0.483,0.47392156862745094
2,69.56,0.436,0.474156862745098
2,69.57,0.461,0.47274509803921566
2,69.58,0.414,0.47198039215686277
2,69.59,0.449,0.47135294117647053
2,69.6,0.465,0.47047058823529414
2,69.61,0.383,0.46886274509803927
2,69.62,0.426,0.46705882352941175
2,69.63,0.492,0.46656862745098043
2,69.64,0.509,0.4651568627450981
2,69.65,0.488,0.4659019607843138
2,69.66,0.567,0.4650196078431373
2,69.67,0.526,0.46431372549019606
2,69.68,0.474,0.46339215686274515
2,69.69,0.516,0.4627450980392157
2,69.7,0.585,0.4621176470588236
2,69.71,0.523,0.4610196078431373
2,69.72,0.463,0.45996078431372545
2,69.73,0.468,0.4568823529411765
2,69.74,0.461,0.4547843137254903
2,69.75,0.444,0.453921568627451
2,69.76,0.462,0.45235294117647057
2,69.77,0.439,0.4530980392156863
2,69.78,0.4,0.45337254901960783
2,69.79,0.425,0.45331372549019605
2,69.8,0.398,0.4527254901960785
2,69.81,0.43,0.4525882352941177
2,69.82,0.419,0.4528627450980392
2,69.83,0.417,0.45266666666666666
2,69.84,0.438,0.4526862745098039
2,69.85,0.431,0.452078431372549
2,69.86,0.437,0.45249019607843133
2,69.87,0.405,0.45303921568627453
2,69.88,0.431,0.4536274509803922
2,69.89,0.428,0.453078431372549
2,69.9,0.474,0.4512745098039216
2,69.91,0.465,0.45
2,69.92,0.452,0.4476862745098039
2,69.93,0.467,0.4459411764705883
2,69.94,0.442,0.4456078431372549
2,69.95,0.432,0.4446862745098039
2,69.96,0.421,0.4424509803921569
2,69.97,0.444,0.4408823529411765
2,69.98,0.414,0.4402745098039216
2,69.99,0.425,0.4400392156862745
2,70.0,0.409,0.4405098039215686
2,70.01,0.402,0.44039215686274513
2,70.02,0.508,0.44074509803921574
2,70.03,0.466,0.44162745098039213
2,70.04,0.45,0.4430980392156863
2,70.05,0.425,0.44343137254901965
2,70.06,0.476,0.44380392156862747
2,70.07,0.45,0.444078431372549
2,70.08,0.451,0.44345098039215686
2,70.09,0.415,0.4443725490196078
2,70.1,0.418,0.4438823529411765
2,70.11,0.486,0.4441176470588235
2,70.12,0.411,0.4448627450980392
2,70.13,0.456,0.4462745098039216
2,70.14,0.464,0.44696078431372543
2,70.15,0.417,0.44752941176470584
2,70.16,0.423,0.4463137254901961
2,70.17,0.449,0.44605882352941173
2,70.18,0.437,0.44668627450980397
2,70.19,0.457,0.4464509803921568
2,70.2,0.469,0.4474313725490196
2,70.21,0.471,0.44815686274509803
2,70.22,0.443,0.4495294117647059
2,70.23,0.432,0.44898039215686275
2,70.24,0.456,0.4496862745098039
2,70.25,0.485,0.4503921568627451
2,70.26,0.438,0.451686274509804
2,70.27,0.48,0.45266666666666666
2,70.28,0.484,0.4513725490196078
2,70.29,0.475,0.4516274509803921
2,70.3,0.442,0.4526862745098039
2,70.31,0.417,0.4546078431372549
2,70.32,0.444,0.45443137254901955
2,70.33,0.387,0.4545294117647059
2,70.34,0.464,0.4541176470588235
2,70.35,0.413,0.45394117647058824
2,70.36,0.443,0.4545098039215687
2,70.37,0.475,0.4538039215686275
2,70.38,0.477,0.4557058823529412
2,70.39,0.466,0.4561960784313726
2,70.4,0.457,0.4565882352941177
2,70.41,0.412,0.4573137254901961
2,70.42,0.452,0.4585686274509804
2,70.43,0.484,0.4587450980392157
2,70.44,0.455,0.45941176470588235
2,70.45,0.492,0.4598039215686275
2,70.46,0.469,0.4592745098039216
2,70.47,0.491,0.45919607843137256
2,70.48,0.416,0.45960784313725483
2,70.49,0.45,0.4601176470588236
2,70.5,0.461,0.46082352941176474
2,70.51,0.475,0.46035294117647063
2,70.52,0.452,0.46127450980392154
2,70.53,0.442,0.4609607843137255
2,70.54,0.479,0.46162745098039215
2,70.55,0.504,0.4612549019607843
2,70.56,0.523,0.4622745098039216
2,70.57,0.467,0.4635686274509804
2,70.58,0.455,0.4642745098039216
2,70.59,0.43,0.465921568627451
2,70.6,0.406,0.46637254901960784
2,70.61,0.447,0.46817647058823525
2,70.62,0.45,0.46803921568627455
2,70.63,0.508,0.4675294117647059
2,70.64,0.481,0.4665098039215686
2,70.65,0.484,0.4650000000000001
2,70.66,0.454,0.46484313725490195
2,70.67,0.487,0.4650196078431373
2,70.68,0.458,0.4655686274509804
2,70.69,0.471,0.4646274509803921
2,70.7,0.477,0.4646274509803922
2,70.71,0.442,0.4642745098039216
2,70.72,0.467,0.4642352941176471
2,70.73,0.464,0.46317647058823536
2,70.74,0.458,0.4632352941176471
2,70.75,0.492,0.4651764705882353
2,70.76,0.461,0.4664313725490196
2,70.77,0.485,0.46599999999999997
2,70.78,0.464,0.46698039215686277
2,70.79,0.518,0.46692156862745093
2,70.8,0.456,0.4667058823529412
2,70.81,0.494,0.4657254901960784
2,70.82,0.483,0.46478431372549023
2,70.83,0.48,0.46507843137254906
2,70.84,0.471,0.463921568627451
2,70.85,0.487,0.4652352941176471
2,70.86,0.505,0.4664313725490196
2,70.87,0.436,0.4679607843137255
2,70.88,0.449,0.46805882352941175
2,70.89,0.425,0.4662156862745098
2,70.9,0.389,0.4661372549019608
2,70.91,0.449,0.46652941176470586
2,70.92,0.421,0.46690196078431373
2,70.93,0.48,0.46692156862745104
2,70.94,0.436,0.46680392156862743
2,70.95,0.455,0.46705882352941175
2,70.96,0.474,0.4656078431372549
2,70.97,0.467,0.4661372549019608
2,70.98,0.437,0.4662156862745098
2,70.99,0.419,0.46615686274509804
2,71.0,0.549,0.46658823529411764
2,71.01,0.525,0.4664705882352941
2,71.02,0.453,0.4672549019607843
2,71.03,0.502,0.46725490196078434
2,71.04,0.439,0.4676666666666667
2,71.05,0.468,0.46692156862745104
2,71.06,0.454,0.46694117647058825
2,71.07,0.475,0.4670392156862745
2,71.08,0.482,0.46703921568627454
2,71.09,0.396,0.4661176470588236
2,71.1,0.497,0.4666666666666667
2,71.11,0.467,0.46564705882352936
2,71.12,0.525,0.4649607843137255
2,71.13,0.455,0.4656470588235294
2,71.14,0.414,0.4664901960784313
2,71.15,0.477,0.4676470588235294
2,71.16,0.504,0.4690392156862745
2,71.17,0.473,0.46950980392156866
2,71.18,0.488,0.47184313725490196
2,71.19,0.452,0.47333333333333333
2,71.2,0.484,0.47570588235294115
2,71.21,0.403,0.4807254901960784
2,71.22,0.469,0.481
2,71.23,0.471,0.4811372549019608
2,71.24,0.461,0.4817058823529412
2,71.25,0.48,0.4832745098039216
2,71.26,0.486,0.4814901960784313
2,71.27,0.501,0.4805294117647059
2,71.28,0.485,0.4805294117647059
2,71.29,0.485,0.47956862745098044
2,71.3,0.48,0.4789019607843138
2,71.31,0.457,0.47847058823529415
2,71.32,0.499,0.47825490196078435
2,71.33,0.483,0.47733333333333333
2,71.34,0.433,0.476078431372549
2,71.35,0.499,0.4775098039215686
2,71.36,0.435,0.4760196078431373
2,71.37,0.47,0.478
2,71.38,0.471,0.47737254901960785
2,71.39,0.492,0.47921568627450983
2,71.4,0.484,0.4794117647058823
2,71.41,0.46,0.47845098039215683
2,71.42,0.473,0.478
2,71.43,0.54,0.4779803921568627
2,71.44,0.556,0.478156862745098
2,71.45,0.557,0.47831372549019613
2,71.46,0.711,0.47868627450980394
2,71.47,0.488,0.4824509803921569
2,71.48,0.474,0.48417647058823526
2,71.49,0.466,0.4854313725490196
2,71.5,0.499,0.4894117647058824
2,71.51,0.458,0.4919607843137255
2,71.52,0.476,0.49407843137254903
2,71.53,0.453,0.4963333333333334
2,71.54,0.453,0.4959803921568627
2,71.55,0.405,0.4948627450980392
2,71.56,0.446,0.49492156862745096
2,71.57,0.443,0.4956274509803922
2,71.58,0.428,0.496156862745098
2,71.59,0.418,0.49549019607843137
2,71.6,0.469,0.4960588235294118
2,71.61,0.421,0.49529411764705883
2,71.62,0.568,0.4951372549019608
2,71.63,0.493,0.4950980392156863
2,71.64,0.549,0.49623529411764705
2,71.65,0.424,0.4973529411764706
2,71.66,0.428,0.498
2,71.67,0.481,0.4992941176470588
2,71.68,0.472,0.49923529411764705
2,71.69,0.497,0.4973137254901961
2,71.7,0.46,0.49554901960784314
2,71.71,0.503,0.4936274509803922
2,71.72,0.595,0.4887450980392157
2,71.73,0.557,0.4871764705882353
2,71.74,0.535,0.48758823529411766
2,71.75,0.664,0.4877843137254902
2,71.76,0.61,0.4875098039215686
2,71.77,0.594,0.48786274509803923
2,71.78,0.616,0.4877450980392157
2,71.79,0.467,0.4877647058823529
2,71.8,0.428,0.4885098039215687
2,71.81,0.483,0.4895686274509804
2,71.82,0.493,0.49037254901960786
2,71.83,0.526,0.490156862745098
2,71.84,0.449,0.4898039215686274
2,71.85,0.462,0.4906666666666667
2,71.86,0.46,0.4900784313725491
2,71.87,0.427,0.49154901960784314
2,71.88,0.468,0.48927450980392156
2,71.89,0.529,0.4894117647058823
2,71.9,0.549,0.48709803921568623
2,71.91,0.517,0.48749019607843136
2,71.92,0.526,0.487156862745098
2,71.93,0.47,0.4864509803921569
2,71.94,0.442,0.485921568627451
2,71.95,0.466,0.48488235294117643
2,71.96,0.459,0.48317647058823526
2,71.97,0.462,0.4817254901960784
2,71.98,0.408,0.4782156862745098
2,71.99,0.495,0.4752745098039216
2,72.0,0.476,0.4726666666666667
2,72.01,0.485,0.4677254901960784
2,72.02,0.476,0.4641372549019608
2,72.03,0.47,0.46107843137254906
2,72.04,0.454,0.45809803921568626
2,72.05,0.491,0.4586862745098039
2,72.06,0.459,0.4594509803921568
2,72.07,0.487,0.45864705882352935
2,72.08,0.432,0.4583137254901961
2,72.09,0.41,0.457235294117647
2,72.1,0.462,0.45758823529411763
2,72.11,0.439,0.45739215686274504
2,72.12,0.496,0.45747058823529413
2,72.13,0.452,0.46017647058823524
2,72.14,0.5,0.46198039215686276
2,72.15,0.431,0.4624509803921569
2,72.16,0.444,0.4622549019607843
2,72.17,0.411,0.4636470588235294
2,72.18,0.445,0.46307843137254906
2,72.19,0.445,0.4632352941176471
2,72.2,0.444,0.46486274509803927
2,72.21,0.373,0.4657254901960784
2,72.22,0.429,0.46841176470588236
2,72.23,0.416,0.46911764705882353
2,72.24,0.407,0.47137254901960784
2,72.25,0.402,0.47058823529411764
2,72.26,0.412,0.4706470588235294
2,72.27,0.427,0.47037254901960784
2,72.28,0.438,0.47215686274509805
2,72.29,0.464,0.4728823529411764
2,72.3,0.497,0.4738627450980393
2,72.31,0.467,0.47503921568627444
2,72.32,0.442,0.47647058823529403
2,72.33,0.476,0.47701960784313724
2,72.34,0.471,0.4778039215686275
2,72.35,0.467,0.47968627450980394
2,72.36,0.452,0.47870588235294115
2,72.37,0.464,0.4791372549019608
2,72.38,0.565,0.4783725490196078
2,72.39,0.56,0.47954901960784313
2,72.4,0.553,0.47784313725490196
2,72.41,0.539,0.4790588235294118
2,72.42,0.588,0.47900000000000004
2,72.43,0.497,0.47903921568627456
2,72.44,0.478,0.48080392156862745
2,72.45,0.525,0.48249019607843135
2,72.46,0.51,0.4845882352941176
2,72.47,0.596,0.4878431372549019
2,72.48,0.498,0.4897254901960784
2,72.49,0.523,0.4913529411764706
2,72.5,0.455,0.4946862745098039
2,72.51,0.479,0.49792156862745096
2,72.52,0.471,0.49974509803921574
2,72.53,0.567,0.5015882352941177
2,72.54,0.507,0.5036274509803921
2,72.55,0.504,0.5034117647058823
2,72.56,0.551,0.5033333333333333
2,72.57,0.532,0.5046666666666667
2,72.58,0.515,0.5057450980392156
2,72.59,0.472,0.5074901960784314
2,72.6,0.506,0.5065686274509804
2,72.61,0.412,0.5068627450980392
2,72.62,0.461,0.507921568627451
2,72.63,0.457,0.5087843137254902
2,72.64,0.512,0.5076078431372549
2,72.65,0.413,0.5064313725490196
2,72.66,0.493,0.5065490196078432
2,72.67,0.441,0.5070392156862745
2,72.68,0.413,0.5051372549019608
2,72.69,0.535,0.5040392156862745
2,72.7,0.531,0.5061372549019608
2,72.71,0.551,0.5045490196078432
2,72.72,0.539,0.5045098039215686
2,72.73,0.525,0.5020196078431373
2,72.74,0.499,0.5019019607843137
2,72.75,0.577,0.5018235294117647
2,72.76,0.567,0.5034901960784314
2,72.77,0.505,0.5035882352941177
2,72.78,0.521,0.5036666666666666
2,72.79,0.542,0.5019803921568627
2,72.8,0.453,0.5012549019607843
2,72.81,0.493,0.5010392156862745
2,72.82,0.535,0.49947058823529417
2,72.83,0.497,0.4990196078431373
2,72.84,0.565,0.4976078431372549
2,72.85,0.424,0.49790196078431376
2,72.86,0.482,0.498
2,72.87,0.506,0.4997254901960784
2,72.88,0.508,0.5008235294117647
2,72.89,0.505,0.5010196078431373
2,72.9,0.5,0.5015294117647059
2,72.91,0.559,0.5011176470588236
2,72.92,0.564,0.5000784313725489
2,72.93,0.491,0.5005686274509804
2,72.94,0.441,0.5016862745098039
2,72.95,0.585,0.5000588235294118
2,72.96,0.444,0.49939215686274513
2,72.97,0.508,0.49788235294117644
2,72.98,0.469,0.49717647058823533
2,72.99,0.492,0.4968823529411765
2,73.0,0.519,0.49609803921568624
2,73.01,0.54,0.4936274509803922
2,73.02,0.484,0.49194117647058827
2,73.03,0.475,0.48982352941176466
2,73.04,0.481,0.4877450980392157
2,73.05,0.47,0.48656862745098034
2,73.06,0.493,0.48794117647058827
2,73.07,0.471,0.4876274509803922
2,73.08,0.509,0.48576470588235293
2,73.09,0.443,0.485686274509804
2,73.1,0.487,0.4822941176470589
2,73.11,0.511,0.4825882352941177
2,73.12,0.5,0.4814117647058824
2,73.13,0.517,0.48066666666666674
2,73.14,0.467,0.48007843137254896
2,73.15,0.538,0.4816274509803921
2,73.16,0.392,0.48211764705882354
2,73.17,0.44,0.48145098039215684
2,73.18,0.466,0.4804705882352941
2,73.19,0.47,0.48092156862745095
2,73.2,0.452,0.48196078431372547
2,73.21,0.497,0.48007843137254896
2,73.22,0.474,0.4807647058823529
2,73.23,0.503,0.47990196078431374
2,73.24,0.51,0.47980392156862745
2,73.25,0.459,0.47901960784313724
2,73.26,0.451,0.47854901960784313
2,73.27,0.481,0.47756862745098044
2,73.28,0.397,0.47827450980392155
2,73.29,0.415,0.4777450980392157
2,73.3,0.482,0.4783725490196078
2,73.31,0.523,0.4784901960784314
2,73.32,0.477,0.47794117647058826
2,73.33,0.44,0.47811764705882354
2,73.34,0.493,0.4775098039215686
2,73.35,0.392,0.4780392156862745
2,73.36,0.439,0.47792156862745094
2,73.37,0.422,0.4776274509803921
2,73.38,0.468,0.47780392156862744
2,73.39,0.478,0.47790196078431374
2,73.4,0.584,0.478921568627451
2,73.41,0.525,0.4780196078431373
2,73.42,0.525,0.4796274509803922
2,73.43,0.514,0.48164705882352943
2,73.44,0.514,0.48284313725490197
2,73.45,0.494,0.48433333333333334
2,73.46,0.489,0.48599999999999993
2,73.47,0.479,0.4863333333333333
2,73.48,0.464,0.48711764705882354
2,73.49,0.464,0.4856470588235294
2,73.5,0.452,0.48394117647058826
2,73.51,0.495,0.4835490196078432
2,73.52,0.49,0.4836078431372549
2,73.53,0.52,0.4828039215686274
2,73.54,0.448,0.48427450980392156
2,73.55,0.513,0.48564705882352943
2,73.56,0.476,0.48539215686274517
2,73.57,0.465,0.48382352941176465
2,73.58,0.48,0.4837058823529412
2,73.59,0.478,0.4844313725490196
2,73.6,0.47,0.4844509803921568
2,73.61,0.481,0.48566666666666664
2,73.62,0.496,0.4864313725490196
2,73.63,0.509,0.48674509803921573
2,73.64,0.522,0.4864117647058824
2,73.65,0.519,0.4865882352941176
2,73.66,0.492,0.48515686274509806
2,73.67,0.474,0.4849607843137254
2,73.68,0.543,0.4870392156862745
2,73.69,0.527,0.4886078431372549
2,73.7,0.546,0.48905882352941177
2,73.71,0.537,0.4897058823529412
2,73.72,0.514,0.4908235294117647
2,73.73,0.514,0.4906470588235295
2,73.74,0.428,0.4924117647058823
2,73.75,0.423,0.4923137254901961
2,73.76,0.439,0.49327450980392157
2,73.77,0.454,0.4939607843137255
2,73.78,0.44,0.495843137254902
2,73.79,0.472,0.49586274509803924
2,73.8,0.485,0.49639215686274507
2,73.81,0.469,0.49568627450980396
2,73.82,0.443,0.4964901960784313
2,73.83,0.471,0.4966862745098039
2,73.84,0.477,0.4980588235294118
2,73.85,0.494,0.4986078431372549
2,73.86,0.454,0.4992941176470589
2,73.87,0.478,0.4996470588235294
2,73.88,0.438,0.4996274509803922
2,73.89,0.451,0.4995686274509804
2,73.9,0.487,0.49899999999999994
2,73.91,0.511,0.4989607843137255
2,73.92,0.515,0.4988823529411765
2,73.93,0.631,0.49933333333333335
2,73.94,0.594,0.49811764705882355
2,73.95,0.537,0.49858823529411767
2,73.96,0.527,0.49715686274509807
2,73.97,0.546,0.49711764705882355
2,73.98,0.47,0.49792156862745096
2,73.99,0.554,0.49845098039215685
2,74.0,0.459,0.499921568627451
2,74.01,0.501,0.5021372549019607
2,74.02,0.53,0.503235294117647
2,74.03,0.586,0.5033725490196078
2,74.04,0.521,0.5047058823529412
2,74.05,0.475,0.5042941176470589
2,74.06,0.477,0.5044509803921569
2,74.07,0.517,0.5051960784313726
2,74.08,0.475,0.5064509803921569
2,74.09,0.55,0.5049411764705883
2,74.1,0.506,0.5032156862745099
2,74.11,0.505,0.5023529411764706
2,74.12,0.499,0.5022156862745097
2,74.13,0.495,0.5018235294117647
2,74.14,0.506,0.5022745098039215
2,74.15,0.493,0.5025098039215686
2,74.16,0.517,0.5019607843137255
2,74.17,0.488,0.5003529411764706
2,74.18,0.497,0.4994901960784314
2,74.19,0.481,0.49715686274509807
2,74.2,0.551,0.4956274509803922
2,74.21,0.473,0.49454901960784314
2,74.22,0.535,0.4925098039215687
2,74.23,0.555,0.489764705882353
2,74.24,0.541,0.49080392156862745
2,74.25,0.503,0.48833333333333334
2,74.26,0.536,0.4889411764705882
2,74.27,0.495,0.4896274509803922
2,74.28,0.461,0.4894117647058824
2,74.29,0.508,0.48794117647058827
2,74.3,0.451,0.48823529411764705
2,74.31,0.493,0.4896862745098039
2,74.32,0.507,0.49103921568627457
2,74.33,0.507,0.4917058823529412
2,74.34,0.394,0.49547058823529416
2,74.35,0.389,0.49568627450980396
2,74.36,0.45,0.49680392156862746
2,74.37,0.447,0.49878431372549015
2,74.38,0.458,0.5004117647058823
2,74.39,0.461,0.5022941176470589
2,74.4,0.463,0.503921568627451
2,74.41,0.459,0.504686274509804
2,74.42,0.429,0.5053333333333334
2,74.43,0.471,0.5073725490196078
2,74.44,0.512,0.5085882352941177
2,74.45,0.516,0.5109803921568628
2,74.46,0.482,0.5111176470588236
2,74.47,0.423,0.5126470588235295
2,74.48,0.406,0.5137058823529412
2,74.49,0.523,0.5145882352941177
2,74.5,0.428,0.5150392156862745
2,74.51,0.49,0.5166666666666667
2,74.52,0.536,0.5175686274509804
2,74.53,0.519,0.5193333333333333
2,74.54,0.511,0.521607843137255
2,74.55,0.536,0.5226666666666666
2,74.56,0.549,0.5246470588235294
2,74.57,0.546,0.5265686274509804
2,74.58,0.551,0.527156862745098
2,74.59,0.667,0.5285294117647059
2,74.6,0.561,0.5320196078431373
2,74.61,0.563,0.535235294117647
2,74.62,0.606,0.5376666666666666
2,74.63,0.582,0.5412745098039216
2,74.64,0.591,0.5444705882352942
2,74.65,0.589,0.5493725490196079
2,74.66,0.532,0.5531960784313725
2,74.67,0.55,0.557843137254902
2,74.68,0.592,0.5619019607843138
2,74.69,0.559,0.5660588235294117
2,74.7,0.603,0.5687254901960784
2,74.71,0.558,0.5710392156862746
2,74.72,0.551,0.5740196078431373
2,74.73,0.589,0.5781372549019608
2,74.74,0.6,0.583843137254902
2,74.75,0.564,0.586156862745098
2,74.76,0.586,0.5900392156862745
2,74.77,0.582,0.5919411764705882
2,74.78,0.585,0.5942156862745098
2,74.79,0.577,0.5958235294117648
2,74.8,0.562,0.5977843137254901
2,74.81,0.552,0.5988823529411764
2,74.82,0.591,0.6008627450980393
2,74.83,0.537,0.602078431372549
2,74.84,0.577,0.6038235294117646
2,74.85,0.572,0.6027843137254901
2,74.86,0.553,0.6026078431372548
2,74.87,0.574,0.602156862745098
2,74.88,0.631,0.5999411764705883
2,74.89,0.621,0.5987058823529412
2,74.9,0.711,0.5977843137254901
2,74.91,0.658,0.5981960784313726
2,74.92,0.696,0.5976470588235294
2,74.93,0.636,0.5984313725490196
2,74.94,0.683,0.5984117647058824
2,74.95,0.648,0.5995098039215686
2,74.96,0.634,0.5995294117647059
2,74.97,0.634,0.6001960784313726
2,74.98,0.633,0.6010588235294118
2,74.99,0.697,0.6005294117647059
2,75.0,0.641,0.6001372549019608
2,75.01,0.626,0.5998823529411765
2,75.02,0.587,0.6006470588235294
2,75.03,0.652,0.6010196078431372
2,75.04,0.601,0.6001960784313726
2,75.05,0.611,0.5998823529411764
2,75.06,0.592,0.600529411764706
2,75.07,0.65,0.6019215686274509
2,75.08,0.608,0.6024705882352941
2,75.09,0.64,0.6037450980392157
2,75.1,0.614,0.6040980392156863
2,75.11,0.552,0.6042941176470588
2,75.12,0.54,0.6046470588235294
2,75.13,0.493,0.6054705882352941
2,75.14,0.519,0.6049803921568628
2,75.15,0.544,0.6031372549019608
2,75.16,0.61,0.6004901960784313
2,75.17,0.504,0.5998235294117646
2,75.18,0.59,0.5983137254901961
2,75.19,0.591,0.5975686274509804
2,75.2,0.615,0.596156862745098
2,75.21,0.604,0.595764705882353
2,75.22,0.592,0.5948627450980392
2,75.23,0.595,0.5935490196078431
2,75.24,0.562,0.5923725490196078
2,75.25,0.58,0.5905294117647059
2,75.26,0.551,0.5895882352941176
2,75.27,0.625,0.5881372549019608
2,75.28,0.601,0.5879607843137254
2,75.29,0.543,0.5866470588235294
2,75.3,0.561,0.586156862745098
2,75.31,0.595,0.5858627450980393
2,75.32,0.623,0.585921568627451
2,75.33,0.619,0.5844509803921568
2,75.34,0.602,0.584313725490196
2,75.35,0.595,0.5827058823529412
2,75.36,0.582,0.5829215686274509
2,75.37,0.571,0.5843921568627451
2,75.38,0.616,0.584392156862745
2,75.39,0.606,0.5861372549019608
2,75.4,0.527,0.5866078431372549
2,75.41,0.576,0.588
2,75.42,0.624,0.5886666666666667
2,75.43,0.619,0.5915294117647059
2,75.44,0.598,0.5913529411764705
2,75.45,0.611,0.5912745098039215
2,75.46,0.628,0.5910588235294117
2,75.47,0.588,0.5905686274509803
2,75.48,0.567,0.5903333333333333
2,75.49,0.573,0.591156862745098
2,75.5,0.603,0.5922941176470589
2,75.51,0.593,0.5932941176470589
2,75.52,0.552,0.5939019607843137
2,75.53,0.578,0.5944901960784313
2,75.54,0.585,0.5946078431372549
2,75.55,0.576,0.595764705882353
2,75.56,0.596,0.5966470588235294
2,75.57,0.595,0.5978039215686275
2,75.58,0.575,0.5984901960784313
2,75.59,0.601,0.5972745098039216
2,75.6,0.558,0.5970392156862745
2,75.61,0.625,0.597156862745098
2,75.62,0.627,0.5990392156862745
2,75.63,0.54,0.5989607843137255
2,75.64,0.582,0.5985098039215686
2,75.65,0.543,0.5979019607843137
2,75.66,0.615,0.5993333333333333
2,75.67,0.644,0.6007450980392156
2,75.68,0.65,0.5991176470588235
2,75.69,0.581,0.5992745098039215
2,75.7,0.587,0.5999019607843137
2,75.71,0.604,0.5995490196078431
2,75.72,0.579,0.5985686274509804
2,75.73,0.58,0.599156862745098
2,75.74,0.637,0.5999019607843137
2,75.75,0.62,0.6003137254901961
2,75.76,0.631,0.5992156862745098
2,75.77,0.582,0.6002745098039215
2,75.78,0.655,0.6008235294117646
2,75.79,0.607,0.6021372549019608
2,75.8,0.602,0.6042549019607844
2,75.81,0.606,0.6047450980392156
2,75.82,0.654,0.6047843137254901
2,75.83,0.658,0.6046078431372549
2,75.84,0.557,0.6044705882352941
2,75.85,0.59,0.6043529411764705
2,75.86,0.601,0.6053725490196079
2,75.87,0.678,0.6074901960784314
2,75.88,0.567,0.6079803921568627
2,75.89,0.593,0.6094705882352941
2,75.9,0.575,0.6116666666666666
2,75.91,0.6,0.6150392156862745
2,75.92,0.648,0.6171176470588235
2,75.93,0.541,0.6181372549019608
2,75.94,0.627,0.6190392156862745
2,75.95,0.63,0.6224509803921568
2,75.96,0.593,0.6261176470588236
2,75.97,0.578,0.6262941176470588
2,75.98,0.618,0.6280196078431374
2,75.99,0.605,0.6302745098039215
2,76.0,0.594,0.6319411764705882
2,76.01,0.547,0.6349411764705882
2,76.02,0.647,0.6373529411764707
2,76.03,0.58,0.6408039215686274
2,76.04,0.645,0.6426666666666666
2,76.05,0.693,0.6458235294117647
2,76.06,0.601,0.6486862745098039
2,76.07,0.598,0.6514901960784314
2,76.08,0.586,0.6519411764705881
2,76.09,0.568,0.6529019607843136
2,76.1,0.595,0.6555882352941177
2,76.11,0.61,0.6565882352941176
2,76.12,0.733,0.6583333333333332
2,76.13,0.652,0.6586274509803922
2,76.14,0.616,0.6612156862745099
2,76.15,0.694,0.6621372549019607
2,76.16,0.715,0.6643137254901962
2,76.17,0.721,0.6673529411764707
2,76.18,0.696,0.6681960784313725
2,76.19,0.696,0.6704313725490196
2,76.2,0.755,0.6718039215686274
2,76.21,0.774,0.6747843137254902
2,76.22,0.613,0.675156862745098
2,76.23,0.667,0.6780196078431371
2,76.24,0.695,0.6795882352941176
2,76.25,0.722,0.6808823529411764
2,76.26,0.773,0.683392156862745
2,76.27,0.754,0.6876470588235294
2,76.28,0.758,0.6894117647058824
2,76.29,0.75,0.6921568627450981
2,76.3,0.768,0.6937058823529412
2,76.31,0.748,0.6937254901960784
2,76.32,0.749,0.6964509803921569
2,76.33,0.677,0.7005098039215686
2,76.34,0.707,0.7038235294117646
2,76.35,0.694,0.7081764705882353
2,76.36,0.641,0.7116862745098039
2,76.37,0.69,0.7143333333333334
2,76.38,0.693,0.7138039215686274
2,76.39,0.699,0.7127254901960783
2,76.4,0.64,0.7121176470588235
2,76.41,0.686,0.712
2,76.42,0.755,0.7115686274509804
2,76.43,0.691,0.7105686274509805
2,76.44,0.655,0.7114705882352941
2,76.45,0.697,0.7112941176470587
2,76.46,0.782,0.7104509803921569
2,76.47,0.612,0.7096470588235294
2,76.48,0.724,0.7121372549019608
2,76.49,0.698,0.7142156862745097
2,76.5,0.671,0.7157058823529411
2,76.51,0.722,0.7172745098039215
2,76.52,0.764,0.7185686274509805
2,76.53,0.737,0.7194509803921568
2,76.54,0.72,0.7203529411764705
2,76.55,0.724,0.7199607843137256
2,76.56,0.694,0.7197647058823529
2,76.57,0.74,0.7200196078431372
2,76.58,0.805,0.7200784313725491
2,76.59,0.755,0.7209607843137256
2,76.6,0.79,0.7203725490196079
2,76.61,0.774,0.7186862745098039
2,76.62,0.745,0.7189215686274509
2,76.63,0.706,0.7178235294117647
2,76.64,0.597,0.7142156862745097
2,76.65,0.585,0.7106470588235294
2,76.66,0.688,0.7109215686274509
2,76.67,0.693,0.7083137254901961
2,76.68,0.67,0.7056078431372549
2,76.69,0.742,0.7037254901960784
2,76.7,0.687,0.7002941176470588
2,76.71,0.712,0.6966666666666667
2,76.72,0.733,0.6916470588235294
2,76.73,0.74,0.6904313725490195
2,76.74,0.773,0.687156862745098
2,76.75,0.771,0.6846078431372549
2,76.76,0.802,0.6841960784313726
2,76.77,0.839,0.6806470588235294
2,76.78,0.799,0.6764901960784313
2,76.79,0.804,0.6749999999999999
2,76.8,0.73,0.6719607843137254
2,76.81,0.758,0.6697254901960784
2,76.82,0.761,0.668156862745098
2,76.83,0.752,0.6650392156862744
2,76.84,0.722,0.6609803921568627
2,76.85,0.677,0.6583529411764706
2,76.86,0.608,0.6547450980392158
2,76.87,0.653,0.6521960784313725
2,76.88,0.634,0.6505882352941177
2,76.89,0.509,0.6507058823529411
2,76.9,0.517,0.651843137254902
2,76.91,0.654,0.6520588235294118
2,76.92,0.553,0.6519607843137256
2,76.93,0.617,0.6509411764705882
2,76.94,0.595,0.6505882352941177
2,76.95,0.48,0.6491960784313726
2,76.96,0.512,0.6464509803921569
2,76.97,0.526,0.644156862745098
2,76.98,0.55,0.6405686274509804
2,76.99,0.557,0.6383333333333333
2,77.0,0.568,0.6349607843137255
2,77.01,0.65,0.6310392156862745
2,77.02,0.541,0.6268039215686274
2,77.03,0.552,0.6225490196078431
2,77.04,0.661,0.6168823529411765
2,77.05,0.565,0.6120392156862745
2,77.06,0.61,0.6073333333333334
2,77.07,0.614,0.6033137254901961
2,77.08,0.581,0.5982745098039216
2,77.09,0.598,0.5934705882352941
2,77.1,0.621,0.5890980392156863
2,77.11,0.606,0.5849411764705883
2,77.12,0.644,0.5813333333333334
2,77.13,0.663,0.576
2,77.14,0.712,0.571529411764706
2,77.15,0.655,0.5697058823529412
2,77.16,0.596,0.5673725490196079
2,77.17,0.683,0.5623137254901961
2,77.18,0.641,0.5591764705882353
2,77.19,0.652,0.5549803921568628
2,77.2,0.671,0.5511176470588236
2,77.21,0.547,0.5491960784313725
2,77.22,0.595,0.5463921568627451
2,77.23,0.55,0.5435294117647059
2,77.24,0.626,0.5397058823529411
2,77.25,0.601,0.5368627450980392
2,77.26,0.571,0.533235294117647
2,77.27,0.586,0.528764705882353
2,77.28,0.622,0.5254313725490196
2,77.29,0.51,0.5227843137254903
2,77.3,0.557,0.5178627450980392
2,77.31,0.49,0.5139411764705882
2,77.32,0.553,0.5099607843137255
2,77.33,0.504,0.5056862745098039
2,77.34,0.507,0.5028627450980392
2,77.35,0.499,0.49970588235294117
2,77.36,0.465,0.4959411764705883
2,77.37,0.424,0.49219607843137253
2,77.38,0.381,0.48709803921568634
2,77.39,0.406,0.4824313725490197
2,77.4,0.416,0.47772549019607846
2,77.41,0.398,0.47370588235294114
2,77.42,0.396,0.47023529411764703
2,77.43,0.393,0.4656666666666666
2,77.44,0.403,0.46198039215686276
2,77.45,0.398,0.45739215686274515
2,77.46,0.382,0.4527254901960784
2,77.47,0.369,0.45131372549019605
2,77.48,0.38,0.4476274509803921
2,77.49,0.355,0.4446666666666667
2,77.5,0.412,0.4422941176470589
2,77.51,0.383,0.43970588235294117
2,77.52,0.422,0.436921568627451
2,77.53,0.371,0.43409803921568635
2,77.54,0.417,0.4295686274509804
2,77.55,0.41,0.42817647058823527
2,77.56,0.365,0.42582352941176477
2,77.57,0.407,0.42439215686274506
2,77.58,0.396,0.42133333333333334
2,77.59,0.437,0.42058823529411765
2,77.6,0.437,0.41727450980392156
2,77.61,0.429,0.4148235294117647
2,77.62,0.415,0.4140196078431373
2,77.63,0.384,0.41484313725490196
2,77.64,0.425,0.41543137254901963
2,77.65,0.472,0.4154705882352941
2,77.66,0.45,0.4145490196078432
2,77.67,0.419,0.41401960784313724
2,77.68,0.45,0.4137450980392157
2,77.69,0.453,0.4134313725490196
2,77.7,0.418,0.4119999999999999
2,77.71,0.433,0.4119019607843137
2,77.72,0.475,0.4116078431372549
2,77.73,0.407,0.41178431372549024
2,77.74,0.399,0.41152941176470587
2,77.75,0.505,0.4125294117647059
2,77.76,0.469,0.4113529411764706
2,77.77,0.429,0.41211764705882353
2,77.78,0.442,0.4125882352941176
2,77.79,0.391,0.41374509803921566
2,77.8,0.439,0.41325490196078435
2,77.81,0.437,0.41433333333333333
2,77.82,0.417,0.41711764705882354
2,77.83,0.397,0.4169411764705882
2,77.84,0.466,0.41674509803921567
2,77.85,0.338,0.41678431372549013
2,77.86,0.374,0.4172745098039216
2,77.87,0.424,0.41623529411764704
2,77.88,0.466,0.4153529411764706
2,77.89,0.411,0.4158823529411765
2,77.9,0.408,0.4152941176470588
2,77.91,0.369,0.41425490196078435
2,77.92,0.371,0.4132352941176471
2,77.93,0.382,0.4127450980392157
2,77.94,0.377,0.41150980392156866
2,77.95,0.33,0.40992156862745094
2,77.96,0.393,0.4104509803921569
2,77.97,0.367,0.4093529411764706
2,77.98,0.378,0.4070392156862745
2,77.99,0.367,0.4073333333333333
2,78.0,0.406,0.40786274509803927
2,78.01,0.352,0.4062352941176471
2,78.02,0.422,0.405
2,78.03,0.446,0.4041176470588235
2,78.04,0.43,0.4036078431372549
2,78.05,0.392,0.40398039215686277
2,78.06,0.465,0.4038039215686275
2,78.07,0.507,0.4034117647058823
2,78.08,0.398,0.40350980392156865
2,78.09,0.386,0.4056078431372549
2,78.1,0.439,0.40515686274509805
2,78.11,0.462,0.4062941176470588
2,78.12,0.376,0.40556862745098043
2,78.13,0.37,0.40464705882352936
2,78.14,0.411,0.404921568627451
2,78.15,0.395,0.4078823529411765
2,78.16,0.419,0.40939215686274505
2,78.17,0.398,0.41192156862745094
2,78.18,0.394,0.4146078431372549
2,78.19,0.387,0.4180980392156863
2,78.2,0.372,0.42092156862745095
2,78.21,0.445,0.42582352941176477
2,78.22,0.377,0.4275686274509804
2,78.23,0.357,0.4295686274509804
2,78.24,0.422,0.430921568627451
2,78.25,0.426,0.43245098039215685
2,78.26,0.422,0.43429411764705883
2,78.27,0.406,0.4373333333333333
2,78.28,0.384,0.43888235294117645
2,78.29,0.416,0.43907843137254904
2,78.3,0.41,0.44029411764705884
2,78.31,0.43,0.4412156862745098
2,78.32,0.417,0.44215686274509797
2,78.33,0.422,0.4413529411764706
2,78.34,0.504,0.44274509803921575
2,78.35,0.443,0.44417647058823534
2,78.36,0.396,0.44454901960784315
2,78.37,0.337,0.44484313725490193
2,78.38,0.377,0.44701960784313727
2,78.39,0.48,0.4506470588235294
2,78.4,0.562,0.4514313725490196
2,78.41,0.485,0.4516274509803921
2,78.42,0.498,0.4513725490196078
2,78.43,0.508,0.4514901960784314
2,78.44,0.56,0.45331372549019605
2,78.45,0.521,0.4535882352941176
2,78.46,0.58,0.4548627450980392
2,78.47,0.482,0.4539803921568627
2,78.48,0.469,0.45372549019607844
2,78.49,0.447,0.4547843137254903
2,78.5,0.445,0.45366666666666666
2,78.51,0.5,0.4541176470588235
2,78.52,0.507,0.45374509803921564
2,78.53,0.501,0.4538627450980392
2,78.54,0.456,0.45505882352941174
2,78.55,0.492,0.4548627450980392
2,78.56,0.439,0.45505882352941174
2,78.57,0.513,0.45449019607843133
2,78.58,0.466,0.45517647058823535
2,78.59,0.469,0.4548823529411765
2,78.6,0.459,0.45325490196078433
2,78.61,0.458,0.45233333333333337
2,78.62,0.477,0.4523921568627451
2,78.63,0.487,0.45629411764705885
2,78.64,0.555,0.4571568627450981
2,78.65,0.451,0.45603921568627453
2,78.66,0.405,0.45427450980392153
2,78.67,0.406,0.4539019607843137
2,78.68,0.404,0.45337254901960783
2,78.69,0.487,0.4527058823529412
2,78.7,0.401,0.4514901960784314
2,78.71,0.437,0.4512745098039216
2,78.72,0.4,0.4503333333333333
2,78.73,0.364,0.45078431372549016
2,78.74,0.411,0.44947058823529407
2,78.75,0.365,0.44984313725490194
2,78.76,0.449,0.44972549019607844
2,78.77,0.403,0.44966666666666666
2,78.78,0.412,0.44821568627450986
2,78.79,0.445,0.44803921568627453
2,78.8,0.406,0.4476862745098039
2,78.81,0.42,0.4470392156862745
2,78.82,0.401,0.4483921568627451
2,78.83,0.452,0.44839215686274514
2,78.84,0.407,0.44780392156862747
2,78.85,0.421,0.4468039215686274
2,78.86,0.396,0.4477843137254902
2,78.87,0.399,0.44805882352941184
2,78.88,0.536,0.44819607843137255
2,78.89,0.421,0.4466862745098039
2,78.9,0.423,0.4440392156862745
2,78.91,0.472,0.44474509803921564
2,78.92,0.466,0.4463529411764706
2,78.93,0.471,0.4464313725490196
2,78.94,0.474,0.4461764705882353
2,78.95,0.498,0.44474509803921575
2,78.96,0.51,0.44496078431372554
2,78.97,0.532,0.44472549019607843
2,78.98,0.505,0.4455686274509804
2,78.99,0.402,0.4473921568627451
2,79.0,0.466,0.4470392156862745
2,79.01,0.439,0.44745098039215686
2,79.02,0.497,0.44692156862745097
2,79.03,0.433,0.44719607843137255
2,79.04,0.492,0.4464313725490196
2,79.05,0.438,0.44488235294117645
2,79.06,0.459,0.44419607843137254
2,79.07,0.508,0.444843137254902
2,79.08,0.513,0.44633333333333336
2,79.09,0.436,0.44456862745098036
2,79.1,0.418,0.4442549019607843
2,79.11,0.509,0.44419607843137254
2,79.12,0.472,0.44423529411764706
2,79.13,0.484,0.44529411764705884
2,79.14,0.41,0.44233333333333336
2,79.15,0.42,0.4411764705882353
2,79.16,0.487,0.4401176470588235
2,79.17,0.487,0.43866666666666665
2,79.18,0.41,0.43756862745098035
2,79.19,0.391,0.43754901960784315
2,79.2,0.414,0.4367254901960784
2,79.21,0.412,0.43531372549019604
2,79.22,0.425,0.43264705882352944
2,79.23,0.443,0.43009803921568635
2,79.24,0.457,0.42794117647058827
2,79.25,0.393,0.42805882352941177
2,79.26,0.386,0.42715686274509806
2,79.27,0.422,0.4255686274509804
2,79.28,0.417,0.4235686274509804
2,79.29,0.373,0.4232156862745098
2,79.3,0.366,0.4208431372549019
2,79.31,0.371,0.41980392156862745
2,79.32,0.453,0.41870588235294115
2,79.33,0.477,0.416921568627451
2,79.34,0.362,0.4138235294117647
2,79.35,0.391,0.41427450980392155
2,79.36,0.418,0.41429411764705887
2,79.37,0.398,0.4138627450980392
2,79.38,0.453,0.41401960784313724
2,79.39,0.385,0.4138823529411765
2,79.4,0.362,0.41525490196078435
2,79.41,0.369,0.41613725490196074
2,79.42,0.398,0.4159019607843137
2,79.43,0.41,0.4155098039215686
2,79.44,0.47,0.41725490196078424
2,79.45,0.432,0.4190980392156862
2,79.46,0.426,0.4202156862745097
2,79.47,0.374,0.4209411764705882
2,79.48,0.402,0.42182352941176465
2,79.49,0.395,0.42243137254901963
2,79.5,0.408,0.4230196078431373
2,79.51,0.42,0.4234705882352941
2,79.52,0.358,0.42513725490196075
2,79.53,0.395,0.42623529411764705
2,79.54,0.415,0.4271372549019608
2,79.55,0.371,0.4286274509803921
2,79.56,0.385,0.43149019607843137
2,79.57,0.403,0.4336274509803921
2,79.58,0.417,0.43452941176470583
2,79.59,0.355,0.4347843137254902
2,79.6,0.459,0.43686274509803924
2,79.61,0.419,0.4392745098039215
2,79.62,0.487,0.44088235294117645
2,79.63,0.48,0.44192156862745097
2,79.64,0.477,0.4430588235294118
2,79.65,0.48,0.4463725490196079
2,79.66,0.465,0.44909803921568625
2,79.67,0.475,0.4519803921568628
2,79.68,0.467,0.4540980392156863
2,79.69,0.499,0.4572941176470588
2,79.7,0.485,0.46147058823529413
2,79.71,0.471,0.46431372549019606
2,79.72,0.449,0.4671176470588235
2,79.73,0.47,0.47052941176470586
2,79.74,0.474,0.47227450980392155
2,79.75,0.487,0.47364705882352937
2,79.76,0.416,0.4749607843137255
2,79.77,0.471,0.4789411764705882
2,79.78,0.478,0.4830980392156862
2,79.79,0.463,0.4844313725490196
2,79.8,0.449,0.4855490196078431
2,79.81,0.512,0.487843137254902
2,79.82,0.48,0.4910980392156863
2,79.83,0.499,0.4940980392156863
2,79.84,0.49,0.4956470588235294
2,79.85,0.468,0.49750980392156857
2,79.86,0.514,0.4978039215686274
2,79.87,0.5,0.4986862745098039
2,79.88,0.451,0.4973529411764706
2,79.89,0.511,0.4963529411764706
2,79.9,0.554,0.49568627450980396
2,79.91,0.501,0.49501960784313725
2,79.92,0.516,0.49443137254901964
2,79.93,0.506,0.4931568627450981
2,79.94,0.573,0.4926274509803921
2,79.95,0.683,0.49237254901960786
2,79.96,0.577,0.4920392156862745
2,79.97,0.569,0.49125490196078436
2,79.98,0.548,0.49127450980392157
2,79.99,0.491,0.4912941176470588
2,80.0,0.465,0.49015686274509807
2,80.01,0.475,0.4902745098039215
2,80.02,0.623,0.4908627450980393
2,80.03,0.57,0.49019607843137253
2,80.04,0.463,0.4898235294117647
2,80.05,0.472,0.4892549019607843
2,80.06,0.488,0.4897058823529412
2,80.07,0.551,0.4886274509803922
2,80.08,0.556,0.4880588235294118
2,80.09,0.496,0.48690196078431375
2,80.1,0.45,0.48601960784313725
2,80.11,0.474,0.48601960784313725
2,80.12,0.464,0.4840392156862745
2,80.13,0.419,0.48249019607843135
2,80.14,0.429,0.4811960784313726
2,80.15,0.443,0.4796274509803921
2,80.16,0.446,0.47786274509803917
2,80.17,0.435,0.4768627450980392
2,80.18,0.41,0.4755098039215686
2,80.19,0.44,0.47535294117647053
2,80.2,0.486,0.4728823529411765
2,80.21,0.468,0.46852941176470586
2,80.22,0.431,0.46549019607843134
2,80.23,0.45,0.4613333333333334
2,80.24,0.471,0.4564705882352941
2,80.25,0.416,0.45278431372549016
2,80.26,0.493,0.4493921568627451
2,80.27,0.446,0.4467647058823529
2,80.28,0.437,0.44039215686274513
2,80.29,0.459,0.4345686274509804
2,80.3,0.434,0.43176470588235294
2,80.31,0.472,0.42878431372549025
2,80.32,0.457,0.42550980392156856
2,80.33,0.451,0.42043137254901963
2,80.34,0.44,0.41580392156862744
2,80.35,0.445,0.4117647058823529
2,80.36,0.468,0.40900000000000003
2,80.37,0.413,0.4053921568627451
2,80.38,0.421,0.4011960784313725
2,80.39,0.385,0.39943137254901956
2,80.4,0.431,0.3969215686274509
2,80.41,0.464,0.39331372549019605
2,80.42,0.45,0.39125490196078433
2,80.43,0.447,0.38831372549019605
2,80.44,0.498,0.38645098039215686
2,80.45,0.447,0.38339215686274514
2,80.46,0.461,0.37933333333333336
2,80.47,0.422,0.37662745098039213
2,80.48,0.357,0.3743333333333333
2,80.49,0.3,0.3711764705882353
2,80.5,0.303,0.3676274509803921
2,80.51,0.292,0.3656078431372549
2,80.52,0.341,0.36133333333333334
2,80.53,0.298,0.35860784313725486
2,80.54,0.273,0.35568627450980395
2,80.55,0.32,0.3544901960784313
2,80.56,0.32,0.3538627450980392
2,80.57,0.321,0.3526274509803921
2,80.58,0.292,0.3510980392156863
2,80.59,0.32,0.350078431372549
2,80.6,0.29,0.349
2,80.61,0.309,0.34725490196078435
2,80.62,0.29,0.3461764705882353
2,80.63,0.25,0.34415686274509805
2,80.64,0.329,0.3423529411764706
2,80.65,0.301,0.3403725490196078
2,80.66,0.259,0.3381372549019608
2,80.67,0.341,0.3353921568627451
2,80.68,0.285,0.3315294117647059
2,80.69,0.315,0.32839215686274514
2,80.7,0.284,0.32423529411764707
2,80.71,0.279,0.3210392156862745
2,80.72,0.33,0.31786274509803925
2,80.73,0.314,0.3158627450980392
2,80.74,0.289,0.315078431372549
2,80.75,0.29,0.31492156862745097
2,80.76,0.313,0.3150392156862745
2,80.77,0.275,0.3152745098039216
2,80.78,0.307,0.3141372549019608
2,80.79,0.288,0.31360784313725487
2,80.8,0.398,0.3142745098039215
2,80.81,0.402,0.31407843137254904
2,80.82,0.409,0.3137254901960784
2,80.83,0.379,0.3130588235294118
2,80.84,0.399,0.31339215686274513
2,80.85,0.385,0.313
2,80.86,0.356,0.31317647058823533
2,80.87,0.413,0.313156862745098
2,80.88,0.31,0.31298039215686274
2,80.89,0.329,0.3150392156862745
2,80.9,0.284,0.31470588235294117
2,80.91,0.317,0.3149411764705883
2,80.92,0.324,0.316
2,80.93,0.253,0.31545098039215685
2,80.94,0.287,0.3159607843137255
2,80.95,0.286,0.3149019607843137
2,80.96,0.284,0.3152941176470588
2,80.97,0.299,0.3150980392156863
2,80.98,0.32,0.31443137254901954
2,80.99,0.317,0.3141764705882353
2,81.0,0.292,0.3142549019607843
2,81.01,0.309,0.31517647058823534
2,81.02,0.304,0.31580392156862747
2,81.03,0.283,0.31603921568627447
2,81.04,0.271,0.31623529411764706
2,81.05,0.307,0.31684313725490193
2,81.06,0.31,0.31480392156862746
2,81.07,0.302,0.31241176470588233
2,81.08,0.287,0.310156862745098
2,81.09,0.309,0.30819607843137253
2,81.1,0.3,0.3059411764705882
2,81.11,0.299,0.3046274509803921
2,81.12,0.308,0.30280392156862745
2,81.13,0.281,0.3003529411764706
2,81.14,0.355,0.3001764705882353
2,81.15,0.312,0.29923529411764704
2,81.16,0.313,0.2992941176470588
2,81.17,0.313,0.2983137254901961
2,81.18,0.313,0.29801960784313725
2,81.19,0.311,0.2995294117647059
2,81.2,0.261,0.300078431372549
2,81.21,0.304,0.3010392156862745
2,81.22,0.269,0.3011960784313725
2,81.23,0.296,0.30201960784313725
2,81.24,0.301,0.30182352941176466
2,81.25,0.293,0.3016078431372549
2,81.26,0.337,0.3013921568627451
2,81.27,0.345,0.30066666666666664
2,81.28,0.287,0.3007843137254902
2,81.29,0.317,0.3009803921568628
2,81.3,0.319,0.3011960784313726
2,81.31,0.294,0.3014117647058823
2,81.32,0.28,0.3011960784313726
2,81.33,0.294,0.30098039215686273
2,81.34,0.279,0.30211764705882355
2,81.35,0.284,0.3023137254901961
2,81.36,0.318,0.3013529411764706
2,81.37,0.263,0.3009411764705882
2,81.38,0.288,0.3004117647058823
2,81.39,0.301,0.30015686274509806
2,81.4,0.281,0.29858823529411765
2,81.41,0.287,0.29880392156862745
2,81.42,0.267,0.29866666666666664
2,81.43,0.309,0.2985294117647059
2,81.44,0.33,0.2983137254901961
2,81.45,0.315,0.29776470588235293
2,81.46,0.335,0.2984313725490196
2,81.47,0.292,0.29796078431372547
2,81.48,0.341,0.298078431372549
2,81.49,0.31,0.2974705882352941
2,81.5,0.306,0.29701960784313725
2,81.51,0.281,0.2974117647058824
2,81.52,0.272,0.29621568627450984
2,81.53,0.31,0.29501960784313724
2,81.54,0.293,0.29435294117647054
2,81.55,0.282,0.293764705882353
2,81.56,0.318,0.2935686274509804
2,81.57,0.299,0.2927647058823529
2,81.58,0.291,0.2928627450980392
2,81.59,0.345,0.29337254901960785
2,81.6,0.319,0.29347058823529415
2,81.61,0.251,0.29362745098039217
2,81.62,0.278,0.2926862745098039
2,81.63,0.281,0.29352941176470587
2,81.64,0.268,0.2935098039215686
2,81.65,0.275,0.29323529411764704
2,81.66,0.323,0.2930980392156863
2,81.67,0.306,0.29333333333333333
2,81.68,0.306,0.2943137254901961
2,81.69,0.302,0.29325490196078435
2,81.7,0.283,0.29250980392156867
2,81.71,0.295,0.2922156862745098
2,81.72,0.28,0.2911764705882353
2,81.73,0.275,0.29190196078431374
2,81.74,0.265,0.2908627450980392
2,81.75,0.278,0.29125490196078435
2,81.76,0.313,0.29113725490196074
2,81.77,0.276,0.29180392156862744
2,81.78,0.284,0.2925098039215686
2,81.79,0.253,0.29280392156862745
2,81.8,0.287,0.29380392156862745
2,81.81,0.309,0.29443137254901963
2,81.82,0.253,0.29484313725490197
2,81.83,0.285,0.2953137254901961
2,81.84,0.32,0.29580392156862745
2,81.85,0.284,0.2951372549019608
2,81.86,0.292,0.29462745098039217
2,81.87,0.27,0.29484313725490197
2,81.88,0.306,0.2955098039215686
2,81.89,0.287,0.29566666666666663
2,81.9,0.287,0.2971372549019608
2,81.91,0.274,0.2982156862745098
2,81.92,0.299,0.299
2,81.93,0.317,0.30003921568627456
2,81.94,0.255,0.3013921568627451
2,81.95,0.292,0.30166666666666664
2,81.96,0.3,0.3032156862745098
2,81.97,0.282,0.3043137254901961
2,81.98,0.329,0.30470588235294116
2,81.99,0.288,0.3055490196078431
2,82.0,0.33,0.30619607843137253
2,82.01,0.3,0.3076666666666667
2,82.02,0.315,0.3081764705882353
2,82.03,0.308,0.30966666666666665
2,82.04,0.325,0.30986274509803924
2,82.05,0.344,0.31129411764705883
2,82.06,0.314,0.3115294117647059
2,82.07,0.339,0.3120980392156863
2,82.08,0.323,0.31349019607843137
2,82.09,0.316,0.313843137254902
2,82.1,0.311,0.3134705882352941
2,82.11,0.293,0.3145490196078431
2,82.12,0.262,0.31541176470588234
2,82.13,0.312,0.3172156862745098
2,82.14,0.289,0.31843137254901965
2,82.15,0.343,0.320078431372549
2,82.16,0.33,0.3214313725490196
2,82.17,0.363,0.3232549019607843
2,82.18,0.359,0.32429411764705884
2,82.19,0.375,0.32629411764705885
2,82.2,0.316,0.3277843137254902
2,82.21,0.362,0.32845098039215687
2,82.22,0.351,0.3291960784313725
2,82.23,0.3,0.3300196078431372
2,82.24,0.318,0.3300392156862745
2,82.25,0.298,0.3308235294117647
2,82.26,0.353,0.3310392156862745
2,82.27,0.339,0.3315490196078431
2,82.28,0.352,0.33125490196078433
2,82.29,0.294,0.33141176470588235
2,82.3,0.326,0.33025490196078433
2,82.31,0.299,0.3296666666666667
2,82.32,0.338,0.3299607843137255
2,82.33,0.324,0.32966666666666666
2,82.34,0.303,0.32958823529411757
2,82.35,0.301,0.32941176470588235
2,82.36,0.339,0.32956862745098037
2,82.37,0.336,0.33039215686274515
2,82.38,0.362,0.3312156862745098
2,82.39,0.368,0.3305098039215686
2,82.4,0.371,0.3309019607843138
2,82.41,0.356,0.33107843137254905
2,82.42,0.367,0.3308235294117647
2,82.43,0.352,0.3299607843137255
2,82.44,0.419,0.3291568627450981
2,82.45,0.331,0.32807843137254905
2,82.46,0.326,0.327921568627451
2,82.47,0.338,0.3274705882352941
2,82.48,0.324,0.32666666666666666
2,82.49,0.33,0.326686274509804
2,82.5,0.328,0.3269803921568627
2,82.51,0.341,0.327843137254902
2,82.52,0.326,0.32674509803921564
2,82.53,0.3,0.32529411764705884
2,82.54,0.316,0.3243725490196078
2,82.55,0.266,0.3243529411764706
2,82.56,0.314,0.3242745098039216
2,82.57,0.329,0.32447058823529407
2,82.58,0.324,0.32398039215686275
2,82.59,0.319,0.32398039215686275
2,82.6,0.307,0.32429411764705884
2,82.61,0.319,0.32541176470588234
2,82.62,0.335,0.32488235294117646
2,82.63,0.304,0.32464705882352946
2,82.64,0.276,0.3237058823529412
2,82.65,0.309,0.3231568627450981
2,82.66,0.352,0.322078431372549
2,82.67,0.317,0.3216666666666667
2,82.68,0.319,0.3205882352941176
2,82.69,0.318,0.3201372549019608
2,82.7,0.32,0.31898039215686275
2,82.71,0.308,0.3192156862745098
2,82.72,0.339,0.3203529411764706
2,82.73,0.31,0.31992156862745097
2,82.74,0.301,0.3202156862745098
2,82.75,0.333,0.32001960784313727
2,82.76,0.342,0.3191764705882353
2,82.77,0.297,0.31933333333333336
2,82.78,0.265,0.3203333333333333
2,82.79,0.305,0.3215882352941176
2,82.8,0.293,0.3213725490196079
2,82.81,0.322,0.32398039215686275
2,82.82,0.309,0.32431372549019605
2,82.83,0.313,0.3242745098039216
2,82.84,0.324,0.32417647058823534
2,82.85,0.319,0.32431372549019616
2,82.86,0.358,0.32433333333333336
2,82.87,0.312,0.32413725490196077
2,82.88,0.324,0.3259411764705882
2,82.89,0.314,0.3265686274509804
2,82.9,0.34,0.3277843137254902
2,82.91,0.316,0.32872549019607844
2,82.92,0.335,0.3294705882352941
2,82.93,0.312,0.3305882352941176
2,82.94,0.329,0.33037254901960783
2,82.95,0.36,0.33052941176470585
2,82.96,0.343,0.33149019607843133
2,82.97,0.384,0.3319215686274509
2,82.98,0.316,0.33198039215686276
2,82.99,0.339,0.3318039215686275
2,83.0,0.32,0.3328627450980392
2,83.01,0.285,0.33276470588235296
2,83.02,0.349,0.33237254901960783
2,83.03,0.377,0.3324901960784314
2,83.04,0.364,0.33417647058823535
2,83.05,0.305,0.3340196078431373
2,83.06,0.399,0.3343529411764706
2,83.07,0.331,0.3338235294117647
2,83.08,0.327,0.33382352941176474
2,83.09,0.319,0.3339019607843137
2,83.1,0.326,0.33417647058823535
2,83.11,0.308,0.33364705882352935
2,83.12,0.309,0.3339411764705883
2,83.13,0.427,0.33437254901960783
2,83.14,0.336,0.3341176470588235
2,83.15,0.338,0.3334705882352941
2,83.16,0.357,0.3331176470588235
2,83.17,0.39,0.3330196078431373
2,83.18,0.374,0.3324313725490196
2,83.19,0.308,0.3318627450980392
2,83.2,0.326,0.33203921568627454
2,83.21,0.369,0.33092156862745103
2,83.22,0.33,0.3303529411764706
2,83.23,0.342,0.3291176470588235
2,83.24,0.301,0.3292549019607843
2,83.25,0.355,0.328686274509804
2,83.26,0.328,0.32941176470588235
2,83.27,0.322,0.3298039215686275
2,83.28,0.303,0.3287843137254902
2,83.29,0.351,0.327843137254902
2,83.3,0.297,0.3262549019607843
2,83.31,0.31,0.32686274509803925
2,83.32,0.295,0.3255882352941177
2,83.33,0.309,0.32488235294117646
2,83.34,0.317,0.3247450980392157
2,83.35,0.338,0.32531372549019605
2,83.36,0.292,0.3248627450980392
2,83.37,0.373,0.32523529411764707
2,83.38,0.334,0.3257843137254902
2,83.39,0.311,0.32339215686274514
2,83.4,0.281,0.32394117647058823
2,83.41,0.322,0.32325490196078427
2,83.42,0.311,0.3223921568627451
2,83.43,0.305,0.32162745098039214
2,83.44,0.283,0.32099999999999995
2,83.45,0.338,0.3212549019607843
2,83.46,0.303,0.32107843137254904
2,83.47,0.314,0.31939215686274514
2,83.48,0.321,0.31935294117647056
2,83.49,0.323,0.31811764705882356
2,83.5,0.31,0.31858823529411767
2,83.51,0.357,0.3172745098039216
2,83.52,0.305,0.3171568627450981
2,83.53,0.297,0.317
2,83.54,0.329,0.3173725490196078
2,83.55,0.283,0.3164705882352941
2,83.56,0.336,0.31631372549019604
2,83.57,0.334,0.31590196078431376
2,83.58,0.295,0.3163529411764706
2,83.59,0.32,0.3172549019607843
2,83.6,0.348,0.31782352941176467
2,83.61,0.303,0.3169411764705883
2,83.62,0.327,0.31754901960784315
2,83.63,0.337,0.315843137254902
2,83.64,0.305,0.3159607843137255
2,83.65,0.364,0.3169019607843137
2,83.66,0.303,0.31811764705882356
2,83.67,0.313,0.31798039215686275
2,83.68,0.351,0.31770588235294117
2,83.69,0.342,0.31739215686274513
2,83.7,0.321,0.31831372549019604
2,83.71,0.317,0.31772549019607843
2,83.72,0.283,0.3172941176470588
2,83.73,0.328,0.31803921568627447
2,83.74,0.279,0.31803921568627447
2,83.75,0.325,0.31754901960784315
2,83.76,0.288,0.3174313725490196
2,83.77,0.322,0.3161764705882353
2,83.78,0.314,0.3171568627450981
2,83.79,0.322,0.3182745098039216
2,83.8,0.305,0.3183725490196078
2,83.81,0.289,0.3196274509803922
2,83.82,0.289,0.3196274509803922
2,83.83,0.318,0.3191568627450981
2,83.84,0.355,0.3197058823529412
2,83.85,0.346,0.3193725490196078
2,83.86,0.293,0.3184313725490196
2,83.87,0.323,0.3183725490196079
2,83.88,0.286,0.31823529411764706
2,83.89,0.34,0.31788235294117645
2,83.9,0.359,0.31701960784313726
2,83.91,0.343,0.3163725490196079
2,83.92,0.315,0.31672549019607843
2,83.93,0.297,0.31680392156862747
2,83.94,0.289,0.31574509803921574
2,83.95,0.33,0.31541176470588234
2,83.96,0.308,0.31535294117647056
2,83.97,0.281,0.315156862745098
2,83.98,0.352,0.31574509803921574
2,83.99,0.321,0.3153529411764706
2,84.0,0.298,0.3160392156862746
2,84.01,0.304,0.31560784313725493
2,84.02,0.293,0.31582352941176467
2,84.03,0.355,0.3160588235294118
2,84.04,0.354,0.31686274509803924
2,84.05,0.334,0.31678431372549015
2,84.06,0.347,0.3170588235294117
2,84.07,0.336,0.3178627450980392
2,84.08,0.31,0.3181960784313726
2,84.09,0.323,0.3172941176470589
2,84.1,0.303,0.3160588235294118
2,84.11,0.3,0.313156862745098
2,84.12,0.3,0.3128235294117647
2,84.13,0.32,0.31154901960784315
2,84.14,0.319,0.31207843137254904
2,84.15,0.261,0.3106470588235294
2,84.16,0.331,0.30858823529411766
2,84.17,0.321,0.30833333333333335
2,84.18,0.317,0.3075686274509804
2,84.19,0.297,0.3073137254901961
2,84.2,0.325,0.307
2,84.21,0.318,0.30549019607843136
2,84.22,0.307,0.30405882352941177
2,84.23,0.313,0.3036078431372549
2,84.24,0.308,0.3013137254901961
2,84.25,0.314,0.3001764705882353
2,84.26,0.303,0.29984313725490197
2,84.27,0.299,0.2991960784313726
2,84.28,0.334,0.29905882352941177
2,84.29,0.355,0.2973529411764706
2,84.3,0.318,0.2953921568627451
2,84.31,0.319,0.29447058823529415
2,84.32,0.33,0.29254901960784313
2,84.33,0.306,0.29125490196078435
2,84.34,0.272,0.2898627450980392
2,84.35,0.292,0.2888627450980392
2,84.36,0.198,0.28911764705882353
2,84.37,0.276,0.28817647058823526
2,84.38,0.258,0.28801960784313724
2,84.39,0.313,0.2887254901960784
2,84.4,0.267,0.28790196078431374
2,84.41,0.254,0.28825490196078435
2,84.42,0.33,0.28747058823529414
2,84.43,0.276,0.2866666666666667
2,84.44,0.284,0.2863921568627451
2,84.45,0.273,0.28600000000000003
2,84.46,0.253,0.28468627450980394
2,84.47,0.235,0.28452941176470586
2,84.48,0.258,0.2844313725490196
2,84.49,0.235,0.28394117647058825
2,84.5,0.263,0.2840196078431373
2,84.51,0.281,0.2833333333333334
2,84.52,0.271,0.2828235294117647
2,84.53,0.286,0.282
2,84.54,0.268,0.281078431372549
2,84.55,0.254,0.2792941176470588
2,84.56,0.287,0.2787843137254902
2,84.57,0.249,0.2792745098039216
2,84.58,0.27,0.2783921568627451
2,84.59,0.239,0.2784509803921569
2,84.6,0.272,0.2782156862745098
2,84.61,0.316,0.2786470588235294
2,84.62,0.252,0.2813333333333333
2,84.63,0.292,0.28168627450980394
2,84.64,0.356,0.28282352941176475
2,84.65,0.277,0.2811764705882353
2,84.66,0.279,0.2818823529411765
2,84.67,0.291,0.2837647058823529
2,84.68,0.28,0.2832549019607843
2,84.69,0.303,0.2837843137254902
2,84.7,0.277,0.28384313725490196
2,84.71,0.258,0.2837254901960784
2,84.72,0.31,0.2840392156862745
2,84.73,0.302,0.2846666666666666
2,84.74,0.288,0.28541176470588236
2,84.75,0.312,0.28701960784313724
2,84.76,0.279,0.28723529411764703
2,84.77,0.277,0.28811764705882353
2,84.78,0.257,0.2885686274509804
2,84.79,0.287,0.2884705882352941
2,84.8,0.264,0.2887843137254902
2,84.81,0.292,0.2897254901960784
2,84.82,0.344,0.2914313725490196
2,84.83,0.285,0.2930980392156863
2,84.84,0.309,0.2954117647058823
2,84.85,0.26,0.29672549019607847
2,84.86,0.314,0.2975098039215686
2,84.87,0.335,0.297
2,84.88,0.294,0.2978823529411765
2,84.89,0.316,0.2979019607843137
2,84.9,0.229,0.2962549019607843
2,84.91,0.303,0.2967843137254902
2,84.92,0.35,0.29676470588235293
2,84.93,0.304,0.29574509803921567
2,84.94,0.303,0.2961372549019608
2,84.95,0.287,0.29645098039215684
2,84.96,0.267,0.29890196078431375
2,84.97,0.269,0.3002549019607843
2,84.98,0.267,0.3000392156862745
2,84.99,0.296,0.29990196078431375
2,85.0,0.317,0.3004509803921569
2,85.01,0.274,0.3003725490196078
2,85.02,0.326,0.30076470588235293
2,85.03,0.294,0.30264705882352944
2,85.04,0.281,0.3033921568627451
2,85.05,0.284,0.3034313725490196
2,85.06,0.302,0.30407843137254903
2,85.07,0.374,0.30449019607843136
2,85.08,0.334,0.30305882352941177
2,85.09,0.388,0.3037450980392157
2,85.1,0.306,0.30392156862745096
2,85.11,0.312,0.30517647058823527
2,85.12,0.29,0.30519607843137253
2,85.13,0.297,0.3043137254901961
2,85.14,0.293,0.30427450980392157
2,85.15,0.272,0.30376470588235294
2,85.16,0.304,0.30498039215686273
2,85.17,0.278,0.3039607843137255
2,85.18,0.239,0.30258823529411766
2,85.19,0.3,0.30192156862745095
2,85.2,0.319,0.30084313725490197
2,85.21,0.402,0.30086274509803923
2,85.22,0.327,0.3002549019607843
2,85.23,0.299,0.30015686274509806
2,85.24,0.295,0.29994117647058827
2,85.25,0.316,0.3003529411764706
2,85.26,0.308,0.2996274509803921
2,85.27,0.299,0.29958823529411766
2,85.28,0.373,0.29884313725490197
2,85.29,0.295,0.2983725490196078
2,85.3,0.289,0.2980392156862745
2,85.31,0.297,0.29764705882352943
2,85.32,0.313,0.2973529411764706
2,85.33,0.271,0.2953921568627451
2,85.34,0.32,0.2943137254901961
2,85.35,0.318,0.292078431372549
2,85.36,0.324,0.292078431372549
2,85.37,0.315,0.29247058823529415
2,85.38,0.29,0.2908823529411765
2,85.39,0.292,0.2900980392156863
2,85.4,0.29,0.2896666666666667
2,85.41,0.291,0.28950980392156866
2,85.42,0.251,0.2897647058823529
2,85.43,0.28,0.2896862745098039
2,85.44,0.27,0.29033333333333333
2,85.45,0.248,0.2897843137254902
2,85.46,0.288,0.2898235294117647
2,85.47,0.236,0.2868627450980392
2,85.48,0.264,0.2856078431372549
2,85.49,0.256,0.28772549019607846
2,85.5,0.317,0.2874313725490196
2,85.51,0.28,0.28729411764705887
2,85.52,0.272,0.28680392156862744
2,85.53,0.288,0.28690196078431374
2,85.54,0.27,0.2869803921568627
2,85.55,0.264,0.2867647058823529
2,85.56,0.264,0.28680392156862744
2,85.57,0.287,0.28590196078431374
2,85.58,0.274,0.2854901960784314
2,85.59,0.279,0.28552941176470586
2,85.6,0.274,0.28405882352941175
2,85.61,0.306,0.2836666666666667
2,85.62,0.332,0.28231372549019607
2,85.63,0.209,0.2808627450980392
2,85.64,0.257,0.28049019607843134
2,85.65,0.271,0.2801372549019608
2,85.66,0.264,0.27947058823529414
2,85.67,0.317,0.27952941176470586
2,85.68,0.274,0.2802156862745098
2,85.69,0.272,0.2802745098039216
2,85.7,0.272,0.2800392156862745
2,85.71,0.321,0.28050980392156866
2,85.72,0.251,0.2800196078431373
2,85.73,0.263,0.28109803921568627
2,85.74,0.407,0.28115686274509805
2,85.75,0.28,0.2823529411764706
2,85.76,0.309,0.28309803921568627
2,85.77,0.283,0.28405882352941175
2,85.78,0.304,0.2842156862745098
2,85.79,0.377,0.2845098039215686
2,85.8,0.284,0.2852549019607843
2,85.81,0.291,0.2854313725490196
2,85.82,0.251,0.28505882352941175
2,85.83,0.292,0.2846666666666666
2,85.84,0.273,0.28531372549019607
2,85.85,0.245,0.28490196078431373
2,85.86,0.298,0.2844901960784314
2,85.87,0.255,0.2842941176470588
2,85.88,0.241,0.28362745098039216
2,85.89,0.271,0.28494117647058825
2,85.9,0.274,0.28596078431372546
2,85.91,0.256,0.2861372549019608
2,85.92,0.294,0.28725490196078435
2,85.93,0.286,0.2870980392156863
2,85.94,0.283,0.2874509803921569
2,85.95,0.258,0.28805882352941176
2,85.96,0.272,0.28831372549019607
2,85.97,0.263,0.28729411764705887
2,85.98,0.291,0.2876470588235294
2,85.99,0.267,0.2879411764705882
2,86.0,0.317,0.2851372549019608
2,86.01,0.355,0.2854901960784314
2,86.02,0.329,0.2844509803921569
2,86.03,0.28,0.28458823529411764
2,86.04,0.303,0.2835686274509804
2,86.05,0.308,0.28219607843137257
2,86.06,0.273,0.28205882352941175
2,86.07,0.245,0.28252941176470586
2,86.08,0.267,0.28405882352941175
2,86.09,0.307,0.2844313725490196
2,86.1,0.258,0.28490196078431373
2,86.11,0.253,0.2853333333333333
2,86.12,0.296,0.28421568627450977
2,86.13,0.298,0.28519607843137257
2,86.14,0.276,0.2865098039215686
2,86.15,0.309,0.2871764705882353
2,86.16,0.28,0.28780392156862744
2,86.17,0.321,0.2891764705882353
2,86.18,0.309,0.2889803921568627
2,86.19,0.292,0.2898627450980392
2,86.2,0.303,0.2900980392156863
2,86.21,0.285,0.29127450980392156
2,86.22,0.269,0.29233333333333333
2,86.23,0.269,0.293
2,86.24,0.278,0.2928235294117647
2,86.25,0.264,0.2935686274509804
2,86.26,0.298,0.29274509803921567
2,86.27,0.256,0.29147058823529415
2,86.28,0.29,0.29127450980392156
2,86.29,0.252,0.29111764705882354
2,86.3,0.307,0.29062745098039217
2,86.31,0.277,0.29011764705882354
2,86.32,0.315,0.2908823529411764
2,86.33,0.329,0.2921960784313725
2,86.34,0.311,0.2929607843137255
2,86.35,0.297,0.2929607843137255
2,86.36,0.267,0.2941372549019608
2,86.37,0.241,0.2947843137254902
2,86.38,0.305,0.2952941176470588
2,86.39,0.308,0.2956078431372549
2,86.4,0.305,0.2955686274509804
2,86.41,0.306,0.29580392156862745
2,86.42,0.326,0.2963137254901961
2,86.43,0.284,0.29584313725490197
2,86.44,0.331,0.2956078431372549
2,86.45,0.295,0.29515686274509806
2,86.46,0.318,0.2947843137254902
2,86.47,0.326,0.29405882352941176
2,86.48,0.297,0.2947843137254902
2,86.49,0.282,0.29433333333333334
2,86.5,0.305,0.29449019607843135
2,86.51,0.275,0.29445098039215684
2,86.52,0.29,0.2946470588235294
2,86.53,0.319,0.2950980392156863
2,86.54,0.272,0.2948823529411765
2,86.55,0.278,0.2954705882352941
2,86.56,0.282,0.29523529411764704
2,86.57,0.312,0.2955686274509804
2,86.58,0.312,0.29437254901960785
2,86.59,0.306,0.2938627450980392
2,86.6,0.307,0.29345098039215683
2,86.61,0.318,0.2927647058823529
2,86.62,0.286,0.2938627450980392
2,86.63,0.322,0.2936666666666667
2,86.64,0.314,0.29321568627450983
2,86.65,0.274,0.29254901960784313
2,86.66,0.321,0.2927647058823529
2,86.67,0.306,0.29262745098039217
2,86.68,0.297,0.29274509803921567
2,86.69,0.297,0.2939607843137255
2,86.7,0.269,0.294156862745098
2,86.71,0.284,0.29443137254901963
2,86.72,0.248,0.2943529411764706
2,86.73,0.306,0.29376470588235293
2,86.74,0.246,0.2939411764705882
2,86.75,0.286,0.29545098039215684
2,86.76,0.262,0.2955098039215686
2,86.77,0.308,0.29643137254901963
2,86.78,0.279,0.2985098039215686
2,86.79,0.279,0.297921568627451
2,86.8,0.282,0.2984705882352941
2,86.81,0.295,0.2990980392156863
2,86.82,0.294,0.29964705882352943
2,86.83,0.254,0.29974509803921573
2,86.84,0.303,0.30037254901960786
2,86.85,0.29,0.3003529411764706
2,86.86,0.262,0.30086274509803923
2,86.87,0.323,0.30049019607843136
2,86.88,0.231,0.30223529411764705
2,86.89,0.282,0.30270588235294116
2,86.9,0.274,0.30370588235294116
2,86.91,0.316,0.30598039215686273
2,86.92,0.299,0.30654901960784314
2,86.93,0.332,0.30829411764705883
2,86.94,0.346,0.30939215686274507
2,86.95,0.341,0.31098039215686274
2,86.96,0.309,0.31201960784313726
2,86.97,0.314,0.31370588235294117
2,86.98,0.296,0.3158627450980392
2,86.99,0.306,0.3176470588235294
2,87.0,0.359,0.3195882352941176
2,87.01,0.308,0.32178431372549016
2,87.02,0.322,0.32343137254901955
2,87.03,0.396,0.3251960784313725
2,87.04,0.289,0.3267647058823529
2,87.05,0.3,0.32847058823529407
2,87.06,0.31,0.32964705882352935
2,87.07,0.31,0.33166666666666667
2,87.08,0.317,0.3336078431372549
2,87.09,0.344,0.336313725490196
2,87.1,0.305,0.3381176470588235
2,87.11,0.333,0.33921568627450976
2,87.12,0.299,0.3403529411764705
2,87.13,0.375,0.34066666666666673
2,87.14,0.346,0.34337254901960784
2,87.15,0.365,0.345
2,87.16,0.39,0.347078431372549
2,87.17,0.35,0.34727450980392155
2,87.18,0.395,0.34968627450980394
2,87.19,0.353,0.3511372549019608
2,87.2,0.378,0.3528235294117647
2,87.21,0.322,0.3542745098039215
2,87.22,0.37,0.35749019607843135
2,87.23,0.358,0.3605686274509804
2,87.24,0.397,0.3628823529411765
2,87.25,0.345,0.3651372549019608
2,87.26,0.398,0.3667647058823529
2,87.27,0.346,0.3684705882352941
2,87.28,0.398,0.37070588235294116
2,87.29,0.359,0.37141176470588233
2,87.3,0.366,0.374921568627451
2,87.31,0.342,0.377921568627451
2,87.32,0.398,0.38005882352941184
2,87.33,0.393,0.382156862745098
2,87.34,0.392,0.38376470588235295
2,87.35,0.395,0.38607843137254905
2,87.36,0.346,0.3877254901960784
2,87.37,0.32,0.38954901960784316
2,87.38,0.339,0.39245098039215687
2,87.39,0.369,0.39299999999999996
2,87.4,0.365,0.39603921568627454
2,87.41,0.38,0.39696078431372545
2,87.42,0.326,0.3966862745098039
2,87.43,0.422,0.3976470588235294
2,87.44,0.406,0.3987843137254902
2,87.45,0.432,0.40162745098039215
2,87.46,0.415,0.4022941176470588
2,87.47,0.473,0.4056666666666667
2,87.48,0.471,0.40758823529411764
2,87.49,0.414,0.4096470588235295
2,87.5,0.421,0.4114705882352941
2,87.51,0.442,0.41505882352941176
2,87.52,0.395,0.4160784313725491
2,87.53,0.436,0.41931372549019613
2,87.54,0.432,0.4212352941176471
2,87.55,0.468,0.42333333333333334
2,87.56,0.453,0.42568627450980395
2,87.57,0.419,0.4277058823529412
2,87.58,0.417,0.43058823529411766
2,87.59,0.399,0.43370588235294116
2,87.6,0.462,0.4358627450980393
2,87.61,0.389,0.43739215686274513
2,87.62,0.426,0.4402549019607844
2,87.63,0.447,0.44433333333333336
2,87.64,0.403,0.4471764705882353
2,87.65,0.501,0.45007843137254905
2,87.66,0.412,0.4525294117647059
2,87.67,0.376,0.4537254901960784
2,87.68,0.399,0.4564509803921569
2,87.69,0.453,0.45807843137254906
2,87.7,0.498,0.46017647058823524
2,87.71,0.412,0.4615294117647059
2,87.72,0.494,0.463843137254902
2,87.73,0.468,0.4643137254901961
2,87.74,0.463,0.4651372549019608
2,87.75,0.49,0.4667058823529412
2,87.76,0.528,0.4688039215686275
2,87.77,0.45,0.4688823529411765
2,87.78,0.511,0.4713333333333333
2,87.79,0.496,0.47241176470588236
2,87.8,0.466,0.4728235294117647
2,87.81,0.486,0.47384313725490196
2,87.82,0.445,0.4748823529411765
2,87.83,0.545,0.47684313725490196
2,87.84,0.552,0.47809803921568633
2,87.85,0.502,0.4799803921568627
2,87.86,0.473,0.4797450980392157
2,87.87,0.492,0.4817058823529412
2,87.88,0.528,0.4827254901960784
2,87.89,0.484,0.4829607843137255
2,87.9,0.517,0.48427450980392156
2,87.91,0.49,0.4824509803921569
2,87.92,0.441,0.4836078431372549
2,87.93,0.465,0.4858823529411765
2,87.94,0.505,0.4894117647058824
2,87.95,0.513,0.489078431372549
2,87.96,0.501,0.48933333333333334
2,87.97,0.533,0.4911764705882353
2,87.98,0.497,0.4917450980392157
2,87.99,0.513,0.4922941176470588
2,88.0,0.494,0.49403921568627446
2,88.01,0.528,0.49360784313725486
2,88.02,0.446,0.49274509803921573
2,88.03,0.52,0.49331372549019603
2,88.04,0.491,0.4926078431372549
2,88.05,0.453,0.4927843137254902
2,88.06,0.52,0.49319607843137253
2,88.07,0.506,0.4933725490196078
2,88.08,0.519,0.4932156862745098
2,88.09,0.481,0.4924509803921569
2,88.1,0.495,0.49096078431372553
2,88.11,0.45,0.49043137254901964
2,88.12,0.489,0.49180392156862746
2,88.13,0.478,0.49135294117647055
2,88.14,0.459,0.48939215686274506
2,88.15,0.47,0.48907843137254897
2,88.16,0.408,0.4882745098039215
2,88.17,0.471,0.48794117647058827
2,88.18,0.492,0.4895294117647059
2,88.19,0.579,0.48970588235294116
2,88.2,0.436,0.4882549019607843
2,88.21,0.511,0.4880392156862745
2,88.22,0.506,0.48615686274509806
2,88.23,0.523,0.4827254901960784
2,88.24,0.496,0.4806862745098039
2,88.25,0.552,0.4785294117647059
2,88.26,0.468,0.47694117647058826
2,88.27,0.484,0.4754705882352941
2,88.28,0.479,0.4738627450980393
2,88.29,0.475,0.4720196078431373
2,88.3,0.505,0.47003921568627455
2,88.31,0.487,0.46854901960784306
2,88.32,0.495,0.46543137254901956
2,88.33,0.437,0.4634509803921569
2,88.34,0.506,0.4612352941176471
2,88.35,0.476,0.4591764705882353
2,88.36,0.475,0.45725490196078433
2,88.37,0.543,0.45674509803921565
2,88.38,0.469,0.4547450980392157
2,88.39,0.428,0.45299999999999996
2,88.4,0.468,0.4534901960784314
2,88.41,0.476,0.45333333333333337
2,88.42,0.473,0.4542156862745098
2,88.43,0.522,0.4539019607843137
2,88.44,0.474,0.45317647058823524
2,88.45,0.431,0.4495882352941177
2,88.46,0.502,0.4499803921568627
2,88.47,0.405,0.44882352941176473
2,88.48,0.358,0.44662745098039214
2,88.49,0.393,0.4451764705882353
2,88.5,0.403,0.4436666666666667
2,88.51,0.413,0.4414705882352941
2,88.52,0.453,0.4411568627450981
2,88.53,0.364,0.4399019607843137
2,88.54,0.426,0.43870588235294117
2,88.55,0.39,0.4372745098039215
2,88.56,0.377,0.43545098039215685
2,88.57,0.361,0.4340588235294118
2,88.58,0.405,0.43454901960784315
2,88.59,0.406,0.43470588235294116
2,88.6,0.376,0.432921568627451
2,88.61,0.397,0.4325686274509804
2,88.62,0.424,0.43198039215686274
2,88.63,0.387,0.429843137254902
2,88.64,0.389,0.42913725490196086
2,88.65,0.484,0.43017647058823527
2,88.66,0.462,0.4314313725490196
2,88.67,0.453,0.4313137254901961
2,88.68,0.455,0.4318235294117647
2,88.69,0.455,0.42986274509803923
2,88.7,0.396,0.4288235294117647
2,88.71,0.456,0.43011764705882355
2,88.72,0.452,0.43043137254901964
2,88.73,0.394,0.43258823529411766
2,88.74,0.449,0.4334313725490196
2,88.75,0.419,0.4342745098039216
2,88.76,0.44,0.4351176470588235
2,88.77,0.452,0.4351372549019608
2,88.78,0.42,0.4338039215686274
2,88.79,0.418,0.4345882352941176
2,88.8,0.402,0.4336470588235294
2,88.81,0.412,0.4336078431372549
2,88.82,0.416,0.4354117647058824
2,88.83,0.52,0.43756862745098035
2,88.84,0.445,0.44068627450980385
2,88.85,0.415,0.44382352941176473
2,88.86,0.458,0.44460784313725493
2,88.87,0.445,0.44690196078431377
2,88.88,0.434,0.44811764705882356
2,88.89,0.433,0.4494313725490196
2,88.9,0.481,0.4524901960784314
2,88.91,0.532,0.45315686274509803
2,88.92,0.47,0.4557058823529412
2,88.93,0.499,0.4570196078431373
2,88.94,0.422,0.46017647058823524
2,88.95,0.421,0.46268627450980393
2,88.96,0.497,0.463921568627451
2,88.97,0.518,0.46384313725490195
2,88.98,0.515,0.4632549019607843
2,88.99,0.401,0.4644901960784314
2,89.0,0.436,0.46515686274509804
2,89.01,0.446,0.46507843137254906
2,89.02,0.414,0.4657843137254902
2,89.03,0.385,0.466078431372549
2,89.04,0.404,0.46672549019607845
2,89.05,0.378,0.46760784313725495
2,89.06,0.388,0.4686274509803921
2,89.07,0.469,0.46925490196078434
2,89.08,0.471,0.47111764705882353
2,89.09,0.564,0.4721372549019608
2,89.1,0.566,0.4744313725490196
2,89.11,0.416,0.47701960784313724
2,89.12,0.514,0.4793529411764706
2,89.13,0.486,0.4815294117647059
2,89.14,0.454,0.4839803921568627
2,89.15,0.545,0.48623529411764704
2,89.16,0.518,0.48794117647058827
2,89.17,0.592,0.48923529411764705
2,89.18,0.52,0.4917058823529412
2,89.19,0.616,0.4939803921568627
2,89.2,0.583,0.49901960784313726
2,89.21,0.459,0.5020784313725489
2,89.22,0.452,0.5039019607843137
2,89.23,0.422,0.5053725490196078
2,89.24,0.457,0.5067843137254902
2,89.25,0.483,0.5125098039215686
2,89.26,0.415,0.5167843137254902
2,89.27,0.476,0.5205294117647059
2,89.28,0.467,0.5245294117647058
2,89.29,0.453,0.5291960784313726
2,89.3,0.463,0.5332745098039217
2,89.31,0.454,0.5388039215686276
2,89.32,0.444,0.5428627450980392
2,89.33,0.511,0.5465098039215687
2,89.34,0.572,0.549607843137255
2,89.35,0.562,0.5508627450980392
2,89.36,0.547,0.5522941176470588
2,89.37,0.577,0.5559411764705882
2,89.38,0.556,0.5578823529411764
2,89.39,0.559,0.5594117647058823
2,89.4,0.548,0.5636470588235295
2,89.41,0.568,0.5662745098039216
2,89.42,0.598,0.5677254901960784
2,89.43,0.596,0.5682352941176471
2,89.44,0.615,0.5696862745098039
2,89.45,0.679,0.5692549019607843
2,89.46,0.577,0.5696666666666667
2,89.47,0.59,0.572078431372549
2,89.48,0.593,0.5756470588235294
2,89.49,0.587,0.5785882352941176
2,89.5,0.693,0.5831960784313726
2,89.51,0.654,0.5860392156862745
2,89.52,0.637,0.592078431372549
2,89.53,0.618,0.5947843137254902
2,89.54,0.623,0.596313725490196
2,89.55,0.612,0.5988823529411764
2,89.56,0.66,0.6000196078431372
2,89.57,0.595,0.6013725490196079
2,89.58,0.655,0.6037058823529411
2,89.59,0.629,0.6062352941176471
2,89.6,0.628,0.6084117647058823
2,89.61,0.639,0.6098039215686274
2,89.62,0.602,0.6109411764705882
2,89.63,0.613,0.6113529411764707
2,89.64,0.564,0.6124117647058823
2,89.65,0.67,0.6137843137254901
2,89.66,0.679,0.6162941176470589
2,89.67,0.592,0.6169411764705882
2,89.68,0.618,0.617
2,89.69,0.594,0.6173333333333333
2,89.7,0.594,0.6164117647058823
2,89.71,0.604,0.6149019607843137
2,89.72,0.582,0.6159019607843138
2,89.73,0.634,0.6154313725490196
2,89.74,0.572,0.6150196078431373
2,89.75,0.692,0.6153529411764705
2,89.76,0.628,0.6125686274509804
2,89.77,0.723,0.6112745098039216
2,89.78,0.614,0.6106470588235294
2,89.79,0.545,0.6092352941176471
2,89.8,0.584,0.6076078431372549
2,89.81,0.521,0.6056862745098038
2,89.82,0.523,0.6025490196078431
2,89.83,0.563,0.6009607843137255
2,89.84,0.64,0.5988627450980392
2,89.85,0.683,0.5971176470588235
2,89.86,0.633,0.5970980392156863
2,89.87,0.605,0.5946470588235294
2,89.88,0.598,0.5926862745098039
2,89.89,0.61,0.5909607843137255
2,89.9,0.629,0.5889411764705883
2,89.91,0.676,0.5871960784313726
2,89.92,0.601,0.5833529411764706
2,89.93,0.601,0.581235294117647
2,89.94,0.613,0.5779019607843137
2,89.95,0.568,0.5755294117647058
2,89.96,0.602,0.5733529411764706
2,89.97,0.628,0.5699607843137254
2,89.98,0.566,0.5682745098039216
2,89.99,0.572,0.5653529411764706
2,90.0,0.604,0.5631372549019609
2,90.01,0.551,0.5587254901960784
2,90.02,0.588,0.5560392156862746
2,90.03,0.605,0.5517058823529412
2,90.04,0.546,0.5484705882352942
2,90.05,0.54,0.548156862745098
2,90.06,0.514,0.5472745098039216
2,90.07,0.5,0.5465882352941176
2,90.08,0.514,0.5466078431372549
2,90.09,0.548,0.5456666666666666
2,90.1,0.54,0.545235294117647
2,90.11,0.627,0.5428823529411765
2,90.12,0.514,0.5400784313725491
2,90.13,0.502,0.5369411764705883
2,90.14,0.525,0.5348039215686274
2,90.15,0.461,0.5332941176470588
2,90.16,0.581,0.5308627450980392
2,90.17,0.483,0.5268235294117647
2,90.18,0.484,0.5246862745098039
2,90.19,0.448,0.5220784313725491
2,90.2,0.473,0.5203725490196078
2,90.21,0.483,0.5186078431372549
2,90.22,0.431,0.5167843137254902
2,90.23,0.496,0.5139411764705882
2,90.24,0.485,0.5122156862745099
2,90.25,0.459,0.5104901960784314
2,90.26,0.467,0.5087058823529411
2,90.27,0.491,0.5071372549019608
2,90.28,0.502,0.5054509803921569
2,90.29,0.449,0.5030196078431373
2,90.3,0.529,0.5020784313725489
2,90.31,0.539,0.5023921568627451
2,90.32,0.486,0.5023725490196079
2,90.33,0.524,0.5022352941176471
2,90.34,0.515,0.502078431372549
2,90.35,0.618,0.5001568627450981
2,90.36,0.563,0.4984901960784314
2,90.37,0.49,0.4947450980392157
2,90.38,0.445,0.493156862745098
2,90.39,0.489,0.49223529411764705
2,90.4,0.533,0.49182352941176477
2,90.41,0.505,0.4920392156862745
2,90.42,0.47,0.4902745098039216
2,90.43,0.492,0.4890392156862745
2,90.44,0.468,0.4886078431372549
2,90.45,0.526,0.48854901960784314
2,90.46,0.478,0.4879803921568627
2,90.47,0.509,0.4879019607843138
2,90.48,0.483,0.4888823529411765
2,90.49,0.478,0.4893921568627452
2,90.5,0.484,0.489235294117647
2,90.51,0.513,0.490156862745098
2,90.52,0.471,0.49043137254901964
2,90.53,0.502,0.4902745098039216
2,90.54,0.481,0.48994117647058827
2,90.55,0.498,0.48986274509803923
2,90.56,0.556,0.4888627450980392
2,90.57,0.513,0.4866078431372549
2,90.58,0.493,0.48647058823529415
2,90.59,0.506,0.4862941176470589
2,90.6,0.45,0.4854705882352941
2,90.61,0.455,0.48315686274509806
2,90.62,0.436,0.4814313725490196
2,90.63,0.433,0.48105882352941176
2,90.64,0.455,0.4823137254901961
2,90.65,0.504,0.4822352941176471
2,90.66,0.472,0.4802156862745098
2,90.67,0.491,0.4804117647058823
2,90.68,0.42,0.48096078431372546
2,90.69,0.462,0.4803725490196078
2,90.7,0.445,0.48007843137254896
2,90.71,0.444,0.4788627450980392
2,90.72,0.479,0.47807843137254896
2,90.73,0.481,0.47778431372549024
2,90.74,0.522,0.47715686274509805
2,90.75,0.477,0.4772941176470588
2,90.76,0.506,0.4776666666666667
2,90.77,0.481,0.4769411764705882
2,90.78,0.483,0.4767254901960784
2,90.79,0.485,0.4758627450980393
2,90.8,0.445,0.4762941176470588
2,90.81,0.478,0.47445098039215694
2,90.82,0.424,0.4729019607843138
2,90.83,0.479,0.47227450980392155
2,90.84,0.515,0.4721764705882353
2,90.85,0.473,0.4720980392156862
2,90.86,0.5,0.47223529411764703
2,90.87,0.475,0.4725686274509804
2,90.88,0.471,0.47337254901960785
2,90.89,0.509,0.47482352941176464
2,90.9,0.485,0.47533333333333333
2,90.91,0.43,0.47458823529411764
2,90.92,0.515,0.4753333333333333
2,90.93,0.498,0.47531372549019607
2,90.94,0.462,0.47696078431372546
2,90.95,0.453,0.47917647058823526
2,90.96,0.464,0.4800784313725491
2,90.97,0.438,0.4805490196078432
2,90.98,0.494,0.48033333333333333
2,90.99,0.451,0.48137254901960785
2,91.0,0.485,0.48105882352941176
2,91.01,0.503,0.48100000000000004
2,91.02,0.476,0.4796666666666667
2,91.03,0.46,0.48005882352941176
2,91.04,0.458,0.4818823529411765
2,91.05,0.503,0.4824705882352941
2,91.06,0.404,0.4843137254901961
2,91.07,0.477,0.48517647058823526
2,91.08,0.481,0.48766666666666664
2,91.09,0.488,0.4876274509803922
2,91.1,0.502,0.48596078431372547
2,91.11,0.457,0.4857058823529412
2,91.12,0.472,0.48560784313725486
2,91.13,0.477,0.48449019607843136
2,91.14,0.507,0.483843137254902
2,91.15,0.481,0.4811960784313726
2,91.16,0.466,0.4794313725490196
2,91.17,0.51,0.47849019607843135
2,91.18,0.49,0.4764901960784314
2,91.19,0.504,0.47384313725490196
2,91.2,0.575,0.4721372549019608
2,91.21,0.491,0.47100000000000003
2,91.22,0.468,0.4698823529411764
2,91.23,0.468,0.46984313725490195
2,91.24,0.534,0.4679607843137255
2,91.25,0.506,0.46719607843137256
2,91.26,0.474,0.4664705882352941
2,91.27,0.438,0.46527450980392154
2,91.28,0.501,0.4646274509803922
2,91.29,0.576,0.46437254901960784
2,91.3,0.515,0.464156862745098
2,91.31,0.539,0.4622549019607843
2,91.32,0.522,0.4632352941176471
2,91.33,0.551,0.46192156862745104
2,91.34,0.477,0.4616470588235294
2,91.35,0.43,0.45988235294117646
2,91.36,0.46,0.457686274509804
2,91.37,0.495,0.45723529411764713
2,91.38,0.418,0.4560588235294118
2,91.39,0.438,0.45541176470588235
2,91.4,0.374,0.4548823529411765
2,91.41,0.395,0.45337254901960783
2,91.42,0.382,0.45256862745098037
2,91.43,0.413,0.45033333333333336
2,91.44,0.363,0.44841176470588234
2,91.45,0.375,0.4474117647058824
2,91.46,0.395,0.44521568627450986
2,91.47,0.407,0.4443725490196078
2,91.48,0.436,0.44290196078431365
2,91.49,0.398,0.4415686274509804
2,91.5,0.412,0.4393529411764706
2,91.51,0.448,0.4370588235294117
2,91.52,0.442,0.43554901960784315
2,91.53,0.443,0.43466666666666665
2,91.54,0.447,0.43319607843137253
2,91.55,0.447,0.42992156862745096
2,91.56,0.406,0.42986274509803923
2,91.57,0.454,0.42886274509803923
2,91.58,0.41,0.4260588235294118
2,91.59,0.467,0.42454901960784314
2,91.6,0.398,0.4244901960784314
2,91.61,0.39,0.4251960784313725
2,91.62,0.434,0.4249019607843137
2,91.63,0.412,0.42415686274509806
2,91.64,0.444,0.4255882352941176
2,91.65,0.48,0.426
2,91.66,0.404,0.42800000000000005
2,91.67,0.425,0.42884313725490203
2,91.68,0.396,0.4309607843137255
2,91.69,0.392,0.4312941176470588
2,91.7,0.453,0.4331764705882353
2,91.71,0.463,0.43523529411764705
2,91.72,0.448,0.43637254901960787
2,91.73,0.393,0.43852941176470595
2,91.74,0.4,0.4384117647058824
2,91.75,0.421,0.44054901960784315
2,91.76,0.389,0.4415686274509804
2,91.77,0.397,0.4420588235294118
2,91.78,0.393,0.4431372549019608
2,91.79,0.426,0.4425686274509804
2,91.8,0.409,0.44180392156862747
2,91.81,0.512,0.4415098039215687
2,91.82,0.488,0.44313725490196076
2,91.83,0.379,0.4424313725490196
2,91.84,0.474,0.4413725490196078
2,91.85,0.474,0.44109803921568624
2,91.86,0.466,0.4424901960784314
2,91.87,0.445,0.44325490196078426
2,91.88,0.457,0.44443137254901954
2,91.89,0.491,0.44623529411764706
2,91.9,0.459,0.446843137254902
2,91.91,0.476,0.44719607843137255
2,91.92,0.438,0.44929411764705884
2,91.93,0.49,0.4499803921568627
2,91.94,0.43,0.4527450980392157
2,91.95,0.459,0.4541960784313725
2,91.96,0.48,0.45498039215686276
2,91.97,0.453,0.4549019607843137
2,91.98,0.517,0.45578431372549016
2,91.99,0.43,0.457686274509804
2,92.0,0.507,0.45925490196078433
2,92.01,0.464,0.46125490196078434
2,92.02,0.473,0.46298039215686276
2,92.03,0.497,0.4647843137254901
2,92.04,0.414,0.46637254901960784
2,92.05,0.408,0.4672352941176471
2,92.06,0.432,0.46790196078431373
2,92.07,0.489,0.46603921568627454
2,92.08,0.418,0.46601960784313723
2,92.09,0.356,0.46799999999999997
2,92.1,0.453,0.46707843137254895
2,92.11,0.469,0.4668627450980392
2,92.12,0.429,0.46637254901960784
2,92.13,0.494,0.46668627450980393
2,92.14,0.504,0.46637254901960784
2,92.15,0.475,0.46527450980392154
2,92.16,0.498,0.46601960784313723
2,92.17,0.511,0.4657450980392156
2,92.18,0.46,0.46674509803921566
2,92.19,0.537,0.46729411764705886
2,92.2,0.466,0.4684313725490196
2,92.21,0.493,0.46962745098039216
2,92.22,0.459,0.47052941176470586
2,92.23,0.493,0.4712745098039215
2,92.24,0.49,0.4707058823529412
2,92.25,0.48,0.4716078431372549
2,92.26,0.523,0.470686274509804
2,92.27,0.477,0.4709803921568627
2,92.28,0.489,0.47094117647058825
2,92.29,0.474,0.4726470588235294
2,92.3,0.47,0.47498039215686266
2,92.31,0.443,0.4769803921568628
2,92.32,0.417,0.4791960784313726
2,92.33,0.487,0.4776470588235295
2,92.34,0.48,0.4794705882352941
2,92.35,0.427,0.48284313725490197
2,92.36,0.463,0.4827450980392157
2,92.37,0.441,0.4820980392156863
2,92.38,0.461,0.4827058823529412
2,92.39,0.441,0.4818039215686275
2,92.4,0.435,0.48096078431372546
2,92.41,0.497,0.48015686274509806
2,92.42,0.462,0.47894117647058826
2,92.43,0.489,0.47770588235294115
2,92.44,0.518,0.47825490196078435
2,92.45,0.488,0.4771176470588235
2,92.46,0.52,0.4770980392156863
2,92.47,0.526,0.4765882352941176
2,92.48,0.491,0.4760392156862745
2,92.49,0.488,0.4761568627450981
2,92.5,0.476,0.4769411764705882
2,92.51,0.46,0.4765098039215686
2,92.52,0.479,0.4762941176470588
2,92.53,0.471,0.47549019607843135
2,92.54,0.584,0.47445098039215694
2,92.55,0.533,0.47350980392156866
2,92.56,0.51,0.47386274509803916
2,92.57,0.545,0.4737647058823529
2,92.58,0.41,0.4749411764705882
2,92.59,0.511,0.47472549019607846
2,92.6,0.528,0.4749019607843137
2,92.61,0.448,0.47468627450980394
2,92.62,0.436,0.47425490196078435
2,92.63,0.46,0.4740196078431373
2,92.64,0.448,0.474
2,92.65,0.461,0.47405882352941175
2,92.66,0.434,0.4741764705882353
2,92.67,0.436,0.47215686274509805
2,92.68,0.448,0.4711764705882353
2,92.69,0.488,0.4693529411764706
2,92.7,0.479,0.4671176470588235
2,92.71,0.465,0.46519607843137256
2,92.72,0.467,0.46292156862745104
2,92.73,0.431,0.4610980392156863
2,92.74,0.499,0.45988235294117646
2,92.75,0.53,0.4588039215686274
2,92.76,0.458,0.4589019607843137
2,92.77,0.512,0.45868627450980387
2,92.78,0.436,0.45774509803921565
2,92.79,0.436,0.45739215686274504
2,92.8,0.426,0.45541176470588235
2,92.81,0.488,0.45331372549019616
2,92.82,0.438,0.4513529411764706
2,92.83,0.477,0.44968627450980386
2,92.84,0.476,0.45035294117647057
2,92.85,0.489,0.44894117647058823
2,92.86,0.416,0.44723529411764706
2,92.87,0.441,0.44729411764705884
2,92.88,0.429,0.4480980392156863
2,92.89,0.46,0.44801960784313727
2,92.9,0.444,0.4489411764705882
2,92.91,0.441,0.4494705882352942
2,92.92,0.394,0.44925490196078427
2,92.93,0.412,0.45019607843137255
2,92.94,0.396,0.45035294117647057
2,92.95,0.404,0.44915686274509803
2,92.96,0.39,0.4486862745098039
2,92.97,0.404,0.44929411764705884
2,92.98,0.433,0.44780392156862747
2,92.99,0.429,0.4484509803921569
2,93.0,0.433,0.4463921568627451
2,93.01,0.481,0.44354901960784315
2,93.02,0.449,0.44288235294117645
2,93.03,0.431,0.44201960784313726
2,93.04,0.453,0.44270588235294117
2,93.05,0.483,0.4436078431372549
2,93.06,0.426,0.4441176470588235
2,93.07,0.41,0.4442352941176471
2,93.08,0.46,0.444921568627451
2,93.09,0.444,0.4455686274509804
2,93.1,0.439,0.44694117647058823
2,93.11,0.441,0.4460980392156863
2,93.12,0.451,0.4485098039215687
2,93.13,0.477,0.4518627450980392
2,93.14,0.456,0.4555882352941176
2,93.15,0.495,0.459156862745098
2,93.16,0.488,0.4622549019607843
2,93.17,0.423,0.4666666666666667
2,93.18,0.484,0.47301960784313724
2,93.19,0.456,0.4780196078431373
2,93.2,0.427,0.48249019607843135
2,93.21,0.455,0.48698039215686273
2,93.22,0.496,0.49147058823529405
2,93.23,0.391,0.4961764705882353
2,93.24,0.464,0.4994705882352941
2,93.25,0.394,0.5026078431372549
2,93.26,0.385,0.5062549019607844
2,93.27,0.424,0.509921568627451
2,93.28,0.468,0.5134117647058823
2,93.29,0.471,0.5164117647058823
2,93.3,0.482,0.5188823529411765
2,93.31,0.452,0.5208823529411765
2,93.32,0.494,0.5244901960784314
2,93.33,0.473,0.5289411764705882
2,93.34,0.51,0.5322549019607843
2,93.35,0.546,0.5358627450980391
2,93.36,0.446,0.54
2,93.37,0.539,0.5423725490196079
2,93.38,0.612,0.5449019607843137
2,93.39,0.619,0.5469019607843137
2,93.4,0.642,0.5506666666666666
2,93.41,0.602,0.5521372549019609
2,93.42,0.666,0.5538627450980392
2,93.43,0.718,0.5578039215686275
2,93.44,0.667,0.5602941176470588
2,93.45,0.624,0.5648627450980392
2,93.46,0.633,0.5677843137254902
2,93.47,0.619,0.5701176470588235
2,93.48,0.644,0.572156862745098
2,93.49,0.601,0.5772745098039216
2,93.5,0.589,0.5806078431372549
2,93.51,0.619,0.5849215686274509
2,93.52,0.668,0.5893333333333333
2,93.53,0.627,0.5925098039215686
2,93.54,0.584,0.5944705882352941
2,93.55,0.579,0.597392156862745
2,93.56,0.585,0.5988627450980392
2,93.57,0.61,0.6022352941176471
2,93.58,0.637,0.6037254901960785
2,93.59,0.629,0.6053529411764705
2,93.6,0.628,0.6080588235294119
2,93.61,0.65,0.6112549019607844
2,93.62,0.562,0.6150392156862745
2,93.63,0.58,0.6162745098039215
2,93.64,0.579,0.6168039215686275
2,93.65,0.648,0.616686274509804
2,93.66,0.57,0.6159215686274511
2,93.67,0.576,0.6161372549019608
2,93.68,0.624,0.6153725490196078
2,93.69,0.611,0.6129607843137255
2,93.7,0.689,0.6123725490196078
2,93.71,0.576,0.6132745098039216
2,93.72,0.574,0.6132352941176471
2,93.73,0.6,0.6131764705882353
2,93.74,0.652,0.6124313725490196
2,93.75,0.634,0.6127450980392157
2,93.76,0.614,0.6140392156862745
2,93.77,0.61,0.6148431372549019
2,93.78,0.586,0.6141960784313725
2,93.79,0.568,0.613921568627451
2,93.8,0.62,0.6145098039215686
2,93.81,0.557,0.6149803921568627
2,93.82,0.624,0.6144901960784314
2,93.83,0.57,0.6142745098039215
2,93.84,0.556,0.6134509803921568
2,93.85,0.648,0.6131568627450981
2,93.86,0.709,0.6131568627450981
2,93.87,0.639,0.6122156862745097
2,93.88,0.602,0.6130588235294118
2,93.89,0.639,0.6139019607843137
2,93.9,0.613,0.6173725490196078
2,93.91,0.603,0.6184509803921568
2,93.92,0.613,0.6199803921568627
2,93.93,0.627,0.6210196078431371
2,93.94,0.595,0.621078431372549
2,93.95,0.637,0.6205098039215686
2,93.96,0.67,0.6189019607843137
2,93.97,0.631,0.6196666666666666
2,93.98,0.616,0.6209607843137255
2,93.99,0.606,0.6212745098039215
2,94.0,0.617,0.6212549019607844
2,94.01,0.655,0.6202352941176471
2,94.02,0.66,0.619686274509804
2,94.03,0.635,0.6197450980392156
2,94.04,0.613,0.6200392156862745
2,94.05,0.614,0.6198235294117648
2,94.06,0.603,0.6180196078431373
2,94.07,0.56,0.6189411764705883
2,94.08,0.599,0.6181372549019608
2,94.09,0.595,0.6181176470588234
2,94.1,0.614,0.6171764705882353
2,94.11,0.628,0.6149019607843137
2,94.12,0.602,0.6114509803921568
2,94.13,0.605,0.6091568627450981
2,94.14,0.623,0.6062549019607844
2,94.15,0.756,0.6022549019607844
2,94.16,0.703,0.5993333333333333
2,94.17,0.648,0.5972941176470589
2,94.18,0.629,0.594078431372549
2,94.19,0.627,0.5905294117647059
2,94.2,0.582,0.5879803921568628
2,94.21,0.607,0.5835882352941176
2,94.22,0.615,0.5771372549019608
2,94.23,0.64,0.5713529411764706
2,94.24,0.616,0.566764705882353
2,94.25,0.651,0.5615686274509804
2,94.26,0.582,0.5562156862745098
2,94.27,0.586,0.5501372549019607
2,94.28,0.613,0.543843137254902
2,94.29,0.601,0.5373529411764706
2,94.3,0.557,0.5318235294117647
2,94.31,0.528,0.526
2,94.32,0.604,0.5200196078431373
2,94.33,0.583,0.5154117647058823
2,94.34,0.569,0.5104509803921569
2,94.35,0.508,0.506
2,94.36,0.532,0.5007058823529412
2,94.37,0.533,0.4940980392156863
2,94.38,0.522,0.48872549019607847
2,94.39,0.454,0.4823529411764706
2,94.4,0.435,0.47670588235294115
2,94.41,0.464,0.46786274509803916
2,94.42,0.499,0.4617647058823529
2,94.43,0.449,0.45552941176470585
2,94.44,0.446,0.4504901960784314
2,94.45,0.465,0.44490196078431365
2,94.46,0.413,0.44056862745098035
2,94.47,0.341,0.4351372549019608
2,94.48,0.336,0.4307254901960785
2,94.49,0.382,0.4246274509803921
2,94.5,0.341,0.41925490196078435
2,94.51,0.344,0.4137647058823529
2,94.52,0.345,0.40884313725490196
2,94.53,0.339,0.4039607843137255
2,94.54,0.304,0.3981960784313726
2,94.55,0.331,0.39305882352941174
2,94.56,0.317,0.3896274509803922
2,94.57,0.298,0.3861372549019608
2,94.58,0.325,0.3809019607843137
2,94.59,0.346,0.37580392156862746
2,94.6,0.368,0.3705686274509804
2,94.61,0.344,0.367
2,94.62,0.291,0.36280392156862745
2,94.63,0.328,0.35984313725490197
2,94.64,0.28,0.3561176470588235
2,94.65,0.335,0.35398039215686267
2,94.66,0.305,0.35111764705882353
2,94.67,0.392,0.3487843137254902
2,94.68,0.33,0.34580392156862744
2,94.69,0.372,0.34358823529411764
2,94.7,0.342,0.3417647058823529
2,94.71,0.361,0.33958823529411764
2,94.72,0.33,0.3380196078431373
2,94.73,0.39,0.3380000000000001
2,94.74,0.329,0.3373921568627451
2,94.75,0.342,0.3356666666666667
2,94.76,0.371,0.33488235294117646
2,94.77,0.331,0.33549019607843134
2,94.78,0.337,0.33509803921568626
2,94.79,0.319,0.3346862745098039
2,94.8,0.339,0.3360196078431373
2,94.81,0.382,0.3361176470588235
2,94.82,0.35,0.33684313725490195
2,94.83,0.337,0.3374117647058823
2,94.84,0.323,0.337235294117647
2,94.85,0.302,0.3377647058823529
2,94.86,0.326,0.33794117647058824
2,94.87,0.318,0.3382549019607843
2,94.88,0.382,0.33939215686274504
2,94.89,0.332,0.33984313725490195
2,94.9,0.345,0.34084313725490195
2,94.91,0.289,0.34178431372549023
2,94.92,0.345,0.34205882352941175
2,94.93,0.347,0.34192156862745093
2,94.94,0.336,0.3425294117647059
2,94.95,0.353,0.34207843137254906
2,94.96,0.354,0.34082352941176475
2,94.97,0.333,0.34019607843137256
2,94.98,0.34,0.34043137254901956
2,94.99,0.305,0.3387647058823529
2,95.0,0.294,0.33868627450980393
2,95.01,0.301,0.3386470588235294
2,95.02,0.375,0.33788235294117647
2,95.03,0.325,0.3383725490196079
2,95.04,0.318,0.33798039215686276
2,95.05,0.372,0.3387254901960784
2,95.06,0.336,0.338921568627451
2,95.07,0.354,0.3385686274509804
2,95.08,0.327,0.33821568627450976
2,95.09,0.316,0.3384901960784314
2,95.1,0.373,0.3395490196078431
2,95.11,0.377,0.3399607843137255
2,95.12,0.36,0.3406470588235294
2,95.13,0.349,0.34103921568627443
2,95.14,0.351,0.34082352941176475
2,95.15,0.331,0.34101960784313723
2,95.16,0.383,0.34047058823529414
2,95.17,0.319,0.3416470588235294
2,95.18,0.385,0.34129411764705886
2,95.19,0.361,0.341078431372549
2,95.2,0.349,0.34190196078431373
2,95.21,0.278,0.342921568627451
2,95.22,0.329,0.34276470588235297
2,95.23,0.342,0.34286274509803916
2,95.24,0.305,0.34429411764705875
2,95.25,0.325,0.34525490196078434
2,95.26,0.34,0.34658823529411764
2,95.27,0.332,0.347156862745098
2,95.28,0.356,0.3463921568627451
2,95.29,0.317,0.34725490196078435
2,95.3,0.357,0.34754901960784307
2,95.31,0.349,0.3467254901960784
2,95.32,0.364,0.34690196078431373
2,95.33,0.332,0.3465882352941177
2,95.34,0.351,0.3470196078431373
2,95.35,0.377,0.34800000000000003
2,95.36,0.323,0.3470980392156863
2,95.37,0.361,0.3469411764705883
2,95.38,0.338,0.34649019607843146
2,95.39,0.371,0.3474509803921569
2,95.4,0.342,0.34823529411764703
2,95.41,0.317,0.3477843137254902
2,95.42,0.349,0.3467450980392157
2,95.43,0.327,0.3470196078431373
2,95.44,0.336,0.34580392156862744
2,95.45,0.378,0.3458431372549019
2,95.46,0.405,0.3450392156862745
2,95.47,0.346,0.3455098039215686
2,95.48,0.338,0.34594117647058825
2,95.49,0.413,0.34684313725490196
2,95.5,0.354,0.3485294117647059
2,95.51,0.362,0.35050980392156866
2,95.52,0.33,0.3508627450980393
2,95.53,0.336,0.35141176470588237
2,95.54,0.369,0.3517843137254902
2,95.55,0.333,0.35284313725490196
2,95.56,0.33,0.35258823529411765
2,95.57,0.345,0.3522549019607843
2,95.58,0.338,0.35196078431372546
2,95.59,0.349,0.3521176470588236
2,95.6,0.366,0.35184313725490196
2,95.61,0.327,0.35094117647058826
2,95.62,0.369,0.3513921568627451
2,95.63,0.337,0.35107843137254896
2,95.64,0.398,0.35237254901960785
2,95.65,0.391,0.35182352941176465
2,95.66,0.308,0.3521960784313725
2,95.67,0.33,0.35284313725490196
2,95.68,0.333,0.3533529411764706
2,95.69,0.323,0.3533725490196078
2,95.7,0.363,0.35417647058823526
2,95.71,0.308,0.3539411764705882
2,95.72,0.302,0.35307843137254896
2,95.73,0.351,0.3531960784313725
2,95.74,0.388,0.3536470588235294
2,95.75,0.391,0.35305882352941176
2,95.76,0.426,0.3534117647058823
2,95.77,0.358,0.3533137254901961
2,95.78,0.36,0.3539019607843138
2,95.79,0.375,0.3546666666666667
2,95.8,0.371,0.3543333333333334
2,95.81,0.344,0.35490196078431374
2,95.82,0.332,0.3553921568627451
2,95.83,0.349,0.35568627450980395
2,95.84,0.34,0.3555098039215686
2,95.85,0.337,0.35511764705882354
2,95.86,0.331,0.3541960784313726
2,95.87,0.346,0.3543333333333333
2,95.88,0.345,0.3554509803921569
2,95.89,0.404,0.3555882352941176
2,95.9,0.343,0.3546862745098039
2,95.91,0.361,0.35543137254901963
2,95.92,0.35,0.35811764705882354
2,95.93,0.375,0.35937254901960786
2,95.94,0.328,0.3599607843137255
2,95.95,0.377,0.3608235294117647
2,95.96,0.366,0.36190196078431375
2,95.97,0.361,0.3632549019607843
2,95.98,0.352,0.3657843137254902
2,95.99,0.361,0.36739215686274507
2,96.0,0.383,0.368764705882353
2,96.01,0.372,0.368843137254902
2,96.02,0.357,0.36941176470588233
2,96.03,0.36,0.3698823529411765
2,96.04,0.375,0.3696862745098039
2,96.05,0.352,0.3703137254901961
2,96.06,0.362,0.3699019607843137
2,96.07,0.355,0.3702352941176471
2,96.08,0.36,0.37139215686274507
2,96.09,0.329,0.3718823529411765
2,96.1,0.329,0.3726274509803922
2,96.11,0.319,0.37413725490196076
2,96.12,0.334,0.37488235294117644
2,96.13,0.426,0.3757058823529412
2,96.14,0.344,0.37668627450980396
2,96.15,0.352,0.37639215686274513
2,96.16,0.429,0.377
2,96.17,0.445,0.3769803921568628
2,96.18,0.394,0.37750980392156863
2,96.19,0.363,0.3779607843137255
2,96.2,0.367,0.3799019607843137
2,96.21,0.418,0.37964705882352945
2,96.22,0.377,0.38011764705882356
2,96.23,0.431,0.38035294117647056
2,96.24,0.433,0.3807843137254902
2,96.25,0.458,0.3810588235294118
2,96.26,0.395,0.3813725490196078
2,96.27,0.455,0.3813725490196078
2,96.28,0.382,0.38168627450980397
2,96.29,0.35,0.3821764705882353
2,96.3,0.407,0.3822745098039215
2,96.31,0.35,0.38247058823529406
2,96.32,0.361,0.3824901960784314
2,96.33,0.391,0.3834901960784314
2,96.34,0.374,0.3850588235294118
2,96.35,0.378,0.38554901960784316
2,96.36,0.414,0.3862156862745098
2,96.37,0.369,0.3870980392156863
2,96.38,0.388,0.3884901960784313
2,96.39,0.395,0.3876862745098039
2,96.4,0.389,0.388921568627451
2,96.41,0.374,0.3902745098039216
2,96.42,0.36,0.3892941176470588
2,96.43,0.377,0.387843137254902
2,96.44,0.398,0.3881960784313725
2,96.45,0.427,0.38935294117647057
2,96.46,0.364,0.38990196078431366
2,96.47,0.39,0.3889607843137255
2,96.48,0.373,0.3892352941176471
2,96.49,0.374,0.3872549019607843
2,96.5,0.375,0.3866862745098039
2,96.51,0.399,0.38535294117647056
2,96.52,0.372,0.38480392156862747
2,96.53,0.373,0.3832549019607843
2,96.54,0.385,0.3832745098039216
2,96.55,0.38,0.3830196078431373
2,96.56,0.362,0.3826666666666667
2,96.57,0.363,0.38350980392156864
2,96.58,0.406,0.38366666666666666
2,96.59,0.44,0.3835686274509804
2,96.6,0.354,0.38409803921568625
2,96.61,0.363,0.38313725490196077
2,96.62,0.364,0.3807450980392157
2,96.63,0.405,0.3796274509803922
2,96.64,0.385,0.3786666666666666
2,96.65,0.407,0.3779607843137255
2,96.66,0.421,0.376843137254902
2,96.67,0.379,0.3754901960784314
2,96.68,0.371,0.37503921568627446
2,96.69,0.412,0.3742156862745098
2,96.7,0.422,0.3717450980392157
2,96.71,0.395,0.3702549019607843
2,96.72,0.37,0.36970588235294116
2,96.73,0.391,0.36890196078431375
2,96.74,0.33,0.3681960784313726
2,96.75,0.404,0.36760784313725486
2,96.76,0.39,0.3660980392156863
2,96.77,0.367,0.364764705882353
2,96.78,0.376,0.3639411764705883
2,96.79,0.383,0.3632941176470589
2,96.8,0.337,0.3623725490196078
2,96.81,0.389,0.3628823529411765
2,96.82,0.393,0.3639607843137255
2,96.83,0.369,0.36631372549019603
2,96.84,0.386,0.3672549019607843
2,96.85,0.401,0.3675490196078431
2,96.86,0.329,0.3690588235294118
2,96.87,0.292,0.36998039215686274
2,96.88,0.312,0.3698627450980392
2,96.89,0.339,0.36905882352941183
2,96.9,0.359,0.36852941176470594
2,96.91,0.332,0.36660784313725486
2,96.92,0.305,0.3658235294117647
2,96.93,0.337,0.3658823529411765
2,96.94,0.335,0.3662156862745098
2,96.95,0.272,0.3646862745098039
2,96.96,0.351,0.3638039215686275
2,96.97,0.336,0.36333333333333334
2,96.98,0.349,0.3630588235294118
2,96.99,0.337,0.3616470588235294
2,97.0,0.344,0.3616274509803922
2,97.01,0.298,0.3604117647058824
2,97.02,0.331,0.3584901960784314
2,97.03,0.33,0.35786274509803917
2,97.04,0.34,0.35637254901960785
2,97.05,0.338,0.3548627450980392
2,97.06,0.406,0.3548823529411765
2,97.07,0.417,0.35286274509803917
2,97.08,0.483,0.35111764705882353
2,97.09,0.454,0.3506862745098039
2,97.1,0.455,0.349156862745098
2,97.11,0.431,0.34774509803921566
2,97.12,0.41,0.3471764705882353
2,97.13,0.358,0.3473333333333334
2,97.14,0.364,0.3473333333333333
2,97.15,0.358,0.34739215686274516
2,97.16,0.309,0.3472941176470588
2,97.17,0.381,0.34692156862745094
2,97.18,0.382,0.3469607843137255
2,97.19,0.388,0.3467450980392157
2,97.2,0.334,0.348
2,97.21,0.377,0.3499803921568628
2,97.22,0.371,0.3493333333333334
2,97.23,0.356,0.34874509803921566
2,97.24,0.319,0.34864705882352937
2,97.25,0.329,0.3482941176470588
2,97.26,0.342,0.34827450980392155
2,97.27,0.292,0.3491372549019608
2,97.28,0.335,0.3490196078431373
2,97.29,0.3,0.34872549019607846
2,97.3,0.306,0.34747058823529414
2,97.31,0.338,0.34741176470588236
2,97.32,0.286,0.3455098039215686
2,97.33,0.304,0.3430980392156863
2,97.34,0.347,0.3396078431372549
2,97.35,0.308,0.3364509803921568
2,97.36,0.329,0.3335882352941177
2,97.37,0.3,0.3313333333333333
2,97.38,0.3,0.3295294117647059
2,97.39,0.312,0.32937254901960783
2,97.4,0.342,0.3287058823529412
2,97.41,0.354,0.32817647058823524
2,97.42,0.313,0.32845098039215687
2,97.43,0.307,0.3269803921568628
2,97.44,0.326,0.3257450980392157
2,97.45,0.399,0.3242156862745098
2,97.46,0.373,0.32498039215686275
2,97.47,0.318,0.32356862745098036
2,97.48,0.306,0.32272549019607844
2,97.49,0.344,0.3220196078431372
2,97.5,0.319,0.3218039215686274
2,97.51,0.343,0.3207450980392157
2,97.52,0.342,0.3204901960784314
2,97.53,0.325,0.32045098039215686
2,97.54,0.315,0.32100000000000006
2,97.55,0.276,0.3213725490196079
2,97.56,0.335,0.3213921568627451
2,97.57,0.309,0.32123529411764706
2,97.58,0.294,0.32194117647058823
2,97.59,0.305,0.3225490196078431
2,97.6,0.293,0.32194117647058823
2,97.61,0.309,0.3220588235294118
2,97.62,0.316,0.32196078431372555
2,97.63,0.318,0.3224705882352941
2,97.64,0.35,0.3229607843137255
2,97.65,0.33,0.32507843137254905
2,97.66,0.331,0.32545098039215686
2,97.67,0.323,0.3245882352941176
2,97.68,0.306,0.32472549019607844
2,97.69,0.319,0.32468627450980386
2,97.7,0.31,0.32456862745098036
2,97.71,0.373,0.3227843137254902
2,97.72,0.305,0.3222156862745098
2,97.73,0.328,0.3229019607843137
2,97.74,0.32,0.32305882352941184
2,97.75,0.308,0.3220588235294118
2,97.76,0.275,0.32303921568627453
2,97.77,0.329,0.323921568627451
2,97.78,0.29,0.32484313725490194
2,97.79,0.363,0.3244313725490196
2,97.8,0.319,0.32529411764705884
2,97.81,0.307,0.32627450980392153
2,97.82,0.33,0.32554901960784316
2,97.83,0.322,0.3246274509803922
2,97.84,0.335,0.32509803921568625
2,97.85,0.316,0.32429411764705884
2,97.86,0.314,0.32394117647058823
2,97.87,0.324,0.32345098039215686
2,97.88,0.326,0.322921568627451
2,97.89,0.325,0.3229607843137255
2,97.9,0.42,0.3214509803921569
2,97.91,0.361,0.32023529411764706
2,97.92,0.31,0.32113725490196077
2,97.93,0.32,0.3200196078431372
2,97.94,0.305,0.3194509803921568
2,97.95,0.32,0.3187058823529412
2,97.96,0.308,0.3182745098039216
2,97.97,0.344,0.31678431372549015
2,97.98,0.353,0.31662745098039213
2,97.99,0.314,0.31572549019607843
2,98.0,0.293,0.3144705882352941
2,98.01,0.369,0.31517647058823534
2,98.02,0.388,0.31692156862745097
2,98.03,0.389,0.3158039215686274
2,98.04,0.304,0.31560784313725493
2,98.05,0.359,0.3140588235294118
2,98.06,0.326,0.3129019607843137
2,98.07,0.298,0.31258823529411767
2,98.08,0.262,0.3116470588235294
2,98.09,0.318,0.310843137254902
2,98.1,0.264,0.3100588235294117
2,98.11,0.275,0.30939215686274507
2,98.12,0.284,0.309
2,98.13,0.289,0.3079411764705882
2,98.14,0.32,0.30733333333333335
2,98.15,0.273,0.3059607843137255
2,98.16,0.268,0.30411764705882355
2,98.17,0.377,0.30307843137254903
2,98.18,0.266,0.3023921568627451
2,98.19,0.277,0.3016274509803921
2,98.2,0.281,0.3011176470588235
2,98.21,0.288,0.30086274509803923
2,98.22,0.297,0.3004509803921569
2,98.23,0.297,0.2988823529411765
2,98.24,0.282,0.2969803921568628
2,98.25,0.256,0.29621568627450984
2,98.26,0.344,0.29633333333333334
2,98.27,0.364,0.2946470588235294
2,98.28,0.272,0.29347058823529415
2,98.29,0.28,0.29168627450980394
2,98.3,0.284,0.291078431372549
2,98.31,0.26,0.28968627450980394
2,98.32,0.291,0.28915686274509805
2,98.33,0.282,0.2885098039215686
2,98.34,0.281,0.28801960784313724
2,98.35,0.295,0.28749019607843135
2,98.36,0.282,0.2878823529411765
2,98.37,0.294,0.2874313725490196
2,98.38,0.27,0.28713725490196074
2,98.39,0.295,0.287
2,98.4,0.255,0.28592156862745094
2,98.41,0.326,0.2862549019607843
2,98.42,0.308,0.28601960784313724
2,98.43,0.275,0.28427450980392155
2,98.44,0.281,0.2848823529411765
2,98.45,0.279,0.28507843137254907
2,98.46,0.307,0.28503921568627455
2,98.47,0.287,0.2848627450980392
2,98.48,0.264,0.2852941176470588
2,98.49,0.256,0.28494117647058825
2,98.5,0.275,0.2839607843137255
2,98.51,0.299,0.2848627450980392
2,98.52,0.283,0.2835294117647059
2,98.53,0.328,0.2826666666666667
2,98.54,0.298,0.28319607843137257
2,98.55,0.273,0.2835686274509804
2,98.56,0.288,0.28327450980392155
2,98.57,0.299,0.2835098039215686
2,98.58,0.265,0.2833921568627451
2,98.59,0.237,0.28294117647058825
2,98.6,0.291,0.28237254901960784
2,98.61,0.284,0.28258823529411764
2,98.62,0.252,0.2832941176470588
2,98.63,0.269,0.283
2,98.64,0.282,0.28315686274509805
2,98.65,0.265,0.28272549019607845
2,98.66,0.29,0.284078431372549
2,98.67,0.256,0.2838627450980392
2,98.68,0.288,0.2835490196078431
2,98.69,0.297,0.2845490196078431
2,98.7,0.287,0.2842745098039216
2,98.71,0.279,0.2841372549019608
2,98.72,0.279,0.2831372549019608
2,98.73,0.319,0.283156862745098
2,98.74,0.279,0.2836078431372549
2,98.75,0.232,0.28431372549019607
2,98.76,0.302,0.2847254901960784
2,98.77,0.276,0.28419607843137257
2,98.78,0.32,0.28409803921568627
2,98.79,0.299,0.2825686274509804
2,98.8,0.299,0.2824313725490196
2,98.81,0.269,0.28309803921568627
2,98.82,0.272,0.2826666666666666
2,98.83,0.285,0.28247058823529414
2,98.84,0.259,0.2831764705882353
2,98.85,0.252,0.28421568627450977
2,98.86,0.306,0.28384313725490196
2,98.87,0.318,0.28315686274509805
2,98.88,0.279,0.28319607843137257
2,98.89,0.278,0.28341176470588236
2,98.9,0.273,0.2836274509803922
2,98.91,0.324,0.2832549019607843
2,98.92,0.315,0.2831764705882353
2,98.93,0.292,0.2834509803921569
2,98.94,0.326,0.2838823529411765
2,98.95,0.267,0.2836470588235294
2,98.96,0.272,0.28384313725490196
2,98.97,0.256,0.2843529411764706
2,98.98,0.288,0.28523529411764703
2,98.99,0.287,0.284078431372549
2,99.0,0.292,0.28458823529411764
2,99.01,0.296,0.28615686274509805
2,99.02,0.272,0.28701960784313724
2,99.03,0.278,0.28862745098039216
2,99.04,0.25,0.2885098039215686
2,99.05,0.291,0.28852941176470587
2,99.06,0.307,0.28831372549019607
2,99.07,0.266,0.2891372549019608
2,99.08,0.289,0.28958823529411765
2,99.09,0.301,0.29011764705882354
2,99.1,0.29,0.291078431372549
2,99.11,0.272,0.2924509803921569
2,99.12,0.249,0.29149019607843135
2,99.13,0.254,0.2904705882352941
2,99.14,0.28,0.29027450980392155
2,99.15,0.293,0.2906078431372549
2,99.16,0.246,0.2907843137254902
2,99.17,0.286,0.2917058823529412
2,99.18,0.27,0.29123529411764704
2,99.19,0.31,0.29101960784313724
2,99.2,0.285,0.2905686274509804
2,99.21,0.297,0.2902156862745098
2,99.22,0.305,0.290921568627451
2,99.23,0.324,0.2910588235294118
2,99.24,0.26,0.290764705882353
2,99.25,0.305,0.2907254901960784
2,99.26,0.312,0.29037254901960785
2,99.27,0.346,0.2893921568627451
2,99.28,0.358,0.28919607843137257
2,99.29,0.314,0.2893529411764706
2,99.3,0.3,0.2905686274509804
2,99.31,0.288,0.2900392156862745
2,99.32,0.311,0.2896666666666667
2,99.33,0.295,0.2893921568627451
2,99.34,0.312,0.28923529411764703
2,99.35,0.308,0.2892941176470588
2,99.36,0.322,0.28915686274509805
2,99.37,0.257,0.28905882352941176
2,99.38,0.266,0.2893529411764706
2,99.39,0.269,0.28962745098039216
2,99.4,0.295,0.28958823529411765
2,99.41,0.282,0.2890980392156863
2,99.42,0.371,0.2901372549019608
2,99.43,0.291,0.2899411764705882
2,99.44,0.281,0.29017647058823526
2,99.45,0.303,0.28952941176470587
2,99.46,0.249,0.29005882352941176
2,99.47,0.308,0.2906078431372549
2,99.48,0.263,0.2911960784313726
2,99.49,0.273,0.2907254901960784
2,99.5,0.285,0.291764705882353
2,99.51,0.274,0.2920980392156862
2,99.52,0.246,0.2906862745098039
2,99.53,0.262,0.28925490196078435
2,99.54,0.286,0.2872156862745098
2,99.55,0.312,0.2857058823529412
2,99.56,0.264,0.28509803921568627
2,99.57,0.288,0.2845098039215686
2,99.58,0.252,0.28358823529411764
2,99.59,0.281,0.2833921568627451
2,99.6,0.304,0.2822352941176471
2,99.61,0.283,0.2813529411764706
2,99.62,0.267,0.28088235294117647
2,99.63,0.264,0.28115686274509805
2,99.64,0.268,0.2812745098039216
2,99.65,0.278,0.2816666666666667
2,99.66,0.268,0.28125490196078434
2,99.67,0.299,0.28162745098039216
2,99.68,0.276,0.27968627450980393
2,99.69,0.282,0.27952941176470586
2,99.7,0.277,0.28037254901960784
2,99.71,0.312,0.27984313725490195
2,99.72,0.325,0.28068627450980393
2,99.73,0.335,0.28015686274509805
2,99.74,0.3,0.28049019607843134
2,99.75,0.313,0.2805098039215686
2,99.76,0.322,0.28042
2,99.77,0.24,0.28055102040816327
2,99.78,0.273,0.2812708333333333
2,99.79,0.254,0.2816808510638298
2,99.8,0.237,0.2815869565217391
2,99.81,0.269,0.2809111111111111
2,99.82,0.258,0.2812954545454545
2,99.83,0.264,0.2811395348837209
2,99.84,0.285,0.2818333333333333
2,99.85,0.253,0.28185365853658534
2,99.86,0.263,0.2813
2,99.87,0.298,0.28125641025641024
2,99.88,0.271,0.2816315789473684
2,99.89,0.272,0.2821081081081081
2,99.9,0.289,0.2825
2,99.91,0.274,0.2826285714285714
2,99.92,0.301,0.28305882352941175
2,99.93,0.272,0.28257575757575754
2,99.94,0.283,0.28278125
2,99.95,0.324,0.2828064516129032
2,99.96,0.276,0.28300000000000003
2,99.97,0.292,0.282
2,99.98,0.281,0.2804642857142857
2,99.99,0.28,0.2784444444444444
2,100.0,0.274,0.2776153846153846
3,0.0,0.224,0.33861538461538465
3,0.01,0.197,0.341037037037037
3,0.02,0.223,0.3453214285714286
3,0.03,0.267,0.3484137931034482
3,0.04,0.238,0.3511666666666667
3,0.05,0.274,0.355258064516129
3,0.06,0.245,0.35934375
3,0.07,0.294,0.3655151515151515
3,0.08,0.266,0.3694705882352941
3,0.09,0.361,0.3728285714285714
3,0.1,0.283,0.3755
3,0.11,0.367,0.3774324324324324
3,0.12,0.366,0.3797894736842105
3,0.13,0.419,0.38343589743589745
3,0.14,0.388,0.38985
3,0.15,0.437,0.3947317073170732
3,0.16,0.431,0.39878571428571424
3,0.17,0.421,0.4037674418604651
3,0.18,0.365,0.40954545454545455
3,0.19,0.43,0.41313333333333335
3,0.2,0.401,0.41732608695652174
3,0.21,0.37,0.42104255319148937
3,0.22,0.399,0.4247708333333333
3,0.23,0.368,0.42771428571428566
3,0.24,0.391,0.43184
3,0.25,0.379,0.43576470588235294
3,0.26,0.404,0.4446470588235294
3,0.27,0.461,0.45227450980392153
3,0.28,0.435,0.4603921568627451
3,0.29,0.431,0.4675686274509804
3,0.3,0.478,0.4765294117647058
3,0.31,0.486,0.48511764705882354
3,0.32,0.563,0.49347058823529416
3,0.33,0.5,0.5028039215686274
3,0.34,0.487,0.5127254901960784
3,0.35,0.469,0.5215882352941177
3,0.36,0.447,0.5302941176470588
3,0.37,0.467,0.5367058823529411
3,0.38,0.522,0.5437843137254902
3,0.39,0.64,0.5484313725490196
3,0.4,0.59,0.5547450980392157
3,0.41,0.565,0.5597450980392157
3,0.42,0.613,0.5651764705882353
3,0.43,0.658,0.5718823529411765
3,0.44,0.571,0.5786078431372549
3,0.45,0.606,0.5826470588235294
3,0.46,0.592,0.5863921568627452
3,0.47,0.6,0.5908823529411765
3,0.48,0.569,0.5938431372549019
3,0.49,0.634,0.5976078431372549
3,0.5,0.632,0.602235294117647
3,0.51,0.677,0.6071568627450981
3,0.52,0.586,0.612921568627451
3,0.53,0.637,0.6164313725490196
3,0.54,0.633,0.6207254901960785
3,0.55,0.695,0.6251764705882353
3,0.56,0.712,0.6294901960784314
3,0.57,0.671,0.6351764705882352
3,0.58,0.77,0.6399019607843137
3,0.59,0.772,0.6440980392156862
3,0.6,0.813,0.6504509803921568
3,0.61,0.727,0.6578039215686274
3,0.62,0.694,0.6672156862745098
3,0.63,0.727,0.6741176470588236
3,0.64,0.656,0.6834117647058824
3,0.65,0.71,0.6924509803921569
3,0.66,0.692,0.7026862745098038
3,0.67,0.708,0.7142156862745099
3,0.68,0.763,0.7248235294117648
3,0.69,0.708,0.7315686274509804
3,0.7,0.636,0.7422549019607844
3,0.71,0.592,0.752686274509804
3,0.72,0.599,0.7593137254901962
3,0.73,0.55,0.7640196078431373
3,0.74,0.56,0.7677843137254902
3,0.75,0.627,0.7712549019607843
3,0.76,0.63,0.7743137254901962
3,0.77,0.698,0.7768823529411765
3,0.78,0.64,0.7809411764705882
3,0.79,0.654,0.7844901960784314
3,0.8,0.658,0.787078431372549
3,0.81,0.698,0.794156862745098
3,0.82,0.776,0.7969411764705882
3,0.83,0.804,0.7978235294117647
3,0.84,0.714,0.7971764705882353
3,0.85,0.811,0.7980392156862746
3,0.86,0.844,0.7966666666666665
3,0.87,0.927,0.797607843137255
3,0.88,0.819,0.7979215686274509
3,0.89,0.996,0.7975882352941176
3,0.9,1.101,0.8000784313725491
3,0.91,1.112,0.800156862745098
3,0.92,1.153,0.8014117647058824
3,0.93,1.154,0.8017843137254902
3,0.94,1.002,0.7998235294117646
3,0.95,1.116,0.7997450980392157
3,0.96,1.138,0.8012745098039215
3,0.97,0.93,0.8057058823529412
3,0.98,0.84,0.8072941176470589
3,0.99,0.761,0.8108039215686275
3,1.0,0.811,0.8131764705882353
3,1.01,0.788,0.8153529411764705
3,1.02,0.808,0.8164509803921568
3,1.03,0.793,0.8176666666666667
3,1.04,0.818,0.818
3,1.05,0.765,0.818843137254902
3,1.06,1.056,0.819
3,1.07,0.854,0.8160392156862746
3,1.08,0.716,0.8135098039215687
3,1.09,0.737,0.8106078431372549
3,1.1,0.816,0.8100392156862746
3,1.11,0.743,0.8091568627450981
3,1.12,0.775,0.8065686274509803
3,1.13,0.71,0.801372549019608
3,1.14,0.71,0.7983137254901961
3,1.15,0.783,0.792921568627451
3,1.16,0.714,0.7837843137254902
3,1.17,0.756,0.7750196078431373
3,1.18,0.727,0.7655882352941176
3,1.19,0.663,0.7560392156862745
3,1.2,0.704,0.7502352941176471
3,1.21,0.714,0.7417058823529411
3,1.22,0.818,0.7329019607843137
3,1.23,0.68,0.7262745098039215
3,1.24,0.729,0.7227450980392157
3,1.25,0.681,0.7206862745098039
3,1.26,0.738,0.7176274509803923
3,1.27,0.686,0.717627450980392
3,1.28,0.76,0.7178627450980392
3,1.29,0.657,0.7154901960784315
3,1.3,0.697,0.710843137254902
3,1.31,0.666,0.7105686274509804
3,1.32,0.547,0.7044313725490197
3,1.33,0.647,0.7003137254901961
3,1.34,0.656,0.6980784313725491
3,1.35,0.685,0.6954901960784313
3,1.36,0.766,0.6929411764705882
3,1.37,0.712,0.6915490196078432
3,1.38,0.662,0.6896274509803921
3,1.39,0.663,0.6893333333333335
3,1.4,0.721,0.6887843137254902
3,1.41,0.635,0.6867647058823529
3,1.42,0.665,0.6859803921568629
3,1.43,0.672,0.6841764705882353
3,1.44,0.667,0.6830392156862746
3,1.45,0.706,0.6827450980392157
3,1.46,0.681,0.6813725490196079
3,1.47,0.689,0.6790588235294118
3,1.48,0.592,0.6755490196078431
3,1.49,0.66,0.674921568627451
3,1.5,0.656,0.6742156862745098
3,1.51,0.655,0.6736274509803922
3,1.52,0.788,0.6724117647058824
3,1.53,0.82,0.6727058823529412
3,1.54,0.672,0.6708039215686274
3,1.55,0.581,0.6706274509803921
3,1.56,0.751,0.6680392156862746
3,1.57,0.743,0.6650196078431373
3,1.58,0.644,0.6650588235294117
3,1.59,0.602,0.6630980392156862
3,1.6,0.605,0.6572156862745098
3,1.61,0.686,0.6525882352941176
3,1.62,0.672,0.6449607843137255
3,1.63,0.677,0.6379607843137255
3,1.64,0.695,0.6328823529411765
3,1.65,0.682,0.6285294117647059
3,1.66,0.68,0.6218235294117648
3,1.67,0.674,0.6167647058823529
3,1.68,0.664,0.6115490196078431
3,1.69,0.669,0.6064313725490196
3,1.7,0.648,0.6053921568627451
3,1.71,0.634,0.6021764705882353
3,1.72,0.596,0.5974901960784313
3,1.73,0.639,0.5943333333333334
3,1.74,0.648,0.5929411764705883
3,1.75,0.693,0.5899803921568628
3,1.76,0.651,0.5868039215686275
3,1.77,0.676,0.5846666666666667
3,1.78,0.701,0.578843137254902
3,1.79,0.663,0.5721372549019609
3,1.8,0.648,0.5673333333333334
3,1.81,0.565,0.5641960784313725
3,1.82,0.512,0.5581372549019608
3,1.83,0.549,0.5535882352941176
3,1.84,0.547,0.551156862745098
3,1.85,0.356,0.5497647058823529
3,1.86,0.449,0.5482549019607843
3,1.87,0.377,0.5439019607843136
3,1.88,0.355,0.5411960784313726
3,1.89,0.403,0.5374117647058823
3,1.9,0.441,0.5338039215686275
3,1.91,0.379,0.5294901960784314
3,1.92,0.377,0.526
3,1.93,0.399,0.5237254901960785
3,1.94,0.411,0.5198431372549019
3,1.95,0.614,0.5147647058823529
3,1.96,0.542,0.5117254901960784
3,1.97,0.442,0.5093725490196078
3,1.98,0.528,0.5072941176470588
3,1.99,0.521,0.503235294117647
3,2.0,0.509,0.49962745098039213
3,2.01,0.494,0.4968823529411765
3,2.02,0.546,0.49503921568627457
3,2.03,0.491,0.4939607843137255
3,2.04,0.478,0.4923529411764706
3,2.05,0.427,0.4920980392156863
3,2.06,0.421,0.492
3,2.07,0.442,0.4931568627450981
3,2.08,0.511,0.49643137254901964
3,2.09,0.52,0.496843137254902
3,2.1,0.531,0.4981372549019608
3,2.11,0.528,0.5042941176470589
3,2.12,0.464,0.5102941176470589
3,2.13,0.534,0.5181960784313726
3,2.14,0.484,0.5292156862745098
3,2.15,0.511,0.5367254901960784
3,2.16,0.462,0.5427647058823529
3,2.17,0.502,0.5511176470588235
3,2.18,0.558,0.5587450980392157
3,2.19,0.466,0.5657058823529412
3,2.2,0.41,0.571078431372549
3,2.21,0.493,0.5729411764705883
3,2.22,0.514,0.5777058823529412
3,2.23,0.49,0.5834509803921568
3,2.24,0.432,0.5904705882352941
3,2.25,0.464,0.599078431372549
3,2.26,0.553,0.6075098039215686
3,2.27,0.557,0.6161568627450981
3,2.28,0.621,0.6258039215686274
3,2.29,0.619,0.6350980392156863
3,2.3,0.65,0.6464509803921569
3,2.31,0.643,0.659
3,2.32,0.624,0.6714313725490196
3,2.33,0.679,0.683686274509804
3,2.34,0.57,0.6938235294117646
3,2.35,0.613,0.702921568627451
3,2.36,0.67,0.7116078431372549
3,2.37,0.755,0.7200588235294118
3,2.38,0.78,0.7308627450980393
3,2.39,0.917,0.7394117647058823
3,2.4,0.786,0.7500588235294118
3,2.41,0.749,0.7593725490196078
3,2.42,0.805,0.7690980392156862
3,2.43,0.766,0.7770784313725491
3,2.44,0.754,0.7846862745098039
3,2.45,0.685,0.7933137254901962
3,2.46,0.709,0.8039411764705882
3,2.47,0.785,0.8115294117647058
3,2.48,0.735,0.8184117647058823
3,2.49,0.886,0.8222352941176471
3,2.5,0.96,0.8276078431372549
3,2.51,0.939,0.8325294117647059
3,2.52,0.935,0.8353137254901961
3,2.53,1.038,0.8377843137254901
3,2.54,0.965,0.840627450980392
3,2.55,1.057,0.8435098039215686
3,2.56,1.067,0.8453333333333333
3,2.57,1.055,0.8473529411764705
3,2.58,1.067,0.8492745098039216
3,2.59,1.028,0.8495686274509805
3,2.6,0.984,0.850529411764706
3,2.61,0.974,0.8513333333333333
3,2.62,0.959,0.8523921568627452
3,2.63,1.015,0.8528823529411764
3,2.64,0.97,0.8503529411764706
3,2.65,1.027,0.8449019607843138
3,2.66,0.986,0.8421176470588235
3,2.67,0.958,0.8400784313725489
3,2.68,0.909,0.8381568627450979
3,2.69,0.946,0.8375882352941176
3,2.7,0.906,0.8372941176470587
3,2.71,0.952,0.838313725490196
3,2.72,0.88,0.8383529411764706
3,2.73,0.865,0.8368627450980393
3,2.74,0.685,0.8362941176470587
3,2.75,0.706,0.8321960784313724
3,2.76,0.715,0.8276274509803923
3,2.77,0.695,0.8230392156862746
3,2.78,0.683,0.8172352941176471
3,2.79,0.766,0.811156862745098
3,2.8,0.766,0.8053333333333333
3,2.81,0.743,0.7982156862745097
3,2.82,0.746,0.7903137254901961
3,2.83,0.722,0.7826274509803922
3,2.84,0.694,0.7750980392156863
3,2.85,0.619,0.7685098039215686
3,2.86,0.654,0.7633725490196077
3,2.87,0.724,0.7592745098039215
3,2.88,0.78,0.7538039215686274
3,2.89,0.651,0.747078431372549
3,2.9,0.639,0.740313725490196
3,2.91,0.644,0.7334705882352941
3,2.92,0.645,0.7276274509803922
3,2.93,0.707,0.7212745098039216
3,2.94,0.737,0.7172156862745098
3,2.95,0.739,0.7120980392156863
3,2.96,0.737,0.7079215686274509
3,2.97,0.711,0.701607843137255
3,2.98,0.709,0.6973333333333334
3,2.99,0.706,0.6936862745098039
3,3.0,0.677,0.6928235294117647
3,3.01,0.727,0.6904901960784313
3,3.02,0.705,0.6879019607843136
3,3.03,0.639,0.6869411764705882
3,3.04,0.728,0.6862549019607843
3,3.05,0.668,0.6841764705882353
3,3.06,0.694,0.681156862745098
3,3.07,0.664,0.679764705882353
3,3.08,0.663,0.6781176470588236
3,3.09,0.683,0.6775294117647059
3,3.1,0.692,0.6773725490196079
3,3.11,0.722,0.6775686274509803
3,3.12,0.765,0.6776470588235295
3,3.13,0.68,0.6767647058823529
3,3.14,0.672,0.673843137254902
3,3.15,0.625,0.6735098039215686
3,3.16,0.678,0.6729411764705883
3,3.17,0.688,0.6724509803921569
3,3.18,0.634,0.671764705882353
3,3.19,0.702,0.6714509803921569
3,3.2,0.685,0.6698039215686273
3,3.21,0.693,0.6672352941176471
3,3.22,0.63,0.6643529411764706
3,3.23,0.662,0.6625490196078431
3,3.24,0.679,0.6601764705882353
3,3.25,0.641,0.6596666666666667
3,3.26,0.587,0.6580588235294118
3,3.27,0.583,0.656235294117647
3,3.28,0.646,0.6547843137254902
3,3.29,0.648,0.6544313725490195
3,3.3,0.66,0.6517843137254902
3,3.31,0.612,0.6506862745098039
3,3.32,0.672,0.6491960784313726
3,3.33,0.662,0.6505098039215687
3,3.34,0.692,0.6495490196078431
3,3.35,0.686,0.6502549019607843
3,3.36,0.629,0.6508235294117646
3,3.37,0.658,0.6492941176470589
3,3.38,0.679,0.6459803921568628
3,3.39,0.631,0.6431568627450981
3,3.4,0.634,0.641313725490196
3,3.41,0.61,0.6399215686274509
3,3.42,0.619,0.6373921568627451
3,3.43,0.61,0.6364117647058823
3,3.44,0.691,0.6358039215686275
3,3.45,0.653,0.6351764705882352
3,3.46,0.608,0.6329803921568629
3,3.47,0.59,0.632313725490196
3,3.48,0.619,0.6334509803921569
3,3.49,0.588,0.6329215686274511
3,3.5,0.68,0.6329411764705882
3,3.51,0.595,0.6325098039215686
3,3.52,0.634,0.634529411764706
3,3.53,0.631,0.6379607843137255
3,3.54,0.621,0.6403529411764706
3,3.55,0.593,0.6439411764705882
3,3.56,0.612,0.647843137254902
3,3.57,0.618,0.6517647058823528
3,3.58,0.731,0.6540588235294118
3,3.59,0.614,0.6563529411764707
3,3.6,0.719,0.6580588235294118
3,3.61,0.721,0.6600588235294118
3,3.62,0.644,0.6631176470588236
3,3.63,0.596,0.6653137254901962
3,3.64,0.536,0.6670392156862744
3,3.65,0.578,0.6689411764705883
3,3.66,0.554,0.6724901960784313
3,3.67,0.549,0.6777647058823529
3,3.68,0.638,0.6823921568627451
3,3.69,0.603,0.6883529411764706
3,3.7,0.67,0.6924509803921568
3,3.71,0.573,0.6975294117647058
3,3.72,0.659,0.7033529411764706
3,3.73,0.688,0.709
3,3.74,0.635,0.7161372549019607
3,3.75,0.68,0.7239019607843137
3,3.76,0.619,0.728313725490196
3,3.77,0.69,0.7327254901960785
3,3.78,0.758,0.7370196078431372
3,3.79,0.768,0.7425882352941177
3,3.8,0.831,0.7477450980392156
3,3.81,0.859,0.7535098039215686
3,3.82,0.812,0.7576274509803921
3,3.83,0.789,0.7591372549019607
3,3.84,0.779,0.7601372549019608
3,3.85,0.779,0.762235294117647
3,3.86,0.788,0.7636862745098038
3,3.87,0.785,0.765313725490196
3,3.88,0.77,0.7679607843137256
3,3.89,0.767,0.7714313725490195
3,3.9,0.728,0.7759215686274509
3,3.91,0.815,0.7799411764705882
3,3.92,0.879,0.7844509803921568
3,3.93,0.855,0.7896862745098039
3,3.94,0.914,0.7945294117647059
3,3.95,0.9,0.8007647058823529
3,3.96,0.912,0.8065098039215686
3,3.97,0.905,0.8123529411764706
3,3.98,0.878,0.8145490196078432
3,3.99,0.983,0.8165490196078432
3,4.0,0.984,0.8203137254901961
3,4.01,0.905,0.8232745098039216
3,4.02,0.82,0.8256862745098039
3,4.03,0.853,0.8260980392156863
3,4.04,0.915,0.8257254901960784
3,4.05,0.884,0.8257647058823528
3,4.06,0.887,0.8240196078431372
3,4.07,0.822,0.8210392156862745
3,4.08,0.695,0.8184509803921568
3,4.09,0.782,0.8153333333333334
3,4.1,0.721,0.8141176470588235
3,4.11,0.793,0.8126470588235294
3,4.12,0.804,0.8119019607843136
3,4.13,0.779,0.8106274509803921
3,4.14,0.773,0.8097843137254902
3,4.15,0.765,0.808235294117647
3,4.16,0.783,0.806843137254902
3,4.17,0.784,0.803843137254902
3,4.18,0.816,0.8002549019607842
3,4.19,0.885,0.7957058823529413
3,4.2,0.921,0.7911960784313725
3,4.21,0.963,0.7857254901960785
3,4.22,0.871,0.7823529411764706
3,4.23,0.771,0.7792156862745099
3,4.24,0.79,0.778921568627451
3,4.25,0.827,0.776235294117647
3,4.26,0.831,0.7732745098039217
3,4.27,0.742,0.7724509803921569
3,4.28,0.711,0.772843137254902
3,4.29,0.739,0.7733137254901961
3,4.3,0.77,0.7731372549019607
3,4.31,0.742,0.7710392156862745
3,4.32,0.707,0.771921568627451
3,4.33,0.68,0.7727843137254903
3,4.34,0.63,0.7747254901960785
3,4.35,0.717,0.7760196078431372
3,4.36,0.704,0.7775490196078432
3,4.37,0.75,0.7749019607843138
3,4.38,0.72,0.7720392156862745
3,4.39,0.727,0.7697254901960784
3,4.4,0.688,0.7695098039215688
3,4.41,0.657,0.7688823529411765
3,4.42,0.662,0.7677058823529411
3,4.43,0.696,0.7665490196078432
3,4.44,0.623,0.7656666666666666
3,4.45,0.684,0.7644705882352941
3,4.46,0.621,0.761764705882353
3,4.47,0.74,0.7583921568627451
3,4.48,0.745,0.7563333333333333
3,4.49,0.863,0.7559019607843136
3,4.5,0.846,0.7557058823529411
3,4.51,0.833,0.754313725490196
3,4.52,0.863,0.7546078431372549
3,4.53,0.84,0.760313725490196
3,4.54,0.877,0.7663529411764707
3,4.55,0.906,0.7699019607843136
3,4.56,0.777,0.7735686274509803
3,4.57,0.932,0.7790392156862745
3,4.58,0.866,0.7830196078431374
3,4.59,0.794,0.7873529411764706
3,4.6,0.848,0.7915490196078432
3,4.61,0.799,0.7944313725490195
3,4.62,0.658,0.7956470588235295
3,4.63,0.658,0.7949803921568628
3,4.64,0.661,0.7975098039215687
3,4.65,0.762,0.7985686274509803
3,4.66,0.733,0.8013333333333333
3,4.67,0.723,0.8046666666666666
3,4.68,0.725,0.8088039215686275
3,4.69,0.771,0.8113725490196079
3,4.7,0.824,0.8167843137254902
3,4.71,0.783,0.8215490196078431
3,4.72,0.791,0.826156862745098
3,4.73,0.766,0.8300588235294118
3,4.74,0.749,0.8333725490196078
3,4.75,0.78,0.8352941176470589
3,4.76,0.756,0.8367843137254902
3,4.77,0.846,0.839235294117647
3,4.78,1.033,0.8391764705882352
3,4.79,1.019,0.8397450980392156
3,4.8,0.92,0.8388431372549019
3,4.81,0.957,0.8372941176470587
3,4.82,1.021,0.8376470588235294
3,4.83,0.91,0.8361960784313724
3,4.84,0.901,0.8357450980392156
3,4.85,0.844,0.8373333333333334
3,4.86,0.864,0.8374705882352941
3,4.87,0.766,0.8366666666666667
3,4.88,0.716,0.8381764705882353
3,4.89,0.849,0.8384509803921568
3,4.9,0.781,0.8391764705882352
3,4.91,0.829,0.8380196078431372
3,4.92,0.827,0.8382745098039216
3,4.93,0.873,0.8380392156862746
3,4.94,0.827,0.8395490196078431
3,4.95,0.899,0.8389411764705883
3,4.96,0.927,0.8370196078431373
3,4.97,0.856,0.8366862745098039
3,4.98,0.939,0.8363529411764706
3,4.99,0.914,0.8376078431372548
3,5.0,0.961,0.8381960784313727
3,5.01,0.922,0.8401372549019608
3,5.02,0.958,0.8421960784313726
3,5.03,0.86,0.8407450980392157
3,5.04,0.869,0.8360000000000001
3,5.05,0.831,0.8320392156862745
3,5.06,0.827,0.829843137254902
3,5.07,0.795,0.824686274509804
3,5.08,0.858,0.8184705882352942
3,5.09,0.843,0.8150980392156862
3,5.1,0.875,0.8119411764705882
3,5.11,0.855,0.8095882352941177
3,5.12,0.758,0.8079803921568628
3,5.13,0.735,0.8082549019607842
3,5.14,0.672,0.8095490196078431
3,5.15,0.698,0.8098627450980391
3,5.16,0.703,0.8108627450980392
3,5.17,0.746,0.8156862745098039
3,5.18,0.711,0.8211176470588236
3,5.19,0.802,0.8242549019607843
3,5.2,0.74,0.827156862745098
3,5.21,0.726,0.8275882352941176
3,5.22,0.766,0.8285294117647058
3,5.23,0.774,0.8306078431372549
3,5.24,0.83,0.8344117647058823
3,5.25,0.779,0.8384313725490197
3,5.26,0.879,0.8419803921568626
3,5.27,0.861,0.8466862745098038
3,5.28,0.772,0.8491372549019609
3,5.29,0.791,0.8551960784313726
3,5.3,0.817,0.8593725490196079
3,5.31,0.808,0.8643725490196078
3,5.32,0.694,0.8673333333333334
3,5.33,0.704,0.8712156862745098
3,5.34,0.738,0.8741372549019608
3,5.35,0.74,0.8771764705882352
3,5.36,0.724,0.8797647058823529
3,5.37,0.782,0.8832549019607843
3,5.38,0.78,0.8887647058823529
3,5.39,0.782,0.8960588235294117
3,5.4,0.865,0.9068627450980392
3,5.41,0.832,0.9151372549019609
3,5.42,1.075,0.9248627450980392
3,5.43,1.104,0.9354509803921568
3,5.44,1.033,0.9456862745098039
3,5.45,0.975,0.9543333333333334
3,5.46,0.921,0.9645490196078431
3,5.47,0.975,0.975078431372549
3,5.48,0.962,0.9825882352941177
3,5.49,1.133,0.9875882352941175
3,5.5,1.119,0.991843137254902
3,5.51,1.142,0.9976666666666667
3,5.52,1.162,1.0028823529411763
3,5.53,1.083,1.0071960784313727
3,5.54,1.169,1.014
3,5.55,1.082,1.0211372549019608
3,5.56,1.086,1.0276470588235294
3,5.57,0.978,1.0334313725490196
3,5.58,0.993,1.041
3,5.59,1.007,1.0492941176470587
3,5.6,0.998,1.0562156862745098
3,5.61,1.007,1.0614313725490196
3,5.62,1.033,1.0675686274509804
3,5.63,1.039,1.0734705882352942
3,5.64,1.107,1.0786470588235295
3,5.65,1.223,1.0811372549019607
3,5.66,1.12,1.0838235294117649
3,5.67,1.199,1.0875882352941175
3,5.68,1.286,1.088372549019608
3,5.69,1.233,1.0884313725490196
3,5.7,1.243,1.0879607843137253
3,5.71,1.261,1.0895686274509804
3,5.72,1.263,1.0940980392156863
3,5.73,1.149,1.0962549019607843
3,5.74,1.029,1.0993529411764706
3,5.75,1.047,1.0995294117647056
3,5.76,1.076,1.100843137254902
3,5.77,1.145,1.101078431372549
3,5.78,1.081,1.101294117647059
3,5.79,1.119,1.101607843137255
3,5.8,1.155,1.0998235294117646
3,5.81,1.149,1.1007058823529412
3,5.82,1.103,1.1016666666666668
3,5.83,1.08,1.1049019607843138
3,5.84,1.127,1.1077647058823528
3,5.85,1.091,1.1101372549019608
3,5.86,1.006,1.1124117647058824
3,5.87,1.037,1.1126274509803922
3,5.88,1.083,1.1140588235294118
3,5.89,1.044,1.1144313725490196
3,5.9,0.909,1.1124901960784315
3,5.91,1.002,1.110470588235294
3,5.92,1.024,1.1084901960784315
3,5.93,1.115,1.105705882352941
3,5.94,1.107,1.102078431372549
3,5.95,1.009,1.0997843137254901
3,5.96,1.057,1.0951764705882352
3,5.97,1.152,1.0926274509803922
3,5.98,1.085,1.0892156862745097
3,5.99,1.12,1.0892745098039216
3,6.0,1.142,1.090313725490196
3,6.01,1.186,1.0924509803921567
3,6.02,1.154,1.092156862745098
3,6.03,1.173,1.092529411764706
3,6.04,1.099,1.0934117647058823
3,6.05,1.078,1.0935098039215685
3,6.06,1.127,1.0927843137254902
3,6.07,1.135,1.0920980392156863
3,6.08,1.143,1.0922549019607843
3,6.09,1.139,1.0944313725490196
3,6.1,1.128,1.0940196078431372
3,6.11,1.114,1.0960588235294118
3,6.12,1.018,1.0981372549019608
3,6.13,1.106,1.1021372549019608
3,6.14,1.058,1.1050588235294119
3,6.15,1.008,1.1070196078431371
3,6.16,1.12,1.1138039215686275
3,6.17,1.019,1.117607843137255
3,6.18,1.057,1.1206666666666667
3,6.19,1.101,1.1223333333333332
3,6.2,1.116,1.1245098039215686
3,6.21,1.008,1.1277843137254902
3,6.22,1.131,1.131627450980392
3,6.23,1.089,1.132921568627451
3,6.24,1.152,1.134
3,6.25,1.082,1.1339411764705882
3,6.26,1.156,1.1338235294117647
3,6.27,1.061,1.1315098039215687
3,6.28,1.164,1.1307450980392157
3,6.29,1.126,1.1312352941176471
3,6.3,1.124,1.1335882352941178
3,6.31,1.118,1.1361176470588235
3,6.32,1.114,1.136392156862745
3,6.33,1.111,1.134
3,6.34,1.191,1.133235294117647
3,6.35,1.106,1.1350196078431374
3,6.36,1.195,1.1372745098039216
3,6.37,1.112,1.1411176470588233
3,6.38,1.241,1.1476470588235295
3,6.39,1.232,1.1516666666666666
3,6.4,1.144,1.1554901960784314
3,6.41,1.255,1.1601764705882351
3,6.42,1.196,1.1622745098039216
3,6.43,1.18,1.1662941176470587
3,6.44,1.2,1.1693137254901962
3,6.45,1.218,1.1712156862745098
3,6.46,1.176,1.1732352941176472
3,6.47,1.253,1.177078431372549
3,6.48,1.218,1.1779411764705883
3,6.49,1.14,1.1794901960784314
3,6.5,1.117,1.1789607843137255
3,6.51,1.136,1.181156862745098
3,6.52,1.068,1.1814705882352943
3,6.53,1.115,1.1831764705882353
3,6.54,1.198,1.1821960784313725
3,6.55,1.219,1.1831176470588236
3,6.56,1.207,1.1834117647058824
3,6.57,1.141,1.1855098039215686
3,6.58,1.013,1.1881176470588235
3,6.59,1.104,1.1911764705882353
3,6.6,1.23,1.1936470588235293
3,6.61,1.243,1.198156862745098
3,6.62,1.31,1.2015686274509805
3,6.63,1.351,1.205862745098039
3,6.64,1.311,1.2087254901960784
3,6.65,1.253,1.2104117647058823
3,6.66,1.247,1.2140980392156862
3,6.67,1.227,1.2148823529411763
3,6.68,1.224,1.2178235294117647
3,6.69,1.211,1.2199607843137255
3,6.7,1.198,1.2230196078431372
3,6.71,1.219,1.226470588235294
3,6.72,1.204,1.2293333333333334
3,6.73,1.175,1.2289803921568627
3,6.74,1.168,1.2297058823529412
3,6.75,1.125,1.2310784313725491
3,6.76,1.194,1.235450980392157
3,6.77,1.172,1.2376470588235293
3,6.78,1.148,1.2412549019607844
3,6.79,1.114,1.2435686274509805
3,6.8,1.173,1.246156862745098
3,6.81,1.139,1.2478039215686274
3,6.82,1.225,1.2503137254901961
3,6.83,1.247,1.2548039215686273
3,6.84,1.267,1.2623333333333335
3,6.85,1.317,1.267450980392157
3,6.86,1.336,1.269372549019608
3,6.87,1.369,1.2701960784313726
3,6.88,1.331,1.2705490196078433
3,6.89,1.387,1.2705490196078433
3,6.9,1.318,1.2716666666666667
3,6.91,1.332,1.2730000000000001
3,6.92,1.295,1.2743137254901962
3,6.93,1.346,1.2778235294117646
3,6.94,1.289,1.2790196078431373
3,6.95,1.356,1.2813529411764706
3,6.96,1.394,1.2830392156862747
3,6.97,1.322,1.2844313725490195
3,6.98,1.235,1.2855882352941177
3,6.99,1.255,1.288313725490196
3,7.0,1.21,1.2897450980392158
3,7.01,1.34,1.292549019607843
3,7.02,1.248,1.2955882352941177
3,7.03,1.252,1.2969411764705883
3,7.04,1.233,1.298607843137255
3,7.05,1.33,1.3013333333333335
3,7.06,1.303,1.3036666666666668
3,7.07,1.335,1.3080392156862746
3,7.08,1.37,1.3120980392156862
3,7.09,1.397,1.3139607843137255
3,7.1,1.365,1.316843137254902
3,7.11,1.328,1.3188431372549019
3,7.12,1.285,1.319078431372549
3,7.13,1.328,1.3199999999999998
3,7.14,1.351,1.3230784313725488
3,7.15,1.368,1.323627450980392
3,7.16,1.321,1.3241764705882353
3,7.17,1.314,1.3248627450980393
3,7.18,1.406,1.3267254901960783
3,7.19,1.285,1.3263725490196077
3,7.2,1.33,1.3257450980392156
3,7.21,1.284,1.3228823529411764
3,7.22,1.29,1.3202156862745098
3,7.23,1.263,1.3212549019607847
3,7.24,1.314,1.3242156862745098
3,7.25,1.241,1.327078431372549
3,7.26,1.268,1.3282745098039217
3,7.27,1.349,1.3278235294117646
3,7.28,1.241,1.3295098039215685
3,7.29,1.233,1.3310196078431373
3,7.3,1.253,1.3341176470588234
3,7.31,1.292,1.3356274509803923
3,7.32,1.362,1.3370392156862747
3,7.33,1.432,1.3343529411764705
3,7.34,1.342,1.3326666666666669
3,7.35,1.414,1.330843137254902
3,7.36,1.419,1.3287450980392157
3,7.37,1.348,1.327549019607843
3,7.38,1.416,1.3287254901960786
3,7.39,1.488,1.3293529411764706
3,7.4,1.415,1.3291372549019609
3,7.41,1.346,1.3280392156862746
3,7.42,1.367,1.3271568627450978
3,7.43,1.39,1.3266666666666667
3,7.44,1.328,1.3239411764705882
3,7.45,1.257,1.3244117647058824
3,7.46,1.21,1.321470588235294
3,7.47,1.258,1.3206470588235293
3,7.48,1.375,1.3198039215686275
3,7.49,1.386,1.3188235294117645
3,7.5,1.401,1.3181176470588236
3,7.51,1.271,1.3174509803921568
3,7.52,1.317,1.317156862745098
3,7.53,1.334,1.3145686274509805
3,7.54,1.329,1.3152941176470587
3,7.55,1.391,1.3163333333333334
3,7.56,1.407,1.3152941176470587
3,7.57,1.375,1.3137450980392156
3,7.58,1.198,1.3114705882352942
3,7.59,1.284,1.3088235294117647
3,7.6,1.304,1.3068823529411764
3,7.61,1.258,1.3035686274509803
3,7.62,1.267,1.3006666666666666
3,7.63,1.345,1.2989215686274511
3,7.64,1.36,1.2963137254901962
3,7.65,1.34,1.2923725490196079
3,7.66,1.312,1.290313725490196
3,7.67,1.276,1.2898823529411763
3,7.68,1.289,1.2853529411764708
3,7.69,1.267,1.280764705882353
3,7.7,1.309,1.2767058823529411
3,7.71,1.18,1.2752745098039215
3,7.72,1.242,1.273529411764706
3,7.73,1.247,1.271156862745098
3,7.74,1.213,1.2660980392156862
3,7.75,1.278,1.2599607843137255
3,7.76,1.207,1.2542941176470588
3,7.77,1.253,1.2510000000000001
3,7.78,1.217,1.2474313725490196
3,7.79,1.278,1.2440784313725488
3,7.8,1.286,1.2394901960784315
3,7.81,1.2,1.2350196078431372
3,7.82,1.213,1.2285098039215687
3,7.83,1.246,1.224078431372549
3,7.84,1.297,1.223450980392157
3,7.85,1.243,1.2203137254901961
3,7.86,1.245,1.2185294117647059
3,7.87,1.271,1.2163529411764706
3,7.88,1.259,1.2156274509803922
3,7.89,1.283,1.212372549019608
3,7.9,1.287,1.2079803921568628
3,7.91,1.31,1.2037843137254902
3,7.92,1.324,1.2003725490196078
3,7.93,1.136,1.1975686274509805
3,7.94,1.156,1.1953725490196079
3,7.95,1.121,1.1935686274509805
3,7.96,1.184,1.1899019607843135
3,7.97,1.121,1.1893725490196076
3,7.98,1.137,1.1879019607843138
3,7.99,1.117,1.1866470588235294
3,8.0,1.073,1.186313725490196
3,8.01,1.112,1.1829803921568627
3,8.02,1.103,1.1823333333333332
3,8.03,1.135,1.1804117647058823
3,8.04,1.163,1.1784313725490196
3,8.05,1.095,1.176607843137255
3,8.06,1.163,1.1731568627450981
3,8.07,1.075,1.1733529411764707
3,8.08,1.149,1.1720980392156861
3,8.09,1.166,1.168686274509804
3,8.1,1.124,1.1656862745098038
3,8.11,1.213,1.1634509803921569
3,8.12,1.147,1.1597450980392157
3,8.13,1.23,1.1559803921568628
3,8.14,1.179,1.1543333333333332
3,8.15,1.136,1.152313725490196
3,8.16,1.126,1.148921568627451
3,8.17,1.138,1.145607843137255
3,8.18,1.133,1.1432549019607845
3,8.19,1.177,1.1431960784313726
3,8.2,1.175,1.144078431372549
3,8.21,1.122,1.1471176470588236
3,8.22,1.153,1.1486470588235296
3,8.23,1.167,1.1531764705882352
3,8.24,1.183,1.1566666666666667
3,8.25,1.196,1.1608039215686274
3,8.26,1.108,1.1665098039215687
3,8.27,1.174,1.171392156862745
3,8.28,1.155,1.1746274509803922
3,8.29,1.116,1.1768235294117648
3,8.3,1.185,1.1785686274509806
3,8.31,1.11,1.1798627450980392
3,8.32,1.21,1.1808039215686275
3,8.33,1.149,1.184
3,8.34,1.072,1.1874901960784314
3,8.35,1.144,1.1901960784313725
3,8.36,1.129,1.1942941176470587
3,8.37,1.056,1.1964901960784313
3,8.38,1.079,1.2014117647058824
3,8.39,1.175,1.2017254901960785
3,8.4,1.18,1.2057450980392157
3,8.41,1.114,1.2093529411764705
3,8.42,1.141,1.2124509803921568
3,8.43,1.204,1.2152156862745098
3,8.44,1.133,1.2170980392156863
3,8.45,1.201,1.2185098039215685
3,8.46,1.276,1.2186274509803923
3,8.47,1.262,1.2199803921568628
3,8.48,1.352,1.2194705882352943
3,8.49,1.315,1.2191960784313727
3,8.5,1.328,1.2195686274509805
3,8.51,1.364,1.2187254901960785
3,8.52,1.361,1.220235294117647
3,8.53,1.268,1.2210392156862746
3,8.54,1.247,1.2227254901960785
3,8.55,1.252,1.2235294117647058
3,8.56,1.161,1.2223137254901961
3,8.57,1.211,1.2225686274509804
3,8.58,1.238,1.2229019607843137
3,8.59,1.327,1.2239411764705883
3,8.6,1.304,1.2254901960784315
3,8.61,1.333,1.224686274509804
3,8.62,1.325,1.2249803921568627
3,8.63,1.398,1.2265490196078432
3,8.64,1.246,1.227372549019608
3,8.65,1.384,1.226235294117647
3,8.66,1.32,1.2246274509803923
3,8.67,1.284,1.2243333333333333
3,8.68,1.279,1.2248039215686275
3,8.69,1.229,1.2227254901960785
3,8.7,1.249,1.2230980392156863
3,8.71,1.181,1.222764705882353
3,8.72,1.191,1.2205686274509804
3,8.73,1.127,1.2169803921568627
3,8.74,1.153,1.2117450980392157
3,8.75,1.202,1.2064901960784313
3,8.76,1.153,1.2017450980392157
3,8.77,1.185,1.195529411764706
3,8.78,1.215,1.1884313725490196
3,8.79,1.241,1.1845686274509803
3,8.8,1.157,1.1808823529411765
3,8.81,1.123,1.1757843137254902
3,8.82,1.123,1.1745098039215687
3,8.83,1.227,1.1731960784313724
3,8.84,1.202,1.1718431372549019
3,8.85,1.151,1.1675098039215686
3,8.86,1.103,1.1642745098039216
3,8.87,1.144,1.1589803921568627
3,8.88,1.136,1.1535882352941176
3,8.89,1.121,1.1468823529411765
3,8.9,1.117,1.1445882352941175
3,8.91,1.098,1.1385882352941177
3,8.92,1.099,1.1350588235294117
3,8.93,1.165,1.1315098039215687
3,8.94,1.098,1.1277843137254902
3,8.95,1.152,1.1244901960784313
3,8.96,1.184,1.1226470588235296
3,8.97,1.164,1.1226078431372548
3,8.98,1.079,1.1221372549019608
3,8.99,1.085,1.1234313725490197
3,9.0,1.047,1.1247647058823529
3,9.01,1.086,1.1238039215686275
3,9.02,1.047,1.1238235294117649
3,9.03,0.999,1.1249019607843138
3,9.04,1.071,1.123921568627451
3,9.05,1.059,1.1223333333333332
3,9.06,0.992,1.1222941176470589
3,9.07,1.096,1.1231764705882352
3,9.08,1.144,1.123921568627451
3,9.09,1.169,1.1226274509803922
3,9.1,1.106,1.1215686274509804
3,9.11,1.139,1.1214117647058823
3,9.12,1.063,1.124470588235294
3,9.13,1.05,1.1269411764705883
3,9.14,1.056,1.1272745098039216
3,9.15,1.129,1.1274705882352942
3,9.16,1.078,1.1282156862745099
3,9.17,1.14,1.1288039215686274
3,9.18,1.103,1.129686274509804
3,9.19,1.089,1.1294117647058823
3,9.2,1.061,1.1295882352941176
3,9.21,1.155,1.129392156862745
3,9.22,1.179,1.1273333333333333
3,9.23,1.167,1.127470588235294
3,9.24,1.193,1.1284705882352941
3,9.25,1.221,1.1306666666666665
3,9.26,1.153,1.1323725490196077
3,9.27,1.154,1.1338039215686273
3,9.28,1.24,1.1355098039215685
3,9.29,1.165,1.137078431372549
3,9.3,1.16,1.1381764705882353
3,9.31,1.155,1.1397450980392156
3,9.32,1.168,1.1445490196078432
3,9.33,1.161,1.1477254901960785
3,9.34,1.161,1.1484705882352941
3,9.35,1.148,1.1491764705882355
3,9.36,1.143,1.1502156862745099
3,9.37,1.259,1.1505098039215684
3,9.38,1.27,1.1532745098039217
3,9.39,1.153,1.1550588235294117
3,9.4,1.131,1.156921568627451
3,9.41,1.155,1.157235294117647
3,9.42,1.128,1.1594313725490195
3,9.43,1.144,1.1590196078431372
3,9.44,1.151,1.1593333333333333
3,9.45,1.107,1.1602941176470587
3,9.46,1.142,1.1584117647058825
3,9.47,1.079,1.1546078431372548
3,9.48,1.171,1.151235294117647
3,9.49,1.13,1.1456470588235295
3,9.5,1.197,1.140921568627451
3,9.51,1.134,1.1364117647058825
3,9.52,1.159,1.1339607843137256
3,9.53,1.134,1.1298823529411763
3,9.54,1.079,1.1239803921568625
3,9.55,1.127,1.1201764705882353
3,9.56,1.139,1.1158627450980392
3,9.57,1.237,1.113156862745098
3,9.58,1.258,1.1097843137254901
3,9.59,1.182,1.1063333333333332
3,9.6,1.205,1.1037450980392156
3,9.61,1.159,1.1019999999999999
3,9.62,1.154,1.1005490196078431
3,9.63,1.204,1.0958823529411765
3,9.64,1.141,1.0921372549019608
3,9.65,1.151,1.0866078431372548
3,9.66,1.145,1.0827058823529412
3,9.67,1.19,1.0761176470588234
3,9.68,1.119,1.0705882352941176
3,9.69,1.119,1.0651372549019607
3,9.7,1.138,1.0611960784313725
3,9.71,0.965,1.0578235294117648
3,9.72,0.961,1.0539411764705882
3,9.73,1.007,1.0506078431372547
3,9.74,0.882,1.045470588235294
3,9.75,0.952,1.041156862745098
3,9.76,0.991,1.034686274509804
3,9.77,1.028,1.0300980392156864
3,9.78,0.946,1.0266666666666666
3,9.79,0.939,1.0224705882352942
3,9.8,0.971,1.0189607843137254
3,9.81,0.94,1.0168627450980392
3,9.82,1.017,1.0144117647058823
3,9.83,0.996,1.0107450980392156
3,9.84,0.985,1.0067843137254902
3,9.85,1.029,1.0042941176470588
3,9.86,1.059,1.0046666666666666
3,9.87,1.069,1.0069607843137254
3,9.88,1.021,1.0109019607843137
3,9.89,1.079,1.0143333333333333
3,9.9,0.871,1.017098039215686
3,9.91,0.932,1.0197450980392155
3,9.92,0.819,1.0239607843137253
3,9.93,0.846,1.0259607843137255
3,9.94,0.866,1.028529411764706
3,9.95,0.95,1.0327450980392157
3,9.96,0.935,1.0367843137254902
3,9.97,0.944,1.0448431372549019
3,9.98,0.909,1.053372549019608
3,9.99,0.909,1.0613921568627451
3,10.0,0.91,1.0709019607843138
3,10.01,0.867,1.0798431372549018
3,10.02,0.9,1.0906078431372548
3,10.03,0.984,1.0978039215686275
3,10.04,0.92,1.1063333333333334
3,10.05,0.9,1.116
3,10.06,1.02,1.1223529411764706
3,10.07,1.014,1.1278627450980392
3,10.08,1.05,1.1337254901960785
3,10.09,1.056,1.1364705882352941
3,10.1,1.055,1.1372745098039216
3,10.11,1.224,1.1379215686274509
3,10.12,1.276,1.1362745098039215
3,10.13,1.355,1.1370196078431372
3,10.14,1.379,1.1398627450980392
3,10.15,1.282,1.1419803921568628
3,10.16,1.286,1.1482156862745099
3,10.17,1.36,1.153627450980392
3,10.18,1.292,1.158764705882353
3,10.19,1.25,1.1631764705882353
3,10.2,1.334,1.167078431372549
3,10.21,1.344,1.1689411764705882
3,10.22,1.376,1.1695686274509802
3,10.23,1.396,1.171686274509804
3,10.24,1.416,1.1738235294117647
3,10.25,1.367,1.1759411764705883
3,10.26,1.408,1.1780392156862745
3,10.27,1.54,1.1798235294117647
3,10.28,1.395,1.1813333333333333
3,10.29,1.381,1.1815882352941176
3,10.3,1.432,1.1837647058823528
3,10.31,1.295,1.184686274509804
3,10.32,1.221,1.1833921568627452
3,10.33,1.316,1.1823921568627451
3,10.34,1.136,1.180764705882353
3,10.35,1.026,1.1805686274509803
3,10.36,1.062,1.1807254901960784
3,10.37,0.975,1.1771764705882353
3,10.38,1.107,1.172
3,10.39,1.166,1.1658627450980392
3,10.4,1.187,1.1590980392156862
3,10.41,1.189,1.1539019607843137
3,10.42,1.208,1.149921568627451
3,10.43,1.081,1.1440588235294118
3,10.44,1.071,1.1391176470588236
3,10.45,1.065,1.1338823529411766
3,10.46,1.045,1.127313725490196
3,10.47,0.967,1.1201176470588234
3,10.48,1.052,1.1124901960784312
3,10.49,1.018,1.1046078431372548
3,10.5,1.017,1.0961764705882353
3,10.51,1.017,1.0892352941176469
3,10.52,0.958,1.0818627450980394
3,10.53,0.977,1.0714313725490197
3,10.54,0.997,1.0631960784313725
3,10.55,1.031,1.0547254901960783
3,10.56,0.947,1.0465882352941176
3,10.57,0.954,1.040921568627451
3,10.58,0.963,1.0364901960784314
3,10.59,0.967,1.0280784313725488
3,10.6,1.046,1.0235098039215687
3,10.61,1.063,1.0226666666666666
3,10.62,1.043,1.0214117647058822
3,10.63,1.012,1.0220392156862743
3,10.64,1.042,1.01778431372549
3,10.65,1.034,1.013921568627451
3,10.66,1.017,1.0111960784313725
3,10.67,1.083,1.0082156862745097
3,10.68,1.061,1.006764705882353
3,10.69,1.04,1.007764705882353
3,10.7,0.983,1.008078431372549
3,10.71,0.999,1.0076274509803922
3,10.72,0.977,1.0073529411764706
3,10.73,0.987,1.0083529411764707
3,10.74,0.994,1.0081764705882352
3,10.75,0.986,1.0094509803921567
3,10.76,1.013,1.0109803921568628
3,10.77,1.032,1.0090588235294118
3,10.78,1.008,1.008529411764706
3,10.79,0.975,1.007843137254902
3,10.8,0.949,1.006470588235294
3,10.81,1.017,1.0074901960784313
3,10.82,1.006,1.0088039215686273
3,10.83,0.995,1.0103529411764705
3,10.84,0.887,1.012764705882353
3,10.85,0.903,1.0135882352941177
3,10.86,0.983,1.013764705882353
3,10.87,0.998,1.0147450980392156
3,10.88,1.007,1.0165882352941178
3,10.89,0.89,1.0202352941176471
3,10.9,0.969,1.0224705882352942
3,10.91,1.048,1.0228039215686275
3,10.92,1.037,1.0245882352941176
3,10.93,1.134,1.0259019607843136
3,10.94,1.132,1.0262941176470588
3,10.95,1.087,1.0268823529411766
3,10.96,1.042,1.028313725490196
3,10.97,1.031,1.0300588235294117
3,10.98,1.018,1.0321372549019607
3,10.99,1.043,1.0338039215686274
3,11.0,1.083,1.0356078431372548
3,11.01,1.095,1.037392156862745
3,11.02,0.919,1.0390980392156863
3,11.03,0.931,1.0401568627450979
3,11.04,0.942,1.041392156862745
3,11.05,0.927,1.0451176470588235
3,11.06,1.083,1.0502549019607843
3,11.07,1.014,1.053764705882353
3,11.08,1.033,1.0568235294117647
3,11.09,1.086,1.0595686274509806
3,11.1,1.009,1.064078431372549
3,11.11,1.055,1.0699019607843139
3,11.12,1.113,1.0734509803921568
3,11.13,1.137,1.0753529411764706
3,11.14,1.198,1.0785098039215688
3,11.15,1.156,1.0808823529411764
3,11.16,1.051,1.0831960784313726
3,11.17,1.108,1.0831176470588235
3,11.18,1.15,1.0839803921568627
3,11.19,1.081,1.083
3,11.2,1.07,1.082313725490196
3,11.21,1.056,1.0813529411764706
3,11.22,1.088,1.081470588235294
3,11.23,1.083,1.0820588235294117
3,11.24,1.072,1.083156862745098
3,11.25,1.086,1.0841960784313724
3,11.26,1.077,1.0842156862745098
3,11.27,1.1,1.0849019607843138
3,11.28,1.086,1.087764705882353
3,11.29,1.071,1.0906470588235293
3,11.3,1.165,1.0930196078431373
3,11.31,1.211,1.0960392156862744
3,11.32,1.196,1.0956470588235294
3,11.33,1.162,1.0967450980392157
3,11.34,1.135,1.097764705882353
3,11.35,1.117,1.0976470588235294
3,11.36,1.2,1.099156862745098
3,11.37,1.164,1.1004509803921567
3,11.38,1.095,1.0993137254901961
3,11.39,1.168,1.0968039215686274
3,11.4,1.011,1.0959019607843137
3,11.41,1.087,1.0944117647058824
3,11.42,1.044,1.0948039215686274
3,11.43,1.081,1.0935490196078432
3,11.44,1.084,1.091372549019608
3,11.45,1.097,1.0905098039215686
3,11.46,1.038,1.0902549019607841
3,11.47,1.048,1.0892156862745097
3,11.48,1.061,1.0893725490196078
3,11.49,1.074,1.0897058823529413
3,11.5,1.096,1.0893333333333333
3,11.51,1.084,1.088392156862745
3,11.52,1.13,1.0878823529411765
3,11.53,1.065,1.0875294117647059
3,11.54,1.078,1.0880196078431374
3,11.55,1.063,1.0887647058823529
3,11.56,1.081,1.0868823529411764
3,11.57,1.063,1.0845098039215686
3,11.58,1.07,1.0821372549019608
3,11.59,1.085,1.0828039215686274
3,11.6,1.08,1.082470588235294
3,11.61,1.086,1.082392156862745
3,11.62,1.121,1.0806274509803921
3,11.63,1.055,1.0796666666666668
3,11.64,1.009,1.0794117647058825
3,11.65,1.152,1.0776078431372549
3,11.66,1.08,1.0789019607843138
3,11.67,1.071,1.0789607843137254
3,11.68,1.044,1.0791764705882354
3,11.69,1.039,1.077549019607843
3,11.7,1.037,1.0783725490196079
3,11.71,1.057,1.0785098039215686
3,11.72,1.003,1.0792745098039216
3,11.73,1.096,1.080078431372549
3,11.74,1.1,1.079764705882353
3,11.75,1.053,1.080921568627451
3,11.76,1.038,1.079686274509804
3,11.77,1.051,1.0800588235294117
3,11.78,1.082,1.0790980392156861
3,11.79,1.111,1.0791372549019607
3,11.8,1.109,1.0790196078431373
3,11.81,1.069,1.0804313725490196
3,11.82,1.09,1.080058823529412
3,11.83,1.075,1.080529411764706
3,11.84,1.196,1.0809607843137254
3,11.85,1.118,1.0813529411764706
3,11.86,1.113,1.0821960784313724
3,11.87,1.11,1.0820196078431372
3,11.88,1.115,1.0822352941176472
3,11.89,1.082,1.0841960784313724
3,11.9,1.076,1.0861176470588236
3,11.91,1.077,1.0848235294117647
3,11.92,1.09,1.0847058823529412
3,11.93,1.055,1.085764705882353
3,11.94,0.998,1.0885490196078431
3,11.95,1.126,1.0903333333333334
3,11.96,1.104,1.094078431372549
3,11.97,1.077,1.0973725490196078
3,11.98,1.089,1.102
3,11.99,1.045,1.1059999999999999
3,12.0,1.133,1.1088823529411764
3,12.01,1.033,1.1115490196078432
3,12.02,1.103,1.1158039215686275
3,12.03,1.081,1.121
3,12.04,1.067,1.123294117647059
3,12.05,1.072,1.1265490196078431
3,12.06,1.135,1.128392156862745
3,12.07,1.062,1.1295686274509804
3,12.08,1.087,1.1320980392156863
3,12.09,1.092,1.1339019607843137
3,12.1,1.105,1.1342352941176472
3,12.11,1.123,1.1370392156862745
3,12.12,1.077,1.140294117647059
3,12.13,1.132,1.140450980392157
3,12.14,1.155,1.1423529411764706
3,12.15,1.107,1.1450588235294117
3,12.16,1.086,1.1499019607843137
3,12.17,1.074,1.152372549019608
3,12.18,1.125,1.1536470588235295
3,12.19,1.186,1.157313725490196
3,12.2,1.13,1.1611960784313724
3,12.21,1.228,1.1632941176470588
3,12.22,1.225,1.1655490196078433
3,12.23,1.239,1.1690980392156862
3,12.24,1.3,1.1731372549019607
3,12.25,1.247,1.174686274509804
3,12.26,1.189,1.1745490196078432
3,12.27,1.255,1.1766274509803922
3,12.28,1.316,1.1761372549019606
3,12.29,1.199,1.1748235294117648
3,12.3,1.277,1.1713725490196079
3,12.31,1.203,1.170294117647059
3,12.32,1.129,1.1681764705882354
3,12.33,1.219,1.1648235294117646
3,12.34,1.167,1.162392156862745
3,12.35,1.213,1.1590392156862745
3,12.36,1.261,1.1530392156862745
3,12.37,1.279,1.1474509803921569
3,12.38,1.118,1.1429019607843138
3,12.39,1.212,1.1365882352941177
3,12.4,1.22,1.1325686274509805
3,12.41,1.323,1.127470588235294
3,12.42,1.203,1.1222549019607844
3,12.43,1.155,1.1174117647058823
3,12.44,1.242,1.112470588235294
3,12.45,1.196,1.1066666666666667
3,12.46,1.233,1.1038823529411763
3,12.47,1.219,1.1002549019607843
3,12.48,1.258,1.0962156862745098
3,12.49,1.295,1.0909803921568628
3,12.5,1.124,1.085235294117647
3,12.51,1.126,1.0807254901960783
3,12.52,1.139,1.0771176470588235
3,12.53,1.078,1.0724117647058824
3,12.54,1.014,1.0677058823529413
3,12.55,0.891,1.0646470588235293
3,12.56,1.017,1.0611960784313725
3,12.57,1.027,1.0577843137254903
3,12.58,0.891,1.055843137254902
3,12.59,0.963,1.052
3,12.6,0.921,1.0485882352941176
3,12.61,0.799,1.0472745098039216
3,12.62,0.838,1.0426274509803921
3,12.63,0.845,1.0398627450980393
3,12.64,0.81,1.0404117647058824
3,12.65,0.95,1.0381372549019607
3,12.66,0.847,1.0327058823529411
3,12.67,0.82,1.0275686274509803
3,12.68,0.827,1.0236470588235294
3,12.69,0.873,1.021156862745098
3,12.7,0.89,1.0149803921568628
3,12.71,0.988,1.0112549019607844
3,12.72,1.043,1.0040392156862745
3,12.73,1.019,0.9980980392156863
3,12.74,0.972,0.9943725490196078
3,12.75,1.007,0.9911568627450981
3,12.76,1.017,0.9903333333333333
3,12.77,1.005,0.9917058823529411
3,12.78,1.015,0.9919607843137254
3,12.79,1.076,0.9910980392156863
3,12.8,1.043,0.9911372549019607
3,12.81,1.101,0.9912549019607844
3,12.82,1.029,0.9894313725490196
3,12.83,1.03,0.9876862745098037
3,12.84,1.023,0.989313725490196
3,12.85,0.993,0.9882156862745097
3,12.86,1.146,0.9877450980392157
3,12.87,1.024,0.9888039215686274
3,12.88,1.138,0.990156862745098
3,12.89,1.146,0.9926666666666666
3,12.9,1.096,0.9954313725490195
3,12.91,0.943,0.9957843137254901
3,12.92,1.061,0.9987254901960784
3,12.93,1.003,1.0039607843137255
3,12.94,1.028,1.0091960784313725
3,12.95,0.927,1.0111960784313727
3,12.96,1.006,1.012764705882353
3,12.97,0.865,1.0109411764705882
3,12.98,0.916,1.0084117647058823
3,12.99,1.068,1.005921568627451
3,13.0,1.131,1.0028823529411763
3,13.01,1.082,0.9983921568627451
3,13.02,1.196,0.9976666666666667
3,13.03,1.152,0.9988823529411764
3,13.04,1.034,0.9996078431372548
3,13.05,1.016,1.0002352941176471
3,13.06,0.897,1.0007843137254901
3,13.07,0.924,0.9995882352941177
3,13.08,0.938,0.9977843137254903
3,13.09,0.974,0.9961568627450981
3,13.1,0.907,0.9942156862745097
3,13.11,0.897,0.9926078431372548
3,13.12,0.853,0.9913725490196077
3,13.13,0.907,0.9909803921568628
3,13.14,0.973,0.9906078431372549
3,13.15,0.951,0.9905686274509804
3,13.16,0.968,0.9940980392156863
3,13.17,0.997,1.0014117647058824
3,13.18,1.087,1.0110784313725492
3,13.19,1.094,1.0226274509803923
3,13.2,0.975,1.0347843137254902
3,13.21,0.97,1.053686274509804
3,13.22,0.895,1.0688431372549019
3,13.23,0.914,1.087294117647059
3,13.24,0.892,1.1006862745098038
3,13.25,0.817,1.1153333333333333
3,13.26,0.778,1.1237450980392156
3,13.27,0.98,1.1357450980392156
3,13.28,1.067,1.1457254901960785
3,13.29,1.052,1.1497450980392157
3,13.3,1.108,1.158
3,13.31,1.071,1.163529411764706
3,13.32,1.04,1.168313725490196
3,13.33,0.937,1.1761764705882354
3,13.34,0.947,1.183294117647059
3,13.35,0.924,1.185078431372549
3,13.36,0.911,1.1877450980392157
3,13.37,1.083,1.1943725490196078
3,13.38,1.004,1.2006470588235294
3,13.39,1.119,1.2072745098039215
3,13.4,1.144,1.2159411764705883
3,13.41,1.276,1.2218235294117648
3,13.42,1.316,1.2260588235294119
3,13.43,1.554,1.2269803921568627
3,13.44,1.592,1.2277058823529412
3,13.45,1.648,1.229470588235294
3,13.46,1.891,1.2335686274509803
3,13.47,1.779,1.2330784313725491
3,13.48,1.806,1.2348823529411765
3,13.49,1.599,1.236
3,13.5,1.815,1.238549019607843
3,13.51,1.56,1.2424705882352942
3,13.52,1.694,1.2469411764705882
3,13.53,1.705,1.2492352941176472
3,13.54,1.357,1.254529411764706
3,13.55,1.455,1.2587843137254904
3,13.56,1.298,1.2626470588235292
3,13.57,1.141,1.2683333333333333
3,13.58,1.325,1.2735098039215687
3,13.59,1.301,1.2784313725490197
3,13.6,1.065,1.2859607843137255
3,13.61,1.043,1.2927647058823528
3,13.62,1.235,1.2997450980392156
3,13.63,1.173,1.301921568627451
3,13.64,1.245,1.3056470588235296
3,13.65,1.415,1.3055490196078432
3,13.66,1.251,1.3059019607843136
3,13.67,1.184,1.301686274509804
3,13.68,1.044,1.2992549019607844
3,13.69,1.124,1.2917254901960784
3,13.7,1.184,1.2865098039215686
3,13.71,1.184,1.2792745098039218
3,13.72,0.945,1.267392156862745
3,13.73,0.987,1.2559019607843138
3,13.74,0.971,1.244156862745098
3,13.75,1.022,1.238156862745098
3,13.76,1.017,1.2270196078431372
3,13.77,1.006,1.2223921568627452
3,13.78,1.097,1.218470588235294
3,13.79,1.337,1.217843137254902
3,13.8,1.269,1.2257647058823529
3,13.81,1.305,1.226843137254902
3,13.82,1.361,1.2295490196078431
3,13.83,1.304,1.2294901960784315
3,13.84,1.188,1.227627450980392
3,13.85,1.331,1.226627450980392
3,13.86,1.271,1.2268627450980392
3,13.87,1.267,1.228686274509804
3,13.88,1.194,1.2244705882352942
3,13.89,1.194,1.2256862745098038
3,13.9,1.114,1.2271764705882353
3,13.91,1.162,1.2269411764705882
3,13.92,1.061,1.2316078431372548
3,13.93,1.192,1.2392745098039215
3,13.94,1.17,1.2501764705882352
3,13.95,1.326,1.259529411764706
3,13.96,1.279,1.2645882352941176
3,13.97,1.285,1.2696470588235294
3,13.98,1.193,1.2747254901960783
3,13.99,1.207,1.281156862745098
3,14.0,1.293,1.2880196078431372
3,14.01,1.247,1.2937058823529413
3,14.02,1.324,1.2946274509803921
3,14.03,1.494,1.2931176470588235
3,14.04,1.673,1.2902745098039217
3,14.05,1.761,1.283921568627451
3,14.06,1.51,1.277313725490196
3,14.07,1.436,1.2716274509803924
3,14.08,1.138,1.26778431372549
3,14.09,1.23,1.2687058823529413
3,14.1,1.25,1.2726470588235295
3,14.11,1.077,1.2754117647058822
3,14.12,1.136,1.2758039215686274
3,14.13,1.02,1.2741764705882355
3,14.14,1.235,1.2739019607843136
3,14.15,1.321,1.2719411764705881
3,14.16,1.403,1.2711176470588235
3,14.17,1.489,1.2683529411764705
3,14.18,1.575,1.269078431372549
3,14.19,1.6,1.269764705882353
3,14.2,1.601,1.2724509803921569
3,14.21,1.442,1.2728235294117647
3,14.22,1.442,1.2747843137254902
3,14.23,1.204,1.2769019607843137
3,14.24,1.315,1.2797450980392155
3,14.25,1.321,1.281666666666667
3,14.26,1.312,1.2836274509803922
3,14.27,1.064,1.2872745098039216
3,14.28,0.929,1.2877058823529413
3,14.29,0.952,1.281235294117647
3,14.3,1.013,1.272372549019608
3,14.31,0.932,1.2608627450980392
3,14.32,1.015,1.251843137254902
3,14.33,1.165,1.2432745098039215
3,14.34,1.351,1.2428039215686275
3,14.35,1.389,1.2411176470588237
3,14.36,1.472,1.239921568627451
3,14.37,1.291,1.2443921568627452
3,14.38,1.184,1.2462156862745097
3,14.39,1.18,1.2522941176470588
3,14.4,1.094,1.2528627450980392
3,14.41,1.072,1.2500980392156864
3,14.42,1.021,1.2468039215686275
3,14.43,1.098,1.2438823529411764
3,14.44,1.227,1.2396470588235295
3,14.45,1.307,1.2346470588235294
3,14.46,1.345,1.2293529411764705
3,14.47,1.379,1.2274117647058824
3,14.48,1.393,1.2245098039215687
3,14.49,1.338,1.2262745098039216
3,14.5,1.305,1.2249019607843137
3,14.51,1.393,1.223392156862745
3,14.52,1.433,1.2206666666666668
3,14.53,1.346,1.2223137254901961
3,14.54,1.164,1.2245098039215687
3,14.55,1.221,1.2252745098039217
3,14.56,1.174,1.2246666666666668
3,14.57,1.05,1.2245098039215687
3,14.58,0.999,1.2233529411764705
3,14.59,1.114,1.2205098039215687
3,14.6,1.144,1.214156862745098
3,14.61,1.189,1.206
3,14.62,1.305,1.1952352941176472
3,14.63,1.229,1.1876078431372548
3,14.64,1.33,1.1831372549019608
3,14.65,1.264,1.1784705882352942
3,14.66,1.18,1.1761764705882354
3,14.67,1.235,1.1734313725490195
3,14.68,1.34,1.1719803921568628
3,14.69,1.359,1.168764705882353
3,14.7,1.345,1.1631176470588236
3,14.71,1.331,1.1572745098039217
3,14.72,1.343,1.1500980392156863
3,14.73,1.294,1.1389803921568629
3,14.74,1.294,1.1308823529411764
3,14.75,1.245,1.123450980392157
3,14.76,1.244,1.1152745098039216
3,14.77,1.173,1.107156862745098
3,14.78,1.148,1.0965686274509805
3,14.79,1.041,1.087137254901961
3,14.8,0.991,1.0804313725490196
3,14.81,0.982,1.0756078431372549
3,14.82,0.924,1.070313725490196
3,14.83,0.956,1.0677254901960784
3,14.84,1.02,1.0659411764705882
3,14.85,1.027,1.0615294117647058
3,14.86,0.973,1.055843137254902
3,14.87,0.923,1.0505098039215686
3,14.88,0.902,1.042235294117647
3,14.89,0.956,1.0356078431372548
3,14.9,0.942,1.024
3,14.91,0.977,1.0128039215686275
3,14.92,0.932,1.0048039215686273
3,14.93,0.947,0.9947450980392156
3,14.94,0.934,0.9826078431372549
3,14.95,0.939,0.9703725490196079
3,14.96,1.009,0.9594901960784314
3,14.97,0.979,0.9487843137254902
3,14.98,0.812,0.939235294117647
3,14.99,0.98,0.929470588235294
3,15.0,0.959,0.9179607843137255
3,15.01,0.888,0.9085294117647059
3,15.02,0.979,0.8977450980392156
3,15.03,0.893,0.8882549019607842
3,15.04,0.865,0.8784509803921569
3,15.05,0.822,0.8705098039215685
3,15.06,0.975,0.8638431372549019
3,15.07,0.904,0.859313725490196
3,15.08,0.918,0.8543137254901961
3,15.09,0.908,0.8484509803921568
3,15.1,0.889,0.8432941176470587
3,15.11,0.854,0.8370784313725489
3,15.12,0.917,0.8304313725490196
3,15.13,0.883,0.8253725490196078
3,15.14,0.891,0.8212352941176471
3,15.15,0.738,0.8159019607843137
3,15.16,0.693,0.8120196078431372
3,15.17,0.772,0.8084313725490196
3,15.18,0.722,0.8049411764705883
3,15.19,0.721,0.8001372549019606
3,15.2,0.735,0.7969999999999999
3,15.21,0.79,0.7928235294117647
3,15.22,0.785,0.7885098039215686
3,15.23,0.856,0.784843137254902
3,15.24,0.796,0.7841960784313725
3,15.25,0.707,0.7803333333333333
3,15.26,0.764,0.7773333333333333
3,15.27,0.694,0.7761960784313725
3,15.28,0.689,0.7728823529411765
3,15.29,0.648,0.771078431372549
3,15.3,0.636,0.7711372549019607
3,15.31,0.651,0.7709607843137255
3,15.32,0.751,0.7668039215686274
3,15.33,0.669,0.763078431372549
3,15.34,0.657,0.7585882352941176
3,15.35,0.757,0.7553529411764707
3,15.36,0.71,0.7524313725490197
3,15.37,0.634,0.7494117647058823
3,15.38,0.665,0.745
3,15.39,0.691,0.742764705882353
3,15.4,0.684,0.7380196078431371
3,15.41,0.744,0.739
3,15.42,0.794,0.740078431372549
3,15.43,0.754,0.739
3,15.44,0.702,0.7404901960784314
3,15.45,0.774,0.741235294117647
3,15.46,0.726,0.7405294117647058
3,15.47,0.789,0.7393725490196078
3,15.48,0.792,0.7391176470588235
3,15.49,0.779,0.7386470588235294
3,15.5,0.783,0.7365294117647059
3,15.51,0.806,0.7357254901960784
3,15.52,0.83,0.7351960784313725
3,15.53,0.81,0.7366666666666667
3,15.54,0.801,0.737764705882353
3,15.55,0.868,0.7397254901960784
3,15.56,0.813,0.7431764705882353
3,15.57,0.763,0.7449607843137255
3,15.58,0.714,0.7478235294117648
3,15.59,0.689,0.7499607843137255
3,15.6,0.743,0.7525098039215686
3,15.61,0.74,0.7539019607843138
3,15.62,0.7,0.7531960784313726
3,15.63,0.692,0.7554901960784314
3,15.64,0.769,0.7559607843137255
3,15.65,0.649,0.7568627450980392
3,15.66,0.788,0.7586274509803923
3,15.67,0.748,0.7605490196078432
3,15.68,0.717,0.7602549019607843
3,15.69,0.798,0.7629607843137255
3,15.7,0.759,0.7661960784313726
3,15.71,0.699,0.7679607843137256
3,15.72,0.731,0.7685882352941177
3,15.73,0.772,0.7665882352941177
3,15.74,0.832,0.7642549019607844
3,15.75,0.688,0.7623333333333333
3,15.76,0.666,0.7626862745098041
3,15.77,0.737,0.7626078431372549
3,15.78,0.769,0.7630196078431373
3,15.79,0.745,0.7642156862745096
3,15.8,0.748,0.7672745098039215
3,15.81,0.812,0.7666666666666667
3,15.82,0.742,0.767235294117647
3,15.83,0.897,0.7698039215686274
3,15.84,0.778,0.7753529411764706
3,15.85,0.787,0.7806274509803922
3,15.86,0.828,0.7881960784313725
3,15.87,0.674,0.7995490196078432
3,15.88,0.751,0.8152745098039216
3,15.89,0.689,0.8286862745098039
3,15.9,0.737,0.8419019607843138
3,15.91,0.774,0.8551372549019608
3,15.92,0.842,0.8670392156862745
3,15.93,0.779,0.8783333333333334
3,15.94,0.892,0.8862745098039216
3,15.95,0.867,0.8925882352941176
3,15.96,0.864,0.899235294117647
3,15.97,0.758,0.9071764705882354
3,15.98,0.687,0.9118235294117647
3,15.99,0.673,0.916686274509804
3,16.0,0.681,0.9216666666666667
3,16.01,0.801,0.9310588235294118
3,16.02,0.802,0.9419019607843139
3,16.03,0.851,0.9526274509803923
3,16.04,0.871,0.9630784313725491
3,16.05,0.957,0.9715686274509804
3,16.06,0.837,0.9797450980392156
3,16.07,0.842,0.9866274509803923
3,16.08,0.894,0.9962941176470588
3,16.09,0.997,1.004156862745098
3,16.1,0.958,1.0143333333333333
3,16.11,1.129,1.0222941176470588
3,16.12,1.319,1.0307058823529411
3,16.13,1.502,1.0415098039215687
3,16.14,1.376,1.053078431372549
3,16.15,1.443,1.0670392156862747
3,16.16,1.324,1.0790392156862745
3,16.17,1.395,1.0889411764705883
3,16.18,1.324,1.0958039215686275
3,16.19,1.122,1.1043921568627453
3,16.2,1.12,1.110529411764706
3,16.21,1.098,1.1168039215686274
3,16.22,1.104,1.1246274509803922
3,16.23,0.968,1.1354901960784314
3,16.24,1.02,1.1498627450980392
3,16.25,1.086,1.162470588235294
3,16.26,1.167,1.1742156862745097
3,16.27,1.219,1.1828235294117646
3,16.28,1.284,1.1937058823529412
3,16.29,1.302,1.2051960784313724
3,16.3,1.178,1.2164901960784313
3,16.31,1.165,1.2252156862745098
3,16.32,1.163,1.2370392156862744
3,16.33,1.235,1.2496666666666667
3,16.34,1.298,1.2611764705882353
3,16.35,1.297,1.2706274509803923
3,16.36,1.193,1.2807058823529411
3,16.37,1.257,1.2872745098039218
3,16.38,1.225,1.2898823529411765
3,16.39,1.341,1.2900588235294117
3,16.4,1.401,1.2910000000000001
3,16.41,1.349,1.291588235294118
3,16.42,1.279,1.294254901960784
3,16.43,1.192,1.294921568627451
3,16.44,1.217,1.2982745098039217
3,16.45,1.205,1.3046666666666666
3,16.46,1.187,1.3106274509803921
3,16.47,1.263,1.3168039215686274
3,16.48,1.312,1.3244509803921567
3,16.49,1.42,1.3348235294117645
3,16.5,1.316,1.3447450980392155
3,16.51,1.28,1.3551764705882354
3,16.52,1.24,1.3631764705882352
3,16.53,1.357,1.3698627450980392
3,16.54,1.437,1.3770196078431372
3,16.55,1.447,1.3827058823529412
3,16.56,1.402,1.39278431372549
3,16.57,1.44,1.402764705882353
3,16.58,1.486,1.4119607843137256
3,16.59,1.481,1.4208235294117648
3,16.6,1.479,1.427764705882353
3,16.61,1.472,1.4348431372549022
3,16.62,1.464,1.443392156862745
3,16.63,1.452,1.452156862745098
3,16.64,1.511,1.4627254901960782
3,16.65,1.424,1.4692745098039217
3,16.66,1.473,1.4757058823529414
3,16.67,1.46,1.4818039215686276
3,16.68,1.429,1.4888039215686275
3,16.69,1.495,1.4971568627450982
3,16.7,1.448,1.5049607843137256
3,16.71,1.424,1.5137254901960784
3,16.72,1.413,1.525156862745098
3,16.73,1.494,1.5351372549019608
3,16.74,1.497,1.5431960784313725
3,16.75,1.526,1.5478823529411763
3,16.76,1.618,1.5518039215686275
3,16.77,1.575,1.555843137254902
3,16.78,1.56,1.5626078431372548
3,16.79,1.649,1.5688039215686274
3,16.8,1.592,1.5723333333333336
3,16.81,1.692,1.5764705882352943
3,16.82,1.674,1.5800196078431372
3,16.83,1.632,1.581764705882353
3,16.84,1.687,1.5839607843137253
3,16.85,1.652,1.5833921568627451
3,16.86,1.658,1.584823529411765
3,16.87,1.629,1.5868235294117647
3,16.88,1.704,1.5868823529411764
3,16.89,1.764,1.5884117647058824
3,16.9,1.675,1.5874901960784313
3,16.91,1.729,1.589
3,16.92,1.66,1.589313725490196
3,16.93,1.636,1.5905686274509805
3,16.94,1.618,1.5914117647058825
3,16.95,1.615,1.5905490196078431
3,16.96,1.652,1.5917254901960785
3,16.97,1.77,1.5952156862745097
3,16.98,1.772,1.597313725490196
3,16.99,1.723,1.5977254901960782
3,17.0,1.659,1.5986078431372548
3,17.01,1.516,1.598137254901961
3,17.02,1.486,1.5962549019607841
3,17.03,1.585,1.5953333333333335
3,17.04,1.673,1.5953921568627454
3,17.05,1.617,1.5930588235294119
3,17.06,1.658,1.5937647058823532
3,17.07,1.583,1.5922745098039217
3,17.08,1.529,1.5915490196078435
3,17.09,1.598,1.591156862745098
3,17.1,1.452,1.5884117647058824
3,17.11,1.552,1.5882549019607843
3,17.12,1.574,1.5873137254901961
3,17.13,1.467,1.5844901960784312
3,17.14,1.53,1.5817450980392156
3,17.15,1.464,1.5795098039215687
3,17.16,1.501,1.580470588235294
3,17.17,1.489,1.5783921568627448
3,17.18,1.524,1.5777254901960784
3,17.19,1.472,1.5758235294117648
3,17.2,1.451,1.573490196078431
3,17.21,1.508,1.5703529411764705
3,17.22,1.602,1.5664313725490198
3,17.23,1.52,1.5604117647058824
3,17.24,1.515,1.555686274509804
3,17.25,1.542,1.5507647058823528
3,17.26,1.502,1.545
3,17.27,1.522,1.5436470588235294
3,17.28,1.528,1.5434117647058823
3,17.29,1.563,1.5421764705882353
3,17.3,1.53,1.5396470588235296
3,17.31,1.628,1.5377450980392156
3,17.32,1.616,1.5339607843137255
3,17.33,1.637,1.5318823529411763
3,17.34,1.612,1.5325882352941178
3,17.35,1.547,1.5332549019607842
3,17.36,1.644,1.5362352941176471
3,17.37,1.61,1.5380784313725488
3,17.38,1.485,1.5380980392156862
3,17.39,1.564,1.5410980392156863
3,17.4,1.65,1.5454509803921568
3,17.41,1.724,1.5474705882352942
3,17.42,1.623,1.5507254901960783
3,17.43,1.626,1.5542352941176472
3,17.44,1.539,1.55721568627451
3,17.45,1.499,1.5606078431372548
3,17.46,1.455,1.5657254901960784
3,17.47,1.452,1.5693137254901963
3,17.48,1.463,1.5714901960784313
3,17.49,1.531,1.5743529411764705
3,17.5,1.472,1.578313725490196
3,17.51,1.365,1.580549019607843
3,17.52,1.447,1.583411764705882
3,17.53,1.474,1.5856274509803923
3,17.54,1.522,1.585862745098039
3,17.55,1.544,1.5839803921568627
3,17.56,1.52,1.585078431372549
3,17.57,1.465,1.583607843137255
3,17.58,1.477,1.5811960784313723
3,17.59,1.565,1.5784313725490196
3,17.6,1.632,1.5773529411764704
3,17.61,1.604,1.5784705882352943
3,17.62,1.646,1.5754901960784313
3,17.63,1.575,1.5741372549019605
3,17.64,1.62,1.575
3,17.65,1.752,1.5740196078431374
3,17.66,1.567,1.5703333333333334
3,17.67,1.667,1.5655294117647058
3,17.68,1.668,1.563529411764706
3,17.69,1.676,1.5608627450980392
3,17.7,1.645,1.559686274509804
3,17.71,1.712,1.5603137254901962
3,17.72,1.691,1.5604705882352943
3,17.73,1.713,1.559509803921569
3,17.74,1.666,1.5589411764705883
3,17.75,1.717,1.5568823529411764
3,17.76,1.656,1.5574117647058823
3,17.77,1.648,1.558
3,17.78,1.635,1.5568235294117647
3,17.79,1.54,1.5561764705882353
3,17.8,1.467,1.5559607843137258
3,17.81,1.586,1.5540784313725489
3,17.82,1.553,1.5530588235294118
3,17.83,1.493,1.5532549019607842
3,17.84,1.496,1.5527843137254904
3,17.85,1.557,1.5520392156862743
3,17.86,1.604,1.549843137254902
3,17.87,1.492,1.547843137254902
3,17.88,1.541,1.5459803921568627
3,17.89,1.529,1.5461960784313724
3,17.9,1.514,1.5473725490196077
3,17.91,1.462,1.5446470588235295
3,17.92,1.479,1.5440980392156862
3,17.93,1.521,1.542450980392157
3,17.94,1.49,1.5399607843137255
3,17.95,1.479,1.5382352941176471
3,17.96,1.531,1.5377450980392156
3,17.97,1.463,1.5362941176470588
3,17.98,1.403,1.5341568627450979
3,17.99,1.434,1.532313725490196
3,18.0,1.426,1.5317058823529413
3,18.01,1.499,1.5285686274509807
3,18.02,1.395,1.5270196078431373
3,18.03,1.387,1.5251764705882354
3,18.04,1.441,1.5230588235294118
3,18.05,1.511,1.524313725490196
3,18.06,1.448,1.5274509803921568
3,18.07,1.468,1.5285098039215685
3,18.08,1.475,1.526313725490196
3,18.09,1.453,1.5255882352941177
3,18.1,1.527,1.524392156862745
3,18.11,1.52,1.521764705882353
3,18.12,1.502,1.5191568627450982
3,18.13,1.551,1.5177450980392158
3,18.14,1.586,1.5170392156862744
3,18.15,1.68,1.5160784313725488
3,18.16,1.613,1.514843137254902
3,18.17,1.539,1.5147058823529411
3,18.18,1.583,1.5149019607843135
3,18.19,1.541,1.5160784313725488
3,18.2,1.588,1.5181372549019607
3,18.21,1.62,1.518764705882353
3,18.22,1.638,1.5220588235294117
3,18.23,1.582,1.5251764705882354
3,18.24,1.619,1.531078431372549
3,18.25,1.635,1.5365882352941176
3,18.26,1.557,1.5424509803921567
3,18.27,1.577,1.5447450980392157
3,18.28,1.554,1.5495098039215687
3,18.29,1.527,1.554823529411765
3,18.3,1.604,1.5583529411764705
3,18.31,1.627,1.5598039215686277
3,18.32,1.64,1.5643137254901962
3,18.33,1.441,1.5706666666666667
3,18.34,1.456,1.5753333333333333
3,18.35,1.435,1.5791372549019609
3,18.36,1.423,1.5824901960784312
3,18.37,1.471,1.585156862745098
3,18.38,1.42,1.5880196078431374
3,18.39,1.505,1.5884901960784314
3,18.4,1.48,1.5888431372549021
3,18.41,1.451,1.5897843137254901
3,18.42,1.455,1.5897450980392156
3,18.43,1.489,1.5911372549019607
3,18.44,1.581,1.5923921568627453
3,18.45,1.595,1.5946274509803924
3,18.46,1.511,1.5955686274509804
3,18.47,1.699,1.593921568627451
3,18.48,1.622,1.5944509803921567
3,18.49,1.704,1.5968039215686276
3,18.5,1.715,1.5981960784313727
3,18.51,1.725,1.5989019607843136
3,18.52,1.616,1.602607843137255
3,18.53,1.638,1.6027450980392155
3,18.54,1.658,1.6048039215686274
3,18.55,1.621,1.6053529411764704
3,18.56,1.585,1.6057450980392156
3,18.57,1.678,1.6058823529411765
3,18.58,1.792,1.6047450980392157
3,18.59,1.713,1.6094313725490197
3,18.6,1.647,1.6132549019607842
3,18.61,1.698,1.6182745098039215
3,18.62,1.656,1.621294117647059
3,18.63,1.648,1.6250980392156864
3,18.64,1.575,1.6290392156862745
3,18.65,1.604,1.629921568627451
3,18.66,1.728,1.6303333333333334
3,18.67,1.611,1.6346078431372548
3,18.68,1.61,1.6366470588235293
3,18.69,1.647,1.6373725490196078
3,18.7,1.655,1.6381568627450982
3,18.71,1.636,1.638235294117647
3,18.72,1.536,1.6399019607843135
3,18.73,1.665,1.6371372549019607
3,18.74,1.702,1.6354901960784314
3,18.75,1.69,1.6325098039215689
3,18.76,1.671,1.629235294117647
3,18.77,1.746,1.626294117647059
3,18.78,1.584,1.6248431372549021
3,18.79,1.659,1.622372549019608
3,18.8,1.555,1.6208823529411762
3,18.81,1.624,1.6210000000000002
3,18.82,1.634,1.6216274509803923
3,18.83,1.582,1.618921568627451
3,18.84,1.68,1.6154901960784314
3,18.85,1.651,1.6123137254901962
3,18.86,1.691,1.6104509803921567
3,18.87,1.577,1.609235294117647
3,18.88,1.665,1.6082745098039215
3,18.89,1.621,1.6056666666666666
3,18.9,1.55,1.6046862745098038
3,18.91,1.501,1.6047254901960784
3,18.92,1.669,1.6013725490196078
3,18.93,1.559,1.6009607843137255
3,18.94,1.526,1.5999019607843137
3,18.95,1.621,1.5974901960784313
3,18.96,1.599,1.5959019607843135
3,18.97,1.596,1.5940588235294118
3,18.98,1.558,1.5949607843137255
3,18.99,1.538,1.5933529411764709
3,19.0,1.552,1.5905294117647057
3,19.01,1.548,1.5887254901960783
3,19.02,1.575,1.5862745098039217
3,19.03,1.542,1.5822352941176467
3,19.04,1.512,1.5811764705882354
3,19.05,1.582,1.579313725490196
3,19.06,1.627,1.5784901960784317
3,19.07,1.617,1.5771960784313726
3,19.08,1.54,1.57721568627451
3,19.09,1.617,1.5774509803921568
3,19.1,1.551,1.5765686274509805
3,19.11,1.552,1.5768039215686276
3,19.12,1.636,1.576
3,19.13,1.607,1.5772549019607842
3,19.14,1.515,1.5782941176470586
3,19.15,1.525,1.5794313725490197
3,19.16,1.606,1.582450980392157
3,19.17,1.557,1.5855294117647059
3,19.18,1.59,1.5855882352941175
3,19.19,1.556,1.5871764705882352
3,19.2,1.524,1.5904705882352943
3,19.21,1.574,1.5912549019607842
3,19.22,1.542,1.5929607843137257
3,19.23,1.582,1.5934901960784313
3,19.24,1.583,1.5946862745098038
3,19.25,1.558,1.5958627450980392
3,19.26,1.598,1.5951372549019607
3,19.27,1.546,1.5968627450980395
3,19.28,1.54,1.596666666666667
3,19.29,1.53,1.5981960784313725
3,19.3,1.564,1.599843137254902
3,19.31,1.513,1.5991372549019607
3,19.32,1.558,1.597549019607843
3,19.33,1.635,1.5973333333333333
3,19.34,1.594,1.5989411764705883
3,19.35,1.635,1.599156862745098
3,19.36,1.663,1.599333333333333
3,19.37,1.65,1.5991960784313726
3,19.38,1.641,1.5978627450980394
3,19.39,1.718,1.5966274509803924
3,19.4,1.679,1.5975294117647059
3,19.41,1.704,1.5970196078431373
3,19.42,1.658,1.5954705882352942
3,19.43,1.672,1.5948039215686276
3,19.44,1.64,1.5944117647058824
3,19.45,1.694,1.5940196078431372
3,19.46,1.661,1.595764705882353
3,19.47,1.686,1.5958039215686277
3,19.48,1.623,1.5979607843137256
3,19.49,1.619,1.5969019607843136
3,19.5,1.598,1.5981960784313725
3,19.51,1.515,1.5974705882352942
3,19.52,1.636,1.5956862745098042
3,19.53,1.565,1.595372549019608
3,19.54,1.62,1.5968823529411764
3,19.55,1.596,1.5983529411764708
3,19.56,1.546,1.599156862745098
3,19.57,1.546,1.6004313725490196
3,19.58,1.606,1.60121568627451
3,19.59,1.622,1.5990392156862745
3,19.6,1.628,1.5986078431372548
3,19.61,1.56,1.5962941176470589
3,19.62,1.545,1.5922156862745098
3,19.63,1.568,1.5906470588235293
3,19.64,1.544,1.5898039215686275
3,19.65,1.561,1.5879803921568627
3,19.66,1.499,1.5866862745098038
3,19.67,1.527,1.5846666666666667
3,19.68,1.523,1.5834705882352942
3,19.69,1.57,1.5835098039215687
3,19.7,1.536,1.582764705882353
3,19.71,1.613,1.5798235294117646
3,19.72,1.576,1.5766078431372548
3,19.73,1.652,1.5748431372549019
3,19.74,1.528,1.5728039215686276
3,19.75,1.649,1.569686274509804
3,19.76,1.521,1.5666470588235295
3,19.77,1.507,1.5661764705882353
3,19.78,1.53,1.5627254901960783
3,19.79,1.617,1.5599411764705884
3,19.8,1.605,1.5564705882352943
3,19.81,1.605,1.5537450980392158
3,19.82,1.578,1.5533529411764704
3,19.83,1.598,1.553921568627451
3,19.84,1.524,1.5523333333333333
3,19.85,1.572,1.551019607843137
3,19.86,1.517,1.5503529411764705
3,19.87,1.455,1.5515294117647063
3,19.88,1.57,1.5542549019607845
3,19.89,1.598,1.554529411764706
3,19.9,1.625,1.5511372549019606
3,19.91,1.613,1.5480980392156862
3,19.92,1.601,1.546313725490196
3,19.93,1.597,1.542549019607843
3,19.94,1.674,1.5411176470588235
3,19.95,1.602,1.5408823529411766
3,19.96,1.544,1.539843137254902
3,19.97,1.497,1.5405882352941178
3,19.98,1.596,1.5424509803921567
3,19.99,1.519,1.5442156862745098
3,20.0,1.46,1.5456470588235294
3,20.01,1.443,1.5451764705882354
3,20.02,1.491,1.5469607843137254
3,20.03,1.46,1.5484117647058822
3,20.04,1.423,1.549313725490196
3,20.05,1.443,1.549078431372549
3,20.06,1.457,1.5482156862745098
3,20.07,1.526,1.5493725490196077
3,20.08,1.575,1.5501764705882353
3,20.09,1.525,1.5503137254901957
3,20.1,1.555,1.5544313725490195
3,20.11,1.594,1.5542156862745098
3,20.12,1.62,1.5575098039215685
3,20.13,1.684,1.5596666666666665
3,20.14,1.582,1.5597254901960786
3,20.15,1.371,1.5614705882352942
3,20.16,1.406,1.5599803921568627
3,20.17,1.408,1.5580392156862746
3,20.18,1.335,1.5547254901960788
3,20.19,1.45,1.5529803921568628
3,20.2,1.558,1.549294117647059
3,20.21,1.483,1.547019607843137
3,20.22,1.651,1.5457450980392156
3,20.23,1.671,1.545686274509804
3,20.24,1.742,1.5443725490196079
3,20.25,1.601,1.545470588235294
3,20.26,1.625,1.5455098039215687
3,20.27,1.612,1.5454509803921568
3,20.28,1.581,1.5444901960784314
3,20.29,1.576,1.5465098039215686
3,20.3,1.605,1.5476666666666665
3,20.31,1.561,1.5495294117647058
3,20.32,1.664,1.5510196078431373
3,20.33,1.619,1.5509215686274511
3,20.34,1.605,1.5491568627450982
3,20.35,1.734,1.548686274509804
3,20.36,1.561,1.5484705882352943
3,20.37,1.685,1.5485294117647057
3,20.38,1.565,1.54656862745098
3,20.39,1.573,1.5446078431372547
3,20.4,1.687,1.5440196078431374
3,20.41,1.549,1.5478431372549022
3,20.42,1.514,1.5528823529411766
3,20.43,1.432,1.5572941176470587
3,20.44,1.508,1.5615882352941177
3,20.45,1.486,1.5632549019607842
3,20.46,1.486,1.5632549019607842
3,20.47,1.479,1.5643137254901962
3,20.48,1.494,1.562470588235294
3,20.49,1.529,1.559
3,20.5,1.575,1.5564117647058822
3,20.51,1.462,1.557
3,20.52,1.44,1.5548431372549019
3,20.53,1.442,1.5538823529411765
3,20.54,1.563,1.5523725490196079
3,20.55,1.482,1.5523333333333333
3,20.56,1.538,1.5513529411764706
3,20.57,1.533,1.5501960784313726
3,20.58,1.521,1.5486862745098038
3,20.59,1.485,1.546705882352941
3,20.6,1.501,1.5453529411764706
3,20.61,1.544,1.5412156862745099
3,20.62,1.597,1.5418235294117648
3,20.63,1.52,1.5403725490196079
3,20.64,1.584,1.5400392156862746
3,20.65,1.552,1.5398039215686274
3,20.66,1.566,1.5371764705882354
3,20.67,1.663,1.5384705882352943
3,20.68,1.633,1.5393529411764704
3,20.69,1.554,1.5428235294117647
3,20.7,1.535,1.5427450980392154
3,20.71,1.558,1.5439411764705882
3,20.72,1.537,1.5450196078431373
3,20.73,1.557,1.5473333333333334
3,20.74,1.494,1.549313725490196
3,20.75,1.61,1.5495098039215685
3,20.76,1.631,1.551764705882353
3,20.77,1.515,1.557078431372549
3,20.78,1.563,1.5643333333333334
3,20.79,1.504,1.5713529411764704
3,20.8,1.574,1.5749411764705883
3,20.81,1.555,1.579313725490196
3,20.82,1.502,1.5828235294117647
3,20.83,1.587,1.5854313725490197
3,20.84,1.518,1.5877450980392156
3,20.85,1.536,1.5917843137254901
3,20.86,1.523,1.5926470588235293
3,20.87,1.592,1.5945882352941176
3,20.88,1.611,1.5944901960784315
3,20.89,1.548,1.594607843137255
3,20.9,1.561,1.5936274509803923
3,20.91,1.553,1.593607843137255
3,20.92,1.615,1.5936470588235294
3,20.93,1.559,1.5920980392156863
3,20.94,1.609,1.5932352941176469
3,20.95,1.504,1.5939019607843137
3,20.96,1.547,1.5928823529411766
3,20.97,1.541,1.589686274509804
3,20.98,1.597,1.586686274509804
3,20.99,1.595,1.5846274509803921
3,21.0,1.539,1.5845882352941179
3,21.01,1.69,1.5798235294117646
3,21.02,1.733,1.5765882352941178
3,21.03,1.81,1.574392156862745
3,21.04,1.8,1.572470588235294
3,21.05,1.746,1.5715686274509801
3,21.06,1.705,1.5695294117647058
3,21.07,1.717,1.567235294117647
3,21.08,1.666,1.5670980392156861
3,21.09,1.639,1.5650196078431373
3,21.1,1.691,1.5645882352941178
3,21.11,1.545,1.5652745098039218
3,21.12,1.643,1.5658235294117646
3,21.13,1.592,1.5628431372549019
3,21.14,1.526,1.5599215686274512
3,21.15,1.534,1.5598235294117648
3,21.16,1.551,1.5586078431372548
3,21.17,1.568,1.5574901960784313
3,21.18,1.584,1.5544901960784312
3,21.19,1.691,1.5540784313725493
3,21.2,1.588,1.552313725490196
3,21.21,1.483,1.5528627450980395
3,21.22,1.395,1.5517254901960782
3,21.23,1.384,1.5511960784313725
3,21.24,1.452,1.549843137254902
3,21.25,1.492,1.5486274509803923
3,21.26,1.367,1.548
3,21.27,1.466,1.543372549019608
3,21.28,1.403,1.5382156862745098
3,21.29,1.465,1.531392156862745
3,21.3,1.458,1.525392156862745
3,21.31,1.47,1.5196470588235296
3,21.32,1.438,1.5146078431372547
3,21.33,1.495,1.511
3,21.34,1.481,1.5063137254901962
3,21.35,1.496,1.5028627450980392
3,21.36,1.571,1.4999019607843138
3,21.37,1.551,1.4985882352941176
3,21.38,1.44,1.494686274509804
3,21.39,1.462,1.492235294117647
3,21.4,1.543,1.4924705882352942
3,21.41,1.499,1.4917058823529412
3,21.42,1.496,1.4902549019607843
3,21.43,1.462,1.488607843137255
3,21.44,1.538,1.4864313725490195
3,21.45,1.519,1.4822745098039216
3,21.46,1.532,1.4824313725490197
3,21.47,1.489,1.4839607843137252
3,21.48,1.514,1.4875686274509803
3,21.49,1.528,1.4903725490196078
3,21.5,1.533,1.4918823529411764
3,21.51,1.507,1.493392156862745
3,21.52,1.454,1.497
3,21.53,1.47,1.4984509803921566
3,21.54,1.462,1.5010980392156865
3,21.55,1.494,1.5020196078431374
3,21.56,1.453,1.5034901960784313
3,21.57,1.448,1.5056274509803922
3,21.58,1.533,1.5068823529411766
3,21.59,1.427,1.5072745098039215
3,21.6,1.463,1.5078431372549022
3,21.61,1.54,1.5069803921568627
3,21.62,1.478,1.5061764705882352
3,21.63,1.444,1.504549019607843
3,21.64,1.467,1.5046666666666666
3,21.65,1.538,1.5024705882352942
3,21.66,1.495,1.4991764705882353
3,21.67,1.477,1.4984313725490197
3,21.68,1.484,1.4966274509803923
3,21.69,1.473,1.4950392156862748
3,21.7,1.479,1.4915490196078431
3,21.71,1.596,1.4897843137254903
3,21.72,1.561,1.4871176470588232
3,21.73,1.579,1.4857058823529412
3,21.74,1.527,1.4829215686274508
3,21.75,1.529,1.4795490196078434
3,21.76,1.569,1.4762941176470588
3,21.77,1.551,1.4724705882352942
3,21.78,1.54,1.4691960784313727
3,21.79,1.538,1.4654705882352943
3,21.8,1.512,1.4607843137254901
3,21.81,1.533,1.455470588235294
3,21.82,1.579,1.4501764705882354
3,21.83,1.502,1.4461960784313725
3,21.84,1.515,1.4408627450980394
3,21.85,1.51,1.4401372549019609
3,21.86,1.452,1.439078431372549
3,21.87,1.53,1.4367254901960784
3,21.88,1.468,1.4353529411764707
3,21.89,1.446,1.434372549019608
3,21.9,1.35,1.4332941176470588
3,21.91,1.375,1.4307058823529413
3,21.92,1.461,1.4288823529411765
3,21.93,1.404,1.4278627450980392
3,21.94,1.381,1.4245882352941175
3,21.95,1.36,1.4220980392156863
3,21.96,1.429,1.4202745098039216
3,21.97,1.396,1.4171372549019607
3,21.98,1.417,1.4137450980392157
3,21.99,1.372,1.4109803921568627
3,22.0,1.356,1.4073725490196078
3,22.01,1.367,1.4037450980392157
3,22.02,1.312,1.3995686274509804
3,22.03,1.287,1.396490196078431
3,22.04,1.28,1.396607843137255
3,22.05,1.223,1.396235294117647
3,22.06,1.223,1.3957254901960783
3,22.07,1.183,1.3971176470588236
3,22.08,1.245,1.3972156862745098
3,22.09,1.261,1.399372549019608
3,22.1,1.39,1.3999607843137254
3,22.11,1.409,1.4002156862745099
3,22.12,1.42,1.4019607843137254
3,22.13,1.408,1.4027450980392155
3,22.14,1.394,1.4055098039215685
3,22.15,1.412,1.4079803921568628
3,22.16,1.406,1.413137254901961
3,22.17,1.402,1.418
3,22.18,1.425,1.420921568627451
3,22.19,1.317,1.4244313725490194
3,22.2,1.346,1.429549019607843
3,22.21,1.386,1.4339999999999997
3,22.22,1.436,1.4365882352941177
3,22.23,1.388,1.4393529411764707
3,22.24,1.438,1.4419019607843138
3,22.25,1.343,1.4468823529411765
3,22.26,1.344,1.4519607843137254
3,22.27,1.356,1.4570588235294117
3,22.28,1.394,1.4623333333333333
3,22.29,1.546,1.4682549019607842
3,22.3,1.519,1.4741176470588233
3,22.31,1.486,1.4800588235294119
3,22.32,1.604,1.4863529411764707
3,22.33,1.584,1.493078431372549
3,22.34,1.612,1.4981960784313726
3,22.35,1.545,1.5033725490196077
3,22.36,1.523,1.5060980392156862
3,22.37,1.541,1.5082156862745097
3,22.38,1.57,1.5108235294117645
3,22.39,1.609,1.5146666666666668
3,22.4,1.572,1.518607843137255
3,22.41,1.613,1.5228039215686273
3,22.42,1.623,1.5262156862745095
3,22.43,1.61,1.5298431372549017
3,22.44,1.583,1.5354313725490196
3,22.45,1.642,1.5435882352941177
3,22.46,1.587,1.547980392156863
3,22.47,1.561,1.5528039215686273
3,22.48,1.537,1.5555686274509803
3,22.49,1.547,1.5611764705882354
3,22.5,1.626,1.5650980392156864
3,22.51,1.615,1.571764705882353
3,22.52,1.627,1.5764901960784317
3,22.53,1.581,1.5815098039215685
3,22.54,1.589,1.587294117647059
3,22.55,1.579,1.5884313725490198
3,22.56,1.526,1.5901960784313725
3,22.57,1.544,1.5934901960784313
3,22.58,1.526,1.5961764705882353
3,22.59,1.506,1.6031176470588235
3,22.6,1.525,1.6050980392156862
3,22.61,1.529,1.6083333333333334
3,22.62,1.517,1.6135882352941175
3,22.63,1.553,1.6168039215686274
3,22.64,1.604,1.6185098039215688
3,22.65,1.595,1.6204313725490196
3,22.66,1.626,1.6225686274509803
3,22.67,1.58,1.624019607843137
3,22.68,1.587,1.6251764705882352
3,22.69,1.71,1.6268627450980393
3,22.7,1.733,1.630058823529412
3,22.71,1.57,1.6311568627450979
3,22.72,1.632,1.6347450980392157
3,22.73,1.577,1.6357450980392156
3,22.74,1.674,1.6377254901960783
3,22.75,1.638,1.6390980392156862
3,22.76,1.683,1.6394901960784314
3,22.77,1.585,1.63978431372549
3,22.78,1.612,1.6421372549019606
3,22.79,1.689,1.6432941176470586
3,22.8,1.604,1.6442156862745099
3,22.81,1.609,1.6452549019607843
3,22.82,1.654,1.6469019607843136
3,22.83,1.741,1.6478627450980392
3,22.84,1.938,1.6532745098039217
3,22.85,1.713,1.656235294117647
3,22.86,1.71,1.660235294117647
3,22.87,1.791,1.6631372549019607
3,22.88,1.705,1.6678627450980394
3,22.89,1.657,1.6720588235294118
3,22.9,1.707,1.6737058823529412
3,22.91,1.681,1.674627450980392
3,22.92,1.687,1.675529411764706
3,22.93,1.682,1.6783529411764706
3,22.94,1.696,1.6796470588235295
3,22.95,1.746,1.679470588235294
3,22.96,1.698,1.6778823529411766
3,22.97,1.77,1.680921568627451
3,22.98,1.612,1.6841568627450982
3,22.99,1.638,1.6870784313725489
3,23.0,1.617,1.6875882352941178
3,23.01,1.646,1.6869999999999998
3,23.02,1.63,1.6865686274509804
3,23.03,1.747,1.688843137254902
3,23.04,1.64,1.689549019607843
3,23.05,1.636,1.6901764705882352
3,23.06,1.632,1.6902941176470587
3,23.07,1.61,1.692764705882353
3,23.08,1.593,1.6930980392156862
3,23.09,1.802,1.6920784313725492
3,23.1,1.657,1.688294117647059
3,23.11,1.729,1.6886470588235294
3,23.12,1.677,1.6929607843137253
3,23.13,1.758,1.6930392156862746
3,23.14,1.767,1.6956274509803921
3,23.15,1.688,1.6978431372549017
3,23.16,1.642,1.7007254901960784
3,23.17,1.672,1.7045686274509806
3,23.18,1.724,1.7109607843137256
3,23.19,1.653,1.716764705882353
3,23.2,1.701,1.7234117647058824
3,23.21,1.652,1.7324313725490197
3,23.22,1.725,1.7453725490196081
3,23.23,1.797,1.7527450980392156
3,23.24,1.726,1.7655098039215686
3,23.25,1.7,1.7767058823529414
3,23.26,1.608,1.7940980392156862
3,23.27,1.661,1.8108627450980392
3,23.28,1.701,1.8237058823529413
3,23.29,1.648,1.8340392156862746
3,23.3,1.721,1.8418039215686275
3,23.31,1.61,1.8539411764705882
3,23.32,1.735,1.8662156862745098
3,23.33,1.671,1.8800000000000001
3,23.34,1.689,1.8921764705882353
3,23.35,1.745,1.8992549019607843
3,23.36,1.731,1.9036470588235295
3,23.37,1.93,1.9073333333333333
3,23.38,1.795,1.910588235294118
3,23.39,1.837,1.9105882352941177
3,23.4,1.77,1.9119019607843137
3,23.41,1.854,1.9152745098039217
3,23.42,1.877,1.9185686274509806
3,23.43,2.013,1.9216666666666669
3,23.44,1.978,1.9241372549019609
3,23.45,2.035,1.9262156862745097
3,23.46,2.206,1.9277058823529412
3,23.47,2.358,1.9295686274509805
3,23.48,2.146,1.9292941176470586
3,23.49,2.263,1.9287254901960784
3,23.5,2.209,1.9300588235294116
3,23.51,2.504,1.9340392156862745
3,23.52,2.501,1.940313725490196
3,23.53,2.285,1.9429411764705884
3,23.54,2.274,1.9462941176470587
3,23.55,2.036,1.9504509803921568
3,23.56,2.255,1.9521372549019607
3,23.57,2.258,1.9570196078431372
3,23.58,2.313,1.9591960784313724
3,23.59,2.214,1.9626470588235294
3,23.6,2.163,1.9654901960784312
3,23.61,1.881,1.9674313725490196
3,23.62,1.917,1.9682941176470587
3,23.63,1.843,1.967294117647059
3,23.64,1.758,1.970980392156863
3,23.65,1.834,1.9752941176470586
3,23.66,1.86,1.980372549019608
3,23.67,1.81,1.983294117647059
3,23.68,1.83,1.9871372549019606
3,23.69,1.85,1.9899607843137255
3,23.7,1.759,1.992137254901961
3,23.71,1.777,1.9955098039215686
3,23.72,1.747,1.9933333333333332
3,23.73,1.711,1.9923529411764707
3,23.74,1.768,1.9927254901960785
3,23.75,1.794,1.991941176470588
3,23.76,1.903,1.9917058823529412
3,23.77,1.928,1.9845490196078432
3,23.78,1.795,1.9762549019607842
3,23.79,1.872,1.9753333333333334
3,23.8,1.86,1.975764705882353
3,23.81,1.807,1.9770784313725491
3,23.82,1.859,1.9743529411764704
3,23.83,1.846,1.9690392156862744
3,23.84,1.847,1.9643921568627452
3,23.85,1.834,1.9624117647058823
3,23.86,1.844,1.9602941176470587
3,23.87,1.775,1.966607843137255
3,23.88,1.879,1.9710980392156863
3,23.89,1.983,1.9766666666666668
3,23.9,2.057,1.983470588235294
3,23.91,2.029,1.9878627450980393
3,23.92,2.003,1.9933137254901958
3,23.93,2.073,1.9978235294117646
3,23.94,2.157,2.003411764705882
3,23.95,2.089,2.007627450980392
3,23.96,2.207,2.0129803921568628
3,23.97,2.095,2.0154509803921568
3,23.98,2.308,2.0178627450980393
3,23.99,2.165,2.0250392156862747
3,24.0,2.223,2.029235294117647
3,24.01,2.197,2.0318823529411767
3,24.02,2.139,2.034627450980392
3,24.03,2.078,2.035941176470588
3,24.04,2.238,2.0391372549019606
3,24.05,2.296,2.040764705882353
3,24.06,2.103,2.0442549019607843
3,24.07,2.116,2.045176470588235
3,24.08,1.987,2.0473137254901963
3,24.09,2.076,2.0503529411764707
3,24.1,2.113,2.0540980392156865
3,24.11,2.055,2.0580196078431374
3,24.12,2.203,2.0615686274509804
3,24.13,2.146,2.065294117647059
3,24.14,2.127,2.067705882352941
3,24.15,2.105,2.0680588235294115
3,24.16,2.058,2.0670588235294116
3,24.17,2.138,2.0688039215686276
3,24.18,2.04,2.0672745098039216
3,24.19,2.115,2.063647058823529
3,24.2,2.065,2.058450980392157
3,24.21,2.032,2.0532941176470585
3,24.22,1.903,2.044843137254902
3,24.23,1.87,2.0414313725490194
3,24.24,2.077,2.0388039215686273
3,24.25,1.982,2.041
3,24.26,1.929,2.0424313725490197
3,24.27,2.043,2.0423529411764707
3,24.28,1.995,2.042764705882353
3,24.29,1.958,2.0430392156862744
3,24.3,1.955,2.040450980392157
3,24.31,2.038,2.0351764705882354
3,24.32,1.854,2.0348039215686278
3,24.33,1.968,2.0335882352941175
3,24.34,2.001,2.03621568627451
3,24.35,2.038,2.0384117647058826
3,24.36,2.034,2.0438823529411763
3,24.37,2.025,2.0473333333333334
3,24.38,1.965,2.051137254901961
3,24.39,2.002,2.055450980392157
3,24.4,2.001,2.060843137254902
3,24.41,2.006,2.0671176470588235
3,24.42,2.118,2.075411764705882
3,24.43,1.925,2.082
3,24.44,1.888,2.09021568627451
3,24.45,1.892,2.0954901960784316
3,24.46,1.826,2.1001372549019606
3,24.47,1.776,2.1066862745098036
3,24.48,1.921,2.118392156862745
3,24.49,2.174,2.1282941176470587
3,24.5,2.277,2.134058823529412
3,24.51,2.296,2.139470588235294
3,24.52,2.193,2.146039215686274
3,24.53,2.16,2.1517450980392154
3,24.54,2.092,2.1560980392156863
3,24.55,2.106,2.1611176470588234
3,24.56,2.027,2.1683921568627453
3,24.57,2.084,2.174843137254902
3,24.58,2.054,2.183098039215686
3,24.59,2.121,2.1891960784313724
3,24.6,2.188,2.194313725490196
3,24.61,2.392,2.198392156862745
3,24.62,2.231,2.205235294117647
3,24.63,2.397,2.2143333333333333
3,24.64,2.366,2.226176470588235
3,24.65,2.402,2.2395294117647055
3,24.66,2.425,2.2544901960784314
3,24.67,2.481,2.2689019607843135
3,24.68,2.474,2.2825294117647057
3,24.69,2.459,2.302960784313725
3,24.7,2.384,2.327764705882353
3,24.71,2.302,2.351294117647059
3,24.72,2.366,2.378294117647059
3,24.73,2.5,2.4054117647058826
3,24.74,2.375,2.4279019607843138
3,24.75,2.371,2.4487254901960784
3,24.76,2.258,2.4665882352941177
3,24.77,2.264,2.4796666666666667
3,24.78,2.334,2.496392156862745
3,24.79,2.217,2.5142549019607845
3,24.8,2.214,2.5331764705882356
3,24.81,2.326,2.554254901960784
3,24.82,2.367,2.5808039215686276
3,24.83,2.275,2.60321568627451
3,24.84,2.279,2.6230784313725493
3,24.85,2.262,2.6400588235294116
3,24.86,2.246,2.660450980392157
3,24.87,2.383,2.673274509803922
3,24.88,2.489,2.6903137254901957
3,24.89,2.569,2.7049019607843134
3,24.9,2.683,2.7161960784313726
3,24.91,2.764,2.7261372549019605
3,24.92,2.741,2.736705882352941
3,24.93,2.813,2.746921568627451
3,24.94,2.967,2.7562745098039216
3,24.95,3.153,2.7652941176470587
3,24.96,3.092,2.773686274509804
3,24.97,3.203,2.784764705882353
3,24.98,3.159,2.7942549019607843
3,24.99,3.068,2.7976862745098043
3,25.0,3.236,2.8044313725490198
3,25.01,3.188,2.811235294117647
3,25.02,2.963,2.821254901960784
3,25.03,3.046,2.831274509803922
3,25.04,3.071,2.8442745098039213
3,25.05,3.057,2.857941176470588
3,25.06,3.181,2.868470588235294
3,25.07,3.381,2.87921568627451
3,25.08,3.227,2.8877647058823532
3,25.09,3.067,2.9005294117647056
3,25.1,2.987,2.91121568627451
3,25.11,3.228,2.9212549019607845
3,25.12,3.046,2.9277450980392157
3,25.13,3.1,2.931313725490196
3,25.14,3.141,2.933196078431373
3,25.15,2.942,2.931666666666666
3,25.16,2.909,2.932960784313725
3,25.17,2.964,2.9285294117647056
3,25.18,3.002,2.9245882352941175
3,25.19,2.951,2.9203333333333332
3,25.2,2.919,2.916607843137255
3,25.21,2.812,2.905745098039216
3,25.22,2.867,2.8976470588235292
3,25.23,2.85,2.8903137254901963
3,25.24,2.675,2.8834901960784314
3,25.25,2.719,2.8789019607843134
3,25.26,2.718,2.868980392156863
3,25.27,2.769,2.859568627450981
3,25.28,2.775,2.8576666666666664
3,25.29,2.997,2.8547450980392157
3,25.3,2.914,2.8542156862745096
3,25.31,2.751,2.8509019607843142
3,25.32,2.874,2.8485882352941174
3,25.33,2.803,2.8415490196078435
3,25.34,2.926,2.836470588235294
3,25.35,2.824,2.8295098039215683
3,25.36,2.774,2.8281372549019603
3,25.37,2.577,2.8206666666666664
3,25.38,2.565,2.817823529411765
3,25.39,2.585,2.8163333333333336
3,25.4,2.491,2.8122352941176474
3,25.41,2.749,2.8140980392156862
3,25.42,2.538,2.8145490196078433
3,25.43,2.54,2.81343137254902
3,25.44,2.596,2.8106666666666666
3,25.45,2.777,2.8064901960784314
3,25.46,2.599,2.8024901960784314
3,25.47,2.679,2.8007647058823535
3,25.48,2.829,2.7961176470588236
3,25.49,2.811,2.79521568627451
3,25.5,2.834,2.7967647058823526
3,25.51,2.73,2.796823529411765
3,25.52,2.708,2.794372549019608
3,25.53,2.866,2.790333333333333
3,25.54,2.897,2.7853529411764706
3,25.55,3.044,2.7778431372549024
3,25.56,2.888,2.773529411764706
3,25.57,3.063,2.770960784313725
3,25.58,3.022,2.767470588235294
3,25.59,2.968,2.7636078431372546
3,25.6,2.712,2.7561176470588236
3,25.61,2.917,2.75
3,25.62,2.847,2.748058823529411
3,25.63,2.901,2.751627450980392
3,25.64,3.024,2.752843137254902
3,25.65,2.932,2.7572549019607844
3,25.66,3.037,2.7626862745098038
3,25.67,2.932,2.7619803921568633
3,25.68,2.907,2.762843137254902
3,25.69,2.861,2.767352941176471
3,25.7,2.738,2.7673333333333336
3,25.71,2.715,2.7683529411764702
3,25.72,2.724,2.771313725490196
3,25.73,2.63,2.7734705882352944
3,25.74,2.804,2.7725882352941174
3,25.75,2.754,2.774823529411765
3,25.76,2.722,2.7772549019607844
3,25.77,2.593,2.7820196078431367
3,25.78,2.563,2.7830588235294114
3,25.79,2.521,2.7812352941176472
3,25.8,2.614,2.777098039215686
3,25.81,2.694,2.770235294117647
3,25.82,2.62,2.766647058823529
3,25.83,2.696,2.7588823529411766
3,25.84,2.606,2.7517647058823527
3,25.85,2.544,2.7457254901960786
3,25.86,2.512,2.742490196078432
3,25.87,2.675,2.735078431372549
3,25.88,2.759,2.729882352941176
3,25.89,2.627,2.723941176470588
3,25.9,2.81,2.7140392156862743
3,25.91,2.768,2.706392156862745
3,25.92,2.713,2.697137254901961
3,25.93,2.582,2.6898235294117647
3,25.94,2.77,2.683333333333333
3,25.95,2.595,2.6776078431372548
3,25.96,2.829,2.6748627450980393
3,25.97,2.75,2.6741960784313727
3,25.98,2.789,2.671862745098039
3,25.99,2.784,2.6708823529411765
3,26.0,2.925,2.6659019607843133
3,26.01,2.958,2.6618039215686276
3,26.02,2.973,2.659529411764706
3,26.03,2.761,2.658941176470588
3,26.04,2.773,2.658666666666667
3,26.05,2.686,2.66056862745098
3,26.06,2.694,2.6612352941176467
3,26.07,2.705,2.6603529411764706
3,26.08,2.667,2.6621568627450984
3,26.09,2.659,2.663235294117647
3,26.1,2.66,2.666843137254902
3,26.11,2.547,2.671176470588235
3,26.12,2.539,2.6773529411764705
3,26.13,2.582,2.681137254901961
3,26.14,2.598,2.682078431372549
3,26.15,2.519,2.6863529411764704
3,26.16,2.542,2.6844117647058816
3,26.17,2.565,2.6848823529411767
3,26.18,2.559,2.6861960784313723
3,26.19,2.576,2.689627450980392
3,26.2,2.569,2.6896078431372548
3,26.21,2.598,2.691333333333333
3,26.22,2.681,2.6882745098039216
3,26.23,2.605,2.6882549019607844
3,26.24,2.58,2.688058823529411
3,26.25,2.55,2.688862745098039
3,26.26,2.545,2.6856078431372543
3,26.27,2.606,2.6849019607843134
3,26.28,2.563,2.6847254901960786
3,26.29,2.549,2.6876666666666664
3,26.3,2.618,2.6894509803921562
3,26.31,2.648,2.6921176470588235
3,26.32,2.649,2.693529411764706
3,26.33,2.712,2.6959607843137254
3,26.34,2.751,2.698529411764706
3,26.35,2.79,2.7021960784313728
3,26.36,2.765,2.7039019607843136
3,26.37,2.827,2.7080784313725488
3,26.38,2.868,2.7127058823529415
3,26.39,2.807,2.7192549019607846
3,26.4,2.845,2.7222941176470585
3,26.41,2.711,2.7290980392156863
3,26.42,2.792,2.736313725490196
3,26.43,2.78,2.740862745098039
3,26.44,2.757,2.7431176470588237
3,26.45,2.769,2.746764705882353
3,26.46,2.683,2.750392156862745
3,26.47,2.673,2.753843137254902
3,26.48,2.749,2.7554901960784313
3,26.49,2.779,2.7596666666666665
3,26.5,2.825,2.762647058823529
3,26.51,2.759,2.7661960784313724
3,26.52,2.922,2.7714117647058822
3,26.53,2.964,2.7747450980392157
3,26.54,2.911,2.777529411764706
3,26.55,2.864,2.781941176470588
3,26.56,2.822,2.7843725490196083
3,26.57,2.766,2.786960784313726
3,26.58,2.829,2.7907843137254904
3,26.59,2.798,2.7917450980392156
3,26.6,2.846,2.791549019607843
3,26.61,2.747,2.790705882352941
3,26.62,2.76,2.7903333333333338
3,26.63,2.775,2.788921568627451
3,26.64,2.916,2.7868823529411766
3,26.65,2.753,2.7852549019607844
3,26.66,2.866,2.7831764705882356
3,26.67,2.91,2.7844901960784316
3,26.68,2.797,2.7811960784313725
3,26.69,2.674,2.780333333333333
3,26.7,2.762,2.7785490196078433
3,26.71,2.754,2.777529411764706
3,26.72,2.774,2.7785882352941176
3,26.73,2.765,2.778901960784314
3,26.74,2.818,2.779960784313726
3,26.75,2.732,2.7777058823529415
3,26.76,2.731,2.7761568627450983
3,26.77,2.811,2.7728823529411764
3,26.78,2.776,2.7692745098039215
3,26.79,2.705,2.7634509803921565
3,26.8,2.774,2.7585686274509804
3,26.81,2.742,2.7549019607843137
3,26.82,2.78,2.752823529411765
3,26.83,2.844,2.7499019607843134
3,26.84,2.761,2.745509803921569
3,26.85,2.741,2.7452549019607844
3,26.86,2.747,2.743882352941177
3,26.87,2.746,2.743588235294118
3,26.88,2.755,2.7428823529411765
3,26.89,2.764,2.7426666666666666
3,26.9,2.724,2.739156862745098
3,26.91,2.739,2.738078431372549
3,26.92,2.778,2.734156862745098
3,26.93,2.624,2.729843137254902
3,26.94,2.736,2.730803921568628
3,26.95,2.666,2.732627450980392
3,26.96,2.717,2.7327647058823525
3,26.97,2.737,2.7318627450980397
3,26.98,2.689,2.7307254901960785
3,26.99,2.803,2.7303529411764704
3,27.0,2.664,2.729372549019608
3,27.01,2.746,2.731176470588235
3,27.02,2.592,2.731882352941177
3,27.03,2.738,2.7323137254901964
3,27.04,2.667,2.733764705882353
3,27.05,2.662,2.7366470588235297
3,27.06,2.677,2.7374705882352943
3,27.07,2.716,2.737803921568627
3,27.08,2.617,2.73821568627451
3,27.09,2.605,2.7376470588235295
3,27.1,2.785,2.737862745098039
3,27.11,2.776,2.739019607843138
3,27.12,2.732,2.7402352941176473
3,27.13,2.724,2.7413529411764705
3,27.14,2.764,2.7396666666666665
3,27.15,2.737,2.7391764705882355
3,27.16,2.698,2.739529411764706
3,27.17,2.666,2.738823529411764
3,27.18,2.69,2.737725490196078
3,27.19,2.846,2.741
3,27.2,2.767,2.740411764705883
3,27.21,2.769,2.740274509803921
3,27.22,2.708,2.7385294117647057
3,27.23,2.716,2.7379607843137252
3,27.24,2.746,2.737294117647058
3,27.25,2.768,2.7346666666666666
3,27.26,2.824,2.7319019607843136
3,27.27,2.767,2.7293529411764705
3,27.28,2.833,2.7302745098039214
3,27.29,2.85,2.7284705882352944
3,27.3,2.852,2.7286470588235296
3,27.31,2.816,2.729764705882353
3,27.32,2.759,2.7310196078431375
3,27.33,2.801,2.728941176470588
3,27.34,2.815,2.727764705882353
3,27.35,2.772,2.72878431372549
3,27.36,2.8,2.7243725490196073
3,27.37,2.809,2.72078431372549
3,27.38,2.803,2.7208039215686273
3,27.39,2.669,2.72221568627451
3,27.4,2.739,2.721705882352941
3,27.41,2.742,2.720921568627451
3,27.42,2.703,2.720843137254902
3,27.43,2.722,2.723647058823529
3,27.44,2.791,2.7276274509803917
3,27.45,2.706,2.727235294117647
3,27.46,2.659,2.7279411764705883
3,27.47,2.628,2.730274509803921
3,27.48,2.708,2.7338235294117643
3,27.49,2.655,2.7350980392156865
3,27.5,2.669,2.736235294117647
3,27.51,2.523,2.7360588235294117
3,27.52,2.616,2.735294117647059
3,27.53,2.639,2.7370196078431372
3,27.54,2.646,2.736411764705882
3,27.55,2.676,2.7369803921568625
3,27.56,2.719,2.7367450980392154
3,27.57,2.741,2.7365882352941178
3,27.58,2.61,2.736823529411765
3,27.59,2.557,2.7362156862745097
3,27.6,2.657,2.7343333333333333
3,27.61,2.56,2.734
3,27.62,2.593,2.733764705882353
3,27.63,2.733,2.7316274509803917
3,27.64,2.796,2.7294509803921567
3,27.65,2.738,2.7304705882352946
3,27.66,2.697,2.731549019607843
3,27.67,2.694,2.732470588235294
3,27.68,2.809,2.7328823529411768
3,27.69,2.893,2.7319019607843136
3,27.7,2.826,2.7285686274509806
3,27.71,2.803,2.7275686274509803
3,27.72,2.888,2.7282745098039216
3,27.73,2.889,2.730352941176471
3,27.74,2.781,2.732294117647059
3,27.75,2.804,2.7345882352941175
3,27.76,2.759,2.737156862745098
3,27.77,2.785,2.7429215686274513
3,27.78,2.855,2.7452745098039215
3,27.79,2.802,2.7447843137254906
3,27.8,2.879,2.7465294117647057
3,27.81,2.84,2.7470980392156865
3,27.82,2.808,2.747588235294118
3,27.83,2.771,2.7467450980392156
3,27.84,2.77,2.7495490196078434
3,27.85,2.719,2.753980392156863
3,27.86,2.755,2.7565098039215683
3,27.87,2.788,2.7598627450980393
3,27.88,2.7,2.7597647058823527
3,27.89,2.692,2.7581372549019605
3,27.9,2.721,2.7560588235294117
3,27.91,2.794,2.755529411764706
3,27.92,2.789,2.7558039215686274
3,27.93,2.724,2.757058823529412
3,27.94,2.672,2.7552745098039217
3,27.95,2.621,2.7522745098039216
3,27.96,2.655,2.749490196078431
3,27.97,2.695,2.746411764705882
3,27.98,2.734,2.742352941176471
3,27.99,2.807,2.7372352941176468
3,28.0,2.772,2.734509803921569
3,28.01,2.8,2.731705882352941
3,28.02,2.817,2.730823529411765
3,28.03,2.736,2.729196078431373
3,28.04,2.614,2.7290392156862744
3,28.05,2.735,2.7285490196078435
3,28.06,2.705,2.726196078431373
3,28.07,2.744,2.7223333333333333
3,28.08,2.698,2.7217647058823524
3,28.09,2.753,2.720470588235294
3,28.1,2.783,2.7178235294117643
3,28.11,2.786,2.717862745098039
3,28.12,2.731,2.7154901960784317
3,28.13,2.588,2.7156078431372546
3,28.14,2.65,2.715725490196079
3,28.15,2.69,2.716333333333333
3,28.16,2.711,2.716392156862745
3,28.17,2.711,2.7179803921568633
3,28.18,2.758,2.7194509803921565
3,28.19,2.718,2.724392156862745
3,28.2,2.74,2.73021568627451
3,28.21,2.684,2.7362156862745097
3,28.22,2.646,2.7405686274509806
3,28.23,2.681,2.745901960784314
3,28.24,2.628,2.751372549019608
3,28.25,2.642,2.7517843137254903
3,28.26,2.661,2.754117647058824
3,28.27,2.714,2.7559411764705883
3,28.28,2.702,2.755254901960784
3,28.29,2.847,2.756764705882353
3,28.3,2.777,2.7603529411764702
3,28.31,2.759,2.76178431372549
3,28.32,2.643,2.76278431372549
3,28.33,2.779,2.761823529411765
3,28.34,2.705,2.762647058823529
3,28.35,2.635,2.761411764705882
3,28.36,2.721,2.7570784313725487
3,28.37,2.634,2.753156862745098
3,28.38,2.794,2.7504705882352942
3,28.39,2.706,2.7504313725490195
3,28.4,2.723,2.7503921568627447
3,28.41,2.724,2.7508627450980394
3,28.42,2.875,2.7508039215686275
3,28.43,2.864,2.7504901960784314
3,28.44,2.976,2.7525098039215683
3,28.45,2.969,2.7532745098039215
3,28.46,2.927,2.7521176470588236
3,28.47,2.877,2.75256862745098
3,28.48,2.967,2.7527647058823534
3,28.49,3.013,2.751392156862745
3,28.5,2.828,2.7531764705882353
3,28.51,2.891,2.754725490196078
3,28.52,2.893,2.755411764705882
3,28.53,2.782,2.7542352941176467
3,28.54,2.813,2.752176470588235
3,28.55,2.797,2.7490196078431377
3,28.56,2.808,2.7479019607843136
3,28.57,2.756,2.745921568627451
3,28.58,2.695,2.744529411764706
3,28.59,2.74,2.739843137254902
3,28.6,2.69,2.7365882352941178
3,28.61,2.562,2.7350392156862746
3,28.62,2.586,2.73221568627451
3,28.63,2.594,2.7294313725490196
3,28.64,2.586,2.7221764705882356
3,28.65,2.648,2.716176470588235
3,28.66,2.714,2.7081176470588235
3,28.67,2.708,2.7038431372549017
3,28.68,2.695,2.696725490196078
3,28.69,2.861,2.689235294117647
3,28.7,2.757,2.6808039215686277
3,28.71,2.681,2.6750588235294117
3,28.72,2.707,2.67256862745098
3,28.73,2.656,2.672235294117647
3,28.74,2.611,2.6722745098039216
3,28.75,2.719,2.6704509803921566
3,28.76,2.721,2.675666666666667
3,28.77,2.696,2.680529411764706
3,28.78,2.654,2.684843137254902
3,28.79,2.597,2.6936078431372548
3,28.8,2.686,2.6986666666666665
3,28.81,2.72,2.706509803921569
3,28.82,2.658,2.7140588235294114
3,28.83,2.572,2.7201764705882354
3,28.84,2.54,2.7249411764705878
3,28.85,2.539,2.7260588235294123
3,28.86,2.556,2.7301372549019614
3,28.87,2.577,2.7381176470588238
3,28.88,2.492,2.743176470588235
3,28.89,2.424,2.753549019607843
3,28.9,2.4,2.758450980392157
3,28.91,2.312,2.7591764705882356
3,28.92,2.506,2.7611372549019606
3,28.93,2.512,2.76478431372549
3,28.94,2.482,2.7705490196078433
3,28.95,2.546,2.7709411764705885
3,28.96,2.676,2.7744901960784314
3,28.97,2.8,2.7806078431372545
3,28.98,2.86,2.788019607843137
3,28.99,2.969,2.7979019607843134
3,29.0,2.92,2.807294117647059
3,29.01,3.094,2.8142549019607848
3,29.02,3.139,2.8239215686274513
3,29.03,3.113,2.832666666666667
3,29.04,3.229,2.844411764705882
3,29.05,3.071,2.8585882352941177
3,29.06,3.197,2.8702745098039215
3,29.07,3.193,2.8799803921568627
3,29.08,3.068,2.890450980392157
3,29.09,2.938,2.9040000000000004
3,29.1,2.797,2.9165294117647065
3,29.11,2.898,2.925666666666667
3,29.12,2.969,2.9384705882352944
3,29.13,2.844,2.951490196078431
3,29.14,3.123,2.966372549019608
3,29.15,2.836,2.9823529411764707
3,29.16,2.685,2.998941176470588
3,29.17,2.814,3.015764705882353
3,29.18,2.894,3.028921568627451
3,29.19,2.989,3.0410000000000004
3,29.2,2.881,3.0549411764705883
3,29.21,2.938,3.0656862745098037
3,29.22,2.993,3.074411764705882
3,29.23,3.085,3.0818627450980394
3,29.24,3.16,3.0885294117647057
3,29.25,3.09,3.0911176470588235
3,29.26,3.074,3.096450980392157
3,29.27,3.214,3.0977450980392156
3,29.28,3.142,3.097666666666667
3,29.29,3.253,3.0989411764705888
3,29.3,3.32,3.0980588235294118
3,29.31,3.282,3.1028627450980393
3,29.32,3.215,3.103627450980392
3,29.33,3.192,3.1033921568627454
3,29.34,3.263,3.1070196078431374
3,29.35,3.179,3.1130784313725495
3,29.36,3.005,3.1251960784313724
3,29.37,3.209,3.131
3,29.38,3.241,3.136862745098039
3,29.39,3.251,3.145725490196078
3,29.4,3.239,3.1473921568627454
3,29.41,3.246,3.152607843137255
3,29.42,3.17,3.1591372549019603
3,29.43,3.177,3.1670196078431374
3,29.44,3.128,3.1694901960784314
3,29.45,3.193,3.1720196078431373
3,29.46,3.094,3.173862745098039
3,29.47,3.121,3.173686274509804
3,29.48,3.18,3.1729607843137253
3,29.49,3.2,3.171294117647059
3,29.5,3.101,3.1691764705882357
3,29.51,3.192,3.169686274509804
3,29.52,3.16,3.1689803921568624
3,29.53,3.135,3.1658627450980394
3,29.54,3.178,3.1619019607843137
3,29.55,3.184,3.1532156862745104
3,29.56,3.316,3.145960784313725
3,29.57,3.236,3.1445098039215686
3,29.58,3.181,3.1431960784313726
3,29.59,3.253,3.1378627450980394
3,29.6,3.247,3.1338235294117647
3,29.61,3.415,3.129725490196078
3,29.62,3.194,3.1297450980392156
3,29.63,3.268,3.130019607843137
3,29.64,3.296,3.1258431372549023
3,29.65,3.208,3.1201176470588234
3,29.66,3.102,3.1170392156862743
3,29.67,3.018,3.115078431372549
3,29.68,3.216,3.119254901960784
3,29.69,3.02,3.1272941176470592
3,29.7,3.118,3.134
3,29.71,2.975,3.1405686274509805
3,29.72,2.929,3.1519215686274515
3,29.73,2.956,3.1664901960784317
3,29.74,3.0,3.1817450980392157
3,29.75,3.052,3.199980392156863
3,29.76,3.116,3.2213333333333334
3,29.77,3.038,3.2415490196078434
3,29.78,3.055,3.2671764705882356
3,29.79,2.94,3.2912745098039213
3,29.8,2.81,3.318705882352941
3,29.81,2.95,3.342647058823529
3,29.82,3.208,3.356686274509804
3,29.83,3.148,3.375647058823529
3,29.84,2.92,3.3946274509803915
3,29.85,3.057,3.413470588235294
3,29.86,2.97,3.431627450980392
3,29.87,3.006,3.4451764705882355
3,29.88,3.223,3.457588235294118
3,29.89,3.028,3.4703529411764706
3,29.9,2.959,3.4812941176470593
3,29.91,3.082,3.4944509803921564
3,29.92,3.146,3.5127647058823532
3,29.93,3.383,3.532392156862745
3,29.94,3.587,3.548372549019608
3,29.95,3.47,3.571313725490196
3,29.96,3.528,3.5905294117647055
3,29.97,3.673,3.6120392156862744
3,29.98,3.864,3.6364901960784315
3,29.99,3.958,3.658117647058824
3,30.0,4.13,3.6755098039215692
3,30.01,4.19,3.687686274509804
3,30.02,4.223,3.6953137254901964
3,30.03,4.467,3.7074313725490198
3,30.04,4.364,3.7198627450980393
3,30.05,4.577,3.7352745098039213
3,30.06,4.405,3.749078431372549
3,30.07,4.032,3.761627450980392
3,30.08,4.203,3.767392156862745
3,30.09,4.149,3.776058823529412
3,30.1,4.214,3.796921568627451
3,30.11,4.173,3.813235294117647
3,30.12,4.106,3.831078431372549
3,30.13,3.827,3.8464117647058824
3,30.14,3.919,3.8600588235294118
3,30.15,3.854,3.8779411764705882
3,30.16,3.879,3.8979803921568625
3,30.17,4.036,3.917607843137255
3,30.18,4.019,3.9336470588235297
3,30.19,4.031,3.9488431372549018
3,30.2,4.19,3.961333333333333
3,30.21,4.098,3.9772941176470584
3,30.22,4.072,3.9972745098039213
3,30.23,4.176,4.008627450980392
3,30.24,4.059,4.018921568627451
3,30.25,3.887,4.028960784313726
3,30.26,3.673,4.034313725490196
3,30.27,3.505,4.040627450980392
3,30.28,3.656,4.050960784313725
3,30.29,3.689,4.057058823529411
3,30.3,3.726,4.064470588235293
3,30.31,3.514,4.0653725490196075
3,30.32,3.59,4.069745098039215
3,30.33,3.502,4.076980392156862
3,30.34,3.59,4.077941176470588
3,30.35,3.984,4.079568627450981
3,30.36,3.889,4.080705882352942
3,30.37,3.88,4.085627450980392
3,30.38,3.788,4.091
3,30.39,3.919,4.101156862745098
3,30.4,3.94,4.109686274509804
3,30.41,3.981,4.1244901960784315
3,30.42,4.083,4.139294117647059
3,30.43,3.964,4.15243137254902
3,30.44,4.158,4.1617058823529405
3,30.45,4.224,4.176980392156862
3,30.46,4.284,4.1902156862745095
3,30.47,4.547,4.204294117647059
3,30.48,4.252,4.215764705882353
3,30.49,4.389,4.2232352941176465
3,30.5,4.47,4.232372549019608
3,30.51,4.403,4.242764705882353
3,30.52,4.512,4.2583529411764705
3,30.53,4.75,4.274176470588236
3,30.54,4.778,4.294019607843137
3,30.55,4.742,4.3118823529411765
3,30.56,4.623,4.326078431372549
3,30.57,4.628,4.349431372549019
3,30.58,4.401,4.375705882352941
3,30.59,4.252,4.410705882352941
3,30.6,4.232,4.445686274509804
3,30.61,4.272,4.474333333333333
3,30.62,4.424,4.5078627450980395
3,30.63,4.38,4.538745098039215
3,30.64,4.345,4.564274509803921
3,30.65,4.354,4.587588235294118
3,30.66,4.609,4.610647058823529
3,30.67,4.634,4.628019607843137
3,30.68,4.706,4.636705882352941
3,30.69,4.492,4.650431372549019
3,30.7,4.81,4.659156862745099
3,30.71,4.865,4.667039215686275
3,30.72,4.816,4.670862745098039
3,30.73,4.657,4.671490196078431
3,30.74,4.557,4.675294117647058
3,30.75,4.525,4.67556862745098
3,30.76,4.417,4.676098039215686
3,30.77,4.468,4.678764705882353
3,30.78,4.312,4.679117647058823
3,30.79,4.668,4.671039215686275
3,30.8,4.6,4.664372549019608
3,30.81,4.45,4.656196078431373
3,30.82,4.705,4.641705882352941
3,30.83,4.93,4.627803921568628
3,30.84,5.287,4.6148235294117645
3,30.85,5.374,4.606098039215686
3,30.86,5.445,4.593764705882353
3,30.87,5.599,4.576509803921568
3,30.88,5.455,4.55835294117647
3,30.89,5.09,4.543529411764706
3,30.9,5.108,4.527098039215686
3,30.91,5.116,4.510117647058824
3,30.92,4.867,4.492117647058824
3,30.93,4.526,4.469666666666666
3,30.94,4.664,4.448745098039216
3,30.95,4.603,4.434607843137255
3,30.96,4.626,4.412470588235294
3,30.97,4.479,4.393039215686274
3,30.98,4.579,4.38035294117647
3,30.99,4.446,4.371039215686275
3,31.0,4.403,4.363235294117647
3,31.01,4.497,4.356411764705882
3,31.02,4.539,4.349784313725491
3,31.03,4.53,4.347411764705882
3,31.04,4.338,4.350745098039215
3,31.05,4.438,4.345803921568628
3,31.06,4.325,4.339529411764706
3,31.07,3.884,4.3352352941176475
3,31.08,3.919,4.326490196078431
3,31.09,3.739,4.311549019607844
3,31.1,3.807,4.288921568627451
3,31.11,3.603,4.267254901960785
3,31.12,3.392,4.244294117647059
3,31.13,3.498,4.221725490196079
3,31.14,3.624,4.203980392156863
3,31.15,3.507,4.193294117647059
3,31.16,3.488,4.181
3,31.17,3.691,4.173333333333333
3,31.18,3.489,4.171862745098039
3,31.19,3.639,4.175960784313725
3,31.2,3.771,4.174627450980393
3,31.21,3.681,4.170313725490196
3,31.22,3.874,4.165647058823529
3,31.23,4.169,4.166764705882353
3,31.24,4.182,4.165450980392157
3,31.25,4.159,4.161823529411764
3,31.26,4.177,4.161176470588235
3,31.27,4.079,4.152392156862745
3,31.28,4.347,4.142901960784314
3,31.29,4.482,4.133549019607844
3,31.3,4.416,4.128019607843137
3,31.31,4.28,4.114921568627451
3,31.32,4.231,4.106372549019608
3,31.33,4.259,4.107078431372549
3,31.34,4.168,4.112607843137255
3,31.35,4.133,4.119745098039216
3,31.36,4.269,4.1320588235294125
3,31.37,4.274,4.147647058823529
3,31.38,4.448,4.166137254901961
3,31.39,4.55,4.180450980392156
3,31.4,4.545,4.190019607843137
3,31.41,4.481,4.206352941176471
3,31.42,4.725,4.220254901960784
3,31.43,4.792,4.22921568627451
3,31.44,4.735,4.2422352941176475
3,31.45,4.596,4.2580784313725495
3,31.46,4.383,4.273803921568628
3,31.47,4.388,4.290176470588236
3,31.48,4.536,4.307745098039216
3,31.49,4.512,4.3165490196078435
3,31.5,4.261,4.329098039215687
3,31.51,4.37,4.339450980392156
3,31.52,4.049,4.347
3,31.53,4.055,4.362627450980392
3,31.54,4.053,4.373705882352941
3,31.55,4.056,4.383333333333334
3,31.56,3.77,4.391764705882354
3,31.57,3.889,4.39978431372549
3,31.58,3.92,4.408254901960785
3,31.59,4.201,4.41721568627451
3,31.6,4.103,4.4307647058823525
3,31.61,4.435,4.44921568627451
3,31.62,4.398,4.461627450980393
3,31.63,4.335,4.46743137254902
3,31.64,4.228,4.470156862745098
3,31.65,4.112,4.468490196078432
3,31.66,4.34,4.4670588235294115
3,31.67,4.197,4.465039215686275
3,31.68,4.148,4.454235294117647
3,31.69,4.153,4.44043137254902
3,31.7,4.447,4.4276470588235295
3,31.71,4.573,4.415490196078431
3,31.72,4.516,4.401000000000001
3,31.73,4.77,4.387098039215687
3,31.74,4.618,4.367392156862745
3,31.75,4.822,4.351098039215686
3,31.76,4.687,4.339392156862745
3,31.77,4.562,4.326352941176471
3,31.78,4.876,4.32121568627451
3,31.79,4.912,4.322705882352941
3,31.8,4.973,4.319549019607843
3,31.81,4.846,4.315980392156863
3,31.82,4.689,4.316901960784314
3,31.83,4.663,4.3225686274509805
3,31.84,4.716,4.325470588235294
3,31.85,4.859,4.322
3,31.86,5.074,4.3192941176470585
3,31.87,4.902,4.313470588235294
3,31.88,4.57,4.306470588235294
3,31.89,4.587,4.305019607843137
3,31.9,4.465,4.306039215686274
3,31.91,4.472,4.315686274509804
3,31.92,4.378,4.317019607843137
3,31.93,4.174,4.316843137254902
3,31.94,4.088,4.32121568627451
3,31.95,4.083,4.328980392156862
3,31.96,3.976,4.332509803921568
3,31.97,3.644,4.329196078431372
3,31.98,3.679,4.327862745098039
3,31.99,3.531,4.325333333333334
3,32.0,3.681,4.329098039215686
3,32.01,3.664,4.334176470588235
3,32.02,3.705,4.345274509803922
3,32.03,3.787,4.356490196078431
3,32.04,4.131,4.360588235294117
3,32.05,3.892,4.364313725490196
3,32.06,3.874,4.363980392156862
3,32.07,3.817,4.366019607843137
3,32.08,4.178,4.368901960784314
3,32.09,4.068,4.376627450980392
3,32.1,4.024,4.378529411764706
3,32.11,3.965,4.37843137254902
3,32.12,4.138,4.37256862745098
3,32.13,4.041,4.371235294117647
3,32.14,4.261,4.369745098039216
3,32.15,4.28,4.370803921568627
3,32.16,4.604,4.382862745098039
3,32.17,4.408,4.397
3,32.18,4.188,4.409235294117647
3,32.19,4.371,4.4233529411764705
3,32.2,4.549,4.446156862745098
3,32.21,4.627,4.466823529411765
3,32.22,4.404,4.489607843137255
3,32.23,4.448,4.521549019607843
3,32.24,4.641,4.549019607843137
3,32.25,4.81,4.5770196078431375
3,32.26,5.081,4.60313725490196
3,32.27,5.253,4.629568627450981
3,32.28,5.134,4.652058823529412
3,32.29,5.085,4.673627450980392
3,32.3,5.102,4.687843137254902
3,32.31,4.956,4.7081960784313726
3,32.32,4.95,4.731098039215686
3,32.33,4.836,4.756352941176471
3,32.34,5.057,4.777176470588235
3,32.35,4.813,4.8072156862745095
3,32.36,4.854,4.834196078431373
3,32.37,4.775,4.861725490196078
3,32.38,4.834,4.891627450980392
3,32.39,4.494,4.926980392156863
3,32.4,4.641,4.962137254901961
3,32.41,5.08,4.996294117647059
3,32.42,5.193,5.025235294117647
3,32.43,5.002,5.057392156862745
3,32.44,4.894,5.091058823529412
3,32.45,5.251,5.116901960784314
3,32.46,5.137,5.136941176470589
3,32.47,5.138,5.15635294117647
3,32.48,5.273,5.1790392156862755
3,32.49,5.08,5.202686274509805
3,32.5,4.959,5.221411764705883
3,32.51,5.013,5.239333333333334
3,32.52,5.012,5.2521764705882354
3,32.53,4.852,5.264156862745097
3,32.54,4.887,5.2814901960784315
3,32.55,4.856,5.299372549019608
3,32.56,4.93,5.315901960784314
3,32.57,5.042,5.339039215686275
3,32.58,5.105,5.366137254901961
3,32.59,5.24,5.392490196078431
3,32.6,5.6,5.412333333333334
3,32.61,5.4,5.437274509803921
3,32.62,5.369,5.464313725490197
3,32.63,5.663,5.491862745098039
3,32.64,5.844,5.516980392156863
3,32.65,6.054,5.545156862745098
3,32.66,6.022,5.571294117647058
3,32.67,6.08,5.585686274509804
3,32.68,6.048,5.593980392156863
3,32.69,5.905,5.601156862745098
3,32.7,5.689,5.614627450980392
3,32.71,5.571,5.62156862745098
3,32.72,5.617,5.629313725490196
3,32.73,5.561,5.640470588235294
3,32.74,5.654,5.652392156862745
3,32.75,5.596,5.669490196078431
3,32.76,5.724,5.690901960784314
3,32.77,5.736,5.715156862745098
3,32.78,5.864,5.735274509803922
3,32.79,6.018,5.760627450980391
3,32.8,5.997,5.787960784313725
3,32.81,5.945,5.8161764705882355
3,32.82,6.136,5.850156862745098
3,32.83,6.332,5.884333333333333
3,32.84,6.18,5.915529411764706
3,32.85,6.069,5.945137254901961
3,32.86,6.085,5.972470588235294
3,32.87,6.233,6.003156862745098
3,32.88,6.18,6.036901960784314
3,32.89,6.115,6.065254901960784
3,32.9,5.931,6.092862745098039
3,32.91,5.974,6.12
3,32.92,5.814,6.148235294117647
3,32.93,5.616,6.182078431372549
3,32.94,5.368,6.215313725490196
3,32.95,5.581,6.251411764705883
3,32.96,5.605,6.289039215686274
3,32.97,5.532,6.32778431372549
3,32.98,5.707,6.367549019607843
3,32.99,5.881,6.405235294117647
3,33.0,5.952,6.439470588235293
3,33.01,6.051,6.4806470588235285
3,33.02,6.25,6.519058823529411
3,33.03,6.038,6.555
3,33.04,6.145,6.584176470588235
3,33.05,6.281,6.611450980392156
3,33.06,6.295,6.636137254901961
3,33.07,6.663,6.658235294117647
3,33.08,6.785,6.674470588235295
3,33.09,6.696,6.68664705882353
3,33.1,6.75,6.6973529411764705
3,33.11,6.994,6.7172745098039215
3,33.12,6.965,6.739058823529412
3,33.13,7.09,6.756137254901961
3,33.14,7.109,6.77643137254902
3,33.15,7.252,6.795803921568628
3,33.16,7.438,6.814176470588236
3,33.17,7.462,6.836627450980393
3,33.18,7.806,6.862549019607843
3,33.19,7.743,6.893803921568628
3,33.2,7.746,6.930666666666666
3,33.21,7.608,6.964921568627451
3,33.22,7.547,7.000294117647059
3,33.23,7.645,7.0363725490196085
3,33.24,7.483,7.073686274509805
3,33.25,7.4,7.108882352941176
3,33.26,7.696,7.141882352941177
3,33.27,7.683,7.1729215686274514
3,33.28,7.569,7.201725490196079
3,33.29,7.352,7.229803921568627
3,33.3,7.409,7.250274509803922
3,33.31,7.256,7.271098039215687
3,33.32,7.072,7.290607843137255
3,33.33,6.964,7.300862745098039
3,33.34,6.953,7.309333333333334
3,33.35,6.726,7.31878431372549
3,33.36,7.085,7.329196078431372
3,33.37,7.196,7.331450980392157
3,33.38,7.104,7.331411764705882
3,33.39,7.215,7.327901960784314
3,33.4,7.103,7.321588235294118
3,33.41,6.868,7.314921568627452
3,33.42,7.119,7.3048431372549025
3,33.43,7.136,7.2963137254901955
3,33.44,7.21,7.284431372549019
3,33.45,7.248,7.272372549019608
3,33.46,7.328,7.258392156862745
3,33.47,7.409,7.243529411764706
3,33.48,7.372,7.228745098039216
3,33.49,7.61,7.209019607843138
3,33.5,7.676,7.189666666666667
3,33.51,7.635,7.168686274509804
3,33.52,7.634,7.141333333333333
3,33.53,7.719,7.114196078431373
3,33.54,7.47,7.100176470588235
3,33.55,7.189,7.088058823529411
3,33.56,7.343,7.073450980392158
3,33.57,7.29,7.059705882352941
3,33.58,7.186,7.052960784313725
3,33.59,7.217,7.0412156862745094
3,33.6,7.178,7.026568627450981
3,33.61,7.281,7.014549019607844
3,33.62,7.109,6.991509803921569
3,33.63,6.963,6.9601372549019604
3,33.64,6.911,6.927686274509804
3,33.65,6.787,6.889294117647059
3,33.66,6.912,6.851313725490195
3,33.67,6.924,6.818274509803921
3,33.68,7.027,6.772960784313726
3,33.69,7.2,6.722529411764706
3,33.7,7.128,6.672470588235294
3,33.71,7.033,6.627098039215687
3,33.72,6.85,6.5842745098039215
3,33.73,6.793,6.546509803921569
3,33.74,6.639,6.510843137254902
3,33.75,6.496,6.465333333333333
3,33.76,6.33,6.420803921568628
3,33.77,6.301,6.381980392156863
3,33.78,6.299,6.349294117647058
3,33.79,6.854,6.3127450980392155
3,33.8,6.734,6.2804117647058835
3,33.81,6.664,6.252960784313726
3,33.82,6.555,6.219980392156863
3,33.83,6.728,6.188843137254903
3,33.84,6.365,6.165960784313725
3,33.85,6.206,6.1374313725490195
3,33.86,6.113,6.111450980392156
3,33.87,5.91,6.0824509803921565
3,33.88,5.596,6.058411764705882
3,33.89,5.449,6.030725490196079
3,33.9,5.257,6.005411764705882
3,33.91,5.166,5.978450980392157
3,33.92,5.183,5.950882352941176
3,33.93,4.808,5.926705882352941
3,33.94,4.564,5.894450980392158
3,33.95,4.657,5.857803921568628
3,33.96,4.934,5.826862745098039
3,33.97,5.144,5.800470588235294
3,33.98,5.483,5.777607843137255
3,33.99,5.553,5.75370588235294
3,34.0,5.289,5.733941176470588
3,34.01,5.405,5.718392156862745
3,34.02,5.655,5.704176470588235
3,34.03,5.967,5.688705882352941
3,34.04,5.855,5.675156862745098
3,34.05,5.821,5.653352941176471
3,34.06,5.789,5.635372549019608
3,34.07,5.661,5.624333333333333
3,34.08,5.702,5.618019607843136
3,34.09,6.019,5.611392156862746
3,34.1,5.762,5.614529411764706
3,34.11,5.853,5.618450980392157
3,34.12,5.802,5.62343137254902
3,34.13,5.883,5.625588235294117
3,34.14,5.551,5.634294117647059
3,34.15,5.62,5.642294117647059
3,34.16,5.412,5.65486274509804
3,34.17,5.506,5.667725490196079
3,34.18,5.691,5.683117647058824
3,34.19,5.382,5.708450980392156
3,34.2,5.331,5.742529411764706
3,34.21,5.55,5.773235294117647
3,34.22,5.687,5.804392156862745
3,34.23,5.684,5.831882352941176
3,34.24,5.574,5.850823529411764
3,34.25,5.631,5.871509803921569
3,34.26,5.703,5.898549019607843
3,34.27,5.605,5.918725490196078
3,34.28,5.512,5.934666666666667
3,34.29,5.608,5.944901960784314
3,34.3,5.742,5.957607843137255
3,34.31,5.817,5.968686274509803
3,34.32,6.101,5.9816666666666665
3,34.33,6.233,5.999666666666667
3,34.34,6.39,6.013372549019607
3,34.35,6.525,6.018588235294117
3,34.36,6.406,6.027333333333334
3,34.37,6.367,6.031274509803922
3,34.38,6.02,6.038921568627451
3,34.39,6.04,6.0513529411764715
3,34.4,5.857,6.065333333333333
3,34.41,5.898,6.0732745098039205
3,34.42,5.822,6.078215686274509
3,34.43,5.968,6.078352941176472
3,34.44,6.1,6.068941176470589
3,34.45,6.302,6.069549019607843
3,34.46,6.223,6.07313725490196
3,34.47,6.523,6.071137254901962
3,34.48,6.546,6.066470588235294
3,34.49,6.449,6.061117647058823
3,34.5,6.608,6.058901960784314
3,34.51,6.668,6.0508235294117645
3,34.52,6.434,6.041823529411765
3,34.53,6.468,6.034843137254902
3,34.54,6.489,6.0360000000000005
3,34.55,6.503,6.0293921568627455
3,34.56,6.386,6.0231764705882345
3,34.57,6.451,6.019882352941176
3,34.58,6.579,6.013764705882353
3,34.59,6.401,6.0109803921568625
3,34.6,6.285,6.002039215686274
3,34.61,6.208,5.995529411764705
3,34.62,6.054,5.992960784313726
3,34.63,6.192,5.996137254901961
3,34.64,6.517,6.000235294117647
3,34.65,6.264,6.001784313725489
3,34.66,6.025,6.007843137254903
3,34.67,5.664,6.012333333333332
3,34.68,5.513,6.017666666666666
3,34.69,5.211,6.019882352941177
3,34.7,5.413,6.0194117647058825
3,34.71,5.514,6.0143137254901955
3,34.72,5.448,6.014235294117647
3,34.73,5.449,6.000607843137255
3,34.74,5.411,5.98813725490196
3,34.75,5.461,5.984686274509804
3,34.76,5.219,5.974843137254902
3,34.77,5.244,5.9627647058823525
3,34.78,5.249,5.953196078431373
3,34.79,5.571,5.944117647058823
3,34.8,5.271,5.930862745098039
3,34.81,5.425,5.914098039215686
3,34.82,5.649,5.896411764705882
3,34.83,5.789,5.879078431372548
3,34.84,6.091,5.859627450980391
3,34.85,5.934,5.839274509803921
3,34.86,6.193,5.817117647058824
3,34.87,6.275,5.793529411764706
3,34.88,6.529,5.777764705882353
3,34.89,6.229,5.759235294117647
3,34.9,6.119,5.737431372549019
3,34.91,6.166,5.720549019607843
3,34.92,6.127,5.706686274509804
3,34.93,6.094,5.6979411764705885
3,34.94,6.081,5.69378431372549
3,34.95,6.076,5.694215686274509
3,34.96,6.042,5.696098039215687
3,34.97,6.219,5.694588235294118
3,34.98,5.828,5.693039215686274
3,34.99,5.91,5.691294117647059
3,35.0,6.273,5.686764705882354
3,35.01,6.106,5.680058823529412
3,35.02,6.052,5.683960784313726
3,35.03,5.946,5.6848431372549015
3,35.04,6.005,5.684333333333334
3,35.05,5.813,5.677098039215686
3,35.06,5.648,5.6752352941176465
3,35.07,5.484,5.668803921568628
3,35.08,5.567,5.6644313725490205
3,35.09,5.587,5.657117647058823
3,35.1,5.363,5.645333333333334
3,35.11,5.155,5.636941176470588
3,35.12,5.005,5.626176470588235
3,35.13,5.25,5.616
3,35.14,5.247,5.603411764705882
3,35.15,5.405,5.59586274509804
3,35.16,5.403,5.590156862745098
3,35.17,5.318,5.581352941176471
3,35.18,5.218,5.571960784313726
3,35.19,5.301,5.563352941176472
3,35.2,5.233,5.555176470588235
3,35.21,5.509,5.547803921568627
3,35.22,5.437,5.5385686274509816
3,35.23,5.369,5.527156862745099
3,35.24,5.36,5.526803921568627
3,35.25,5.18,5.523745098039216
3,35.26,5.119,5.514745098039216
3,35.27,5.418,5.508823529411765
3,35.28,5.289,5.503588235294117
3,35.29,5.223,5.499450980392157
3,35.3,5.202,5.49350980392157
3,35.31,5.176,5.489725490196078
3,35.32,5.097,5.492254901960784
3,35.33,5.426,5.495627450980393
3,35.34,5.416,5.497490196078432
3,35.35,5.49,5.496117647058824
3,35.36,5.506,5.499803921568628
3,35.37,5.644,5.50713725490196
3,35.38,5.756,5.517823529411764
3,35.39,5.887,5.522725490196078
3,35.4,5.844,5.528666666666666
3,35.41,5.828,5.531627450980392
3,35.42,5.717,5.535745098039215
3,35.43,5.648,5.5419607843137255
3,35.44,5.655,5.550921568627451
3,35.45,5.664,5.556529411764705
3,35.46,5.7,5.564882352941177
3,35.47,5.571,5.566450980392157
3,35.48,5.637,5.566450980392156
3,35.49,5.81,5.570156862745098
3,35.5,5.754,5.572588235294117
3,35.51,5.814,5.578117647058823
3,35.52,5.804,5.584549019607843
3,35.53,5.785,5.587627450980392
3,35.54,5.735,5.593313725490196
3,35.55,5.702,5.601862745098039
3,35.56,5.62,5.609803921568628
3,35.57,5.777,5.61743137254902
3,35.58,5.656,5.628509803921568
3,35.59,5.662,5.635196078431372
3,35.6,5.517,5.644156862745097
3,35.61,5.551,5.650980392156862
3,35.62,5.529,5.658196078431374
3,35.63,5.55,5.6631960784313735
3,35.64,5.5,5.665980392156862
3,35.65,5.55,5.66756862745098
3,35.66,5.556,5.6715294117647055
3,35.67,5.613,5.676686274509804
3,35.68,5.635,5.687764705882352
3,35.69,5.675,5.702509803921569
3,35.7,5.587,5.719196078431372
3,35.71,5.659,5.733941176470588
3,35.72,5.589,5.747921568627451
3,35.73,5.437,5.762627450980391
3,35.74,5.558,5.7741372549019605
3,35.75,5.484,5.779823529411765
3,35.76,5.462,5.783666666666666
3,35.77,5.447,5.785352941176471
3,35.78,5.575,5.789098039215687
3,35.79,5.579,5.7921764705882355
3,35.8,5.659,5.793960784313724
3,35.81,5.607,5.794980392156862
3,35.82,5.565,5.800019607843137
3,35.83,5.662,5.804176470588235
3,35.84,5.767,5.812254901960784
3,35.85,5.873,5.819411764705883
3,35.86,5.838,5.826666666666667
3,35.87,5.874,5.82864705882353
3,35.88,5.899,5.8294313725490206
3,35.89,5.898,5.831039215686276
3,35.9,5.968,5.8324509803921565
3,35.91,6.046,5.833725490196078
3,35.92,6.091,5.837235294117647
3,35.93,6.282,5.841058823529412
3,35.94,6.4,5.841392156862745
3,35.95,6.506,5.841823529411765
3,35.96,6.416,5.845607843137255
3,35.97,6.413,5.848039215686274
3,35.98,6.321,5.8524705882352945
3,35.99,6.224,5.862529411764706
3,36.0,6.1,5.868666666666666
3,36.01,5.95,5.87564705882353
3,36.02,5.9,5.882333333333333
3,36.03,5.995,5.88964705882353
3,36.04,5.942,5.8904901960784315
3,36.05,5.826,5.889803921568627
3,36.06,5.754,5.887627450980392
3,36.07,5.877,5.886137254901961
3,36.08,5.989,5.885686274509804
3,36.09,6.068,5.883450980392157
3,36.1,6.027,5.880980392156863
3,36.11,5.887,5.877784313725491
3,36.12,5.652,5.873235294117648
3,36.13,5.569,5.868529411764705
3,36.14,5.632,5.864196078431371
3,36.15,5.572,5.857941176470588
3,36.16,5.615,5.85035294117647
3,36.17,5.735,5.839117647058824
3,36.18,5.808,5.831764705882353
3,36.19,5.652,5.820764705882354
3,36.2,5.697,5.805098039215686
3,36.21,5.78,5.784450980392157
3,36.22,5.783,5.765137254901961
3,36.23,5.815,5.745686274509803
3,36.24,5.95,5.729098039215687
3,36.25,5.871,5.717470588235294
3,36.26,5.84,5.710156862745098
3,36.27,5.803,5.7067450980392165
3,36.28,5.82,5.703450980392156
3,36.29,5.618,5.695215686274509
3,36.3,5.544,5.689627450980392
3,36.31,5.548,5.6837647058823535
3,36.32,5.531,5.679686274509804
3,36.33,5.542,5.673470588235293
3,36.34,5.548,5.664960784313726
3,36.35,5.641,5.6517647058823535
3,36.36,5.71,5.640254901960784
3,36.37,5.606,5.6319607843137245
3,36.38,5.634,5.628254901960784
3,36.39,5.678,5.6263137254901965
3,36.4,5.579,5.624470588235295
3,36.41,5.581,5.6256666666666675
3,36.42,5.473,5.625176470588236
3,36.43,5.716,5.619882352941177
3,36.44,5.721,5.612764705882354
3,36.45,5.601,5.610274509803922
3,36.46,5.453,5.607705882352942
3,36.47,5.431,5.60156862745098
3,36.48,5.421,5.598470588235294
3,36.49,5.475,5.593274509803922
3,36.5,5.631,5.581843137254902
3,36.51,5.727,5.574098039215686
3,36.52,5.776,5.566392156862745
3,36.53,5.732,5.559411764705882
3,36.54,5.575,5.551764705882353
3,36.55,5.657,5.547843137254902
3,36.56,5.527,5.543921568627451
3,36.57,5.546,5.5430392156862744
3,36.58,5.56,5.542666666666666
3,36.59,5.555,5.541686274509804
3,36.6,5.395,5.53850980392157
3,36.61,5.44,5.534019607843137
3,36.62,5.464,5.5270392156862735
3,36.63,5.463,5.5241372549019605
3,36.64,5.47,5.5206470588235295
3,36.65,5.538,5.516254901960784
3,36.66,5.633,5.513039215686275
3,36.67,5.59,5.507882352941176
3,36.68,5.465,5.504529411764706
3,36.69,5.445,5.498392156862744
3,36.7,5.525,5.492117647058823
3,36.71,5.566,5.488254901960784
3,36.72,5.467,5.483078431372549
3,36.73,5.625,5.477921568627451
3,36.74,5.55,5.475882352941177
3,36.75,5.367,5.4706078431372545
3,36.76,5.476,5.459254901960784
3,36.77,5.447,5.448941176470589
3,36.78,5.447,5.436745098039216
3,36.79,5.43,5.423647058823529
3,36.8,5.418,5.415666666666667
3,36.81,5.344,5.406627450980392
3,36.82,5.503,5.397764705882353
3,36.83,5.512,5.389627450980392
3,36.84,5.492,5.380862745098039
3,36.85,5.386,5.373
3,36.86,5.412,5.368156862745098
3,36.87,5.354,5.365196078431373
3,36.88,5.458,5.36207843137255
3,36.89,5.456,5.360392156862745
3,36.9,5.454,5.359666666666666
3,36.91,5.415,5.357137254901961
3,36.92,5.318,5.3519411764705875
3,36.93,5.302,5.348490196078432
3,36.94,5.403,5.348176470588235
3,36.95,5.401,5.3480784313725485
3,36.96,5.404,5.345764705882353
3,36.97,5.189,5.343313725490195
3,36.98,5.168,5.343235294117647
3,36.99,5.317,5.340745098039215
3,37.0,5.206,5.338176470588235
3,37.01,5.052,5.337372549019608
3,37.02,5.201,5.334352941176471
3,37.03,5.154,5.328294117647059
3,37.04,5.064,5.323490196078431
3,37.05,5.168,5.31743137254902
3,37.06,5.196,5.31221568627451
3,37.07,5.075,5.308588235294118
3,37.08,5.131,5.302
3,37.09,5.113,5.295764705882353
3,37.1,5.154,5.289411764705882
3,37.11,5.148,5.283019607843137
3,37.12,5.289,5.2759607843137255
3,37.13,5.305,5.271274509803923
3,37.14,5.377,5.264549019607842
3,37.15,5.433,5.256352941176471
3,37.16,5.409,5.248980392156864
3,37.17,5.368,5.241509803921569
3,37.18,5.414,5.238313725490196
3,37.19,5.449,5.234823529411765
3,37.2,5.44,5.230607843137255
3,37.21,5.407,5.224705882352942
3,37.22,5.441,5.222333333333333
3,37.23,5.463,5.22256862745098
3,37.24,5.498,5.222235294117647
3,37.25,5.419,5.220823529411764
3,37.26,5.326,5.218196078431373
3,37.27,5.322,5.219901960784314
3,37.28,5.138,5.217254901960784
3,37.29,5.202,5.215705882352941
3,37.3,5.121,5.2145294117647065
3,37.31,5.152,5.210098039215687
3,37.32,5.159,5.209019607843136
3,37.33,5.167,5.209490196078431
3,37.34,5.194,5.210313725490196
3,37.35,5.168,5.212529411764705
3,37.36,5.06,5.2121176470588235
3,37.37,5.052,5.209666666666666
3,37.38,5.115,5.204745098039216
3,37.39,5.115,5.197294117647059
3,37.4,5.038,5.190117647058824
3,37.41,5.078,5.179411764705883
3,37.42,5.034,5.171156862745099
3,37.43,5.155,5.163666666666668
3,37.44,5.124,5.153784313725489
3,37.45,5.188,5.145098039215687
3,37.46,5.1,5.136313725490196
3,37.47,5.283,5.1284705882352934
3,37.48,5.201,5.119411764705883
3,37.49,5.151,5.111882352941177
3,37.5,5.245,5.101333333333334
3,37.51,5.072,5.093235294117647
3,37.52,5.139,5.09078431372549
3,37.53,5.066,5.087490196078432
3,37.54,5.075,5.089666666666666
3,37.55,5.004,5.087039215686274
3,37.56,4.942,5.086156862745098
3,37.57,5.141,5.084980392156862
3,37.58,5.099,5.081921568627451
3,37.59,5.173,5.080901960784313
3,37.6,5.226,5.08
3,37.61,5.133,5.078568627450981
3,37.62,5.023,5.078882352941177
3,37.63,5.038,5.079137254901961
3,37.64,4.925,5.077411764705882
3,37.65,5.011,5.076313725490196
3,37.66,4.887,5.079117647058824
3,37.67,4.988,5.080470588235293
3,37.68,4.986,5.0852352941176475
3,37.69,4.91,5.0889999999999995
3,37.7,5.006,5.093803921568627
3,37.71,4.992,5.096862745098039
3,37.72,5.007,5.101960784313725
3,37.73,4.979,5.103450980392157
3,37.74,5.079,5.108725490196079
3,37.75,4.96,5.114980392156863
3,37.76,5.006,5.118294117647059
3,37.77,5.201,5.1244901960784315
3,37.78,5.154,5.130470588235294
3,37.79,5.249,5.1386078431372555
3,37.8,5.068,5.1473137254901955
3,37.81,5.076,5.157058823529412
3,37.82,5.092,5.171019607843137
3,37.83,5.003,5.179921568627451
3,37.84,5.115,5.189176470588236
3,37.85,5.148,5.197823529411765
3,37.86,5.095,5.203117647058823
3,37.87,5.076,5.209941176470588
3,37.88,5.065,5.220235294117646
3,37.89,5.027,5.231862745098039
3,37.9,5.059,5.2461568627450985
3,37.91,5.181,5.260686274509804
3,37.92,5.147,5.277725490196079
3,37.93,5.277,5.292411764705882
3,37.94,5.347,5.304450980392157
3,37.95,5.369,5.318039215686274
3,37.96,5.344,5.331078431372549
3,37.97,5.36,5.345392156862745
3,37.98,5.359,5.357823529411764
3,37.99,5.47,5.370921568627452
3,38.0,5.47,5.378980392156862
3,38.01,5.414,5.389156862745099
3,38.02,5.388,5.398156862745098
3,38.03,5.444,5.403313725490197
3,38.04,5.481,5.409823529411764
3,38.05,5.519,5.415235294117648
3,38.06,5.501,5.4245294117647065
3,38.07,5.654,5.431764705882353
3,38.08,5.595,5.438764705882353
3,38.09,5.571,5.447411764705882
3,38.1,5.614,5.453666666666667
3,38.11,5.496,5.461254901960785
3,38.12,5.481,5.466470588235294
3,38.13,5.548,5.473078431372549
3,38.14,5.631,5.482137254901961
3,38.15,5.654,5.492686274509804
3,38.16,5.752,5.502588235294118
3,38.17,5.756,5.510333333333333
3,38.18,5.737,5.517450980392158
3,38.19,5.6,5.521980392156863
3,38.2,5.603,5.525450980392157
3,38.21,5.671,5.52978431372549
3,38.22,5.722,5.531843137254901
3,38.23,5.641,5.532137254901961
3,38.24,5.647,5.536039215686274
3,38.25,5.49,5.537352941176471
3,38.26,5.479,5.537
3,38.27,5.465,5.537745098039216
3,38.28,5.464,5.539509803921569
3,38.29,5.486,5.5391176470588235
3,38.3,5.525,5.53886274509804
3,38.31,5.542,5.5389019607843135
3,38.32,5.445,5.54043137254902
3,38.33,5.449,5.5400784313725495
3,38.34,5.444,5.539333333333334
3,38.35,5.434,5.540156862745098
3,38.36,5.535,5.540372549019608
3,38.37,5.361,5.5454509803921574
3,38.38,5.413,5.55064705882353
3,38.39,5.527,5.553058823529412
3,38.4,5.565,5.553490196078432
3,38.41,5.564,5.55386274509804
3,38.42,5.576,5.5516862745098035
3,38.43,5.51,5.549941176470589
3,38.44,5.508,5.546627450980392
3,38.45,5.524,5.547666666666667
3,38.46,5.59,5.550450980392157
3,38.47,5.449,5.550862745098041
3,38.48,5.375,5.54678431372549
3,38.49,5.558,5.54621568627451
3,38.5,5.537,5.546254901960784
3,38.51,5.452,5.547372549019609
3,38.52,5.452,5.547039215686275
3,38.53,5.478,5.548470588235293
3,38.54,5.424,5.549196078431373
3,38.55,5.468,5.549941176470589
3,38.56,5.521,5.549450980392157
3,38.57,5.579,5.549098039215687
3,38.58,5.636,5.550803921568628
3,38.59,5.557,5.553196078431373
3,38.6,5.613,5.555529411764706
3,38.61,5.625,5.55743137254902
3,38.62,5.755,5.55843137254902
3,38.63,5.746,5.561980392156863
3,38.64,5.671,5.564745098039216
3,38.65,5.653,5.564705882352942
3,38.66,5.673,5.564823529411765
3,38.67,5.641,5.563156862745098
3,38.68,5.667,5.562196078431373
3,38.69,5.568,5.56249019607843
3,38.7,5.653,5.562803921568627
3,38.71,5.745,5.5647843137254895
3,38.72,5.692,5.56586274509804
3,38.73,5.514,5.569274509803922
3,38.74,5.612,5.573274509803922
3,38.75,5.649,5.57307843137255
3,38.76,5.547,5.573627450980392
3,38.77,5.462,5.576156862745097
3,38.78,5.538,5.5814313725490186
3,38.79,5.501,5.585098039215686
3,38.8,5.524,5.590294117647059
3,38.81,5.5,5.5974313725490195
3,38.82,5.524,5.604549019607843
3,38.83,5.532,5.61186274509804
3,38.84,5.571,5.618058823529412
3,38.85,5.563,5.6272352941176464
3,38.86,5.531,5.633862745098039
3,38.87,5.586,5.641647058823529
3,38.88,5.542,5.647392156862745
3,38.89,5.554,5.657686274509803
3,38.9,5.525,5.669411764705882
3,38.91,5.571,5.679196078431373
3,38.92,5.479,5.684529411764706
3,38.93,5.527,5.692333333333334
3,38.94,5.525,5.697392156862745
3,38.95,5.524,5.70764705882353
3,38.96,5.625,5.7144901960784305
3,38.97,5.645,5.719450980392157
3,38.98,5.623,5.723705882352941
3,38.99,5.579,5.730254901960784
3,39.0,5.548,5.733941176470588
3,39.01,5.565,5.732941176470588
3,39.02,5.581,5.734549019607843
3,39.03,5.721,5.738803921568627
3,39.04,5.665,5.740411764705882
3,39.05,5.689,5.746078431372549
3,39.06,5.832,5.751588235294118
3,39.07,5.884,5.760039215686274
3,39.08,5.952,5.764568627450981
3,39.09,5.952,5.770980392156862
3,39.1,6.025,5.777509803921568
3,39.11,5.951,5.787098039215686
3,39.12,6.022,5.7981960784313715
3,39.13,6.048,5.806058823529411
3,39.14,6.271,5.813960784313726
3,39.15,6.269,5.821843137254902
3,39.16,6.152,5.83235294117647
3,39.17,5.945,5.842156862745099
3,39.18,6.039,5.851666666666667
3,39.19,5.925,5.86164705882353
3,39.2,6.091,5.872333333333334
3,39.21,6.002,5.88207843137255
3,39.22,5.998,5.890686274509804
3,39.23,5.909,5.896509803921568
3,39.24,5.848,5.901686274509804
3,39.25,5.8,5.906098039215687
3,39.26,5.598,5.910392156862745
3,39.27,5.629,5.912980392156863
3,39.28,5.679,5.914137254901962
3,39.29,5.62,5.916372549019608
3,39.3,5.79,5.920196078431372
3,39.31,5.805,5.9242156862745095
3,39.32,5.931,5.923607843137255
3,39.33,5.755,5.92129411764706
3,39.34,5.859,5.91613725490196
3,39.35,5.904,5.912333333333334
3,39.36,6.052,5.904588235294118
3,39.37,6.097,5.89843137254902
3,39.38,5.987,5.888882352941176
3,39.39,5.945,5.88035294117647
3,39.4,5.956,5.866843137254902
3,39.41,6.061,5.855450980392158
3,39.42,6.071,5.845999999999999
3,39.43,5.964,5.839509803921569
3,39.44,6.036,5.829509803921569
3,39.45,6.07,5.822098039215685
3,39.46,6.021,5.811705882352941
3,39.47,6.064,5.802254901960785
3,39.48,5.942,5.794627450980391
3,39.49,5.887,5.788549019607843
3,39.5,5.804,5.7807843137254915
3,39.51,5.767,5.776549019607844
3,39.52,5.697,5.77478431372549
3,39.53,5.64,5.772647058823529
3,39.54,5.835,5.770352941176471
3,39.55,5.86,5.769137254901961
3,39.56,5.894,5.766411764705882
3,39.57,5.801,5.762235294117646
3,39.58,5.766,5.754823529411764
3,39.59,5.689,5.750039215686274
3,39.6,5.758,5.743529411764706
3,39.61,5.63,5.737254901960784
3,39.62,5.637,5.727941176470588
3,39.63,5.535,5.7185098039215685
3,39.64,5.613,5.712509803921569
3,39.65,5.582,5.70943137254902
3,39.66,5.688,5.70335294117647
3,39.67,5.67,5.696843137254902
3,39.68,5.614,5.689058823529412
3,39.69,5.529,5.68321568627451
3,39.7,5.547,5.676215686274509
3,39.71,5.561,5.6680392156862744
3,39.72,5.52,5.66113725490196
3,39.73,5.609,5.653745098039216
3,39.74,5.599,5.648196078431372
3,39.75,5.452,5.643588235294117
3,39.76,5.584,5.63970588235294
3,39.77,5.508,5.636941176470588
3,39.78,5.52,5.6358823529411755
3,39.79,5.562,5.638176470588235
3,39.8,5.558,5.636549019607843
3,39.81,5.651,5.633529411764706
3,39.82,5.592,5.63056862745098
3,39.83,5.553,5.629392156862745
3,39.84,5.511,5.627666666666666
3,39.85,5.527,5.6285686274509805
3,39.86,5.584,5.626588235294117
3,39.87,5.577,5.62878431372549
3,39.88,5.616,5.63121568627451
3,39.89,5.681,5.6357647058823535
3,39.9,5.788,5.638941176470588
3,39.91,5.646,5.643627450980393
3,39.92,5.729,5.6451176470588225
3,39.93,5.674,5.650156862745098
3,39.94,5.666,5.655196078431372
3,39.95,5.679,5.65956862745098
3,39.96,5.653,5.6654509803921576
3,39.97,5.669,5.671294117647059
3,39.98,5.687,5.677764705882352
3,39.99,5.659,5.68278431372549
3,40.0,5.652,5.6875882352941165
3,40.01,5.606,5.697313725490196
3,40.02,5.626,5.703215686274509
3,40.03,5.643,5.709313725490197
3,40.04,5.757,5.716039215686275
3,40.05,5.752,5.721372549019608
3,40.06,5.706,5.727823529411765
3,40.07,5.743,5.732274509803922
3,40.08,5.741,5.738823529411765
3,40.09,5.678,5.744450980392157
3,40.1,5.735,5.74978431372549
3,40.11,5.657,5.753862745098039
3,40.12,5.742,5.756549019607843
3,40.13,5.761,5.760372549019608
3,40.14,5.767,5.764058823529413
3,40.15,5.775,5.768490196078431
3,40.16,5.821,5.7700000000000005
3,40.17,5.764,5.772882352941177
3,40.18,5.927,5.773352941176471
3,40.19,5.871,5.773627450980392
3,40.2,5.752,5.776372549019607
3,40.21,5.847,5.779901960784314
3,40.22,5.859,5.783470588235294
3,40.23,5.85,5.786882352941177
3,40.24,5.865,5.7894901960784315
3,40.25,5.844,5.7934117647058825
3,40.26,5.948,5.796882352941177
3,40.27,5.885,5.802019607843138
3,40.28,5.819,5.808549019607843
3,40.29,5.863,5.814470588235294
3,40.3,5.834,5.81864705882353
3,40.31,5.887,5.823784313725491
3,40.32,5.878,5.830019607843138
3,40.33,5.926,5.833392156862745
3,40.34,5.84,5.8360392156862755
3,40.35,5.783,5.841196078431373
3,40.36,5.735,5.844666666666666
3,40.37,5.721,5.848745098039216
3,40.38,5.772,5.848725490196079
3,40.39,5.804,5.85035294117647
3,40.4,5.907,5.852431372549019
3,40.41,5.865,5.854098039215687
3,40.42,5.793,5.855058823529411
3,40.43,5.753,5.856274509803922
3,40.44,5.688,5.854039215686274
3,40.45,5.806,5.851588235294119
3,40.46,5.859,5.850274509803922
3,40.47,5.835,5.849254901960784
3,40.48,5.843,5.848
3,40.49,5.82,5.846588235294118
3,40.5,5.859,5.845843137254903
3,40.51,5.829,5.844666666666667
3,40.52,5.868,5.841529411764706
3,40.53,5.959,5.839529411764706
3,40.54,5.945,5.838960784313725
3,40.55,5.97,5.8382549019607834
3,40.56,6.014,5.837470588235293
3,40.57,6.024,5.8340588235294115
3,40.58,5.915,5.831803921568627
3,40.59,5.876,5.828431372549019
3,40.6,5.941,5.82621568627451
3,40.61,5.912,5.825392156862746
3,40.62,5.865,5.826686274509804
3,40.63,5.741,5.828980392156863
3,40.64,5.844,5.827862745098039
3,40.65,5.873,5.8267058823529405
3,40.66,5.86,5.823411764705882
3,40.67,5.87,5.820215686274509
3,40.68,5.826,5.8192352941176475
3,40.69,5.813,5.816098039215686
3,40.7,5.746,5.815411764705883
3,40.71,5.685,5.812803921568628
3,40.72,5.795,5.808117647058824
3,40.73,5.795,5.803117647058824
3,40.74,5.778,5.797039215686275
3,40.75,5.827,5.79221568627451
3,40.76,5.784,5.785705882352942
3,40.77,5.788,5.781725490196078
3,40.78,5.783,5.776156862745098
3,40.79,5.79,5.770137254901961
3,40.8,5.827,5.764117647058824
3,40.81,5.794,5.757745098039216
3,40.82,5.713,5.747823529411764
3,40.83,5.763,5.735313725490196
3,40.84,5.754,5.727627450980393
3,40.85,5.727,5.718823529411764
3,40.86,5.741,5.70956862745098
3,40.87,5.801,5.702627450980392
3,40.88,5.838,5.696686274509804
3,40.89,5.715,5.692862745098038
3,40.9,5.745,5.687294117647058
3,40.91,5.739,5.681764705882353
3,40.92,5.702,5.677019607843136
3,40.93,5.743,5.672784313725489
3,40.94,5.593,5.6675490196078435
3,40.95,5.653,5.664372549019609
3,40.96,5.673,5.661078431372548
3,40.97,5.62,5.659843137254902
3,40.98,5.58,5.655529411764706
3,40.99,5.533,5.650725490196079
3,41.0,5.574,5.644313725490195
3,41.01,5.527,5.6371568627450985
3,41.02,5.626,5.628882352941176
3,41.03,5.584,5.621450980392156
3,41.04,5.652,5.615450980392158
3,41.05,5.638,5.609196078431373
3,41.06,5.645,5.6031176470588235
3,41.07,5.508,5.598509803921568
3,41.08,5.386,5.593960784313726
3,41.09,5.523,5.5882941176470595
3,41.1,5.427,5.583568627450981
3,41.11,5.469,5.5778823529411765
3,41.12,5.558,5.572431372549019
3,41.13,5.562,5.564882352941177
3,41.14,5.546,5.556764705882353
3,41.15,5.56,5.551058823529411
3,41.16,5.591,5.547176470588235
3,41.17,5.618,5.542235294117647
3,41.18,5.654,5.537764705882354
3,41.19,5.559,5.532098039215686
3,41.2,5.651,5.529490196078432
3,41.21,5.578,5.525450980392157
3,41.22,5.622,5.520137254901961
3,41.23,5.575,5.5163529411764705
3,41.24,5.55,5.514509803921569
3,41.25,5.451,5.513647058823529
3,41.26,5.462,5.509686274509804
3,41.27,5.362,5.507098039215686
3,41.28,5.409,5.503156862745098
3,41.29,5.477,5.499274509803922
3,41.3,5.471,5.493568627450981
3,41.31,5.517,5.488647058823529
3,41.32,5.559,5.4855294117647055
3,41.33,5.481,5.4847254901960785
3,41.34,5.474,5.484490196078432
3,41.35,5.513,5.479117647058822
3,41.36,5.437,5.475078431372549
3,41.37,5.463,5.4711372549019615
3,41.38,5.416,5.465196078431373
3,41.39,5.424,5.4605098039215685
3,41.4,5.424,5.455196078431373
3,41.41,5.547,5.451568627450981
3,41.42,5.487,5.447313725490196
3,41.43,5.474,5.442745098039216
3,41.44,5.454,5.439392156862745
3,41.45,5.46,5.436176470588236
3,41.46,5.447,5.431509803921569
3,41.47,5.402,5.427313725490197
3,41.48,5.427,5.424235294117646
3,41.49,5.486,5.423607843137255
3,41.5,5.489,5.424058823529412
3,41.51,5.372,5.4296862745098045
3,41.52,5.395,5.435607843137255
3,41.53,5.425,5.444333333333334
3,41.54,5.386,5.448784313725491
3,41.55,5.361,5.452843137254901
3,41.56,5.387,5.458647058823528
3,41.57,5.486,5.464666666666666
3,41.58,5.467,5.468607843137255
3,41.59,5.374,5.473529411764707
3,41.6,5.249,5.475764705882353
3,41.61,5.221,5.477235294117647
3,41.62,5.268,5.481274509803922
3,41.63,5.255,5.486156862745098
3,41.64,5.323,5.491647058823529
3,41.65,5.275,5.496745098039216
3,41.66,5.375,5.502235294117647
3,41.67,5.374,5.5052941176470584
3,41.68,5.385,5.506607843137256
3,41.69,5.483,5.508294117647059
3,41.7,5.395,5.509254901960784
3,41.71,5.413,5.509980392156863
3,41.72,5.364,5.509666666666667
3,41.73,5.465,5.511137254901961
3,41.74,5.543,5.512686274509804
3,41.75,5.573,5.510529411764705
3,41.76,5.738,5.5090980392156865
3,41.77,5.764,5.508823529411765
3,41.78,5.807,5.509431372549019
3,41.79,5.636,5.507960784313726
3,41.8,5.684,5.507960784313726
3,41.81,5.767,5.507980392156862
3,41.82,5.824,5.508156862745098
3,41.83,5.76,5.507137254901961
3,41.84,5.732,5.505490196078432
3,41.85,5.588,5.50656862745098
3,41.86,5.588,5.508823529411766
3,41.87,5.643,5.513274509803922
3,41.88,5.712,5.517078431372549
3,41.89,5.696,5.521549019607843
3,41.9,5.684,5.5245098039215685
3,41.91,5.704,5.531725490196078
3,41.92,5.703,5.53456862745098
3,41.93,5.554,5.535882352941178
3,41.94,5.56,5.53343137254902
3,41.95,5.503,5.53278431372549
3,41.96,5.497,5.536980392156862
3,41.97,5.431,5.540039215686274
3,41.98,5.477,5.543254901960784
3,41.99,5.506,5.545843137254902
3,42.0,5.376,5.54686274509804
3,42.01,5.416,5.547196078431372
3,42.02,5.358,5.544941176470588
3,42.03,5.426,5.542862745098039
3,42.04,5.35,5.5408823529411775
3,42.05,5.386,5.541470588235295
3,42.06,5.362,5.542470588235294
3,42.07,5.396,5.537607843137255
3,42.08,5.434,5.533392156862746
3,42.09,5.383,5.530725490196079
3,42.1,5.429,5.528509803921569
3,42.11,5.364,5.530823529411764
3,42.12,5.448,5.531411764705883
3,42.13,5.462,5.530392156862744
3,42.14,5.483,5.52913725490196
3,42.15,5.474,5.528411764705883
3,42.16,5.643,5.525098039215686
3,42.17,5.52,5.5210784313725485
3,42.18,5.441,5.517235294117647
3,42.19,5.26,5.513745098039215
3,42.2,5.45,5.511921568627451
3,42.21,5.609,5.514098039215686
3,42.22,5.569,5.516392156862744
3,42.23,5.528,5.518725490196078
3,42.24,5.597,5.519450980392158
3,42.25,5.595,5.519529411764705
3,42.26,5.59,5.523725490196079
3,42.27,5.623,5.525294117647059
3,42.28,5.658,5.529490196078432
3,42.29,5.706,5.53443137254902
3,42.3,5.666,5.542137254901961
3,42.31,5.735,5.5508235294117645
3,42.32,5.519,5.5624705882352945
3,42.33,5.609,5.573509803921569
3,42.34,5.624,5.584235294117648
3,42.35,5.619,5.5943137254901965
3,42.36,5.706,5.60286274509804
3,42.37,5.618,5.612039215686274
3,42.38,5.591,5.619196078431373
3,42.39,5.648,5.62743137254902
3,42.4,5.659,5.632843137254903
3,42.41,5.515,5.635960784313726
3,42.42,5.499,5.637352941176471
3,42.43,5.507,5.640549019607843
3,42.44,5.376,5.64635294117647
3,42.45,5.467,5.656411764705882
3,42.46,5.614,5.665745098039215
3,42.47,5.614,5.672450980392157
3,42.48,5.55,5.678823529411765
3,42.49,5.514,5.687235294117647
3,42.5,5.51,5.69521568627451
3,42.51,5.59,5.704137254901961
3,42.52,5.496,5.713392156862745
3,42.53,5.572,5.722019607843138
3,42.54,5.678,5.732196078431373
3,42.55,5.743,5.741294117647058
3,42.56,5.829,5.750490196078431
3,42.57,5.956,5.757960784313726
3,42.58,5.959,5.768666666666666
3,42.59,5.981,5.778980392156861
3,42.6,5.897,5.788137254901961
3,42.61,5.865,5.797313725490196
3,42.62,5.832,5.805156862745099
3,42.63,5.813,5.814843137254901
3,42.64,5.882,5.824705882352942
3,42.65,5.759,5.831862745098039
3,42.66,5.633,5.840156862745098
3,42.67,5.714,5.853745098039216
3,42.68,5.683,5.868058823529412
3,42.69,5.737,5.884196078431373
3,42.7,5.773,5.901196078431373
3,42.71,5.926,5.919999999999999
3,42.72,5.951,5.935294117647058
3,42.73,5.894,5.949745098039216
3,42.74,5.957,5.964078431372549
3,42.75,6.004,5.976490196078431
3,42.76,6.05,5.987411764705882
3,42.77,6.062,5.996980392156863
3,42.78,6.063,6.009607843137255
3,42.79,6.177,6.017509803921568
3,42.8,6.17,6.026156862745098
3,42.81,6.135,6.033470588235294
3,42.82,6.116,6.0380392156862746
3,42.83,6.065,6.042549019607843
3,42.84,6.135,6.047215686274509
3,42.85,6.091,6.049980392156862
3,42.86,6.087,6.055490196078431
3,42.87,6.106,6.060372549019607
3,42.88,6.112,6.065078431372548
3,42.89,6.094,6.06878431372549
3,42.9,6.013,6.070313725490196
3,42.91,6.082,6.075960784313724
3,42.92,6.208,6.081843137254902
3,42.93,6.229,6.083392156862745
3,42.94,6.33,6.085921568627451
3,42.95,6.243,6.089627450980392
3,42.96,6.426,6.089039215686275
3,42.97,6.394,6.084294117647059
3,42.98,6.351,6.080372549019607
3,42.99,6.281,6.0793921568627445
3,43.0,6.147,6.079058823529412
3,43.01,6.067,6.080647058823529
3,43.02,6.078,6.082764705882352
3,43.03,6.14,6.08256862745098
3,43.04,5.975,6.080509803921569
3,43.05,6.119,6.076666666666667
3,43.06,6.116,6.073941176470589
3,43.07,6.062,6.072980392156862
3,43.08,6.186,6.076490196078431
3,43.09,6.197,6.078039215686275
3,43.1,6.122,6.080117647058824
3,43.11,6.178,6.0846470588235295
3,43.12,6.114,6.088215686274509
3,43.13,6.072,6.093843137254902
3,43.14,6.002,6.098411764705882
3,43.15,5.96,6.102176470588236
3,43.16,6.047,6.1064509803921565
3,43.17,5.933,6.111960784313725
3,43.18,5.793,6.116392156862746
3,43.19,5.812,6.1165490196078425
3,43.2,5.926,6.114882352941176
3,43.21,5.743,6.11378431372549
3,43.22,5.684,6.110901960784314
3,43.23,5.751,6.109039215686275
3,43.24,5.844,6.1097254901960785
3,43.25,5.94,6.114490196078432
3,43.26,6.085,6.122156862745098
3,43.27,6.158,6.12907843137255
3,43.28,6.052,6.138490196078431
3,43.29,5.958,6.143960784313725
3,43.3,5.981,6.150980392156864
3,43.31,6.031,6.152686274509803
3,43.32,6.086,6.1527843137254905
3,43.33,6.295,6.150921568627451
3,43.34,6.144,6.147921568627452
3,43.35,6.241,6.145019607843137
3,43.36,6.322,6.143980392156863
3,43.37,6.269,6.142117647058823
3,43.38,6.393,6.1416666666666675
3,43.39,6.345,6.142509803921569
3,43.4,6.286,6.145921568627451
3,43.41,6.231,6.148
3,43.42,6.363,6.143980392156863
3,43.43,6.434,6.145254901960785
3,43.44,6.237,6.14678431372549
3,43.45,6.245,6.146333333333334
3,43.46,6.187,6.14678431372549
3,43.47,6.279,6.152980392156863
3,43.48,6.299,6.158901960784314
3,43.49,6.386,6.163647058823529
3,43.5,6.524,6.167078431372549
3,43.51,6.538,6.170509803921569
3,43.52,6.42,6.173450980392157
3,43.53,6.558,6.1738823529411775
3,43.54,6.419,6.174392156862745
3,43.55,6.333,6.176803921568627
3,43.56,6.206,6.180901960784314
3,43.57,6.121,6.182607843137255
3,43.58,5.967,6.181921568627452
3,43.59,6.033,6.174901960784314
3,43.6,6.049,6.172039215686275
3,43.61,6.069,6.1654509803921576
3,43.62,6.083,6.160039215686275
3,43.63,6.091,6.155372549019608
3,43.64,6.115,6.148784313725489
3,43.65,6.176,6.141098039215687
3,43.66,6.066,6.134960784313726
3,43.67,5.842,6.130078431372549
3,43.68,5.998,6.120019607843138
3,43.69,5.871,6.108019607843137
3,43.7,5.789,6.098941176470589
3,43.71,5.949,6.0918431372549025
3,43.72,6.059,6.08743137254902
3,43.73,5.986,6.079588235294118
3,43.74,5.993,6.070607843137255
3,43.75,6.019,6.061156862745099
3,43.76,6.115,6.049941176470589
3,43.77,6.235,6.036411764705882
3,43.78,6.18,6.025117647058823
3,43.79,6.078,6.011921568627451
3,43.8,6.081,6.0027647058823534
3,43.81,6.19,5.994764705882353
3,43.82,6.118,5.989803921568628
3,43.83,6.051,5.988372549019608
3,43.84,5.937,5.991254901960784
3,43.85,5.998,5.994098039215685
3,43.86,5.905,5.994549019607843
3,43.87,6.046,5.992607843137255
3,43.88,6.031,5.990627450980392
3,43.89,6.057,5.989529411764706
3,43.9,5.953,5.985313725490196
3,43.91,5.973,5.981745098039216
3,43.92,5.982,5.979803921568627
3,43.93,5.85,5.983392156862745
3,43.94,5.822,5.983098039215687
3,43.95,5.774,5.987568627450981
3,43.96,5.883,5.992764705882353
3,43.97,5.962,5.991980392156863
3,43.98,5.879,5.988823529411765
3,43.99,5.841,5.986509803921569
3,44.0,5.904,5.9853137254901965
3,44.01,5.952,5.981529411764706
3,44.02,5.848,5.975411764705882
3,44.03,5.844,5.968431372549019
3,44.04,5.885,5.962549019607843
3,44.05,5.952,5.957686274509804
3,44.06,5.925,5.957019607843137
3,44.07,5.953,5.951823529411765
3,44.08,6.048,5.9498235294117645
3,44.09,6.114,5.950882352941177
3,44.1,6.178,5.9526666666666666
3,44.11,6.072,5.95243137254902
3,44.12,5.97,5.954254901960784
3,44.13,5.982,5.952705882352941
3,44.14,6.035,5.951941176470588
3,44.15,5.9,5.950333333333334
3,44.16,5.994,5.9507843137254905
3,44.17,5.967,5.949372549019607
3,44.18,6.025,5.946156862745099
3,44.19,5.983,5.9455294117647055
3,44.2,6.099,5.9467647058823525
3,44.21,6.054,5.948254901960784
3,44.22,5.909,5.947921568627451
3,44.23,5.898,5.9456862745098045
3,44.24,5.868,5.947666666666666
3,44.25,5.932,5.9501960784313725
3,44.26,5.826,5.949196078431372
3,44.27,5.803,5.948196078431373
3,44.28,5.879,5.950372549019609
3,44.29,5.88,5.951294117647058
3,44.3,5.83,5.951352941176471
3,44.31,6.047,5.947843137254901
3,44.32,5.925,5.945019607843137
3,44.33,6.016,5.939529411764706
3,44.34,6.105,5.931960784313725
3,44.35,6.028,5.92378431372549
3,44.36,5.986,5.913686274509804
3,44.37,5.998,5.906725490196078
3,44.38,5.967,5.903941176470588
3,44.39,5.992,5.90050980392157
3,44.4,5.975,5.89635294117647
3,44.41,5.976,5.89407843137255
3,44.42,5.901,5.889705882352941
3,44.43,5.818,5.885372549019608
3,44.44,5.818,5.87992156862745
3,44.45,5.885,5.874843137254901
3,44.46,5.85,5.869019607843137
3,44.47,5.866,5.864196078431373
3,44.48,5.848,5.863470588235295
3,44.49,5.98,5.866803921568628
3,44.5,5.97,5.871509803921569
3,44.51,5.853,5.873215686274509
3,44.52,5.901,5.875411764705882
3,44.53,5.959,5.877411764705882
3,44.54,5.891,5.877901960784313
3,44.55,5.888,5.878843137254902
3,44.56,5.773,5.879882352941177
3,44.57,5.781,5.878725490196079
3,44.58,5.673,5.880235294117647
3,44.59,5.662,5.879156862745098
3,44.6,5.697,5.874666666666667
3,44.61,5.663,5.870058823529412
3,44.62,5.717,5.867529411764705
3,44.63,5.828,5.861960784313725
3,44.64,5.807,5.857372549019608
3,44.65,5.823,5.852588235294117
3,44.66,5.784,5.847313725490196
3,44.67,5.771,5.8415294117647045
3,44.68,5.746,5.837509803921569
3,44.69,5.747,5.836411764705882
3,44.7,5.724,5.837549019607843
3,44.71,5.802,5.837019607843137
3,44.72,5.808,5.837960784313725
3,44.73,5.872,5.838450980392158
3,44.74,6.068,5.839333333333333
3,44.75,6.108,5.84286274509804
3,44.76,6.019,5.847549019607843
3,44.77,5.938,5.855333333333332
3,44.78,5.905,5.858490196078431
3,44.79,5.904,5.861784313725489
3,44.8,5.928,5.864705882352942
3,44.81,5.883,5.869921568627451
3,44.82,5.988,5.874745098039216
3,44.83,6.002,5.8821176470588235
3,44.84,5.961,5.8911372549019605
3,44.85,5.876,5.901235294117647
3,44.86,5.793,5.9093333333333335
3,44.87,5.857,5.9186274509803924
3,44.88,5.714,5.924627450980393
3,44.89,5.733,5.927960784313725
3,44.9,5.748,5.9311372549019605
3,44.91,5.706,5.9368823529411765
3,44.92,5.681,5.94178431372549
3,44.93,5.696,5.945843137254902
3,44.94,5.762,5.951294117647059
3,44.95,5.876,5.9562156862745095
3,44.96,5.858,5.961235294117648
3,44.97,5.898,5.965196078431372
3,44.98,5.891,5.969941176470588
3,44.99,5.893,5.974137254901961
3,45.0,6.16,5.974725490196079
3,45.01,6.209,5.974392156862746
3,45.02,6.25,5.975313725490196
3,45.03,6.062,5.976843137254902
3,45.04,6.127,5.978823529411765
3,45.05,6.04,5.980764705882353
3,45.06,6.154,5.982529411764705
3,45.07,6.019,5.985450980392156
3,45.08,6.157,5.98592156862745
3,45.09,6.133,5.9861764705882345
3,45.1,6.177,5.987686274509804
3,45.11,6.11,5.9921372549019605
3,45.12,6.137,5.99943137254902
3,45.13,6.023,6.003882352941178
3,45.14,5.998,6.011176470588235
3,45.15,5.969,6.017862745098039
3,45.16,6.116,6.022980392156863
3,45.17,6.034,6.030294117647059
3,45.18,5.978,6.038803921568628
3,45.19,6.024,6.046235294117647
3,45.2,5.998,6.052235294117647
3,45.21,5.98,6.056411764705882
3,45.22,6.004,6.059235294117648
3,45.23,6.05,6.062274509803921
3,45.24,6.086,6.066647058823528
3,45.25,6.098,6.070764705882352
3,45.26,6.091,6.068078431372548
3,45.27,6.066,6.0645098039215695
3,45.28,6.016,6.05970588235294
3,45.29,6.006,6.0579607843137255
3,45.3,6.003,6.057647058823529
3,45.31,6.018,6.059588235294117
3,45.32,6.032,6.059313725490195
3,45.33,6.012,6.062294117647058
3,45.34,6.015,6.062019607843138
3,45.35,6.038,6.064411764705883
3,45.36,6.103,6.068588235294118
3,45.37,6.165,6.074862745098039
3,45.38,6.084,6.080960784313724
3,45.39,6.086,6.09043137254902
3,45.4,6.074,6.1010784313725495
3,45.41,6.009,6.111274509803921
3,45.42,6.079,6.1172941176470585
3,45.43,6.115,6.124686274509804
3,45.44,6.075,6.135999999999999
3,45.45,6.068,6.146901960784313
3,45.46,6.089,6.1577254901960785
3,45.47,6.002,6.164019607843136
3,45.48,6.053,6.171450980392158
3,45.49,6.114,6.180019607843137
3,45.5,6.103,6.18556862745098
3,45.51,6.023,6.190607843137255
3,45.52,6.027,6.195411764705882
3,45.53,6.005,6.202000000000001
3,45.54,5.973,6.211529411764705
3,45.55,6.111,6.22078431372549
3,45.56,6.139,6.23064705882353
3,45.57,6.14,6.239411764705882
3,45.58,6.171,6.247980392156863
3,45.59,6.143,6.256647058823529
3,45.6,6.255,6.266372549019609
3,45.61,6.39,6.275274509803921
3,45.62,6.43,6.283980392156863
3,45.63,6.448,6.291
3,45.64,6.506,6.301941176470589
3,45.65,6.541,6.314058823529412
3,45.66,6.489,6.323686274509805
3,45.67,6.423,6.336980392156862
3,45.68,6.411,6.347156862745098
3,45.69,6.555,6.355490196078431
3,45.7,6.58,6.364509803921568
3,45.71,6.55,6.373725490196079
3,45.72,6.301,6.382235294117647
3,45.73,6.383,6.392490196078431
3,45.74,6.487,6.401686274509804
3,45.75,6.369,6.411196078431373
3,45.76,6.355,6.421803921568627
3,45.77,6.336,6.433666666666667
3,45.78,6.402,6.447392156862745
3,45.79,6.502,6.462627450980392
3,45.8,6.478,6.477862745098039
3,45.81,6.506,6.491078431372549
3,45.82,6.465,6.502627450980392
3,45.83,6.469,6.5144705882352945
3,45.84,6.454,6.5274117647058825
3,45.85,6.511,6.538313725490196
3,45.86,6.492,6.546
3,45.87,6.547,6.553450980392157
3,45.88,6.523,6.560843137254902
3,45.89,6.642,6.570450980392157
3,45.9,6.704,6.577156862745098
3,45.91,6.565,6.584156862745098
3,45.92,6.687,6.588901960784315
3,45.93,6.598,6.594725490196079
3,45.94,6.54,6.604823529411765
3,45.95,6.535,6.608960784313726
3,45.96,6.538,6.612764705882354
3,45.97,6.523,6.613823529411765
3,45.98,6.525,6.623274509803922
3,45.99,6.522,6.62778431372549
3,46.0,6.599,6.629784313725491
3,46.01,6.644,6.633039215686274
3,46.02,6.628,6.637039215686274
3,46.03,6.727,6.639980392156863
3,46.04,6.782,6.644156862745097
3,46.05,6.75,6.642784313725491
3,46.06,6.785,6.640509803921568
3,46.07,6.728,6.635666666666666
3,46.08,6.744,6.6329215686274505
3,46.09,6.831,6.628980392156864
3,46.1,6.699,6.625058823529412
3,46.11,6.647,6.621019607843136
3,46.12,6.77,6.617411764705882
3,46.13,6.807,6.613647058823529
3,46.14,6.938,6.610862745098039
3,46.15,6.848,6.604686274509804
3,46.16,6.898,6.600137254901961
3,46.17,6.731,6.602843137254902
3,46.18,6.72,6.6000588235294115
3,46.19,6.926,6.600392156862745
3,46.2,6.766,6.600607843137254
3,46.21,6.774,6.598607843137255
3,46.22,6.604,6.596666666666667
3,46.23,6.783,6.598450980392156
3,46.24,6.613,6.597725490196078
3,46.25,6.589,6.598117647058824
3,46.26,6.535,6.594588235294118
3,46.27,6.559,6.592509803921569
3,46.28,6.486,6.589411764705883
3,46.29,6.615,6.585019607843138
3,46.3,6.432,6.5790588235294125
3,46.31,6.362,6.575764705882354
3,46.32,6.259,6.570843137254902
3,46.33,6.325,6.566803921568627
3,46.34,6.268,6.563764705882353
3,46.35,6.254,6.559705882352941
3,46.36,6.305,6.55778431372549
3,46.37,6.308,6.557058823529411
3,46.38,6.355,6.550745098039216
3,46.39,6.381,6.544843137254902
3,46.4,6.327,6.5351372549019615
3,46.41,6.472,6.527098039215686
3,46.42,6.703,6.517921568627452
3,46.43,6.545,6.510647058823529
3,46.44,6.615,6.502705882352942
3,46.45,6.551,6.491607843137255
3,46.46,6.433,6.486254901960784
3,46.47,6.439,6.48135294117647
3,46.48,6.614,6.479176470588235
3,46.49,6.488,6.474313725490196
3,46.5,6.542,6.4703333333333335
3,46.51,6.419,6.4658235294117645
3,46.52,6.538,6.46435294117647
3,46.53,6.47,6.463274509803922
3,46.54,6.503,6.4623333333333335
3,46.55,6.478,6.461235294117648
3,46.56,6.582,6.46278431372549
3,46.57,6.534,6.468549019607844
3,46.58,6.522,6.477019607843138
3,46.59,6.589,6.486215686274511
3,46.6,6.624,6.496882352941177
3,46.61,6.601,6.509411764705883
3,46.62,6.61,6.522333333333333
3,46.63,6.448,6.533647058823529
3,46.64,6.506,6.546705882352941
3,46.65,6.443,6.56164705882353
3,46.66,6.438,6.576764705882352
3,46.67,6.43,6.586941176470589
3,46.68,6.36,6.594941176470588
3,46.69,6.315,6.603823529411765
3,46.7,6.36,6.610274509803922
3,46.71,6.493,6.616019607843138
3,46.72,6.524,6.625470588235294
3,46.73,6.493,6.635862745098039
3,46.74,6.535,6.643803921568628
3,46.75,6.41,6.651352941176472
3,46.76,6.359,6.659019607843137
3,46.77,6.46,6.668176470588235
3,46.78,6.504,6.674137254901962
3,46.79,6.438,6.68556862745098
3,46.8,6.559,6.695039215686275
3,46.81,6.511,6.705313725490196
3,46.82,6.656,6.712960784313725
3,46.83,6.691,6.722176470588235
3,46.84,6.794,6.7347254901960785
3,46.85,6.812,6.745431372549019
3,46.86,6.893,6.759372549019608
3,46.87,6.964,6.7740784313725495
3,46.88,6.885,6.787588235294118
3,46.89,7.021,6.804627450980393
3,46.9,7.143,6.820529411764706
3,46.91,7.098,6.838803921568627
3,46.92,6.991,6.858235294117646
3,46.93,7.111,6.875313725490195
3,46.94,6.998,6.893784313725491
3,46.95,6.944,6.913882352941177
3,46.96,6.844,6.936117647058824
3,46.97,6.915,6.953352941176472
3,46.98,6.969,6.971666666666667
3,46.99,7.019,6.991176470588235
3,47.0,6.873,7.01121568627451
3,47.01,6.933,7.034901960784313
3,47.02,6.886,7.0609215686274505
3,47.03,6.842,7.085803921568628
3,47.04,7.053,7.109588235294118
3,47.05,6.986,7.132176470588235
3,47.06,7.002,7.152352941176471
3,47.07,6.972,7.174372549019608
3,47.08,7.004,7.192764705882353
3,47.09,7.162,7.211019607843137
3,47.1,7.135,7.22821568627451
3,47.11,7.335,7.243411764705882
3,47.12,7.351,7.256490196078432
3,47.13,7.299,7.269509803921569
3,47.14,7.317,7.28329411764706
3,47.15,7.317,7.295392156862745
3,47.16,7.375,7.304392156862745
3,47.17,7.429,7.315980392156863
3,47.18,7.301,7.331235294117646
3,47.19,7.302,7.34856862745098
3,47.2,7.34,7.366176470588235
3,47.21,7.494,7.385823529411764
3,47.22,7.372,7.410019607843137
3,47.23,7.458,7.435196078431374
3,47.24,7.488,7.45935294117647
3,47.25,7.557,7.485274509803922
3,47.26,7.618,7.517176470588235
3,47.27,7.686,7.5456666666666665
3,47.28,7.729,7.57021568627451
3,47.29,7.717,7.593725490196078
3,47.3,7.59,7.615392156862745
3,47.31,7.588,7.639196078431373
3,47.32,7.634,7.663392156862744
3,47.33,7.594,7.689196078431372
3,47.34,7.622,7.713215686274509
3,47.35,7.671,7.732725490196079
3,47.36,7.587,7.753235294117648
3,47.37,7.56,7.770607843137254
3,47.38,7.628,7.788745098039215
3,47.39,7.588,7.8087647058823535
3,47.4,7.638,7.829627450980392
3,47.41,7.602,7.84813725490196
3,47.42,7.689,7.8662745098039215
3,47.43,7.769,7.8856078431372545
3,47.44,7.995,7.906588235294118
3,47.45,7.896,7.927764705882352
3,47.46,7.946,7.9488039215686275
3,47.47,8.078,7.968607843137255
3,47.48,8.199,7.9894509803921565
3,47.49,8.201,8.006568627450982
3,47.5,8.341,8.02364705882353
3,47.51,8.5,8.046039215686275
3,47.52,8.386,8.066901960784314
3,47.53,8.138,8.081941176470588
3,47.54,8.041,8.099411764705883
3,47.55,8.158,8.116098039215686
3,47.56,8.2,8.136607843137256
3,47.57,8.236,8.159588235294118
3,47.58,8.288,8.183392156862745
3,47.59,8.229,8.20678431372549
3,47.6,8.157,8.225254901960785
3,47.61,8.181,8.242725490196078
3,47.62,8.221,8.261039215686274
3,47.63,8.276,8.279
3,47.64,8.32,8.295137254901961
3,47.65,8.381,8.314803921568627
3,47.66,8.261,8.332254901960784
3,47.67,8.3,8.348274509803922
3,47.68,8.415,8.36435294117647
3,47.69,8.371,8.378058823529411
3,47.7,8.382,8.386411764705882
3,47.71,8.413,8.400745098039215
3,47.72,8.504,8.415019607843137
3,47.73,8.435,8.427098039215686
3,47.74,8.331,8.436843137254902
3,47.75,8.359,8.446941176470588
3,47.76,8.699,8.453549019607843
3,47.77,8.682,8.457490196078432
3,47.78,8.453,8.461803921568627
3,47.79,8.62,8.469294117647058
3,47.8,8.568,8.481549019607844
3,47.81,8.636,8.492647058823529
3,47.82,8.76,8.503254901960783
3,47.83,8.848,8.512117647058824
3,47.84,8.787,8.517705882352942
3,47.85,8.564,8.524745098039215
3,47.86,8.562,8.532372549019607
3,47.87,8.521,8.538058823529411
3,47.88,8.476,8.543058823529412
3,47.89,8.451,8.547274509803922
3,47.9,8.591,8.550647058823529
3,47.91,8.528,8.552882352941177
3,47.92,8.419,8.558117647058824
3,47.93,8.509,8.563196078431371
3,47.94,8.468,8.566705882352942
3,47.95,8.421,8.57170588235294
3,47.96,8.627,8.575607843137254
3,47.97,8.674,8.576686274509804
3,47.98,8.694,8.574196078431372
3,47.99,8.696,8.570509803921569
3,48.0,8.716,8.570549019607842
3,48.01,8.678,8.569647058823529
3,48.02,8.701,8.562411764705882
3,48.03,8.606,8.557705882352941
3,48.04,8.52,8.557313725490197
3,48.05,8.666,8.554470588235294
3,48.06,8.724,8.551352941176471
3,48.07,8.741,8.547039215686274
3,48.08,8.688,8.53729411764706
3,48.09,8.573,8.526411764705882
3,48.1,8.588,8.516117647058824
3,48.11,8.546,8.509862745098038
3,48.12,8.471,8.501980392156863
3,48.13,8.476,8.496921568627451
3,48.14,8.491,8.493568627450982
3,48.15,8.492,8.491254901960783
3,48.16,8.495,8.486843137254901
3,48.17,8.528,8.48486274509804
3,48.18,8.559,8.483843137254901
3,48.19,8.594,8.481509803921568
3,48.2,8.626,8.481098039215686
3,48.21,8.581,8.48078431372549
3,48.22,8.468,8.474686274509803
3,48.23,8.377,8.467941176470589
3,48.24,8.247,8.463921568627452
3,48.25,8.333,8.458058823529411
3,48.26,8.313,8.452607843137255
3,48.27,8.33,8.449392156862746
3,48.28,8.442,8.446392156862746
3,48.29,8.433,8.447411764705882
3,48.3,8.475,8.450235294117649
3,48.31,8.409,8.45386274509804
3,48.32,8.416,8.456588235294118
3,48.33,8.263,8.458333333333334
3,48.34,8.293,8.46135294117647
3,48.35,8.262,8.46692156862745
3,48.36,8.245,8.472137254901961
3,48.37,8.16,8.476764705882353
3,48.38,8.263,8.482980392156863
3,48.39,8.305,8.489666666666666
3,48.4,8.333,8.492843137254901
3,48.41,8.366,8.494784313725491
3,48.42,8.427,8.494137254901961
3,48.43,8.367,8.492862745098039
3,48.44,8.39,8.493117647058824
3,48.45,8.447,8.493274509803923
3,48.46,8.405,8.493039215686274
3,48.47,8.316,8.494862745098038
3,48.48,8.33,8.497470588235295
3,48.49,8.489,8.503254901960783
3,48.5,8.397,8.511196078431372
3,48.51,8.438,8.514411764705883
3,48.52,8.514,8.51556862745098
3,48.53,8.548,8.512686274509804
3,48.54,8.658,8.506
3,48.55,8.664,8.500686274509803
3,48.56,8.851,8.492647058823529
3,48.57,8.863,8.487745098039216
3,48.58,8.83,8.480156862745098
3,48.59,8.842,8.47635294117647
3,48.6,8.857,8.473529411764705
3,48.61,8.854,8.471019607843138
3,48.62,8.782,8.47135294117647
3,48.63,8.788,8.47386274509804
3,48.64,8.817,8.474490196078431
3,48.65,8.653,8.475588235294117
3,48.66,8.591,8.477254901960785
3,48.67,8.462,8.476117647058825
3,48.68,8.463,8.474235294117646
3,48.69,8.572,8.473725490196077
3,48.7,8.602,8.470372549019608
3,48.71,8.614,8.463941176470588
3,48.72,8.674,8.45943137254902
3,48.73,8.601,8.457470588235294
3,48.74,8.672,8.456058823529412
3,48.75,8.652,8.454882352941176
3,48.76,8.497,8.453196078431372
3,48.77,8.372,8.449117647058824
3,48.78,8.183,8.443725490196078
3,48.79,8.101,8.438980392156862
3,48.8,8.162,8.433235294117647
3,48.81,8.065,8.430156862745099
3,48.82,8.159,8.424196078431372
3,48.83,8.029,8.416490196078431
3,48.84,8.069,8.408588235294118
3,48.85,8.149,8.403254901960786
3,48.86,8.134,8.393431372549019
3,48.87,8.262,8.38227450980392
3,48.88,8.288,8.377882352941178
3,48.89,8.295,8.371941176470589
3,48.9,8.361,8.367745098039215
3,48.91,8.418,8.363549019607843
3,48.92,8.308,8.360666666666665
3,48.93,8.331,8.362980392156862
3,48.94,8.341,8.364627450980393
3,48.95,8.219,8.360313725490197
3,48.96,8.119,8.353823529411764
3,48.97,8.175,8.34572549019608
3,48.98,8.216,8.336764705882352
3,48.99,8.258,8.330117647058822
3,49.0,8.429,8.323
3,49.01,8.311,8.313843137254903
3,49.02,8.23,8.305313725490196
3,49.03,8.239,8.301666666666666
3,49.04,8.306,8.298901960784315
3,49.05,8.365,8.301
3,49.06,8.507,8.300490196078432
3,49.07,8.547,8.300960784313727
3,49.08,8.47,8.29735294117647
3,49.09,8.427,8.29570588235294
3,49.1,8.57,8.29221568627451
3,49.11,8.356,8.28943137254902
3,49.12,8.285,8.287392156862746
3,49.13,8.558,8.282980392156864
3,49.14,8.485,8.280666666666667
3,49.15,8.603,8.275019607843136
3,49.16,8.439,8.269549019607844
3,49.17,8.444,8.262254901960784
3,49.18,8.58,8.261196078431372
3,49.19,8.547,8.259352941176472
3,49.2,8.352,8.257588235294117
3,49.21,8.271,8.261156862745098
3,49.22,8.201,8.265
3,49.23,8.217,8.268333333333333
3,49.24,8.262,8.270294117647058
3,49.25,8.309,8.272039215686275
3,49.26,8.185,8.273235294117647
3,49.27,8.062,8.27656862745098
3,49.28,8.186,8.283274509803922
3,49.29,8.042,8.291921568627451
3,49.3,8.208,8.296627450980392
3,49.31,8.136,8.301941176470589
3,49.32,8.089,8.305117647058823
3,49.33,7.975,8.307313725490197
3,49.34,7.945,8.309980392156863
3,49.35,7.891,8.31256862745098
3,49.36,8.007,8.31243137254902
3,49.37,8.03,8.316333333333333
3,49.38,8.037,8.317294117647059
3,49.39,8.17,8.315901960784315
3,49.4,8.007,8.318411764705884
3,49.41,8.082,8.317333333333334
3,49.42,8.046,8.321
3,49.43,8.254,8.325392156862746
3,49.44,8.237,8.32678431372549
3,49.45,8.251,8.327980392156864
3,49.46,8.401,8.334333333333333
3,49.47,8.315,8.344117647058823
3,49.48,8.345,8.35578431372549
3,49.49,8.316,8.364705882352942
3,49.5,8.347,8.374254901960784
3,49.51,8.49,8.385941176470588
3,49.52,8.481,8.400921568627451
3,49.53,8.572,8.41570588235294
3,49.54,8.68,8.431235294117647
3,49.55,8.546,8.448686274509805
3,49.56,8.636,8.462274509803922
3,49.57,8.669,8.479803921568626
3,49.58,8.659,8.495333333333333
3,49.59,8.606,8.514156862745098
3,49.6,8.559,8.530196078431374
3,49.61,8.563,8.549666666666667
3,49.62,8.555,8.565039215686275
3,49.63,8.334,8.577392156862745
3,49.64,8.487,8.589039215686274
3,49.65,8.613,8.596705882352941
3,49.66,8.548,8.609352941176471
3,49.67,8.626,8.621960784313725
3,49.68,8.668,8.633980392156863
3,49.69,8.651,8.64372549019608
3,49.7,8.608,8.649725490196078
3,49.71,8.676,8.655019607843137
3,49.72,8.77,8.656941176470589
3,49.73,8.796,8.659196078431373
3,49.74,8.672,8.661509803921568
3,49.75,8.749,8.66221568627451
3,49.76,8.905,8.665176470588236
3,49.77,8.949,8.665686274509804
3,49.78,8.816,8.668529411764707
3,49.79,8.978,8.669333333333334
3,49.8,8.932,8.668549019607843
3,49.81,8.901,8.671215686274511
3,49.82,9.03,8.67321568627451
3,49.83,8.881,8.67729411764706
3,49.84,8.935,8.682882352941176
3,49.85,8.763,8.689058823529413
3,49.86,8.884,8.695823529411765
3,49.87,8.791,8.70278431372549
3,49.88,8.66,8.708686274509805
3,49.89,8.631,8.718960784313726
3,49.9,8.561,8.72578431372549
3,49.91,8.652,8.729980392156863
3,49.92,8.725,8.734764705882352
3,49.93,8.659,8.734372549019607
3,49.94,8.751,8.733372549019608
3,49.95,8.543,8.732117647058823
3,49.96,8.521,8.730294117647059
3,49.97,8.499,8.727294117647059
3,49.98,8.43,8.71886274509804
3,49.99,8.463,8.711294117647059
3,50.0,8.352,8.706039215686275
3,50.01,8.498,8.701568627450982
3,50.02,8.516,8.694117647058823
3,50.03,8.626,8.681607843137256
3,50.04,8.613,8.672980392156862
3,50.05,8.64,8.663117647058824
3,50.06,8.682,8.654549019607844
3,50.07,8.738,8.646039215686274
3,50.08,8.877,8.637725490196079
3,50.09,8.944,8.631705882352941
3,50.1,8.921,8.625666666666667
3,50.11,8.904,8.622411764705882
3,50.12,8.918,8.61692156862745
3,50.13,8.856,8.61235294117647
3,50.14,8.858,8.612509803921569
3,50.15,8.835,8.611333333333333
3,50.16,8.827,8.613098039215688
3,50.17,8.792,8.611235294117646
3,50.18,8.606,8.610333333333333
3,50.19,8.617,8.60986274509804
3,50.2,8.587,8.60792156862745
3,50.21,8.515,8.610980392156863
3,50.22,8.523,8.614588235294118
3,50.23,8.34,8.620882352941175
3,50.24,8.41,8.626607843137254
3,50.25,8.404,8.632313725490196
3,50.26,8.521,8.642960784313725
3,50.27,8.525,8.650529411764705
3,50.28,8.311,8.65835294117647
3,50.29,8.376,8.664470588235293
3,50.3,8.475,8.672039215686274
3,50.31,8.495,8.680039215686275
3,50.32,8.467,8.68870588235294
3,50.33,8.606,8.694039215686274
3,50.34,8.574,8.695274509803921
3,50.35,8.627,8.696392156862746
3,50.36,8.597,8.69778431372549
3,50.37,8.604,8.698745098039215
3,50.38,8.558,8.699450980392157
3,50.39,8.668,8.700470588235294
3,50.4,8.571,8.699764705882354
3,50.41,8.651,8.700745098039215
3,50.42,8.557,8.70321568627451
3,50.43,8.679,8.707843137254903
3,50.44,8.635,8.716843137254903
3,50.45,8.652,8.723176470588236
3,50.46,8.699,8.731843137254902
3,50.47,8.705,8.743
3,50.48,8.82,8.755529411764705
3,50.49,8.722,8.77049019607843
3,50.5,8.754,8.783882352941177
3,50.51,8.895,8.796607843137256
3,50.52,8.884,8.807235294117646
3,50.53,8.915,8.817980392156864
3,50.54,8.938,8.831450980392157
3,50.55,8.999,8.84113725490196
3,50.56,9.048,8.849470588235294
3,50.57,9.124,8.857999999999999
3,50.58,9.01,8.865098039215686
3,50.59,8.94,8.87292156862745
3,50.6,9.001,8.878607843137255
3,50.61,8.992,8.881372549019607
3,50.62,8.953,8.883549019607843
3,50.63,8.954,8.887980392156864
3,50.64,8.908,8.893411764705883
3,50.65,8.822,8.896372549019608
3,50.66,8.885,8.901843137254902
3,50.67,8.953,8.905313725490196
3,50.68,9.028,8.909058823529412
3,50.69,9.065,8.91127450980392
3,50.7,8.94,8.910568627450981
3,50.71,9.029,8.909862745098039
3,50.72,9.084,8.907392156862745
3,50.73,9.162,8.90792156862745
3,50.74,9.103,8.906196078431373
3,50.75,9.093,8.90892156862745
3,50.76,9.053,8.911352941176471
3,50.77,9.063,8.910176470588235
3,50.78,9.073,8.907313725490196
3,50.79,8.998,8.904333333333334
3,50.8,8.87,8.901392156862745
3,50.81,8.9,8.896509803921568
3,50.82,8.93,8.889843137254902
3,50.83,8.829,8.882568627450981
3,50.84,9.005,8.87521568627451
3,50.85,8.864,8.867627450980391
3,50.86,8.768,8.85778431372549
3,50.87,8.708,8.846901960784313
3,50.88,8.83,8.837764705882353
3,50.89,8.835,8.829058823529412
3,50.9,8.819,8.820549019607844
3,50.91,8.85,8.816098039215685
3,50.92,8.828,8.809901960784314
3,50.93,8.748,8.802843137254902
3,50.94,8.792,8.796098039215686
3,50.95,8.599,8.786882352941177
3,50.96,8.616,8.777176470588236
3,50.97,8.573,8.768549019607844
3,50.98,8.732,8.760019607843137
3,50.99,8.732,8.749352941176472
3,51.0,8.861,8.740627450980393
3,51.01,8.878,8.730921568627451
3,51.02,8.835,8.724666666666668
3,51.03,8.738,8.719803921568628
3,51.04,8.763,8.714745098039216
3,51.05,8.788,8.709509803921568
3,51.06,8.75,8.705196078431372
3,51.07,8.708,8.7
3,51.08,8.753,8.693725490196078
3,51.09,8.635,8.689823529411765
3,51.1,8.553,8.682235294117646
3,51.11,8.499,8.678039215686276
3,51.12,8.437,8.67594117647059
3,51.13,8.487,8.675549019607844
3,51.14,8.51,8.670764705882354
3,51.15,8.474,8.66864705882353
3,51.16,8.595,8.665980392156863
3,51.17,8.569,8.663607843137255
3,51.18,8.593,8.659921568627452
3,51.19,8.684,8.656823529411765
3,51.2,8.595,8.65621568627451
3,51.21,8.445,8.655450980392157
3,51.22,8.589,8.654333333333334
3,51.23,8.649,8.652764705882353
3,51.24,8.618,8.647666666666666
3,51.25,8.658,8.643313725490197
3,51.26,8.598,8.634352941176472
3,51.27,8.734,8.623588235294118
3,51.28,8.815,8.614529411764707
3,51.29,8.815,8.607882352941177
3,51.3,8.731,8.600529411764706
3,51.31,8.65,8.59356862745098
3,51.32,8.635,8.586901960784314
3,51.33,8.61,8.579117647058823
3,51.34,8.63,8.573549019607842
3,51.35,8.618,8.571686274509805
3,51.36,8.65,8.56892156862745
3,51.37,8.661,8.56607843137255
3,51.38,8.688,8.563509803921567
3,51.39,8.586,8.561411764705882
3,51.4,8.727,8.558470588235295
3,51.41,8.683,8.555843137254902
3,51.42,8.729,8.551450980392158
3,51.43,8.64,8.54878431372549
3,51.44,8.59,8.546450980392157
3,51.45,8.761,8.54056862745098
3,51.46,8.56,8.538058823529411
3,51.47,8.559,8.537333333333333
3,51.48,8.493,8.533039215686275
3,51.49,8.472,8.528196078431373
3,51.5,8.51,8.525058823529411
3,51.51,8.404,8.519627450980392
3,51.52,8.329,8.516019607843138
3,51.53,8.373,8.510647058823528
3,51.54,8.399,8.505019607843137
3,51.55,8.388,8.499176470588235
3,51.56,8.433,8.495725490196078
3,51.57,8.41,8.494450980392157
3,51.58,8.311,8.49449019607843
3,51.59,8.469,8.491843137254902
3,51.6,8.54,8.488686274509805
3,51.61,8.412,8.483666666666668
3,51.62,8.354,8.478098039215686
3,51.63,8.306,8.471098039215684
3,51.64,8.38,8.463862745098039
3,51.65,8.36,8.458666666666666
3,51.66,8.34,8.448509803921569
3,51.67,8.371,8.439372549019609
3,51.68,8.433,8.430588235294119
3,51.69,8.474,8.425372549019608
3,51.7,8.384,8.420549019607842
3,51.71,8.467,8.41021568627451
3,51.72,8.408,8.404862745098038
3,51.73,8.37,8.401725490196078
3,51.74,8.402,8.398568627450981
3,51.75,8.458,8.39578431372549
3,51.76,8.381,8.392941176470588
3,51.77,8.414,8.39292156862745
3,51.78,8.46,8.393803921568628
3,51.79,8.528,8.39570588235294
3,51.8,8.517,8.396411764705881
3,51.81,8.555,8.394039215686275
3,51.82,8.585,8.390470588235296
3,51.83,8.637,8.38956862745098
3,51.84,8.475,8.389411764705883
3,51.85,8.469,8.384803921568627
3,51.86,8.362,8.377803921568628
3,51.87,8.366,8.374450980392158
3,51.88,8.304,8.373176470588234
3,51.89,8.319,8.374313725490197
3,51.9,8.321,8.371196078431373
3,51.91,8.209,8.367745098039215
3,51.92,8.217,8.367411764705883
3,51.93,8.281,8.36713725490196
3,51.94,8.374,8.36578431372549
3,51.95,8.344,8.36407843137255
3,51.96,8.234,8.364098039215685
3,51.97,8.287,8.361196078431373
3,51.98,8.399,8.359823529411765
3,51.99,8.332,8.361745098039215
3,52.0,8.33,8.362882352941176
3,52.01,8.365,8.36494117647059
3,52.02,8.403,8.368725490196079
3,52.03,8.374,8.373960784313725
3,52.04,8.47,8.379843137254902
3,52.05,8.435,8.381470588235294
3,52.06,8.267,8.38464705882353
3,52.07,8.251,8.388392156862745
3,52.08,8.364,8.391843137254902
3,52.09,8.303,8.39186274509804
3,52.1,8.234,8.393470588235294
3,52.11,8.183,8.39529411764706
3,52.12,8.241,8.399823529411764
3,52.13,8.289,8.40570588235294
3,52.14,8.364,8.414098039215688
3,52.15,8.221,8.420176470588236
3,52.16,8.184,8.42749019607843
3,52.17,8.323,8.438941176470587
3,52.18,8.357,8.451921568627451
3,52.19,8.364,8.461666666666668
3,52.2,8.387,8.472117647058823
3,52.21,8.385,8.482607843137256
3,52.22,8.319,8.495372549019608
3,52.23,8.338,8.505745098039215
3,52.24,8.468,8.512666666666666
3,52.25,8.46,8.51964705882353
3,52.26,8.563,8.526470588235293
3,52.27,8.574,8.532843137254902
3,52.28,8.681,8.54029411764706
3,52.29,8.76,8.548392156862745
3,52.3,8.611,8.553235294117648
3,52.31,8.679,8.557333333333334
3,52.32,8.746,8.563921568627451
3,52.33,8.761,8.571607843137254
3,52.34,8.638,8.574470588235295
3,52.35,8.557,8.580137254901961
3,52.36,8.562,8.586392156862745
3,52.37,8.593,8.596686274509803
3,52.38,8.666,8.606333333333334
3,52.39,8.732,8.616
3,52.4,8.629,8.625705882352943
3,52.41,8.694,8.637
3,52.42,8.793,8.651392156862745
3,52.43,8.879,8.663941176470589
3,52.44,8.778,8.672666666666666
3,52.45,8.907,8.68235294117647
3,52.46,8.879,8.69086274509804
3,52.47,8.885,8.697627450980391
3,52.48,8.816,8.700274509803922
3,52.49,8.752,8.702803921568627
3,52.5,8.688,8.703176470588236
3,52.51,8.678,8.701803921568628
3,52.52,8.69,8.700196078431372
3,52.53,8.783,8.698117647058822
3,52.54,8.787,8.691549019607843
3,52.55,8.717,8.68350980392157
3,52.56,8.644,8.678764705882353
3,52.57,8.603,8.67113725490196
3,52.58,8.643,8.66186274509804
3,52.59,8.51,8.649156862745098
3,52.6,8.592,8.639274509803922
3,52.61,8.553,8.629725490196078
3,52.62,8.708,8.621078431372549
3,52.63,8.733,8.610372549019608
3,52.64,8.782,8.59778431372549
3,52.65,8.859,8.583039215686275
3,52.66,8.797,8.570588235294117
3,52.67,8.918,8.558882352941177
3,52.68,8.963,8.544823529411765
3,52.69,8.802,8.529176470588235
3,52.7,8.858,8.51349019607843
3,52.71,8.821,8.492862745098039
3,52.72,8.73,8.469764705882353
3,52.73,8.454,8.444980392156863
3,52.74,8.467,8.419921568627451
3,52.75,8.487,8.395764705882353
3,52.76,8.39,8.375352941176471
3,52.77,8.481,8.359588235294117
3,52.78,8.468,8.342313725490197
3,52.79,8.346,8.323823529411765
3,52.8,8.35,8.30635294117647
3,52.81,8.369,8.287078431372548
3,52.82,8.29,8.270098039215686
3,52.83,8.273,8.253901960784313
3,52.84,8.113,8.237156862745097
3,52.85,8.134,8.223274509803922
3,52.86,8.07,8.205882352941176
3,52.87,8.121,8.189313725490196
3,52.88,8.047,8.170372549019609
3,52.89,8.024,8.152705882352942
3,52.9,7.98,8.132254901960785
3,52.91,7.994,8.110549019607843
3,52.92,8.097,8.090588235294117
3,52.93,8.076,8.070039215686274
3,52.94,8.081,8.04692156862745
3,52.95,7.978,8.02707843137255
3,52.96,7.855,8.009823529411765
3,52.97,7.701,7.993941176470588
3,52.98,7.621,7.980921568627452
3,52.99,7.538,7.972725490196079
3,53.0,7.52,7.962745098039215
3,53.01,7.647,7.9517058823529405
3,53.02,7.874,7.942862745098039
3,53.03,7.809,7.931117647058824
3,53.04,7.84,7.9186274509803924
3,53.05,7.896,7.909588235294118
3,53.06,7.734,7.901921568627451
3,53.07,7.778,7.893490196078431
3,53.08,7.777,7.886117647058824
3,53.09,7.789,7.8785686274509805
3,53.1,7.802,7.874921568627451
3,53.11,7.705,7.870960784313725
3,53.12,7.708,7.867764705882354
3,53.13,7.742,7.864980392156863
3,53.14,7.832,7.862372549019608
3,53.15,7.739,7.860235294117647
3,53.16,7.752,7.857058823529411
3,53.17,7.779,7.852235294117647
3,53.18,7.87,7.843764705882353
3,53.19,7.784,7.835372549019609
3,53.2,7.79,7.830686274509804
3,53.21,7.978,7.827411764705882
3,53.22,8.011,7.825980392156862
3,53.23,8.066,7.827411764705882
3,53.24,8.036,7.830745098039217
3,53.25,7.958,7.833254901960785
3,53.26,7.924,7.834803921568628
3,53.27,7.939,7.833
3,53.28,7.882,7.827058823529412
3,53.29,7.831,7.818941176470587
3,53.3,7.885,7.811960784313726
3,53.31,7.959,7.804588235294117
3,53.32,7.939,7.79964705882353
3,53.33,7.914,7.793725490196079
3,53.34,7.888,7.787274509803922
3,53.35,7.927,7.780450980392157
3,53.36,7.932,7.772960784313725
3,53.37,7.907,7.772019607843138
3,53.38,7.979,7.768784313725489
3,53.39,7.914,7.76535294117647
3,53.4,7.915,7.762019607843137
3,53.41,7.818,7.757627450980392
3,53.42,7.748,7.753117647058823
3,53.43,7.665,7.749607843137255
3,53.44,7.648,7.742960784313726
3,53.45,7.842,7.73843137254902
3,53.46,7.811,7.731607843137254
3,53.47,7.782,7.721666666666666
3,53.48,7.774,7.711862745098039
3,53.49,7.791,7.699470588235294
3,53.5,7.666,7.688568627450979
3,53.51,7.599,7.68
3,53.52,7.555,7.671333333333333
3,53.53,7.571,7.658941176470588
3,53.54,7.395,7.644901960784313
3,53.55,7.484,7.633882352941176
3,53.56,7.52,7.622509803921568
3,53.57,7.482,7.614901960784314
3,53.58,7.476,7.608392156862745
3,53.59,7.448,7.603156862745098
3,53.6,7.441,7.600960784313726
3,53.61,7.42,7.5957647058823525
3,53.62,7.657,7.590568627450981
3,53.63,7.543,7.583411764705882
3,53.64,7.567,7.574098039215686
3,53.65,7.662,7.567607843137256
3,53.66,7.515,7.558078431372548
3,53.67,7.522,7.552450980392157
3,53.68,7.6,7.5505490196078435
3,53.69,7.531,7.546588235294117
3,53.7,7.553,7.542294117647058
3,53.71,7.442,7.5360588235294115
3,53.72,7.471,7.532019607843137
3,53.73,7.511,7.524901960784314
3,53.74,7.434,7.520490196078431
3,53.75,7.48,7.515078431372549
3,53.76,7.521,7.510176470588235
3,53.77,7.482,7.5069607843137245
3,53.78,7.307,7.506078431372549
3,53.79,7.166,7.503588235294117
3,53.8,7.269,7.501274509803923
3,53.81,7.305,7.496333333333333
3,53.82,7.571,7.48943137254902
3,53.83,7.607,7.48135294117647
3,53.84,7.647,7.4744705882352935
3,53.85,7.776,7.468039215686274
3,53.86,7.662,7.463823529411766
3,53.87,7.667,7.459313725490197
3,53.88,7.542,7.44935294117647
3,53.89,7.504,7.441058823529413
3,53.9,7.583,7.431745098039216
3,53.91,7.429,7.420450980392157
3,53.92,7.531,7.4143333333333326
3,53.93,7.651,7.409470588235294
3,53.94,7.463,7.404490196078431
3,53.95,7.429,7.4016666666666655
3,53.96,7.524,7.397882352941176
3,53.97,7.605,7.393039215686275
3,53.98,7.419,7.39050980392157
3,53.99,7.549,7.390588235294118
3,54.0,7.515,7.39270588235294
3,54.01,7.416,7.391980392156863
3,54.02,7.435,7.390901960784313
3,54.03,7.51,7.390764705882353
3,54.04,7.444,7.393882352941177
3,54.05,7.277,7.395725490196079
3,54.06,7.232,7.395882352941176
3,54.07,7.168,7.3960784313725485
3,54.08,7.07,7.3925882352941175
3,54.09,7.125,7.388470588235294
3,54.1,7.12,7.381529411764706
3,54.11,7.226,7.37243137254902
3,54.12,7.19,7.365196078431373
3,54.13,7.149,7.357137254901961
3,54.14,7.12,7.352196078431374
3,54.15,7.092,7.348196078431372
3,54.16,7.086,7.3447450980392155
3,54.17,7.203,7.345686274509804
3,54.18,7.274,7.344117647058824
3,54.19,7.346,7.340274509803922
3,54.2,7.387,7.337941176470588
3,54.21,7.36,7.338156862745097
3,54.22,7.195,7.335647058823529
3,54.23,7.342,7.330254901960784
3,54.24,7.515,7.32835294117647
3,54.25,7.542,7.324274509803922
3,54.26,7.443,7.318941176470589
3,54.27,7.466,7.313764705882353
3,54.28,7.475,7.312019607843138
3,54.29,7.466,7.308509803921568
3,54.3,7.26,7.304980392156863
3,54.31,7.277,7.305666666666666
3,54.32,7.315,7.3060784313725495
3,54.33,7.393,7.309333333333334
3,54.34,7.397,7.313823529411764
3,54.35,7.293,7.318196078431373
3,54.36,7.312,7.322078431372549
3,54.37,7.293,7.324607843137255
3,54.38,7.256,7.329549019607843
3,54.39,7.29,7.335450980392157
3,54.4,7.3,7.341450980392157
3,54.41,7.407,7.35043137254902
3,54.42,7.477,7.359392156862746
3,54.43,7.451,7.36629411764706
3,54.44,7.455,7.373333333333334
3,54.45,7.344,7.380196078431373
3,54.46,7.44,7.386313725490196
3,54.47,7.396,7.392313725490196
3,54.48,7.33,7.401529411764706
3,54.49,7.322,7.408509803921568
3,54.5,7.341,7.410607843137254
3,54.51,7.243,7.411450980392158
3,54.52,7.152,7.415862745098041
3,54.53,7.346,7.419352941176471
3,54.54,7.331,7.422039215686275
3,54.55,7.264,7.426333333333333
3,54.56,7.312,7.437705882352941
3,54.57,7.253,7.447490196078431
3,54.58,7.334,7.4557254901960786
3,54.59,7.299,7.460235294117647
3,54.6,7.348,7.464882352941177
3,54.61,7.318,7.469862745098038
3,54.62,7.355,7.474156862745097
3,54.63,7.442,7.479725490196079
3,54.64,7.45,7.486627450980392
3,54.65,7.426,7.492392156862745
3,54.66,7.55,7.499450980392157
3,54.67,7.543,7.504901960784314
3,54.68,7.555,7.50778431372549
3,54.69,7.633,7.510490196078431
3,54.7,7.696,7.511588235294118
3,54.71,7.699,7.512392156862745
3,54.72,7.666,7.507725490196078
3,54.73,7.665,7.50513725490196
3,54.74,7.698,7.503862745098039
3,54.75,7.622,7.5009411764705884
3,54.76,7.585,7.498196078431373
3,54.77,7.668,7.498019607843137
3,54.78,7.644,7.500313725490196
3,54.79,7.612,7.503980392156864
3,54.8,7.685,7.506156862745098
3,54.81,7.84,7.509019607843137
3,54.82,7.776,7.51156862745098
3,54.83,7.735,7.515156862745098
3,54.84,7.623,7.516019607843138
3,54.85,7.634,7.519745098039216
3,54.86,7.547,7.521176470588235
3,54.87,7.531,7.522274509803922
3,54.88,7.577,7.5224705882352945
3,54.89,7.608,7.522039215686274
3,54.9,7.584,7.519313725490196
3,54.91,7.66,7.5173137254901965
3,54.92,7.685,7.509333333333333
3,54.93,7.624,7.503313725490195
3,54.94,7.589,7.494098039215687
3,54.95,7.511,7.484764705882353
3,54.96,7.385,7.473196078431372
3,54.97,7.202,7.461313725490197
3,54.98,7.264,7.453019607843138
3,54.99,7.265,7.441901960784314
3,55.0,7.173,7.431117647058824
3,55.01,7.201,7.421196078431373
3,55.02,7.234,7.409509803921568
3,55.03,7.269,7.3954901960784305
3,55.04,7.533,7.380509803921568
3,55.05,7.442,7.368117647058823
3,55.06,7.41,7.353411764705882
3,55.07,7.442,7.337313725490197
3,55.08,7.436,7.322
3,55.09,7.378,7.305941176470588
3,55.1,7.489,7.296490196078431
3,55.11,7.421,7.283705882352941
3,55.12,7.374,7.272627450980392
3,55.13,7.365,7.262784313725491
3,55.14,7.42,7.2513725490196075
3,55.15,7.311,7.240176470588236
3,55.16,7.324,7.230666666666667
3,55.17,7.143,7.221156862745098
3,55.18,7.236,7.213431372549019
3,55.19,7.085,7.20586274509804
3,55.2,7.157,7.19956862745098
3,55.21,7.106,7.19464705882353
3,55.22,7.093,7.192803921568628
3,55.23,7.243,7.194509803921569
3,55.24,7.098,7.198529411764706
3,55.25,7.148,7.20307843137255
3,55.26,7.116,7.208862745098039
3,55.27,6.989,7.211921568627451
3,55.28,6.953,7.213176470588236
3,55.29,6.88,7.211117647058823
3,55.3,6.98,7.199784313725489
3,55.31,6.935,7.187823529411764
3,55.32,7.019,7.177098039215687
3,55.33,6.995,7.163705882352941
3,55.34,6.916,7.149392156862746
3,55.35,7.141,7.137549019607843
3,55.36,6.982,7.125352941176471
3,55.37,6.982,7.113725490196079
3,55.38,7.029,7.1055882352941175
3,55.39,6.995,7.095647058823529
3,55.4,7.037,7.084372549019608
3,55.41,7.099,7.0763333333333325
3,55.42,7.175,7.064372549019607
3,55.43,7.291,7.057019607843138
3,55.44,7.238,7.047196078431373
3,55.45,7.268,7.039803921568627
3,55.46,7.26,7.031333333333333
3,55.47,7.291,7.028254901960784
3,55.48,7.289,7.021431372549019
3,55.49,7.469,7.014235294117647
3,55.5,7.497,7.009333333333334
3,55.51,7.468,7.004784313725491
3,55.52,7.357,7.0027647058823534
3,55.53,7.298,7.005254901960784
3,55.54,7.164,7.0065686274509815
3,55.55,6.955,7.009176470588236
3,55.56,6.832,7.008372549019608
3,55.57,6.863,7.011058823529412
3,55.58,6.759,7.016431372549019
3,55.59,6.706,7.0213921568627455
3,55.6,6.774,7.028098039215686
3,55.61,6.867,7.031588235294119
3,55.62,6.828,7.037274509803922
3,55.63,6.959,7.043450980392157
3,55.64,6.858,7.046882352941176
3,55.65,6.845,7.050705882352942
3,55.66,6.901,7.055254901960784
3,55.67,6.714,7.0587647058823535
3,55.68,6.768,7.062058823529411
3,55.69,6.735,7.065450980392157
3,55.7,6.708,7.072411764705882
3,55.71,6.725,7.077411764705883
3,55.72,6.949,7.082686274509804
3,55.73,6.745,7.086156862745098
3,55.74,6.876,7.086352941176471
3,55.75,6.848,7.082803921568628
3,55.76,6.916,7.077333333333333
3,55.77,7.013,7.074941176470588
3,55.78,7.116,7.072882352941176
3,55.79,7.02,7.072862745098039
3,55.8,7.013,7.075392156862746
3,55.81,6.939,7.082039215686275
3,55.82,7.072,7.090666666666667
3,55.83,7.293,7.098372549019608
3,55.84,7.248,7.1092352941176475
3,55.85,7.258,7.12235294117647
3,55.86,7.319,7.134058823529411
3,55.87,7.272,7.143490196078431
3,55.88,7.297,7.1524117647058825
3,55.89,7.204,7.161313725490196
3,55.9,7.19,7.171313725490196
3,55.91,7.269,7.1812352941176485
3,55.92,7.278,7.190843137254902
3,55.93,7.343,7.205823529411765
3,55.94,7.464,7.219392156862744
3,55.95,7.593,7.232490196078431
3,55.96,7.523,7.248294117647059
3,55.97,7.529,7.2644705882352945
3,55.98,7.468,7.274372549019609
3,55.99,7.299,7.287137254901961
3,56.0,7.288,7.298117647058824
3,56.01,7.218,7.307647058823529
3,56.02,7.346,7.317705882352941
3,56.03,7.252,7.3276666666666666
3,56.04,7.297,7.335745098039215
3,56.05,7.293,7.344843137254902
3,56.06,7.294,7.353823529411765
3,56.07,7.272,7.362450980392156
3,56.08,7.256,7.369588235294118
3,56.09,7.313,7.37443137254902
3,56.1,7.375,7.381078431372549
3,56.11,7.371,7.388725490196078
3,56.12,7.348,7.394215686274509
3,56.13,7.283,7.402352941176471
3,56.14,7.413,7.411666666666667
3,56.15,7.368,7.421450980392158
3,56.16,7.351,7.430509803921569
3,56.17,7.391,7.437823529411765
3,56.18,7.478,7.447411764705882
3,56.19,7.46,7.453450980392158
3,56.2,7.403,7.457941176470587
3,56.21,7.514,7.461607843137256
3,56.22,7.55,7.466745098039215
3,56.23,7.454,7.470666666666667
3,56.24,7.396,7.475803921568627
3,56.25,7.436,7.48578431372549
3,56.26,7.334,7.495058823529412
3,56.27,7.429,7.504196078431373
3,56.28,7.521,7.51121568627451
3,56.29,7.528,7.519392156862746
3,56.3,7.484,7.529196078431372
3,56.31,7.471,7.5385294117647055
3,56.32,7.379,7.546
3,56.33,7.436,7.552921568627451
3,56.34,7.54,7.559039215686274
3,56.35,7.587,7.568
3,56.36,7.648,7.574117647058823
3,56.37,7.599,7.58
3,56.38,7.687,7.585117647058824
3,56.39,7.772,7.589098039215686
3,56.4,7.703,7.590509803921569
3,56.41,7.652,7.591196078431372
3,56.42,7.642,7.5927058823529405
3,56.43,7.767,7.5947450980392155
3,56.44,7.651,7.5964117647058815
3,56.45,7.693,7.598823529411765
3,56.46,7.78,7.5994117647058825
3,56.47,7.785,7.601588235294117
3,56.48,7.729,7.602843137254902
3,56.49,7.73,7.60078431372549
3,56.5,7.808,7.600019607843137
3,56.51,7.761,7.596627450980392
3,56.52,7.684,7.5953921568627445
3,56.53,7.704,7.595901960784314
3,56.54,7.669,7.59421568627451
3,56.55,7.797,7.590686274509804
3,56.56,7.769,7.589823529411764
3,56.57,7.675,7.587588235294118
3,56.58,7.625,7.586196078431373
3,56.59,7.568,7.5851372549019604
3,56.6,7.77,7.583156862745099
3,56.61,7.687,7.581803921568627
3,56.62,7.671,7.578960784313725
3,56.63,7.609,7.576725490196079
3,56.64,7.486,7.572803921568628
3,56.65,7.485,7.56835294117647
3,56.66,7.403,7.565705882352941
3,56.67,7.428,7.5633333333333335
3,56.68,7.495,7.564705882352942
3,56.69,7.563,7.560901960784314
3,56.7,7.583,7.558549019607843
3,56.71,7.433,7.55743137254902
3,56.72,7.625,7.554666666666666
3,56.73,7.614,7.5528039215686285
3,56.74,7.349,7.550803921568627
3,56.75,7.357,7.549509803921569
3,56.76,7.263,7.544254901960785
3,56.77,7.271,7.538117647058824
3,56.78,7.455,7.530862745098039
3,56.79,7.435,7.522313725490196
3,56.8,7.348,7.5126470588235295
3,56.81,7.44,7.503156862745098
3,56.82,7.357,7.4912156862745105
3,56.83,7.308,7.4810784313725485
3,56.84,7.382,7.472254901960784
3,56.85,7.439,7.462980392156863
3,56.86,7.518,7.44978431372549
3,56.87,7.503,7.439882352941177
3,56.88,7.485,7.429509803921569
3,56.89,7.487,7.42035294117647
3,56.9,7.545,7.415882352941176
3,56.91,7.568,7.411686274509804
3,56.92,7.531,7.407039215686275
3,56.93,7.712,7.398941176470588
3,56.94,7.573,7.3900588235294125
3,56.95,7.531,7.381588235294118
3,56.96,7.636,7.371392156862744
3,56.97,7.639,7.363450980392157
3,56.98,7.69,7.350960784313726
3,56.99,7.627,7.3394313725490194
3,57.0,7.664,7.333
3,57.01,7.54,7.324843137254902
3,57.02,7.448,7.317803921568627
3,57.03,7.314,7.310764705882354
3,57.04,7.268,7.300019607843137
3,57.05,7.176,7.288392156862744
3,57.06,7.313,7.279313725490196
3,57.07,7.16,7.266784313725491
3,57.08,7.158,7.253019607843137
3,57.09,7.175,7.2409019607843135
3,57.1,7.095,7.227862745098039
3,57.11,7.097,7.214411764705883
3,57.12,7.182,7.198254901960784
3,57.13,7.142,7.182843137254903
3,57.14,7.142,7.16786274509804
3,57.15,7.258,7.154705882352941
3,57.16,7.271,7.140235294117648
3,57.17,7.166,7.129039215686274
3,57.18,7.015,7.117764705882353
3,57.19,7.042,7.103529411764705
3,57.2,7.131,7.091823529411765
3,57.21,7.063,7.081725490196079
3,57.22,7.028,7.068901960784313
3,57.23,6.988,7.052823529411765
3,57.24,7.026,7.035686274509803
3,57.25,7.021,7.020039215686276
3,57.26,6.941,7.00370588235294
3,57.27,6.904,6.990705882352941
3,57.28,6.912,6.977725490196078
3,57.29,6.907,6.967607843137255
3,57.3,6.842,6.959901960784314
3,57.31,6.885,6.952725490196078
3,57.32,6.801,6.943450980392156
3,57.33,6.655,6.937941176470588
3,57.34,6.69,6.934509803921569
3,57.35,6.717,6.930352941176471
3,57.36,6.753,6.926705882352941
3,57.37,6.694,6.924254901960785
3,57.38,6.717,6.918607843137255
3,57.39,6.721,6.914745098039216
3,57.4,6.816,6.911901960784314
3,57.41,6.807,6.906372549019609
3,57.42,6.997,6.9017647058823535
3,57.43,6.956,6.896588235294118
3,57.44,6.986,6.894764705882354
3,57.45,6.976,6.892333333333332
3,57.46,7.016,6.888549019607844
3,57.47,6.982,6.888470588235294
3,57.48,6.819,6.889019607843138
3,57.49,6.816,6.889980392156863
3,57.5,6.829,6.888725490196078
3,57.51,6.831,6.890666666666666
3,57.52,6.877,6.894470588235294
3,57.53,6.786,6.9009019607843145
3,57.54,6.798,6.905431372549019
3,57.55,6.875,6.910294117647059
3,57.56,6.81,6.915686274509803
3,57.57,6.84,6.919882352941177
3,57.58,6.879,6.925039215686274
3,57.59,6.983,6.931901960784313
3,57.6,6.963,6.936686274509804
3,57.61,6.909,6.941666666666667
3,57.62,6.972,6.9451568627450975
3,57.63,6.894,6.9520196078431375
3,57.64,6.945,6.956019607843136
3,57.65,6.997,6.959254901960784
3,57.66,6.976,6.9605686274509795
3,57.67,7.036,6.963431372549019
3,57.68,6.902,6.96256862745098
3,57.69,6.922,6.96364705882353
3,57.7,6.918,6.961294117647059
3,57.71,6.938,6.959372549019608
3,57.72,7.059,6.9551372549019606
3,57.73,7.056,6.95307843137255
3,57.74,7.037,6.955490196078432
3,57.75,6.962,6.956999999999999
3,57.76,7.12,6.959294117647058
3,57.77,7.135,6.962843137254902
3,57.78,7.232,6.966215686274509
3,57.79,7.143,6.969352941176471
3,57.8,7.155,6.972960784313725
3,57.81,7.117,6.976745098039216
3,57.82,7.099,6.984058823529412
3,57.83,7.064,6.985901960784314
3,57.84,7.005,6.986176470588235
3,57.85,6.934,6.983
3,57.86,6.971,6.979392156862744
3,57.87,6.931,6.97735294117647
3,57.88,7.044,6.973431372549019
3,57.89,6.921,6.973313725490196
3,57.9,6.886,6.971588235294117
3,57.91,6.883,6.966980392156862
3,57.92,6.953,6.9626078431372544
3,57.93,6.953,6.9576078431372546
3,57.94,7.011,6.954294117647058
3,57.95,6.866,6.953117647058823
3,57.96,6.878,6.95164705882353
3,57.97,6.8,6.949960784313725
3,57.98,6.877,6.947019607843138
3,57.99,6.942,6.942176470588235
3,58.0,6.893,6.936941176470588
3,58.01,6.946,6.935039215686275
3,58.02,7.012,6.930411764705883
3,58.03,7.049,6.923235294117648
3,58.04,6.946,6.914588235294118
3,58.05,6.982,6.906803921568628
3,58.06,7.068,6.895666666666666
3,58.07,7.183,6.88686274509804
3,58.08,6.934,6.877921568627451
3,58.09,6.893,6.870117647058824
3,58.1,6.821,6.863352941176471
3,58.11,6.779,6.858470588235294
3,58.12,6.805,6.854137254901961
3,58.13,6.772,6.850411764705882
3,58.14,6.888,6.842823529411765
3,58.15,6.857,6.839078431372549
3,58.16,6.762,6.83443137254902
3,58.17,6.753,6.830941176470589
3,58.18,6.781,6.82743137254902
3,58.19,6.733,6.821764705882353
3,58.2,6.862,6.815411764705883
3,58.21,6.843,6.812549019607843
3,58.22,6.852,6.810941176470588
3,58.23,6.909,6.813313725490196
3,58.24,6.809,6.81464705882353
3,58.25,6.77,6.812274509803921
3,58.26,6.865,6.810470588235294
3,58.27,6.884,6.808901960784314
3,58.28,6.769,6.8047450980392155
3,58.29,6.791,6.801549019607844
3,58.3,6.746,6.798980392156863
3,58.31,6.587,6.795176470588236
3,58.32,6.668,6.789529411764705
3,58.33,6.643,6.780901960784313
3,58.34,6.666,6.776294117647059
3,58.35,6.66,6.772549019607843
3,58.36,6.685,6.769019607843138
3,58.37,6.75,6.7636078431372555
3,58.38,6.741,6.759588235294118
3,58.39,6.657,6.75421568627451
3,58.4,6.73,6.747745098039215
3,58.41,6.649,6.742313725490196
3,58.42,6.705,6.739176470588236
3,58.43,6.774,6.733372549019609
3,58.44,6.664,6.729235294117648
3,58.45,6.687,6.725333333333333
3,58.46,6.72,6.7201176470588235
3,58.47,6.796,6.715117647058824
3,58.48,6.921,6.711823529411765
3,58.49,6.945,6.704294117647059
3,58.5,6.821,6.6982745098039205
3,58.51,6.801,6.692019607843138
3,58.52,6.866,6.680666666666666
3,58.53,6.8,6.665882352941176
3,58.54,6.886,6.655607843137254
3,58.55,6.815,6.647392156862745
3,58.56,6.788,6.638745098039216
3,58.57,6.78,6.632764705882353
3,58.58,6.743,6.625666666666667
3,58.59,6.699,6.615764705882353
3,58.6,6.702,6.604156862745097
3,58.61,6.641,6.590509803921568
3,58.62,6.503,6.577705882352942
3,58.63,6.6,6.561490196078432
3,58.64,6.498,6.547607843137254
3,58.65,6.558,6.535686274509803
3,58.66,6.58,6.522372549019608
3,58.67,6.602,6.511274509803923
3,58.68,6.457,6.497372549019608
3,58.69,6.57,6.486078431372548
3,58.7,6.534,6.477176470588236
3,58.71,6.596,6.466901960784313
3,58.72,6.588,6.458058823529411
3,58.73,6.684,6.450196078431373
3,58.74,6.525,6.439725490196079
3,58.75,6.502,6.430078431372548
3,58.76,6.451,6.422019607843137
3,58.77,6.286,6.417941176470588
3,58.78,6.13,6.412686274509803
3,58.79,6.245,6.409254901960785
3,58.8,6.372,6.403980392156863
3,58.81,6.305,6.400647058823529
3,58.82,6.282,6.396294117647059
3,58.83,6.306,6.391333333333334
3,58.84,6.138,6.386156862745098
3,58.85,6.074,6.382588235294118
3,58.86,5.964,6.380274509803922
3,58.87,6.032,6.377372549019608
3,58.88,5.923,6.375117647058824
3,58.89,6.033,6.369274509803921
3,58.9,6.049,6.367549019607843
3,58.91,6.051,6.364627450980392
3,58.92,6.083,6.361901960784314
3,58.93,5.996,6.357960784313725
3,58.94,6.198,6.356411764705881
3,58.95,6.21,6.355294117647059
3,58.96,6.163,6.354980392156863
3,58.97,6.269,6.351215686274509
3,58.98,6.395,6.349588235294116
3,58.99,6.387,6.350176470588235
3,59.0,6.453,6.3505490196078425
3,59.01,6.41,6.352372549019608
3,59.02,6.593,6.355313725490196
3,59.03,6.598,6.359686274509804
3,59.04,6.625,6.368235294117646
3,59.05,6.617,6.374960784313726
3,59.06,6.645,6.377764705882353
3,59.07,6.566,6.383588235294117
3,59.08,6.527,6.3894705882352945
3,59.09,6.479,6.393941176470588
3,59.1,6.517,6.402529411764706
3,59.11,6.584,6.411411764705883
3,59.12,6.493,6.423019607843138
3,59.13,6.388,6.433725490196078
3,59.14,6.302,6.445235294117647
3,59.15,6.41,6.454313725490197
3,59.16,6.409,6.466745098039215
3,59.17,6.441,6.480529411764706
3,59.18,6.401,6.49635294117647
3,59.19,6.378,6.5162941176470595
3,59.2,6.513,6.529588235294118
3,59.21,6.518,6.541333333333333
3,59.22,6.404,6.552058823529412
3,59.23,6.505,6.561294117647059
3,59.24,6.714,6.5717647058823525
3,59.25,6.544,6.58056862745098
3,59.26,6.595,6.588156862745097
3,59.27,6.601,6.59670588235294
3,59.28,6.509,6.600960784313726
3,59.29,6.566,6.604470588235294
3,59.3,6.588,6.607294117647059
3,59.31,6.515,6.610431372549019
3,59.32,6.602,6.612333333333333
3,59.33,6.582,6.618529411764705
3,59.34,6.534,6.627019607843137
3,59.35,6.576,6.635450980392157
3,59.36,6.527,6.647098039215686
3,59.37,6.556,6.656372549019609
3,59.38,6.578,6.6680980392156854
3,59.39,6.51,6.67978431372549
3,59.4,6.496,6.694705882352942
3,59.41,6.683,6.707470588235293
3,59.42,6.754,6.7215686274509805
3,59.43,6.89,6.734980392156864
3,59.44,7.013,6.749176470588236
3,59.45,6.876,6.7611372549019615
3,59.46,6.809,6.771333333333333
3,59.47,6.71,6.783333333333334
3,59.48,6.74,6.798470588235295
3,59.49,6.929,6.811196078431373
3,59.5,6.836,6.81978431372549
3,59.51,6.84,6.832156862745098
3,59.52,6.846,6.84386274509804
3,59.53,6.81,6.852666666666667
3,59.54,6.777,6.865392156862745
3,59.55,6.769,6.876098039215686
3,59.56,6.777,6.884058823529411
3,59.57,6.742,6.895921568627451
3,59.58,6.882,6.905901960784313
3,59.59,6.96,6.920333333333334
3,59.6,6.909,6.9316274509803915
3,59.61,7.111,6.940235294117647
3,59.62,7.057,6.950235294117647
3,59.63,7.091,6.958980392156863
3,59.64,6.984,6.967372549019607
3,59.65,7.063,6.975196078431373
3,59.66,7.061,6.979705882352942
3,59.67,7.128,6.981196078431372
3,59.68,7.125,6.983666666666666
3,59.69,7.125,6.982705882352941
3,59.7,6.988,6.9800588235294105
3,59.71,7.033,6.981235294117647
3,59.72,7.13,6.982117647058823
3,59.73,7.176,6.988078431372549
3,59.74,7.154,6.994568627450979
3,59.75,7.152,6.9947058823529416
3,59.76,7.175,6.994921568627451
3,59.77,7.192,6.9970196078431375
3,59.78,7.05,6.998568627450981
3,59.79,7.158,7.000725490196079
3,59.8,7.112,7.003176470588235
3,59.81,6.994,7.00864705882353
3,59.82,7.12,7.009450980392156
3,59.83,7.111,7.012470588235295
3,59.84,7.318,7.01086274509804
3,59.85,7.11,7.010098039215686
3,59.86,7.015,7.008980392156862
3,59.87,7.037,7.00343137254902
3,59.88,7.002,6.99856862745098
3,59.89,7.006,6.99364705882353
3,59.9,6.909,6.992999999999999
3,59.91,6.726,6.9909019607843135
3,59.92,6.759,6.986529411764707
3,59.93,6.88,6.984529411764705
3,59.94,6.841,6.981627450980392
3,59.95,6.878,6.981019607843137
3,59.96,6.936,6.980196078431373
3,59.97,6.854,6.978627450980393
3,59.98,7.014,6.972823529411764
3,59.99,7.071,6.965607843137255
3,60.0,6.936,6.959725490196078
3,60.01,6.847,6.951745098039216
3,60.02,6.947,6.942254901960784
3,60.03,6.925,6.933529411764705
3,60.04,6.92,6.925588235294119
3,60.05,6.902,6.915705882352942
3,60.06,7.048,6.908803921568627
3,60.07,6.818,6.904627450980392
3,60.08,6.896,6.89843137254902
3,60.09,6.8,6.889568627450981
3,60.1,6.921,6.876686274509803
3,60.11,6.852,6.867176470588236
3,60.12,6.828,6.860745098039215
3,60.13,6.809,6.854392156862746
3,60.14,6.84,6.846058823529412
3,60.15,6.951,6.838058823529413
3,60.16,6.956,6.832196078431371
3,60.17,6.838,6.831666666666666
3,60.18,7.026,6.830411764705882
3,60.19,6.977,6.827078431372549
3,60.2,7.094,6.82364705882353
3,60.21,6.946,6.8171960784313725
3,60.22,6.953,6.8115098039215685
3,60.23,6.834,6.807803921568628
3,60.24,6.808,6.803450980392157
3,60.25,6.854,6.795450980392157
3,60.26,6.745,6.7885294117647055
3,60.27,6.691,6.786039215686275
3,60.28,6.747,6.782549019607844
3,60.29,6.645,6.781568627450981
3,60.3,6.654,6.7805294117647055
3,60.31,6.76,6.780901960784314
3,60.32,6.781,6.776470588235295
3,60.33,6.804,6.778352941176471
3,60.34,6.659,6.77986274509804
3,60.35,6.661,6.783215686274509
3,60.36,6.625,6.781607843137254
3,60.37,6.687,6.782960784313726
3,60.38,6.713,6.787588235294117
3,60.39,6.577,6.790274509803922
3,60.4,6.598,6.794392156862745
3,60.41,6.61,6.795843137254902
3,60.42,6.699,6.800470588235294
3,60.43,6.695,6.807901960784314
3,60.44,6.71,6.8079607843137255
3,60.45,6.666,6.810745098039216
3,60.46,6.549,6.809745098039216
3,60.47,6.646,6.812549019607843
3,60.48,6.665,6.816156862745099
3,60.49,6.792,6.822098039215686
3,60.5,6.663,6.826941176470588
3,60.51,6.583,6.831803921568628
3,60.52,6.72,6.836666666666667
3,60.53,6.769,6.843019607843137
3,60.54,6.875,6.849117647058824
3,60.55,6.867,6.858372549019608
3,60.56,6.921,6.867999999999999
3,60.57,6.822,6.875549019607844
3,60.58,6.914,6.881803921568627
3,60.59,6.973,6.886941176470589
3,60.6,6.971,6.8935490196078435
3,60.61,6.839,6.899843137254903
3,60.62,6.921,6.90443137254902
3,60.63,7.064,6.908509803921569
3,60.64,6.946,6.914078431372549
3,60.65,7.05,6.920549019607843
3,60.66,7.025,6.9252352941176465
3,60.67,7.192,6.931568627450981
3,60.68,7.217,6.934509803921569
3,60.69,7.029,6.941156862745099
3,60.7,7.119,6.947039215686274
3,60.71,7.043,6.9543921568627445
3,60.72,7.089,6.964058823529412
3,60.73,7.137,6.974607843137255
3,60.74,7.137,6.98570588235294
3,60.75,7.055,6.995705882352941
3,60.76,7.102,7.0081372549019605
3,60.77,6.993,7.0249411764705885
3,60.78,7.015,7.039235294117646
3,60.79,7.058,7.0492156862745095
3,60.8,7.117,7.0553921568627445
3,60.81,7.145,7.058705882352942
3,60.82,7.145,7.06456862745098
3,60.83,7.1,7.072156862745097
3,60.84,7.066,7.075823529411764
3,60.85,6.996,7.077078431372549
3,60.86,6.982,7.080686274509804
3,60.87,6.859,7.086666666666667
3,60.88,6.895,7.091235294117646
3,60.89,6.997,7.095450980392156
3,60.9,6.907,7.10235294117647
3,60.91,6.837,7.10513725490196
3,60.92,6.933,7.108117647058823
3,60.93,6.849,7.104333333333333
3,60.94,7.034,7.102274509803922
3,60.95,7.01,7.102823529411765
3,60.96,7.041,7.099666666666666
3,60.97,7.042,7.098490196078431
3,60.98,7.184,7.096549019607843
3,60.99,7.231,7.095156862745097
3,61.0,7.302,7.0933529411764695
3,61.01,7.297,7.092235294117647
3,61.02,7.44,7.091568627450981
3,61.03,7.449,7.09278431372549
3,61.04,7.278,7.097117647058824
3,61.05,7.19,7.098411764705882
3,61.06,7.036,7.099549019607843
3,61.07,7.22,7.102803921568627
3,61.08,7.209,7.106843137254901
3,61.09,7.101,7.111627450980392
3,61.1,7.037,7.116607843137255
3,61.11,7.155,7.119882352941176
3,61.12,7.144,7.125294117647059
3,61.13,7.154,7.132196078431372
3,61.14,7.279,7.136039215686274
3,61.15,7.298,7.137960784313726
3,61.16,7.192,7.141470588235295
3,61.17,7.177,7.148960784313727
3,61.18,6.999,7.155509803921568
3,61.19,7.112,7.16235294117647
3,61.2,7.057,7.166568627450981
3,61.21,6.958,7.168745098039215
3,61.22,6.983,7.167411764705882
3,61.23,6.99,7.166470588235293
3,61.24,7.066,7.162549019607844
3,61.25,7.045,7.15607843137255
3,61.26,6.998,7.148372549019608
3,61.27,7.068,7.14121568627451
3,61.28,7.055,7.129470588235295
3,61.29,7.236,7.115529411764705
3,61.3,7.124,7.1039803921568625
3,61.31,7.175,7.094117647058824
3,61.32,7.311,7.084686274509804
3,61.33,7.351,7.070411764705883
3,61.34,7.344,7.055960784313727
3,61.35,7.32,7.046627450980393
3,61.36,7.163,7.036470588235295
3,61.37,7.258,7.025725490196079
3,61.38,7.211,7.014196078431373
3,61.39,7.091,7.001411764705883
3,61.4,7.095,6.9855294117647055
3,61.41,7.086,6.9699607843137255
3,61.42,7.219,6.955843137254901
3,61.43,7.267,6.942725490196079
3,61.44,7.198,6.932941176470589
3,61.45,7.249,6.918725490196079
3,61.46,7.121,6.908274509803921
3,61.47,6.973,6.898509803921569
3,61.48,6.994,6.890392156862745
3,61.49,6.984,6.879490196078431
3,61.5,6.901,6.868784313725492
3,61.51,6.909,6.858470588235294
3,61.52,6.932,6.847980392156863
3,61.53,6.841,6.836411764705882
3,61.54,6.738,6.827098039215687
3,61.55,6.689,6.8118823529411765
3,61.56,6.687,6.801
3,61.57,6.555,6.786333333333333
3,61.58,6.492,6.767274509803922
3,61.59,6.472,6.747294117647059
3,61.6,6.625,6.727235294117648
3,61.61,6.519,6.7087450980392145
3,61.62,6.607,6.694372549019608
3,61.63,6.556,6.677803921568628
3,61.64,6.502,6.660666666666666
3,61.65,6.469,6.645490196078431
3,61.66,6.504,6.632098039215686
3,61.67,6.472,6.618333333333332
3,61.68,6.508,6.601764705882353
3,61.69,6.5,6.582313725490196
3,61.7,6.387,6.563450980392156
3,61.71,6.524,6.542999999999999
3,61.72,6.46,6.525686274509804
3,61.73,6.569,6.514372549019608
3,61.74,6.434,6.504823529411765
3,61.75,6.52,6.495490196078431
3,61.76,6.519,6.48735294117647
3,61.77,6.463,6.481156862745098
3,61.78,6.478,6.4760196078431385
3,61.79,6.58,6.469196078431374
3,61.8,6.46,6.469000000000001
3,61.81,6.569,6.469078431372549
3,61.82,6.427,6.468823529411764
3,61.83,6.339,6.471274509803921
3,61.84,6.332,6.4737647058823535
3,61.85,6.321,6.475764705882352
3,61.86,6.377,6.4769411764705875
3,61.87,6.43,6.479529411764705
3,61.88,6.413,6.483392156862745
3,61.89,6.337,6.487274509803922
3,61.9,6.317,6.48935294117647
3,61.91,6.412,6.490176470588236
3,61.92,6.384,6.491450980392157
3,61.93,6.374,6.492000000000001
3,61.94,6.275,6.490529411764705
3,61.95,6.236,6.489196078431371
3,61.96,6.206,6.493235294117646
3,61.97,6.238,6.493647058823529
3,61.98,6.396,6.496705882352941
3,61.99,6.507,6.497352941176469
3,62.0,6.508,6.5001372549019605
3,62.01,6.486,6.502725490196077
3,62.02,6.593,6.507529411764706
3,62.03,6.67,6.515
3,62.04,6.493,6.5223137254901955
3,62.05,6.728,6.526000000000001
3,62.06,6.693,6.533980392156861
3,62.07,6.674,6.540705882352942
3,62.08,6.68,6.5516862745098035
3,62.09,6.619,6.568372549019607
3,62.1,6.574,6.584725490196079
3,62.11,6.685,6.600960784313725
3,62.12,6.651,6.6149803921568635
3,62.13,6.804,6.626156862745098
3,62.14,6.754,6.636313725490196
3,62.15,6.608,6.6487647058823525
3,62.16,6.511,6.661549019607844
3,62.17,6.569,6.670372549019608
3,62.18,6.5,6.682725490196079
3,62.19,6.433,6.693313725490196
3,62.2,6.432,6.706843137254903
3,62.21,6.593,6.7190392156862755
3,62.22,6.545,6.732803921568627
3,62.23,6.616,6.744901960784314
3,62.24,6.602,6.750254901960784
3,62.25,6.576,6.755274509803922
3,62.26,6.652,6.761705882352941
3,62.27,6.764,6.768411764705883
3,62.28,6.844,6.774274509803922
3,62.29,6.851,6.777372549019607
3,62.3,6.768,6.78349019607843
3,62.31,6.867,6.786549019607842
3,62.32,6.912,6.787999999999999
3,62.33,6.987,6.790627450980392
3,62.34,7.19,6.789568627450981
3,62.35,7.166,6.791235294117647
3,62.36,7.149,6.792725490196079
3,62.37,7.092,6.791980392156863
3,62.38,7.0,6.793098039215687
3,62.39,6.931,6.79113725490196
3,62.4,6.972,6.790215686274511
3,62.41,6.969,6.792254901960785
3,62.42,6.862,6.794686274509804
3,62.43,7.014,6.798254901960783
3,62.44,6.914,6.803333333333333
3,62.45,6.965,6.809823529411765
3,62.46,6.858,6.816745098039216
3,62.47,6.908,6.821450980392157
3,62.48,6.855,6.823411764705882
3,62.49,6.669,6.824862745098039
3,62.5,6.763,6.827529411764706
3,62.51,6.836,6.82964705882353
3,62.52,6.828,6.830470588235295
3,62.53,6.892,6.828490196078431
3,62.54,6.828,6.82586274509804
3,62.55,6.805,6.819960784313726
3,62.56,6.884,6.815058823529411
3,62.57,6.767,6.8075882352941175
3,62.58,6.808,6.798627450980392
3,62.59,6.626,6.789568627450981
3,62.6,6.704,6.776509803921569
3,62.61,6.65,6.7628039215686275
3,62.62,6.647,6.746450980392157
3,62.63,6.708,6.731411764705881
3,62.64,6.704,6.719509803921569
3,62.65,6.707,6.707274509803922
3,62.66,6.712,6.696176470588236
3,62.67,6.635,6.686803921568627
3,62.68,6.751,6.677137254901961
3,62.69,6.759,6.664686274509804
3,62.7,6.764,6.653627450980393
3,62.71,6.785,6.6411372549019605
3,62.72,6.833,6.629411764705882
3,62.73,6.645,6.620509803921569
3,62.74,6.69,6.612647058823529
3,62.75,6.738,6.609196078431373
3,62.76,6.684,6.600294117647059
3,62.77,6.694,6.587784313725491
3,62.78,6.663,6.577647058823529
3,62.79,6.71,6.565647058823529
3,62.8,6.55,6.554392156862745
3,62.81,6.518,6.542
3,62.82,6.486,6.527823529411765
3,62.83,6.455,6.516568627450981
3,62.84,6.525,6.504039215686275
3,62.85,6.524,6.4950392156862735
3,62.86,6.467,6.48913725490196
3,62.87,6.315,6.483764705882352
3,62.88,6.325,6.478431372549019
3,62.89,6.393,6.472019607843137
3,62.9,6.307,6.462980392156863
3,62.91,6.406,6.453745098039215
3,62.92,6.491,6.442803921568627
3,62.93,6.369,6.431509803921569
3,62.94,6.379,6.420196078431372
3,62.95,6.35,6.408529411764706
3,62.96,6.328,6.398549019607843
3,62.97,6.26,6.385823529411765
3,62.98,6.454,6.3727647058823536
3,62.99,6.454,6.365509803921569
3,63.0,6.493,6.35743137254902
3,63.01,6.309,6.344725490196079
3,63.02,6.198,6.335980392156863
3,63.03,6.311,6.327372549019607
3,63.04,6.28,6.318196078431373
3,63.05,6.254,6.308196078431372
3,63.06,6.173,6.302411764705883
3,63.07,6.161,6.295117647058824
3,63.08,6.193,6.288686274509804
3,63.09,6.169,6.285274509803921
3,63.1,6.167,6.277490196078431
3,63.11,6.403,6.271647058823529
3,63.12,6.376,6.2663529411764705
3,63.13,6.375,6.262509803921569
3,63.14,6.381,6.257529411764706
3,63.15,6.243,6.2525490196078435
3,63.16,6.236,6.248960784313725
3,63.17,6.154,6.242843137254901
3,63.18,6.059,6.23421568627451
3,63.19,6.174,6.229176470588235
3,63.2,6.164,6.222313725490197
3,63.21,6.255,6.216882352941176
3,63.22,6.136,6.212156862745098
3,63.23,6.167,6.207764705882353
3,63.24,6.275,6.199294117647058
3,63.25,6.278,6.189921568627451
3,63.26,6.09,6.180980392156863
3,63.27,6.238,6.175313725490196
3,63.28,6.255,6.173450980392157
3,63.29,6.195,6.168137254901961
3,63.3,6.2,6.1642745098039216
3,63.31,6.255,6.158039215686275
3,63.32,6.146,6.154588235294118
3,63.33,6.158,6.152098039215686
3,63.34,6.281,6.148509803921567
3,63.35,6.128,6.146764705882354
3,63.36,6.226,6.146039215686275
3,63.37,6.197,6.141274509803921
3,63.38,6.119,6.135843137254902
3,63.39,6.071,6.129117647058824
3,63.4,6.139,6.122509803921568
3,63.41,6.124,6.119392156862745
3,63.42,6.094,6.116254901960785
3,63.43,6.051,6.114235294117647
3,63.44,6.112,6.113843137254902
3,63.45,6.029,6.110117647058823
3,63.46,6.073,6.1057450980392165
3,63.47,6.087,6.098901960784313
3,63.48,6.036,6.094254901960785
3,63.49,6.022,6.088588235294117
3,63.5,5.976,6.08278431372549
3,63.51,6.037,6.073941176470587
3,63.52,6.02,6.069039215686275
3,63.53,6.103,6.06035294117647
3,63.54,6.04,6.052196078431373
3,63.55,6.083,6.046333333333333
3,63.56,5.936,6.03921568627451
3,63.57,5.997,6.030411764705882
3,63.58,6.034,6.024372549019608
3,63.59,6.01,6.017843137254903
3,63.6,6.08,6.012470588235294
3,63.61,6.13,6.008215686274509
3,63.62,6.16,6.001784313725491
3,63.63,6.099,5.999117647058823
3,63.64,6.032,5.997431372549019
3,63.65,6.044,5.996352941176471
3,63.66,6.084,5.9930980392156865
3,63.67,6.076,5.989196078431371
3,63.68,6.051,5.985019607843137
3,63.69,6.039,5.9830588235294115
3,63.7,5.984,5.978764705882353
3,63.71,5.941,5.974843137254902
3,63.72,5.906,5.970392156862745
3,63.73,5.899,5.9641568627450985
3,63.74,5.878,5.959607843137255
3,63.75,5.979,5.953666666666667
3,63.76,5.827,5.948627450980392
3,63.77,5.84,5.943568627450979
3,63.78,5.795,5.938254901960784
3,63.79,5.839,5.933039215686274
3,63.8,5.896,5.929803921568627
3,63.81,5.837,5.925411764705882
3,63.82,5.806,5.922549019607843
3,63.83,5.838,5.919470588235295
3,63.84,5.825,5.916254901960784
3,63.85,6.007,5.912058823529413
3,63.86,5.911,5.907098039215686
3,63.87,5.898,5.89956862745098
3,63.88,6.061,5.891137254901961
3,63.89,6.033,5.883411764705883
3,63.9,6.016,5.878137254901961
3,63.91,5.973,5.872941176470587
3,63.92,5.925,5.8679411764705875
3,63.93,5.881,5.862274509803922
3,63.94,5.951,5.856686274509803
3,63.95,5.893,5.852431372549019
3,63.96,5.829,5.848823529411765
3,63.97,5.846,5.844823529411765
3,63.98,5.769,5.841156862745098
3,63.99,5.804,5.837019607843137
3,64.0,5.719,5.834549019607843
3,64.01,5.719,5.829627450980393
3,64.02,5.779,5.827627450980392
3,64.03,5.749,5.826313725490196
3,64.04,5.837,5.82621568627451
3,64.05,5.875,5.824745098039216
3,64.06,5.859,5.822333333333334
3,64.07,5.79,5.821843137254903
3,64.08,5.84,5.821156862745097
3,64.09,5.87,5.819196078431372
3,64.1,5.796,5.817019607843136
3,64.11,5.827,5.810725490196079
3,64.12,5.746,5.806803921568628
3,64.13,5.73,5.803627450980392
3,64.14,5.705,5.797450980392157
3,64.15,5.763,5.791196078431373
3,64.16,5.779,5.785862745098039
3,64.17,5.829,5.780156862745097
3,64.18,5.787,5.775
3,64.19,5.766,5.770392156862744
3,64.2,5.822,5.764882352941177
3,64.21,5.8,5.76056862745098
3,64.22,5.737,5.7581372549019605
3,64.23,5.719,5.7550784313725485
3,64.24,5.688,5.752411764705882
3,64.25,5.752,5.750411764705882
3,64.26,5.728,5.748235294117648
3,64.27,5.725,5.747490196078432
3,64.28,5.773,5.746254901960785
3,64.29,5.79,5.7451960784313725
3,64.3,5.764,5.744450980392156
3,64.31,5.773,5.741823529411765
3,64.32,5.812,5.739254901960785
3,64.33,5.771,5.739156862745098
3,64.34,5.738,5.736450980392156
3,64.35,5.714,5.733882352941177
3,64.36,5.686,5.733313725490196
3,64.37,5.711,5.731705882352942
3,64.38,5.736,5.732392156862745
3,64.39,5.746,5.73535294117647
3,64.4,5.714,5.736588235294117
3,64.41,5.744,5.7369215686274515
3,64.42,5.682,5.7367058823529415
3,64.43,5.662,5.7360588235294125
3,64.44,5.646,5.735647058823528
3,64.45,5.67,5.736
3,64.46,5.673,5.735568627450981
3,64.47,5.705,5.7348823529411765
3,64.48,5.69,5.736274509803921
3,64.49,5.633,5.738372549019608
3,64.5,5.702,5.740392156862745
3,64.51,5.608,5.740196078431373
3,64.52,5.681,5.743235294117646
3,64.53,5.716,5.74621568627451
3,64.54,5.695,5.7490000000000006
3,64.55,5.799,5.751196078431374
3,64.56,5.741,5.755960784313726
3,64.57,5.728,5.759705882352941
3,64.58,5.785,5.762999999999999
3,64.59,5.702,5.766450980392157
3,64.6,5.739,5.7707450980392165
3,64.61,5.767,5.773666666666668
3,64.62,5.745,5.777098039215686
3,64.63,5.781,5.78121568627451
3,64.64,5.881,5.7864313725490195
3,64.65,5.768,5.791607843137255
3,64.66,5.78,5.796392156862745
3,64.67,5.768,5.800196078431372
3,64.68,5.796,5.805254901960785
3,64.69,5.766,5.810705882352941
3,64.7,5.784,5.815078431372549
3,64.71,5.8,5.8180000000000005
3,64.72,5.765,5.821549019607843
3,64.73,5.808,5.824666666666667
3,64.74,5.826,5.829137254901961
3,64.75,5.791,5.83535294117647
3,64.76,5.742,5.839137254901961
3,64.77,5.883,5.843999999999999
3,64.78,5.877,5.847392156862745
3,64.79,5.915,5.850607843137254
3,64.8,5.902,5.854607843137255
3,64.81,6.007,5.854490196078432
3,64.82,5.964,5.855372549019608
3,64.83,5.98,5.856627450980392
3,64.84,5.947,5.8570392156862745
3,64.85,5.957,5.8587058823529405
3,64.86,5.863,5.860823529411764
3,64.87,5.861,5.859803921568627
3,64.88,5.921,5.85935294117647
3,64.89,6.002,5.858529411764707
3,64.9,6.01,5.856705882352942
3,64.91,5.958,5.853137254901962
3,64.92,5.938,5.850588235294118
3,64.93,5.94,5.847843137254902
3,64.94,5.94,5.845745098039215
3,64.95,5.869,5.8451176470588235
3,64.96,5.819,5.845549019607844
3,64.97,5.854,5.844784313725491
3,64.98,5.864,5.845549019607844
3,64.99,5.918,5.845490196078432
3,65.0,5.95,5.84535294117647
3,65.01,5.895,5.847333333333333
3,65.02,5.856,5.85156862745098
3,65.03,5.854,5.855039215686275
3,65.04,5.88,5.856705882352942
3,65.05,5.899,5.858921568627451
3,65.06,5.793,5.861254901960784
3,65.07,5.786,5.862529411764705
3,65.08,5.792,5.864333333333334
3,65.09,5.806,5.86629411764706
3,65.1,5.787,5.868117647058823
3,65.11,5.847,5.870725490196078
3,65.12,5.715,5.875156862745098
3,65.13,5.722,5.88035294117647
3,65.14,5.739,5.884901960784314
3,65.15,5.788,5.887549019607843
3,65.16,5.586,5.88964705882353
3,65.17,5.65,5.890137254901962
3,65.18,5.628,5.892725490196078
3,65.19,5.689,5.895176470588235
3,65.2,5.734,5.896999999999999
3,65.21,5.806,5.899470588235294
3,65.22,5.761,5.903784313725491
3,65.23,5.804,5.9077254901960785
3,65.24,5.805,5.912843137254901
3,65.25,5.819,5.916
3,65.26,5.892,5.920117647058824
3,65.27,5.958,5.92521568627451
3,65.28,6.06,5.930666666666666
3,65.29,5.962,5.936725490196079
3,65.3,6.028,5.941372549019609
3,65.31,6.021,5.947490196078431
3,65.32,6.072,5.956549019607843
3,65.33,6.056,5.965117647058824
3,65.34,6.08,5.9742549019607845
3,65.35,6.04,5.98478431372549
3,65.36,6.09,5.996196078431374
3,65.37,6.089,6.007470588235294
3,65.38,6.126,6.021588235294118
3,65.39,6.153,6.035372549019607
3,65.4,6.137,6.04856862745098
3,65.41,6.117,6.062313725490196
3,65.42,5.983,6.0797647058823525
3,65.43,6.07,6.094980392156863
3,65.44,6.065,6.110411764705883
3,65.45,6.033,6.125313725490195
3,65.46,5.995,6.13856862745098
3,65.47,6.039,6.148411764705881
3,65.48,6.055,6.158647058823529
3,65.49,6.125,6.168745098039215
3,65.5,6.079,6.1751764705882355
3,65.51,6.16,6.181
3,65.52,6.155,6.18621568627451
3,65.53,6.134,6.1910196078431365
3,65.54,6.163,6.194509803921568
3,65.55,6.117,6.19935294117647
3,65.56,6.211,6.201607843137254
3,65.57,6.255,6.204235294117647
3,65.58,6.223,6.203196078431373
3,65.59,6.258,6.20086274509804
3,65.6,6.343,6.200647058823529
3,65.61,6.369,6.20150980392157
3,65.62,6.422,6.198823529411764
3,65.63,6.435,6.198372549019608
3,65.64,6.425,6.196411764705882
3,65.65,6.412,6.194156862745098
3,65.66,6.489,6.191490196078432
3,65.67,6.476,6.187274509803921
3,65.68,6.426,6.183058823529411
3,65.69,6.415,6.178039215686274
3,65.7,6.449,6.174254901960785
3,65.71,6.41,6.169274509803922
3,65.72,6.308,6.1648627450980396
3,65.73,6.283,6.160235294117647
3,65.74,6.319,6.157607843137255
3,65.75,6.133,6.151725490196078
3,65.76,6.116,6.1466078431372555
3,65.77,6.158,6.139745098039216
3,65.78,6.203,6.133686274509805
3,65.79,6.238,6.126823529411765
3,65.8,6.209,6.11978431372549
3,65.81,6.143,6.113431372549019
3,65.82,6.155,6.106058823529412
3,65.83,6.019,6.097372549019608
3,65.84,5.937,6.090529411764706
3,65.85,6.069,6.083039215686274
3,65.86,6.084,6.074901960784314
3,65.87,5.953,6.066627450980391
3,65.88,6.066,6.056745098039216
3,65.89,6.026,6.046941176470589
3,65.9,6.038,6.037176470588236
3,65.91,6.001,6.029078431372549
3,65.92,5.902,6.01856862745098
3,65.93,5.768,6.006764705882352
3,65.94,5.814,5.994843137254902
3,65.95,5.872,5.984274509803921
3,65.96,5.779,5.971470588235294
3,65.97,5.77,5.9601372549019604
3,65.98,5.803,5.953352941176472
3,65.99,5.921,5.946627450980393
3,66.0,5.825,5.939274509803921
3,66.01,5.818,5.9366666666666665
3,66.02,5.81,5.93407843137255
3,66.03,5.846,5.929450980392157
3,66.04,5.784,5.922725490196079
3,66.05,5.804,5.919666666666667
3,66.06,5.793,5.9157254901960785
3,66.07,5.835,5.914686274509804
3,66.08,5.812,5.910411764705883
3,66.09,5.874,5.910156862745098
3,66.1,5.876,5.910549019607843
3,66.11,5.928,5.907196078431372
3,66.12,5.947,5.903156862745098
3,66.13,5.918,5.901941176470589
3,66.14,5.935,5.899117647058823
3,66.15,5.927,5.898039215686275
3,66.16,5.999,5.896333333333334
3,66.17,5.953,5.893666666666666
3,66.18,5.874,5.894098039215686
3,66.19,5.818,5.895764705882353
3,66.2,5.876,5.896156862745098
3,66.21,5.796,5.896411764705882
3,66.22,5.832,5.896999999999999
3,66.23,5.962,5.899686274509804
3,66.24,5.94,5.902313725490196
3,66.25,5.944,5.902156862745098
3,66.26,6.0,5.905019607843137
3,66.27,5.984,5.907549019607843
3,66.28,5.922,5.910235294117647
3,66.29,5.86,5.911764705882353
3,66.3,6.082,5.914960784313726
3,66.31,6.008,5.916745098039216
3,66.32,6.09,5.919803921568628
3,66.33,5.937,5.922274509803922
3,66.34,6.006,5.925823529411765
3,66.35,5.957,5.929
3,66.36,5.898,5.932862745098039
3,66.37,5.878,5.934725490196079
3,66.38,5.891,5.938764705882353
3,66.39,5.922,5.942725490196079
3,66.4,5.971,5.945549019607843
3,66.41,5.951,5.948313725490196
3,66.42,5.865,5.949450980392157
3,66.43,5.924,5.95243137254902
3,66.44,5.853,5.95743137254902
3,66.45,5.834,5.962862745098039
3,66.46,5.885,5.96735294117647
3,66.47,5.809,5.9733921568627455
3,66.48,5.907,5.977529411764706
3,66.49,5.937,5.97792156862745
3,66.5,5.913,5.976882352941176
3,66.51,5.971,5.976254901960784
3,66.52,5.947,5.973509803921568
3,66.53,5.947,5.970666666666666
3,66.54,5.924,5.967509803921569
3,66.55,5.947,5.965980392156863
3,66.56,5.895,5.960705882352941
3,66.57,5.949,5.957607843137255
3,66.58,5.961,5.951843137254902
3,66.59,5.993,5.949156862745098
3,66.6,6.036,5.944098039215686
3,66.61,6.073,5.942862745098039
3,66.62,6.023,5.943039215686274
3,66.63,6.153,5.940607843137255
3,66.64,6.12,5.93821568627451
3,66.65,6.079,5.9354313725490195
3,66.66,6.068,5.932450980392157
3,66.67,6.057,5.93035294117647
3,66.68,6.105,5.9298039215686265
3,66.69,6.129,5.929019607843137
3,66.7,6.095,5.928921568627451
3,66.71,6.105,5.929588235294117
3,66.72,6.104,5.92878431372549
3,66.73,6.043,5.9290392156862755
3,66.74,5.982,5.927509803921569
3,66.75,5.887,5.926450980392156
3,66.76,5.912,5.924196078431373
3,66.77,5.86,5.921411764705883
3,66.78,5.839,5.9188431372549015
3,66.79,5.761,5.91756862745098
3,66.8,5.782,5.915450980392157
3,66.81,5.813,5.913784313725489
3,66.82,5.85,5.911549019607842
3,66.83,5.796,5.908823529411764
3,66.84,5.8,5.907588235294118
3,66.85,5.748,5.905235294117647
3,66.86,5.894,5.900176470588235
3,66.87,5.907,5.894666666666667
3,66.88,5.754,5.889921568627451
3,66.89,5.769,5.883176470588236
3,66.9,5.78,5.877372549019608
3,66.91,5.819,5.87156862745098
3,66.92,5.844,5.866470588235294
3,66.93,5.837,5.8622549019607835
3,66.94,5.884,5.856156862745098
3,66.95,5.848,5.84929411764706
3,66.96,5.868,5.844450980392157
3,66.97,5.844,5.839509803921569
3,66.98,5.822,5.836392156862745
3,66.99,5.829,5.83605882352941
3,67.0,5.883,5.838235294117647
3,67.01,5.798,5.843176470588236
3,67.02,5.829,5.848058823529413
3,67.03,5.816,5.855549019607844
3,67.04,5.882,5.861745098039216
3,67.05,5.816,5.867764705882353
3,67.06,5.862,5.874745098039216
3,67.07,5.781,5.882156862745099
3,67.08,5.81,5.888176470588235
3,67.09,5.898,5.895333333333333
3,67.1,5.873,5.90278431372549
3,67.11,5.778,5.910745098039215
3,67.12,5.792,5.915686274509803
3,67.13,5.781,5.918941176470588
3,67.14,5.809,5.925784313725489
3,67.15,5.824,5.9316274509803915
3,67.16,5.783,5.938921568627451
3,67.17,5.808,5.945823529411765
3,67.18,5.842,5.953450980392156
3,67.19,5.794,5.960803921568628
3,67.2,5.779,5.967039215686275
3,67.21,5.848,5.972372549019608
3,67.22,5.853,5.977039215686275
3,67.23,5.945,5.984333333333334
3,67.24,6.026,5.9912156862745105
3,67.25,6.093,5.998509803921568
3,67.26,6.139,6.006078431372549
3,67.27,6.161,6.014411764705883
3,67.28,6.242,6.0225294117647055
3,67.29,6.155,6.0306274509803925
3,67.3,6.068,6.0386274509803926
3,67.31,6.138,6.04943137254902
3,67.32,6.191,6.058254901960784
3,67.33,6.157,6.069039215686275
3,67.34,6.161,6.078882352941177
3,67.35,6.18,6.089588235294118
3,67.36,6.154,6.099490196078432
3,67.37,6.146,6.110764705882353
3,67.38,6.073,6.120666666666667
3,67.39,6.103,6.130803921568627
3,67.4,6.067,6.141176470588235
3,67.41,6.152,6.150156862745098
3,67.42,6.171,6.160313725490195
3,67.43,6.233,6.167999999999999
3,67.44,6.212,6.175607843137255
3,67.45,6.202,6.184372549019607
3,67.46,6.12,6.194333333333334
3,67.47,6.106,6.202803921568627
3,67.48,6.216,6.213058823529413
3,67.49,6.173,6.221803921568626
3,67.5,6.201,6.226921568627452
3,67.51,6.269,6.230823529411764
3,67.52,6.223,6.233666666666666
3,67.53,6.243,6.2367058823529415
3,67.54,6.229,6.23792156862745
3,67.55,6.29,6.242294117647059
3,67.56,6.367,6.250176470588236
3,67.57,6.312,6.256784313725491
3,67.58,6.331,6.261568627450981
3,67.59,6.312,6.266529411764706
3,67.6,6.444,6.272392156862746
3,67.61,6.378,6.277882352941177
3,67.62,6.353,6.283235294117648
3,67.63,6.297,6.2864313725490195
3,67.64,6.298,6.2937843137254905
3,67.65,6.338,6.302039215686275
3,67.66,6.282,6.308607843137255
3,67.67,6.301,6.314372549019608
3,67.68,6.2,6.319960784313725
3,67.69,6.23,6.324588235294118
3,67.7,6.241,6.330058823529411
3,67.71,6.287,6.33721568627451
3,67.72,6.28,6.345666666666666
3,67.73,6.376,6.355176470588235
3,67.74,6.391,6.361490196078431
3,67.75,6.287,6.3677843137254895
3,67.76,6.292,6.373764705882353
3,67.77,6.284,6.377686274509804
3,67.78,6.316,6.385725490196077
3,67.79,6.304,6.390980392156862
3,67.8,6.378,6.396000000000001
3,67.81,6.47,6.4009607843137255
3,67.82,6.475,6.403156862745098
3,67.83,6.435,6.403686274509805
3,67.84,6.41,6.406000000000001
3,67.85,6.46,6.406725490196078
3,67.86,6.46,6.406509803921568
3,67.87,6.427,6.405843137254902
3,67.88,6.309,6.407058823529412
3,67.89,6.448,6.41329411764706
3,67.9,6.524,6.416705882352941
3,67.91,6.402,6.420313725490196
3,67.92,6.446,6.425098039215686
3,67.93,6.456,6.429333333333334
3,67.94,6.469,6.433627450980392
3,67.95,6.491,6.437568627450981
3,67.96,6.567,6.442019607843138
3,67.97,6.551,6.4446078431372555
3,67.98,6.591,6.442941176470589
3,67.99,6.538,6.438960784313726
3,68.0,6.494,6.435529411764707
3,68.01,6.506,6.435901960784314
3,68.02,6.469,6.4359607843137265
3,68.03,6.633,6.435137254901961
3,68.04,6.511,6.432274509803921
3,68.05,6.485,6.428137254901961
3,68.06,6.543,6.422372549019608
3,68.07,6.479,6.414176470588235
3,68.08,6.339,6.405862745098038
3,68.09,6.449,6.398470588235294
3,68.1,6.349,6.389960784313726
3,68.11,6.433,6.379254901960784
3,68.12,6.344,6.369000000000001
3,68.13,6.415,6.35956862745098
3,68.14,6.615,6.353039215686274
3,68.15,6.472,6.3443137254901965
3,68.16,6.522,6.334235294117648
3,68.17,6.526,6.326
3,68.18,6.517,6.316941176470588
3,68.19,6.419,6.305666666666666
3,68.2,6.431,6.293235294117647
3,68.21,6.468,6.282176470588236
3,68.22,6.419,6.268666666666666
3,68.23,6.195,6.255960784313726
3,68.24,6.173,6.241764705882352
3,68.25,6.216,6.228588235294118
3,68.26,6.306,6.2181372549019605
3,68.27,6.295,6.20756862745098
3,68.28,6.242,6.198
3,68.29,6.17,6.184470588235294
3,68.3,6.093,6.1754509803921565
3,68.31,6.084,6.168627450980392
3,68.32,6.052,6.1577254901960785
3,68.33,6.051,6.146921568627451
3,68.34,6.058,6.139823529411764
3,68.35,5.976,6.1290588235294114
3,68.36,5.914,6.1188039215686265
3,68.37,5.937,6.105235294117647
3,68.38,5.946,6.09386274509804
3,68.39,5.976,6.080392156862745
3,68.4,6.003,6.064843137254901
3,68.41,6.01,6.052176470588235
3,68.42,5.982,6.0390588235294125
3,68.43,5.984,6.024372549019608
3,68.44,5.881,6.008705882352942
3,68.45,5.835,5.99586274509804
3,68.46,5.927,5.982294117647059
3,68.47,5.878,5.967980392156863
3,68.48,5.903,5.9547647058823525
3,68.49,5.867,5.945294117647059
3,68.5,5.866,5.93749019607843
3,68.51,5.961,5.927215686274509
3,68.52,5.967,5.916411764705882
3,68.53,5.981,5.904941176470588
3,68.54,5.943,5.894431372549019
3,68.55,6.051,5.884901960784314
3,68.56,6.137,5.876941176470588
3,68.57,5.987,5.868274509803921
3,68.58,5.928,5.860921568627452
3,68.59,5.977,5.854549019607844
3,68.6,5.9,5.848843137254902
3,68.61,5.826,5.843235294117647
3,68.62,5.741,5.839607843137255
3,68.63,5.764,5.836294117647058
3,68.64,5.728,5.831019607843137
3,68.65,5.822,5.8250392156862745
3,68.66,5.826,5.819392156862746
3,68.67,5.853,5.81256862745098
3,68.68,5.777,5.8061372549019605
3,68.69,5.718,5.800058823529412
3,68.7,5.764,5.7960980392156864
3,68.71,5.739,5.792098039215686
3,68.72,5.738,5.7862156862745096
3,68.73,5.745,5.781980392156863
3,68.74,5.712,5.7763333333333335
3,68.75,5.775,5.772156862745099
3,68.76,5.692,5.767764705882353
3,68.77,5.755,5.7614705882352935
3,68.78,5.71,5.755392156862745
3,68.79,5.706,5.7484705882352936
3,68.8,5.684,5.742
3,68.81,5.687,5.731745098039216
3,68.82,5.642,5.72035294117647
3,68.83,5.677,5.71264705882353
3,68.84,5.726,5.705941176470588
3,68.85,5.767,5.6977254901960785
3,68.86,5.69,5.692313725490196
3,68.87,5.729,5.688000000000001
3,68.88,5.768,5.685745098039216
3,68.89,5.677,5.682588235294117
3,68.9,5.671,5.680274509803922
3,68.91,5.715,5.677411764705883
3,68.92,5.662,5.6754509803921565
3,68.93,5.654,5.672529411764706
3,68.94,5.674,5.671019607843137
3,68.95,5.679,5.670745098039215
3,68.96,5.631,5.669745098039216
3,68.97,5.627,5.6688431372549015
3,68.98,5.662,5.669078431372549
3,68.99,5.615,5.668509803921569
3,69.0,5.654,5.668745098039215
3,69.01,5.642,5.667294117647059
3,69.02,5.64,5.666901960784314
3,69.03,5.657,5.664803921568628
3,69.04,5.628,5.664843137254902
3,69.05,5.613,5.664235294117648
3,69.06,5.528,5.664607843137254
3,69.07,5.556,5.663705882352941
3,69.08,5.594,5.6651372549019605
3,69.09,5.586,5.666470588235293
3,69.1,5.558,5.6662156862745094
3,69.11,5.624,5.665039215686274
3,69.12,5.606,5.665333333333333
3,69.13,5.626,5.665274509803921
3,69.14,5.603,5.665333333333334
3,69.15,5.61,5.66664705882353
3,69.16,5.676,5.668980392156863
3,69.17,5.726,5.669960784313726
3,69.18,5.704,5.673647058823529
3,69.19,5.7,5.677058823529412
3,69.2,5.704,5.678274509803923
3,69.21,5.713,5.678764705882354
3,69.22,5.693,5.68221568627451
3,69.23,5.75,5.685352941176471
3,69.24,5.716,5.688019607843137
3,69.25,5.724,5.691529411764705
3,69.26,5.701,5.692803921568627
3,69.27,5.672,5.695039215686275
3,69.28,5.648,5.69656862745098
3,69.29,5.712,5.6991764705882355
3,69.3,5.675,5.704078431372549
3,69.31,5.703,5.708588235294118
3,69.32,5.641,5.716215686274509
3,69.33,5.715,5.724549019607843
3,69.34,5.745,5.7310784313725485
3,69.35,5.713,5.7385882352941175
3,69.36,5.707,5.745745098039216
3,69.37,5.705,5.752392156862745
3,69.38,5.726,5.758137254901961
3,69.39,5.771,5.762039215686274
3,69.4,5.744,5.765901960784315
3,69.41,5.79,5.76843137254902
3,69.42,5.765,5.769960784313726
3,69.43,5.85,5.769843137254902
3,69.44,5.828,5.771725490196078
3,69.45,5.736,5.772294117647059
3,69.46,5.704,5.7742941176470595
3,69.47,5.807,5.775333333333333
3,69.48,5.787,5.777725490196079
3,69.49,5.798,5.777490196078431
3,69.5,5.794,5.777333333333334
3,69.51,5.719,5.776843137254903
3,69.52,5.756,5.777470588235294
3,69.53,5.718,5.778784313725491
3,69.54,5.79,5.781019607843137
3,69.55,5.878,5.781941176470589
3,69.56,5.843,5.783901960784314
3,69.57,5.917,5.784098039215687
3,69.58,5.981,5.785862745098039
3,69.59,5.927,5.78607843137255
3,69.6,5.969,5.786098039215687
3,69.61,5.923,5.7863725490196085
3,69.62,5.963,5.786980392156863
3,69.63,5.899,5.786686274509805
3,69.64,5.825,5.786862745098039
3,69.65,5.8,5.786333333333333
3,69.66,5.739,5.78735294117647
3,69.67,5.754,5.786274509803922
3,69.68,5.72,5.786078431372548
3,69.69,5.8,5.7847647058823535
3,69.7,5.729,5.782764705882353
3,69.71,5.806,5.783098039215686
3,69.72,5.766,5.784725490196077
3,69.73,5.815,5.78543137254902
3,69.74,5.738,5.784156862745097
3,69.75,5.708,5.783549019607843
3,69.76,5.699,5.783529411764706
3,69.77,5.733,5.783431372549019
3,69.78,5.739,5.783588235294117
3,69.79,5.762,5.783470588235294
3,69.8,5.759,5.781686274509804
3,69.81,5.775,5.778411764705883
3,69.82,5.713,5.775117647058823
3,69.83,5.731,5.76964705882353
3,69.84,5.726,5.764725490196079
3,69.85,5.746,5.760117647058824
3,69.86,5.727,5.754960784313726
3,69.87,5.738,5.7504509803921575
3,69.88,5.69,5.74486274509804
3,69.89,5.735,5.740568627450981
3,69.9,5.744,5.7377843137254905
3,69.91,5.796,5.736156862745098
3,69.92,5.735,5.7355294117647055
3,69.93,5.755,5.73435294117647
3,69.94,5.783,5.733843137254903
3,69.95,5.726,5.731392156862745
3,69.96,5.753,5.731039215686275
3,69.97,5.787,5.729901960784313
3,69.98,5.843,5.7293529411764705
3,69.99,5.722,5.72686274509804
3,70.0,5.767,5.724980392156864
3,70.01,5.793,5.724372549019607
3,70.02,5.714,5.72421568627451
3,70.03,5.764,5.723196078431372
3,70.04,5.712,5.722725490196078
3,70.05,5.699,5.720450980392156
3,70.06,5.711,5.71856862745098
3,70.07,5.675,5.716352941176471
3,70.08,5.638,5.71586274509804
3,70.09,5.73,5.716509803921568
3,70.1,5.692,5.716156862745098
3,70.11,5.706,5.715666666666667
3,70.12,5.693,5.715196078431372
3,70.13,5.678,5.714313725490197
3,70.14,5.68,5.715333333333333
3,70.15,5.683,5.71578431372549
3,70.16,5.717,5.716411764705882
3,70.17,5.707,5.716078431372549
3,70.18,5.694,5.717705882352941
3,70.19,5.694,5.720176470588235
3,70.2,5.675,5.722254901960784
3,70.21,5.711,5.726196078431372
3,70.22,5.748,5.727823529411765
3,70.23,5.738,5.730882352941177
3,70.24,5.688,5.731313725490197
3,70.25,5.642,5.733411764705882
3,70.26,5.677,5.734705882352941
3,70.27,5.691,5.736745098039216
3,70.28,5.681,5.740960784313726
3,70.29,5.715,5.745764705882353
3,70.3,5.646,5.75056862745098
3,70.31,5.663,5.755764705882354
3,70.32,5.662,5.761725490196079
3,70.33,5.688,5.767843137254902
3,70.34,5.764,5.772823529411764
3,70.35,5.708,5.777372549019608
3,70.36,5.721,5.783607843137255
3,70.37,5.703,5.790352941176471
3,70.38,5.693,5.796549019607842
3,70.39,5.742,5.801882352941177
3,70.4,5.758,5.806666666666667
3,70.41,5.776,5.809333333333334
3,70.42,5.779,5.814215686274509
3,70.43,5.818,5.819862745098039
3,70.44,5.881,5.8232156862745095
3,70.45,5.889,5.828372549019607
3,70.46,5.927,5.833490196078432
3,70.47,5.836,5.838411764705882
3,70.48,5.943,5.8430784313725495
3,70.49,5.865,5.849235294117648
3,70.5,5.829,5.856117647058823
3,70.51,5.833,5.861647058823529
3,70.52,5.897,5.868882352941176
3,70.53,5.929,5.875078431372549
3,70.54,6.009,5.883333333333334
3,70.55,5.957,5.890039215686276
3,70.56,5.964,5.89843137254902
3,70.57,6.015,5.906313725490196
3,70.58,5.987,5.915098039215686
3,70.59,5.892,5.925019607843137
3,70.6,5.962,5.935745098039216
3,70.61,6.01,5.9456862745098045
3,70.62,6.05,5.954529411764706
3,70.63,6.009,5.963803921568627
3,70.64,5.95,5.973156862745097
3,70.65,5.924,5.9811176470588245
3,70.66,5.819,5.9892941176470575
3,70.67,5.966,5.995372549019608
3,70.68,5.995,6.0006666666666675
3,70.69,5.865,6.005392156862745
3,70.7,5.957,6.0079215686274505
3,70.71,5.936,6.010392156862745
3,70.72,5.962,6.012666666666666
3,70.73,5.986,6.016098039215685
3,70.74,6.052,6.018274509803922
3,70.75,6.039,6.022960784313725
3,70.76,5.924,6.027588235294118
3,70.77,6.046,6.0323529411764705
3,70.78,6.007,6.036666666666667
3,70.79,6.102,6.0393333333333326
3,70.8,6.057,6.040666666666667
3,70.81,6.074,6.044607843137254
3,70.82,6.065,6.046980392156862
3,70.83,6.11,6.0479803921568625
3,70.84,6.194,6.051058823529413
3,70.85,6.311,6.056882352941177
3,70.86,6.215,6.059980392156862
3,70.87,6.172,6.061764705882353
3,70.88,6.176,6.064333333333334
3,70.89,6.17,6.0680000000000005
3,70.9,6.148,6.070215686274509
3,70.91,6.175,6.072392156862745
3,70.92,6.086,6.0762745098039215
3,70.93,6.049,6.0774509803921575
3,70.94,6.059,6.07650980392157
3,70.95,6.01,6.07756862745098
3,70.96,6.015,6.075607843137255
3,70.97,6.043,6.075450980392157
3,70.98,6.011,6.074254901960784
3,70.99,6.054,6.071196078431373
3,71.0,6.104,6.067235294117647
3,71.01,6.065,6.064274509803922
3,71.02,6.076,6.061294117647059
3,71.03,6.117,6.057019607843138
3,71.04,6.065,6.053549019607843
3,71.05,6.077,6.049450980392157
3,71.06,6.158,6.045333333333333
3,71.07,6.085,6.038843137254902
3,71.08,6.066,6.033019607843138
3,71.09,6.144,6.0259607843137255
3,71.1,6.189,6.017058823529412
3,71.11,6.12,6.00643137254902
3,71.12,6.101,5.997058823529411
3,71.13,6.181,5.988333333333334
3,71.14,6.196,5.9811176470588245
3,71.15,6.063,5.975274509803922
3,71.16,6.035,5.969666666666666
3,71.17,6.017,5.962784313725491
3,71.18,6.026,5.957588235294118
3,71.19,5.947,5.953647058823528
3,71.2,5.919,5.94821568627451
3,71.21,5.857,5.941980392156863
3,71.22,5.928,5.935784313725489
3,71.23,5.901,5.929274509803922
3,71.24,5.83,5.92321568627451
3,71.25,5.85,5.917235294117647
3,71.26,5.888,5.910215686274509
3,71.27,5.772,5.904156862745097
3,71.28,5.828,5.897333333333333
3,71.29,5.83,5.889725490196079
3,71.3,5.893,5.882803921568628
3,71.31,5.847,5.875490196078432
3,71.32,5.743,5.8677254901960785
3,71.33,5.768,5.861235294117647
3,71.34,5.75,5.854803921568627
3,71.35,5.74,5.848215686274509
3,71.36,5.769,5.840254901960784
3,71.37,5.737,5.833666666666667
3,71.38,5.727,5.827078431372549
3,71.39,5.808,5.8192941176470585
3,71.4,5.872,5.8118235294117655
3,71.41,5.862,5.8044705882352945
3,71.42,5.824,5.798921568627451
3,71.43,5.821,5.792666666666666
3,71.44,5.848,5.7849803921568625
3,71.45,5.782,5.778196078431372
3,71.46,5.692,5.772705882352941
3,71.47,5.699,5.766921568627451
3,71.48,5.711,5.761333333333333
3,71.49,5.702,5.756490196078432
3,71.5,5.749,5.752705882352941
3,71.51,5.746,5.749921568627451
3,71.52,5.756,5.746058823529411
3,71.53,5.728,5.745078431372549
3,71.54,5.729,5.74286274509804
3,71.55,5.712,5.73964705882353
3,71.56,5.704,5.734647058823529
3,71.57,5.762,5.73143137254902
3,71.58,5.754,5.729980392156864
3,71.59,5.738,5.729254901960784
3,71.6,5.808,5.729490196078432
3,71.61,5.783,5.729921568627451
3,71.62,5.784,5.728470588235294
3,71.63,5.765,5.727960784313726
3,71.64,5.784,5.728431372549019
3,71.65,5.815,5.728176470588235
3,71.66,5.688,5.727215686274509
3,71.67,5.752,5.725627450980392
3,71.68,5.698,5.723921568627452
3,71.69,5.634,5.723921568627452
3,71.7,5.601,5.72321568627451
3,71.71,5.639,5.723999999999999
3,71.72,5.562,5.7273137254901965
3,71.73,5.643,5.7303725490196085
3,71.74,5.654,5.733235294117646
3,71.75,5.637,5.7348823529411765
3,71.76,5.708,5.73578431372549
3,71.77,5.691,5.737450980392157
3,71.78,5.722,5.738725490196079
3,71.79,5.715,5.739882352941177
3,71.8,5.666,5.740549019607843
3,71.81,5.638,5.739705882352941
3,71.82,5.683,5.739960784313726
3,71.83,5.669,5.740078431372549
3,71.84,5.731,5.741039215686275
3,71.85,5.762,5.740941176470589
3,71.86,5.762,5.74064705882353
3,71.87,5.695,5.7408431372549025
3,71.88,5.711,5.74064705882353
3,71.89,5.751,5.74221568627451
3,71.9,5.795,5.743725490196077
3,71.91,5.823,5.743450980392157
3,71.92,5.781,5.747254901960784
3,71.93,5.737,5.750274509803922
3,71.94,5.821,5.75521568627451
3,71.95,5.812,5.761294117647058
3,71.96,5.822,5.767313725490196
3,71.97,5.861,5.772823529411764
3,71.98,5.855,5.780117647058823
3,71.99,5.857,5.7860588235294115
3,72.0,5.786,5.791666666666667
3,72.01,5.795,5.7973921568627445
3,72.02,5.831,5.802294117647058
3,72.03,5.821,5.809705882352941
3,72.04,5.787,5.814803921568628
3,72.05,5.763,5.821960784313725
3,72.06,5.669,5.827725490196078
3,72.07,5.717,5.8328235294117645
3,72.08,5.768,5.835803921568628
3,72.09,5.803,5.839509803921569
3,72.1,5.733,5.84364705882353
3,72.11,5.793,5.847058823529411
3,72.12,5.793,5.850509803921568
3,72.13,5.774,5.85643137254902
3,72.14,5.845,5.863529411764705
3,72.15,5.861,5.868058823529412
3,72.16,5.801,5.8714901960784305
3,72.17,5.882,5.876921568627451
3,72.18,5.906,5.882549019607843
3,72.19,5.95,5.891372549019607
3,72.2,5.944,5.894392156862746
3,72.21,5.908,5.897705882352941
3,72.22,5.92,5.901588235294118
3,72.23,5.934,5.905058823529412
3,72.24,5.946,5.909156862745097
3,72.25,5.94,5.913137254901961
3,72.26,5.929,5.918254901960784
3,72.27,5.958,5.923098039215685
3,72.28,6.069,5.9274901960784305
3,72.29,5.982,5.932294117647059
3,72.3,6.08,5.9381764705882345
3,72.31,5.96,5.942901960784314
3,72.32,5.898,5.949372549019608
3,72.33,5.835,5.951999999999999
3,72.34,5.858,5.953784313725491
3,72.35,5.942,5.955196078431373
3,72.36,5.936,5.956843137254902
3,72.37,5.938,5.957039215686274
3,72.38,5.997,5.958333333333333
3,72.39,6.073,5.95978431372549
3,72.4,5.982,5.958372549019608
3,72.41,5.97,5.958156862745097
3,72.42,6.1,5.960176470588235
3,72.43,6.068,5.9592745098039215
3,72.44,6.187,5.958411764705882
3,72.45,5.975,5.954627450980392
3,72.46,5.981,5.9510000000000005
3,72.47,6.02,5.9482156862745095
3,72.48,6.038,5.945058823529411
3,72.49,6.064,5.941745098039216
3,72.5,6.06,5.937666666666666
3,72.51,6.047,5.934352941176471
3,72.52,6.042,5.929705882352941
3,72.53,6.055,5.925725490196078
3,72.54,6.066,5.9184117647058825
3,72.55,6.087,5.912411764705882
3,72.56,6.004,5.90456862745098
3,72.57,5.999,5.899764705882353
3,72.58,5.851,5.896549019607844
3,72.59,5.859,5.895352941176471
3,72.6,5.875,5.891941176470588
3,72.61,5.817,5.887509803921568
3,72.62,5.803,5.883509803921568
3,72.63,5.859,5.879470588235295
3,72.64,5.848,5.873980392156862
3,72.65,5.773,5.867117647058824
3,72.66,5.85,5.861529411764706
3,72.67,5.904,5.857176470588236
3,72.68,5.836,5.850980392156862
3,72.69,5.862,5.845803921568628
3,72.7,5.757,5.837274509803922
3,72.71,5.759,5.832098039215685
3,72.72,5.766,5.827470588235293
3,72.73,5.759,5.820803921568627
3,72.74,5.765,5.8134901960784315
3,72.75,5.738,5.806980392156863
3,72.76,5.771,5.800058823529412
3,72.77,5.692,5.794843137254902
3,72.78,5.755,5.789509803921569
3,72.79,5.696,5.782882352941177
3,72.8,5.676,5.7749411764705885
3,72.81,5.68,5.768294117647058
3,72.82,5.715,5.763411764705881
3,72.83,5.734,5.759019607843137
3,72.84,5.774,5.7579215686274505
3,72.85,5.684,5.755882352941176
3,72.86,5.716,5.7540588235294114
3,72.87,5.732,5.755156862745099
3,72.88,5.732,5.7566274509803925
3,72.89,5.717,5.7544313725490195
3,72.9,5.723,5.753490196078431
3,72.91,5.697,5.754980392156863
3,72.92,5.748,5.754686274509804
3,72.93,5.784,5.753156862745098
3,72.94,5.804,5.754294117647059
3,72.95,5.752,5.754490196078431
3,72.96,5.711,5.75764705882353
3,72.97,5.745,5.7606078431372545
3,72.98,5.68,5.763058823529412
3,72.99,5.665,5.765333333333333
3,73.0,5.732,5.766529411764706
3,73.01,5.707,5.768705882352942
3,73.02,5.781,5.77121568627451
3,73.03,5.77,5.77464705882353
3,73.04,5.717,5.777941176470589
3,73.05,5.661,5.782862745098039
3,73.06,5.748,5.789843137254902
3,73.07,5.755,5.7963137254901955
3,73.08,5.775,5.804019607843137
3,73.09,5.795,5.809549019607843
3,73.1,5.755,5.814274509803921
3,73.11,5.782,5.821352941176471
3,73.12,5.873,5.826313725490196
3,73.13,5.878,5.832784313725491
3,73.14,5.747,5.837960784313725
3,73.15,5.8,5.844039215686275
3,73.16,5.849,5.850568627450981
3,73.17,5.835,5.857529411764705
3,73.18,5.826,5.86221568627451
3,73.19,5.894,5.865588235294118
3,73.2,5.872,5.86870588235294
3,73.21,5.918,5.873509803921568
3,73.22,5.91,5.878058823529412
3,73.23,5.891,5.881960784313726
3,73.24,5.875,5.8864117647058825
3,73.25,5.826,5.89121568627451
3,73.26,5.849,5.893215686274511
3,73.27,5.899,5.895921568627451
3,73.28,5.867,5.897549019607844
3,73.29,5.923,5.8999999999999995
3,73.3,5.947,5.904607843137255
3,73.31,6.032,5.9108431372549015
3,73.32,6.01,5.918078431372549
3,73.33,6.108,5.92478431372549
3,73.34,6.016,5.931411764705882
3,73.35,6.015,5.9395098039215695
3,73.36,6.045,5.949196078431372
3,73.37,5.969,5.955980392156863
3,73.38,6.062,5.962000000000001
3,73.39,5.996,5.9653921568627455
3,73.4,6.027,5.972745098039216
3,73.41,6.056,5.979764705882352
3,73.42,6.052,5.985117647058823
3,73.43,5.987,5.990588235294117
3,73.44,5.956,5.9959999999999996
3,73.45,5.963,6.001509803921569
3,73.46,5.997,6.006588235294118
3,73.47,5.943,6.012313725490197
3,73.48,5.944,6.017117647058823
3,73.49,5.907,6.023901960784315
3,73.5,5.91,6.032176470588236
3,73.51,5.834,6.041372549019608
3,73.52,5.845,6.050235294117647
3,73.53,5.864,6.0596274509803925
3,73.54,5.895,6.069254901960784
3,73.55,5.952,6.076745098039216
3,73.56,5.979,6.083960784313725
3,73.57,6.117,6.091725490196079
3,73.58,6.097,6.1024705882352945
3,73.59,6.113,6.107647058823529
3,73.6,6.208,6.115764705882353
3,73.61,6.249,6.125156862745098
3,73.62,6.128,6.135333333333333
3,73.63,6.18,6.147666666666667
3,73.64,6.051,6.15956862745098
3,73.65,6.122,6.173411764705882
3,73.66,6.158,6.185490196078432
3,73.67,6.122,6.194549019607843
3,73.68,6.114,6.2039019607843136
3,73.69,6.102,6.214901960784314
3,73.7,6.175,6.229039215686274
3,73.71,6.131,6.241235294117647
3,73.72,6.21,6.252117647058824
3,73.73,6.155,6.262882352941176
3,73.74,6.237,6.272274509803921
3,73.75,6.297,6.283392156862746
3,73.76,6.295,6.295254901960784
3,73.77,6.301,6.309078431372549
3,73.78,6.378,6.322235294117648
3,73.79,6.358,6.332941176470587
3,73.8,6.305,6.3416274509803925
3,73.81,6.315,6.348372549019608
3,73.82,6.428,6.357313725490196
3,73.83,6.558,6.360215686274509
3,73.84,6.372,6.363294117647059
3,73.85,6.43,6.364705882352942
3,73.86,6.494,6.365882352941176
3,73.87,6.564,6.367647058823529
3,73.88,6.598,6.3721764705882356
3,73.89,6.669,6.379019607843137
3,73.9,6.702,6.389098039215686
3,73.91,6.643,6.398254901960784
3,73.92,6.518,6.407235294117648
3,73.93,6.529,6.415470588235294
3,73.94,6.548,6.421960784313726
3,73.95,6.677,6.4315686274509805
3,73.96,6.585,6.43756862745098
3,73.97,6.552,6.446549019607843
3,73.98,6.492,6.454784313725489
3,73.99,6.423,6.462647058823529
3,74.0,6.474,6.4681372549019605
3,74.01,6.515,6.471294117647059
3,74.02,6.539,6.473999999999999
3,74.03,6.516,6.4759215686274505
3,74.04,6.41,6.477058823529412
3,74.05,6.338,6.478705882352941
3,74.06,6.296,6.4804313725490195
3,74.07,6.435,6.481921568627452
3,74.08,6.265,6.478352941176471
3,74.09,6.254,6.470078431372549
3,74.1,6.185,6.4668431372549025
3,74.11,6.268,6.461941176470588
3,74.12,6.339,6.456549019607844
3,74.13,6.359,6.448117647058823
3,74.14,6.529,6.440392156862745
3,74.15,6.565,6.428490196078432
3,74.16,6.589,6.415686274509803
3,74.17,6.616,6.404078431372549
3,74.18,6.542,6.395313725490196
3,74.19,6.445,6.388137254901961
3,74.2,6.592,6.37743137254902
3,74.21,6.481,6.365392156862745
3,74.22,6.589,6.354235294117648
3,74.23,6.63,6.343705882352941
3,74.24,6.556,6.336490196078431
3,74.25,6.517,6.329941176470588
3,74.26,6.458,6.3226274509803915
3,74.27,6.433,6.315019607843137
3,74.28,6.399,6.30843137254902
3,74.29,6.436,6.300725490196078
3,74.3,6.442,6.297078431372549
3,74.31,6.393,6.29256862745098
3,74.32,6.391,6.288176470588235
3,74.33,6.246,6.280137254901961
3,74.34,6.136,6.2777843137254905
3,74.35,6.207,6.27613725490196
3,74.36,6.18,6.2757450980392155
3,74.37,6.219,6.2737058823529415
3,74.38,6.134,6.269745098039216
3,74.39,6.204,6.266019607843138
3,74.4,6.062,6.259470588235295
3,74.41,6.049,6.252529411764705
3,74.42,6.051,6.2443333333333335
3,74.43,6.071,6.235333333333333
3,74.44,6.163,6.227254901960784
3,74.45,6.002,6.221235294117646
3,74.46,6.063,6.211588235294117
3,74.47,6.016,6.2034705882352945
3,74.48,6.015,6.192823529411765
3,74.49,6.124,6.180666666666666
3,74.5,6.089,6.170490196078433
3,74.51,6.101,6.161490196078431
3,74.52,6.127,6.154333333333333
3,74.53,6.203,6.14943137254902
3,74.54,6.123,6.143725490196078
3,74.55,6.224,6.1384509803921565
3,74.56,6.108,6.132274509803922
3,74.57,6.072,6.1302941176470584
3,74.58,6.025,6.127627450980391
3,74.59,6.145,6.13156862745098
3,74.6,6.17,6.137843137254903
3,74.61,6.165,6.141980392156863
3,74.62,6.164,6.146137254901961
3,74.63,6.137,6.148196078431372
3,74.64,6.169,6.151568627450981
3,74.65,6.195,6.154176470588236
3,74.66,6.211,6.160450980392157
3,74.67,6.171,6.164352941176471
3,74.68,6.157,6.170058823529412
3,74.69,6.13,6.177450980392157
3,74.7,6.138,6.181392156862745
3,74.71,6.1,6.1893529411764705
3,74.72,6.067,6.195941176470588
3,74.73,6.046,6.201666666666666
3,74.74,6.01,6.2092156862745105
3,74.75,6.037,6.215725490196078
3,74.76,6.058,6.221254901960785
3,74.77,6.093,6.228607843137256
3,74.78,6.183,6.237941176470588
3,74.79,6.108,6.245705882352941
3,74.8,6.167,6.257372549019608
3,74.81,6.127,6.266882352941177
3,74.82,6.292,6.278078431372549
3,74.83,6.255,6.287627450980392
3,74.84,6.447,6.298156862745098
3,74.85,6.456,6.308725490196078
3,74.86,6.418,6.320803921568628
3,74.87,6.392,6.331764705882353
3,74.88,6.324,6.345627450980392
3,74.89,6.306,6.3586470588235295
3,74.9,6.337,6.373039215686274
3,74.91,6.382,6.387078431372549
3,74.92,6.248,6.403725490196079
3,74.93,6.342,6.41978431372549
3,74.94,6.448,6.436803921568627
3,74.95,6.364,6.4547647058823525
3,74.96,6.408,6.470745098039217
3,74.97,6.399,6.487647058823529
3,74.98,6.308,6.504529411764706
3,74.99,6.4,6.525941176470588
3,75.0,6.456,6.547882352941176
3,75.01,6.371,6.568568627450979
3,75.02,6.476,6.5852941176470585
3,75.03,6.603,6.600117647058823
3,75.04,6.599,6.613941176470588
3,75.05,6.718,6.628784313725491
3,75.06,6.709,6.644843137254902
3,75.07,6.679,6.663137254901961
3,75.08,6.559,6.680843137254902
3,75.09,6.562,6.699803921568628
3,75.1,6.684,6.715960784313726
3,75.11,6.786,6.733
3,75.12,6.724,6.75343137254902
3,75.13,6.871,6.775078431372549
3,75.14,6.801,6.796294117647059
3,75.15,6.903,6.819
3,75.16,6.911,6.840333333333334
3,75.17,7.06,6.861196078431372
3,75.18,6.99,6.885254901960785
3,75.19,7.025,6.9053137254901955
3,75.2,7.046,6.921568627450981
3,75.21,6.953,6.93778431372549
3,75.22,6.962,6.94964705882353
3,75.23,6.928,6.963705882352941
3,75.24,7.138,6.977
3,75.25,7.129,6.99070588235294
3,75.26,7.092,7.001980392156863
3,75.27,6.911,7.012627450980391
3,75.28,6.849,7.022745098039215
3,75.29,6.888,7.030862745098039
3,75.3,6.865,7.039235294117646
3,75.31,6.986,7.042803921568627
3,75.32,7.06,7.0469019607843135
3,75.33,7.195,7.049901960784313
3,75.34,7.222,7.0573137254901965
3,75.35,7.271,7.066058823529413
3,75.36,7.325,7.0736470588235285
3,75.37,7.46,7.079313725490195
3,75.38,7.496,7.084745098039216
3,75.39,7.406,7.087294117647059
3,75.4,7.464,7.089137254901961
3,75.41,7.425,7.090549019607843
3,75.42,7.446,7.093705882352941
3,75.43,7.475,7.093960784313725
3,75.44,7.365,7.095176470588235
3,75.45,7.277,7.095901960784314
3,75.46,7.191,7.096627450980392
3,75.47,7.013,7.099705882352941
3,75.48,7.116,7.102058823529411
3,75.49,6.986,7.105450980392156
3,75.5,7.099,7.104843137254902
3,75.51,7.031,7.104803921568628
3,75.52,6.914,7.108882352941176
3,75.53,6.992,7.115882352941177
3,75.54,7.017,7.125333333333335
3,75.55,7.026,7.131588235294118
3,75.56,6.9,7.139058823529411
3,75.57,6.918,7.142686274509804
3,75.58,6.832,7.145529411764706
3,75.59,6.937,7.146196078431373
3,75.6,7.008,7.146921568627451
3,75.61,7.071,7.147235294117647
3,75.62,7.075,7.145745098039216
3,75.63,7.001,7.143196078431372
3,75.64,7.001,7.141705882352941
3,75.65,6.895,7.137392156862745
3,75.66,6.975,7.133176470588235
3,75.67,7.072,7.1290588235294114
3,75.68,7.073,7.124803921568628
3,75.69,7.052,7.122588235294118
3,75.7,7.062,7.124117647058823
3,75.71,7.083,7.128470588235294
3,75.72,7.11,7.133137254901961
3,75.73,7.082,7.144
3,75.74,7.101,7.154098039215686
3,75.75,7.107,7.164039215686274
3,75.76,7.127,7.17
3,75.77,7.3,7.17664705882353
3,75.78,7.268,7.187725490196079
3,75.79,7.331,7.198137254901961
3,75.8,7.207,7.21021568627451
3,75.81,7.246,7.221156862745098
3,75.82,7.171,7.232450980392157
3,75.83,7.205,7.245372549019608
3,75.84,7.229,7.261156862745098
3,75.85,7.259,7.272411764705883
3,75.86,7.287,7.278254901960784
3,75.87,7.249,7.281960784313726
3,75.88,7.33,7.286490196078431
3,75.89,7.42,7.294392156862745
3,75.9,7.186,7.301117647058824
3,75.91,7.249,7.308176470588236
3,75.92,7.215,7.311313725490196
3,75.93,7.229,7.313529411764706
3,75.94,7.362,7.317411764705883
3,75.95,7.443,7.322470588235294
3,75.96,7.499,7.326019607843137
3,75.97,7.429,7.32735294117647
3,75.98,7.567,7.327529411764706
3,75.99,7.631,7.329803921568628
3,76.0,7.493,7.331803921568628
3,76.01,7.403,7.334176470588235
3,76.02,7.37,7.338019607843137
3,76.03,7.479,7.338274509803922
3,76.04,7.523,7.342823529411764
3,76.05,7.633,7.345254901960783
3,76.06,7.584,7.3480784313725485
3,76.07,7.476,7.351333333333334
3,76.08,7.577,7.35321568627451
3,76.09,7.637,7.353039215686274
3,76.1,7.511,7.352117647058823
3,76.11,7.306,7.350725490196078
3,76.12,7.26,7.349176470588235
3,76.13,7.306,7.347098039215687
3,76.14,7.404,7.341549019607843
3,76.15,7.344,7.333509803921569
3,76.16,7.255,7.330666666666666
3,76.17,7.135,7.324725490196079
3,76.18,7.185,7.318529411764706
3,76.19,7.271,7.308980392156863
3,76.2,7.31,7.298666666666666
3,76.21,7.243,7.284254901960785
3,76.22,7.151,7.26843137254902
3,76.23,7.119,7.252392156862745
3,76.24,7.198,7.234862745098039
3,76.25,7.203,7.21607843137255
3,76.26,7.228,7.202490196078432
3,76.27,7.323,7.192
3,76.28,7.313,7.180470588235294
3,76.29,7.5,7.164372549019609
3,76.3,7.455,7.148843137254902
3,76.31,7.351,7.1306666666666665
3,76.32,7.412,7.113490196078431
3,76.33,7.267,7.101862745098039
3,76.34,7.196,7.087039215686275
3,76.35,7.182,7.073823529411764
3,76.36,7.188,7.062647058823529
3,76.37,7.208,7.054215686274509
3,76.38,7.143,7.04421568627451
3,76.39,7.047,7.032627450980393
3,76.4,7.01,7.019431372549019
3,76.41,7.041,7.009725490196078
3,76.42,6.946,7.001039215686275
3,76.43,6.899,6.994588235294118
3,76.44,6.742,6.987431372549019
3,76.45,6.836,6.977490196078431
3,76.46,6.708,6.966196078431372
3,76.47,6.692,6.954725490196078
3,76.48,6.611,6.945313725490196
3,76.49,6.673,6.934901960784313
3,76.5,6.673,6.92421568627451
3,76.51,6.8,6.913156862745097
3,76.52,6.868,6.90421568627451
3,76.53,6.782,6.895333333333333
3,76.54,6.658,6.8834509803921575
3,76.55,6.731,6.865392156862745
3,76.56,6.706,6.851274509803922
3,76.57,6.708,6.840803921568628
3,76.58,6.883,6.829156862745098
3,76.59,6.821,6.818823529411764
3,76.6,6.963,6.810235294117647
3,76.61,6.941,6.80064705882353
3,76.62,6.876,6.794058823529412
3,76.63,6.75,6.787999999999999
3,76.64,6.715,6.781901960784314
3,76.65,6.731,6.778823529411765
3,76.66,6.849,6.772784313725491
3,76.67,6.812,6.766843137254902
3,76.68,6.806,6.762039215686274
3,76.69,6.82,6.760705882352941
3,76.7,6.764,6.758411764705883
3,76.71,6.734,6.752686274509804
3,76.72,6.658,6.75149019607843
3,76.73,6.671,6.750490196078431
3,76.74,6.588,6.750294117647059
3,76.75,6.653,6.751666666666666
3,76.76,6.639,6.754019607843137
3,76.77,6.772,6.755254901960785
3,76.78,6.87,6.751686274509803
3,76.79,6.707,6.749529411764706
3,76.8,6.579,6.748372549019607
3,76.81,6.735,6.746666666666666
3,76.82,6.817,6.746764705882353
3,76.83,6.818,6.7477647058823536
3,76.84,6.74,6.747843137254903
3,76.85,6.758,6.747313725490196
3,76.86,6.693,6.743235294117648
3,76.87,6.852,6.7408431372549025
3,76.88,6.899,6.739470588235295
3,76.89,6.832,6.7408431372549025
3,76.9,6.89,6.741784313725489
3,76.91,6.702,6.744843137254901
3,76.92,6.738,6.744901960784314
3,76.93,6.701,6.746294117647058
3,76.94,6.831,6.7482549019607845
3,76.95,6.625,6.748490196078431
3,76.96,6.544,6.752490196078432
3,76.97,6.647,6.754941176470588
3,76.98,6.641,6.757725490196078
3,76.99,6.601,6.758196078431372
3,77.0,6.743,6.759529411764706
3,77.01,6.793,6.758901960784312
3,77.02,6.863,6.759843137254902
3,77.03,6.686,6.757039215686275
3,77.04,6.672,6.752313725490197
3,77.05,6.599,6.749196078431371
3,77.06,6.644,6.7500784313725495
3,77.07,6.711,6.74786274509804
3,77.08,6.759,6.7456274509803915
3,77.09,6.887,6.747117647058824
3,77.1,6.794,6.750666666666667
3,77.11,6.755,6.751549019607843
3,77.12,6.819,6.756588235294118
3,77.13,6.806,6.7580784313725495
3,77.14,6.82,6.759431372549019
3,77.15,6.763,6.763745098039216
3,77.16,6.887,6.765450980392156
3,77.17,6.852,6.76935294117647
3,77.18,6.883,6.771254901960784
3,77.19,6.906,6.775176470588235
3,77.2,6.832,6.7737058823529415
3,77.21,6.968,6.774725490196078
3,77.22,6.859,6.779764705882354
3,77.23,6.8,6.783921568627451
3,77.24,6.695,6.787313725490196
3,77.25,6.656,6.792686274509804
3,77.26,6.621,6.795
3,77.27,6.687,6.796215686274509
3,77.28,6.629,6.797862745098039
3,77.29,6.629,6.803509803921569
3,77.3,6.548,6.806764705882353
3,77.31,6.624,6.813803921568628
3,77.32,6.622,6.819843137254902
3,77.33,6.703,6.82443137254902
3,77.34,6.894,6.826352941176469
3,77.35,6.921,6.824333333333334
3,77.36,6.803,6.826196078431372
3,77.37,6.95,6.831450980392157
3,77.38,6.928,6.835235294117647
3,77.39,6.968,6.839058823529411
3,77.4,7.052,6.842725490196078
3,77.41,6.977,6.847098039215687
3,77.42,6.901,6.8498431372549025
3,77.43,6.835,6.851901960784314
3,77.44,6.901,6.854529411764706
3,77.45,6.756,6.856098039215686
3,77.46,6.677,6.857921568627451
3,77.47,6.801,6.85535294117647
3,77.48,6.859,6.853490196078432
3,77.49,6.814,6.855078431372549
3,77.5,6.875,6.857784313725491
3,77.51,6.861,6.862254901960784
3,77.52,6.855,6.87
3,77.53,6.947,6.876588235294118
3,77.54,6.974,6.883843137254901
3,77.55,6.838,6.88921568627451
3,77.56,6.958,6.898156862745099
3,77.57,6.952,6.905509803921568
3,77.58,6.945,6.912647058823529
3,77.59,6.857,6.916294117647059
3,77.6,6.784,6.917156862745099
3,77.61,6.889,6.917137254901961
3,77.62,7.023,6.919137254901962
3,77.63,7.012,6.920117647058824
3,77.64,7.001,6.920549019607843
3,77.65,7.007,6.921862745098039
3,77.66,6.986,6.921705882352941
3,77.67,7.027,6.924137254901962
3,77.68,6.957,6.927960784313726
3,77.69,7.017,6.928529411764705
3,77.7,6.986,6.926941176470589
3,77.71,6.925,6.926705882352941
3,77.72,6.837,6.926588235294118
3,77.73,6.764,6.923764705882352
3,77.74,6.881,6.919568627450981
3,77.75,6.833,6.915843137254901
3,77.76,6.884,6.911254901960784
3,77.77,7.016,6.905999999999999
3,77.78,7.023,6.901745098039217
3,77.79,6.999,6.894137254901961
3,77.8,6.903,6.886921568627451
3,77.81,7.004,6.883137254901961
3,77.82,6.999,6.877627450980391
3,77.83,6.986,6.874098039215687
3,77.84,6.889,6.870588235294117
3,77.85,6.938,6.868392156862745
3,77.86,6.92,6.868039215686274
3,77.87,6.905,6.866450980392157
3,77.88,7.0,6.861450980392156
3,77.89,6.95,6.856392156862745
3,77.9,7.035,6.850372549019609
3,77.91,7.044,6.8452745098039225
3,77.92,7.101,6.840196078431373
3,77.93,7.096,6.835156862745097
3,77.94,6.864,6.830058823529411
3,77.95,6.82,6.823901960784314
3,77.96,6.744,6.818568627450981
3,77.97,6.671,6.8140392156862735
3,77.98,6.657,6.811980392156863
3,77.99,6.645,6.81156862745098
3,78.0,6.624,6.809686274509804
3,78.01,6.641,6.806843137254902
3,78.02,6.593,6.802745098039216
3,78.03,6.638,6.794980392156863
3,78.04,6.559,6.787862745098039
3,78.05,6.606,6.781745098039217
3,78.06,6.645,6.775941176470588
3,78.07,6.677,6.76964705882353
3,78.08,6.772,6.763490196078433
3,78.09,6.766,6.757117647058823
3,78.1,6.745,6.7523333333333335
3,78.11,6.766,6.7462745098039205
3,78.12,6.808,6.741372549019608
3,78.13,6.768,6.736627450980392
3,78.14,6.754,6.732176470588236
3,78.15,6.694,6.7274705882352945
3,78.16,6.747,6.719882352941177
3,78.17,6.727,6.7129803921568625
3,78.18,6.77,6.7031568627450975
3,78.19,6.697,6.693607843137254
3,78.2,6.703,6.688411764705882
3,78.21,6.714,6.682568627450981
3,78.22,6.694,6.676294117647059
3,78.23,6.732,6.67021568627451
3,78.24,6.743,6.662980392156863
3,78.25,6.785,6.656019607843137
3,78.26,6.688,6.649313725490196
3,78.27,6.675,6.644392156862745
3,78.28,6.62,6.639823529411765
3,78.29,6.66,6.63356862745098
3,78.3,6.687,6.6272745098039225
3,78.31,6.607,6.620235294117646
3,78.32,6.683,6.609490196078432
3,78.33,6.685,6.599803921568628
3,78.34,6.661,6.5889999999999995
3,78.35,6.645,6.578803921568627
3,78.36,6.629,6.569274509803922
3,78.37,6.67,6.559901960784313
3,78.38,6.663,6.549705882352941
3,78.39,6.773,6.540274509803922
3,78.4,6.71,6.532529411764706
3,78.41,6.648,6.528156862745098
3,78.42,6.692,6.522803921568626
3,78.43,6.6,6.51686274509804
3,78.44,6.609,6.511098039215687
3,78.45,6.599,6.507235294117647
3,78.46,6.522,6.502313725490196
3,78.47,6.424,6.4964313725490195
3,78.48,6.361,6.491882352941177
3,78.49,6.288,6.488764705882353
3,78.5,6.29,6.486176470588235
3,78.51,6.282,6.482862745098039
3,78.52,6.39,6.4833333333333325
3,78.53,6.36,6.481764705882353
3,78.54,6.319,6.483588235294117
3,78.55,6.238,6.484529411764706
3,78.56,6.247,6.485647058823528
3,78.57,6.097,6.487117647058824
3,78.58,6.183,6.486862745098039
3,78.59,6.221,6.486843137254901
3,78.6,6.246,6.487627450980392
3,78.61,6.259,6.488823529411765
3,78.62,6.288,6.490921568627452
3,78.63,6.288,6.491156862745099
3,78.64,6.287,6.490431372549019
3,78.65,6.359,6.4851568627450975
3,78.66,6.471,6.482
3,78.67,6.474,6.4811764705882355
3,78.68,6.424,6.4779019607843145
3,78.69,6.476,6.475117647058823
3,78.7,6.5,6.472647058823529
3,78.71,6.452,6.471803921568628
3,78.72,6.414,6.470901960784313
3,78.73,6.462,6.471823529411765
3,78.74,6.573,6.475745098039217
3,78.75,6.611,6.479058823529412
3,78.76,6.616,6.483941176470588
3,78.77,6.712,6.489725490196078
3,78.78,6.595,6.493137254901962
3,78.79,6.713,6.496921568627451
3,78.8,6.708,6.500490196078431
3,78.81,6.744,6.507392156862745
3,78.82,6.682,6.5138235294117655
3,78.83,6.67,6.522882352941176
3,78.84,6.684,6.534705882352941
3,78.85,6.701,6.547137254901961
3,78.86,6.706,6.558372549019609
3,78.87,6.736,6.570313725490196
3,78.88,6.682,6.582294117647059
3,78.89,6.626,6.595588235294118
3,78.9,6.504,6.60956862745098
3,78.91,6.549,6.62221568627451
3,78.92,6.606,6.631725490196079
3,78.93,6.525,6.641117647058824
3,78.94,6.458,6.650235294117647
3,78.95,6.483,6.655372549019607
3,78.96,6.556,6.6583725490196075
3,78.97,6.476,6.661705882352941
3,78.98,6.471,6.664843137254902
3,78.99,6.561,6.66721568627451
3,79.0,6.457,6.669294117647058
3,79.01,6.539,6.671725490196078
3,79.02,6.577,6.674254901960785
3,79.03,6.564,6.676764705882354
3,79.04,6.553,6.679843137254902
3,79.05,6.501,6.680549019607843
3,79.06,6.59,6.680019607843137
3,79.07,6.575,6.678156862745098
3,79.08,6.559,6.675862745098039
3,79.09,6.786,6.674941176470588
3,79.1,6.855,6.674921568627452
3,79.11,6.819,6.674980392156862
3,79.12,6.868,6.6758235294117645
3,79.13,6.899,6.67635294117647
3,79.14,6.966,6.677725490196078
3,79.15,7.0,6.6799019607843135
3,79.16,7.004,6.684607843137254
3,79.17,6.956,6.687313725490196
3,79.18,6.953,6.689274509803922
3,79.19,6.889,6.690254901960784
3,79.2,6.738,6.693764705882353
3,79.21,6.653,6.6942941176470585
3,79.22,6.622,6.695352941176471
3,79.23,6.574,6.69621568627451
3,79.24,6.583,6.697549019607843
3,79.25,6.679,6.696509803921568
3,79.26,6.735,6.695196078431373
3,79.27,6.745,6.692725490196079
3,79.28,6.84,6.6887058823529415
3,79.29,6.752,6.686705882352941
3,79.3,6.749,6.682666666666666
3,79.31,6.681,6.679568627450981
3,79.32,6.649,6.675490196078431
3,79.33,6.565,6.671980392156862
3,79.34,6.623,6.668274509803921
3,79.35,6.683,6.660156862745098
3,79.36,6.704,6.651078431372548
3,79.37,6.749,6.642352941176471
3,79.38,6.763,6.632078431372549
3,79.39,6.752,6.621470588235294
3,79.4,6.737,6.609431372549019
3,79.41,6.744,6.596254901960784
3,79.42,6.687,6.582509803921569
3,79.43,6.706,6.570725490196078
3,79.44,6.575,6.560156862745099
3,79.45,6.637,6.551274509803922
3,79.46,6.51,6.545117647058824
3,79.47,6.61,6.541901960784314
3,79.48,6.52,6.53956862745098
3,79.49,6.539,6.538000000000001
3,79.5,6.508,6.537745098039216
3,79.51,6.39,6.534372549019609
3,79.52,6.413,6.531137254901961
3,79.53,6.372,6.528137254901961
3,79.54,6.462,6.523274509803921
3,79.55,6.347,6.517117647058824
3,79.56,6.343,6.511588235294118
3,79.57,6.382,6.507450980392157
3,79.58,6.396,6.504607843137255
3,79.59,6.37,6.503627450980392
3,79.6,6.372,6.503960784313725
3,79.61,6.392,6.5029803921568625
3,79.62,6.374,6.50129411764706
3,79.63,6.344,6.498372549019607
3,79.64,6.358,6.496058823529412
3,79.65,6.352,6.49407843137255
3,79.66,6.328,6.4912745098039215
3,79.67,6.303,6.487411764705882
3,79.68,6.355,6.482823529411765
3,79.69,6.414,6.478333333333333
3,79.7,6.436,6.475843137254901
3,79.71,6.424,6.471705882352942
3,79.72,6.489,6.470137254901961
3,79.73,6.503,6.466666666666667
3,79.74,6.494,6.4657647058823535
3,79.75,6.57,6.46386274509804
3,79.76,6.507,6.461313725490196
3,79.77,6.57,6.46221568627451
3,79.78,6.592,6.460431372549019
3,79.79,6.592,6.461509803921568
3,79.8,6.438,6.459705882352941
3,79.81,6.467,6.458686274509804
3,79.82,6.47,6.458764705882353
3,79.83,6.504,6.458333333333333
3,79.84,6.515,6.456294117647059
3,79.85,6.64,6.453235294117647
3,79.86,6.633,6.451117647058823
3,79.87,6.618,6.44821568627451
3,79.88,6.6,6.443450980392156
3,79.89,6.645,6.437019607843138
3,79.9,6.651,6.433196078431373
3,79.91,6.594,6.428058823529412
3,79.92,6.547,6.423411764705882
3,79.93,6.453,6.418901960784313
3,79.94,6.477,6.4135686274509816
3,79.95,6.448,6.406745098039215
3,79.96,6.426,6.399392156862746
3,79.97,6.43,6.392490196078432
3,79.98,6.433,6.386274509803921
3,79.99,6.474,6.378254901960784
3,80.0,6.442,6.369960784313726
3,80.01,6.378,6.361156862745098
3,80.02,6.436,6.353058823529412
3,80.03,6.322,6.343490196078431
3,80.04,6.427,6.333882352941177
3,80.05,6.37,6.324509803921569
3,80.06,6.295,6.3187647058823515
3,80.07,6.347,6.313627450980392
3,80.08,6.36,6.307921568627451
3,80.09,6.292,6.301764705882353
3,80.1,6.214,6.29607843137255
3,80.11,6.264,6.28543137254902
3,80.12,6.244,6.275490196078431
3,80.13,6.131,6.265960784313725
3,80.14,6.016,6.2548039215686275
3,80.15,6.163,6.241607843137255
3,80.16,6.09,6.22921568627451
3,80.17,6.091,6.218862745098039
3,80.18,6.073,6.209
3,80.19,6.083,6.1989607843137255
3,80.2,6.066,6.18835294117647
3,80.21,6.061,6.179
3,80.22,6.072,6.17243137254902
3,80.23,6.172,6.1635294117647055
3,80.24,6.094,6.154450980392157
3,80.25,6.071,6.145313725490196
3,80.26,6.121,6.137333333333332
3,80.27,6.094,6.1320588235294125
3,80.28,6.082,6.126333333333334
3,80.29,6.102,6.124156862745098
3,80.3,6.114,6.12092156862745
3,80.31,6.145,6.115705882352941
3,80.32,6.205,6.111666666666666
3,80.33,6.179,6.107549019607843
3,80.34,6.19,6.10456862745098
3,80.35,6.225,6.101607843137256
3,80.36,6.097,6.099333333333334
3,80.37,6.126,6.096039215686275
3,80.38,6.132,6.091392156862745
3,80.39,6.031,6.08921568627451
3,80.4,5.972,6.089254901960784
3,80.41,6.019,6.085764705882352
3,80.42,6.066,6.085764705882354
3,80.43,6.044,6.086666666666667
3,80.44,5.941,6.088019607843138
3,80.45,5.936,6.087392156862745
3,80.46,5.971,6.086215686274509
3,80.47,6.091,6.086764705882352
3,80.48,5.976,6.085392156862745
3,80.49,5.97,6.0828235294117645
3,80.5,6.008,6.081
3,80.51,6.035,6.077823529411765
3,80.52,6.109,6.074274509803922
3,80.53,6.144,6.07086274509804
3,80.54,6.211,6.068098039215687
3,80.55,6.262,6.065235294117647
3,80.56,6.104,6.061117647058824
3,80.57,6.089,6.055627450980393
3,80.58,6.137,6.049549019607843
3,80.59,6.208,6.043823529411765
3,80.6,6.141,6.039529411764707
3,80.61,6.098,6.033549019607843
3,80.62,6.096,6.0317058823529415
3,80.63,6.007,6.029215686274509
3,80.64,6.02,6.0249411764705885
3,80.65,6.018,6.023666666666666
3,80.66,5.985,6.023215686274509
3,80.67,6.09,6.021980392156863
3,80.68,6.137,6.019098039215686
3,80.69,6.142,6.016411764705883
3,80.7,6.051,6.016588235294118
3,80.71,6.006,6.0170980392156865
3,80.72,6.089,6.016450980392157
3,80.73,6.002,6.015999999999999
3,80.74,6.041,6.017803921568627
3,80.75,6.001,6.018764705882353
3,80.76,5.909,6.017647058823529
3,80.77,5.94,6.015411764705882
3,80.78,5.92,6.012470588235294
3,80.79,5.941,6.008529411764706
3,80.8,5.956,6.004921568627451
3,80.81,5.904,5.998705882352942
3,80.82,5.865,5.997411764705882
3,80.83,5.895,5.995588235294117
3,80.84,5.887,5.9950392156862735
3,80.85,5.971,5.990607843137255
3,80.86,5.92,5.98856862745098
3,80.87,6.003,5.988392156862744
3,80.88,5.999,5.9875686274509805
3,80.89,5.914,5.98792156862745
3,80.9,5.966,5.9876274509803915
3,80.91,5.949,5.985803921568627
3,80.92,5.956,5.986450980392157
3,80.93,5.919,5.98535294117647
3,80.94,5.907,5.981901960784314
3,80.95,5.95,5.979823529411765
3,80.96,5.962,5.981
3,80.97,5.938,5.982588235294118
3,80.98,6.068,5.981215686274511
3,80.99,6.068,5.982568627450981
3,81.0,6.019,5.982490196078432
3,81.01,5.951,5.983098039215686
3,81.02,5.921,5.985549019607842
3,81.03,5.959,5.987725490196078
3,81.04,5.943,5.9911176470588225
3,81.05,6.027,5.9941176470588236
3,81.06,5.945,5.9974509803921565
3,81.07,6.038,6.002019607843137
3,81.08,5.996,6.008372549019607
3,81.09,6.109,6.014705882352941
3,81.1,5.982,6.021960784313726
3,81.11,6.037,6.025470588235294
3,81.12,6.089,6.030647058823529
3,81.13,6.054,6.034725490196078
3,81.14,6.025,6.041333333333333
3,81.15,6.005,6.050196078431372
3,81.16,5.925,6.055372549019608
3,81.17,6.018,6.061196078431373
3,81.18,6.034,6.0663921568627455
3,81.19,5.961,6.071666666666667
3,81.2,6.036,6.076686274509804
3,81.21,6.111,6.080607843137255
3,81.22,6.087,6.083607843137255
3,81.23,6.019,6.085843137254901
3,81.24,6.071,6.08586274509804
3,81.25,6.037,6.086941176470588
3,81.26,6.032,6.088980392156863
3,81.27,6.034,6.094117647058824
3,81.28,6.051,6.099803921568628
3,81.29,6.093,6.105274509803922
3,81.3,6.094,6.110725490196078
3,81.31,6.126,6.114470588235295
3,81.32,6.137,6.121019607843138
3,81.33,6.189,6.125686274509803
3,81.34,6.218,6.131647058823529
3,81.35,6.257,6.136549019607844
3,81.36,6.15,6.1456470588235295
3,81.37,6.184,6.151941176470589
3,81.38,6.211,6.158647058823529
3,81.39,6.336,6.16735294117647
3,81.4,6.366,6.176568627450981
3,81.41,6.23,6.18613725490196
3,81.42,6.246,6.196450980392157
3,81.43,6.221,6.203764705882353
3,81.44,6.188,6.212196078431373
3,81.45,6.163,6.222117647058823
3,81.46,6.15,6.23056862745098
3,81.47,6.115,6.239647058823529
3,81.48,6.052,6.250803921568627
3,81.49,6.069,6.261196078431372
3,81.5,6.123,6.2720392156862745
3,81.51,6.123,6.284686274509804
3,81.52,6.213,6.297509803921568
3,81.53,6.211,6.309352941176471
3,81.54,6.238,6.32264705882353
3,81.55,6.221,6.33543137254902
3,81.56,6.218,6.349490196078432
3,81.57,6.279,6.3626274509803915
3,81.58,6.276,6.376235294117647
3,81.59,6.3,6.3896274509803925
3,81.6,6.359,6.401686274509804
3,81.61,6.446,6.412999999999999
3,81.62,6.358,6.425666666666666
3,81.63,6.431,6.437313725490196
3,81.64,6.498,6.44721568627451
3,81.65,6.495,6.454215686274511
3,81.66,6.493,6.458960784313725
3,81.67,6.451,6.467156862745098
3,81.68,6.391,6.4740980392156855
3,81.69,6.464,6.481176470588235
3,81.7,6.467,6.490823529411764
3,81.71,6.467,6.499803921568627
3,81.72,6.574,6.510843137254902
3,81.73,6.656,6.521960784313726
3,81.74,6.549,6.5347647058823535
3,81.75,6.624,6.54843137254902
3,81.76,6.682,6.559980392156863
3,81.77,6.686,6.571607843137255
3,81.78,6.638,6.582254901960784
3,81.79,6.729,6.594549019607843
3,81.8,6.745,6.605411764705882
3,81.81,6.811,6.617803921568627
3,81.82,6.796,6.630254901960784
3,81.83,6.831,6.639078431372548
3,81.84,6.872,6.649372549019608
3,81.85,6.833,6.660117647058823
3,81.86,6.834,6.668196078431372
3,81.87,6.796,6.677058823529412
3,81.88,6.778,6.688019607843137
3,81.89,6.716,6.698352941176472
3,81.9,6.693,6.705411764705882
3,81.91,6.608,6.711176470588236
3,81.92,6.648,6.715960784313726
3,81.93,6.6,6.7211960784313725
3,81.94,6.582,6.727666666666667
3,81.95,6.68,6.7323137254901955
3,81.96,6.621,6.73707843137255
3,81.97,6.713,6.742647058823529
3,81.98,6.682,6.745450980392158
3,81.99,6.705,6.745764705882353
3,82.0,6.766,6.7486274509803925
3,82.01,6.712,6.7499215686274505
3,82.02,6.716,6.749823529411764
3,82.03,6.756,6.750274509803922
3,82.04,6.838,6.755058823529413
3,82.05,6.792,6.758254901960784
3,82.06,6.853,6.761333333333333
3,82.07,6.853,6.765313725490196
3,82.08,6.729,6.767764705882353
3,82.09,6.801,6.771156862745098
3,82.1,6.848,6.773509803921567
3,82.11,6.771,6.777470588235294
3,82.12,6.898,6.77921568627451
3,82.13,6.917,6.783039215686275
3,82.14,6.958,6.786745098039215
3,82.15,6.858,6.7926078431372545
3,82.16,6.789,6.7965294117647055
3,82.17,6.737,6.805372549019608
3,82.18,6.718,6.812607843137256
3,82.19,6.721,6.820313725490196
3,82.2,6.701,6.826588235294118
3,82.21,6.71,6.831666666666667
3,82.22,6.751,6.841215686274511
3,82.23,6.717,6.849960784313725
3,82.24,6.672,6.859588235294118
3,82.25,6.695,6.8675098039215685
3,82.26,6.69,6.871529411764706
3,82.27,6.677,6.877352941176471
3,82.28,6.709,6.8850196078431365
3,82.29,6.882,6.893803921568628
3,82.3,6.892,6.900725490196079
3,82.31,6.902,6.90721568627451
3,82.32,7.014,6.910039215686275
3,82.33,6.921,6.9139019607843135
3,82.34,7.004,6.921235294117647
3,82.35,6.992,6.926803921568628
3,82.36,7.035,6.931098039215686
3,82.37,6.923,6.934392156862745
3,82.38,6.991,6.934666666666666
3,82.39,6.967,6.934392156862745
3,82.4,7.015,6.933568627450979
3,82.41,6.893,6.9337647058823535
3,82.42,7.059,6.936313725490195
3,82.43,7.017,6.939411764705883
3,82.44,6.993,6.942764705882353
3,82.45,6.902,6.944686274509803
3,82.46,6.939,6.947960784313724
3,82.47,7.108,6.950509803921569
3,82.48,7.159,6.951823529411765
3,82.49,7.173,6.955803921568627
3,82.5,7.109,6.962470588235294
3,82.51,6.971,6.967745098039216
3,82.52,7.009,6.971254901960784
3,82.53,7.107,6.975882352941176
3,82.54,7.204,6.980333333333333
3,82.55,7.191,6.982980392156863
3,82.56,7.123,6.982666666666667
3,82.57,6.997,6.981078431372549
3,82.58,7.05,6.976745098039215
3,82.59,7.103,6.974117647058824
3,82.6,7.085,6.96921568627451
3,82.61,7.067,6.965294117647059
3,82.62,6.939,6.961470588235294
3,82.63,6.912,6.959745098039216
3,82.64,6.903,6.959666666666666
3,82.65,6.916,6.958588235294118
3,82.66,6.868,6.955215686274509
3,82.67,6.919,6.953392156862745
3,82.68,6.895,6.949666666666666
3,82.69,6.889,6.9471960784313715
3,82.7,6.819,6.942352941176471
3,82.71,6.868,6.940352941176471
3,82.72,6.84,6.938509803921568
3,82.73,6.818,6.9307647058823525
3,82.74,6.92,6.922607843137254
3,82.75,7.012,6.913784313725491
3,82.76,6.964,6.909254901960785
3,82.77,6.869,6.90764705882353
3,82.78,6.913,6.905019607843137
3,82.79,6.936,6.89686274509804
3,82.8,7.017,6.888039215686275
3,82.81,6.876,6.878862745098039
3,82.82,6.821,6.871686274509803
3,82.83,6.793,6.867392156862745
3,82.84,6.787,6.863549019607843
3,82.85,6.754,6.860764705882353
3,82.86,6.792,6.8583333333333325
3,82.87,6.84,6.857098039215687
3,82.88,6.835,6.861450980392156
3,82.89,6.987,6.865137254901961
3,82.9,6.912,6.869666666666667
3,82.91,6.843,6.8781960784313725
3,82.92,6.8,6.886450980392157
3,82.93,6.869,6.890607843137256
3,82.94,6.891,6.896333333333333
3,82.95,6.746,6.901843137254901
3,82.96,6.8,6.910666666666667
3,82.97,6.845,6.918098039215687
3,82.98,6.713,6.925274509803921
3,82.99,6.743,6.93335294117647
3,83.0,6.723,6.942431372549019
3,83.01,6.878,6.949215686274509
3,83.02,6.889,6.958078431372549
3,83.03,6.875,6.9666274509803925
3,83.04,6.691,6.975666666666667
3,83.05,6.754,6.982823529411764
3,83.06,6.723,6.988921568627451
3,83.07,6.757,6.9959999999999996
3,83.08,6.778,7.007431372549019
3,83.09,6.854,7.022431372549019
3,83.1,6.961,7.03756862745098
3,83.11,6.961,7.054901960784313
3,83.12,7.004,7.071
3,83.13,7.161,7.0857254901960784
3,83.14,7.1,7.099490196078432
3,83.15,7.134,7.110882352941177
3,83.16,7.351,7.123941176470588
3,83.17,7.289,7.138529411764707
3,83.18,7.131,7.155941176470589
3,83.19,7.187,7.170921568627451
3,83.2,7.17,7.183058823529412
3,83.21,7.269,7.196254901960783
3,83.22,7.247,7.208411764705882
3,83.23,7.206,7.2197450980392155
3,83.24,7.23,7.232
3,83.25,7.383,7.242999999999999
3,83.26,7.358,7.252666666666666
3,83.27,7.416,7.259235294117647
3,83.28,7.305,7.264882352941176
3,83.29,7.374,7.2704313725490195
3,83.3,7.301,7.282019607843137
3,83.31,7.328,7.293117647058824
3,83.32,7.237,7.303823529411764
3,83.33,7.404,7.3145686274509805
3,83.34,7.558,7.3276666666666666
3,83.35,7.559,7.338235294117647
3,83.36,7.638,7.3480196078431375
3,83.37,7.613,7.354313725490196
3,83.38,7.591,7.360607843137254
3,83.39,7.537,7.367882352941177
3,83.4,7.568,7.374313725490197
3,83.41,7.578,7.380843137254902
3,83.42,7.587,7.380490196078431
3,83.43,7.688,7.379882352941177
3,83.44,7.633,7.381745098039215
3,83.45,7.51,7.383980392156864
3,83.46,7.419,7.384862745098039
3,83.47,7.42,7.385098039215686
3,83.48,7.423,7.385705882352941
3,83.49,7.338,7.38764705882353
3,83.5,7.304,7.390705882352941
3,83.51,7.216,7.390705882352942
3,83.52,7.213,7.38921568627451
3,83.53,7.177,7.385372549019608
3,83.54,7.158,7.3872156862745095
3,83.55,7.282,7.387470588235294
3,83.56,7.32,7.388627450980392
3,83.57,7.269,7.388529411764706
3,83.58,7.305,7.388039215686275
3,83.59,7.446,7.384176470588236
3,83.6,7.393,7.375470588235294
3,83.61,7.46,7.365647058823529
3,83.62,7.282,7.352352941176471
3,83.63,7.325,7.337392156862745
3,83.64,7.532,7.3266470588235295
3,83.65,7.428,7.315549019607842
3,83.66,7.467,7.303549019607843
3,83.67,7.333,7.29107843137255
3,83.68,7.258,7.28043137254902
3,83.69,7.226,7.2692549019607835
3,83.7,7.301,7.258450980392157
3,83.71,7.215,7.247941176470587
3,83.72,7.281,7.240274509803922
3,83.73,7.278,7.230411764705883
3,83.74,7.305,7.220882352941176
3,83.75,7.386,7.21278431372549
3,83.76,7.383,7.204039215686275
3,83.77,7.282,7.19686274509804
3,83.78,7.22,7.189019607843137
3,83.79,7.399,7.184
3,83.8,7.387,7.1810784313725495
3,83.81,7.36,7.174607843137255
3,83.82,7.323,7.169999999999999
3,83.83,7.212,7.166372549019608
3,83.84,7.207,7.161039215686275
3,83.85,7.114,7.15570588235294
3,83.86,7.058,7.148372549019608
3,83.87,6.96,7.141803921568627
3,83.88,6.85,7.142313725490196
3,83.89,7.043,7.142686274509804
3,83.9,6.971,7.138411764705883
3,83.91,6.956,7.140294117647058
3,83.92,6.942,7.139568627450981
3,83.93,7.044,7.138039215686275
3,83.94,7.118,7.135588235294117
3,83.95,7.082,7.134294117647059
3,83.96,6.974,7.133313725490195
3,83.97,7.028,7.134019607843138
3,83.98,6.917,7.1346862745098045
3,83.99,6.937,7.137627450980392
3,84.0,6.925,7.139607843137255
3,84.01,6.858,7.139392156862746
3,84.02,6.85,7.136862745098038
3,84.03,6.813,7.135078431372549
3,84.04,6.921,7.136000000000001
3,84.05,7.009,7.133921568627452
3,84.06,6.952,7.131745098039216
3,84.07,7.085,7.1310392156862745
3,84.08,7.084,7.1302941176470584
3,84.09,7.033,7.134333333333333
3,84.1,7.174,7.136352941176471
3,84.11,7.019,7.1382352941176475
3,84.12,7.125,7.142411764705883
3,84.13,7.308,7.145607843137254
3,84.14,7.344,7.149156862745099
3,84.15,7.314,7.149274509803922
3,84.16,7.524,7.15186274509804
3,84.17,7.43,7.153705882352941
3,84.18,7.255,7.156098039215687
3,84.19,7.133,7.1586862745098045
3,84.2,7.16,7.161098039215687
3,84.21,7.251,7.163450980392157
3,84.22,7.251,7.166941176470589
3,84.23,7.315,7.171019607843137
3,84.24,7.428,7.180960784313725
3,84.25,7.406,7.18586274509804
3,84.26,7.375,7.191274509803922
3,84.27,7.254,7.199137254901961
3,84.28,7.191,7.205980392156863
3,84.29,7.267,7.215470588235294
3,84.3,7.293,7.22086274509804
3,84.31,7.276,7.222666666666666
3,84.32,7.324,7.226372549019608
3,84.33,7.285,7.22664705882353
3,84.34,7.418,7.224549019607843
3,84.35,7.31,7.225666666666667
3,84.36,7.21,7.226333333333334
3,84.37,7.271,7.22707843137255
3,84.38,7.123,7.224862745098039
3,84.39,7.031,7.218117647058824
3,84.4,7.049,7.213058823529413
3,84.41,7.103,7.208941176470589
3,84.42,7.05,7.1995490196078435
3,84.43,7.064,7.195431372549019
3,84.44,7.176,7.197862745098039
3,84.45,7.241,7.199490196078432
3,84.46,7.202,7.197862745098039
3,84.47,7.152,7.193980392156863
3,84.48,7.236,7.19164705882353
3,84.49,7.424,7.187627450980392
3,84.5,7.187,7.179274509803921
3,84.51,7.201,7.167999999999999
3,84.52,7.259,7.156941176470587
3,84.53,7.199,7.1525686274509805
3,84.54,7.297,7.1464509803921565
3,84.55,7.196,7.138156862745098
3,84.56,7.101,7.1284705882352934
3,84.57,7.141,7.116588235294117
3,84.58,7.099,7.106215686274511
3,84.59,6.977,7.097196078431373
3,84.6,7.09,7.087549019607843
3,84.61,7.208,7.076156862745099
3,84.62,7.057,7.066411764705882
3,84.63,7.012,7.053705882352941
3,84.64,6.964,7.044529411764707
3,84.65,7.086,7.033274509803921
3,84.66,7.104,7.023137254901961
3,84.67,7.045,7.011156862745098
3,84.68,7.22,6.999901960784314
3,84.69,7.379,6.985725490196078
3,84.7,7.216,6.968117647058823
3,84.71,7.077,6.9512745098039215
3,84.72,7.053,6.93556862745098
3,84.73,7.132,6.918705882352942
3,84.74,7.11,6.9009019607843145
3,84.75,7.002,6.87935294117647
3,84.76,6.831,6.863372549019608
3,84.77,6.811,6.84786274509804
3,84.78,7.031,6.831078431372549
3,84.79,6.879,6.8161764705882355
3,84.8,6.844,6.800745098039216
3,84.81,6.799,6.786862745098039
3,84.82,6.67,6.7740784313725495
3,84.83,6.795,6.760941176470588
3,84.84,6.825,6.748862745098039
3,84.85,6.926,6.74021568627451
3,84.86,6.729,6.729039215686274
3,84.87,6.713,6.718235294117647
3,84.88,6.623,6.711274509803921
3,84.89,6.655,6.704098039215686
3,84.9,6.457,6.696862745098039
3,84.91,6.532,6.68535294117647
3,84.92,6.492,6.672588235294118
3,84.93,6.476,6.661078431372548
3,84.94,6.341,6.649333333333333
3,84.95,6.278,6.6341568627450975
3,84.96,6.382,6.623392156862745
3,84.97,6.401,6.616176470588234
3,84.98,6.292,6.607960784313725
3,84.99,6.328,6.597823529411764
3,85.0,6.325,6.589666666666667
3,85.01,6.372,6.58256862745098
3,85.02,6.41,6.578862745098039
3,85.03,6.403,6.573058823529411
3,85.04,6.439,6.5645686274509805
3,85.05,6.51,6.556980392156863
3,85.06,6.488,6.549901960784314
3,85.07,6.449,6.539294117647059
3,85.08,6.471,6.531450980392156
3,85.09,6.483,6.520254901960785
3,85.1,6.536,6.507568627450981
3,85.11,6.52,6.492274509803922
3,85.12,6.657,6.482294117647059
3,85.13,6.702,6.473960784313726
3,85.14,6.646,6.465882352941176
3,85.15,6.595,6.456254901960785
3,85.16,6.499,6.4520196078431375
3,85.17,6.453,6.44621568627451
3,85.18,6.458,6.4416078431372545
3,85.19,6.621,6.435960784313725
3,85.2,6.605,6.4297450980392155
3,85.21,6.667,6.425215686274511
3,85.22,6.709,6.4211568627450974
3,85.23,6.634,6.418352941176471
3,85.24,6.615,6.417078431372548
3,85.25,6.694,6.416313725490196
3,85.26,6.64,6.415098039215686
3,85.27,6.642,6.414921568627451
3,85.28,6.515,6.4112156862745096
3,85.29,6.598,6.410803921568628
3,85.3,6.492,6.409098039215686
3,85.31,6.483,6.405666666666667
3,85.32,6.258,6.403705882352941
3,85.33,6.27,6.406156862745098
3,85.34,6.224,6.4077254901960785
3,85.35,6.178,6.405470588235294
3,85.36,6.146,6.403843137254901
3,85.37,6.22,6.403509803921569
3,85.38,6.288,6.4018235294117645
3,85.39,6.211,6.401392156862745
3,85.4,6.164,6.400509803921568
3,85.41,6.241,6.404960784313726
3,85.42,6.236,6.410078431372549
3,85.43,6.257,6.4147647058823525
3,85.44,6.188,6.420313725490196
3,85.45,6.024,6.423941176470589
3,85.46,6.047,6.428764705882354
3,85.47,6.175,6.431313725490195
3,85.48,6.258,6.434901960784313
3,85.49,6.227,6.439803921568628
3,85.5,6.289,6.4464901960784315
3,85.51,6.263,6.450431372549019
3,85.52,6.363,6.457882352941176
3,85.53,6.221,6.46678431372549
3,85.54,6.382,6.473980392156863
3,85.55,6.352,6.479607843137255
3,85.56,6.335,6.4860196078431365
3,85.57,6.388,6.492176470588236
3,85.58,6.574,6.500960784313725
3,85.59,6.551,6.509549019607843
3,85.6,6.368,6.519725490196078
3,85.61,6.453,6.530725490196078
3,85.62,6.503,6.540039215686275
3,85.63,6.571,6.5511960784313725
3,85.64,6.68,6.562372549019607
3,85.65,6.601,6.5776666666666666
3,85.66,6.822,6.591607843137254
3,85.67,6.76,6.603019607843137
3,85.68,6.692,6.612509803921569
3,85.69,6.741,6.62078431372549
3,85.7,6.806,6.630705882352941
3,85.71,6.851,6.646058823529412
3,85.72,6.797,6.661529411764706
3,85.73,6.892,6.674588235294118
3,85.74,6.884,6.684411764705882
3,85.75,6.956,6.695039215686275
3,85.76,6.895,6.705117647058824
3,85.77,7.02,6.715725490196078
3,85.78,7.096,6.725941176470587
3,85.79,6.882,6.7377843137254905
3,85.8,6.885,6.7456274509803915
3,85.81,6.819,6.7540588235294114
3,85.82,6.797,6.765372549019608
3,85.83,6.706,6.772078431372549
3,85.84,6.708,6.77570588235294
3,85.85,6.743,6.78070588235294
3,85.86,6.739,6.791745098039216
3,85.87,6.621,6.801764705882354
3,85.88,6.789,6.81221568627451
3,85.89,6.858,6.81943137254902
3,85.9,6.991,6.826117647058823
3,85.91,6.875,6.833764705882353
3,85.92,6.823,6.837627450980392
3,85.93,6.72,6.8443137254901965
3,85.94,6.679,6.851019607843137
3,85.95,6.694,6.8594509803921575
3,85.96,6.807,6.8666470588235295
3,85.97,6.836,6.871549019607843
3,85.98,6.841,6.879470588235295
3,85.99,6.759,6.888058823529412
3,86.0,6.769,6.893843137254902
3,86.01,6.803,6.8987647058823525
3,86.02,6.804,6.903392156862744
3,86.03,6.884,6.905137254901962
3,86.04,6.825,6.904745098039216
3,86.05,6.782,6.907313725490196
3,86.06,6.782,6.911568627450981
3,86.07,6.912,6.91664705882353
3,86.08,6.73,6.921392156862745
3,86.09,6.759,6.927509803921569
3,86.1,6.806,6.933686274509804
3,86.11,6.931,6.937156862745098
3,86.12,6.964,6.939450980392158
3,86.13,7.036,6.943235294117646
3,86.14,6.939,6.943294117647059
3,86.15,7.021,6.940784313725491
3,86.16,6.991,6.93386274509804
3,86.17,7.019,6.9315686274509805
3,86.18,7.101,6.927862745098039
3,86.19,7.034,6.924078431372549
3,86.2,7.171,6.920745098039215
3,86.21,7.173,6.914352941176471
3,86.22,7.101,6.906294117647059
3,86.23,7.201,6.89856862745098
3,86.24,7.33,6.893117647058823
3,86.25,7.179,6.891117647058824
3,86.26,7.207,6.887901960784314
3,86.27,7.131,6.8820588235294125
3,86.28,7.109,6.875705882352941
3,86.29,7.076,6.866764705882353
3,86.3,7.013,6.858450980392157
3,86.31,7.102,6.852607843137255
3,86.32,7.078,6.844078431372549
3,86.33,7.039,6.831999999999999
3,86.34,7.018,6.824450980392157
3,86.35,7.023,6.814607843137256
3,86.36,6.92,6.80335294117647
3,86.37,6.856,6.788392156862744
3,86.38,6.814,6.774686274509804
3,86.39,6.792,6.75978431372549
3,86.4,6.73,6.7459411764705886
3,86.41,6.638,6.729803921568628
3,86.42,6.758,6.715313725490196
3,86.43,6.634,6.6995490196078435
3,86.44,6.527,6.681803921568627
3,86.45,6.509,6.662960784313726
3,86.46,6.368,6.642254901960785
3,86.47,6.396,6.62313725490196
3,86.48,6.442,6.606980392156862
3,86.49,6.563,6.585980392156863
3,86.5,6.657,6.561352941176471
3,86.51,6.605,6.540529411764706
3,86.52,6.505,6.519980392156863
3,86.53,6.48,6.501411764705883
3,86.54,6.428,6.480764705882353
3,86.55,6.401,6.4594313725490204
3,86.56,6.484,6.440274509803921
3,86.57,6.347,6.418176470588235
3,86.58,6.296,6.3954313725490195
3,86.59,6.345,6.37443137254902
3,86.6,6.257,6.353156862745099
3,86.61,6.232,6.330921568627451
3,86.62,6.168,6.309568627450981
3,86.63,6.265,6.289450980392157
3,86.64,6.276,6.270725490196079
3,86.65,6.233,6.249725490196078
3,86.66,6.198,6.230078431372549
3,86.67,6.252,6.212411764705883
3,86.68,6.215,6.192
3,86.69,6.196,6.175529411764706
3,86.7,6.073,6.160313725490197
3,86.71,6.115,6.1443529411764715
3,86.72,6.198,6.132411764705882
3,86.73,6.277,6.118470588235294
3,86.74,6.13,6.1047843137254905
3,86.75,6.074,6.0898039215686275
3,86.76,6.117,6.071568627450981
3,86.77,6.159,6.053490196078432
3,86.78,6.184,6.037803921568627
3,86.79,6.056,6.021568627450979
3,86.8,5.988,6.006666666666666
3,86.81,6.036,5.991470588235294
3,86.82,5.975,5.97521568627451
3,86.83,5.918,5.96086274509804
3,86.84,5.968,5.94872549019608
3,86.85,5.933,5.934921568627451
3,86.86,5.889,5.923470588235293
3,86.87,5.831,5.912490196078432
3,86.88,5.83,5.904529411764706
3,86.89,5.859,5.8930196078431365
3,86.9,5.721,5.8820588235294125
3,86.91,5.728,5.874568627450981
3,86.92,5.737,5.865176470588235
3,86.93,5.717,5.856156862745099
3,86.94,5.794,5.849274509803921
3,86.95,5.751,5.8405490196078444
3,86.96,5.695,5.83456862745098
3,86.97,5.759,5.829509803921569
3,86.98,5.685,5.822294117647059
3,86.99,5.744,5.813764705882353
3,87.0,5.799,5.808803921568628
3,87.01,5.727,5.8028627450980395
3,87.02,5.683,5.797823529411764
3,87.03,5.705,5.791470588235295
3,87.04,5.652,5.7855098039215695
3,87.05,5.668,5.782176470588235
3,87.06,5.626,5.781764705882353
3,87.07,5.655,5.779803921568627
3,87.08,5.615,5.777980392156863
3,87.09,5.677,5.779333333333334
3,87.1,5.641,5.779686274509804
3,87.11,5.673,5.78121568627451
3,87.12,5.672,5.783058823529411
3,87.13,5.762,5.785764705882352
3,87.14,5.678,5.790176470588235
3,87.15,5.717,5.79329411764706
3,87.16,5.851,5.797470588235294
3,87.17,5.719,5.802156862745099
3,87.18,5.792,5.80735294117647
3,87.19,5.864,5.812098039215686
3,87.2,5.751,5.8166078431372545
3,87.21,5.768,5.82027450980392
3,87.22,5.857,5.825098039215686
3,87.23,5.83,5.827764705882353
3,87.24,5.842,5.832215686274511
3,87.25,5.877,5.836156862745098
3,87.26,5.771,5.838666666666667
3,87.27,5.86,5.8437843137254895
3,87.28,5.835,5.849784313725491
3,87.29,5.88,5.8574117647058825
3,87.3,5.886,5.865529411764705
3,87.31,5.967,5.8732549019607845
3,87.32,5.936,5.881705882352941
3,87.33,5.882,5.888529411764706
3,87.34,5.987,5.898176470588235
3,87.35,5.986,5.906607843137254
3,87.36,6.011,5.913352941176471
3,87.37,5.983,5.919627450980393
3,87.38,5.969,5.926803921568627
3,87.39,6.055,5.932745098039216
3,87.4,6.018,5.938
3,87.41,5.934,5.94186274509804
3,87.42,5.967,5.944490196078431
3,87.43,6.002,5.94956862745098
3,87.44,5.959,5.953647058823528
3,87.45,6.024,5.956196078431373
3,87.46,5.938,5.959294117647058
3,87.47,5.941,5.962254901960784
3,87.48,5.895,5.965098039215686
3,87.49,5.912,5.968372549019608
3,87.5,5.945,5.971862745098039
3,87.51,5.927,5.974862745098039
3,87.52,5.988,5.981411764705881
3,87.53,5.989,5.985627450980392
3,87.54,6.094,5.990588235294117
3,87.55,6.066,5.993450980392157
3,87.56,6.062,5.996450980392157
3,87.57,6.057,5.998372549019607
3,87.58,6.003,6.00156862745098
3,87.59,6.107,6.007313725490196
3,87.6,6.107,6.01121568627451
3,87.61,5.985,6.015705882352941
3,87.62,5.993,6.021039215686275
3,87.63,6.038,6.027588235294118
3,87.64,6.065,6.0314901960784315
3,87.65,5.946,6.0337450980392155
3,87.66,5.914,6.037274509803922
3,87.67,5.985,6.042921568627452
3,87.68,5.978,6.047156862745098
3,87.69,6.0,6.0514117647058825
3,87.7,5.994,6.056235294117647
3,87.71,5.909,6.06
3,87.72,5.919,6.067274509803922
3,87.73,6.002,6.071392156862745
3,87.74,5.997,6.0776666666666666
3,87.75,6.02,6.08378431372549
3,87.76,6.03,6.0894313725490194
3,87.77,6.105,6.096313725490197
3,87.78,6.075,6.100705882352941
3,87.79,6.088,6.103039215686274
3,87.8,6.026,6.102431372549019
3,87.81,6.039,6.102117647058824
3,87.82,6.065,6.101666666666667
3,87.83,6.099,6.104058823529412
3,87.84,6.175,6.107686274509804
3,87.85,6.186,6.110549019607842
3,87.86,6.215,6.114117647058824
3,87.87,6.283,6.119686274509804
3,87.88,6.317,6.125058823529412
3,87.89,6.168,6.1284705882352934
3,87.9,6.17,6.132843137254902
3,87.91,6.198,6.138333333333334
3,87.92,6.222,6.145137254901961
3,87.93,6.183,6.14978431372549
3,87.94,6.219,6.154352941176471
3,87.95,6.205,6.157921568627452
3,87.96,6.216,6.159686274509804
3,87.97,6.309,6.1641176470588235
3,87.98,6.151,6.168607843137255
3,87.99,6.215,6.172960784313726
3,88.0,6.224,6.176529411764705
3,88.01,6.233,6.180490196078431
3,88.02,6.278,6.186803921568627
3,88.03,6.212,6.190450980392157
3,88.04,6.108,6.194078431372549
3,88.05,6.063,6.19743137254902
3,88.06,6.05,6.201803921568627
3,88.07,6.039,6.2047647058823525
3,88.08,6.179,6.206078431372549
3,88.09,6.188,6.208274509803922
3,88.1,6.253,6.210117647058824
3,88.11,6.289,6.212490196078432
3,88.12,6.269,6.214137254901961
3,88.13,6.267,6.214254901960784
3,88.14,6.212,6.212529411764706
3,88.15,6.288,6.210411764705883
3,88.16,6.226,6.210549019607843
3,88.17,6.261,6.2103529411764695
3,88.18,6.222,6.209862745098039
3,88.19,6.211,6.20956862745098
3,88.2,6.182,6.2089019607843134
3,88.21,6.084,6.207686274509805
3,88.22,6.135,6.205411764705882
3,88.23,6.148,6.200666666666666
3,88.24,6.224,6.197882352941176
3,88.25,6.179,6.194372549019608
3,88.26,6.222,6.192117647058824
3,88.27,6.352,6.189039215686275
3,88.28,6.291,6.186549019607844
3,88.29,6.26,6.185784313725491
3,88.3,6.259,6.1867254901960775
3,88.31,6.249,6.186725490196079
3,88.32,6.19,6.186254901960785
3,88.33,6.132,6.186588235294118
3,88.34,6.211,6.18556862745098
3,88.35,6.269,6.183941176470587
3,88.36,6.307,6.180078431372549
3,88.37,6.299,6.176901960784313
3,88.38,6.289,6.173196078431373
3,88.39,6.229,6.1684117647058825
3,88.4,6.06,6.16629411764706
3,88.41,6.177,6.161470588235295
3,88.42,6.188,6.158098039215686
3,88.43,6.197,6.1538039215686275
3,88.44,6.168,6.149529411764706
3,88.45,6.185,6.145686274509804
3,88.46,6.143,6.141921568627451
3,88.47,6.1,6.141372549019607
3,88.48,6.067,6.139666666666667
3,88.49,6.009,6.135490196078432
3,88.5,6.036,6.131392156862744
3,88.51,6.109,6.128
3,88.52,6.076,6.124392156862745
3,88.53,6.151,6.11986274509804
3,88.54,6.173,6.116176470588235
3,88.55,6.156,6.112058823529411
3,88.56,6.063,6.109117647058824
3,88.57,6.026,6.105607843137255
3,88.58,6.056,6.10321568627451
3,88.59,6.127,6.100823529411764
3,88.6,6.105,6.098803921568627
3,88.61,6.056,6.094490196078432
3,88.62,6.127,6.093960784313725
3,88.63,6.08,6.093843137254902
3,88.64,6.023,6.09386274509804
3,88.65,6.104,6.09456862745098
3,88.66,6.042,6.099176470588235
3,88.67,6.054,6.099941176470588
3,88.68,6.042,6.099176470588235
3,88.69,6.004,6.098745098039216
3,88.7,6.015,6.098823529411765
3,88.71,5.99,6.098470588235294
3,88.72,6.056,6.097
3,88.73,6.048,6.096980392156863
3,88.74,5.935,6.09821568627451
3,88.75,6.015,6.099078431372549
3,88.76,6.006,6.1007058823529405
3,88.77,6.038,6.0987647058823535
3,88.78,6.121,6.098
3,88.79,6.103,6.095254901960783
3,88.8,6.05,6.091803921568626
3,88.81,6.109,6.090196078431373
3,88.82,6.07,6.088019607843137
3,88.83,6.068,6.0859411764705875
3,88.84,6.01,6.083156862745097
3,88.85,6.108,6.080294117647059
3,88.86,6.049,6.077333333333334
3,88.87,6.28,6.075960784313724
3,88.88,6.293,6.073764705882353
3,88.89,6.29,6.0709607843137245
3,88.9,6.265,6.069137254901961
3,88.91,6.295,6.065313725490196
3,88.92,6.216,6.063647058823529
3,88.93,6.149,6.061117647058824
3,88.94,6.175,6.058058823529412
3,88.95,6.172,6.055098039215685
3,88.96,6.167,6.050627450980392
3,88.97,6.068,6.046490196078431
3,88.98,6.099,6.041764705882353
3,88.99,6.13,6.03778431372549
3,89.0,6.053,6.036450980392156
3,89.01,6.119,6.031725490196078
3,89.02,6.01,6.02892156862745
3,89.03,6.037,6.024980392156863
3,89.04,6.011,6.018921568627451
3,89.05,5.997,6.014568627450981
3,89.06,6.074,6.010882352941176
3,89.07,5.952,6.008745098039215
3,89.08,5.92,6.005803921568627
3,89.09,5.914,6.001058823529412
3,89.1,5.981,6.000686274509804
3,89.11,5.954,5.995509803921569
3,89.12,5.986,5.994490196078432
3,89.13,6.015,5.9908431372549025
3,89.14,5.937,5.989196078431373
3,89.15,5.93,5.987078431372548
3,89.16,5.909,5.9834901960784315
3,89.17,5.957,5.981235294117646
3,89.18,5.925,5.980235294117647
3,89.19,5.886,5.981352941176471
3,89.2,5.853,5.980627450980392
3,89.21,5.787,5.981274509803921
3,89.22,5.779,5.980235294117647
3,89.23,5.815,5.982725490196078
3,89.24,5.845,5.984529411764705
3,89.25,5.867,5.985411764705882
3,89.26,5.774,5.9871960784313725
3,89.27,5.863,5.985921568627452
3,89.28,5.837,5.988392156862744
3,89.29,5.812,5.99143137254902
3,89.3,5.881,5.995588235294118
3,89.31,5.862,6.000960784313726
3,89.32,6.0,6.003921568627451
3,89.33,5.92,6.0097450980392155
3,89.34,5.826,6.015607843137254
3,89.35,5.991,6.020254901960785
3,89.36,5.844,6.02278431372549
3,89.37,5.997,6.025274509803921
3,89.38,6.094,6.027470588235294
3,89.39,6.209,6.027313725490196
3,89.4,6.182,6.028411764705883
3,89.41,6.082,6.029745098039216
3,89.42,6.18,6.030137254901962
3,89.43,6.165,6.0320784313725495
3,89.44,6.206,6.035215686274509
3,89.45,6.138,6.03964705882353
3,89.46,6.205,6.045117647058824
3,89.47,6.114,6.051882352941177
3,89.48,6.195,6.058568627450981
3,89.49,6.191,6.062960784313725
3,89.5,6.175,6.066862745098039
3,89.51,6.144,6.068882352941177
3,89.52,6.054,6.070784313725491
3,89.53,6.136,6.070921568627451
3,89.54,6.192,6.072333333333334
3,89.55,6.223,6.073862745098039
3,89.56,6.271,6.074215686274509
3,89.57,6.225,6.075980392156863
3,89.58,6.249,6.075666666666668
3,89.59,6.219,6.076921568627451
3,89.6,6.151,6.079784313725489
3,89.61,6.11,6.079215686274509
3,89.62,6.081,6.080607843137255
3,89.63,6.098,6.078686274509804
3,89.64,6.007,6.074196078431372
3,89.65,5.993,6.067137254901961
3,89.66,5.998,6.061372549019609
3,89.67,5.929,6.059529411764706
3,89.68,6.056,6.054333333333334
3,89.69,6.085,6.04978431372549
3,89.7,6.112,6.045274509803921
3,89.71,6.132,6.042019607843137
3,89.72,6.132,6.03886274509804
3,89.73,6.12,6.037862745098039
3,89.74,6.039,6.0348235294117645
3,89.75,6.044,6.031784313725491
3,89.76,5.97,6.030019607843137
3,89.77,5.871,6.031058823529412
3,89.78,5.87,6.032
3,89.79,5.909,6.033980392156863
3,89.8,5.89,6.033901960784314
3,89.81,5.899,6.032901960784313
3,89.82,5.952,6.030215686274509
3,89.83,5.984,6.029
3,89.84,5.984,6.026392156862745
3,89.85,5.972,6.025450980392157
3,89.86,5.962,6.026431372549019
3,89.87,5.915,6.02721568627451
3,89.88,5.899,6.029921568627451
3,89.89,5.865,6.031529411764706
3,89.9,5.849,6.035627450980392
3,89.91,5.888,6.041843137254903
3,89.92,5.988,6.048274509803921
3,89.93,5.915,6.054235294117646
3,89.94,5.933,6.058313725490196
3,89.95,5.976,6.063411764705883
3,89.96,5.972,6.066333333333333
3,89.97,6.044,6.070196078431373
3,89.98,6.063,6.074176470588235
3,89.99,6.04,6.077588235294118
3,90.0,6.036,6.08221568627451
3,90.01,6.085,6.0871176470588235
3,90.02,6.197,6.092686274509804
3,90.03,6.102,6.101078431372549
3,90.04,6.237,6.110117647058823
3,90.05,6.188,6.118666666666667
3,90.06,6.172,6.1285686274509805
3,90.07,6.134,6.138333333333334
3,90.08,6.163,6.147372549019608
3,90.09,6.116,6.154392156862745
3,90.1,6.171,6.159627450980392
3,90.11,6.201,6.165
3,90.12,6.15,6.171882352941177
3,90.13,6.219,6.179823529411765
3,90.14,6.18,6.1870980392156865
3,90.15,6.216,6.195843137254902
3,90.16,6.31,6.203274509803922
3,90.17,6.326,6.207941176470587
3,90.18,6.233,6.210549019607843
3,90.19,6.264,6.214470588235294
3,90.2,6.345,6.216705882352942
3,90.21,6.261,6.218431372549021
3,90.22,6.329,6.220392156862745
3,90.23,6.335,6.219490196078432
3,90.24,6.294,6.220529411764706
3,90.25,6.275,6.222901960784314
3,90.26,6.294,6.226176470588235
3,90.27,6.254,6.227588235294118
3,90.28,6.299,6.227921568627451
3,90.29,6.331,6.231235294117646
3,90.3,6.345,6.230607843137255
3,90.31,6.395,6.232960784313726
3,90.32,6.397,6.234529411764706
3,90.33,6.413,6.241156862745098
3,90.34,6.342,6.24850980392157
3,90.35,6.251,6.2569607843137245
3,90.36,6.246,6.262862745098039
3,90.37,6.313,6.267901960784314
3,90.38,6.32,6.275019607843137
3,90.39,6.27,6.281254901960784
3,90.4,6.311,6.287843137254902
3,90.41,6.228,6.294078431372549
3,90.42,6.126,6.296745098039215
3,90.43,6.121,6.301098039215686
3,90.44,6.115,6.3071568627450985
3,90.45,6.047,6.312901960784314
3,90.46,6.064,6.3162352941176465
3,90.47,6.072,6.319705882352942
3,90.48,5.998,6.320176470588235
3,90.49,6.116,6.323470588235295
3,90.5,6.161,6.328274509803921
3,90.51,6.203,6.333274509803922
3,90.52,6.157,6.337823529411765
3,90.53,6.214,6.344176470588235
3,90.54,6.271,6.348098039215687
3,90.55,6.205,6.348627450980393
3,90.56,6.308,6.348392156862745
3,90.57,6.252,6.3480196078431375
3,90.58,6.472,6.345411764705882
3,90.59,6.538,6.342882352941176
3,90.6,6.547,6.340921568627451
3,90.61,6.472,6.338117647058823
3,90.62,6.458,6.337666666666666
3,90.63,6.513,6.336450980392157
3,90.64,6.537,6.334921568627451
3,90.65,6.516,6.334098039215686
3,90.66,6.534,6.333313725490196
3,90.67,6.446,6.336352941176471
3,90.68,6.548,6.342823529411765
3,90.69,6.542,6.348764705882353
3,90.7,6.557,6.355686274509805
3,90.71,6.515,6.362098039215686
3,90.72,6.438,6.369274509803921
3,90.73,6.353,6.375196078431372
3,90.74,6.503,6.381549019607843
3,90.75,6.539,6.384823529411764
3,90.76,6.53,6.38792156862745
3,90.77,6.526,6.3901176470588235
3,90.78,6.578,6.39356862745098
3,90.79,6.499,6.395999999999999
3,90.8,6.358,6.395823529411765
3,90.81,6.333,6.397960784313725
3,90.82,6.376,6.397078431372549
3,90.83,6.264,6.397235294117646
3,90.84,6.284,6.3916666666666675
3,90.85,6.242,6.38556862745098
3,90.86,6.108,6.378882352941178
3,90.87,6.223,6.374196078431373
3,90.88,6.251,6.368333333333334
3,90.89,6.242,6.364333333333333
3,90.9,6.228,6.361058823529412
3,90.91,6.271,6.356235294117647
3,90.92,6.383,6.35035294117647
3,90.93,6.456,6.347372549019608
3,90.94,6.424,6.342196078431373
3,90.95,6.468,6.3357254901960784
3,90.96,6.374,6.33
3,90.97,6.43,6.329058823529412
3,90.98,6.374,6.32656862745098
3,90.99,6.322,6.326117647058823
3,91.0,6.283,6.323705882352941
3,91.01,6.319,6.31978431372549
3,91.02,6.315,6.317529411764705
3,91.03,6.333,6.316078431372549
3,91.04,6.338,6.315078431372549
3,91.05,6.262,6.314921568627451
3,91.06,6.314,6.316372549019608
3,91.07,6.263,6.3166078431372545
3,91.08,6.26,6.314686274509803
3,91.09,6.188,6.316372549019608
3,91.1,6.227,6.317411764705883
3,91.11,6.206,6.317352941176471
3,91.12,6.233,6.321
3,91.13,6.159,6.321823529411765
3,91.14,6.309,6.321274509803922
3,91.15,6.37,6.321254901960785
3,91.16,6.27,6.32256862745098
3,91.17,6.234,6.322607843137255
3,91.18,6.294,6.320725490196078
3,91.19,6.284,6.31835294117647
3,91.2,6.212,6.31535294117647
3,91.21,6.265,6.313803921568627
3,91.22,6.467,6.313647058823529
3,91.23,6.311,6.311607843137255
3,91.24,6.33,6.311882352941176
3,91.25,6.38,6.31249019607843
3,91.26,6.339,6.315392156862746
3,91.27,6.415,6.31656862745098
3,91.28,6.452,6.3188627450980395
3,91.29,6.527,6.320686274509804
3,91.3,6.491,6.322588235294117
3,91.31,6.432,6.325901960784313
3,91.32,6.345,6.328705882352941
3,91.33,6.278,6.3319607843137256
3,91.34,6.35,6.334352941176471
3,91.35,6.337,6.337411764705882
3,91.36,6.239,6.339627450980392
3,91.37,6.294,6.342156862745098
3,91.38,6.265,6.34456862745098
3,91.39,6.223,6.348803921568627
3,91.4,6.241,6.347490196078432
3,91.41,6.295,6.347019607843138
3,91.42,6.273,6.346509803921568
3,91.43,6.287,6.349862745098039
3,91.44,6.335,6.3520980392156865
3,91.45,6.271,6.355862745098039
3,91.46,6.389,6.359666666666666
3,91.47,6.366,6.365529411764705
3,91.48,6.326,6.369823529411764
3,91.49,6.388,6.377078431372549
3,91.5,6.353,6.384568627450981
3,91.51,6.431,6.390745098039216
3,91.52,6.379,6.399823529411764
3,91.53,6.432,6.408039215686275
3,91.54,6.426,6.417666666666666
3,91.55,6.435,6.426862745098039
3,91.56,6.431,6.437156862745098
3,91.57,6.457,6.44556862745098
3,91.58,6.429,6.454372549019608
3,91.59,6.382,6.466823529411765
3,91.6,6.344,6.478392156862745
3,91.61,6.34,6.491607843137255
3,91.62,6.335,6.508019607843137
3,91.63,6.356,6.522333333333333
3,91.64,6.375,6.536588235294118
3,91.65,6.242,6.553000000000001
3,91.66,6.346,6.568274509803921
3,91.67,6.244,6.581450980392157
3,91.68,6.405,6.591843137254902
3,91.69,6.408,6.602176470588236
3,91.7,6.476,6.610333333333332
3,91.71,6.406,6.621843137254902
3,91.72,6.564,6.6316274509803925
3,91.73,6.686,6.642254901960785
3,91.74,6.681,6.651039215686274
3,91.75,6.712,6.662313725490196
3,91.76,6.695,6.6743137254901965
3,91.77,6.802,6.681156862745097
3,91.78,6.834,6.690960784313726
3,91.79,6.943,6.70143137254902
3,91.8,6.996,6.709156862745099
3,91.81,7.016,6.716137254901962
3,91.82,6.861,6.722470588235294
3,91.83,6.794,6.7275294117647055
3,91.84,6.913,6.733882352941176
3,91.85,6.94,6.742549019607843
3,91.86,7.011,6.752843137254902
3,91.87,7.076,6.761176470588237
3,91.88,7.024,6.77278431372549
3,91.89,6.992,6.782764705882353
3,91.9,7.06,6.790254901960784
3,91.91,7.02,6.799392156862744
3,91.92,6.967,6.804294117647058
3,91.93,6.803,6.810549019607843
3,91.94,6.814,6.815509803921568
3,91.95,6.751,6.818529411764706
3,91.96,6.858,6.821078431372549
3,91.97,6.888,6.826078431372549
3,91.98,6.908,6.826725490196079
3,91.99,6.774,6.82529411764706
3,92.0,6.963,6.823392156862746
3,92.01,6.965,6.822647058823529
3,92.02,6.78,6.823078431372548
3,92.03,6.879,6.821156862745099
3,92.04,6.966,6.820549019607843
3,92.05,6.82,6.818764705882353
3,92.06,6.791,6.816725490196079
3,92.07,6.754,6.814254901960784
3,92.08,6.715,6.818078431372548
3,92.09,6.753,6.823098039215687
3,92.1,6.824,6.823078431372548
3,92.11,6.869,6.824509803921569
3,92.12,6.765,6.822372549019607
3,92.13,6.927,6.817803921568628
3,92.14,6.865,6.8149411764705885
3,92.15,6.757,6.811745098039216
3,92.16,6.708,6.80692156862745
3,92.17,6.596,6.802176470588235
3,92.18,6.563,6.800823529411765
3,92.19,6.658,6.803000000000001
3,92.2,6.562,6.806235294117647
3,92.21,6.606,6.810196078431374
3,92.22,6.661,6.8145686274509805
3,92.23,6.597,6.8209607843137245
3,92.24,6.613,6.828588235294118
3,92.25,6.584,6.840098039215687
3,92.26,6.674,6.850098039215687
3,92.27,6.717,6.862431372549019
3,92.28,6.704,6.876450980392157
3,92.29,6.803,6.88870588235294
3,92.3,6.852,6.899764705882353
3,92.31,6.892,6.911607843137254
3,92.32,6.89,6.92678431372549
3,92.33,7.056,6.9399411764705885
3,92.34,7.05,6.954588235294117
3,92.35,6.912,6.968274509803922
3,92.36,7.013,6.98078431372549
3,92.37,6.902,6.991705882352941
3,92.38,6.843,7.005490196078431
3,92.39,6.878,7.014411764705883
3,92.4,6.829,7.024705882352941
3,92.41,6.814,7.036960784313726
3,92.42,6.778,7.05243137254902
3,92.43,6.898,7.069137254901961
3,92.44,6.914,7.086039215686274
3,92.45,6.979,7.099137254901962
3,92.46,6.953,7.115450980392158
3,92.47,7.081,7.1320588235294125
3,92.48,7.214,7.148843137254902
3,92.49,7.297,7.163725490196078
3,92.5,7.361,7.177176470588235
3,92.51,7.473,7.191411764705881
3,92.52,7.594,7.200372549019607
3,92.53,7.495,7.20764705882353
3,92.54,7.504,7.218
3,92.55,7.53,7.225568627450981
3,92.56,7.424,7.233098039215686
3,92.57,7.565,7.2359607843137255
3,92.58,7.425,7.237470588235294
3,92.59,7.462,7.23921568627451
3,92.6,7.451,7.242196078431372
3,92.61,7.462,7.24778431372549
3,92.62,7.426,7.251607843137255
3,92.63,7.468,7.2591568627450975
3,92.64,7.382,7.268372549019607
3,92.65,7.39,7.279509803921568
3,92.66,7.382,7.289470588235294
3,92.67,7.497,7.299333333333334
3,92.68,7.448,7.309862745098039
3,92.69,7.425,7.317078431372549
3,92.7,7.326,7.320117647058823
3,92.71,7.394,7.324235294117647
3,92.72,7.453,7.3235882352941175
3,92.73,7.517,7.321960784313726
3,92.74,7.356,7.318941176470589
3,92.75,7.299,7.314313725490195
3,92.76,7.31,7.307392156862745
3,92.77,7.131,7.298843137254901
3,92.78,7.088,7.288882352941177
3,92.79,7.232,7.281764705882353
3,92.8,7.189,7.2741372549019605
3,92.81,7.236,7.268078431372548
3,92.82,7.038,7.260705882352941
3,92.83,6.967,7.252882352941176
3,92.84,7.145,7.245960784313725
3,92.85,7.202,7.238098039215687
3,92.86,7.197,7.230941176470589
3,92.87,7.208,7.221745098039216
3,92.88,7.287,7.216274509803922
3,92.89,7.313,7.211686274509804
3,92.9,7.446,7.209176470588235
3,92.91,7.337,7.207196078431373
3,92.92,7.317,7.205588235294118
3,92.93,7.315,7.201294117647058
3,92.94,7.266,7.197156862745098
3,92.95,7.069,7.1951568627450975
3,92.96,7.189,7.194882352941176
3,92.97,6.92,7.194039215686273
3,92.98,6.998,7.191882352941176
3,92.99,7.06,7.188843137254903
3,93.0,7.061,7.189333333333334
3,93.01,7.008,7.191098039215686
3,93.02,7.037,7.192882352941178
3,93.03,7.086,7.1990196078431365
3,93.04,7.132,7.207431372549019
3,93.05,7.115,7.210607843137255
3,93.06,7.221,7.212901960784314
3,93.07,7.048,7.215980392156863
3,93.08,7.166,7.2236666666666665
3,93.09,7.072,7.232
3,93.1,7.061,7.235745098039216
3,93.11,7.086,7.236529411764707
3,93.12,6.993,7.2390196078431375
3,93.13,7.147,7.243823529411765
3,93.14,7.234,7.249450980392157
3,93.15,7.254,7.256549019607843
3,93.16,7.289,7.2602352941176465
3,93.17,7.3,7.266274509803921
3,93.18,7.278,7.270117647058823
3,93.19,7.237,7.273411764705883
3,93.2,7.323,7.278666666666666
3,93.21,7.312,7.288803921568628
3,93.22,7.351,7.297254901960785
3,93.23,7.343,7.310019607843137
3,93.24,7.362,7.319117647058823
3,93.25,7.381,7.328882352941176
3,93.26,7.389,7.335313725490196
3,93.27,7.401,7.345647058823529
3,93.28,7.444,7.355156862745098
3,93.29,7.517,7.36635294117647
3,93.3,7.394,7.379294117647059
3,93.31,7.306,7.393196078431374
3,93.32,7.393,7.4062156862745105
3,93.33,7.43,7.421705882352941
3,93.34,7.392,7.434509803921569
3,93.35,7.336,7.453019607843138
3,93.36,7.242,7.473098039215686
3,93.37,7.324,7.4915490196078425
3,93.38,7.453,7.5130784313725485
3,93.39,7.574,7.530980392156862
3,93.4,7.675,7.544666666666667
3,93.41,7.634,7.558686274509804
3,93.42,7.645,7.571627450980393
3,93.43,7.513,7.583666666666667
3,93.44,7.483,7.595411764705883
3,93.45,7.534,7.6110196078431365
3,93.46,7.586,7.6258235294117656
3,93.47,7.62,7.642882352941177
3,93.48,7.571,7.659901960784314
3,93.49,7.462,7.674941176470588
3,93.5,7.558,7.688078431372548
3,93.51,7.389,7.7004117647058825
3,93.52,7.535,7.713686274509803
3,93.53,7.522,7.725686274509804
3,93.54,7.657,7.73907843137255
3,93.55,7.792,7.7509411764705884
3,93.56,7.824,7.766823529411765
3,93.57,7.885,7.783725490196078
3,93.58,7.838,7.800333333333334
3,93.59,7.819,7.814196078431372
3,93.6,8.016,7.829901960784314
3,93.61,8.085,7.8461372549019615
3,93.62,8.027,7.864274509803921
3,93.63,8.091,7.880588235294118
3,93.64,8.06,7.8927450980392155
3,93.65,7.932,7.9053137254901955
3,93.66,7.969,7.920254901960784
3,93.67,7.949,7.93721568627451
3,93.68,7.914,7.9538431372549026
3,93.69,7.877,7.974058823529411
3,93.7,8.033,7.994803921568628
3,93.71,8.078,8.015235294117646
3,93.72,8.182,8.035274509803921
3,93.73,8.219,8.054921568627451
3,93.74,8.11,8.074313725490196
3,93.75,8.032,8.093411764705882
3,93.76,8.01,8.111058823529413
3,93.77,8.066,8.132666666666667
3,93.78,8.013,8.151058823529413
3,93.79,8.127,8.17078431372549
3,93.8,8.122,8.184745098039215
3,93.81,8.204,8.196156862745099
3,93.82,8.168,8.20578431372549
3,93.83,8.24,8.212333333333333
3,93.84,8.137,8.221686274509805
3,93.85,8.193,8.231235294117647
3,93.86,8.164,8.23756862745098
3,93.87,8.167,8.24470588235294
3,93.88,8.156,8.252019607843138
3,93.89,8.073,8.259941176470589
3,93.9,8.215,8.267705882352942
3,93.91,8.437,8.276941176470588
3,93.92,8.499,8.287529411764705
3,93.93,8.493,8.296509803921568
3,93.94,8.544,8.30870588235294
3,93.95,8.541,8.320470588235294
3,93.96,8.576,8.332196078431373
3,93.97,8.608,8.345588235294118
3,93.98,8.622,8.354882352941177
3,93.99,8.56,8.362509803921569
3,94.0,8.436,8.37207843137255
3,94.01,8.458,8.382372549019607
3,94.02,8.491,8.391450980392158
3,94.03,8.473,8.395980392156863
3,94.04,8.528,8.398941176470588
3,94.05,8.369,8.401470588235293
3,94.06,8.374,8.404137254901961
3,94.07,8.315,8.403686274509804
3,94.08,8.219,8.402627450980392
3,94.09,8.315,8.400705882352941
3,94.1,8.306,8.400764705882354
3,94.11,8.339,8.40213725490196
3,94.12,8.449,8.402980392156863
3,94.13,8.4,8.40507843137255
3,94.14,8.495,8.407666666666666
3,94.15,8.456,8.411254901960785
3,94.16,8.403,8.415980392156863
3,94.17,8.509,8.418274509803922
3,94.18,8.407,8.419450980392156
3,94.19,8.536,8.420235294117647
3,94.2,8.477,8.419588235294118
3,94.21,8.631,8.422411764705881
3,94.22,8.761,8.424803921568628
3,94.23,8.656,8.428450980392157
3,94.24,8.608,8.433843137254902
3,94.25,8.598,8.440901960784313
3,94.26,8.557,8.45
3,94.27,8.473,8.461882352941176
3,94.28,8.297,8.47421568627451
3,94.29,8.164,8.488098039215686
3,94.3,8.256,8.500039215686275
3,94.31,8.258,8.512686274509804
3,94.32,8.181,8.526392156862745
3,94.33,8.114,8.540450980392157
3,94.34,8.142,8.557509803921569
3,94.35,8.14,8.578627450980392
3,94.36,8.263,8.600627450980392
3,94.37,8.207,8.62113725490196
3,94.38,8.274,8.641313725490196
3,94.39,8.288,8.662666666666667
3,94.4,8.256,8.681333333333333
3,94.41,8.456,8.701274509803921
3,94.42,8.554,8.72256862745098
3,94.43,8.559,8.739392156862746
3,94.44,8.533,8.758039215686274
3,94.45,8.511,8.77256862745098
3,94.46,8.685,8.788549019607844
3,94.47,8.698,8.801
3,94.48,8.794,8.810254901960784
3,94.49,8.897,8.822803921568626
3,94.5,8.92,8.837666666666667
3,94.51,8.9,8.852686274509804
3,94.52,9.064,8.867901960784314
3,94.53,9.12,8.884235294117648
3,94.54,9.181,8.904176470588235
3,94.55,9.137,8.927117647058823
3,94.56,9.014,8.949156862745099
3,94.57,9.073,8.973392156862744
3,94.58,9.032,8.997019607843137
3,94.59,9.089,9.02029411764706
3,94.6,9.392,9.042039215686275
3,94.61,9.428,9.063725490196079
3,94.62,9.385,9.084901960784313
3,94.63,9.478,9.108921568627451
3,94.64,9.489,9.131921568627451
3,94.65,9.447,9.153921568627451
3,94.66,9.473,9.175921568627452
3,94.67,9.489,9.193901960784315
3,94.68,9.367,9.209156862745097
3,94.69,9.358,9.224019607843138
3,94.7,9.277,9.239529411764707
3,94.71,9.292,9.255254901960784
3,94.72,9.266,9.265803921568628
3,94.73,9.233,9.277666666666667
3,94.74,9.296,9.289000000000001
3,94.75,9.366,9.298411764705882
3,94.76,9.364,9.306392156862744
3,94.77,9.333,9.31686274509804
3,94.78,9.306,9.325588235294118
3,94.79,9.314,9.334
3,94.8,9.334,9.34043137254902
3,94.81,9.38,9.348490196078432
3,94.82,9.494,9.360450980392157
3,94.83,9.386,9.370647058823529
3,94.84,9.301,9.382549019607843
3,94.85,9.251,9.391490196078431
3,94.86,9.246,9.396117647058823
3,94.87,9.343,9.399980392156863
3,94.88,9.432,9.40378431372549
3,94.89,9.447,9.408470588235295
3,94.9,9.41,9.412901960784314
3,94.91,9.378,9.419313725490197
3,94.92,9.373,9.424588235294118
3,94.93,9.332,9.42872549019608
3,94.94,9.317,9.43392156862745
3,94.95,9.324,9.440372549019608
3,94.96,9.313,9.449058823529413
3,94.97,9.223,9.45456862745098
3,94.98,9.303,9.463019607843139
3,94.99,9.372,9.46964705882353
3,95.0,9.377,9.477039215686274
3,95.01,9.327,9.48249019607843
3,95.02,9.434,9.490078431372549
3,95.03,9.509,9.496254901960784
3,95.04,9.549,9.503490196078431
3,95.05,9.509,9.51235294117647
3,95.06,9.548,9.520137254901961
3,95.07,9.624,9.527803921568628
3,95.08,9.593,9.531764705882352
3,95.09,9.639,9.53835294117647
3,95.1,9.545,9.54650980392157
3,95.11,9.628,9.55378431372549
3,95.12,9.625,9.560215686274509
3,95.13,9.579,9.566117647058825
3,95.14,9.717,9.570843137254903
3,95.15,9.715,9.576568627450982
3,95.16,9.774,9.580745098039216
3,95.17,9.742,9.583823529411765
3,95.18,9.7,9.586529411764706
3,95.19,9.632,9.590627450980392
3,95.2,9.687,9.596823529411765
3,95.21,9.72,9.602862745098038
3,95.22,9.573,9.610980392156863
3,95.23,9.697,9.62
3,95.24,9.571,9.627529411764705
3,95.25,9.673,9.635901960784313
3,95.26,9.644,9.644607843137255
3,95.27,9.751,9.65492156862745
3,95.28,9.648,9.663686274509804
3,95.29,9.675,9.671509803921568
3,95.3,9.766,9.678607843137254
3,95.31,9.731,9.685274509803921
3,95.32,9.771,9.691980392156863
3,95.33,9.696,9.695254901960785
3,95.34,9.722,9.699745098039216
3,95.35,9.717,9.702313725490196
3,95.36,9.622,9.708666666666666
3,95.37,9.574,9.710764705882353
3,95.38,9.644,9.715627450980392
3,95.39,9.673,9.722098039215686
3,95.4,9.739,9.725450980392157
3,95.41,9.623,9.73021568627451
3,95.42,9.535,9.733529411764707
3,95.43,9.511,9.737039215686275
3,95.44,9.541,9.743078431372549
3,95.45,9.633,9.75129411764706
3,95.46,9.632,9.757176470588234
3,95.47,9.727,9.76313725490196
3,95.48,9.683,9.774392156862744
3,95.49,9.687,9.78129411764706
3,95.5,9.799,9.791235294117648
3,95.51,9.821,9.798764705882354
3,95.52,9.853,9.805823529411764
3,95.53,9.881,9.81192156862745
3,95.54,9.908,9.819823529411766
3,95.55,9.911,9.825882352941177
3,95.56,9.849,9.833196078431373
3,95.57,9.89,9.842098039215687
3,95.58,9.791,9.848019607843137
3,95.59,9.822,9.856137254901961
3,95.6,9.77,9.864627450980393
3,95.61,9.869,9.87135294117647
3,95.62,9.735,9.88086274509804
3,95.63,9.873,9.890666666666666
3,95.64,9.909,9.899549019607843
3,95.65,9.888,9.905960784313725
3,95.66,9.958,9.911784313725489
3,95.67,9.943,9.917529411764706
3,95.68,9.921,9.924941176470588
3,95.69,10.008,9.931686274509802
3,95.7,10.051,9.935607843137255
3,95.71,9.987,9.940745098039216
3,95.72,10.024,9.944764705882353
3,95.73,10.147,9.946509803921568
3,95.74,10.049,9.950843137254902
3,95.75,10.078,9.955078431372549
3,95.76,10.057,9.956999999999999
3,95.77,10.004,9.959
3,95.78,10.062,9.960803921568628
3,95.79,10.051,9.961235294117646
3,95.8,9.984,9.961803921568627
3,95.81,10.139,9.96121568627451
3,95.82,10.185,9.961588235294117
3,95.83,10.073,9.96321568627451
3,95.84,10.11,9.967
3,95.85,10.155,9.968196078431372
3,95.86,10.06,9.969941176470588
3,95.87,10.107,9.967843137254901
3,95.88,10.074,9.96921568627451
3,95.89,10.097,9.966490196078432
3,95.9,10.0,9.964176470588235
3,95.91,10.036,9.963294117647058
3,95.92,9.916,9.961921568627451
3,95.93,9.913,9.960294117647058
3,95.94,9.855,9.958313725490196
3,95.95,9.741,9.954725490196079
3,95.96,9.895,9.950117647058823
3,95.97,9.837,9.947431372549019
3,95.98,9.816,9.946333333333333
3,95.99,9.904,9.943529411764706
3,96.0,9.903,9.942666666666666
3,96.01,9.897,9.942235294117648
3,96.02,9.923,9.942352941176472
3,96.03,9.945,9.943176470588236
3,96.04,9.903,9.94407843137255
3,96.05,9.937,9.94627450980392
3,96.06,9.881,9.948921568627451
3,96.07,9.868,9.947254901960784
3,96.08,9.973,9.945745098039216
3,96.09,9.984,9.94692156862745
3,96.1,9.883,9.946529411764706
3,96.11,9.859,9.945764705882354
3,96.12,9.762,9.946666666666667
3,96.13,9.805,9.947803921568626
3,96.14,9.734,9.948450980392158
3,96.15,9.791,9.948549019607842
3,96.16,9.843,9.950196078431372
3,96.17,9.888,9.950725490196078
3,96.18,9.86,9.954627450980391
3,96.19,9.82,9.957431372549019
3,96.2,9.825,9.960607843137256
3,96.21,9.816,9.966078431372548
3,96.22,9.85,9.971921568627451
3,96.23,9.968,9.97692156862745
3,96.24,10.004,9.980862745098039
3,96.25,10.005,9.982686274509803
3,96.26,10.056,9.984941176470588
3,96.27,10.063,9.985941176470588
3,96.28,10.046,9.986058823529413
3,96.29,10.108,9.987078431372549
3,96.3,10.163,9.993529411764706
3,96.31,10.119,9.999470588235294
3,96.32,10.054,10.004901960784315
3,96.33,10.108,10.01070588235294
3,96.34,10.133,10.015274509803922
3,96.35,10.09,10.02078431372549
3,96.36,10.116,10.029588235294119
3,96.37,10.106,10.038294117647059
3,96.38,10.165,10.048392156862745
3,96.39,10.107,10.05656862745098
3,96.4,10.102,10.065999999999999
3,96.41,10.084,10.074509803921568
3,96.42,10.063,10.08335294117647
3,96.43,10.115,10.090568627450981
3,96.44,10.056,10.098960784313727
3,96.45,10.017,10.109313725490194
3,96.46,10.02,10.119078431372548
3,96.47,10.193,10.129686274509805
3,96.48,10.092,10.13870588235294
3,96.49,10.017,10.147705882352941
3,96.5,9.997,10.154980392156864
3,96.51,10.018,10.16421568627451
3,96.52,9.948,10.172607843137255
3,96.53,9.929,10.181960784313725
3,96.54,9.997,10.189960784313726
3,96.55,10.232,10.198235294117648
3,96.56,10.24,10.205333333333334
3,96.57,10.158,10.2118431372549
3,96.58,10.164,10.218784313725491
3,96.59,10.206,10.226725490196078
3,96.6,10.265,10.234
3,96.61,10.332,10.242411764705883
3,96.62,10.303,10.249039215686276
3,96.63,10.277,10.25556862745098
3,96.64,10.222,10.261333333333333
3,96.65,10.215,10.268666666666666
3,96.66,10.225,10.276098039215686
3,96.67,10.294,10.285098039215686
3,96.68,10.256,10.29370588235294
3,96.69,10.288,10.300117647058823
3,96.7,10.348,10.307490196078431
3,96.71,10.323,10.315509803921568
3,96.72,10.357,10.322333333333333
3,96.73,10.31,10.326450980392156
3,96.74,10.427,10.33178431372549
3,96.75,10.375,10.338333333333333
3,96.76,10.476,10.346058823529411
3,96.77,10.484,10.355156862745098
3,96.78,10.54,10.364039215686276
3,96.79,10.454,10.375215686274512
3,96.8,10.53,10.38521568627451
3,96.81,10.525,10.39035294117647
3,96.82,10.451,10.396019607843137
3,96.83,10.408,10.40592156862745
3,96.84,10.513,10.414313725490196
3,96.85,10.504,10.421
3,96.86,10.519,10.426470588235293
3,96.87,10.454,10.431509803921568
3,96.88,10.439,10.436686274509803
3,96.89,10.459,10.441490196078433
3,96.9,10.481,10.448215686274509
3,96.91,10.481,10.456686274509805
3,96.92,10.543,10.46570588235294
3,96.93,10.502,10.473019607843138
3,96.94,10.442,10.479941176470588
3,96.95,10.432,10.486745098039217
3,96.96,10.426,10.493431372549018
3,96.97,10.368,10.498745098039217
3,96.98,10.403,10.50486274509804
3,96.99,10.364,10.512274509803921
3,97.0,10.351,10.516705882352941
3,97.01,10.391,10.520666666666665
3,97.02,10.482,10.523568627450981
3,97.03,10.401,10.528725490196079
3,97.04,10.499,10.53241176470588
3,97.05,10.507,10.537274509803924
3,97.06,10.494,10.541019607843136
3,97.07,10.529,10.541882352941178
3,97.08,10.663,10.545156862745097
3,97.09,10.592,10.549176470588236
3,97.1,10.547,10.550705882352942
3,97.11,10.544,10.551764705882352
3,97.12,10.589,10.554294117647059
3,97.13,10.567,10.558882352941177
3,97.14,10.522,10.563098039215689
3,97.15,10.565,10.567980392156862
3,97.16,10.647,10.572666666666667
3,97.17,10.685,10.577333333333332
3,97.18,10.667,10.580137254901961
3,97.19,10.609,10.5851568627451
3,97.2,10.635,10.590980392156862
3,97.21,10.689,10.596568627450981
3,97.22,10.594,10.604509803921568
3,97.23,10.669,10.614
3,97.24,10.688,10.621450980392156
3,97.25,10.653,10.629098039215686
3,97.26,10.577,10.63886274509804
3,97.27,10.624,10.64664705882353
3,97.28,10.747,10.65243137254902
3,97.29,10.728,10.660509803921569
3,97.3,10.702,10.665843137254901
3,97.31,10.721,10.671098039215686
3,97.32,10.569,10.675764705882353
3,97.33,10.618,10.681117647058823
3,97.34,10.613,10.683392156862745
3,97.35,10.591,10.687725490196078
3,97.36,10.558,10.692960784313726
3,97.37,10.648,10.697999999999999
3,97.38,10.688,10.70072549019608
3,97.39,10.654,10.705705882352941
3,97.4,10.708,10.709725490196078
3,97.41,10.72,10.714980392156864
3,97.42,10.719,10.718686274509805
3,97.43,10.686,10.722019607843139
3,97.44,10.758,10.7241568627451
3,97.45,10.739,10.728235294117647
3,97.46,10.717,10.731019607843137
3,97.47,10.831,10.734000000000002
3,97.48,10.852,10.738411764705882
3,97.49,10.783,10.7418431372549
3,97.5,10.754,10.744313725490196
3,97.51,10.849,10.747509803921567
3,97.52,10.788,10.752098039215685
3,97.53,10.777,10.756470588235294
3,97.54,10.813,10.757803921568629
3,97.55,10.771,10.759352941176472
3,97.56,10.775,10.761607843137257
3,97.57,10.732,10.763274509803923
3,97.58,10.802,10.76749019607843
3,97.59,10.779,10.770019607843139
3,97.6,10.813,10.773823529411766
3,97.61,10.814,10.777941176470588
3,97.62,10.801,10.783784313725489
3,97.63,10.728,10.78727450980392
3,97.64,10.821,10.789666666666667
3,97.65,10.727,10.79356862745098
3,97.66,10.833,10.798725490196079
3,97.67,10.836,10.803549019607843
3,97.68,10.855,10.805980392156863
3,97.69,10.776,10.810254901960784
3,97.7,10.817,10.812627450980392
3,97.71,10.777,10.815509803921568
3,97.72,10.841,10.819215686274509
3,97.73,10.819,10.818588235294119
3,97.74,10.844,10.816843137254901
3,97.75,10.814,10.818490196078432
3,97.76,10.816,10.821235294117647
3,97.77,10.811,10.823039215686276
3,97.78,10.847,10.824411764705882
3,97.79,10.815,10.826960784313727
3,97.8,10.807,10.830235294117648
3,97.81,10.817,10.832098039215687
3,97.82,10.806,10.83386274509804
3,97.83,10.784,10.83607843137255
3,97.84,10.747,10.836803921568627
3,97.85,10.807,10.838490196078432
3,97.86,10.801,10.841490196078432
3,97.87,10.856,10.84278431372549
3,97.88,10.826,10.845549019607844
3,97.89,10.81,10.850254901960783
3,97.9,10.853,10.853274509803922
3,97.91,10.971,10.857686274509803
3,97.92,10.966,10.859392156862745
3,97.93,10.843,10.860882352941175
3,97.94,10.904,10.860647058823528
3,97.95,10.879,10.861960784313727
3,97.96,10.886,10.863000000000001
3,97.97,10.906,10.865588235294117
3,97.98,10.799,10.866941176470586
3,97.99,10.763,10.87007843137255
3,98.0,10.867,10.871843137254903
3,98.01,10.894,10.874098039215685
3,98.02,10.941,10.875862745098042
3,98.03,10.858,10.878549019607844
3,98.04,10.907,10.880333333333335
3,98.05,10.98,10.882745098039216
3,98.06,10.866,10.884921568627451
3,98.07,10.865,10.885980392156862
3,98.08,10.845,10.88670588235294
3,98.09,10.839,10.886745098039217
3,98.1,10.865,10.889470588235293
3,98.11,10.966,10.890392156862745
3,98.12,10.88,10.893117647058823
3,98.13,10.942,10.894529411764706
3,98.14,10.968,10.896039215686274
3,98.15,10.975,10.897941176470587
3,98.16,10.952,10.899843137254903
3,98.17,10.92,10.89849019607843
3,98.18,10.912,10.896470588235294
3,98.19,10.843,10.897843137254904
3,98.2,10.843,10.898058823529412
3,98.21,10.87,10.898254901960785
3,98.22,10.909,10.89850980392157
3,98.23,10.91,10.899823529411764
3,98.24,10.979,10.90235294117647
3,98.25,10.934,10.904627450980392
3,98.26,10.929,10.90629411764706
3,98.27,10.906,10.907137254901961
3,98.28,10.948,10.907215686274508
3,98.29,10.938,10.908294117647058
3,98.3,10.938,10.908235294117645
3,98.31,10.918,10.907607843137255
3,98.32,10.871,10.909941176470587
3,98.33,10.843,10.911156862745097
3,98.34,10.786,10.914313725490198
3,98.35,10.886,10.915686274509804
3,98.36,10.854,10.91664705882353
3,98.37,10.94,10.916274509803921
3,98.38,10.928,10.918098039215685
3,98.39,10.903,10.917627450980392
3,98.4,10.907,10.915607843137256
3,98.41,10.95,10.915333333333333
3,98.42,10.902,10.914686274509805
3,98.43,10.863,10.914333333333335
3,98.44,10.913,10.913980392156864
3,98.45,10.915,10.91643137254902
3,98.46,10.889,10.918117647058823
3,98.47,10.899,10.918921568627452
3,98.48,10.973,10.918999999999999
3,98.49,10.928,10.920529411764706
3,98.5,10.879,10.921372549019608
3,98.51,10.952,10.921823529411766
3,98.52,10.937,10.921745098039215
3,98.53,10.945,10.92292156862745
3,98.54,10.913,10.924333333333333
3,98.55,10.904,10.925470588235294
3,98.56,10.948,10.925588235294118
3,98.57,10.985,10.927392156862746
3,98.58,10.927,10.930058823529412
3,98.59,11.006,10.933823529411763
3,98.6,10.909,10.938607843137255
3,98.61,10.914,10.940960784313726
3,98.62,10.947,10.944509803921568
3,98.63,10.973,10.947372549019608
3,98.64,10.918,10.949215686274512
3,98.65,10.865,10.951235294117648
3,98.66,10.961,10.95264705882353
3,98.67,10.919,10.952098039215684
3,98.68,10.902,10.952607843137255
3,98.69,10.894,10.954725490196077
3,98.7,10.968,10.956745098039216
3,98.71,10.929,10.958882352941178
3,98.72,10.911,10.960196078431373
3,98.73,10.913,10.960862745098039
3,98.74,10.988,10.961098039215685
3,98.75,11.022,10.961686274509805
3,98.76,10.957,10.96478431372549
3,98.77,10.925,10.964490196078431
3,98.78,10.966,10.965509803921568
3,98.79,11.02,10.966490196078432
3,98.8,10.996,10.967
3,98.81,10.944,10.969117647058825
3,98.82,11.01,10.9688431372549
3,98.83,11.007,10.968941176470588
3,98.84,11.035,10.969274509803922
3,98.85,11.03,10.967313725490195
3,98.86,11.006,10.968039215686275
3,98.87,11.035,10.967176470588235
3,98.88,11.086,10.966882352941175
3,98.89,11.022,10.965607843137255
3,98.9,11.006,10.964862745098038
3,98.91,10.979,10.96627450980392
3,98.92,10.922,10.96578431372549
3,98.93,10.928,10.966411764705883
3,98.94,10.971,10.967901960784312
3,98.95,11.016,10.968941176470587
3,98.96,11.024,10.967392156862745
3,98.97,10.956,10.96778431372549
3,98.98,10.933,10.968333333333334
3,98.99,10.985,10.96870588235294
3,99.0,10.958,10.968333333333334
3,99.01,11.037,10.967117647058823
3,99.02,10.937,10.96586274509804
3,99.03,10.989,10.96650980392157
3,99.04,10.995,10.96643137254902
3,99.05,10.939,10.96549019607843
3,99.06,11.012,10.964607843137255
3,99.07,10.934,10.965627450980392
3,99.08,10.99,10.964627450980391
3,99.09,10.944,10.9641568627451
3,99.1,10.906,10.962568627450981
3,99.11,10.946,10.961509803921567
3,99.12,10.87,10.96213725490196
3,99.13,10.932,10.961647058823528
3,99.14,10.908,10.960274509803922
3,99.15,10.88,10.960156862745098
3,99.16,10.937,10.960313725490195
3,99.17,10.936,10.961627450980393
3,99.18,10.951,10.962882352941179
3,99.19,10.978,10.965470588235295
3,99.2,10.947,10.967960784313725
3,99.21,10.889,10.969156862745098
3,99.22,10.949,10.970764705882353
3,99.23,10.939,10.972039215686273
3,99.24,10.932,10.974372549019607
3,99.25,10.969,10.975941176470588
3,99.26,10.96,10.978117647058824
3,99.27,10.893,10.978039215686275
3,99.28,10.958,10.979490196078432
3,99.29,10.962,10.98
3,99.3,10.972,10.981470588235293
3,99.31,10.951,10.983588235294118
3,99.32,10.996,10.983568627450982
3,99.33,10.959,10.985509803921568
3,99.34,10.983,10.987627450980392
3,99.35,10.954,10.988607843137256
3,99.36,10.976,10.990607843137255
3,99.37,11.038,10.992666666666667
3,99.38,11.01,10.997117647058822
3,99.39,11.016,10.998490196078432
3,99.4,11.016,11.001509803921568
3,99.41,11.014,11.005058823529412
3,99.42,11.046,11.007470588235293
3,99.43,10.986,11.008117647058823
3,99.44,11.06,11.010607843137254
3,99.45,11.098,11.011372549019608
3,99.46,11.077,11.012921568627451
3,99.47,11.106,11.015254901960784
3,99.48,11.021,11.015117647058824
3,99.49,11.052,11.018098039215687
3,99.5,11.065,11.019921568627451
3,99.51,11.069,11.021098039215687
3,99.52,11.033,11.022333333333334
3,99.53,11.011,11.026039215686273
3,99.54,11.015,11.027254901960784
3,99.55,11.07,11.027215686274511
3,99.56,11.047,11.027980392156863
3,99.57,11.011,11.029588235294119
3,99.58,11.033,11.030627450980392
3,99.59,11.098,11.030686274509804
3,99.6,10.994,11.029470588235295
3,99.61,11.008,11.029843137254902
3,99.62,11.051,11.031450980392158
3,99.63,11.097,11.03107843137255
3,99.64,11.002,11.030568627450982
3,99.65,11.062,11.03064705882353
3,99.66,11.061,11.029941176470588
3,99.67,11.06,11.02992156862745
3,99.68,10.969,11.029137254901961
3,99.69,11.078,11.028196078431373
3,99.7,11.017,11.028411764705881
3,99.71,11.026,11.028078431372547
3,99.72,11.008,11.02578431372549
3,99.73,10.942,11.022450980392156
3,99.74,11.091,11.020450980392157
3,99.75,11.025,11.01727450980392
3,99.76,11.029,11.01632
3,99.77,11.023,11.015244897959183
3,99.78,11.082,11.014875000000002
3,99.79,11.02,11.014957446808511
3,99.8,10.96,11.01495652173913
3,99.81,11.011,11.013733333333333
3,99.82,11.033,11.012977272727273
3,99.83,11.049,11.013023255813954
3,99.84,10.962,11.012547619047618
3,99.85,10.921,11.010463414634145
3,99.86,10.973,11.010875
3,99.87,11.058,11.010948717948718
3,99.88,11.019,11.009894736842105
3,99.89,10.984,11.00754054054054
3,99.9,11.02,11.007694444444445
3,99.91,10.98,11.006142857142857
3,99.92,11.013,11.004529411764706
3,99.93,11.006,11.002848484848485
3,99.94,10.938,11.00390625
3,99.95,11.071,11.00151612903226
3,99.96,11.081,11.001000000000001
3,99.97,10.96,11.000137931034484
3,99.98,10.936,10.999857142857142
3,99.99,10.919,11.002
3,100.0,10.89,10.998576923076923
