system,replicate,time_ns,pc1_nm,pc2_nm
complex,1,20.0,-1.14677,0.99516
complex,1,20.1,-1.4472,1.02485
complex,1,20.2,-1.66188,0.84233
complex,1,20.3,-1.2514,0.72853
complex,1,20.4,-1.47724,0.90014
complex,1,20.5,-1.57765,1.14132
complex,1,20.6,-1.07272,1.1899
complex,1,20.7,-1.52169,0.79782
complex,1,20.8,-1.25775,0.96293
complex,1,20.9,-1.15339,0.78883
complex,1,21.0,-1.26457,0.68417
complex,1,21.1,-1.18698,0.26855
complex,1,21.2,-1.2352,0.66154
complex,1,21.3,-1.50069,0.79903
complex,1,21.4,-1.61067,0.90666
complex,1,21.5,-1.36814,0.66017
complex,1,21.6,-1.28255,1.11426
complex,1,21.7,-1.38204,0.94263
complex,1,21.8,-1.3982,1.01081
complex,1,21.9,-1.46081,0.78789
complex,1,22.0,-1.37025,1.06965
complex,1,22.1,-1.61399,1.46975
complex,1,22.2,-1.4514,1.43528
complex,1,22.3,-1.43301,1.66662
complex,1,22.4,-1.31565,1.12741
complex,1,22.5,-1.55947,1.39303
complex,1,22.6,-1.53711,1.00832
complex,1,22.7,-1.50489,1.58588
complex,1,22.8,-1.52601,1.47718
complex,1,22.9,-1.52204,1.56671
complex,1,23.0,-1.50053,1.65688
complex,1,23.1,-1.46666,1.39778
complex,1,23.2,-1.52981,1.51219
complex,1,23.3,-1.42096,1.37413
complex,1,23.4,-1.50643,1.10941
complex,1,23.5,-1.61069,1.47416
complex,1,23.6,-1.53264,1.45995
complex,1,23.7,-1.39176,1.76534
complex,1,23.8,-1.50147,2.01975
complex,1,23.9,-1.47276,1.96791
complex,1,24.0,-1.27111,1.66273
complex,1,24.1,-1.56278,2.24459
complex,1,24.2,-1.48691,1.77873
complex,1,24.3,-1.42551,1.529
complex,1,24.4,-1.64264,1.77499
complex,1,24.5,-1.5808,2.02967
complex,1,24.6,-1.52027,1.69345
complex,1,24.7,-1.68409,1.29759
complex,1,24.8,-1.3071,1.26133
complex,1,24.9,-1.76491,1.28948
complex,1,25.0,-1.55349,0.99033
complex,1,25.1,-1.44065,0.95162
complex,1,25.2,-1.48843,0.98735
complex,1,25.3,-1.72294,0.98641
complex,1,25.4,-1.62159,0.88216
complex,1,25.5,-1.4874,1.28622
complex,1,25.6,-1.62416,1.33345
complex,1,25.7,-1.53965,0.99736
complex,1,25.8,-1.65468,1.24358
complex,1,25.9,-1.39832,1.20108
complex,1,26.0,-1.4646,1.35365
complex,1,26.1,-1.44982,1.54726
complex,1,26.2,-1.44464,1.09982
complex,1,26.3,-1.49754,1.42907
complex,1,26.4,-1.61001,1.3572
complex,1,26.5,-1.74711,1.62585
complex,1,26.6,-1.55115,1.55245
complex,1,26.7,-1.59851,1.11772
complex,1,26.8,-1.69863,1.67667
complex,1,26.9,-1.39235,1.43133
complex,1,27.0,-1.57444,1.534
complex,1,27.1,-1.6989,1.24452
complex,1,27.2,-1.64267,1.48219
complex,1,27.3,-1.74684,1.56666
complex,1,27.4,-1.64486,1.30665
complex,1,27.5,-1.51858,1.52335
complex,1,27.6,-1.56704,1.24815
complex,1,27.7,-1.37882,1.18934
complex,1,27.8,-1.32332,1.37561
complex,1,27.9,-1.5502,1.53685
complex,1,28.0,-2.01163,1.34119
complex,1,28.1,-1.95639,1.81008
complex,1,28.2,-1.5598,1.28397
complex,1,28.3,-1.72297,1.13439
complex,1,28.4,-1.66389,0.97942
complex,1,28.5,-1.66929,1.09294
complex,1,28.6,-1.67104,1.29055
complex,1,28.7,-1.78472,1.46824
complex,1,28.8,-1.68211,1.38726
complex,1,28.9,-1.77409,1.65508
complex,1,29.0,-1.44094,1.96727
complex,1,29.1,-1.60925,1.67573
complex,1,29.2,-1.71005,1.62673
complex,1,29.3,-1.77438,1.76683
complex,1,29.4,-1.78715,1.90723
complex,1,29.5,-1.74124,1.78711
complex,1,29.6,-1.83918,1.52535
complex,1,29.7,-1.59535,1.06422
complex,1,29.8,-1.66176,1.01323
complex,1,29.9,-1.56819,1.10476
complex,1,30.0,-1.55191,1.15332
complex,1,30.1,-1.39683,0.82557
complex,1,30.2,-1.60178,1.14699
complex,1,30.3,-1.51085,0.86187
complex,1,30.4,-1.64294,0.86059
complex,1,30.5,-1.7099,0.86181
complex,1,30.6,-1.81441,0.83427
complex,1,30.7,-1.59135,0.93537
complex,1,30.8,-1.61812,0.9428
complex,1,30.9,-1.71227,1.11377
complex,1,31.0,-1.55433,0.83828
complex,1,31.1,-1.63347,0.92452
complex,1,31.2,-1.63621,1.12043
complex,1,31.3,-1.63152,0.81734
complex,1,31.4,-1.62263,0.96097
complex,1,31.5,-1.60552,1.14008
complex,1,31.6,-1.97364,1.22917
complex,1,31.7,-1.41438,0.79578
complex,1,31.8,-1.55622,1.02069
complex,1,31.9,-1.71,0.95294
complex,1,32.0,-1.58232,0.71068
complex,1,32.1,-1.74286,0.81157
complex,1,32.2,-1.59074,0.94274
complex,1,32.3,-1.93882,0.96982
complex,1,32.4,-1.74717,1.25638
complex,1,32.5,-1.90721,1.13924
complex,1,32.6,-1.94864,0.9958
complex,1,32.7,-1.76252,1.34559
complex,1,32.8,-1.63237,0.86525
complex,1,32.9,-1.8386,1.12427
complex,1,33.0,-1.41394,0.61487
complex,1,33.1,-1.62732,0.43966
complex,1,33.2,-1.46329,0.48721
complex,1,33.3,-1.41999,0.12494
complex,1,33.4,-1.68142,0.52507
complex,1,33.5,-1.49353,0.67729
complex,1,33.6,-1.25042,0.56271
complex,1,33.7,-1.63098,0.57089
complex,1,33.8,-1.66611,0.80757
complex,1,33.9,-1.31688,0.4675
complex,1,34.0,-1.44363,0.64669
complex,1,34.1,-1.39161,0.47049
complex,1,34.2,-1.54029,0.73282
complex,1,34.3,-1.37849,0.31757
complex,1,34.4,-1.57831,0.49051
complex,1,34.5,-1.62688,0.4785
complex,1,34.6,-1.66059,0.77895
complex,1,34.7,-1.58139,0.53562
complex,1,34.8,-1.59018,0.69729
complex,1,34.9,-1.37113,0.43322
complex,1,35.0,-1.46155,0.27764
complex,1,35.1,-1.32644,0.35367
complex,1,35.2,-1.29683,0.51699
complex,1,35.3,-1.59867,0.76131
complex,1,35.4,-1.49106,0.87656
complex,1,35.5,-1.26816,0.67183
complex,1,35.6,-1.35689,0.83321
complex,1,35.7,-1.60377,0.93578
complex,1,35.8,-1.68771,1.24928
complex,1,35.9,-1.86774,1.22637
complex,1,36.0,-1.74348,1.14907
complex,1,36.1,-1.89497,1.47161
complex,1,36.2,-1.80809,1.49776
complex,1,36.3,-1.62899,1.24227
complex,1,36.4,-1.73023,1.3594
complex,1,36.5,-1.57207,0.85458
complex,1,36.6,-1.31925,0.94679
complex,1,36.7,-1.31446,0.98233
complex,1,36.8,-1.41057,0.74506
complex,1,36.9,-1.46499,0.88837
complex,1,37.0,-1.34959,0.83771
complex,1,37.1,-1.61451,0.9932
complex,1,37.2,-1.51129,0.85918
complex,1,37.3,-1.23462,1.2117
complex,1,37.4,-1.32982,1.13462
complex,1,37.5,-1.54044,0.83087
complex,1,37.6,-1.26899,0.69889
complex,1,37.7,-1.23407,0.5898
complex,1,37.8,-1.52399,0.62976
complex,1,37.9,-1.30536,0.78088
complex,1,38.0,-1.4251,0.82357
complex,1,38.1,-1.48768,0.48898
complex,1,38.2,-1.3225,0.50104
complex,1,38.3,-1.44981,0.87535
complex,1,38.4,-1.38826,0.54018
complex,1,38.5,-1.41601,0.70959
complex,1,38.6,-1.49514,0.93541
complex,1,38.7,-1.32297,0.92037
complex,1,38.8,-1.63057,1.18672
complex,1,38.9,-1.78137,1.33586
complex,1,39.0,-1.7231,1.12784
complex,1,39.1,-1.6164,1.01903
complex,1,39.2,-1.34021,1.0873
complex,1,39.3,-1.57736,1.23526
complex,1,39.4,-1.61293,0.85356
complex,1,39.5,-1.28197,0.8077
complex,1,39.6,-1.63741,0.88469
complex,1,39.7,-1.66335,0.84769
complex,1,39.8,-1.67791,0.89951
complex,1,39.9,-1.55869,0.49425
complex,1,40.0,-1.40424,0.63133
complex,1,40.1,-1.47439,0.71106
complex,1,40.2,-1.36635,0.78555
complex,1,40.3,-1.18936,0.76748
complex,1,40.4,-1.381,0.67653
complex,1,40.5,-1.4029,0.5228
complex,1,40.6,-1.61536,0.73547
complex,1,40.7,-1.4569,1.04169
complex,1,40.8,-1.6023,1.36224
complex,1,40.9,-1.5342,1.36503
complex,1,41.0,-1.50966,0.78936
complex,1,41.1,-1.67695,1.1008
complex,1,41.2,-1.59222,1.08561
complex,1,41.3,-1.62544,1.08759
complex,1,41.4,-1.5573,1.1891
complex,1,41.5,-1.49982,1.32631
complex,1,41.6,-1.55587,1.17418
complex,1,41.7,-1.47997,1.23987
complex,1,41.8,-1.33856,1.01024
complex,1,41.9,-1.53152,0.9189
complex,1,42.0,-1.39536,0.47569
complex,1,42.1,-1.09662,0.79095
complex,1,42.2,-1.43151,0.63781
complex,1,42.3,-1.21792,0.73309
complex,1,42.4,-1.29032,0.17957
complex,1,42.5,-1.59386,0.21427
complex,1,42.6,-1.67994,0.33769
complex,1,42.7,-1.70535,0.50272
complex,1,42.8,-1.65964,0.426
complex,1,42.9,-1.51254,0.58781
complex,1,43.0,-1.59008,-0.01723
complex,1,43.1,-1.35422,0.30563
complex,1,43.2,-1.73668,0.37241
complex,1,43.3,-1.59624,-0.02159
complex,1,43.4,-1.56394,0.47625
complex,1,43.5,-1.52836,0.42314
complex,1,43.6,-1.68816,0.90497
complex,1,43.7,-1.5677,0.83356
complex,1,43.8,-1.48321,0.72309
complex,1,43.9,-1.31984,0.8233
complex,1,44.0,-1.51317,0.89623
complex,1,44.1,-1.45962,0.74213
complex,1,44.2,-1.51621,0.97252
complex,1,44.3,-1.3783,0.49744
complex,1,44.4,-1.54292,0.78346
complex,1,44.5,-1.44854,0.7065
complex,1,44.6,-1.32135,0.7957
complex,1,44.7,-1.78268,0.80557
complex,1,44.8,-1.59114,0.90225
complex,1,44.9,-1.32741,0.72113
complex,1,45.0,-1.63082,0.40695
complex,1,45.1,-1.7587,0.58306
complex,1,45.2,-1.8979,0.70538
complex,1,45.3,-1.53561,0.67611
complex,1,45.4,-1.67547,0.79239
complex,1,45.5,-1.5299,0.93395
complex,1,45.6,-1.83508,1.34447
complex,1,45.7,-1.9756,1.02267
complex,1,45.8,-1.80762,0.9201
complex,1,45.9,-1.87335,0.60909
complex,1,46.0,-1.25822,0.71971
complex,1,46.1,-1.44558,0.9601
complex,1,46.2,-1.50347,0.78396
complex,1,46.3,-1.32066,0.75775
complex,1,46.4,-1.18066,0.884
complex,1,46.5,-1.51726,0.98629
complex,1,46.6,-1.36742,1.19544
complex,1,46.7,-1.65096,0.87152
complex,1,46.8,-1.53637,0.41343
complex,1,46.9,-1.6238,0.96507
complex,1,47.0,-1.63199,1.18636
complex,1,47.1,-1.57566,1.32113
complex,1,47.2,-1.4354,0.80739
complex,1,47.3,-1.44768,0.76491
complex,1,47.4,-1.62034,0.67397
complex,1,47.5,-1.55536,0.58882
complex,1,47.6,-1.55642,0.16785
complex,1,47.7,-1.54504,0.44625
complex,1,47.8,-1.6552,0.61339
complex,1,47.9,-1.5061,0.44685
complex,1,48.0,-1.57075,0.51842
complex,1,48.1,-1.55278,0.71757
complex,1,48.2,-1.78178,0.44608
complex,1,48.3,-1.56706,0.46022
complex,1,48.4,-1.80519,1.13812
complex,1,48.5,-1.87912,0.62701
complex,1,48.6,-1.81198,1.15503
complex,1,48.7,-1.73909,1.0297
complex,1,48.8,-1.81172,0.89077
complex,1,48.9,-1.50545,0.94918
complex,1,49.0,-1.60149,1.11564
complex,1,49.1,-1.58338,0.62823
complex,1,49.2,-1.5429,1.40433
complex,1,49.3,-1.26418,0.94075
complex,1,49.4,-1.4346,1.23377
complex,1,49.5,-1.69634,0.87498
complex,1,49.6,-1.47543,0.88811
complex,1,49.7,-1.61713,1.11755
complex,1,49.8,-1.6251,0.69656
complex,1,49.9,-1.759,1.42592
complex,1,50.0,-1.89293,1.08347
complex,1,50.1,-1.5976,0.37842
complex,1,50.2,-1.09607,-0.13438
complex,1,50.3,-1.15758,0.92509
complex,1,50.4,-1.33962,0.36229
complex,1,50.5,-1.52243,1.27827
complex,1,50.6,-1.41511,1.39206
complex,1,50.7,-1.74711,1.64784
complex,1,50.8,-1.60167,1.1839
complex,1,50.9,-2.3278,1.2551
complex,1,51.0,-2.15698,1.56683
complex,1,51.1,-1.92977,1.54334
complex,1,51.2,-2.00263,1.38459
complex,1,51.3,-1.95064,1.20306
complex,1,51.4,-1.84192,1.1029
complex,1,51.5,-1.55812,1.46739
complex,1,51.6,-1.63926,1.71113
complex,1,51.7,-1.76932,1.56286
complex,1,51.8,-1.72678,1.45057
complex,1,51.9,-1.70533,1.24404
complex,1,52.0,-1.94739,1.27429
complex,1,52.1,-1.71095,0.93091
complex,1,52.2,-1.87151,1.31794
complex,1,52.3,-1.74213,1.60788
complex,1,52.4,-1.55534,1.3285
complex,1,52.5,-1.42885,0.97299
complex,1,52.6,-1.32291,1.40724
complex,1,52.7,-1.64686,1.23359
complex,1,52.8,-1.46866,1.0849
complex,1,52.9,-1.54077,1.18978
complex,1,53.0,-1.75254,1.21602
complex,1,53.1,-1.75964,1.05319
complex,1,53.2,-1.65707,1.05392
complex,1,53.3,-1.56717,0.89588
complex,1,53.4,-1.75723,0.9698
complex,1,53.5,-1.33117,0.63107
complex,1,53.6,-1.51491,0.89466
complex,1,53.7,-1.56001,0.71653
complex,1,53.8,-1.50017,0.79256
complex,1,53.9,-1.55154,0.77291
complex,1,54.0,-1.43813,0.72179
complex,1,54.1,-1.68282,0.92845
complex,1,54.2,-1.53862,0.99887
complex,1,54.3,-1.235,0.91307
complex,1,54.4,-1.23173,1.00667
complex,1,54.5,-1.33251,1.04735
complex,1,54.6,-1.26597,0.9824
complex,1,54.7,-1.6406,0.97199
complex,1,54.8,-1.59957,1.36427
complex,1,54.9,-1.18166,1.05184
complex,1,55.0,-1.19103,1.24065
complex,1,55.1,-1.33137,1.32268
complex,1,55.2,-1.38455,1.52224
complex,1,55.3,-1.32542,1.2213
complex,1,55.4,-1.65155,1.78702
complex,1,55.5,-1.36756,1.59111
complex,1,55.6,-1.24118,1.25696
complex,1,55.7,-1.40344,0.93896
complex,1,55.8,-1.31136,0.96575
complex,1,55.9,-1.44518,1.19489
complex,1,56.0,-1.48324,0.96584
complex,1,56.1,-1.25063,1.33694
complex,1,56.2,-1.2949,1.09718
complex,1,56.3,-1.50519,1.55138
complex,1,56.4,-1.49601,1.48609
complex,1,56.5,-1.29928,1.55854
complex,1,56.6,-1.02788,1.74772
complex,1,56.7,-1.19557,1.41129
complex,1,56.8,-1.05041,1.54126
complex,1,56.9,-1.03528,1.73724
complex,1,57.0,-1.19095,1.78674
complex,1,57.1,-1.37161,1.82464
complex,1,57.2,-0.92913,1.47924
complex,1,57.3,-1.23644,1.62449
complex,1,57.4,-1.12729,1.14022
complex,1,57.5,-1.26334,0.85093
complex,1,57.6,-1.29288,0.94887
complex,1,57.7,-1.19489,1.46228
complex,1,57.8,-1.29908,1.93566
complex,1,57.9,-1.14262,1.24956
complex,1,58.0,-0.87803,1.1958
complex,1,58.1,-0.99847,1.62788
complex,1,58.2,-1.30371,1.3768
complex,1,58.3,-1.04334,1.45759
complex,1,58.4,-1.02992,1.8288
complex,1,58.5,-0.98603,1.92715
complex,1,58.6,-1.05331,1.94142
complex,1,58.7,-1.19091,1.7062
complex,1,58.8,-1.1822,1.89503
complex,1,58.9,-1.40243,2.09159
complex,1,59.0,-1.39552,1.81714
complex,1,59.1,-1.50457,1.6372
complex,1,59.2,-1.16853,1.80439
complex,1,59.3,-1.24214,2.00147
complex,1,59.4,-1.06745,1.73917
complex,1,59.5,-1.22393,2.38172
complex,1,59.6,-1.26513,2.56555
complex,1,59.7,-1.28077,2.55963
complex,1,59.8,-1.15598,2.31405
complex,1,59.9,-1.30753,1.947
complex,1,60.0,-1.40508,1.7146
complex,1,60.1,-1.59663,1.87403
complex,1,60.2,-1.4126,1.99046
complex,1,60.3,-1.33342,2.03313
complex,1,60.4,-1.24425,2.21554
complex,1,60.5,-1.2994,1.57844
complex,1,60.6,-1.23255,1.43886
complex,1,60.7,-1.02682,1.43366
complex,1,60.8,-1.18364,1.22891
complex,1,60.9,-1.29087,1.32212
complex,1,61.0,-1.03138,0.98504
complex,1,61.1,-1.19292,1.23476
complex,1,61.2,-0.94998,1.20577
complex,1,61.3,-0.95903,1.46947
complex,1,61.4,-0.69127,0.64437
complex,1,61.5,-0.85175,0.99939
complex,1,61.6,-0.85582,1.08876
complex,1,61.7,-0.77252,1.11186
complex,1,61.8,-0.95898,1.3801
complex,1,61.9,-1.0133,1.30743
complex,1,62.0,-0.94391,1.30128
complex,1,62.1,-0.85349,1.16096
complex,1,62.2,-0.7625,1.19849
complex,1,62.3,-0.86292,1.03395
complex,1,62.4,-0.89244,0.90785
complex,1,62.5,-0.82726,0.77118
complex,1,62.6,-0.67034,0.85372
complex,1,62.7,-0.74922,0.94029
complex,1,62.8,-0.68583,1.09414
complex,1,62.9,-0.67943,0.92012
complex,1,63.0,-0.72074,0.82945
complex,1,63.1,-0.66736,1.1395
complex,1,63.2,-0.66376,1.00553
complex,1,63.3,-0.77167,0.84819
complex,1,63.4,-0.59924,1.19699
complex,1,63.5,-0.74275,1.10684
complex,1,63.6,-0.79673,1.57503
complex,1,63.7,-1.04737,1.35411
complex,1,63.8,-1.10078,1.34705
complex,1,63.9,-0.92649,1.20378
complex,1,64.0,-1.09623,1.27758
complex,1,64.1,-0.96525,0.85828
complex,1,64.2,-0.98976,1.15673
complex,1,64.3,-1.00383,1.26121
complex,1,64.4,-0.9817,1.17178
complex,1,64.5,-1.09354,1.05428
complex,1,64.6,-1.01545,1.17717
complex,1,64.7,-0.97934,1.15657
complex,1,64.8,-0.95766,1.35132
complex,1,64.9,-1.01158,1.5295
complex,1,65.0,-1.13574,1.29742
complex,1,65.1,-0.87118,1.47684
complex,1,65.2,-1.09162,1.50894
complex,1,65.3,-1.17508,1.63214
complex,1,65.4,-1.15548,1.56971
complex,1,65.5,-1.11836,1.44462
complex,1,65.6,-1.15768,1.52104
complex,1,65.7,-1.08228,1.41552
complex,1,65.8,-1.10898,1.42553
complex,1,65.9,-1.16575,1.32131
complex,1,66.0,-1.08563,1.24631
complex,1,66.1,-1.13527,1.32317
complex,1,66.2,-1.14671,1.44223
complex,1,66.3,-0.8342,1.13614
complex,1,66.4,-1.06315,1.07283
complex,1,66.5,-1.05237,1.37846
complex,1,66.6,-0.98117,1.22607
complex,1,66.7,-1.04057,1.3313
complex,1,66.8,-0.98057,1.04862
complex,1,66.9,-1.07325,1.06799
complex,1,67.0,-1.08528,1.2594
complex,1,67.1,-1.01883,1.16614
complex,1,67.2,-1.10625,1.13587
complex,1,67.3,-1.10549,1.47148
complex,1,67.4,-0.94031,1.21475
complex,1,67.5,-0.8574,1.20455
complex,1,67.6,-0.85901,1.15155
complex,1,67.7,-0.90582,1.20825
complex,1,67.8,-1.04899,1.20797
complex,1,67.9,-0.88478,1.38248
complex,1,68.0,-0.95537,1.2013
complex,1,68.1,-0.81208,1.15456
complex,1,68.2,-0.9927,1.35207
complex,1,68.3,-0.98764,1.2303
complex,1,68.4,-0.92568,1.39469
complex,1,68.5,-0.93517,1.45809
complex,1,68.6,-0.81654,1.40973
complex,1,68.7,-0.78778,1.15522
complex,1,68.8,-0.88434,1.29294
complex,1,68.9,-0.82875,1.10775
complex,1,69.0,-0.98167,1.22271
complex,1,69.1,-0.8893,1.30378
complex,1,69.2,-0.80487,1.13594
complex,1,69.3,-0.7516,1.11114
complex,1,69.4,-0.70865,1.2219
complex,1,69.5,-0.80573,1.21661
complex,1,69.6,-0.91498,1.42546
complex,1,69.7,-0.93432,1.14462
complex,1,69.8,-0.88322,1.22636
complex,1,69.9,-0.81573,1.10948
complex,1,70.0,-0.83696,1.28278
complex,1,70.1,-0.90514,1.285
complex,1,70.2,-0.84281,1.13331
complex,1,70.3,-0.89915,1.19302
complex,1,70.4,-0.96954,1.32014
complex,1,70.5,-0.86903,1.28467
complex,1,70.6,-0.84418,1.36756
complex,1,70.7,-0.84538,1.19443
complex,1,70.8,-0.64602,1.43536
complex,1,70.9,-0.96218,1.32284
complex,1,71.0,-1.02102,1.01392
complex,1,71.1,-1.04036,1.28181
complex,1,71.2,-1.29815,1.5062
complex,1,71.3,-1.06076,1.4702
complex,1,71.4,-1.2173,1.48095
complex,1,71.5,-1.04009,1.36086
complex,1,71.6,-1.00114,1.60148
complex,1,71.7,-0.97748,1.57547
complex,1,71.8,-1.06767,1.33849
complex,1,71.9,-0.89564,1.01496
complex,1,72.0,-1.01666,1.3544
complex,1,72.1,-0.97668,1.03948
complex,1,72.2,-1.18365,1.19947
complex,1,72.3,-1.20142,1.31844
complex,1,72.4,-1.09879,1.04975
complex,1,72.5,-1.09749,1.05917
complex,1,72.6,-1.14132,1.43871
complex,1,72.7,-1.18622,1.46227
complex,1,72.8,-1.18409,1.27521
complex,1,72.9,-1.15808,1.96813
complex,1,73.0,-1.35587,1.65091
complex,1,73.1,-1.301,1.3867
complex,1,73.2,-1.18863,2.15458
complex,1,73.3,-1.42824,2.04226
complex,1,73.4,-1.45591,1.86872
complex,1,73.5,-1.29225,1.74283
complex,1,73.6,-1.20004,1.66257
complex,1,73.7,-1.22206,1.92823
complex,1,73.8,-1.7076,1.95083
complex,1,73.9,-1.49129,1.61809
complex,1,74.0,-1.73584,1.3818
complex,1,74.1,-1.45289,1.24477
complex,1,74.2,-1.14066,1.65364
complex,1,74.3,-1.29066,1.68829
complex,1,74.4,-1.09212,1.44104
complex,1,74.5,-1.23892,1.74958
complex,1,74.6,-1.25145,1.76511
complex,1,74.7,-1.07284,2.09772
complex,1,74.8,-1.36828,2.23763
complex,1,74.9,-1.36538,1.93605
complex,1,75.0,-1.25235,2.16281
complex,1,75.1,-1.29064,2.08991
complex,1,75.2,-1.16417,1.91533
complex,1,75.3,-1.12622,2.1501
complex,1,75.4,-1.18466,2.06431
complex,1,75.5,-1.12412,2.05997
complex,1,75.6,-1.11933,2.21645
complex,1,75.7,-1.34017,2.28063
complex,1,75.8,-1.25199,2.06667
complex,1,75.9,-0.87212,2.11091
complex,1,76.0,-1.03692,2.15256
complex,1,76.1,-1.26987,1.705
complex,1,76.2,-1.29508,1.86335
complex,1,76.3,-1.47853,1.99084
complex,1,76.4,-1.43126,1.73086
complex,1,76.5,-1.46813,1.78261
complex,1,76.6,-1.40243,1.63949
complex,1,76.7,-1.58694,1.48918
complex,1,76.8,-1.60581,1.5756
complex,1,76.9,-1.31251,1.6268
complex,1,77.0,-1.4897,1.6659
complex,1,77.1,-1.29624,1.7866
complex,1,77.2,-1.31558,2.01424
complex,1,77.3,-1.45201,1.56918
complex,1,77.4,-1.41665,1.75187
complex,1,77.5,-1.52271,1.66054
complex,1,77.6,-1.48356,1.26354
complex,1,77.7,-1.5789,1.36932
complex,1,77.8,-1.16918,1.63146
complex,1,77.9,-1.2176,1.34296
complex,1,78.0,-1.21395,1.57414
complex,1,78.1,-1.44561,1.74867
complex,1,78.2,-1.49166,1.8791
complex,1,78.3,-1.4022,1.75542
complex,1,78.4,-1.56456,1.53307
complex,1,78.5,-1.66205,1.51988
complex,1,78.6,-1.6236,1.70634
complex,1,78.7,-1.39566,1.47732
complex,1,78.8,-1.5641,1.7729
complex,1,78.9,-1.53468,1.37739
complex,1,79.0,-1.49345,1.58067
complex,1,79.1,-1.83131,1.406
complex,1,79.2,-1.47148,1.22412
complex,1,79.3,-1.51938,1.58775
complex,1,79.4,-1.59165,1.31527
complex,1,79.5,-1.05068,1.6415
complex,1,79.6,-1.41134,1.84206
complex,1,79.7,-1.41422,2.05646
complex,1,79.8,-1.37237,1.77843
complex,1,79.9,-1.58049,1.63421
complex,1,80.0,-1.54768,1.88787
complex,1,80.1,-1.7178,1.65156
complex,1,80.2,-1.66867,1.47478
complex,1,80.3,-1.48084,1.31204
complex,1,80.4,-1.28603,1.39018
complex,1,80.5,-1.60831,1.27083
complex,1,80.6,-1.53212,1.44285
complex,1,80.7,-1.3661,1.62634
complex,1,80.8,-1.49248,1.37528
complex,1,80.9,-1.51907,1.40856
complex,1,81.0,-1.32252,1.4647
complex,1,81.1,-1.56768,1.69623
complex,1,81.2,-1.38176,1.25073
complex,1,81.3,-1.6526,1.48194
complex,1,81.4,-1.52538,1.19661
complex,1,81.5,-1.57081,1.33545
complex,1,81.6,-1.70534,1.49578
complex,1,81.7,-1.79209,1.21417
complex,1,81.8,-1.95228,1.44849
complex,1,81.9,-1.81822,1.56237
complex,1,82.0,-1.69193,1.03238
complex,1,82.1,-1.71505,1.49552
complex,1,82.2,-1.84902,1.2294
complex,1,82.3,-1.81168,1.00521
complex,1,82.4,-1.75926,1.33139
complex,1,82.5,-1.79563,0.73131
complex,1,82.6,-1.72309,1.2324
complex,1,82.7,-1.56102,1.12666
complex,1,82.8,-1.56328,0.95094
complex,1,82.9,-1.52653,1.58976
complex,1,83.0,-1.63391,1.12667
complex,1,83.1,-1.74225,1.15315
complex,1,83.2,-2.01835,1.29296
complex,1,83.3,-1.62671,1.54632
complex,1,83.4,-1.44782,1.50326
complex,1,83.5,-1.49261,1.03363
complex,1,83.6,-1.29331,1.68179
complex,1,83.7,-1.3564,1.83608
complex,1,83.8,-1.21763,1.56421
complex,1,83.9,-1.58379,1.41259
complex,1,84.0,-1.65883,1.75789
complex,1,84.1,-1.24739,1.44072
complex,1,84.2,-1.51286,1.32865
complex,1,84.3,-1.6934,1.50812
complex,1,84.4,-1.55398,1.59678
complex,1,84.5,-1.52171,1.83331
complex,1,84.6,-1.58676,1.74838
complex,1,84.7,-1.50608,1.24992
complex,1,84.8,-1.41702,1.21015
complex,1,84.9,-1.27531,1.70508
complex,1,85.0,-1.46015,1.30701
complex,1,85.1,-1.49157,1.59349
complex,1,85.2,-1.46261,1.58192
complex,1,85.3,-1.50785,1.12286
complex,1,85.4,-1.43595,1.39376
complex,1,85.5,-1.66653,1.50993
complex,1,85.6,-1.29343,1.41072
complex,1,85.7,-1.64348,1.86334
complex,1,85.8,-1.50851,1.71212
complex,1,85.9,-1.63347,2.0568
complex,1,86.0,-1.50525,2.0588
complex,1,86.1,-1.46926,1.60855
complex,1,86.2,-1.49615,1.78994
complex,1,86.3,-1.45754,1.97906
complex,1,86.4,-1.43761,2.13505
complex,1,86.5,-1.66964,1.74611
complex,1,86.6,-1.65638,1.71847
complex,1,86.7,-1.56341,2.07923
complex,1,86.8,-1.42319,1.85197
complex,1,86.9,-1.58881,1.90015
complex,1,87.0,-1.4772,1.73755
complex,1,87.1,-1.57472,1.7502
complex,1,87.2,-1.82945,1.57441
complex,1,87.3,-1.65574,2.15824
complex,1,87.4,-1.77232,2.06927
complex,1,87.5,-1.69548,2.25313
complex,1,87.6,-1.81695,1.23076
complex,1,87.7,-1.71911,1.22192
complex,1,87.8,-1.6772,1.14041
complex,1,87.9,-1.49245,1.19165
complex,1,88.0,-1.76307,0.94244
complex,1,88.1,-1.76022,1.33069
complex,1,88.2,-1.64378,1.21641
complex,1,88.3,-1.60223,1.59814
complex,1,88.4,-1.61737,1.55027
complex,1,88.5,-1.77311,1.45881
complex,1,88.6,-1.59966,0.99524
complex,1,88.7,-1.58395,1.11227
complex,1,88.8,-1.6381,1.34799
complex,1,88.9,-1.57099,1.05785
complex,1,89.0,-1.5883,1.42139
complex,1,89.1,-1.44191,0.88108
complex,1,89.2,-1.40874,1.11826
complex,1,89.3,-1.31715,1.23043
complex,1,89.4,-1.65793,1.09053
complex,1,89.5,-1.43992,0.97512
complex,1,89.6,-1.424,0.94242
complex,1,89.7,-1.58782,1.15143
complex,1,89.8,-1.42519,1.11603
complex,1,89.9,-1.43017,1.03437
complex,1,90.0,-1.3036,1.62642
complex,1,90.1,-1.53077,1.31485
complex,1,90.2,-1.03363,1.37953
complex,1,90.3,-1.15447,1.37287
complex,1,90.4,-1.48596,1.48874
complex,1,90.5,-1.38342,1.65933
complex,1,90.6,-1.40232,1.33528
complex,1,90.7,-1.27808,1.39595
complex,1,90.8,-1.45461,1.56404
complex,1,90.9,-1.3668,1.61179
complex,1,91.0,-1.3595,1.71678
complex,1,91.1,-1.27977,1.41013
complex,1,91.2,-1.39384,1.70573
complex,1,91.3,-1.31346,1.60791
complex,1,91.4,-1.14927,1.54422
complex,1,91.5,-1.32575,1.5623
complex,1,91.6,-1.27754,2.04059
complex,1,91.7,-1.3354,1.99754
complex,1,91.8,-1.48805,1.78056
complex,1,91.9,-1.3728,1.78963
complex,1,92.0,-1.24564,1.73214
complex,1,92.1,-1.25803,1.84774
complex,1,92.2,-1.22766,1.61357
complex,1,92.3,-1.39366,1.47677
complex,1,92.4,-1.14358,1.61024
complex,1,92.5,-1.28103,1.61717
complex,1,92.6,-1.29471,1.56982
complex,1,92.7,-1.36364,1.80504
complex,1,92.8,-1.23195,1.32245
complex,1,92.9,-1.22524,1.40123
complex,1,93.0,-1.29071,1.44574
complex,1,93.1,-1.39042,1.44475
complex,1,93.2,-1.3897,1.31193
complex,1,93.3,-1.53068,1.32888
complex,1,93.4,-1.29743,1.60422
complex,1,93.5,-1.40307,1.59868
complex,1,93.6,-1.3828,1.68956
complex,1,93.7,-1.40962,1.67499
complex,1,93.8,-1.4211,1.521
complex,1,93.9,-1.29392,1.58638
complex,1,94.0,-1.09224,1.65236
complex,1,94.1,-1.15654,1.59137
complex,1,94.2,-1.30912,1.40723
complex,1,94.3,-1.12726,1.4445
complex,1,94.4,-1.136,1.22569
complex,1,94.5,-1.0494,1.3295
complex,1,94.6,-1.12046,1.38469
complex,1,94.7,-1.26517,1.40299
complex,1,94.8,-1.3889,1.52628
complex,1,94.9,-1.31206,1.44201
complex,1,95.0,-1.33673,1.12501
complex,1,95.1,-1.14326,1.32214
complex,1,95.2,-1.18992,1.27638
complex,1,95.3,-1.35517,1.09866
complex,1,95.4,-1.18061,1.54317
complex,1,95.5,-1.24051,1.59626
complex,1,95.6,-1.24361,1.65863
complex,1,95.7,-1.53033,1.80722
complex,1,95.8,-1.1912,1.65376
complex,1,95.9,-1.19045,1.30809
complex,1,96.0,-1.06624,1.30386
complex,1,96.1,-1.3439,1.65176
complex,1,96.2,-1.21404,1.23057
complex,1,96.3,-1.24087,1.42849
complex,1,96.4,-1.01198,1.30231
complex,1,96.5,-1.11316,1.34994
complex,1,96.6,-1.1677,1.60439
complex,1,96.7,-0.9714,1.30158
complex,1,96.8,-1.05438,1.27844
complex,1,96.9,-1.16947,1.48634
complex,1,97.0,-1.22513,1.30755
complex,1,97.1,-1.20984,1.47541
complex,1,97.2,-1.24461,1.56011
complex,1,97.3,-1.24235,1.53471
complex,1,97.4,-1.16794,1.22492
complex,1,97.5,-1.26,1.60416
complex,1,97.6,-1.39821,1.49466
complex,1,97.7,-1.2976,1.42953
complex,1,97.8,-1.26784,1.59103
complex,1,97.9,-1.3756,1.64329
complex,1,98.0,-1.25877,1.79928
complex,1,98.1,-1.42976,1.81451
complex,1,98.2,-1.52939,1.69529
complex,1,98.3,-1.35855,1.74508
complex,1,98.4,-1.27233,1.56711
complex,1,98.5,-1.15334,1.34742
complex,1,98.6,-1.4797,1.56224
complex,1,98.7,-1.2603,1.59602
complex,1,98.8,-1.2705,1.16924
complex,1,98.9,-1.17255,1.21325
complex,1,99.0,-1.42475,1.50262
complex,1,99.1,-1.12375,1.16011
complex,1,99.2,-1.47889,1.2322
complex,1,99.3,-1.08106,1.42542
complex,1,99.4,-1.14934,1.30338
complex,1,99.5,-1.40711,1.39705
complex,1,99.6,-1.21622,1.12934
complex,1,99.7,-1.29213,1.55458
complex,1,99.8,-1.23861,1.18045
complex,1,99.9,-1.14083,1.52481
complex,1,100.0,-1.13897,1.45669
complex,2,20.0,0.09333,-1.99852
complex,2,20.1,-0.13868,-2.06932
complex,2,20.2,-0.00726,-2.04618
complex,2,20.3,-0.06076,-2.03587
complex,2,20.4,0.22027,-1.82818
complex,2,20.5,0.37518,-2.01917
complex,2,20.6,0.43759,-2.04388
complex,2,20.7,0.31959,-1.88415
complex,2,20.8,0.35218,-2.1744
complex,2,20.9,0.20969,-2.12768
complex,2,21.0,0.29186,-2.05529
complex,2,21.1,0.3736,-2.34546
complex,2,21.2,0.34951,-2.20605
complex,2,21.3,0.1495,-2.26331
complex,2,21.4,0.26236,-2.48676
complex,2,21.5,-0.02548,-2.50431
complex,2,21.6,0.15575,-2.49441
complex,2,21.7,0.08475,-2.21343
complex,2,21.8,0.11425,-2.26126
complex,2,21.9,0.2395,-1.84994
complex,2,22.0,1.0611,-1.64565
complex,2,22.1,0.80707,-1.644
complex,2,22.2,0.93383,-1.33458
complex,2,22.3,0.77482,-1.12525
complex,2,22.4,0.94456,-1.52723
complex,2,22.5,0.82176,-1.34012
complex,2,22.6,1.31731,-1.32301
complex,2,22.7,0.98789,-1.27239
complex,2,22.8,0.84262,-1.22471
complex,2,22.9,0.75125,-1.75676
complex,2,23.0,0.41549,-2.09796
complex,2,23.1,0.50585,-1.40259
complex,2,23.2,0.80565,-0.70114
complex,2,23.3,1.14585,-1.57211
complex,2,23.4,0.76513,-1.54367
complex,2,23.5,1.35622,-1.55345
complex,2,23.6,1.04995,-1.90444
complex,2,23.7,0.45032,-1.64198
complex,2,23.8,0.54728,-1.44216
complex,2,23.9,0.07886,-1.35913
complex,2,24.0,0.18055,-1.54273
complex,2,24.1,0.18035,-1.55975
complex,2,24.2,-0.18977,-1.85245
complex,2,24.3,-0.03834,-2.18393
complex,2,24.4,-0.09331,-1.69295
complex,2,24.5,-0.29426,-1.90475
complex,2,24.6,-0.19737,-1.44486
complex,2,24.7,0.26415,-1.70989
complex,2,24.8,0.11626,-1.75879
complex,2,24.9,0.45757,-1.83238
complex,2,25.0,0.41195,-2.15112
complex,2,25.1,0.34646,-2.17787
complex,2,25.2,0.33511,-2.01316
complex,2,25.3,0.2972,-1.94562
complex,2,25.4,0.23546,-2.05928
complex,2,25.5,0.5137,-2.20388
complex,2,25.6,0.17208,-1.88823
complex,2,25.7,0.22446,-2.0936
complex,2,25.8,0.07182,-2.05955
complex,2,25.9,0.02039,-1.82157
complex,2,26.0,0.27504,-1.82098
complex,2,26.1,0.38287,-1.89204
complex,2,26.2,0.15225,-1.9033
complex,2,26.3,0.26481,-1.62543
complex,2,26.4,-0.00154,-1.63436
complex,2,26.5,0.33023,-1.82155
complex,2,26.6,0.50534,-2.22207
complex,2,26.7,0.22527,-2.44929
complex,2,26.8,-0.00618,-1.84316
complex,2,26.9,0.12116,-1.71726
complex,2,27.0,0.42935,-1.85481
complex,2,27.1,0.29383,-1.91341
complex,2,27.2,0.27971,-2.2437
complex,2,27.3,0.27839,-2.13594
complex,2,27.4,0.27915,-2.01603
complex,2,27.5,0.50382,-2.00029
complex,2,27.6,0.57574,-1.90824
complex,2,27.7,0.49924,-1.82074
complex,2,27.8,0.50237,-2.02984
complex,2,27.9,0.4809,-1.74809
complex,2,28.0,0.68085,-1.93959
complex,2,28.1,0.50416,-1.86856
complex,2,28.2,0.5728,-2.02788
complex,2,28.3,0.51052,-1.98284
complex,2,28.4,0.56422,-1.90749
complex,2,28.5,0.58841,-2.09024
complex,2,28.6,0.52116,-2.11504
complex,2,28.7,0.35314,-2.00641
complex,2,28.8,0.27502,-1.98449
complex,2,28.9,0.35808,-1.72506
complex,2,29.0,0.43084,-1.80541
complex,2,29.1,0.3707,-1.73615
complex,2,29.2,0.37827,-1.8327
complex,2,29.3,0.02188,-2.21461
complex,2,29.4,0.04161,-1.74743
complex,2,29.5,-0.08829,-1.68329
complex,2,29.6,0.11119,-1.85923
complex,2,29.7,0.16463,-1.8344
complex,2,29.8,0.17886,-1.85902
complex,2,29.9,0.16193,-1.97802
complex,2,30.0,0.42107,-1.71877
complex,2,30.1,0.18342,-1.72746
complex,2,30.2,0.37688,-1.66385
complex,2,30.3,0.2469,-1.70918
complex,2,30.4,0.3952,-1.67755
complex,2,30.5,0.18915,-1.87355
complex,2,30.6,0.19465,-1.76671
complex,2,30.7,0.09833,-1.61137
complex,2,30.8,0.07561,-2.02747
complex,2,30.9,-0.16616,-1.78131
complex,2,31.0,-0.25576,-1.57757
complex,2,31.1,-0.30729,-1.67176
complex,2,31.2,-0.24803,-1.39404
complex,2,31.3,-0.18174,-1.87591
complex,2,31.4,-0.04676,-1.69379
complex,2,31.5,-0.0067,-1.96658
complex,2,31.6,0.06296,-1.49173
complex,2,31.7,-0.16798,-1.93895
complex,2,31.8,-0.34135,-1.55413
complex,2,31.9,-0.16263,-1.50446
complex,2,32.0,0.03059,-2.17768
complex,2,32.1,0.00934,-2.01139
complex,2,32.2,-0.12261,-2.05404
complex,2,32.3,-0.03702,-2.2329
complex,2,32.4,-0.17223,-1.64075
complex,2,32.5,-0.12145,-1.94962
complex,2,32.6,-0.14928,-1.97438
complex,2,32.7,-0.09075,-1.83726
complex,2,32.8,-0.04331,-1.81326
complex,2,32.9,-0.13931,-1.65724
complex,2,33.0,0.09673,-1.87625
complex,2,33.1,0.06486,-1.53104
complex,2,33.2,0.26531,-1.77363
complex,2,33.3,0.32529,-2.12975
complex,2,33.4,0.14067,-2.12625
complex,2,33.5,0.13804,-2.00262
complex,2,33.6,0.1976,-2.18543
complex,2,33.7,0.21983,-2.01915
complex,2,33.8,0.06479,-2.112
complex,2,33.9,0.21305,-1.9591
complex,2,34.0,0.18173,-1.90442
complex,2,34.1,0.26809,-1.91728
complex,2,34.2,0.0714,-1.88006
complex,2,34.3,0.2402,-1.88612
complex,2,34.4,0.26905,-2.01006
complex,2,34.5,-0.12278,-1.68433
complex,2,34.6,0.12067,-1.81588
complex,2,34.7,0.06632,-2.08338
complex,2,34.8,-0.02186,-2.03071
complex,2,34.9,0.14518,-1.84145
complex,2,35.0,-0.19243,-2.3633
complex,2,35.1,0.08791,-1.93465
complex,2,35.2,0.19516,-1.95981
complex,2,35.3,0.17093,-1.7872
complex,2,35.4,-0.05137,-1.64369
complex,2,35.5,0.06971,-1.92243
complex,2,35.6,0.28096,-1.55585
complex,2,35.7,0.11693,-1.95463
complex,2,35.8,0.16326,-1.96956
complex,2,35.9,0.18793,-2.07817
complex,2,36.0,-0.12173,-1.94363
complex,2,36.1,0.27536,-1.87874
complex,2,36.2,0.09744,-1.9577
complex,2,36.3,0.14764,-2.30036
complex,2,36.4,0.08576,-2.12404
complex,2,36.5,0.04913,-1.94475
complex,2,36.6,0.0685,-2.00908
complex,2,36.7,0.23013,-1.97351
complex,2,36.8,0.10012,-2.06637
complex,2,36.9,0.17938,-1.91662
complex,2,37.0,0.13033,-2.15177
complex,2,37.1,0.1206,-1.97234
complex,2,37.2,0.08479,-2.22002
complex,2,37.3,-0.02124,-2.0043
complex,2,37.4,0.04069,-1.87732
complex,2,37.5,0.07062,-1.8693
complex,2,37.6,0.2456,-2.23429
complex,2,37.7,0.17966,-2.54743
complex,2,37.8,-0.00855,-2.07773
complex,2,37.9,0.24705,-1.69132
complex,2,38.0,0.33636,-1.46896
complex,2,38.1,0.20097,-1.414
complex,2,38.2,0.28187,-1.58044
complex,2,38.3,0.04365,-1.45913
complex,2,38.4,0.08128,-1.75603
complex,2,38.5,0.04564,-1.61156
complex,2,38.6,0.06892,-1.51095
complex,2,38.7,-0.02253,-1.32855
complex,2,38.8,0.04594,-1.55498
complex,2,38.9,-0.00793,-1.62116
complex,2,39.0,-0.00715,-1.83236
complex,2,39.1,-0.11044,-1.72605
complex,2,39.2,-0.03839,-1.63257
complex,2,39.3,0.18189,-1.51688
complex,2,39.4,0.12803,-1.73721
complex,2,39.5,-0.01035,-1.88737
complex,2,39.6,-0.20307,-1.68269
complex,2,39.7,0.07481,-2.01585
complex,2,39.8,0.02752,-1.78568
complex,2,39.9,0.29115,-1.56069
complex,2,40.0,-0.05204,-1.33234
complex,2,40.1,0.09569,-1.49912
complex,2,40.2,0.21071,-1.49577
complex,2,40.3,0.02793,-1.73203
complex,2,40.4,-0.10344,-1.20593
complex,2,40.5,-0.3912,-1.67809
complex,2,40.6,-0.4272,-1.50617
complex,2,40.7,-0.4388,-1.38263
complex,2,40.8,-0.3663,-1.56761
complex,2,40.9,-0.45036,-1.68547
complex,2,41.0,-0.03,-1.70818
complex,2,41.1,-0.08655,-1.26872
complex,2,41.2,-0.03982,-1.36322
complex,2,41.3,-0.52857,-1.46969
complex,2,41.4,0.14176,-1.33153
complex,2,41.5,-0.0244,-1.9967
complex,2,41.6,-0.04687,-1.06637
complex,2,41.7,0.0519,-1.48195
complex,2,41.8,0.29197,-0.88395
complex,2,41.9,0.25852,-1.08569
complex,2,42.0,0.12656,-1.32482
complex,2,42.1,0.35964,-1.88919
complex,2,42.2,0.1496,-1.03667
complex,2,42.3,0.59526,-1.39512
complex,2,42.4,0.27444,-1.3671
complex,2,42.5,0.6163,-1.39436
complex,2,42.6,0.46477,-1.62332
complex,2,42.7,0.42916,-0.76391
complex,2,42.8,0.10271,-0.94927
complex,2,42.9,-0.08929,-1.09897
complex,2,43.0,0.127,-1.01271
complex,2,43.1,0.23485,-1.39616
complex,2,43.2,0.31035,-1.15784
complex,2,43.3,0.40241,-1.61909
complex,2,43.4,0.69437,-1.48675
complex,2,43.5,0.73506,-1.41679
complex,2,43.6,0.63075,-1.92465
complex,2,43.7,0.59634,-1.78771
complex,2,43.8,0.36989,-1.20429
complex,2,43.9,0.45032,-0.73821
complex,2,44.0,0.65997,-0.99156
complex,2,44.1,0.71465,-1.33875
complex,2,44.2,0.40432,-1.53884
complex,2,44.3,0.7507,-1.38621
complex,2,44.4,0.4802,-1.5062
complex,2,44.5,0.43384,-1.10558
complex,2,44.6,0.29016,-1.2747
complex,2,44.7,0.29866,-1.28661
complex,2,44.8,0.17409,-1.71105
complex,2,44.9,0.19395,-1.67412
complex,2,45.0,-0.10554,-1.52018
complex,2,45.1,0.18415,-1.20718
complex,2,45.2,0.30995,-1.51483
complex,2,45.3,0.00391,-1.61533
complex,2,45.4,0.2562,-1.39248
complex,2,45.5,0.10989,-1.61196
complex,2,45.6,0.30194,-1.65713
complex,2,45.7,-0.06675,-1.29801
complex,2,45.8,-0.44259,-1.20938
complex,2,45.9,-0.55271,-1.01376
complex,2,46.0,-0.40251,-1.05295
complex,2,46.1,-0.63879,-1.37249
complex,2,46.2,-0.2583,-1.04676
complex,2,46.3,0.27113,-1.43082
complex,2,46.4,0.06777,-1.07686
complex,2,46.5,0.13419,-1.58464
complex,2,46.6,0.24042,-1.22926
complex,2,46.7,0.26596,-1.13
complex,2,46.8,-0.04417,-1.31328
complex,2,46.9,0.32343,-1.66797
complex,2,47.0,-0.25876,-1.6251
complex,2,47.1,0.09571,-1.27377
complex,2,47.2,-0.08273,-1.24573
complex,2,47.3,0.01936,-1.16856
complex,2,47.4,0.15514,-1.6628
complex,2,47.5,-0.08971,-2.22957
complex,2,47.6,0.12426,-1.79784
complex,2,47.7,-0.32153,-2.10627
complex,2,47.8,-0.30532,-2.29355
complex,2,47.9,-0.38055,-1.57879
complex,2,48.0,-0.10163,-2.03308
complex,2,48.1,0.25132,-2.07855
complex,2,48.2,0.08023,-1.81882
complex,2,48.3,0.28227,-1.68061
complex,2,48.4,0.47747,-1.62931
complex,2,48.5,0.29618,-1.70195
complex,2,48.6,0.15012,-2.03395
complex,2,48.7,0.42574,-2.04669
complex,2,48.8,0.543,-1.49782
complex,2,48.9,0.49256,-1.55706
complex,2,49.0,0.37338,-1.82158
complex,2,49.1,0.63705,-1.43134
complex,2,49.2,0.49448,-1.61911
complex,2,49.3,0.28208,-1.99608
complex,2,49.4,0.36005,-1.93759
complex,2,49.5,0.18865,-1.59008
complex,2,49.6,0.53464,-1.4114
complex,2,49.7,0.55861,-1.75023
complex,2,49.8,0.40812,-1.69472
complex,2,49.9,0.5337,-1.50071
complex,2,50.0,0.48998,-1.76941
complex,2,50.1,0.09578,-1.81102
complex,2,50.2,0.31899,-1.78499
complex,2,50.3,0.46433,-1.55458
complex,2,50.4,0.66003,-1.66722
complex,2,50.5,0.58036,-1.72662
complex,2,50.6,0.63494,-1.83388
complex,2,50.7,0.38813,-1.76705
complex,2,50.8,0.34235,-1.88155
complex,2,50.9,0.39702,-1.81505
complex,2,51.0,0.49233,-1.86289
complex,2,51.1,0.49918,-1.86714
complex,2,51.2,0.60234,-1.74345
complex,2,51.3,0.30733,-2.12937
complex,2,51.4,0.35614,-1.89702
complex,2,51.5,0.45363,-2.15798
complex,2,51.6,0.45093,-1.73281
complex,2,51.7,0.18966,-1.57556
complex,2,51.8,0.32325,-2.12052
complex,2,51.9,0.01798,-1.73307
complex,2,52.0,0.37171,-1.46588
complex,2,52.1,0.31641,-1.55764
complex,2,52.2,0.43891,-1.69909
complex,2,52.3,0.40562,-1.49064
complex,2,52.4,0.35577,-1.4727
complex,2,52.5,0.27321,-1.84009
complex,2,52.6,0.1869,-2.23087
complex,2,52.7,0.38024,-1.78671
complex,2,52.8,0.48462,-1.73938
complex,2,52.9,0.28718,-1.60603
complex,2,53.0,0.50336,-1.53776
complex,2,53.1,0.51643,-1.64012
complex,2,53.2,0.43705,-1.85212
complex,2,53.3,0.18023,-1.71588
complex,2,53.4,0.44264,-1.96592
complex,2,53.5,0.38648,-1.78634
complex,2,53.6,0.60493,-1.39747
complex,2,53.7,0.30917,-1.46193
complex,2,53.8,0.39388,-1.50187
complex,2,53.9,0.19401,-1.62878
complex,2,54.0,0.28627,-1.37817
complex,2,54.1,0.50546,-0.90685
complex,2,54.2,0.44233,-1.06659
complex,2,54.3,0.34991,-0.77617
complex,2,54.4,0.55545,-1.07308
complex,2,54.5,0.54397,-1.04791
complex,2,54.6,0.50692,-1.69098
complex,2,54.7,0.52761,-1.48343
complex,2,54.8,0.31992,-1.01167
complex,2,54.9,0.55964,-1.03398
complex,2,55.0,0.5048,-1.15905
complex,2,55.1,0.40173,-1.02459
complex,2,55.2,0.41962,-1.19218
complex,2,55.3,0.65861,-0.86997
complex,2,55.4,0.47317,-1.03949
complex,2,55.5,0.22082,-1.10021
complex,2,55.6,0.59212,-1.21545
complex,2,55.7,0.80607,-1.176
complex,2,55.8,0.51946,-1.20947
complex,2,55.9,0.25041,-1.5998
complex,2,56.0,0.45109,-1.00901
complex,2,56.1,0.4139,-1.60845
complex,2,56.2,0.28132,-1.66116
complex,2,56.3,0.30275,-1.4106
complex,2,56.4,0.63163,-1.47418
complex,2,56.5,0.54327,-1.61374
complex,2,56.6,0.37259,-1.67739
complex,2,56.7,0.13647,-1.18667
complex,2,56.8,0.41124,-1.67325
complex,2,56.9,0.29807,-1.25421
complex,2,57.0,0.31949,-1.68772
complex,2,57.1,0.27612,-1.88728
complex,2,57.2,0.37807,-1.46496
complex,2,57.3,0.36742,-1.37139
complex,2,57.4,0.23396,-1.40571
complex,2,57.5,0.5442,-1.50862
complex,2,57.6,0.47461,-1.55198
complex,2,57.7,0.22878,-2.03138
complex,2,57.8,0.62908,-1.72535
complex,2,57.9,0.41281,-1.10992
complex,2,58.0,0.46346,-1.33024
complex,2,58.1,0.39564,-1.3637
complex,2,58.2,0.56783,-1.45349
complex,2,58.3,0.30292,-1.84516
complex,2,58.4,0.45256,-1.74716
complex,2,58.5,0.6257,-1.74081
complex,2,58.6,0.3106,-1.59049
complex,2,58.7,0.57219,-1.8563
complex,2,58.8,0.45278,-1.67213
complex,2,58.9,0.49233,-1.56161
complex,2,59.0,0.32731,-1.67503
complex,2,59.1,0.20414,-1.91517
complex,2,59.2,0.25348,-1.34199
complex,2,59.3,0.15156,-1.84947
complex,2,59.4,0.36637,-1.60504
complex,2,59.5,0.29631,-1.6246
complex,2,59.6,0.2402,-1.36673
complex,2,59.7,-0.12729,-1.21336
complex,2,59.8,-0.28992,-1.7822
complex,2,59.9,0.00222,-1.46044
complex,2,60.0,-0.02964,-1.56723
complex,2,60.1,0.1328,-1.86872
complex,2,60.2,0.23059,-1.75854
complex,2,60.3,0.43234,-1.62313
complex,2,60.4,0.52626,-1.94221
complex,2,60.5,0.10766,-1.44806
complex,2,60.6,0.23981,-1.16826
complex,2,60.7,0.42548,-1.78431
complex,2,60.8,0.24656,-1.91425
complex,2,60.9,0.36735,-1.47323
complex,2,61.0,0.60337,-1.51494
complex,2,61.1,0.42108,-1.63819
complex,2,61.2,0.45348,-1.79004
complex,2,61.3,0.48483,-1.21233
complex,2,61.4,0.65543,-1.42141
complex,2,61.5,0.23304,-1.23137
complex,2,61.6,0.4664,-1.66795
complex,2,61.7,0.42003,-1.14254
complex,2,61.8,0.25244,-1.52946
complex,2,61.9,0.20552,-1.29118
complex,2,62.0,-0.04663,-1.33875
complex,2,62.1,0.1788,-1.62209
complex,2,62.2,0.04859,-1.48167
complex,2,62.3,0.32312,-1.02906
complex,2,62.4,-0.01663,-1.5909
complex,2,62.5,0.32224,-1.52813
complex,2,62.6,0.28562,-1.11354
complex,2,62.7,0.15357,-1.33508
complex,2,62.8,-0.09299,-1.32864
complex,2,62.9,0.27642,-1.31299
complex,2,63.0,0.03285,-1.20566
complex,2,63.1,0.35157,-1.46838
complex,2,63.2,0.32446,-1.60825
complex,2,63.3,0.40356,-1.5782
complex,2,63.4,0.20538,-1.42621
complex,2,63.5,0.04316,-1.61957
complex,2,63.6,-0.06308,-1.05682
complex,2,63.7,0.17443,-1.52438
complex,2,63.8,0.16038,-1.62407
complex,2,63.9,0.14473,-1.21164
complex,2,64.0,-0.13394,-1.23029
complex,2,64.1,0.24754,-1.46348
complex,2,64.2,0.0266,-1.02541
complex,2,64.3,0.13591,-1.7901
complex,2,64.4,0.07146,-2.18759
complex,2,64.5,-0.31239,-2.4936
complex,2,64.6,0.1171,-2.40103
complex,2,64.7,0.00319,-2.12674
complex,2,64.8,-0.01804,-2.29728
complex,2,64.9,0.13499,-2.57661
complex,2,65.0,-0.08181,-2.46628
complex,2,65.1,0.14712,-1.66418
complex,2,65.2,0.32644,-1.72472
complex,2,65.3,0.40393,-1.33995
complex,2,65.4,0.55398,-1.37176
complex,2,65.5,0.49627,-1.65907
complex,2,65.6,0.28186,-1.62116
complex,2,65.7,0.55759,-1.41618
complex,2,65.8,0.60325,-1.59681
complex,2,65.9,0.5676,-1.56992
complex,2,66.0,0.5477,-1.62938
complex,2,66.1,0.50125,-1.73627
complex,2,66.2,0.65004,-1.53187
complex,2,66.3,0.65854,-1.77614
complex,2,66.4,0.47242,-1.29648
complex,2,66.5,0.55084,-1.5126
complex,2,66.6,0.33209,-1.44418
complex,2,66.7,0.47135,-1.5537
complex,2,66.8,0.53548,-1.659
complex,2,66.9,0.44994,-1.54078
complex,2,67.0,0.64026,-1.49571
complex,2,67.1,0.46884,-1.21588
complex,2,67.2,0.80788,-1.69807
complex,2,67.3,0.96447,-1.44217
complex,2,67.4,0.89179,-1.5953
complex,2,67.5,0.63874,-1.38495
complex,2,67.6,0.59306,-1.49257
complex,2,67.7,0.64835,-1.73742
complex,2,67.8,0.55813,-1.41924
complex,2,67.9,0.49981,-1.77896
complex,2,68.0,0.57243,-1.61437
complex,2,68.1,0.51943,-1.45668
complex,2,68.2,0.47261,-1.69388
complex,2,68.3,0.62788,-1.43908
complex,2,68.4,0.61862,-1.60883
complex,2,68.5,0.45324,-1.67634
complex,2,68.6,0.48302,-1.61322
complex,2,68.7,0.65524,-1.62266
complex,2,68.8,0.51438,-1.58712
complex,2,68.9,0.74334,-1.67163
complex,2,69.0,0.69398,-1.34218
complex,2,69.1,0.61122,-1.49537
complex,2,69.2,0.72114,-1.80369
complex,2,69.3,0.49153,-1.79744
complex,2,69.4,0.3883,-1.54278
complex,2,69.5,0.39045,-1.71451
complex,2,69.6,0.45388,-1.64991
complex,2,69.7,0.53155,-1.74887
complex,2,69.8,0.69613,-1.38728
complex,2,69.9,0.58785,-1.44521
complex,2,70.0,0.69262,-1.45457
complex,2,70.1,0.499,-1.77542
complex,2,70.2,0.74619,-1.63824
complex,2,70.3,0.61356,-0.9379
complex,2,70.4,0.78989,-1.4339
complex,2,70.5,0.74081,-1.05889
complex,2,70.6,0.52258,-1.47845
complex,2,70.7,0.19497,-1.91965
complex,2,70.8,0.42479,-1.84911
complex,2,70.9,0.36059,-1.58937
complex,2,71.0,0.32243,-1.59659
complex,2,71.1,-0.01213,-2.37649
complex,2,71.2,0.32919,-2.31865
complex,2,71.3,0.6345,-2.00128
complex,2,71.4,0.5466,-2.2793
complex,2,71.5,0.63594,-2.30465
complex,2,71.6,0.39827,-2.72931
complex,2,71.7,0.67394,-2.31256
complex,2,71.8,0.72572,-2.34752
complex,2,71.9,0.1946,-2.39493
complex,2,72.0,0.00226,-2.47427
complex,2,72.1,0.06026,-2.66146
complex,2,72.2,0.17911,-2.45953
complex,2,72.3,0.14812,-2.50509
complex,2,72.4,0.3558,-2.22516
complex,2,72.5,0.52944,-2.79748
complex,2,72.6,0.50069,-2.71114
complex,2,72.7,0.86318,-2.54208
complex,2,72.8,0.89973,-2.17653
complex,2,72.9,0.42881,-2.65468
complex,2,73.0,0.71299,-2.48446
complex,2,73.1,0.60236,-2.21497
complex,2,73.2,0.43479,-2.22959
complex,2,73.3,0.455,-2.30422
complex,2,73.4,0.65463,-2.24362
complex,2,73.5,0.63501,-2.21396
complex,2,73.6,0.62566,-1.96312
complex,2,73.7,0.7586,-2.28529
complex,2,73.8,0.46116,-2.07218
complex,2,73.9,0.71382,-2.35666
complex,2,74.0,0.60737,-2.57482
complex,2,74.1,0.88825,-2.4153
complex,2,74.2,1.02455,-2.19461
complex,2,74.3,1.02851,-2.29353
complex,2,74.4,0.5711,-1.67932
complex,2,74.5,0.81751,-1.82416
complex,2,74.6,-0.13461,-1.1961
complex,2,74.7,-0.17441,-2.0315
complex,2,74.8,-0.16174,-1.99817
complex,2,74.9,-0.13546,-1.94775
complex,2,75.0,0.4324,-2.15934
complex,2,75.1,0.46269,-2.50986
complex,2,75.2,0.64943,-2.60077
complex,2,75.3,0.46784,-2.56074
complex,2,75.4,0.70452,-2.25465
complex,2,75.5,0.63212,-2.40955
complex,2,75.6,1.13626,-2.46869
complex,2,75.7,0.93689,-2.09304
complex,2,75.8,0.94153,-1.96856
complex,2,75.9,1.02828,-2.27958
complex,2,76.0,1.08374,-2.3273
complex,2,76.1,0.70599,-1.64397
complex,2,76.2,0.8433,-1.6952
complex,2,76.3,0.78817,-1.4928
complex,2,76.4,0.81087,-1.4152
complex,2,76.5,0.68426,-1.31042
complex,2,76.6,0.92847,-2.00875
complex,2,76.7,1.03257,-1.35463
complex,2,76.8,0.73885,-1.84129
complex,2,76.9,0.71465,-2.01144
complex,2,77.0,0.70874,-2.37709
complex,2,77.1,0.64438,-1.99977
complex,2,77.2,0.92715,-2.06809
complex,2,77.3,0.65052,-2.12291
complex,2,77.4,0.46086,-2.34647
complex,2,77.5,0.46844,-2.27728
complex,2,77.6,0.98577,-2.77697
complex,2,77.7,0.62315,-2.54313
complex,2,77.8,0.80698,-2.42656
complex,2,77.9,0.82575,-2.60121
complex,2,78.0,1.13862,-2.05858
complex,2,78.1,1.17609,-2.50153
complex,2,78.2,1.40516,-1.97063
complex,2,78.3,0.98143,-1.94542
complex,2,78.4,1.15523,-1.6288
complex,2,78.5,1.19125,-1.67871
complex,2,78.6,1.01914,-1.75151
complex,2,78.7,1.0397,-1.74772
complex,2,78.8,0.86597,-1.98305
complex,2,78.9,0.83772,-1.6868
complex,2,79.0,0.28198,-1.93353
complex,2,79.1,0.17249,-2.17695
complex,2,79.2,0.32461,-2.26194
complex,2,79.3,0.23032,-2.29307
complex,2,79.4,0.64813,-2.40505
complex,2,79.5,0.80158,-2.17373
complex,2,79.6,0.81398,-1.92426
complex,2,79.7,0.73745,-2.34868
complex,2,79.8,0.75204,-2.17098
complex,2,79.9,0.66127,-2.03603
complex,2,80.0,0.87393,-1.91871
complex,2,80.1,0.54793,-2.51707
complex,2,80.2,0.75066,-3.17739
complex,2,80.3,0.64078,-3.14452
complex,2,80.4,0.79906,-3.07055
complex,2,80.5,0.9099,-3.2328
complex,2,80.6,0.71144,-2.84092
complex,2,80.7,0.79301,-2.62403
complex,2,80.8,0.67967,-2.44015
complex,2,80.9,0.73403,-2.42146
complex,2,81.0,1.05789,-2.5245
complex,2,81.1,1.01066,-2.55011
complex,2,81.2,0.83977,-2.59493
complex,2,81.3,1.00127,-2.68588
complex,2,81.4,0.80496,-3.02636
complex,2,81.5,0.99069,-2.37833
complex,2,81.6,0.70474,-2.50744
complex,2,81.7,0.83175,-2.74222
complex,2,81.8,0.93207,-2.63075
complex,2,81.9,0.73721,-2.456
complex,2,82.0,0.60972,-2.66756
complex,2,82.1,0.64535,-2.21314
complex,2,82.2,0.64422,-1.9048
complex,2,82.3,0.87147,-3.15024
complex,2,82.4,0.89548,-3.24008
complex,2,82.5,0.46284,-3.10693
complex,2,82.6,0.79673,-3.31759
complex,2,82.7,0.8261,-3.35038
complex,2,82.8,0.64537,-3.52882
complex,2,82.9,1.13864,-2.75189
complex,2,83.0,0.79068,-2.79125
complex,2,83.1,0.81163,-2.81586
complex,2,83.2,0.76857,-2.55027
complex,2,83.3,1.07216,-2.9188
complex,2,83.4,0.9585,-2.87929
complex,2,83.5,1.05286,-2.49107
complex,2,83.6,0.94796,-2.98758
complex,2,83.7,1.0126,-2.80662
complex,2,83.8,0.6948,-2.63665
complex,2,83.9,0.35225,-2.63708
complex,2,84.0,0.83978,-2.9789
complex,2,84.1,0.86652,-2.99626
complex,2,84.2,0.74908,-3.21184
complex,2,84.3,0.62218,-2.53056
complex,2,84.4,0.72355,-2.89106
complex,2,84.5,0.81129,-2.9389
complex,2,84.6,1.09297,-2.93931
complex,2,84.7,0.90784,-3.58592
complex,2,84.8,0.86615,-3.41222
complex,2,84.9,0.50148,-3.00452
complex,2,85.0,0.71785,-2.84218
complex,2,85.1,0.46809,-3.36649
complex,2,85.2,0.49208,-3.47172
complex,2,85.3,0.39683,-3.34754
complex,2,85.4,0.36304,-3.59873
complex,2,85.5,0.71117,-3.42667
complex,2,85.6,0.86778,-3.18015
complex,2,85.7,1.06474,-3.15172
complex,2,85.8,1.0302,-3.26498
complex,2,85.9,1.02316,-3.05963
complex,2,86.0,0.64303,-3.46881
complex,2,86.1,0.82727,-3.11037
complex,2,86.2,0.88344,-3.01177
complex,2,86.3,0.78697,-3.14727
complex,2,86.4,0.82874,-3.35036
complex,2,86.5,0.85845,-2.97987
complex,2,86.6,1.00438,-3.02947
complex,2,86.7,0.85017,-3.10307
complex,2,86.8,0.93796,-3.10499
complex,2,86.9,0.8861,-3.10541
complex,2,87.0,0.86642,-2.94174
complex,2,87.1,1.06266,-2.77804
complex,2,87.2,1.07013,-2.69075
complex,2,87.3,1.0128,-2.70103
complex,2,87.4,1.063,-2.57917
complex,2,87.5,1.05655,-2.27572
complex,2,87.6,1.11889,-2.21876
complex,2,87.7,1.12944,-2.2228
complex,2,87.8,0.99831,-2.2605
complex,2,87.9,0.96925,-2.45222
complex,2,88.0,1.04323,-2.33175
complex,2,88.1,0.96828,-2.41486
complex,2,88.2,1.04255,-2.5071
complex,2,88.3,0.88284,-2.41649
complex,2,88.4,0.87288,-2.23175
complex,2,88.5,1.04756,-2.45752
complex,2,88.6,0.91421,-2.57263
complex,2,88.7,1.0425,-2.42151
complex,2,88.8,0.9991,-2.44891
complex,2,88.9,0.9933,-2.33231
complex,2,89.0,1.11445,-2.4738
complex,2,89.1,0.86464,-2.39643
complex,2,89.2,0.87487,-2.36826
complex,2,89.3,0.74139,-2.3762
complex,2,89.4,0.9774,-2.51688
complex,2,89.5,0.92239,-2.42241
complex,2,89.6,0.84945,-2.50052
complex,2,89.7,0.55768,-2.20496
complex,2,89.8,0.81561,-2.40046
complex,2,89.9,1.06234,-2.15317
complex,2,90.0,0.76276,-2.41032
complex,2,90.1,1.07659,-2.47488
complex,2,90.2,1.04491,-2.21754
complex,2,90.3,1.06905,-2.24002
complex,2,90.4,1.00486,-2.2523
complex,2,90.5,1.28168,-2.13051
complex,2,90.6,0.94563,-2.35136
complex,2,90.7,0.80175,-2.44635
complex,2,90.8,0.7689,-2.05432
complex,2,90.9,1.05103,-2.25381
complex,2,91.0,0.8591,-2.19125
complex,2,91.1,0.8548,-2.15647
complex,2,91.2,0.77788,-2.13133
complex,2,91.3,1.12292,-2.30774
complex,2,91.4,0.73867,-2.19829
complex,2,91.5,1.11214,-2.32132
complex,2,91.6,1.07158,-2.27543
complex,2,91.7,0.99687,-2.43725
complex,2,91.8,1.04987,-2.13403
complex,2,91.9,0.94134,-2.30474
complex,2,92.0,0.92295,-2.25413
complex,2,92.1,1.1085,-2.43861
complex,2,92.2,1.26073,-2.26716
complex,2,92.3,1.1802,-2.34806
complex,2,92.4,1.21909,-2.3306
complex,2,92.5,1.48452,-2.38702
complex,2,92.6,1.52034,-2.1857
complex,2,92.7,1.06911,-1.82214
complex,2,92.8,1.27931,-2.08198
complex,2,92.9,1.31239,-2.26349
complex,2,93.0,1.20567,-2.05534
complex,2,93.1,1.24857,-1.84947
complex,2,93.2,0.93607,-1.66738
complex,2,93.3,1.22228,-1.81674
complex,2,93.4,1.03687,-1.94508
complex,2,93.5,1.14327,-1.77621
complex,2,93.6,1.07923,-1.78919
complex,2,93.7,1.27321,-1.75568
complex,2,93.8,1.27928,-1.18985
complex,2,93.9,1.16721,-1.71437
complex,2,94.0,1.45756,-1.9794
complex,2,94.1,1.70542,-1.97661
complex,2,94.2,2.05245,-1.38258
complex,2,94.3,1.99664,-1.3957
complex,2,94.4,2.02527,-1.90486
complex,2,94.5,1.80714,-1.9834
complex,2,94.6,1.6718,-2.19161
complex,2,94.7,2.2911,-2.13548
complex,2,94.8,1.85869,-2.20954
complex,2,94.9,1.72597,-2.47663
complex,2,95.0,1.83224,-2.37086
complex,2,95.1,1.92101,-2.20472
complex,2,95.2,1.72751,-2.38949
complex,2,95.3,1.98384,-2.39521
complex,2,95.4,1.80976,-2.32488
complex,2,95.5,1.65136,-2.183
complex,2,95.6,2.24979,-2.04659
complex,2,95.7,2.06405,-1.82926
complex,2,95.8,2.2175,-2.13443
complex,2,95.9,2.0186,-2.02839
complex,2,96.0,2.02445,-1.93083
complex,2,96.1,2.0321,-1.61308
complex,2,96.2,2.09289,-1.54231
complex,2,96.3,2.11064,-1.53197
complex,2,96.4,2.40719,-1.47565
complex,2,96.5,2.61116,-1.52441
complex,2,96.6,2.87082,-1.79304
complex,2,96.7,2.02438,-1.90215
complex,2,96.8,1.69004,-2.10894
complex,2,96.9,1.2941,-2.04238
complex,2,97.0,1.21254,-2.07544
complex,2,97.1,1.20781,-1.87234
complex,2,97.2,1.76825,-1.91642
complex,2,97.3,2.54268,-2.07095
complex,2,97.4,1.95168,-1.96837
complex,2,97.5,2.27524,-2.1151
complex,2,97.6,1.81586,-1.58774
complex,2,97.7,2.24992,-1.79979
complex,2,97.8,1.79169,-1.81678
complex,2,97.9,1.79158,-2.27294
complex,2,98.0,1.98129,-2.03152
complex,2,98.1,1.8834,-2.1524
complex,2,98.2,1.73157,-2.35613
complex,2,98.3,1.79107,-2.04702
complex,2,98.4,2.35428,-1.96741
complex,2,98.5,2.14978,-2.34803
complex,2,98.6,1.80326,-2.08239
complex,2,98.7,2.11905,-2.24573
complex,2,98.8,2.21777,-2.46284
complex,2,98.9,1.90479,-2.24444
complex,2,99.0,1.90769,-2.6813
complex,2,99.1,1.79003,-2.40173
complex,2,99.2,1.90275,-2.57231
complex,2,99.3,2.4043,-2.60567
complex,2,99.4,2.40727,-2.50604
complex,2,99.5,2.19845,-2.42534
complex,2,99.6,2.15178,-2.43787
complex,2,99.7,2.40224,-2.5625
complex,2,99.8,2.85128,-2.61428
complex,2,99.9,2.72562,-2.55784
complex,2,100.0,2.21246,-2.72309
complex,3,20.0,-0.78025,-2.75049
complex,3,20.1,-0.2449,-2.55819
complex,3,20.2,-0.39634,-2.2845
complex,3,20.3,-0.29985,-2.76253
complex,3,20.4,-0.9269,-2.74788
complex,3,20.5,-0.58746,-2.203
complex,3,20.6,-0.55667,-1.70243
complex,3,20.7,-0.88555,-1.89628
complex,3,20.8,-1.15458,-1.85665
complex,3,20.9,-1.12523,-2.11885
complex,3,21.0,-1.29921,-2.54324
complex,3,21.1,-1.14448,-2.40919
complex,3,21.2,-1.01135,-2.46154
complex,3,21.3,-1.29623,-2.54881
complex,3,21.4,-1.1127,-2.53743
complex,3,21.5,-1.06106,-2.26419
complex,3,21.6,-0.78821,-0.88586
complex,3,21.7,-0.84503,-1.16482
complex,3,21.8,-1.01514,-1.09831
complex,3,21.9,-0.74596,-0.59657
complex,3,22.0,-0.99493,-0.47141
complex,3,22.1,-0.80266,-0.17299
complex,3,22.2,-0.78502,0.16856
complex,3,22.3,-0.88966,0.31548
complex,3,22.4,-1.43262,1.20549
complex,3,22.5,-1.29777,0.72139
complex,3,22.6,-1.22048,0.99022
complex,3,22.7,-1.09875,1.27268
complex,3,22.8,-0.70941,1.39935
complex,3,22.9,-1.22836,0.38117
complex,3,23.0,-1.00252,0.2281
complex,3,23.1,-0.8525,0.68057
complex,3,23.2,-0.85177,-0.15909
complex,3,23.3,-0.49644,-0.71708
complex,3,23.4,-0.75118,-0.39494
complex,3,23.5,-0.52464,0.13976
complex,3,23.6,-0.84834,0.06681
complex,3,23.7,-1.3673,-0.65079
complex,3,23.8,-1.31367,-0.51273
complex,3,23.9,-1.55226,-0.31646
complex,3,24.0,-1.95154,-0.5501
complex,3,24.1,-2.59332,-0.96608
complex,3,24.2,-2.06632,-1.52848
complex,3,24.3,-1.9554,-1.14529
complex,3,24.4,-2.20155,-1.0422
complex,3,24.5,-1.85017,-1.11962
complex,3,24.6,-2.18354,-1.27911
complex,3,24.7,-2.10118,-1.10317
complex,3,24.8,-1.72383,-1.0441
complex,3,24.9,-1.74041,-1.0525
complex,3,25.0,-1.95781,-1.58068
complex,3,25.1,-2.0704,-1.02603
complex,3,25.2,-2.43433,-0.22315
complex,3,25.3,-2.29259,-1.6752
complex,3,25.4,-2.17911,-2.06857
complex,3,25.5,-2.0821,-2.84908
complex,3,25.6,-2.18978,-2.47283
complex,3,25.7,-2.65453,-2.04222
complex,3,25.8,-2.7124,-2.35186
complex,3,25.9,-2.80071,-1.69588
complex,3,26.0,-3.3512,-2.51571
complex,3,26.1,-3.06429,-2.05224
complex,3,26.2,-3.26185,-2.00374
complex,3,26.3,-3.2074,-2.60431
complex,3,26.4,-2.95037,-2.72117
complex,3,26.5,-3.21361,-2.24921
complex,3,26.6,-3.31954,-1.98556
complex,3,26.7,-3.06577,-1.86322
complex,3,26.8,-2.8827,-1.83301
complex,3,26.9,-3.01145,-1.24118
complex,3,27.0,-3.01309,-1.23006
complex,3,27.1,-2.93877,-1.48928
complex,3,27.2,-3.05915,-1.35629
complex,3,27.3,-3.27757,-1.27123
complex,3,27.4,-2.76096,-1.09902
complex,3,27.5,-2.59701,-1.6815
complex,3,27.6,-2.65475,-1.49677
complex,3,27.7,-2.96876,-1.49851
complex,3,27.8,-3.13941,-1.72479
complex,3,27.9,-2.88173,-1.51023
complex,3,28.0,-2.94228,-1.49219
complex,3,28.1,-2.98319,-1.25655
complex,3,28.2,-2.99218,-1.80924
complex,3,28.3,-3.09921,-1.95336
complex,3,28.4,-3.09462,-1.48062
complex,3,28.5,-3.12293,-1.22547
complex,3,28.6,-3.14345,-1.14186
complex,3,28.7,-3.22952,-2.00545
complex,3,28.8,-3.24173,-1.8727
complex,3,28.9,-3.28975,-0.94679
complex,3,29.0,-3.43076,-0.82222
complex,3,29.1,-3.24088,-0.44148
complex,3,29.2,-3.09428,-0.97985
complex,3,29.3,-3.24281,-1.43774
complex,3,29.4,-3.12187,-1.12759
complex,3,29.5,-2.83879,-1.11212
complex,3,29.6,-2.88193,-1.4601
complex,3,29.7,-2.97376,-2.18149
complex,3,29.8,-3.19642,-2.37525
complex,3,29.9,-2.69387,-2.57298
complex,3,30.0,-2.75965,-2.56492
complex,3,30.1,-2.25637,-2.29881
complex,3,30.2,-1.73715,-2.44737
complex,3,30.3,-2.05136,-2.2509
complex,3,30.4,-1.74102,-2.13055
complex,3,30.5,-2.38072,-2.83998
complex,3,30.6,-2.5054,-2.68098
complex,3,30.7,-2.53451,-2.27865
complex,3,30.8,-2.45239,-2.18959
complex,3,30.9,-2.70191,-2.06516
complex,3,31.0,-2.31243,-1.71332
complex,3,31.1,-2.76092,-2.22862
complex,3,31.2,-2.83998,-1.99719
complex,3,31.3,-2.28476,-1.28225
complex,3,31.4,-2.89749,-1.84254
complex,3,31.5,-2.95355,-1.81917
complex,3,31.6,-3.17954,-1.61001
complex,3,31.7,-3.22204,-1.7394
complex,3,31.8,-3.02572,-1.74963
complex,3,31.9,-3.0676,-1.95395
complex,3,32.0,-3.16683,-1.41018
complex,3,32.1,-2.85727,-1.6442
complex,3,32.2,-2.88356,-1.88327
complex,3,32.3,-3.11995,-1.78645
complex,3,32.4,-3.07825,-1.3147
complex,3,32.5,-3.04763,-1.76331
complex,3,32.6,-3.11668,-2.01159
complex,3,32.7,-3.22701,-2.22357
complex,3,32.8,-2.89747,-1.77687
complex,3,32.9,-2.74828,-1.65174
complex,3,33.0,-2.84606,-1.9198
complex,3,33.1,-3.07741,-1.54763
complex,3,33.2,-2.92918,-1.8857
complex,3,33.3,-2.94961,-2.20496
complex,3,33.4,-2.94468,-2.06665
complex,3,33.5,-2.93061,-2.22256
complex,3,33.6,-3.03911,-2.25106
complex,3,33.7,-2.79904,-2.08667
complex,3,33.8,-2.86946,-1.52896
complex,3,33.9,-2.88401,-1.64019
complex,3,34.0,-3.01911,-2.13716
complex,3,34.1,-3.15546,-1.99374
complex,3,34.2,-2.97213,-1.93736
complex,3,34.3,-3.10572,-1.59516
complex,3,34.4,-2.812,-1.8277
complex,3,34.5,-3.20478,-1.85909
complex,3,34.6,-2.78843,-1.01728
complex,3,34.7,-2.83418,-1.40133
complex,3,34.8,-2.77409,-1.32788
complex,3,34.9,-2.54329,-1.78915
complex,3,35.0,-2.71291,-1.89928
complex,3,35.1,-3.04866,-1.37755
complex,3,35.2,-2.87297,-1.6756
complex,3,35.3,-3.05932,-1.24254
complex,3,35.4,-3.18931,-1.35633
complex,3,35.5,-3.02835,-1.55958
complex,3,35.6,-2.74573,-2.17786
complex,3,35.7,-2.69181,-2.0419
complex,3,35.8,-2.57616,-1.98886
complex,3,35.9,-2.13908,-1.96455
complex,3,36.0,-2.35789,-2.36998
complex,3,36.1,-2.41027,-2.47324
complex,3,36.2,-2.61799,-1.82479
complex,3,36.3,-2.43037,-1.88043
complex,3,36.4,-2.81117,-2.06033
complex,3,36.5,-2.73166,-1.78201
complex,3,36.6,-2.85247,-2.18742
complex,3,36.7,-3.16929,-1.40433
complex,3,36.8,-2.89851,-2.1146
complex,3,36.9,-2.60147,-1.70338
complex,3,37.0,-2.83843,-1.64198
complex,3,37.1,-2.87648,-1.54242
complex,3,37.2,-2.74615,-1.87707
complex,3,37.3,-2.90245,-1.73159
complex,3,37.4,-2.74852,-1.5725
complex,3,37.5,-2.86389,-1.21944
complex,3,37.6,-3.04774,-0.90522
complex,3,37.7,-3.0437,-0.56159
complex,3,37.8,-2.68957,-1.25113
complex,3,37.9,-2.70956,-0.97615
complex,3,38.0,-2.74823,-1.3147
complex,3,38.1,-2.64307,-1.7676
complex,3,38.2,-2.7117,-1.55825
complex,3,38.3,-2.65774,-1.45166
complex,3,38.4,-2.79799,-1.12214
complex,3,38.5,-2.69717,-0.66602
complex,3,38.6,-2.73367,-1.4739
complex,3,38.7,-2.97848,-1.50407
complex,3,38.8,-2.52632,-1.37213
complex,3,38.9,-2.92287,-1.71829
complex,3,39.0,-2.99666,-1.38732
complex,3,39.1,-2.6862,-1.61082
complex,3,39.2,-2.88878,-1.45431
complex,3,39.3,-2.54187,-1.70915
complex,3,39.4,-2.6378,-1.92831
complex,3,39.5,-2.63367,-2.17604
complex,3,39.6,-2.6544,-2.16405
complex,3,39.7,-2.68633,-2.36056
complex,3,39.8,-2.37568,-2.84712
complex,3,39.9,-2.62278,-2.55973
complex,3,40.0,-2.5669,-2.72536
complex,3,40.1,-2.56001,-2.67843
complex,3,40.2,-2.63837,-1.75341
complex,3,40.3,-2.65483,-2.19947
complex,3,40.4,-2.81877,-2.51489
complex,3,40.5,-2.91107,-2.46801
complex,3,40.6,-2.59723,-3.02346
complex,3,40.7,-2.66423,-2.57983
complex,3,40.8,-2.33391,-2.9108
complex,3,40.9,-2.58937,-2.59225
complex,3,41.0,-2.60127,-2.49257
complex,3,41.1,-2.8083,-2.42626
complex,3,41.2,-2.60935,-2.74694
complex,3,41.3,-2.76436,-2.36148
complex,3,41.4,-3.00871,-2.80605
complex,3,41.5,-2.52251,-2.67201
complex,3,41.6,-2.49561,-2.09529
complex,3,41.7,-2.79348,-1.77017
complex,3,41.8,-2.60119,-1.97188
complex,3,41.9,-2.58604,-1.77896
complex,3,42.0,-2.34734,-1.41653
complex,3,42.1,-2.40931,-1.34517
complex,3,42.2,-2.2952,-0.75002
complex,3,42.3,-2.52998,-0.4596
complex,3,42.4,-2.35116,-1.3494
complex,3,42.5,-2.84208,-1.42756
complex,3,42.6,-2.85263,-0.63478
complex,3,42.7,-2.40906,-0.97973
complex,3,42.8,-2.47047,-1.95044
complex,3,42.9,-2.0964,-2.20495
complex,3,43.0,-1.77464,-2.31924
complex,3,43.1,-2.18794,-1.76349
complex,3,43.2,-2.16849,-2.31556
complex,3,43.3,-2.36786,-2.15572
complex,3,43.4,-2.2893,-2.08816
complex,3,43.5,-2.48599,-1.82744
complex,3,43.6,-2.57195,-1.99989
complex,3,43.7,-2.72749,-1.27116
complex,3,43.8,-2.45068,-2.01857
complex,3,43.9,-2.56731,-1.63842
complex,3,44.0,-2.87374,-0.87157
complex,3,44.1,-2.75635,-1.2502
complex,3,44.2,-2.75876,-1.53589
complex,3,44.3,-2.72464,-1.9444
complex,3,44.4,-2.80458,-1.83348
complex,3,44.5,-3.03934,-2.10646
complex,3,44.6,-3.02956,-2.06305
complex,3,44.7,-3.13451,-2.35186
complex,3,44.8,-2.93393,-2.5749
complex,3,44.9,-2.99768,-2.06749
complex,3,45.0,-3.10254,-2.06304
complex,3,45.1,-3.10542,-1.34374
complex,3,45.2,-3.01742,-1.90504
complex,3,45.3,-3.07231,-1.98074
complex,3,45.4,-3.17864,-1.54447
complex,3,45.5,-3.1717,-1.78191
complex,3,45.6,-2.95175,-1.70303
complex,3,45.7,-3.11049,-2.4515
complex,3,45.8,-2.92495,-2.04219
complex,3,45.9,-3.4291,-1.83763
complex,3,46.0,-3.07583,-1.87138
complex,3,46.1,-3.14735,-1.99417
complex,3,46.2,-2.99607,-2.19073
complex,3,46.3,-3.1651,-2.0412
complex,3,46.4,-2.90267,-2.29247
complex,3,46.5,-3.20937,-2.61494
complex,3,46.6,-2.90524,-2.42394
complex,3,46.7,-3.09268,-2.36359
complex,3,46.8,-3.32267,-2.06748
complex,3,46.9,-3.45955,-1.92917
complex,3,47.0,-3.20137,-2.22606
complex,3,47.1,-2.82084,-2.6078
complex,3,47.2,-3.25407,-2.05871
complex,3,47.3,-3.53471,-2.21902
complex,3,47.4,-3.46947,-1.3425
complex,3,47.5,-3.52864,-1.48585
complex,3,47.6,-3.69044,-1.98658
complex,3,47.7,-3.5629,-2.28649
complex,3,47.8,-3.47442,-1.84216
complex,3,47.9,-3.213,-2.31254
complex,3,48.0,-3.32023,-2.22235
complex,3,48.1,-3.2911,-2.24164
complex,3,48.2,-3.69549,-2.06804
complex,3,48.3,-3.64956,-2.04105
complex,3,48.4,-3.14623,-2.2653
complex,3,48.5,-3.12771,-2.3112
complex,3,48.6,-3.38394,-2.27451
complex,3,48.7,-3.18595,-2.12226
complex,3,48.8,-3.12603,-2.41428
complex,3,48.9,-2.99998,-2.29638
complex,3,49.0,-3.28411,-2.27083
complex,3,49.1,-3.20529,-2.10957
complex,3,49.2,-2.94805,-2.64659
complex,3,49.3,-3.01484,-2.18803
complex,3,49.4,-3.12599,-2.38745
complex,3,49.5,-2.70392,-2.35031
complex,3,49.6,-3.14234,-2.13249
complex,3,49.7,-3.1102,-2.25496
complex,3,49.8,-3.22731,-2.45801
complex,3,49.9,-3.08107,-1.87138
complex,3,50.0,-3.10084,-2.34325
complex,3,50.1,-2.97368,-2.76672
complex,3,50.2,-2.98351,-2.46312
complex,3,50.3,-3.1128,-2.1494
complex,3,50.4,-3.16449,-2.29179
complex,3,50.5,-3.19262,-2.35113
complex,3,50.6,-3.47357,-2.50899
complex,3,50.7,-3.28308,-2.21266
complex,3,50.8,-3.13174,-2.51921
complex,3,50.9,-3.24772,-1.5404
complex,3,51.0,-3.37321,-1.00641
complex,3,51.1,-3.32747,-1.01525
complex,3,51.2,-3.24793,-1.12072
complex,3,51.3,-3.43599,-1.87315
complex,3,51.4,-3.2465,-1.29126
complex,3,51.5,-3.06441,-1.35412
complex,3,51.6,-3.21433,-0.86625
complex,3,51.7,-2.9632,-1.1661
complex,3,51.8,-3.07174,-1.97738
complex,3,51.9,-3.00964,-1.58934
complex,3,52.0,-3.0313,-1.73744
complex,3,52.1,-3.28533,-2.21148
complex,3,52.2,-3.20397,-1.89471
complex,3,52.3,-3.14326,-1.73511
complex,3,52.4,-3.16283,-2.3818
complex,3,52.5,-2.68426,-2.325
complex,3,52.6,-2.55251,-2.46383
complex,3,52.7,-2.54182,-2.44847
complex,3,52.8,-2.49782,-2.47999
complex,3,52.9,-2.76236,-2.7472
complex,3,53.0,-2.45837,-3.02416
complex,3,53.1,-2.35776,-3.03206
complex,3,53.2,-2.341,-3.08355
complex,3,53.3,-2.28881,-2.70547
complex,3,53.4,-2.29114,-2.71813
complex,3,53.5,-2.67296,-2.61769
complex,3,53.6,-2.6203,-2.5077
complex,3,53.7,-2.29196,-2.99137
complex,3,53.8,-2.3886,-2.58822
complex,3,53.9,-2.42774,-2.57535
complex,3,54.0,-2.61375,-2.68839
complex,3,54.1,-2.47978,-2.7211
complex,3,54.2,-2.70036,-2.62875
complex,3,54.3,-2.61242,-2.65283
complex,3,54.4,-2.45998,-2.49698
complex,3,54.5,-2.79707,-2.65399
complex,3,54.6,-2.36438,-2.52424
complex,3,54.7,-2.62123,-2.59286
complex,3,54.8,-2.68387,-2.58792
complex,3,54.9,-3.05276,-2.18308
complex,3,55.0,-2.90436,-1.91709
complex,3,55.1,-2.31391,-2.40605
complex,3,55.2,-2.43702,-2.86951
complex,3,55.3,-2.33947,-2.4744
complex,3,55.4,-2.5579,-2.11054
complex,3,55.5,-2.56309,-2.57538
complex,3,55.6,-2.2597,-2.24889
complex,3,55.7,-2.30744,-2.35914
complex,3,55.8,-2.36541,-2.67109
complex,3,55.9,-2.43209,-2.74137
complex,3,56.0,-2.59893,-2.06455
complex,3,56.1,-2.4898,-2.56172
complex,3,56.2,-2.24917,-2.58624
complex,3,56.3,-2.12254,-2.14508
complex,3,56.4,-2.3986,-2.67674
complex,3,56.5,-2.50461,-2.12336
complex,3,56.6,-2.21972,-1.83167
complex,3,56.7,-2.12269,-2.26962
complex,3,56.8,-2.08451,-2.34387
complex,3,56.9,-2.10332,-2.21379
complex,3,57.0,-2.05063,-2.29665
complex,3,57.1,-2.18337,-2.2608
complex,3,57.2,-2.1013,-2.28937
complex,3,57.3,-2.0909,-2.38474
complex,3,57.4,-2.43778,-2.34047
complex,3,57.5,-2.23741,-2.7058
complex,3,57.6,-2.4283,-2.62313
complex,3,57.7,-2.23234,-2.44796
complex,3,57.8,-2.3346,-2.3464
complex,3,57.9,-2.43287,-2.12772
complex,3,58.0,-2.38909,-2.10044
complex,3,58.1,-2.6112,-2.30163
complex,3,58.2,-2.3594,-2.44031
complex,3,58.3,-2.3678,-2.06282
complex,3,58.4,-2.48775,-2.32801
complex,3,58.5,-2.23721,-2.50204
complex,3,58.6,-2.34132,-2.21853
complex,3,58.7,-2.56545,-2.21651
complex,3,58.8,-2.6191,-2.03556
complex,3,58.9,-2.8815,-2.47525
complex,3,59.0,-2.86552,-1.93636
complex,3,59.1,-2.77889,-1.71596
complex,3,59.2,-2.68689,-1.54907
complex,3,59.3,-2.6732,-2.24085
complex,3,59.4,-2.70061,-1.85016
complex,3,59.5,-2.8743,-1.6242
complex,3,59.6,-2.59868,-1.94692
complex,3,59.7,-2.47956,-1.79605
complex,3,59.8,-2.51329,-1.76147
complex,3,59.9,-2.3504,-1.93716
complex,3,60.0,-2.23692,-1.8274
complex,3,60.1,-2.54465,-1.53204
complex,3,60.2,-2.4249,-1.70318
complex,3,60.3,-2.51084,-1.70069
complex,3,60.4,-2.20388,-1.47088
complex,3,60.5,-1.97245,-2.02035
complex,3,60.6,-2.21731,-2.35253
complex,3,60.7,-2.14446,-1.9426
complex,3,60.8,-1.98268,-2.12083
complex,3,60.9,-2.02668,-2.06979
complex,3,61.0,-2.09562,-1.59276
complex,3,61.1,-2.10412,-1.8085
complex,3,61.2,-2.29477,-1.80101
complex,3,61.3,-2.36767,-1.62899
complex,3,61.4,-2.26997,-1.96935
complex,3,61.5,-2.70292,-2.15766
complex,3,61.6,-2.49797,-2.43466
complex,3,61.7,-2.07386,-2.32232
complex,3,61.8,-2.33534,-2.12802
complex,3,61.9,-2.35729,-2.45866
complex,3,62.0,-2.50966,-2.67516
complex,3,62.1,-2.57892,-2.83072
complex,3,62.2,-2.56088,-2.71698
complex,3,62.3,-2.7061,-2.46196
complex,3,62.4,-2.61823,-1.85744
complex,3,62.5,-2.72416,-2.22005
complex,3,62.6,-2.67768,-1.78102
complex,3,62.7,-2.69205,-1.80382
complex,3,62.8,-2.2837,-2.37498
complex,3,62.9,-2.18429,-2.62517
complex,3,63.0,-1.84378,-2.53916
complex,3,63.1,-2.28769,-2.05366
complex,3,63.2,-2.66114,-2.57203
complex,3,63.3,-2.58275,-3.04216
complex,3,63.4,-2.5434,-3.2588
complex,3,63.5,-2.98957,-1.6081
complex,3,63.6,-2.84587,-2.19368
complex,3,63.7,-3.08975,-2.73722
complex,3,63.8,-3.011,-2.49124
complex,3,63.9,-3.00868,-2.66103
complex,3,64.0,-2.94806,-2.55221
complex,3,64.1,-2.75931,-2.50028
complex,3,64.2,-2.37232,-3.04603
complex,3,64.3,-2.66011,-3.05646
complex,3,64.4,-2.51338,-2.73005
complex,3,64.5,-2.49505,-2.70143
complex,3,64.6,-2.61953,-3.18324
complex,3,64.7,-2.5128,-3.23805
complex,3,64.8,-3.112,-2.80585
complex,3,64.9,-3.20646,-2.68564
complex,3,65.0,-2.83138,-2.58939
complex,3,65.1,-2.38448,-3.32796
complex,3,65.2,-2.42124,-3.6686
complex,3,65.3,-2.34726,-3.65184
complex,3,65.4,-2.57921,-3.82514
complex,3,65.5,-2.65464,-3.7933
complex,3,65.6,-2.65647,-3.68963
complex,3,65.7,-2.77905,-3.32078
complex,3,65.8,-2.62997,-3.37497
complex,3,65.9,-2.52506,-3.89807
complex,3,66.0,-2.87227,-3.51673
complex,3,66.1,-2.81011,-3.52138
complex,3,66.2,-2.62076,-3.45824
complex,3,66.3,-2.69343,-3.76054
complex,3,66.4,-2.3581,-3.44088
complex,3,66.5,-2.34032,-3.48269
complex,3,66.6,-2.2941,-3.58363
complex,3,66.7,-2.31865,-3.14358
complex,3,66.8,-2.58108,-3.28598
complex,3,66.9,-2.76032,-3.50508
complex,3,67.0,-2.68409,-3.60096
complex,3,67.1,-2.59184,-3.52731
complex,3,67.2,-2.9482,-3.3974
complex,3,67.3,-2.6607,-3.32009
complex,3,67.4,-2.87268,-3.43446
complex,3,67.5,-3.15006,-3.18628
complex,3,67.6,-2.90373,-3.36697
complex,3,67.7,-2.76539,-3.56022
complex,3,67.8,-3.14753,-3.01235
complex,3,67.9,-3.26551,-3.03829
complex,3,68.0,-3.15537,-3.31339
complex,3,68.1,-3.40609,-3.0367
complex,3,68.2,-3.48102,-3.1703
complex,3,68.3,-3.47524,-3.22922
complex,3,68.4,-3.31427,-3.39547
complex,3,68.5,-3.35356,-3.34803
complex,3,68.6,-3.34426,-3.20956
complex,3,68.7,-3.33276,-3.35619
complex,3,68.8,-3.45919,-3.07905
complex,3,68.9,-3.52055,-3.24382
complex,3,69.0,-3.02751,-3.72634
complex,3,69.1,-2.99335,-3.5546
complex,3,69.2,-2.24459,-3.72269
complex,3,69.3,-1.97427,-4.32743
complex,3,69.4,-2.64015,-4.11223
complex,3,69.5,-2.30488,-3.99347
complex,3,69.6,-2.28161,-3.79229
complex,3,69.7,-1.6734,-3.53997
complex,3,69.8,-2.13205,-3.88497
complex,3,69.9,-1.94753,-3.67413
complex,3,70.0,-2.43198,-3.46822
complex,3,70.1,-2.45826,-3.94311
complex,3,70.2,-1.97372,-4.31853
complex,3,70.3,-1.86908,-3.75535
complex,3,70.4,-2.18117,-4.04734
complex,3,70.5,-1.88328,-4.3567
complex,3,70.6,-1.85753,-4.04164
complex,3,70.7,-2.30078,-4.51698
complex,3,70.8,-2.08022,-3.56823
complex,3,70.9,-2.07386,-3.19346
complex,3,71.0,-2.56521,-3.39329
complex,3,71.1,-2.56894,-3.70223
complex,3,71.2,-2.83419,-3.21843
complex,3,71.3,-3.09117,-3.72123
complex,3,71.4,-2.58922,-2.95489
complex,3,71.5,-2.74178,-3.52052
complex,3,71.6,-2.72984,-3.26772
complex,3,71.7,-2.91337,-2.68344
complex,3,71.8,-2.52798,-3.53193
complex,3,71.9,-2.34714,-4.04826
complex,3,72.0,-2.93686,-3.16715
complex,3,72.1,-2.42851,-3.13091
complex,3,72.2,-2.73832,-3.54266
complex,3,72.3,-2.78504,-3.40658
complex,3,72.4,-2.83302,-3.08291
complex,3,72.5,-2.87493,-2.72098
complex,3,72.6,-2.91901,-2.60446
complex,3,72.7,-3.71582,-2.45058
complex,3,72.8,-3.52036,-2.41875
complex,3,72.9,-2.93321,-3.41045
complex,3,73.0,-2.65031,-3.5464
complex,3,73.1,-2.90318,-3.37525
complex,3,73.2,-2.70933,-3.22991
complex,3,73.3,-2.34236,-3.13656
complex,3,73.4,-2.25467,-3.21035
complex,3,73.5,-2.92501,-3.08315
complex,3,73.6,-1.99387,-3.14096
complex,3,73.7,-1.86517,-2.50424
complex,3,73.8,-2.57574,-2.7049
complex,3,73.9,-1.97063,-1.90484
complex,3,74.0,-2.37837,-2.03178
complex,3,74.1,-1.91889,-1.99156
complex,3,74.2,-2.39949,-2.65697
complex,3,74.3,-2.223,-2.30849
complex,3,74.4,-2.15007,-2.37526
complex,3,74.5,-2.14614,-2.18298
complex,3,74.6,-2.36229,-2.78112
complex,3,74.7,-2.97822,-2.22171
complex,3,74.8,-3.27411,-1.75526
complex,3,74.9,-3.20516,-1.90669
complex,3,75.0,-3.117,-2.17443
complex,3,75.1,-3.27478,-2.40254
complex,3,75.2,-3.21001,-2.39996
complex,3,75.3,-3.14917,-2.54152
complex,3,75.4,-3.19129,-2.20424
complex,3,75.5,-3.12608,-2.33828
complex,3,75.6,-2.87538,-1.8056
complex,3,75.7,-3.03834,-2.36645
complex,3,75.8,-3.18952,-1.88501
complex,3,75.9,-3.58343,-2.25213
complex,3,76.0,-3.96912,-2.12307
complex,3,76.1,-3.82782,-2.44851
complex,3,76.2,-3.84871,-2.50818
complex,3,76.3,-3.61444,-2.0721
complex,3,76.4,-3.78428,-1.90498
complex,3,76.5,-3.66146,-2.19066
complex,3,76.6,-3.62913,-2.63126
complex,3,76.7,-3.84047,-2.3266
complex,3,76.8,-3.64707,-1.7105
complex,3,76.9,-3.46384,-2.39472
complex,3,77.0,-3.53866,-2.57401
complex,3,77.1,-3.61247,-1.60347
complex,3,77.2,-3.7344,-2.01909
complex,3,77.3,-4.02422,-2.09214
complex,3,77.4,-3.89684,-2.10421
complex,3,77.5,-3.78794,-2.10028
complex,3,77.6,-3.53563,-2.01703
complex,3,77.7,-3.56295,-1.92008
complex,3,77.8,-3.79114,-2.05142
complex,3,77.9,-3.2872,-1.28159
complex,3,78.0,-3.44631,-0.8636
complex,3,78.1,-3.47522,-0.71313
complex,3,78.2,-3.46494,-0.67098
complex,3,78.3,-3.39527,-0.45248
complex,3,78.4,-3.28275,-0.97558
complex,3,78.5,-3.53877,-1.12861
complex,3,78.6,-3.38149,-1.25756
complex,3,78.7,-3.40439,-1.11805
complex,3,78.8,-3.50287,-0.23046
complex,3,78.9,-3.60534,-0.41042
complex,3,79.0,-3.33107,-0.30824
complex,3,79.1,-3.60806,-0.39332
complex,3,79.2,-3.417,-1.11484
complex,3,79.3,-3.38018,-0.32257
complex,3,79.4,-3.4627,-1.08002
complex,3,79.5,-3.34838,-0.52007
complex,3,79.6,-3.42839,-1.27508
complex,3,79.7,-3.39007,-1.78755
complex,3,79.8,-3.06858,-0.79514
complex,3,79.9,-3.05267,-0.65182
complex,3,80.0,-2.99547,-0.57498
complex,3,80.1,-3.20733,-0.93275
complex,3,80.2,-3.08376,-0.96435
complex,3,80.3,-2.92104,-1.15043
complex,3,80.4,-3.08055,-1.01238
complex,3,80.5,-3.08496,-0.24349
complex,3,80.6,-3.09494,-0.54549
complex,3,80.7,-3.10084,-0.86262
complex,3,80.8,-3.08568,-0.73531
complex,3,80.9,-3.13247,-0.37891
complex,3,81.0,-3.20235,-0.82668
complex,3,81.1,-3.36876,-0.48955
complex,3,81.2,-3.33086,-0.49769
complex,3,81.3,-3.40809,-0.70668
complex,3,81.4,-2.94449,-0.61202
complex,3,81.5,-3.22549,-0.89841
complex,3,81.6,-3.10716,-0.61552
complex,3,81.7,-2.96728,-0.75879
complex,3,81.8,-2.96128,-0.67837
complex,3,81.9,-3.01607,-0.54995
complex,3,82.0,-2.78818,0.14369
complex,3,82.1,-2.90823,-0.09457
complex,3,82.2,-2.9533,-0.21243
complex,3,82.3,-3.04384,0.12453
complex,3,82.4,-3.08614,0.06088
complex,3,82.5,-2.9182,0.12723
complex,3,82.6,-3.40298,-0.50525
complex,3,82.7,-3.22709,0.15162
complex,3,82.8,-3.53001,0.04258
complex,3,82.9,-3.35532,0.14087
complex,3,83.0,-3.37451,0.08792
complex,3,83.1,-3.21304,-0.53212
complex,3,83.2,-3.61537,0.02718
complex,3,83.3,-3.47987,-0.27531
complex,3,83.4,-3.66664,-0.29601
complex,3,83.5,-3.73863,-0.73252
complex,3,83.6,-3.73829,-0.05597
complex,3,83.7,-3.77414,-0.75159
complex,3,83.8,-3.55875,-0.5942
complex,3,83.9,-3.48035,-0.25961
complex,3,84.0,-3.45096,-0.63045
complex,3,84.1,-3.57403,-0.76167
complex,3,84.2,-3.68709,-0.60393
complex,3,84.3,-3.71589,-0.23447
complex,3,84.4,-3.72659,-0.54979
complex,3,84.5,-3.68533,-0.57278
complex,3,84.6,-3.49588,-0.56643
complex,3,84.7,-3.85389,-0.72333
complex,3,84.8,-3.86108,-0.7137
complex,3,84.9,-3.62713,-0.86576
complex,3,85.0,-3.42054,-0.75659
complex,3,85.1,-3.50706,-0.38402
complex,3,85.2,-3.32505,-0.31865
complex,3,85.3,-3.55745,-0.12113
complex,3,85.4,-3.47037,-0.13112
complex,3,85.5,-3.38437,0.5306
complex,3,85.6,-3.38508,0.07546
complex,3,85.7,-3.39515,0.55848
complex,3,85.8,-3.19543,0.63963
complex,3,85.9,-3.47759,0.40324
complex,3,86.0,-3.45147,0.15363
complex,3,86.1,-3.47495,0.02337
complex,3,86.2,-3.71625,0.43506
complex,3,86.3,-3.5213,0.34676
complex,3,86.4,-3.60971,0.18612
complex,3,86.5,-3.64565,0.39854
complex,3,86.6,-3.63486,0.61209
complex,3,86.7,-3.45514,0.2698
complex,3,86.8,-3.59981,0.37412
complex,3,86.9,-3.58337,0.18289
complex,3,87.0,-3.48037,0.36455
complex,3,87.1,-3.39861,0.23985
complex,3,87.2,-3.55789,-0.03988
complex,3,87.3,-3.53116,0.30055
complex,3,87.4,-3.27907,0.1611
complex,3,87.5,-3.71616,0.00525
complex,3,87.6,-3.57804,0.15449
complex,3,87.7,-3.59086,-0.09541
complex,3,87.8,-3.26412,0.31354
complex,3,87.9,-3.41807,-0.36505
complex,3,88.0,-3.52002,-0.29203
complex,3,88.1,-3.49325,0.01163
complex,3,88.2,-3.45349,0.02269
complex,3,88.3,-3.65881,0.15485
complex,3,88.4,-3.58724,0.08412
complex,3,88.5,-3.44496,0.05924
complex,3,88.6,-3.56567,-0.04383
complex,3,88.7,-3.34405,-0.21419
complex,3,88.8,-3.54707,0.21178
complex,3,88.9,-3.46984,0.2637
complex,3,89.0,-3.7352,0.18602
complex,3,89.1,-3.67966,0.42992
complex,3,89.2,-3.59505,0.48576
complex,3,89.3,-3.59214,0.09896
complex,3,89.4,-3.45536,0.27193
complex,3,89.5,-3.47611,0.00185
complex,3,89.6,-3.40121,-0.01834
complex,3,89.7,-3.2571,0.1516
complex,3,89.8,-3.42925,0.14018
complex,3,89.9,-3.27672,-0.32628
complex,3,90.0,-3.32484,0.07626
complex,3,90.1,-3.44639,-0.27882
complex,3,90.2,-3.68597,-0.46573
complex,3,90.3,-3.39967,-0.28244
complex,3,90.4,-3.75427,-0.55855
complex,3,90.5,-3.67183,-0.331
complex,3,90.6,-3.96109,-0.11719
complex,3,90.7,-3.54289,-0.36193
complex,3,90.8,-3.52874,-0.40295
complex,3,90.9,-3.21938,0.06425
complex,3,91.0,-3.37543,-0.29528
complex,3,91.1,-3.14277,0.14211
complex,3,91.2,-3.28498,-0.31702
complex,3,91.3,-3.26509,-0.54711
complex,3,91.4,-3.31254,-0.60243
complex,3,91.5,-3.60314,-0.6106
complex,3,91.6,-3.19716,-0.83296
complex,3,91.7,-2.99502,-1.31738
complex,3,91.8,-3.32143,-2.13048
complex,3,91.9,-3.08991,-1.8926
complex,3,92.0,-2.98462,-1.35531
complex,3,92.1,-3.22041,-0.76661
complex,3,92.2,-3.18127,-0.94662
complex,3,92.3,-3.49538,-0.93658
complex,3,92.4,-3.37397,-0.19874
complex,3,92.5,-3.4005,-0.30371
complex,3,92.6,-3.13861,-0.25328
complex,3,92.7,-3.49332,-0.4163
complex,3,92.8,-3.40571,-0.4094
complex,3,92.9,-3.34071,-0.46979
complex,3,93.0,-3.57015,-0.63655
complex,3,93.1,-3.58514,-1.09714
complex,3,93.2,-3.54436,-0.06444
complex,3,93.3,-3.56554,-1.12667
complex,3,93.4,-3.26987,-0.57045
complex,3,93.5,-3.51639,-0.8964
complex,3,93.6,-3.28764,-0.71886
complex,3,93.7,-3.50357,-0.86379
complex,3,93.8,-3.70946,-1.05436
complex,3,93.9,-3.54657,-0.26467
complex,3,94.0,-3.4339,-0.56008
complex,3,94.1,-3.46113,-0.29514
complex,3,94.2,-3.38664,-0.62481
complex,3,94.3,-3.58331,-0.60082
complex,3,94.4,-3.39768,-0.52552
complex,3,94.5,-3.50663,0.04059
complex,3,94.6,-3.56355,-0.36029
complex,3,94.7,-3.67569,-0.53514
complex,3,94.8,-3.44822,-0.32385
complex,3,94.9,-3.8553,-0.70719
complex,3,95.0,-3.47994,-0.43125
complex,3,95.1,-3.44508,-0.51405
complex,3,95.2,-3.38264,-0.37434
complex,3,95.3,-3.69174,-0.82175
complex,3,95.4,-3.58395,-0.55325
complex,3,95.5,-3.54149,-0.56719
complex,3,95.6,-3.44642,-0.42283
complex,3,95.7,-3.37614,-0.47971
complex,3,95.8,-3.49382,-0.92258
complex,3,95.9,-3.49441,-0.88732
complex,3,96.0,-3.24038,-0.96169
complex,3,96.1,-3.56333,-0.85743
complex,3,96.2,-3.36831,-0.01421
complex,3,96.3,-3.60022,-0.0908
complex,3,96.4,-3.38661,-0.64225
complex,3,96.5,-3.41771,-0.528
complex,3,96.6,-3.15177,-0.58316
complex,3,96.7,-3.23319,-0.50168
complex,3,96.8,-3.12866,-0.8877
complex,3,96.9,-3.06042,-0.82788
complex,3,97.0,-3.14596,-0.97601
complex,3,97.1,-3.1707,-0.97423
complex,3,97.2,-3.31884,-0.94028
complex,3,97.3,-3.15886,-0.79583
complex,3,97.4,-3.27961,-0.73545
complex,3,97.5,-3.24214,-1.48718
complex,3,97.6,-3.1232,-1.13861
complex,3,97.7,-3.19827,-1.22325
complex,3,97.8,-3.40772,-1.05059
complex,3,97.9,-3.44058,-1.19564
complex,3,98.0,-3.55561,-0.75087
complex,3,98.1,-3.1266,-1.10501
complex,3,98.2,-3.28758,-1.3024
complex,3,98.3,-3.20937,-0.97945
complex,3,98.4,-3.21986,-1.07706
complex,3,98.5,-3.47557,-0.81947
complex,3,98.6,-3.24021,-0.9562
complex,3,98.7,-3.34327,-0.59004
complex,3,98.8,-3.43885,-0.83177
complex,3,98.9,-3.32584,-0.67102
complex,3,99.0,-2.67185,-0.98568
complex,3,99.1,-3.07165,-1.02232
complex,3,99.2,-3.23033,-0.77305
complex,3,99.3,-3.11487,-0.86766
complex,3,99.4,-3.24779,-1.24735
complex,3,99.5,-3.258,-0.91063
complex,3,99.6,-3.44118,-0.92726
complex,3,99.7,-3.50499,-1.01962
complex,3,99.8,-3.27036,-1.30776
complex,3,99.9,-3.08839,-1.53346
complex,3,100.0,-3.76254,-1.31578
apo,1,20.0,0.02378,0.8299
apo,1,20.1,0.15427,0.96893
apo,1,20.2,0.11816,1.33953
apo,1,20.3,0.1245,0.83117
apo,1,20.4,0.01547,1.06132
apo,1,20.5,0.03052,1.01926
apo,1,20.6,-0.08094,0.77914
apo,1,20.7,-0.08794,0.91405
apo,1,20.8,-0.08654,0.97143
apo,1,20.9,-0.10867,0.77552
apo,1,21.0,-0.10264,0.90277
apo,1,21.1,-0.23636,0.56113
apo,1,21.2,-0.3877,1.02137
apo,1,21.3,-0.32664,0.90411
apo,1,21.4,-0.40292,0.87259
apo,1,21.5,-0.38022,1.12387
apo,1,21.6,-0.41738,0.86221
apo,1,21.7,-0.30019,1.10421
apo,1,21.8,-0.50402,0.96131
apo,1,21.9,-0.41123,0.96246
apo,1,22.0,-0.31924,0.62343
apo,1,22.1,-0.23036,1.0022
apo,1,22.2,-0.50689,1.03552
apo,1,22.3,-0.51937,0.69081
apo,1,22.4,-0.67693,1.07603
apo,1,22.5,-0.82366,0.92746
apo,1,22.6,-1.08166,1.11172
apo,1,22.7,-0.61404,1.05719
apo,1,22.8,-0.8755,1.3033
apo,1,22.9,-0.55041,0.8141
apo,1,23.0,-0.42458,0.41131
apo,1,23.1,-0.34419,0.69442
apo,1,23.2,-0.2856,0.76715
apo,1,23.3,-0.1822,0.71505
apo,1,23.4,-0.25845,0.76617
apo,1,23.5,-0.54656,0.66229
apo,1,23.6,-0.38147,1.01164
apo,1,23.7,-0.44027,0.59095
apo,1,23.8,-0.45262,0.83229
apo,1,23.9,-0.61039,0.77023
apo,1,24.0,-0.34926,0.80144
apo,1,24.1,-0.34943,0.70257
apo,1,24.2,-0.39381,0.47992
apo,1,24.3,-0.31605,0.72018
apo,1,24.4,-0.40819,0.70392
apo,1,24.5,-0.14624,0.71218
apo,1,24.6,-0.2434,0.74064
apo,1,24.7,-0.33474,0.69871
apo,1,24.8,-0.33029,0.79814
apo,1,24.9,-0.17573,0.49021
apo,1,25.0,-0.38538,0.65419
apo,1,25.1,-0.3013,0.65995
apo,1,25.2,-0.21275,0.67544
apo,1,25.3,-0.16372,0.87872
apo,1,25.4,-0.3284,0.63224
apo,1,25.5,-0.10333,0.60809
apo,1,25.6,-0.19174,0.71068
apo,1,25.7,-0.55726,0.765
apo,1,25.8,-0.34354,0.63138
apo,1,25.9,-0.11253,0.85098
apo,1,26.0,0.15211,0.96395
apo,1,26.1,0.0961,0.59932
apo,1,26.2,0.08309,0.67015
apo,1,26.3,0.01809,0.63584
apo,1,26.4,0.05931,0.54264
apo,1,26.5,0.00545,0.62877
apo,1,26.6,-0.09698,0.77725
apo,1,26.7,-0.12262,0.81893
apo,1,26.8,0.01884,0.72538
apo,1,26.9,-0.03346,0.753
apo,1,27.0,-0.07884,0.90188
apo,1,27.1,0.1443,0.85637
apo,1,27.2,-0.06512,0.57328
apo,1,27.3,-0.10879,0.60536
apo,1,27.4,0.09054,0.56121
apo,1,27.5,0.13632,0.44528
apo,1,27.6,-0.05547,0.61631
apo,1,27.7,0.15013,0.71021
apo,1,27.8,-0.04905,0.70304
apo,1,27.9,-0.00231,0.64125
apo,1,28.0,-0.33884,0.31136
apo,1,28.1,0.00602,0.6643
apo,1,28.2,-0.16078,0.58244
apo,1,28.3,-0.10814,0.45095
apo,1,28.4,-0.21554,0.47138
apo,1,28.5,-0.02614,0.98784
apo,1,28.6,-0.11529,1.11967
apo,1,28.7,-0.20523,0.70842
apo,1,28.8,0.18803,1.03991
apo,1,28.9,-0.01629,0.96803
apo,1,29.0,0.09228,0.76354
apo,1,29.1,0.19213,0.94132
apo,1,29.2,-0.00745,0.91432
apo,1,29.3,-0.03117,0.85101
apo,1,29.4,-0.0507,0.69791
apo,1,29.5,0.01203,0.91198
apo,1,29.6,-0.11025,0.80959
apo,1,29.7,-0.03302,0.88452
apo,1,29.8,-0.11283,0.75471
apo,1,29.9,0.01567,0.87522
apo,1,30.0,-0.03556,0.42921
apo,1,30.1,-0.04427,0.43184
apo,1,30.2,-0.31805,0.52335
apo,1,30.3,-0.21563,0.46223
apo,1,30.4,-0.0423,0.32945
apo,1,30.5,0.09405,0.59663
apo,1,30.6,-0.43321,0.66983
apo,1,30.7,-0.19687,0.8471
apo,1,30.8,-0.28533,0.73551
apo,1,30.9,-0.10937,0.80176
apo,1,31.0,-0.32638,0.64055
apo,1,31.1,-0.20561,0.81064
apo,1,31.2,-0.33244,0.65337
apo,1,31.3,-0.13503,0.74415
apo,1,31.4,-0.17614,0.58469
apo,1,31.5,-0.24739,0.56292
apo,1,31.6,-0.24576,0.77845
apo,1,31.7,-0.31029,0.69609
apo,1,31.8,-0.1364,0.46158
apo,1,31.9,-0.32893,0.64987
apo,1,32.0,-0.23708,0.81605
apo,1,32.1,-0.34216,0.83281
apo,1,32.2,-0.18191,0.54955
apo,1,32.3,-0.14709,0.58945
apo,1,32.4,-0.27594,0.68933
apo,1,32.5,-0.28591,0.4507
apo,1,32.6,-0.21682,0.51329
apo,1,32.7,-0.28525,0.5817
apo,1,32.8,-0.24931,0.67368
apo,1,32.9,-0.36099,0.51004
apo,1,33.0,-0.27049,0.40648
apo,1,33.1,-0.27755,0.25834
apo,1,33.2,-0.24573,0.35219
apo,1,33.3,-0.34504,0.49643
apo,1,33.4,-0.17476,0.31272
apo,1,33.5,-0.3831,0.47065
apo,1,33.6,-0.20922,0.38265
apo,1,33.7,-0.32691,0.20035
apo,1,33.8,-0.37557,0.32581
apo,1,33.9,-0.13041,0.18594
apo,1,34.0,-0.31719,0.20795
apo,1,34.1,-0.50356,0.1936
apo,1,34.2,-0.19397,0.42523
apo,1,34.3,-0.16078,0.40557
apo,1,34.4,-0.29847,0.41029
apo,1,34.5,-0.33615,0.65293
apo,1,34.6,-0.31342,0.62365
apo,1,34.7,-0.23355,0.59032
apo,1,34.8,-0.30143,0.58041
apo,1,34.9,-0.34227,0.64797
apo,1,35.0,-0.22551,0.80671
apo,1,35.1,-0.04879,0.88513
apo,1,35.2,-0.21982,1.00246
apo,1,35.3,-0.28904,1.0302
apo,1,35.4,-0.2585,0.96589
apo,1,35.5,-0.18171,0.66682
apo,1,35.6,-0.29943,0.83681
apo,1,35.7,-0.02684,0.81211
apo,1,35.8,-0.12983,1.00218
apo,1,35.9,-0.22185,0.86508
apo,1,36.0,-0.34057,0.82024
apo,1,36.1,-0.32179,1.38753
apo,1,36.2,-0.17113,0.96822
apo,1,36.3,-0.26395,0.97405
apo,1,36.4,-0.10635,1.13104
apo,1,36.5,-0.17656,0.79866
apo,1,36.6,0.08851,0.92651
apo,1,36.7,-0.20108,0.99408
apo,1,36.8,-0.0917,0.85024
apo,1,36.9,-0.093,0.84791
apo,1,37.0,-0.2844,0.92638
apo,1,37.1,-0.3034,0.87574
apo,1,37.2,-0.02425,0.85885
apo,1,37.3,-0.10944,0.84816
apo,1,37.4,-0.20373,0.86575
apo,1,37.5,-0.37151,0.8555
apo,1,37.6,-0.29874,0.76533
apo,1,37.7,-0.44439,0.74154
apo,1,37.8,-0.37035,0.85564
apo,1,37.9,-0.25868,0.98805
apo,1,38.0,-0.23817,0.69915
apo,1,38.1,-0.30438,0.95904
apo,1,38.2,-0.11577,0.93527
apo,1,38.3,-0.40492,0.91374
apo,1,38.4,-0.37308,0.96073
apo,1,38.5,-0.22185,0.79452
apo,1,38.6,-0.36252,0.8896
apo,1,38.7,-0.17401,0.7582
apo,1,38.8,-0.10587,0.9251
apo,1,38.9,-0.26596,0.84506
apo,1,39.0,-0.37358,0.96224
apo,1,39.1,-0.31822,0.72292
apo,1,39.2,-0.3723,0.82261
apo,1,39.3,-0.36031,0.96961
apo,1,39.4,-0.11361,0.91785
apo,1,39.5,-0.05545,1.20431
apo,1,39.6,0.04005,1.16144
apo,1,39.7,-0.21306,1.35857
apo,1,39.8,0.15455,1.11921
apo,1,39.9,-0.28569,0.9075
apo,1,40.0,-0.13939,1.46061
apo,1,40.1,-0.22457,0.90315
apo,1,40.2,-0.22715,1.04378
apo,1,40.3,-0.22141,0.97113
apo,1,40.4,-0.3603,0.79808
apo,1,40.5,-0.26982,0.57397
apo,1,40.6,-0.37568,0.80228
apo,1,40.7,-0.38019,0.96933
apo,1,40.8,-0.39002,0.86162
apo,1,40.9,-0.46156,0.44906
apo,1,41.0,-0.40102,0.75685
apo,1,41.1,-0.56767,0.50139
apo,1,41.2,-0.38509,0.68842
apo,1,41.3,-0.31558,0.79641
apo,1,41.4,-0.42743,0.32768
apo,1,41.5,-0.5255,0.64103
apo,1,41.6,-0.38802,0.41617
apo,1,41.7,-0.2324,0.66308
apo,1,41.8,-0.55972,0.75061
apo,1,41.9,-0.60827,0.70988
apo,1,42.0,-0.51919,0.81024
apo,1,42.1,-0.38158,1.10547
apo,1,42.2,-0.50556,1.25264
apo,1,42.3,-0.35909,1.08617
apo,1,42.4,-0.77652,1.11161
apo,1,42.5,-0.75571,1.19074
apo,1,42.6,-0.71418,1.07879
apo,1,42.7,-0.7051,1.17853
apo,1,42.8,-0.45142,1.12454
apo,1,42.9,-0.3986,0.98555
apo,1,43.0,-0.53424,1.04546
apo,1,43.1,-0.2566,1.17569
apo,1,43.2,-0.22614,1.17622
apo,1,43.3,-0.30898,1.43609
apo,1,43.4,-0.3727,1.13068
apo,1,43.5,-0.46666,1.38784
apo,1,43.6,-0.43634,1.27098
apo,1,43.7,-0.29355,1.34634
apo,1,43.8,-0.37405,1.31431
apo,1,43.9,-0.43641,1.08159
apo,1,44.0,-0.46078,1.19927
apo,1,44.1,-0.53316,1.32723
apo,1,44.2,-0.26706,1.55708
apo,1,44.3,-0.69921,1.50049
apo,1,44.4,-0.57432,1.594
apo,1,44.5,-0.59329,1.44324
apo,1,44.6,-0.32891,0.92586
apo,1,44.7,-0.41074,1.29898
apo,1,44.8,-0.44674,0.99115
apo,1,44.9,-0.65155,1.43661
apo,1,45.0,-0.55712,1.4106
apo,1,45.1,-0.39442,1.28747
apo,1,45.2,-0.62768,1.6898
apo,1,45.3,-0.58362,0.98712
apo,1,45.4,-0.47336,1.07418
apo,1,45.5,-0.6496,0.47639
apo,1,45.6,-0.51714,0.29117
apo,1,45.7,-0.20266,0.74691
apo,1,45.8,-0.27729,1.0159
apo,1,45.9,-0.27068,0.99155
apo,1,46.0,-0.35654,1.03706
apo,1,46.1,-0.22648,1.07577
apo,1,46.2,-0.39788,1.23834
apo,1,46.3,-0.49046,1.20364
apo,1,46.4,-0.32511,0.72815
apo,1,46.5,-0.35175,0.92516
apo,1,46.6,0.04941,0.86134
apo,1,46.7,0.05343,1.00568
apo,1,46.8,-0.43621,1.02384
apo,1,46.9,-0.64732,1.14717
apo,1,47.0,-0.65597,1.24385
apo,1,47.1,-0.50084,1.41787
apo,1,47.2,-0.60146,1.34948
apo,1,47.3,-0.59637,1.41994
apo,1,47.4,-0.26015,1.45753
apo,1,47.5,-0.24613,1.5871
apo,1,47.6,-0.50808,1.26634
apo,1,47.7,-0.38143,1.47606
apo,1,47.8,-0.47284,1.67667
apo,1,47.9,-0.40691,1.33101
apo,1,48.0,-0.27774,1.8029
apo,1,48.1,-0.483,1.7867
apo,1,48.2,-0.50846,1.68553
apo,1,48.3,-0.5932,1.41263
apo,1,48.4,-0.38386,1.38422
apo,1,48.5,-0.52855,1.50374
apo,1,48.6,-0.44012,1.26244
apo,1,48.7,-0.29459,1.21174
apo,1,48.8,-0.28413,1.46038
apo,1,48.9,-0.56174,1.31066
apo,1,49.0,-0.30127,1.32179
apo,1,49.1,-0.26667,1.32489
apo,1,49.2,-0.25646,1.29416
apo,1,49.3,-0.1912,1.40486
apo,1,49.4,-0.26534,1.42085
apo,1,49.5,-0.5407,1.44765
apo,1,49.6,-0.30569,1.66373
apo,1,49.7,-0.42243,1.41483
apo,1,49.8,-0.31897,1.35314
apo,1,49.9,-0.23324,1.58666
apo,1,50.0,-0.21576,1.57442
apo,1,50.1,-0.24439,1.70035
apo,1,50.2,-0.18757,1.49929
apo,1,50.3,-0.41179,1.96096
apo,1,50.4,-0.23362,1.94192
apo,1,50.5,-0.28963,1.86658
apo,1,50.6,-0.4578,1.664
apo,1,50.7,-0.53787,1.8419
apo,1,50.8,-0.47132,1.46232
apo,1,50.9,-0.775,1.49866
apo,1,51.0,-0.82012,1.75726
apo,1,51.1,-0.73049,1.37838
apo,1,51.2,-0.58872,1.3441
apo,1,51.3,-0.77379,1.65328
apo,1,51.4,-0.80838,1.43471
apo,1,51.5,-0.81046,1.55788
apo,1,51.6,-0.79773,1.27641
apo,1,51.7,-0.54332,1.54289
apo,1,51.8,-0.51305,1.33307
apo,1,51.9,-0.61215,1.46159
apo,1,52.0,-0.2863,1.43481
apo,1,52.1,-0.35279,1.48706
apo,1,52.2,-0.35845,1.06173
apo,1,52.3,-0.42927,1.1
apo,1,52.4,-0.40148,1.16892
apo,1,52.5,-0.42033,1.19338
apo,1,52.6,-0.50899,1.38487
apo,1,52.7,-0.49456,1.13765
apo,1,52.8,-0.68055,0.45584
apo,1,52.9,-0.67451,1.40064
apo,1,53.0,-0.35898,0.91702
apo,1,53.1,-0.17011,1.20639
apo,1,53.2,-0.56003,1.16733
apo,1,53.3,-0.6784,1.16
apo,1,53.4,-0.6516,1.20828
apo,1,53.5,-0.55247,1.42056
apo,1,53.6,-0.66219,1.40591
apo,1,53.7,-0.46029,1.65329
apo,1,53.8,-0.45981,1.22896
apo,1,53.9,-0.34067,1.47636
apo,1,54.0,-0.482,1.37359
apo,1,54.1,-0.51898,1.30599
apo,1,54.2,-0.46441,1.23915
apo,1,54.3,-0.63672,1.05276
apo,1,54.4,-0.57622,1.30217
apo,1,54.5,-0.60809,0.9487
apo,1,54.6,-0.66885,1.31635
apo,1,54.7,-0.59772,1.34617
apo,1,54.8,-0.74628,1.10413
apo,1,54.9,-0.47545,1.20758
apo,1,55.0,-0.48939,1.16348
apo,1,55.1,-0.35443,1.35141
apo,1,55.2,-0.25237,1.38941
apo,1,55.3,-0.40643,1.68789
apo,1,55.4,-0.35079,1.37675
apo,1,55.5,-0.27855,1.51214
apo,1,55.6,-0.3493,1.60563
apo,1,55.7,-0.56644,1.47863
apo,1,55.8,-0.32964,1.2406
apo,1,55.9,-0.64567,1.22669
apo,1,56.0,-0.72148,0.96401
apo,1,56.1,-0.55606,1.08867
apo,1,56.2,-0.52522,1.27085
apo,1,56.3,-0.5646,1.13596
apo,1,56.4,-0.55691,1.47159
apo,1,56.5,-0.64455,1.2064
apo,1,56.6,-0.50422,1.20564
apo,1,56.7,-0.55765,1.38646
apo,1,56.8,-0.63984,1.23637
apo,1,56.9,-0.68091,1.50727
apo,1,57.0,-0.61752,1.41829
apo,1,57.1,-0.67538,1.37071
apo,1,57.2,-0.75398,1.4773
apo,1,57.3,-0.86898,1.58161
apo,1,57.4,-0.46774,1.73916
apo,1,57.5,-0.77366,1.47359
apo,1,57.6,-0.61805,1.76844
apo,1,57.7,-0.60735,1.96789
apo,1,57.8,-0.72635,2.0407
apo,1,57.9,-0.53071,2.0957
apo,1,58.0,-0.74654,1.89232
apo,1,58.1,-0.58015,1.79953
apo,1,58.2,-0.58254,1.82725
apo,1,58.3,-0.61144,1.97418
apo,1,58.4,-0.52359,1.86737
apo,1,58.5,-0.71908,1.93799
apo,1,58.6,-0.67145,1.88819
apo,1,58.7,-0.67177,1.87021
apo,1,58.8,-0.85887,1.80316
apo,1,58.9,-0.81715,2.00347
apo,1,59.0,-0.60729,1.87653
apo,1,59.1,-0.81787,1.64342
apo,1,59.2,-0.74884,1.66682
apo,1,59.3,-0.68006,1.74672
apo,1,59.4,-0.71954,1.78454
apo,1,59.5,-0.79424,1.89757
apo,1,59.6,-0.56823,1.90117
apo,1,59.7,-0.34374,1.73243
apo,1,59.8,-0.57737,1.7229
apo,1,59.9,-0.59544,1.85148
apo,1,60.0,-0.57183,1.54634
apo,1,60.1,-0.54617,1.74093
apo,1,60.2,-0.81281,1.6028
apo,1,60.3,-0.93406,1.40484
apo,1,60.4,-0.87407,1.59326
apo,1,60.5,-0.6546,1.56041
apo,1,60.6,-0.65996,1.77611
apo,1,60.7,-0.71834,1.74791
apo,1,60.8,-0.83831,1.64937
apo,1,60.9,-0.67692,1.79202
apo,1,61.0,-0.74432,1.6235
apo,1,61.1,-0.71549,1.55343
apo,1,61.2,-0.68901,1.89188
apo,1,61.3,-0.73114,1.843
apo,1,61.4,-0.72111,1.4941
apo,1,61.5,-0.80997,1.59647
apo,1,61.6,-0.81986,1.43878
apo,1,61.7,-0.57996,1.25504
apo,1,61.8,-0.7095,1.59218
apo,1,61.9,-0.76095,1.50057
apo,1,62.0,-0.83441,1.58834
apo,1,62.1,-0.82372,1.56744
apo,1,62.2,-0.6354,1.43443
apo,1,62.3,-0.56727,1.54218
apo,1,62.4,-0.5452,2.09334
apo,1,62.5,-0.32753,1.94026
apo,1,62.6,-0.30841,1.5694
apo,1,62.7,-0.40576,1.94228
apo,1,62.8,-0.27039,1.73475
apo,1,62.9,-0.24746,1.71359
apo,1,63.0,-0.40178,1.66207
apo,1,63.1,-0.5451,1.3061
apo,1,63.2,-0.44196,1.24668
apo,1,63.3,-0.82726,1.6259
apo,1,63.4,-0.61896,1.62347
apo,1,63.5,-0.52129,1.29989
apo,1,63.6,-0.26707,1.61486
apo,1,63.7,-0.38748,1.53287
apo,1,63.8,-0.47648,1.58731
apo,1,63.9,-0.28581,1.65753
apo,1,64.0,-0.33684,1.71052
apo,1,64.1,-0.45077,1.77145
apo,1,64.2,-0.43956,1.69742
apo,1,64.3,-0.23371,1.80776
apo,1,64.4,-0.19419,1.75621
apo,1,64.5,-0.09473,1.78673
apo,1,64.6,-0.14868,1.8295
apo,1,64.7,-0.23718,1.75048
apo,1,64.8,-0.34143,2.32963
apo,1,64.9,-0.4029,1.91093
apo,1,65.0,-0.28849,1.94864
apo,1,65.1,-0.30304,1.78162
apo,1,65.2,-0.21974,2.08399
apo,1,65.3,-0.30019,1.72212
apo,1,65.4,-0.46696,1.76441
apo,1,65.5,-0.20265,1.75647
apo,1,65.6,-0.42888,1.87671
apo,1,65.7,-0.20461,2.10621
apo,1,65.8,-0.2811,1.92279
apo,1,65.9,-0.36386,1.91282
apo,1,66.0,-0.14336,1.64562
apo,1,66.1,-0.47042,1.61408
apo,1,66.2,-0.33696,1.79199
apo,1,66.3,-0.49001,1.84193
apo,1,66.4,-0.34952,1.9568
apo,1,66.5,-0.56625,1.55348
apo,1,66.6,-0.3579,1.56425
apo,1,66.7,-0.47333,1.3775
apo,1,66.8,-0.4822,1.3012
apo,1,66.9,-0.54707,1.68389
apo,1,67.0,-0.56163,1.53489
apo,1,67.1,-0.55717,1.86979
apo,1,67.2,-0.36479,1.74614
apo,1,67.3,-0.63249,1.35152
apo,1,67.4,-0.25342,1.58295
apo,1,67.5,-0.37128,1.12924
apo,1,67.6,-0.35704,1.08785
apo,1,67.7,-0.62606,1.33384
apo,1,67.8,-0.42949,1.56996
apo,1,67.9,-0.4282,1.19156
apo,1,68.0,-0.6139,1.06565
apo,1,68.1,-0.43013,1.20656
apo,1,68.2,-0.77145,1.33412
apo,1,68.3,-0.5041,1.50789
apo,1,68.4,-0.6099,1.52743
apo,1,68.5,-0.3359,1.47048
apo,1,68.6,-0.33379,1.87433
apo,1,68.7,-0.39958,1.56258
apo,1,68.8,-0.39155,1.77872
apo,1,68.9,-0.76304,1.51522
apo,1,69.0,-0.81658,1.36373
apo,1,69.1,-0.5572,1.7567
apo,1,69.2,-0.70323,1.42428
apo,1,69.3,-0.54277,1.3913
apo,1,69.4,-0.4407,1.57736
apo,1,69.5,-0.279,1.27575
apo,1,69.6,-0.55037,0.89055
apo,1,69.7,-0.59296,1.03326
apo,1,69.8,-0.59005,0.90033
apo,1,69.9,-0.48626,0.85249
apo,1,70.0,-0.50333,1.07617
apo,1,70.1,-0.5931,1.35749
apo,1,70.2,-0.29884,1.1098
apo,1,70.3,-0.36412,1.06201
apo,1,70.4,-0.55224,1.35257
apo,1,70.5,-0.52015,1.07078
apo,1,70.6,-0.74125,1.2763
apo,1,70.7,-0.63731,1.27329
apo,1,70.8,-0.58372,1.17448
apo,1,70.9,-0.75068,1.19462
apo,1,71.0,-0.6666,0.89212
apo,1,71.1,-0.81283,0.75314
apo,1,71.2,-0.30945,0.88242
apo,1,71.3,-0.79483,0.95007
apo,1,71.4,-0.8173,0.75307
apo,1,71.5,-0.45125,1.17531
apo,1,71.6,-0.77633,1.16523
apo,1,71.7,-0.83182,0.86808
apo,1,71.8,-0.73226,0.95367
apo,1,71.9,-0.8608,1.06785
apo,1,72.0,-0.76435,0.68505
apo,1,72.1,-0.6983,1.08143
apo,1,72.2,-0.75676,0.9436
apo,1,72.3,-0.99734,0.06574
apo,1,72.4,-0.8783,1.13186
apo,1,72.5,-0.80407,0.7115
apo,1,72.6,-1.16754,0.90137
apo,1,72.7,-1.07451,0.70887
apo,1,72.8,-0.90085,1.45688
apo,1,72.9,-0.98795,1.84144
apo,1,73.0,-0.98609,2.009
apo,1,73.1,-0.68729,1.78311
apo,1,73.2,-0.44573,1.89941
apo,1,73.3,-0.66129,1.5644
apo,1,73.4,-0.70106,1.82802
apo,1,73.5,-0.53439,1.68968
apo,1,73.6,-0.60532,2.02827
apo,1,73.7,-0.62908,1.76475
apo,1,73.8,-0.48948,1.7071
apo,1,73.9,-0.73445,1.35484
apo,1,74.0,-0.55855,1.92978
apo,1,74.1,-0.45721,1.5976
apo,1,74.2,-0.49961,1.90785
apo,1,74.3,-0.36915,1.62715
apo,1,74.4,-0.47916,1.76151
apo,1,74.5,-0.49387,1.83017
apo,1,74.6,-0.62276,1.77497
apo,1,74.7,-0.7069,1.67001
apo,1,74.8,-0.67178,1.8988
apo,1,74.9,-0.65685,1.9954
apo,1,75.0,-0.47084,1.84057
apo,1,75.1,-0.3772,1.75386
apo,1,75.2,-0.23508,1.74006
apo,1,75.3,-0.11842,1.78377
apo,1,75.4,-0.46272,1.65
apo,1,75.5,-0.60299,1.82713
apo,1,75.6,-0.5827,1.87936
apo,1,75.7,-0.62554,1.98721
apo,1,75.8,-0.68412,1.99894
apo,1,75.9,-0.58468,2.02631
apo,1,76.0,-0.67493,2.04236
apo,1,76.1,-0.47638,1.86335
apo,1,76.2,-0.49543,1.92073
apo,1,76.3,-0.453,1.77714
apo,1,76.4,-0.58756,1.78724
apo,1,76.5,-0.59417,1.74925
apo,1,76.6,-0.55762,1.62645
apo,1,76.7,-0.52804,1.76725
apo,1,76.8,-0.67633,1.59865
apo,1,76.9,-0.54679,1.75152
apo,1,77.0,-0.76936,1.76363
apo,1,77.1,-0.55367,1.67051
apo,1,77.2,-0.39996,1.84512
apo,1,77.3,-0.65932,1.73342
apo,1,77.4,-0.62173,1.69552
apo,1,77.5,-0.54965,1.98451
apo,1,77.6,-0.59515,1.78989
apo,1,77.7,-0.36539,1.8713
apo,1,77.8,-0.31622,1.84653
apo,1,77.9,-0.17258,1.90321
apo,1,78.0,-0.34014,1.85413
apo,1,78.1,-0.45367,1.68298
apo,1,78.2,-0.41158,1.67983
apo,1,78.3,-0.45815,1.43994
apo,1,78.4,-0.47433,1.73253
apo,1,78.5,-0.44131,1.55809
apo,1,78.6,-0.55226,1.47815
apo,1,78.7,-0.40296,1.67462
apo,1,78.8,-0.73861,1.32512
apo,1,78.9,-0.40873,1.3933
apo,1,79.0,-0.50244,1.56102
apo,1,79.1,-0.34391,1.35116
apo,1,79.2,-0.42164,1.56628
apo,1,79.3,-0.71936,1.46342
apo,1,79.4,-0.48935,1.60549
apo,1,79.5,-0.54469,1.41307
apo,1,79.6,-0.59466,1.71692
apo,1,79.7,-0.61391,1.73703
apo,1,79.8,-0.39241,1.7273
apo,1,79.9,-0.49761,1.70715
apo,1,80.0,-0.45092,1.90524
apo,1,80.1,-0.35474,1.94007
apo,1,80.2,-0.21988,1.65455
apo,1,80.3,-0.2155,1.74396
apo,1,80.4,-0.3699,1.75894
apo,1,80.5,-0.11536,1.74499
apo,1,80.6,-0.30709,1.62945
apo,1,80.7,-0.42584,1.82682
apo,1,80.8,-0.72655,1.7256
apo,1,80.9,-0.31447,1.47118
apo,1,81.0,-0.45306,1.78713
apo,1,81.1,-0.54383,1.74061
apo,1,81.2,-0.56572,1.42935
apo,1,81.3,-0.39604,1.6577
apo,1,81.4,-0.51087,1.40201
apo,1,81.5,-0.61032,1.76619
apo,1,81.6,-0.56839,1.54979
apo,1,81.7,-0.40258,1.56636
apo,1,81.8,-0.43818,1.78628
apo,1,81.9,-0.56528,1.97028
apo,1,82.0,-0.41554,1.84878
apo,1,82.1,-0.42717,1.68519
apo,1,82.2,-0.50442,1.5803
apo,1,82.3,-0.41629,1.70483
apo,1,82.4,-0.44803,1.68312
apo,1,82.5,-0.45218,1.7398
apo,1,82.6,-0.49456,1.64822
apo,1,82.7,-0.35234,1.70194
apo,1,82.8,-0.53015,1.61658
apo,1,82.9,-0.41335,1.63468
apo,1,83.0,-0.55228,1.72029
apo,1,83.1,-0.24871,1.62667
apo,1,83.2,-0.42158,1.71189
apo,1,83.3,-0.41404,1.89953
apo,1,83.4,-0.39833,1.85968
apo,1,83.5,-0.34396,1.75412
apo,1,83.6,-0.54168,2.08638
apo,1,83.7,-0.44054,1.76525
apo,1,83.8,-0.55114,1.5663
apo,1,83.9,-0.56782,1.66281
apo,1,84.0,-0.66213,1.66858
apo,1,84.1,-0.64378,1.52037
apo,1,84.2,-0.44272,1.73729
apo,1,84.3,-0.43205,1.5076
apo,1,84.4,-0.54556,1.51438
apo,1,84.5,-0.61412,1.54652
apo,1,84.6,-0.60695,1.20121
apo,1,84.7,-0.53201,1.27182
apo,1,84.8,-0.76535,1.35128
apo,1,84.9,-0.74086,1.41843
apo,1,85.0,-0.71411,1.30846
apo,1,85.1,-0.73276,1.29392
apo,1,85.2,-0.84947,1.34699
apo,1,85.3,-0.61297,1.46675
apo,1,85.4,-0.69126,1.60424
apo,1,85.5,-0.6066,1.71147
apo,1,85.6,-0.49647,1.76607
apo,1,85.7,-0.51877,1.26309
apo,1,85.8,-0.59267,1.29033
apo,1,85.9,-0.52929,1.48641
apo,1,86.0,-0.52118,1.46559
apo,1,86.1,-0.71858,1.40299
apo,1,86.2,-0.56142,1.49702
apo,1,86.3,-0.56788,1.59809
apo,1,86.4,-0.43194,1.20539
apo,1,86.5,-0.56162,1.40419
apo,1,86.6,-0.53503,1.43602
apo,1,86.7,-0.48724,1.25765
apo,1,86.8,-0.58951,1.12192
apo,1,86.9,-0.64031,1.38735
apo,1,87.0,-0.69848,1.55816
apo,1,87.1,-0.65084,1.34207
apo,1,87.2,-0.4597,1.24226
apo,1,87.3,-0.60464,1.46006
apo,1,87.4,-0.53789,1.5181
apo,1,87.5,-0.62301,1.30705
apo,1,87.6,-0.59536,1.39035
apo,1,87.7,-0.28883,1.0007
apo,1,87.8,-0.47964,1.34176
apo,1,87.9,-0.68796,1.41775
apo,1,88.0,-0.71493,1.19944
apo,1,88.1,-0.56531,1.26785
apo,1,88.2,-0.68714,1.42128
apo,1,88.3,-0.5705,1.29391
apo,1,88.4,-0.56732,1.64841
apo,1,88.5,-0.42806,1.41899
apo,1,88.6,-0.59992,1.53974
apo,1,88.7,-0.62257,1.47814
apo,1,88.8,-0.63841,1.30639
apo,1,88.9,-0.60982,1.52836
apo,1,89.0,-0.63807,1.58123
apo,1,89.1,-0.48701,1.68481
apo,1,89.2,-0.50744,1.49596
apo,1,89.3,-0.5992,1.47288
apo,1,89.4,-0.36161,1.62896
apo,1,89.5,-0.44825,1.43906
apo,1,89.6,-0.47088,1.54719
apo,1,89.7,-0.60154,1.54723
apo,1,89.8,-0.65541,1.435
apo,1,89.9,-0.57973,1.75726
apo,1,90.0,-0.40245,1.42102
apo,1,90.1,-0.60617,1.24412
apo,1,90.2,-0.42971,1.68889
apo,1,90.3,-0.34984,1.72665
apo,1,90.4,-0.37949,1.73716
apo,1,90.5,-0.66041,1.71453
apo,1,90.6,-0.47784,1.80092
apo,1,90.7,-0.64542,1.93814
apo,1,90.8,-0.33161,1.92711
apo,1,90.9,-0.68197,1.66846
apo,1,91.0,-0.67222,1.65813
apo,1,91.1,-0.52857,1.74827
apo,1,91.2,-0.64894,1.38774
apo,1,91.3,-0.61225,1.54759
apo,1,91.4,-0.67233,1.62606
apo,1,91.5,-0.4503,1.56042
apo,1,91.6,-0.65312,1.27037
apo,1,91.7,-0.45918,1.37078
apo,1,91.8,-0.54108,1.38495
apo,1,91.9,-0.564,1.40295
apo,1,92.0,-0.47679,1.24588
apo,1,92.1,-0.34352,1.2848
apo,1,92.2,-0.47731,1.3488
apo,1,92.3,-0.46374,1.14021
apo,1,92.4,-0.42433,1.54009
apo,1,92.5,-0.49147,1.4545
apo,1,92.6,-0.34806,1.66167
apo,1,92.7,-0.26987,1.71412
apo,1,92.8,-0.29097,0.93326
apo,1,92.9,-0.23054,1.00304
apo,1,93.0,-0.41768,1.24352
apo,1,93.1,-0.45213,1.48408
apo,1,93.2,-0.38134,1.59193
apo,1,93.3,-0.19292,1.77732
apo,1,93.4,-0.39602,1.45972
apo,1,93.5,-0.44005,1.78422
apo,1,93.6,-0.26788,1.61477
apo,1,93.7,-0.31228,1.37902
apo,1,93.8,-0.35843,1.33333
apo,1,93.9,-0.34214,1.52585
apo,1,94.0,-0.33621,1.20747
apo,1,94.1,-0.4178,1.00761
apo,1,94.2,-0.52832,1.22819
apo,1,94.3,-0.44703,1.19092
apo,1,94.4,-0.35193,1.31722
apo,1,94.5,-0.50317,1.66561
apo,1,94.6,-0.39424,1.37765
apo,1,94.7,-0.4159,1.64311
apo,1,94.8,-0.42613,1.62093
apo,1,94.9,-0.3168,1.81831
apo,1,95.0,-0.35436,1.47163
apo,1,95.1,-0.61187,1.53595
apo,1,95.2,-0.57875,1.45225
apo,1,95.3,-0.46441,1.6295
apo,1,95.4,-0.33702,1.40878
apo,1,95.5,-0.33353,1.34038
apo,1,95.6,-0.6384,1.53935
apo,1,95.7,-0.56462,1.53398
apo,1,95.8,-0.29488,1.0144
apo,1,95.9,-0.28428,1.18708
apo,1,96.0,-0.5085,1.16324
apo,1,96.1,-0.35984,1.19395
apo,1,96.2,-0.70123,1.07576
apo,1,96.3,-0.52336,1.07884
apo,1,96.4,-0.61458,1.04975
apo,1,96.5,-0.45501,1.13161
apo,1,96.6,-0.4798,1.07636
apo,1,96.7,-0.45917,1.21415
apo,1,96.8,-0.43732,1.10589
apo,1,96.9,-0.46008,1.218
apo,1,97.0,-0.45942,1.01753
apo,1,97.1,-0.75972,0.98695
apo,1,97.2,-0.78083,1.08355
apo,1,97.3,-0.83279,0.99075
apo,1,97.4,-0.65717,1.14785
apo,1,97.5,-0.71448,1.16724
apo,1,97.6,-0.95932,1.01889
apo,1,97.7,-0.76799,1.37406
apo,1,97.8,-0.51002,0.98319
apo,1,97.9,-0.62994,0.99213
apo,1,98.0,-0.65122,0.77685
apo,1,98.1,-0.92805,0.65639
apo,1,98.2,-0.80103,0.63527
apo,1,98.3,-0.90819,0.66669
apo,1,98.4,-1.14598,0.5225
apo,1,98.5,-0.89988,0.65675
apo,1,98.6,-0.83872,1.46428
apo,1,98.7,-1.03026,1.26392
apo,1,98.8,-0.98307,1.3814
apo,1,98.9,-0.77217,1.28341
apo,1,99.0,-0.83396,1.14203
apo,1,99.1,-0.93631,1.36445
apo,1,99.2,-0.99972,1.38314
apo,1,99.3,-1.10212,1.38374
apo,1,99.4,-1.46024,1.27848
apo,1,99.5,-1.09905,1.23727
apo,1,99.6,-0.80345,0.99812
apo,1,99.7,-0.98999,1.17341
apo,1,99.8,-0.75818,1.13493
apo,1,99.9,-1.10508,1.01449
apo,1,100.0,-1.07247,1.51773
apo,2,20.0,3.24213,-0.00456
apo,2,20.1,2.91105,-0.24428
apo,2,20.2,3.62377,-0.19482
apo,2,20.3,3.90143,-0.34155
apo,2,20.4,3.07326,-0.32351
apo,2,20.5,3.36251,0.02098
apo,2,20.6,3.37372,-0.2627
apo,2,20.7,3.83054,0.64581
apo,2,20.8,3.08689,0.47195
apo,2,20.9,4.06082,0.1486
apo,2,21.0,4.34398,0.10825
apo,2,21.1,4.21735,-0.41146
apo,2,21.2,4.65162,-0.12027
apo,2,21.3,4.78497,-0.02705
apo,2,21.4,4.88097,-0.09683
apo,2,21.5,4.6155,-0.139
apo,2,21.6,4.76159,0.09511
apo,2,21.7,4.65618,-0.07143
apo,2,21.8,4.11142,0.04709
apo,2,21.9,4.56305,-0.03799
apo,2,22.0,4.72812,-0.06118
apo,2,22.1,4.63321,-0.17994
apo,2,22.2,4.49372,-0.21478
apo,2,22.3,4.54269,-0.2072
apo,2,22.4,4.6361,-0.17662
apo,2,22.5,4.55393,-0.38637
apo,2,22.6,4.47395,-0.20455
apo,2,22.7,4.76533,-0.37456
apo,2,22.8,5.04292,-0.3081
apo,2,22.9,4.45674,-0.36958
apo,2,23.0,5.01863,-0.37405
apo,2,23.1,5.1329,-0.08502
apo,2,23.2,4.96247,-0.08462
apo,2,23.3,4.59414,-0.28793
apo,2,23.4,4.57097,-0.24226
apo,2,23.5,4.50927,-0.23749
apo,2,23.6,4.82485,-0.42867
apo,2,23.7,4.37744,-0.15999
apo,2,23.8,4.74212,-0.29686
apo,2,23.9,4.79516,-0.3395
apo,2,24.0,4.42103,-0.13707
apo,2,24.1,4.23385,-0.21538
apo,2,24.2,4.50378,-0.28208
apo,2,24.3,4.1981,-0.22146
apo,2,24.4,4.35021,-0.21133
apo,2,24.5,4.45883,-0.22913
apo,2,24.6,4.8491,-0.09426
apo,2,24.7,4.73338,-0.12685
apo,2,24.8,4.75254,-0.35561
apo,2,24.9,4.33882,-0.20717
apo,2,25.0,4.39229,-0.54218
apo,2,25.1,4.1615,-0.46601
apo,2,25.2,4.13354,-0.56388
apo,2,25.3,4.35161,-0.90899
apo,2,25.4,4.42588,-0.63905
apo,2,25.5,4.28947,-0.8495
apo,2,25.6,4.23168,-0.70971
apo,2,25.7,3.98374,-0.70667
apo,2,25.8,4.30414,-0.77969
apo,2,25.9,3.98975,-0.46783
apo,2,26.0,3.75072,-0.86784
apo,2,26.1,4.3662,-0.94233
apo,2,26.2,4.00307,-0.627
apo,2,26.3,3.83841,-0.90899
apo,2,26.4,4.1607,-1.21105
apo,2,26.5,4.54223,-0.9536
apo,2,26.6,3.83091,-0.64811
apo,2,26.7,4.2716,-0.2588
apo,2,26.8,4.3365,-0.00837
apo,2,26.9,4.58142,-0.21214
apo,2,27.0,4.23862,-0.2262
apo,2,27.1,4.38129,-0.32063
apo,2,27.2,4.4135,-0.22671
apo,2,27.3,3.8906,-0.27992
apo,2,27.4,3.70692,-0.57674
apo,2,27.5,3.64033,-0.55428
apo,2,27.6,3.80775,-0.6341
apo,2,27.7,3.67085,-0.48134
apo,2,27.8,4.2146,-0.32748
apo,2,27.9,4.06317,-0.99402
apo,2,28.0,3.7995,-0.85431
apo,2,28.1,3.86526,-0.94603
apo,2,28.2,3.98381,-1.09748
apo,2,28.3,4.08027,-0.55816
apo,2,28.4,3.77827,-0.83131
apo,2,28.5,4.01169,-0.89248
apo,2,28.6,4.0187,-0.77042
apo,2,28.7,4.20099,-0.45331
apo,2,28.8,4.06015,-1.16536
apo,2,28.9,4.44959,-0.597
apo,2,29.0,4.05971,-0.80281
apo,2,29.1,4.59906,-0.49814
apo,2,29.2,4.36227,-0.25929
apo,2,29.3,3.85828,-0.33673
apo,2,29.4,4.48809,-0.29244
apo,2,29.5,4.45344,0.09349
apo,2,29.6,4.47976,0.08012
apo,2,29.7,4.76358,-0.10235
apo,2,29.8,4.63932,-0.05722
apo,2,29.9,4.81059,0.10161
apo,2,30.0,4.45126,-0.04642
apo,2,30.1,4.73478,0.05129
apo,2,30.2,4.31739,0.12754
apo,2,30.3,4.91751,0.15288
apo,2,30.4,4.80585,0.26717
apo,2,30.5,4.83911,0.2982
apo,2,30.6,4.51599,0.25864
apo,2,30.7,4.71006,0.08297
apo,2,30.8,4.46414,0.57554
apo,2,30.9,4.46491,0.48291
apo,2,31.0,4.1995,0.25987
apo,2,31.1,3.87436,0.05017
apo,2,31.2,4.48648,0.07277
apo,2,31.3,4.49126,0.4028
apo,2,31.4,4.54265,0.23643
apo,2,31.5,4.56428,0.35135
apo,2,31.6,4.59561,0.46463
apo,2,31.7,4.79528,0.26566
apo,2,31.8,4.76829,0.67072
apo,2,31.9,4.67933,0.03232
apo,2,32.0,4.28283,-0.06415
apo,2,32.1,4.2168,0.46993
apo,2,32.2,4.51788,0.52718
apo,2,32.3,4.36419,0.04413
apo,2,32.4,4.52164,0.16628
apo,2,32.5,4.93802,0.05183
apo,2,32.6,4.83639,0.13577
apo,2,32.7,4.81601,0.36407
apo,2,32.8,4.84841,0.2588
apo,2,32.9,4.76784,0.2116
apo,2,33.0,4.19902,0.43095
apo,2,33.1,4.52471,0.39811
apo,2,33.2,4.62792,0.60949
apo,2,33.3,4.66154,0.6251
apo,2,33.4,5.05569,0.3032
apo,2,33.5,4.98593,0.46273
apo,2,33.6,5.05462,0.41816
apo,2,33.7,4.94941,0.61005
apo,2,33.8,5.03153,0.68986
apo,2,33.9,4.48942,0.16306
apo,2,34.0,4.76515,0.3422
apo,2,34.1,5.00281,0.48648
apo,2,34.2,5.02854,0.46514
apo,2,34.3,4.60137,0.3598
apo,2,34.4,4.87027,0.47628
apo,2,34.5,4.94765,0.65237
apo,2,34.6,4.98339,0.38988
apo,2,34.7,5.10579,0.9574
apo,2,34.8,5.0961,0.53837
apo,2,34.9,5.06973,0.51987
apo,2,35.0,4.79486,0.39678
apo,2,35.1,5.17548,0.48415
apo,2,35.2,5.36131,0.65748
apo,2,35.3,5.11252,0.59147
apo,2,35.4,5.09219,0.63374
apo,2,35.5,5.1209,0.40357
apo,2,35.6,4.85962,0.2198
apo,2,35.7,5.03947,0.3395
apo,2,35.8,5.10229,0.46475
apo,2,35.9,5.45905,0.35725
apo,2,36.0,5.48832,0.14718
apo,2,36.1,5.31718,0.07925
apo,2,36.2,5.17044,0.07574
apo,2,36.3,5.29618,-0.0767
apo,2,36.4,5.35373,0.25236
apo,2,36.5,5.42873,0.4586
apo,2,36.6,5.40002,0.38545
apo,2,36.7,5.57745,0.56271
apo,2,36.8,5.16283,0.58373
apo,2,36.9,4.84696,0.74271
apo,2,37.0,4.7281,0.50267
apo,2,37.1,5.1553,0.62637
apo,2,37.2,5.28266,0.47569
apo,2,37.3,5.00475,0.24929
apo,2,37.4,4.95843,0.24212
apo,2,37.5,4.98372,0.27092
apo,2,37.6,5.15974,0.1192
apo,2,37.7,5.24862,-0.0712
apo,2,37.8,5.1732,0.04184
apo,2,37.9,5.05736,-0.0245
apo,2,38.0,5.09184,-0.30929
apo,2,38.1,5.25609,0.07735
apo,2,38.2,4.71006,0.07417
apo,2,38.3,5.14212,0.00953
apo,2,38.4,5.21383,-0.34494
apo,2,38.5,5.13502,-0.25837
apo,2,38.6,5.12627,0.12958
apo,2,38.7,4.94275,0.10403
apo,2,38.8,4.74456,0.10967
apo,2,38.9,4.90446,0.06203
apo,2,39.0,4.64497,0.04588
apo,2,39.1,4.55631,0.37854
apo,2,39.2,5.18198,0.35085
apo,2,39.3,5.02435,0.4293
apo,2,39.4,5.19259,0.42773
apo,2,39.5,4.5981,0.50655
apo,2,39.6,4.82626,0.419
apo,2,39.7,4.79761,0.38531
apo,2,39.8,4.69087,0.2207
apo,2,39.9,5.03463,0.31094
apo,2,40.0,5.06356,0.47421
apo,2,40.1,5.13796,0.57769
apo,2,40.2,4.72356,0.28124
apo,2,40.3,4.85529,0.32151
apo,2,40.4,4.93599,0.44499
apo,2,40.5,5.14145,0.43629
apo,2,40.6,5.17125,0.61703
apo,2,40.7,4.99569,0.26826
apo,2,40.8,4.78754,0.55627
apo,2,40.9,4.83651,0.61593
apo,2,41.0,5.16595,0.89728
apo,2,41.1,4.78936,1.05076
apo,2,41.2,4.90341,0.77498
apo,2,41.3,4.78088,0.94003
apo,2,41.4,4.82606,0.64271
apo,2,41.5,4.57965,0.19355
apo,2,41.6,4.7148,0.40636
apo,2,41.7,4.69751,0.46614
apo,2,41.8,4.61743,0.43294
apo,2,41.9,4.69278,1.10756
apo,2,42.0,4.84948,0.55444
apo,2,42.1,4.86009,0.34976
apo,2,42.2,5.08251,0.35652
apo,2,42.3,5.09447,0.04338
apo,2,42.4,4.60781,0.15269
apo,2,42.5,4.69114,-0.04628
apo,2,42.6,4.68573,0.14584
apo,2,42.7,4.31779,0.21713
apo,2,42.8,4.63305,-0.0422
apo,2,42.9,4.81421,0.23526
apo,2,43.0,4.82692,-0.2111
apo,2,43.1,4.68223,0.05358
apo,2,43.2,4.72242,0.04877
apo,2,43.3,4.60144,0.13342
apo,2,43.4,4.64396,0.01739
apo,2,43.5,4.95132,0.12118
apo,2,43.6,4.84649,-0.02808
apo,2,43.7,4.93194,0.13006
apo,2,43.8,4.53586,0.08168
apo,2,43.9,4.87533,0.22494
apo,2,44.0,4.88992,0.11763
apo,2,44.1,4.85273,0.19846
apo,2,44.2,4.69572,0.23868
apo,2,44.3,5.05442,0.39647
apo,2,44.4,4.77461,0.0895
apo,2,44.5,4.95707,0.2721
apo,2,44.6,4.74395,0.09678
apo,2,44.7,4.94324,0.44469
apo,2,44.8,4.84453,0.22601
apo,2,44.9,4.92599,0.19727
apo,2,45.0,4.96889,0.60819
apo,2,45.1,5.09959,0.55535
apo,2,45.2,5.17464,0.25565
apo,2,45.3,5.12319,0.38186
apo,2,45.4,5.23375,0.16326
apo,2,45.5,4.90053,0.34544
apo,2,45.6,5.17145,0.23472
apo,2,45.7,5.04919,0.40154
apo,2,45.8,5.02228,0.25237
apo,2,45.9,5.13001,0.32012
apo,2,46.0,5.07023,0.26011
apo,2,46.1,5.26757,0.25709
apo,2,46.2,5.56954,0.19112
apo,2,46.3,5.25886,0.1253
apo,2,46.4,5.25218,0.09058
apo,2,46.5,5.63618,0.14446
apo,2,46.6,5.31732,0.22942
apo,2,46.7,5.33288,0.23878
apo,2,46.8,5.26049,0.28064
apo,2,46.9,4.95918,0.10515
apo,2,47.0,4.84233,-0.16851
apo,2,47.1,4.9118,0.04143
apo,2,47.2,5.16918,0.12448
apo,2,47.3,5.57264,0.17362
apo,2,47.4,5.42595,0.3028
apo,2,47.5,5.50556,0.33598
apo,2,47.6,5.20744,0.11489
apo,2,47.7,5.20455,0.07508
apo,2,47.8,5.33571,0.08846
apo,2,47.9,5.07149,0.07545
apo,2,48.0,5.2489,-0.67218
apo,2,48.1,4.85377,-0.16759
apo,2,48.2,4.79466,-0.3577
apo,2,48.3,5.09813,-0.36287
apo,2,48.4,4.55304,-0.63622
apo,2,48.5,5.08072,-0.11329
apo,2,48.6,5.08676,0.01142
apo,2,48.7,4.91762,-0.21345
apo,2,48.8,4.88374,-0.12658
apo,2,48.9,4.96793,0.05252
apo,2,49.0,5.16272,0.09603
apo,2,49.1,5.24928,0.21667
apo,2,49.2,5.16221,0.09871
apo,2,49.3,5.29574,0.28504
apo,2,49.4,5.0632,0.09761
apo,2,49.5,5.40246,0.17213
apo,2,49.6,5.30737,0.29079
apo,2,49.7,5.19137,-0.12598
apo,2,49.8,5.10008,0.00304
apo,2,49.9,4.66399,-0.04262
apo,2,50.0,4.72746,0.03444
apo,2,50.1,4.62628,-0.06849
apo,2,50.2,4.52916,-0.12055
apo,2,50.3,4.52763,-0.10207
apo,2,50.4,4.60359,-0.10893
apo,2,50.5,4.58582,-0.33948
apo,2,50.6,4.70063,-0.21246
apo,2,50.7,4.90478,-0.27537
apo,2,50.8,4.69935,-0.18197
apo,2,50.9,4.84911,-0.25382
apo,2,51.0,4.87516,-0.36655
apo,2,51.1,4.87419,-0.35886
apo,2,51.2,4.70273,-0.46952
apo,2,51.3,4.8017,-0.31807
apo,2,51.4,5.00265,-0.25797
apo,2,51.5,4.802,-0.21707
apo,2,51.6,4.67005,-0.34184
apo,2,51.7,4.81324,-0.23717
apo,2,51.8,4.81754,-0.2357
apo,2,51.9,4.58659,-0.37637
apo,2,52.0,4.80339,-0.40621
apo,2,52.1,4.82767,-0.2589
apo,2,52.2,4.50181,-0.40136
apo,2,52.3,4.74725,-0.3133
apo,2,52.4,4.73425,-0.19296
apo,2,52.5,4.72064,-0.29697
apo,2,52.6,4.6184,-0.15652
apo,2,52.7,4.68151,-0.40066
apo,2,52.8,4.623,-0.21994
apo,2,52.9,4.89776,-0.27108
apo,2,53.0,4.63438,-0.31032
apo,2,53.1,4.95343,-0.13137
apo,2,53.2,5.0554,-0.38573
apo,2,53.3,4.97112,0.03037
apo,2,53.4,4.89394,-0.18823
apo,2,53.5,4.88644,-0.28741
apo,2,53.6,5.298,-0.36573
apo,2,53.7,4.90725,-0.10983
apo,2,53.8,4.66889,-0.38876
apo,2,53.9,4.57361,-0.46397
apo,2,54.0,4.8728,-0.41993
apo,2,54.1,4.74,-0.3864
apo,2,54.2,4.59862,-0.62997
apo,2,54.3,4.7583,-0.39893
apo,2,54.4,4.60448,-0.27121
apo,2,54.5,4.58238,-0.22789
apo,2,54.6,4.64625,-0.2625
apo,2,54.7,4.74926,-0.18702
apo,2,54.8,4.79575,-0.56755
apo,2,54.9,4.75307,-0.34807
apo,2,55.0,4.81268,-0.23193
apo,2,55.1,4.54922,-0.44332
apo,2,55.2,4.87425,-0.19394
apo,2,55.3,5.09011,-0.17761
apo,2,55.4,4.53374,-0.19438
apo,2,55.5,4.56942,-0.37012
apo,2,55.6,4.66101,-0.2232
apo,2,55.7,4.70068,-0.38184
apo,2,55.8,4.93689,-0.20839
apo,2,55.9,4.58494,-0.09198
apo,2,56.0,4.81496,-0.40452
apo,2,56.1,4.7176,-0.32086
apo,2,56.2,4.45776,-0.28683
apo,2,56.3,4.52196,-0.19825
apo,2,56.4,4.62126,-0.35362
apo,2,56.5,4.49563,-0.23074
apo,2,56.6,4.52297,-0.34953
apo,2,56.7,4.62909,-0.40629
apo,2,56.8,4.62532,-0.22005
apo,2,56.9,4.47631,-0.21455
apo,2,57.0,4.28074,-0.14044
apo,2,57.1,4.36494,-0.21338
apo,2,57.2,4.44771,-0.28864
apo,2,57.3,4.28162,-0.31814
apo,2,57.4,4.34224,-0.42501
apo,2,57.5,4.55993,-0.5951
apo,2,57.6,4.80354,-0.56483
apo,2,57.7,4.52371,-0.6127
apo,2,57.8,4.1469,-0.35477
apo,2,57.9,4.46294,-0.4083
apo,2,58.0,4.30737,-0.33641
apo,2,58.1,4.57447,-0.37088
apo,2,58.2,4.28197,-0.64356
apo,2,58.3,4.28426,-0.62687
apo,2,58.4,4.00374,-0.40884
apo,2,58.5,4.21439,-0.55885
apo,2,58.6,4.01114,-0.54545
apo,2,58.7,4.50843,-0.80091
apo,2,58.8,4.40741,-0.72175
apo,2,58.9,4.19999,-0.52942
apo,2,59.0,4.66299,-0.66173
apo,2,59.1,4.44927,-0.79495
apo,2,59.2,4.32869,-0.53288
apo,2,59.3,4.32263,-0.61333
apo,2,59.4,4.30277,-0.38865
apo,2,59.5,4.20046,-0.60746
apo,2,59.6,4.35171,-0.33706
apo,2,59.7,4.50226,-0.1533
apo,2,59.8,4.35346,-0.05714
apo,2,59.9,4.29399,0.0128
apo,2,60.0,4.20941,-0.01402
apo,2,60.1,4.19744,-0.17742
apo,2,60.2,4.48339,-0.2413
apo,2,60.3,4.74036,-0.32064
apo,2,60.4,4.60311,-0.10873
apo,2,60.5,4.78089,-0.10064
apo,2,60.6,4.56495,-0.35505
apo,2,60.7,4.21669,-0.22366
apo,2,60.8,4.54111,-0.11312
apo,2,60.9,4.58709,-0.07503
apo,2,61.0,4.60987,-0.37696
apo,2,61.1,4.2847,-0.21272
apo,2,61.2,4.28139,-0.19069
apo,2,61.3,4.20423,-0.40621
apo,2,61.4,4.26743,-0.16913
apo,2,61.5,4.66152,-0.30954
apo,2,61.6,4.54843,-0.25718
apo,2,61.7,4.74458,-0.40154
apo,2,61.8,4.5994,-0.30703
apo,2,61.9,4.54579,-0.04116
apo,2,62.0,4.6956,-0.00267
apo,2,62.1,4.31542,0.03158
apo,2,62.2,4.43726,0.04834
apo,2,62.3,4.27543,-0.1213
apo,2,62.4,4.40684,0.02297
apo,2,62.5,4.40204,-0.11212
apo,2,62.6,4.32931,-0.01888
apo,2,62.7,4.58246,-0.30902
apo,2,62.8,4.18287,-0.29477
apo,2,62.9,4.40637,-0.21996
apo,2,63.0,4.42135,0.10322
apo,2,63.1,4.22168,-0.08631
apo,2,63.2,4.41708,-0.27406
apo,2,63.3,4.38291,-0.08758
apo,2,63.4,4.41228,0.02685
apo,2,63.5,4.5199,-0.15243
apo,2,63.6,4.72043,-0.04092
apo,2,63.7,4.18016,-0.04788
apo,2,63.8,4.37383,0.11274
apo,2,63.9,4.40473,-0.08065
apo,2,64.0,4.2348,0.02416
apo,2,64.1,4.52075,0.02249
apo,2,64.2,4.75236,-0.20726
apo,2,64.3,4.48854,-0.04837
apo,2,64.4,4.49175,-0.08167
apo,2,64.5,4.89116,0.01033
apo,2,64.6,4.76396,-0.14832
apo,2,64.7,4.87073,-0.03991
apo,2,64.8,4.6444,-0.36139
apo,2,64.9,4.33806,0.00072
apo,2,65.0,4.45103,0.09673
apo,2,65.1,4.47195,0.123
apo,2,65.2,4.43092,-0.0275
apo,2,65.3,4.75336,0.0835
apo,2,65.4,4.69509,-0.10689
apo,2,65.5,4.66667,-0.16566
apo,2,65.6,4.64408,-0.23754
apo,2,65.7,4.4415,-0.0593
apo,2,65.8,4.63173,-0.46504
apo,2,65.9,4.78601,-0.2204
apo,2,66.0,4.3648,-0.19495
apo,2,66.1,4.54965,-0.2119
apo,2,66.2,4.73902,-0.30996
apo,2,66.3,4.58382,0.22307
apo,2,66.4,4.38683,-0.11672
apo,2,66.5,4.4834,-0.06394
apo,2,66.6,4.56075,0.03218
apo,2,66.7,4.80544,0.07279
apo,2,66.8,4.63894,0.15382
apo,2,66.9,4.62174,0.05307
apo,2,67.0,4.68973,0.11139
apo,2,67.1,4.6181,0.1454
apo,2,67.2,4.22262,0.12745
apo,2,67.3,4.69137,0.08069
apo,2,67.4,4.4359,-0.00954
apo,2,67.5,4.41256,0.03051
apo,2,67.6,4.53803,-0.06926
apo,2,67.7,4.52649,0.25728
apo,2,67.8,4.67094,0.20009
apo,2,67.9,4.60582,0.06156
apo,2,68.0,4.39063,0.11122
apo,2,68.1,4.55665,0.1916
apo,2,68.2,4.35945,0.10409
apo,2,68.3,4.252,-0.04018
apo,2,68.4,4.38014,0.08509
apo,2,68.5,4.21794,-0.01884
apo,2,68.6,4.44285,-0.06926
apo,2,68.7,4.60102,-0.16445
apo,2,68.8,4.43254,0.08294
apo,2,68.9,4.55655,0.11205
apo,2,69.0,4.66691,0.20131
apo,2,69.1,4.45893,-0.0193
apo,2,69.2,4.75267,0.09623
apo,2,69.3,4.88092,-0.01016
apo,2,69.4,4.86834,0.18412
apo,2,69.5,5.21737,0.00039
apo,2,69.6,4.69244,-0.12367
apo,2,69.7,4.90646,-0.13275
apo,2,69.8,4.72287,0.04189
apo,2,69.9,4.85551,-0.11966
apo,2,70.0,4.891,-0.07451
apo,2,70.1,4.92598,-0.20955
apo,2,70.2,4.78111,0.03793
apo,2,70.3,4.94756,-0.24064
apo,2,70.4,4.81728,0.2731
apo,2,70.5,5.32487,-0.20151
apo,2,70.6,4.95252,-0.31977
apo,2,70.7,4.73844,-0.07692
apo,2,70.8,5.0655,-0.16959
apo,2,70.9,4.44873,0.20739
apo,2,71.0,4.48164,-0.04957
apo,2,71.1,4.60443,0.21208
apo,2,71.2,4.83745,0.03517
apo,2,71.3,5.10806,-0.12812
apo,2,71.4,4.76452,0.00445
apo,2,71.5,4.92117,-0.19243
apo,2,71.6,4.95272,-0.15173
apo,2,71.7,4.92966,-0.35819
apo,2,71.8,5.02722,-0.22038
apo,2,71.9,5.05094,-0.09157
apo,2,72.0,4.9704,-0.00233
apo,2,72.1,4.87711,-0.33838
apo,2,72.2,4.94212,-0.24473
apo,2,72.3,4.87786,-0.07611
apo,2,72.4,4.71422,-0.01224
apo,2,72.5,4.63101,0.18475
apo,2,72.6,4.84182,-0.11555
apo,2,72.7,4.97075,-0.1214
apo,2,72.8,4.69947,-0.05362
apo,2,72.9,4.55471,-0.09638
apo,2,73.0,4.48292,-0.09244
apo,2,73.1,4.48143,-0.11682
apo,2,73.2,4.55021,0.00521
apo,2,73.3,4.52863,-0.12926
apo,2,73.4,4.75784,-0.29333
apo,2,73.5,5.28358,-0.01274
apo,2,73.6,5.08253,-0.00948
apo,2,73.7,4.74347,-0.27472
apo,2,73.8,4.88933,-0.26279
apo,2,73.9,5.12115,-0.3264
apo,2,74.0,5.2817,-0.13435
apo,2,74.1,4.76279,-0.45023
apo,2,74.2,4.68549,-0.38832
apo,2,74.3,4.61127,-0.25766
apo,2,74.4,4.57897,-0.34136
apo,2,74.5,4.65463,-0.40246
apo,2,74.6,4.41445,-0.29398
apo,2,74.7,4.44885,-0.20892
apo,2,74.8,4.67939,-0.35157
apo,2,74.9,4.27674,-0.20915
apo,2,75.0,4.48977,-0.38832
apo,2,75.1,4.48048,-0.3623
apo,2,75.2,4.83387,-0.45348
apo,2,75.3,4.2233,-0.04734
apo,2,75.4,4.54829,-0.40877
apo,2,75.5,4.43389,-0.2961
apo,2,75.6,4.58148,-0.43144
apo,2,75.7,4.65918,-0.47014
apo,2,75.8,4.27827,-0.31934
apo,2,75.9,4.66673,-0.65584
apo,2,76.0,4.46406,-0.40096
apo,2,76.1,4.57905,-0.53817
apo,2,76.2,4.85177,-0.67054
apo,2,76.3,4.49572,-0.51215
apo,2,76.4,4.69909,-0.2605
apo,2,76.5,4.92901,-0.22805
apo,2,76.6,4.7546,-0.33688
apo,2,76.7,4.54518,-0.22689
apo,2,76.8,4.79778,-0.18571
apo,2,76.9,4.81517,-0.19141
apo,2,77.0,4.6227,-0.43372
apo,2,77.1,4.78892,-0.51662
apo,2,77.2,5.05741,-0.34109
apo,2,77.3,4.72618,-0.63834
apo,2,77.4,4.80366,-0.66836
apo,2,77.5,4.87633,-0.56145
apo,2,77.6,4.88149,-0.48656
apo,2,77.7,4.61217,-0.62557
apo,2,77.8,4.6272,-0.6079
apo,2,77.9,4.93915,-0.62425
apo,2,78.0,4.74962,-0.83694
apo,2,78.1,4.89312,-0.68795
apo,2,78.2,4.80171,-0.57595
apo,2,78.3,5.02179,-0.50892
apo,2,78.4,4.75712,-0.3473
apo,2,78.5,4.65974,-0.50048
apo,2,78.6,4.76252,-0.36319
apo,2,78.7,4.60321,-0.23475
apo,2,78.8,4.13574,-0.21247
apo,2,78.9,3.93819,-0.57573
apo,2,79.0,3.81516,-0.72236
apo,2,79.1,4.20126,-0.4691
apo,2,79.2,3.88636,-0.65148
apo,2,79.3,3.88678,-0.85454
apo,2,79.4,4.38842,-0.64385
apo,2,79.5,4.37348,-0.85216
apo,2,79.6,4.65122,-0.81623
apo,2,79.7,4.54209,-0.94142
apo,2,79.8,4.65176,-1.08176
apo,2,79.9,4.73614,-0.67098
apo,2,80.0,4.65352,-0.49615
apo,2,80.1,4.79736,-0.08446
apo,2,80.2,4.74501,-0.23093
apo,2,80.3,4.94641,-0.1281
apo,2,80.4,4.88766,-0.24618
apo,2,80.5,4.80115,-0.29832
apo,2,80.6,5.03144,-0.11956
apo,2,80.7,4.83606,-0.3197
apo,2,80.8,4.68628,-0.27691
apo,2,80.9,5.12304,0.04656
apo,2,81.0,5.32809,0.43313
apo,2,81.1,5.14593,0.1841
apo,2,81.2,4.98634,0.14213
apo,2,81.3,5.11687,0.20321
apo,2,81.4,5.21179,0.41689
apo,2,81.5,5.0912,0.50959
apo,2,81.6,5.60042,0.47803
apo,2,81.7,5.45,0.2525
apo,2,81.8,5.47494,0.22541
apo,2,81.9,5.35251,0.19876
apo,2,82.0,5.2868,0.34332
apo,2,82.1,5.39672,0.28327
apo,2,82.2,5.36605,0.23849
apo,2,82.3,5.60145,0.46277
apo,2,82.4,5.53167,0.26236
apo,2,82.5,5.17982,0.20155
apo,2,82.6,5.5584,0.15828
apo,2,82.7,5.32283,0.22183
apo,2,82.8,5.30897,0.53699
apo,2,82.9,5.24197,0.34433
apo,2,83.0,5.41452,0.2271
apo,2,83.1,5.24888,0.28798
apo,2,83.2,5.39756,0.36841
apo,2,83.3,5.28766,0.49927
apo,2,83.4,5.22492,0.35914
apo,2,83.5,5.11719,0.25372
apo,2,83.6,5.34386,0.50822
apo,2,83.7,5.52017,0.2904
apo,2,83.8,5.62863,0.45002
apo,2,83.9,5.54488,0.3015
apo,2,84.0,5.60523,0.31427
apo,2,84.1,5.39323,0.20681
apo,2,84.2,5.47835,0.27253
apo,2,84.3,5.4955,0.23747
apo,2,84.4,5.64641,0.29367
apo,2,84.5,5.60059,0.32295
apo,2,84.6,5.27344,0.3285
apo,2,84.7,5.64369,0.21193
apo,2,84.8,5.54435,0.17838
apo,2,84.9,5.40689,0.44985
apo,2,85.0,5.42482,0.32907
apo,2,85.1,5.46576,0.33839
apo,2,85.2,5.23798,0.29056
apo,2,85.3,5.21872,0.53549
apo,2,85.4,5.54387,0.27333
apo,2,85.5,5.40062,0.20426
apo,2,85.6,5.49656,0.4284
apo,2,85.7,5.48316,0.3807
apo,2,85.8,5.40484,0.34261
apo,2,85.9,5.45834,0.24073
apo,2,86.0,5.44623,0.25041
apo,2,86.1,5.70126,0.24153
apo,2,86.2,5.52094,0.25891
apo,2,86.3,5.44091,0.32321
apo,2,86.4,5.33338,0.62095
apo,2,86.5,5.14491,0.28297
apo,2,86.6,5.56579,0.34009
apo,2,86.7,5.51548,0.13364
apo,2,86.8,5.42583,0.25044
apo,2,86.9,5.41354,0.22279
apo,2,87.0,5.24134,0.40124
apo,2,87.1,5.38321,0.17458
apo,2,87.2,5.46684,0.15208
apo,2,87.3,5.33332,0.25317
apo,2,87.4,5.39888,0.34661
apo,2,87.5,4.87963,0.18556
apo,2,87.6,5.27715,0.45326
apo,2,87.7,5.05028,0.13767
apo,2,87.8,5.30338,0.39043
apo,2,87.9,5.26112,0.20139
apo,2,88.0,5.32395,0.19142
apo,2,88.1,5.61349,0.42965
apo,2,88.2,5.54521,0.26718
apo,2,88.3,5.29499,0.21901
apo,2,88.4,5.39877,0.16985
apo,2,88.5,5.13073,0.69759
apo,2,88.6,5.33477,0.52743
apo,2,88.7,4.73445,0.4844
apo,2,88.8,5.48151,0.46347
apo,2,88.9,5.26888,0.43111
apo,2,89.0,5.51178,0.38172
apo,2,89.1,4.9086,0.58003
apo,2,89.2,4.95507,0.47874
apo,2,89.3,4.97658,0.70986
apo,2,89.4,4.77027,0.88478
apo,2,89.5,4.34234,1.06753
apo,2,89.6,4.87591,0.9924
apo,2,89.7,4.6354,0.85338
apo,2,89.8,4.99274,0.47309
apo,2,89.9,5.11714,0.45714
apo,2,90.0,5.14127,0.26833
apo,2,90.1,5.28808,0.33897
apo,2,90.2,5.42035,0.2519
apo,2,90.3,5.4389,0.26968
apo,2,90.4,5.51116,0.15708
apo,2,90.5,5.77511,0.26562
apo,2,90.6,5.53453,0.23894
apo,2,90.7,5.6454,0.1822
apo,2,90.8,5.98395,0.32186
apo,2,90.9,5.8783,0.43573
apo,2,91.0,5.71505,0.40329
apo,2,91.1,5.83311,0.40519
apo,2,91.2,5.73012,0.50745
apo,2,91.3,5.82834,0.32929
apo,2,91.4,5.70695,0.15767
apo,2,91.5,5.59214,0.21599
apo,2,91.6,5.82385,0.07353
apo,2,91.7,5.91997,0.23859
apo,2,91.8,6.02321,0.17671
apo,2,91.9,5.96743,0.11133
apo,2,92.0,5.86983,0.14694
apo,2,92.1,5.93629,0.22837
apo,2,92.2,6.17303,0.0651
apo,2,92.3,5.83964,0.07079
apo,2,92.4,5.916,0.04686
apo,2,92.5,5.86324,0.0343
apo,2,92.6,5.49349,0.20797
apo,2,92.7,5.42555,0.11817
apo,2,92.8,5.35822,-0.00078
apo,2,92.9,5.7222,0.29737
apo,2,93.0,5.52168,0.34733
apo,2,93.1,5.40184,0.23058
apo,2,93.2,5.13495,0.03024
apo,2,93.3,5.57215,-0.04691
apo,2,93.4,5.07477,0.1255
apo,2,93.5,5.26821,-0.04825
apo,2,93.6,5.25648,0.14613
apo,2,93.7,5.14296,0.09986
apo,2,93.8,5.00427,0.11152
apo,2,93.9,5.15439,0.13559
apo,2,94.0,5.22625,-0.0536
apo,2,94.1,5.00202,-0.00542
apo,2,94.2,4.99936,-0.03068
apo,2,94.3,4.94936,-0.00314
apo,2,94.4,4.99245,0.02822
apo,2,94.5,5.08186,0.03029
apo,2,94.6,5.41164,0.13436
apo,2,94.7,5.16255,-0.09402
apo,2,94.8,5.03271,0.09455
apo,2,94.9,5.19084,-0.06089
apo,2,95.0,5.09963,0.16941
apo,2,95.1,5.29529,0.29776
apo,2,95.2,5.20407,-0.14
apo,2,95.3,5.29926,0.0768
apo,2,95.4,4.93157,0.06109
apo,2,95.5,5.18247,-0.34695
apo,2,95.6,5.08226,-0.16945
apo,2,95.7,4.92156,-0.05172
apo,2,95.8,5.05615,-0.06826
apo,2,95.9,5.10958,-0.07472
apo,2,96.0,5.32351,-0.0871
apo,2,96.1,4.85419,-0.11211
apo,2,96.2,4.82182,-0.04962
apo,2,96.3,5.57561,-0.00778
apo,2,96.4,4.70955,0.01909
apo,2,96.5,5.32301,-0.03329
apo,2,96.6,5.10169,0.02078
apo,2,96.7,4.93784,-0.19023
apo,2,96.8,5.0226,-0.22154
apo,2,96.9,4.63899,-0.27645
apo,2,97.0,4.61403,-0.37441
apo,2,97.1,5.00538,-0.20925
apo,2,97.2,4.89318,0.0565
apo,2,97.3,5.02565,-0.17701
apo,2,97.4,5.09015,-0.30273
apo,2,97.5,5.25647,-0.50679
apo,2,97.6,4.97353,-0.39886
apo,2,97.7,5.1731,-0.3213
apo,2,97.8,5.01909,-0.13615
apo,2,97.9,5.12782,0.10039
apo,2,98.0,4.77816,-0.00163
apo,2,98.1,5.35315,0.03611
apo,2,98.2,4.95023,-0.10926
apo,2,98.3,4.73104,-0.45218
apo,2,98.4,4.8167,-0.33544
apo,2,98.5,5.07679,-0.07634
apo,2,98.6,5.02717,-0.21457
apo,2,98.7,4.94363,-0.01291
apo,2,98.8,5.16478,-0.14416
apo,2,98.9,5.07703,0.08461
apo,2,99.0,5.36988,0.05404
apo,2,99.1,5.05581,-0.15394
apo,2,99.2,5.00454,-0.02441
apo,2,99.3,5.03521,0.033
apo,2,99.4,5.2717,-0.00542
apo,2,99.5,5.09321,-0.09171
apo,2,99.6,4.88173,-0.27773
apo,2,99.7,5.12995,-0.341
apo,2,99.8,4.8748,0.009
apo,2,99.9,4.93596,-0.28819
apo,2,100.0,5.35792,-0.00769
apo,3,20.0,-0.27117,-0.89325
apo,3,20.1,-0.21347,-0.95092
apo,3,20.2,-0.14046,-1.27863
apo,3,20.3,0.03765,-0.82283
apo,3,20.4,0.06641,-0.92983
apo,3,20.5,0.35706,-1.14338
apo,3,20.6,0.35174,-1.31758
apo,3,20.7,0.35391,-1.02872
apo,3,20.8,0.15942,-0.87559
apo,3,20.9,0.31938,-1.49946
apo,3,21.0,0.16983,-1.12771
apo,3,21.1,0.09788,-1.14325
apo,3,21.2,0.14325,-0.92774
apo,3,21.3,0.33157,-1.14602
apo,3,21.4,0.14924,-1.33038
apo,3,21.5,0.53637,-1.6045
apo,3,21.6,0.47444,-1.24631
apo,3,21.7,0.68045,-1.0978
apo,3,21.8,0.21847,-1.66774
apo,3,21.9,0.43376,-0.94032
apo,3,22.0,0.24558,-1.39816
apo,3,22.1,0.20337,-1.63374
apo,3,22.2,0.39448,-1.47761
apo,3,22.3,0.31422,-1.42855
apo,3,22.4,-0.06514,-1.06594
apo,3,22.5,0.20039,-1.36575
apo,3,22.6,0.24683,-0.99383
apo,3,22.7,0.40458,-1.03089
apo,3,22.8,0.39576,-1.03304
apo,3,22.9,0.05501,-1.05614
apo,3,23.0,0.56616,-0.86088
apo,3,23.1,0.50661,-0.64804
apo,3,23.2,0.56864,-0.56364
apo,3,23.3,0.6709,-1.11901
apo,3,23.4,0.91931,-1.07371
apo,3,23.5,0.99221,-1.61366
apo,3,23.6,1.10749,-2.19263
apo,3,23.7,1.02487,-1.69136
apo,3,23.8,1.24988,-1.51569
apo,3,23.9,1.05912,-1.64338
apo,3,24.0,1.23151,-1.33557
apo,3,24.1,1.25591,-1.30608
apo,3,24.2,0.89205,-0.98845
apo,3,24.3,0.90009,-1.48654
apo,3,24.4,1.31424,-1.3237
apo,3,24.5,1.15348,-1.46316
apo,3,24.6,1.45794,-1.51092
apo,3,24.7,1.25436,-1.39169
apo,3,24.8,1.68296,-1.78239
apo,3,24.9,1.06111,-1.06701
apo,3,25.0,0.77057,-0.55232
apo,3,25.1,0.96006,-0.93717
apo,3,25.2,0.5415,-1.23549
apo,3,25.3,0.89995,-1.20293
apo,3,25.4,0.58151,-1.02743
apo,3,25.5,0.97482,-0.83556
apo,3,25.6,0.99864,-0.83561
apo,3,25.7,1.14304,-0.57727
apo,3,25.8,0.90297,-0.41898
apo,3,25.9,1.01035,-0.58723
apo,3,26.0,0.53172,-0.43947
apo,3,26.1,0.75761,-0.76642
apo,3,26.2,0.78746,-0.96368
apo,3,26.3,0.98692,-0.62734
apo,3,26.4,0.99866,-0.32879
apo,3,26.5,1.06073,-0.93129
apo,3,26.6,0.88572,-0.99911
apo,3,26.7,1.01643,-1.20736
apo,3,26.8,0.77282,-1.3332
apo,3,26.9,1.06462,-1.24684
apo,3,27.0,1.01177,-0.63864
apo,3,27.1,0.89156,-0.8222
apo,3,27.2,1.06526,-0.57541
apo,3,27.3,1.25651,-0.85786
apo,3,27.4,0.9233,-0.96952
apo,3,27.5,0.84515,-0.83874
apo,3,27.6,1.00416,-0.99011
apo,3,27.7,1.11952,-0.6216
apo,3,27.8,1.02863,-0.83031
apo,3,27.9,0.75928,-1.15971
apo,3,28.0,1.01289,-1.43386
apo,3,28.1,1.07467,-0.87779
apo,3,28.2,1.08427,-1.10625
apo,3,28.3,0.55447,-1.04411
apo,3,28.4,0.75288,-1.02638
apo,3,28.5,0.63982,-1.2453
apo,3,28.6,0.07534,-0.98018
apo,3,28.7,-0.00973,0.12615
apo,3,28.8,-0.25137,-0.05025
apo,3,28.9,-0.07617,0.14389
apo,3,29.0,0.22129,-0.28907
apo,3,29.1,-0.02485,-0.08347
apo,3,29.2,-0.09463,-0.04081
apo,3,29.3,0.31482,-0.35142
apo,3,29.4,0.19608,-0.28268
apo,3,29.5,-0.10424,-0.28802
apo,3,29.6,0.08676,-0.71588
apo,3,29.7,0.25415,-0.34683
apo,3,29.8,0.36075,-0.66605
apo,3,29.9,0.53628,-1.00063
apo,3,30.0,0.30258,-0.83044
apo,3,30.1,0.39664,-0.75701
apo,3,30.2,0.44347,-1.00057
apo,3,30.3,0.30539,-0.5035
apo,3,30.4,0.15881,-0.32811
apo,3,30.5,0.17057,-0.70447
apo,3,30.6,-0.12659,-0.77939
apo,3,30.7,-0.11365,-0.97015
apo,3,30.8,0.20776,-0.28888
apo,3,30.9,-0.06078,-0.44313
apo,3,31.0,0.48145,-0.58016
apo,3,31.1,0.52132,-0.60457
apo,3,31.2,1.41058,-0.66711
apo,3,31.3,0.96457,-0.38666
apo,3,31.4,0.562,-0.89986
apo,3,31.5,0.52289,-0.92241
apo,3,31.6,1.14904,-0.84766
apo,3,31.7,0.60793,-0.96773
apo,3,31.8,0.50037,-0.49356
apo,3,31.9,0.15087,-0.44824
apo,3,32.0,-0.01542,-0.64878
apo,3,32.1,0.4053,-0.96456
apo,3,32.2,0.73306,-0.79382
apo,3,32.3,1.15203,-0.94892
apo,3,32.4,0.78955,-0.71199
apo,3,32.5,0.77077,-1.04951
apo,3,32.6,0.97132,-0.5792
apo,3,32.7,0.89513,-0.63907
apo,3,32.8,0.40022,-0.72049
apo,3,32.9,0.94649,-0.84689
apo,3,33.0,1.26904,-0.45409
apo,3,33.1,0.85074,-0.54214
apo,3,33.2,0.36429,-0.28784
apo,3,33.3,0.72933,-0.9888
apo,3,33.4,0.59544,-0.49917
apo,3,33.5,0.485,-0.27653
apo,3,33.6,0.26985,-0.13409
apo,3,33.7,0.20029,0.10581
apo,3,33.8,0.15026,0.08661
apo,3,33.9,0.0736,-0.06633
apo,3,34.0,0.12991,-0.03701
apo,3,34.1,0.09798,-0.51184
apo,3,34.2,-0.08288,0.08348
apo,3,34.3,-0.21662,-0.14661
apo,3,34.4,0.07218,-0.45264
apo,3,34.5,-0.24961,-0.10023
apo,3,34.6,-0.23854,-0.07418
apo,3,34.7,0.132,-0.48929
apo,3,34.8,-0.34722,-0.20965
apo,3,34.9,-0.23074,-0.31121
apo,3,35.0,-0.33829,-0.25505
apo,3,35.1,-0.04544,-0.2042
apo,3,35.2,-0.158,-0.37677
apo,3,35.3,0.1872,-0.27149
apo,3,35.4,0.30822,-0.15225
apo,3,35.5,0.28058,0.15655
apo,3,35.6,-0.02228,-0.37157
apo,3,35.7,0.0156,-0.0828
apo,3,35.8,0.27238,-0.19465
apo,3,35.9,0.25558,0.1312
apo,3,36.0,0.34525,0.07499
apo,3,36.1,0.21116,0.11054
apo,3,36.2,0.14137,0.27142
apo,3,36.3,0.55202,-0.34292
apo,3,36.4,0.19329,-0.09567
apo,3,36.5,-0.10547,0.43228
apo,3,36.6,0.08307,0.18004
apo,3,36.7,0.27052,0.11645
apo,3,36.8,0.63608,0.11337
apo,3,36.9,0.01118,-0.0601
apo,3,37.0,-0.05497,0.34601
apo,3,37.1,0.02635,-0.0384
apo,3,37.2,-0.21576,0.00153
apo,3,37.3,-0.1204,0.01982
apo,3,37.4,0.14855,0.33485
apo,3,37.5,0.27038,0.28142
apo,3,37.6,0.33033,0.16053
apo,3,37.7,-0.08935,0.42671
apo,3,37.8,-0.00591,-0.08574
apo,3,37.9,0.05536,0.13881
apo,3,38.0,-0.10845,0.15588
apo,3,38.1,-0.08142,0.10653
apo,3,38.2,0.28999,0.05079
apo,3,38.3,-0.14586,-0.44443
apo,3,38.4,-0.07518,0.25595
apo,3,38.5,0.0716,0.14661
apo,3,38.6,-0.13357,0.1737
apo,3,38.7,0.14536,0.00387
apo,3,38.8,-0.02857,0.21362
apo,3,38.9,0.15639,0.48374
apo,3,39.0,-0.00462,0.36527
apo,3,39.1,-0.2,0.29094
apo,3,39.2,-0.04898,0.17344
apo,3,39.3,-0.10331,-0.01963
apo,3,39.4,0.05623,0.25052
apo,3,39.5,-0.37994,0.58381
apo,3,39.6,-0.08296,0.1267
apo,3,39.7,-0.08622,0.4482
apo,3,39.8,-0.18276,0.16986
apo,3,39.9,0.0878,0.31254
apo,3,40.0,-0.04481,0.01242
apo,3,40.1,-0.1176,0.46444
apo,3,40.2,-0.27144,0.36664
apo,3,40.3,-0.02788,0.74216
apo,3,40.4,0.43026,-0.03067
apo,3,40.5,-0.1688,-0.08869
apo,3,40.6,0.06377,0.06295
apo,3,40.7,-0.26232,-0.1013
apo,3,40.8,-0.14766,0.7252
apo,3,40.9,-0.12924,0.41425
apo,3,41.0,0.21923,0.42877
apo,3,41.1,-0.02602,0.04896
apo,3,41.2,0.23476,-0.12942
apo,3,41.3,0.49713,-0.04014
apo,3,41.4,0.19324,0.19732
apo,3,41.5,-0.10395,0.59217
apo,3,41.6,-0.0678,0.50198
apo,3,41.7,0.14969,0.05504
apo,3,41.8,-0.01772,0.36397
apo,3,41.9,0.23575,0.25844
apo,3,42.0,0.37528,0.45403
apo,3,42.1,-0.05059,0.08827
apo,3,42.2,-0.02755,0.40303
apo,3,42.3,-0.08224,0.05258
apo,3,42.4,0.11062,0.32421
apo,3,42.5,0.10254,0.30656
apo,3,42.6,-0.28177,0.71033
apo,3,42.7,-0.05528,-0.03644
apo,3,42.8,0.11012,0.00012
apo,3,42.9,0.2078,0.23901
apo,3,43.0,0.12345,0.38143
apo,3,43.1,0.59468,0.43476
apo,3,43.2,0.4751,0.14707
apo,3,43.3,-0.00039,-0.04068
apo,3,43.4,0.48767,0.54861
apo,3,43.5,0.41095,0.78478
apo,3,43.6,0.34524,0.43274
apo,3,43.7,0.10231,1.25568
apo,3,43.8,0.08564,0.40793
apo,3,43.9,-0.23361,0.76757
apo,3,44.0,-0.08973,0.79614
apo,3,44.1,0.10233,0.43124
apo,3,44.2,0.25368,0.07405
apo,3,44.3,0.05303,-0.23833
apo,3,44.4,-0.04421,-0.15456
apo,3,44.5,0.08806,0.11994
apo,3,44.6,0.24492,-0.36252
apo,3,44.7,0.23764,0.31575
apo,3,44.8,0.08276,0.14249
apo,3,44.9,0.29605,0.16871
apo,3,45.0,0.12489,0.82895
apo,3,45.1,-0.06288,0.39206
apo,3,45.2,-0.05088,0.76967
apo,3,45.3,0.42432,0.16647
apo,3,45.4,0.31392,0.26383
apo,3,45.5,0.41512,0.1141
apo,3,45.6,0.36092,0.72139
apo,3,45.7,-0.3383,0.92055
apo,3,45.8,-0.31268,1.65398
apo,3,45.9,0.99123,0.53797
apo,3,46.0,0.20864,0.58944
apo,3,46.1,-0.05745,1.06489
apo,3,46.2,-0.34215,1.39813
apo,3,46.3,0.27929,1.17265
apo,3,46.4,-0.10374,1.07711
apo,3,46.5,-0.7082,1.7144
apo,3,46.6,-1.05531,1.70445
apo,3,46.7,-0.32991,1.81213
apo,3,46.8,-0.31264,1.88793
apo,3,46.9,-0.77457,2.27177
apo,3,47.0,-1.11849,2.04568
apo,3,47.1,-0.60656,1.94752
apo,3,47.2,-0.49635,1.98115
apo,3,47.3,-0.03336,1.90362
apo,3,47.4,-0.65841,2.21727
apo,3,47.5,-0.7017,2.34743
apo,3,47.6,-1.08558,1.97635
apo,3,47.7,-1.28731,2.36293
apo,3,47.8,-0.60349,1.65778
apo,3,47.9,-0.49989,2.16996
apo,3,48.0,-0.96007,2.65123
apo,3,48.1,-1.18382,2.68518
apo,3,48.2,-0.5592,2.16664
apo,3,48.3,-1.25994,2.30173
apo,3,48.4,-0.87353,2.80301
apo,3,48.5,-0.88757,2.48402
apo,3,48.6,-0.96634,2.63543
apo,3,48.7,-0.72245,2.64017
apo,3,48.8,-0.80035,2.73066
apo,3,48.9,-0.56232,2.86251
apo,3,49.0,-0.49755,3.04557
apo,3,49.1,-0.26049,3.1908
apo,3,49.2,-0.26254,2.98345
apo,3,49.3,-0.37529,3.12955
apo,3,49.4,-0.39457,2.77101
apo,3,49.5,-0.41646,3.06695
apo,3,49.6,-0.73669,2.70275
apo,3,49.7,-0.43112,2.9698
apo,3,49.8,-0.46675,2.81575
apo,3,49.9,-0.59234,3.01263
apo,3,50.0,-0.47847,3.01679
apo,3,50.1,-0.67597,2.65478
apo,3,50.2,-0.46323,2.52663
apo,3,50.3,-0.51877,2.80278
apo,3,50.4,-0.25049,2.45246
apo,3,50.5,-0.80004,2.48637
apo,3,50.6,-0.72625,2.18878
apo,3,50.7,-0.68282,2.30118
apo,3,50.8,-0.86832,2.41329
apo,3,50.9,-0.71106,2.53043
apo,3,51.0,-0.68659,2.95441
apo,3,51.1,-0.71466,2.85966
apo,3,51.2,-0.39573,2.84139
apo,3,51.3,-0.73921,2.63854
apo,3,51.4,-0.2722,2.82639
apo,3,51.5,-0.66148,2.79883
apo,3,51.6,-0.80576,2.76445
apo,3,51.7,-0.72968,2.66154
apo,3,51.8,-0.81399,2.77414
apo,3,51.9,-0.68337,2.99637
apo,3,52.0,-0.41601,3.19837
apo,3,52.1,-0.27321,3.18385
apo,3,52.2,-0.21031,3.017
apo,3,52.3,-0.46633,3.25183
apo,3,52.4,-0.31725,3.00341
apo,3,52.5,0.11442,2.57872
apo,3,52.6,0.59047,2.0856
apo,3,52.7,0.48255,1.61149
apo,3,52.8,0.38825,1.84967
apo,3,52.9,0.6248,2.61896
apo,3,53.0,0.90866,1.94847
apo,3,53.1,0.41133,2.14735
apo,3,53.2,0.30209,2.4408
apo,3,53.3,0.69488,2.46654
apo,3,53.4,0.18147,2.81069
apo,3,53.5,0.11297,2.76287
apo,3,53.6,0.44416,2.73006
apo,3,53.7,0.19308,2.6224
apo,3,53.8,0.41876,2.20674
apo,3,53.9,0.09274,2.33546
apo,3,54.0,0.35008,3.24038
apo,3,54.1,-0.0137,2.95296
apo,3,54.2,-0.07492,3.1098
apo,3,54.3,-0.06699,2.71456
apo,3,54.4,-0.07173,2.80202
apo,3,54.5,0.05811,2.85308
apo,3,54.6,0.01362,2.49471
apo,3,54.7,-0.1945,2.63946
apo,3,54.8,-0.06222,2.80558
apo,3,54.9,-0.06788,2.64011
apo,3,55.0,0.19444,2.73311
apo,3,55.1,-0.24704,2.82773
apo,3,55.2,-0.15727,2.96392
apo,3,55.3,-0.11452,2.82704
apo,3,55.4,-0.12214,3.24384
apo,3,55.5,-0.09004,3.19155
apo,3,55.6,-0.11982,3.44999
apo,3,55.7,0.12516,3.32741
apo,3,55.8,0.23305,3.20008
apo,3,55.9,-0.13683,3.02043
apo,3,56.0,0.03115,3.15573
apo,3,56.1,0.23025,3.51002
apo,3,56.2,0.07865,3.41211
apo,3,56.3,0.21658,3.54002
apo,3,56.4,0.15919,3.29331
apo,3,56.5,0.18292,3.43464
apo,3,56.6,0.24445,3.51127
apo,3,56.7,0.2873,3.22493
apo,3,56.8,0.1708,3.45348
apo,3,56.9,0.0727,3.61066
apo,3,57.0,0.29804,3.53397
apo,3,57.1,0.09821,3.60955
apo,3,57.2,0.2915,3.31069
apo,3,57.3,0.3911,3.52891
apo,3,57.4,0.46742,3.58694
apo,3,57.5,0.12292,3.7129
apo,3,57.6,0.23497,3.46766
apo,3,57.7,0.30139,3.6225
apo,3,57.8,0.38374,3.56071
apo,3,57.9,0.47773,3.50255
apo,3,58.0,0.41252,3.40813
apo,3,58.1,0.16284,3.64703
apo,3,58.2,-0.0914,3.9499
apo,3,58.3,-0.00993,4.16581
apo,3,58.4,-0.19079,3.70304
apo,3,58.5,-0.14295,3.49498
apo,3,58.6,-0.05483,3.7796
apo,3,58.7,-0.03266,3.48036
apo,3,58.8,0.1463,4.02317
apo,3,58.9,0.04403,3.95352
apo,3,59.0,0.15588,4.07176
apo,3,59.1,-0.04606,3.86695
apo,3,59.2,0.0154,3.63344
apo,3,59.3,0.07134,2.95163
apo,3,59.4,0.21183,2.7517
apo,3,59.5,-0.34125,3.0398
apo,3,59.6,-0.52829,3.13515
apo,3,59.7,-0.41273,3.05673
apo,3,59.8,-0.4228,3.01979
apo,3,59.9,-0.54964,2.86936
apo,3,60.0,-0.85628,2.36125
apo,3,60.1,-0.84256,2.53131
apo,3,60.2,-0.57206,2.69395
apo,3,60.3,-0.53572,2.79725
apo,3,60.4,-0.43478,2.90186
apo,3,60.5,-0.3268,2.63858
apo,3,60.6,-0.58406,2.67062
apo,3,60.7,-0.81646,2.95318
apo,3,60.8,-0.75492,2.7812
apo,3,60.9,-0.75198,2.80122
apo,3,61.0,-0.96356,2.62768
apo,3,61.1,-0.17313,2.09811
apo,3,61.2,-0.58578,2.159
apo,3,61.3,-0.53622,2.21523
apo,3,61.4,-0.6616,2.45337
apo,3,61.5,-0.7547,2.44785
apo,3,61.6,-1.07939,2.40972
apo,3,61.7,-0.74651,2.60572
apo,3,61.8,-0.71532,2.55128
apo,3,61.9,-0.80204,2.59872
apo,3,62.0,-0.5867,2.44757
apo,3,62.1,-0.57127,2.69234
apo,3,62.2,-0.86302,2.49648
apo,3,62.3,-1.22346,2.26896
apo,3,62.4,-1.01376,2.57629
apo,3,62.5,-1.09908,2.8277
apo,3,62.6,-1.25101,2.54628
apo,3,62.7,-1.20299,2.46355
apo,3,62.8,-1.00245,2.64633
apo,3,62.9,-0.6481,2.9221
apo,3,63.0,-1.05551,3.1801
apo,3,63.1,-0.83946,2.797
apo,3,63.2,-0.99473,2.6824
apo,3,63.3,-0.98752,2.62549
apo,3,63.4,-1.06132,2.66449
apo,3,63.5,-0.89481,2.80893
apo,3,63.6,-0.82076,3.04367
apo,3,63.7,-1.07803,2.83001
apo,3,63.8,-1.13752,3.14296
apo,3,63.9,-1.2199,2.92793
apo,3,64.0,-1.04214,3.34462
apo,3,64.1,-0.99813,2.83294
apo,3,64.2,-0.88737,2.65469
apo,3,64.3,-0.81861,3.06144
apo,3,64.4,-0.94934,2.95791
apo,3,64.5,-0.80468,3.12213
apo,3,64.6,-0.57447,3.56935
apo,3,64.7,-0.90066,3.07191
apo,3,64.8,-0.85518,3.10243
apo,3,64.9,-0.80505,2.6116
apo,3,65.0,-1.12864,2.32649
apo,3,65.1,-1.14329,2.44866
apo,3,65.2,-1.0171,2.76672
apo,3,65.3,-1.21037,2.50407
apo,3,65.4,-0.86593,2.46024
apo,3,65.5,-1.14993,2.34988
apo,3,65.6,-0.84731,2.97962
apo,3,65.7,-0.92996,3.06571
apo,3,65.8,-1.12367,2.4409
apo,3,65.9,-1.05091,2.4187
apo,3,66.0,-1.05892,2.70855
apo,3,66.1,-1.18846,2.27507
apo,3,66.2,-1.18332,2.38977
apo,3,66.3,-1.21568,2.82371
apo,3,66.4,-1.12763,2.76806
apo,3,66.5,-0.75725,2.52923
apo,3,66.6,-0.81528,2.5413
apo,3,66.7,-0.96844,2.5787
apo,3,66.8,-0.99925,2.55154
apo,3,66.9,-1.1286,2.63887
apo,3,67.0,-1.22364,2.79427
apo,3,67.1,-1.19012,3.05569
apo,3,67.2,-1.15939,3.05669
apo,3,67.3,-1.20272,3.05413
apo,3,67.4,-1.38093,2.51404
apo,3,67.5,-1.10558,2.5948
apo,3,67.6,-1.14537,2.37405
apo,3,67.7,-0.90531,3.05022
apo,3,67.8,-0.78967,3.23534
apo,3,67.9,-0.95177,3.30897
apo,3,68.0,-0.75814,3.34237
apo,3,68.1,-0.91233,3.22855
apo,3,68.2,-0.86916,3.19215
apo,3,68.3,-1.01469,2.98876
apo,3,68.4,-1.12317,2.50984
apo,3,68.5,-0.77806,2.94746
apo,3,68.6,-0.94812,2.74203
apo,3,68.7,-1.13102,2.34204
apo,3,68.8,-1.20966,2.41873
apo,3,68.9,-1.04419,2.32573
apo,3,69.0,-0.98092,1.98359
apo,3,69.1,-1.10409,2.30939
apo,3,69.2,-1.16138,2.18777
apo,3,69.3,-1.19017,2.32399
apo,3,69.4,-1.20693,1.97206
apo,3,69.5,-1.03874,2.37645
apo,3,69.6,-0.93166,2.34488
apo,3,69.7,-1.18397,2.02038
apo,3,69.8,-1.24393,2.13156
apo,3,69.9,-0.96407,2.1994
apo,3,70.0,-1.13705,2.15066
apo,3,70.1,-1.29678,2.0972
apo,3,70.2,-1.25641,2.00831
apo,3,70.3,-1.10606,2.16729
apo,3,70.4,-1.37274,2.28927
apo,3,70.5,-1.32511,2.33214
apo,3,70.6,-0.95687,2.17415
apo,3,70.7,-0.93232,1.96674
apo,3,70.8,-1.04771,2.35314
apo,3,70.9,-1.00825,2.17717
apo,3,71.0,-1.0779,2.34609
apo,3,71.1,-1.08758,2.34062
apo,3,71.2,-1.06215,2.06287
apo,3,71.3,-1.23041,2.23533
apo,3,71.4,-1.24375,2.13441
apo,3,71.5,-1.07388,1.99619
apo,3,71.6,-0.86053,2.22758
apo,3,71.7,-0.78932,2.1163
apo,3,71.8,-0.96934,2.36568
apo,3,71.9,-0.80459,2.41347
apo,3,72.0,-1.1236,2.06713
apo,3,72.1,-0.92315,2.39855
apo,3,72.2,-0.62668,2.48186
apo,3,72.3,-0.70583,2.56919
apo,3,72.4,-0.83216,2.45543
apo,3,72.5,-0.74011,2.31598
apo,3,72.6,-0.9593,2.13836
apo,3,72.7,-0.86625,2.31655
apo,3,72.8,-0.60292,2.09805
apo,3,72.9,-0.92257,2.15793
apo,3,73.0,-0.72367,2.38332
apo,3,73.1,-0.63426,2.80864
apo,3,73.2,-0.65343,2.51884
apo,3,73.3,-0.7634,2.5075
apo,3,73.4,-0.66762,2.19264
apo,3,73.5,-0.93054,2.34643
apo,3,73.6,-0.65339,1.76897
apo,3,73.7,-0.49081,1.76962
apo,3,73.8,-0.66157,2.0218
apo,3,73.9,-0.85702,2.14656
apo,3,74.0,-0.85564,1.68085
apo,3,74.1,-1.13529,1.91252
apo,3,74.2,-1.08397,1.78399
apo,3,74.3,-1.4172,1.69419
apo,3,74.4,-1.17565,2.00458
apo,3,74.5,-1.16626,2.36613
apo,3,74.6,-1.34366,2.12235
apo,3,74.7,-1.3378,1.91144
apo,3,74.8,-1.71785,2.07147
apo,3,74.9,-1.46938,2.14311
apo,3,75.0,-1.47403,2.10943
apo,3,75.1,-1.60411,2.02017
apo,3,75.2,-1.28904,2.11032
apo,3,75.3,-1.3381,2.01985
apo,3,75.4,-1.48867,2.08874
apo,3,75.5,-1.77006,2.18856
apo,3,75.6,-1.37914,2.3935
apo,3,75.7,-1.34133,2.52992
apo,3,75.8,-1.4112,2.53137
apo,3,75.9,-1.72603,2.22291
apo,3,76.0,-1.68051,2.33827
apo,3,76.1,-1.61409,2.38902
apo,3,76.2,-1.59089,2.47182
apo,3,76.3,-1.56427,2.65844
apo,3,76.4,-1.65897,1.99557
apo,3,76.5,-1.23522,2.25027
apo,3,76.6,-1.46751,2.28838
apo,3,76.7,-1.46229,2.4063
apo,3,76.8,-1.30403,2.58484
apo,3,76.9,-1.54522,2.62162
apo,3,77.0,-1.32216,2.48232
apo,3,77.1,-1.45132,2.29001
apo,3,77.2,-1.30435,2.48691
apo,3,77.3,-1.27454,2.56211
apo,3,77.4,-1.38017,2.58742
apo,3,77.5,-1.51957,1.97013
apo,3,77.6,-1.42994,1.99347
apo,3,77.7,-1.28475,2.14637
apo,3,77.8,-1.5108,2.17107
apo,3,77.9,-1.46703,2.30405
apo,3,78.0,-1.42167,2.39926
apo,3,78.1,-1.73902,2.37966
apo,3,78.2,-1.65286,1.84874
apo,3,78.3,-1.6549,2.03264
apo,3,78.4,-1.35778,2.11335
apo,3,78.5,-1.38609,2.01982
apo,3,78.6,-1.44916,2.09204
apo,3,78.7,-1.5759,2.05355
apo,3,78.8,-1.10821,2.22968
apo,3,78.9,-1.43108,2.32587
apo,3,79.0,-1.52491,1.80318
apo,3,79.1,-1.27349,2.17216
apo,3,79.2,-1.52159,2.1431
apo,3,79.3,-1.96618,1.54569
apo,3,79.4,-1.40348,1.81376
apo,3,79.5,-1.47078,1.61444
apo,3,79.6,-1.30964,2.21294
apo,3,79.7,-1.23066,2.33555
apo,3,79.8,-1.14786,2.3935
apo,3,79.9,-1.09798,1.90885
apo,3,80.0,-1.26263,1.81201
apo,3,80.1,-1.44453,2.14108
apo,3,80.2,-1.08854,2.04537
apo,3,80.3,-1.09531,2.2988
apo,3,80.4,-1.06217,2.32023
apo,3,80.5,-1.2632,2.27152
apo,3,80.6,-1.5896,2.24389
apo,3,80.7,-1.15715,2.24589
apo,3,80.8,-1.11975,2.17622
apo,3,80.9,-0.96323,2.15222
apo,3,81.0,-0.99448,2.10174
apo,3,81.1,-0.98062,1.90584
apo,3,81.2,-1.40592,1.27976
apo,3,81.3,-0.97252,1.58322
apo,3,81.4,-1.19897,1.26406
apo,3,81.5,-1.39336,1.28393
apo,3,81.6,-1.66864,0.85917
apo,3,81.7,-1.33591,0.94267
apo,3,81.8,-1.80335,0.74711
apo,3,81.9,-1.32593,1.66383
apo,3,82.0,-1.56124,0.94927
apo,3,82.1,-1.60625,1.82684
apo,3,82.2,-1.55725,2.05444
apo,3,82.3,-1.2383,1.85054
apo,3,82.4,-1.27327,1.76424
apo,3,82.5,-1.82455,1.95207
apo,3,82.6,-1.58698,1.26382
apo,3,82.7,-1.1827,0.95753
apo,3,82.8,-1.60612,0.9489
apo,3,82.9,-1.13355,0.6558
apo,3,83.0,-0.93326,0.88537
apo,3,83.1,-1.36802,0.22031
apo,3,83.2,-1.33599,0.82205
apo,3,83.3,-1.3963,0.85349
apo,3,83.4,-1.49701,0.71125
apo,3,83.5,-1.39146,1.52441
apo,3,83.6,-1.33093,1.47091
apo,3,83.7,-1.34736,1.70288
apo,3,83.8,-1.5315,1.6423
apo,3,83.9,-1.47332,1.58585
apo,3,84.0,-1.74284,1.58808
apo,3,84.1,-1.6052,2.32165
apo,3,84.2,-1.70235,2.05266
apo,3,84.3,-1.40328,1.90342
apo,3,84.4,-1.11529,2.01917
apo,3,84.5,-0.89418,1.59408
apo,3,84.6,-0.95473,1.37276
apo,3,84.7,-1.45885,1.73751
apo,3,84.8,-1.31598,0.62593
apo,3,84.9,-1.42369,0.39392
apo,3,85.0,-1.60045,0.13547
apo,3,85.1,-1.12067,0.49236
apo,3,85.2,-1.28174,-0.08137
apo,3,85.3,-1.33763,-0.05181
apo,3,85.4,-1.23293,-0.36084
apo,3,85.5,-1.52194,-0.35021
apo,3,85.6,-1.24808,0.14431
apo,3,85.7,-1.49615,0.10099
apo,3,85.8,-1.30542,0.26202
apo,3,85.9,-1.57707,-0.31034
apo,3,86.0,-1.84477,0.14318
apo,3,86.1,-1.76149,0.26338
apo,3,86.2,-1.41182,0.02716
apo,3,86.3,-1.55377,0.43396
apo,3,86.4,-1.67568,0.53492
apo,3,86.5,-1.6511,0.10354
apo,3,86.6,-1.67022,0.56103
apo,3,86.7,-2.11952,0.45767
apo,3,86.8,-1.87153,0.34312
apo,3,86.9,-1.99229,0.28935
apo,3,87.0,-1.67734,0.39541
apo,3,87.1,-1.62101,0.21393
apo,3,87.2,-1.70162,0.35874
apo,3,87.3,-2.11639,0.66185
apo,3,87.4,-2.19772,0.30386
apo,3,87.5,-2.67373,-0.0242
apo,3,87.6,-2.04709,0.16701
apo,3,87.7,-1.80152,-0.22992
apo,3,87.8,-2.2708,0.00697
apo,3,87.9,-1.7091,-0.06377
apo,3,88.0,-1.87012,-0.33976
apo,3,88.1,-1.73661,0.07548
apo,3,88.2,-1.45932,0.32179
apo,3,88.3,-2.20846,0.07026
apo,3,88.4,-1.97628,0.18868
apo,3,88.5,-1.97102,0.37964
apo,3,88.6,-1.52555,0.93574
apo,3,88.7,-1.76656,0.2447
apo,3,88.8,-1.94487,0.60905
apo,3,88.9,-2.14428,0.74292
apo,3,89.0,-2.07623,0.6619
apo,3,89.1,-2.23793,0.41266
apo,3,89.2,-2.06308,0.26291
apo,3,89.3,-1.91834,0.43757
apo,3,89.4,-1.92071,0.37797
apo,3,89.5,-2.0333,0.07756
apo,3,89.6,-2.01761,0.19935
apo,3,89.7,-1.94441,0.75639
apo,3,89.8,-2.2389,0.48618
apo,3,89.9,-2.24853,0.11614
apo,3,90.0,-1.97664,0.50479
apo,3,90.1,-2.49253,0.3492
apo,3,90.2,-1.95534,0.01852
apo,3,90.3,-2.14738,0.27577
apo,3,90.4,-2.25554,0.25677
apo,3,90.5,-2.33541,0.15796
apo,3,90.6,-2.40619,-0.08467
apo,3,90.7,-2.25721,0.05608
apo,3,90.8,-2.18214,0.23283
apo,3,90.9,-2.46829,0.38821
apo,3,91.0,-2.35285,0.30274
apo,3,91.1,-2.2454,-0.10123
apo,3,91.2,-2.2387,0.33327
apo,3,91.3,-2.20482,-0.09851
apo,3,91.4,-2.11333,-0.11413
apo,3,91.5,-2.13506,0.2101
apo,3,91.6,-2.12449,0.20022
apo,3,91.7,-2.14551,0.41123
apo,3,91.8,-1.96469,0.64823
apo,3,91.9,-1.92579,0.41464
apo,3,92.0,-2.61918,0.65415
apo,3,92.1,-2.53321,0.26426
apo,3,92.2,-2.41462,0.1873
apo,3,92.3,-2.33461,0.36596
apo,3,92.4,-2.35784,0.73846
apo,3,92.5,-2.35225,-0.03536
apo,3,92.6,-2.1329,0.38048
apo,3,92.7,-2.06859,0.06816
apo,3,92.8,-2.60529,0.41329
apo,3,92.9,-2.92945,-0.50323
apo,3,93.0,-2.89789,-0.08863
apo,3,93.1,-2.66347,0.18125
apo,3,93.2,-2.7633,-0.066
apo,3,93.3,-2.7546,0.33488
apo,3,93.4,-2.29627,0.03159
apo,3,93.5,-2.41255,0.33145
apo,3,93.6,-2.62562,-0.06583
apo,3,93.7,-2.56348,0.1133
apo,3,93.8,-2.63478,0.0102
apo,3,93.9,-2.50881,0.26711
apo,3,94.0,-2.82739,-0.05101
apo,3,94.1,-2.5595,-0.29375
apo,3,94.2,-2.32089,-0.34893
apo,3,94.3,-2.42704,-0.05613
apo,3,94.4,-2.36838,-0.57189
apo,3,94.5,-2.31855,-0.31961
apo,3,94.6,-2.24717,-0.24724
apo,3,94.7,-2.3713,-0.15724
apo,3,94.8,-2.54613,-0.47494
apo,3,94.9,-2.40613,-0.50426
apo,3,95.0,-2.32069,-0.8766
apo,3,95.1,-2.20251,-0.32758
apo,3,95.2,-2.48825,-0.32231
apo,3,95.3,-2.21193,-0.08614
apo,3,95.4,-2.2727,0.23494
apo,3,95.5,-2.33712,0.00031
apo,3,95.6,-2.47384,-0.03096
apo,3,95.7,-2.32981,0.13164
apo,3,95.8,-2.49504,0.14298
apo,3,95.9,-2.32018,0.18599
apo,3,96.0,-2.49757,0.09012
apo,3,96.1,-2.46008,0.32446
apo,3,96.2,-2.43886,0.33269
apo,3,96.3,-2.38363,0.23078
apo,3,96.4,-2.28967,0.63203
apo,3,96.5,-1.95734,0.6201
apo,3,96.6,-2.00524,0.81042
apo,3,96.7,-2.02809,0.53735
apo,3,96.8,-2.12989,0.66348
apo,3,96.9,-2.16136,0.30636
apo,3,97.0,-2.16866,0.19885
apo,3,97.1,-2.24601,0.09457
apo,3,97.2,-2.43374,0.3069
apo,3,97.3,-2.45629,0.27987
apo,3,97.4,-2.34183,0.42364
apo,3,97.5,-2.39862,0.42457
apo,3,97.6,-2.35608,0.46417
apo,3,97.7,-2.6191,0.54418
apo,3,97.8,-2.34465,0.30752
apo,3,97.9,-2.5274,0.2613
apo,3,98.0,-2.21171,0.34549
apo,3,98.1,-2.25379,0.0196
apo,3,98.2,-2.3472,0.28515
apo,3,98.3,-2.43096,0.30961
apo,3,98.4,-2.39304,0.39993
apo,3,98.5,-2.07523,0.10722
apo,3,98.6,-2.49932,0.41295
apo,3,98.7,-2.47582,0.40624
apo,3,98.8,-2.4345,0.38629
apo,3,98.9,-2.70716,0.26836
apo,3,99.0,-2.48131,0.41626
apo,3,99.1,-2.4747,0.30545
apo,3,99.2,-2.46076,0.45651
apo,3,99.3,-2.47828,0.30515
apo,3,99.4,-2.48264,0.18194
apo,3,99.5,-2.50503,0.05588
apo,3,99.6,-2.40704,-0.1224
apo,3,99.7,-2.28987,0.04938
apo,3,99.8,-2.62108,0.10242
apo,3,99.9,-2.55604,0.1414
apo,3,100.0,-2.52803,-0.03488
