dataset,sample_id,group,expression,platform,probe,z,label,family
GSE131411,E07T1,Sepsis,14.7160547331137,RNA-seq,ENSG00000143546,0.7185606029883025,GSE131411 | cardiogenic shock,similar
GSE131411,E16T1,Sepsis,14.9073287324538,RNA-seq,ENSG00000143546,0.9240976417924055,GSE131411 | cardiogenic shock,similar
GSE131411,E17T1,Sepsis,14.2792218857591,RNA-seq,ENSG00000143546,0.2491537300866524,GSE131411 | cardiogenic shock,similar
GSE131411,E32T1,Sepsis,13.3038104521825,RNA-seq,ENSG00000143546,-0.7989927946091767,GSE131411 | cardiogenic shock,similar
GSE131411,E40T1,Sepsis,15.0878482422644,RNA-seq,ENSG00000143546,1.1180782435513816,GSE131411 | cardiogenic shock,similar
GSE131411,E41T1,Sepsis,14.2485666950852,RNA-seq,ENSG00000143546,0.21621262394140423,GSE131411 | cardiogenic shock,similar
GSE131411,G11T1,Sepsis,14.6906371304323,RNA-seq,ENSG00000143546,0.6912476445796438,GSE131411 | cardiogenic shock,similar
GSE131411,G12T1,Sepsis,15.4295652657485,RNA-seq,ENSG00000143546,1.4852766362142005,GSE131411 | cardiogenic shock,similar
GSE131411,G26T1,Sepsis,15.1714085822963,RNA-seq,ENSG00000143546,1.2078695633903238,GSE131411 | cardiogenic shock,similar
GSE131411,G28T1,Sepsis,13.4887651091654,RNA-seq,ENSG00000143546,-0.6002463228438226,GSE131411 | cardiogenic shock,similar
GSE131411,G29T1,Sepsis,14.6463811455031,RNA-seq,ENSG00000143546,0.6436915516287504,GSE131411 | cardiogenic shock,similar
GSE131411,G33T1,Sepsis,12.9328259726653,RNA-seq,ENSG00000143546,-1.1976410773099833,GSE131411 | cardiogenic shock,similar
GSE131411,G35T1,Sepsis,14.3169832774684,RNA-seq,ENSG00000143546,0.2897309369199304,GSE131411 | cardiogenic shock,similar
GSE131411,G42T1,Sepsis,14.1489120201583,RNA-seq,ENSG00000143546,0.1091268367558665,GSE131411 | cardiogenic shock,similar
GSE131411,G43T1,Sepsis,15.5669795101091,RNA-seq,ENSG00000143546,1.6329376720728237,GSE131411 | cardiogenic shock,similar
GSE131411,G44T1,Sepsis,14.652814155406,RNA-seq,ENSG00000143546,0.6506042622459877,GSE131411 | cardiogenic shock,similar
GSE131411,G45T1,Sepsis,14.569660743736,RNA-seq,ENSG00000143546,0.5612502148580777,GSE131411 | cardiogenic shock,similar
GSE131411,G47T1,Sepsis,15.0159516047002,RNA-seq,ENSG00000143546,1.0408203724559908,GSE131411 | cardiogenic shock,similar
GSE131411,G49T1,Sepsis,15.2228206678643,RNA-seq,ENSG00000143546,1.2631153775775448,GSE131411 | cardiogenic shock,similar
GSE131411,E25T1,Cardiogenic shock,13.0076040568066,RNA-seq,ENSG00000143546,-1.1172868941231822,GSE131411 | cardiogenic shock,similar
GSE131411,E31T1,Cardiogenic shock,13.74374139604,RNA-seq,ENSG00000143546,-0.32625680440286126,GSE131411 | cardiogenic shock,similar
GSE131411,G10T1,Cardiogenic shock,12.592441909819,RNA-seq,ENSG00000143546,-1.563407112290728,GSE131411 | cardiogenic shock,similar
GSE131411,G14T1,Cardiogenic shock,13.5603139380699,RNA-seq,ENSG00000143546,-0.5233621960222566,GSE131411 | cardiogenic shock,similar
GSE131411,G16T1,Cardiogenic shock,12.5170227205126,RNA-seq,ENSG00000143546,-1.6444502069743954,GSE131411 | cardiogenic shock,similar
GSE131411,G24T1,Cardiogenic shock,13.1802622060456,RNA-seq,ENSG00000143546,-0.9317538637980256,GSE131411 | cardiogenic shock,similar
GSE131411,G32T1,Cardiogenic shock,13.0202776620049,RNA-seq,ENSG00000143546,-1.1036682355892562,GSE131411 | cardiogenic shock,similar
GSE131411,G46T1,Cardiogenic shock,12.9996200504159,RNA-seq,ENSG00000143546,-1.1258662569064095,GSE131411 | cardiogenic shock,similar
GSE131411,G48T1,Cardiogenic shock,13.4891929809118,RNA-seq,ENSG00000143546,-0.5997865452888663,GSE131411 | cardiogenic shock,similar
GSE131411,G50T1,Cardiogenic shock,12.8663671892871,RNA-seq,ENSG00000143546,-1.2690556009002518,GSE131411 | cardiogenic shock,similar
GSE134347,GSM3942706,Sepsis,9.187983605,GPL17586,TC01003261.hg.1,-0.4948991151961098,GSE134347 | non-infectious ICU,similar
GSE134347,GSM3942707,Sepsis,9.901444093,GPL17586,TC01003261.hg.1,0.9807876770171094,GSE134347 | non-infectious ICU,similar
GSE134347,GSM3942708,Non-infectious ICU,9.588612822,GPL17586,TC01003261.hg.1,0.33374277043782014,GSE134347 | non-infectious ICU,similar
GSE134347,GSM3942709,Non-infectious ICU,9.947525697,GPL17586,TC01003261.hg.1,1.0761006137957456,GSE134347 | non-infectious ICU,similar
GSE134347,GSM3942710,Sepsis,9.897813916,GPL17586,TC01003261.hg.1,0.9732791963900843,GSE134347 | non-infectious ICU,similar
GSE134347,GSM3942711,Sepsis,9.351475332,GPL17586,TC01003261.hg.1,-0.15674082019879879,GSE134347 | non-infectious ICU,similar
GSE134347,GSM3942712,Non-infectious ICU,8.49518961,GPL17586,TC01003261.hg.1,-1.927840343675364,GSE134347 | non-infectious ICU,similar
GSE134347,GSM3942713,Sepsis,9.912256858,GPL17586,TC01003261.hg.1,1.0031522715057728,GSE134347 | non-infectious ICU,similar
GSE134347,GSM3942714,Sepsis,9.480487153,GPL17586,TC01003261.hg.1,0.1101009229547152,GSE134347 | non-infectious ICU,similar
GSE134347,GSM3942715,Sepsis,10.00468313,GPL17586,TC01003261.hg.1,1.1943222537794198,GSE134347 | non-infectious ICU,similar
GSE134347,GSM3942716,Sepsis,9.209703256,GPL17586,TC01003261.hg.1,-0.44997525094396607,GSE134347 | non-infectious ICU,similar
GSE134347,GSM3942717,Sepsis,9.539934978,GPL17586,TC01003261.hg.1,0.233059897773657,GSE134347 | non-infectious ICU,similar
GSE134347,GSM3942718,Sepsis,9.471118962,GPL17586,TC01003261.hg.1,0.09072421470225925,GSE134347 | non-infectious ICU,similar
GSE134347,GSM3942719,Sepsis,10.12994643,GPL17586,TC01003261.hg.1,1.4534107393621594,GSE134347 | non-infectious ICU,similar
GSE134347,GSM3942720,Sepsis,9.150298998,GPL17586,TC01003261.hg.1,-0.5728441139101025,GSE134347 | non-infectious ICU,similar
GSE134347,GSM3942721,Sepsis,10.15641139,GPL17586,TC01003261.hg.1,1.508149568751197,GSE134347 | non-infectious ICU,similar
GSE134347,GSM3942722,Sepsis,9.498221754,GPL17586,TC01003261.hg.1,0.146782304616414,GSE134347 | non-infectious ICU,similar
GSE134347,GSM3942723,Non-infectious ICU,9.337909674,GPL17586,TC01003261.hg.1,-0.1847993639794046,GSE134347 | non-infectious ICU,similar
GSE134347,GSM3942724,Sepsis,9.767554948,GPL17586,TC01003261.hg.1,0.7038579153549337,GSE134347 | non-infectious ICU,similar
GSE134347,GSM3942725,Sepsis,10.05414974,GPL17586,TC01003261.hg.1,1.2966365714751207,GSE134347 | non-infectious ICU,similar
GSE134347,GSM3942726,Non-infectious ICU,9.983097746,GPL17586,TC01003261.hg.1,1.1496761008257468,GSE134347 | non-infectious ICU,similar
GSE134347,GSM3942727,Sepsis,10.26736743,GPL17586,TC01003261.hg.1,1.7376456172335353,GSE134347 | non-infectious ICU,similar
GSE134347,GSM3942728,Sepsis,9.287997521,GPL17586,TC01003261.hg.1,-0.28803522103365947,GSE134347 | non-infectious ICU,similar
GSE134347,GSM3942729,Sepsis,9.933835729,GPL17586,TC01003261.hg.1,1.0477849532886694,GSE134347 | non-infectious ICU,similar
GSE134347,GSM3942730,Sepsis,9.828714004,GPL17586,TC01003261.hg.1,0.8303563167119932,GSE134347 | non-infectious ICU,similar
GSE134347,GSM3942731,Sepsis,10.04621437,GPL17586,TC01003261.hg.1,1.2802234401282795,GSE134347 | non-infectious ICU,similar
GSE134347,GSM3942732,Non-infectious ICU,9.872857169,GPL17586,TC01003261.hg.1,0.9216598810335369,GSE134347 | non-infectious ICU,similar
GSE134347,GSM3942746,Sepsis,9.508281265,GPL17586,TC01003261.hg.1,0.16758890535815785,GSE134347 | non-infectious ICU,similar
GSE134347,GSM3942747,Sepsis,10.0102276,GPL17586,TC01003261.hg.1,1.2057901644576392,GSE134347 | non-infectious ICU,similar
GSE134347,GSM3942748,Sepsis,8.455572408,GPL17586,TC01003261.hg.1,-2.009782627402566,GSE134347 | non-infectious ICU,similar
GSE134347,GSM3942749,Sepsis,8.672439297,GPL17586,TC01003261.hg.1,-1.5612257568423136,GSE134347 | non-infectious ICU,similar
GSE134347,GSM3942750,Sepsis,9.537754019,GPL17586,TC01003261.hg.1,0.2285489088053946,GSE134347 | non-infectious ICU,similar
GSE134347,GSM3942751,Sepsis,9.489984032,GPL17586,TC01003261.hg.1,0.12974380317480036,GSE134347 | non-infectious ICU,similar
GSE134347,GSM3942752,Sepsis,9.14242164,GPL17586,TC01003261.hg.1,-0.5891372560723565,GSE134347 | non-infectious ICU,similar
GSE134347,GSM3942753,Sepsis,8.623967809,GPL17586,TC01003261.hg.1,-1.661481812844846,GSE134347 | non-infectious ICU,similar
GSE134347,GSM3942754,Sepsis,9.61740632,GPL17586,TC01003261.hg.1,0.3932978339835657,GSE134347 | non-infectious ICU,similar
GSE134347,GSM3942755,Sepsis,9.842331844,GPL17586,TC01003261.hg.1,0.858522791190217,GSE134347 | non-infectious ICU,similar
GSE134347,GSM3942756,Non-infectious ICU,9.873067063,GPL17586,TC01003261.hg.1,0.922094015521397,GSE134347 | non-infectious ICU,similar
GSE134347,GSM3942757,Sepsis,8.905522398,GPL17586,TC01003261.hg.1,-1.0791280661937468,GSE134347 | non-infectious ICU,similar
GSE134347,GSM3942758,Non-infectious ICU,9.080331891,GPL17586,TC01003261.hg.1,-0.7175606573289288,GSE134347 | non-infectious ICU,similar
GSE134347,GSM3942759,Sepsis,9.32709626,GPL17586,TC01003261.hg.1,-0.2071653008279427,GSE134347 | non-infectious ICU,similar
GSE134347,GSM3942760,Sepsis,9.989282547,GPL17586,TC01003261.hg.1,1.1624684408385084,GSE134347 | non-infectious ICU,similar
GSE134347,GSM3942761,Sepsis,9.81731065,GPL17586,TC01003261.hg.1,0.8067701768096914,GSE134347 | non-infectious ICU,similar
GSE134347,GSM3942762,Sepsis,10.57666547,GPL17586,TC01003261.hg.1,2.377382561552497,GSE134347 | non-infectious ICU,similar
GSE134347,GSM3942763,Sepsis,9.87461975,GPL17586,TC01003261.hg.1,0.9253055174011501,GSE134347 | non-infectious ICU,similar
GSE134347,GSM3942764,Non-infectious ICU,8.603539785,GPL17586,TC01003261.hg.1,-1.7037341389579825,GSE134347 | non-infectious ICU,similar
GSE134347,GSM3942765,Sepsis,9.748428796,GPL17586,TC01003261.hg.1,0.6642983176379224,GSE134347 | non-infectious ICU,similar
GSE134347,GSM3942766,Sepsis,10.31246077,GPL17586,TC01003261.hg.1,1.830914477070913,GSE134347 | non-infectious ICU,similar
GSE134347,GSM3942767,Sepsis,9.952209227,GPL17586,TC01003261.hg.1,1.0857877982694233,GSE134347 | non-infectious ICU,similar
GSE134347,GSM3942768,Sepsis,10.09320504,GPL17586,TC01003261.hg.1,1.3774166445769775,GSE134347 | non-infectious ICU,similar
GSE134347,GSM3942769,Sepsis,9.435238041,GPL17586,TC01003261.hg.1,0.016509871928246423,GSE134347 | non-infectious ICU,similar
GSE134347,GSM3942770,Sepsis,9.296744199,GPL17586,TC01003261.hg.1,-0.26994401988455813,GSE134347 | non-infectious ICU,similar
GSE134347,GSM3942771,Non-infectious ICU,9.326371371,GPL17586,TC01003261.hg.1,-0.20866462579563316,GSE134347 | non-infectious ICU,similar
GSE134347,GSM3942772,Non-infectious ICU,8.933913157,GPL17586,TC01003261.hg.1,-1.0204060083056485,GSE134347 | non-infectious ICU,similar
GSE134347,GSM3942784,Sepsis,9.033383034,GPL17586,TC01003261.hg.1,-0.8146673778126671,GSE134347 | non-infectious ICU,similar
GSE134347,GSM3942785,Sepsis,10.20691685,GPL17586,TC01003261.hg.1,1.6126125929974018,GSE134347 | non-infectious ICU,similar
GSE134347,GSM3942786,Sepsis,9.912464021,GPL17586,TC01003261.hg.1,1.003580757326751,GSE134347 | non-infectious ICU,similar
GSE134347,GSM3942787,Sepsis,8.910849843,GPL17586,TC01003261.hg.1,-1.0681090394151527,GSE134347 | non-infectious ICU,similar
GSE134347,GSM3942788,Non-infectious ICU,9.358412057,GPL17586,TC01003261.hg.1,-0.14239323734608633,GSE134347 | non-infectious ICU,similar
GSE134347,GSM3942789,Non-infectious ICU,8.017686124,GPL17586,TC01003261.hg.1,-2.9154852089169676,GSE134347 | non-infectious ICU,similar
GSE134347,GSM3942790,Sepsis,10.10764448,GPL17586,TC01003261.hg.1,1.4072824763270786,GSE134347 | non-infectious ICU,similar
GSE134347,GSM3942791,Sepsis,10.08993455,GPL17586,TC01003261.hg.1,1.3706521229556123,GSE134347 | non-infectious ICU,similar
GSE134347,GSM3942792,Sepsis,9.334427658,GPL17586,TC01003261.hg.1,-0.19200139563764135,GSE134347 | non-infectious ICU,similar
GSE134347,GSM3942793,Sepsis,10.14463785,GPL17586,TC01003261.hg.1,1.4837977542249325,GSE134347 | non-infectious ICU,similar
GSE134347,GSM3942794,Sepsis,9.33637965,GPL17586,TC01003261.hg.1,-0.18796399081795573,GSE134347 | non-infectious ICU,similar
GSE134347,GSM3942795,Non-infectious ICU,9.484272074,GPL17586,TC01003261.hg.1,0.11792946850588738,GSE134347 | non-infectious ICU,similar
GSE134347,GSM3942796,Sepsis,9.351335283,GPL17586,TC01003261.hg.1,-0.15703049070338804,GSE134347 | non-infectious ICU,similar
GSE134347,GSM3942797,Sepsis,8.976753545,GPL17586,TC01003261.hg.1,-0.9317970442379849,GSE134347 | non-infectious ICU,similar
GSE134347,GSM3942798,Non-infectious ICU,9.747664516,GPL17586,TC01003261.hg.1,0.6627175182516596,GSE134347 | non-infectious ICU,similar
GSE134347,GSM3942799,Sepsis,9.45069831,GPL17586,TC01003261.hg.1,0.0484871364735026,GSE134347 | non-infectious ICU,similar
GSE134347,GSM3942800,Sepsis,9.585943588,GPL17586,TC01003261.hg.1,0.3282218573313784,GSE134347 | non-infectious ICU,similar
GSE134347,GSM3942801,Non-infectious ICU,9.859973794,GPL17586,TC01003261.hg.1,0.8950125380532356,GSE134347 | non-infectious ICU,similar
GSE134347,GSM3942802,Sepsis,9.064172503,GPL17586,TC01003261.hg.1,-0.7509839454337762,GSE134347 | non-infectious ICU,similar
GSE134347,GSM3942803,Non-infectious ICU,9.487839976,GPL17586,TC01003261.hg.1,0.12530914256754563,GSE134347 | non-infectious ICU,similar
GSE134347,GSM3942804,Sepsis,9.578666118,GPL17586,TC01003261.hg.1,0.31316949417973045,GSE134347 | non-infectious ICU,similar
GSE134347,GSM3942805,Non-infectious ICU,8.824890286,GPL17586,TC01003261.hg.1,-1.2459035845412418,GSE134347 | non-infectious ICU,similar
GSE134347,GSM3942806,Sepsis,8.53210115,GPL17586,TC01003261.hg.1,-1.851494318948834,GSE134347 | non-infectious ICU,similar
GSE134347,GSM3942807,Sepsis,9.977582989,GPL17586,TC01003261.hg.1,1.1382696470640554,GSE134347 | non-infectious ICU,similar
GSE134347,GSM3942808,Sepsis,10.04830716,GPL17586,TC01003261.hg.1,1.2845520646475352,GSE134347 | non-infectious ICU,similar
GSE134347,GSM3942809,Sepsis,9.490420227,GPL17586,TC01003261.hg.1,0.13064600758717398,GSE134347 | non-infectious ICU,similar
GSE134347,GSM3942810,Sepsis,10.06976779,GPL17586,TC01003261.hg.1,1.3289401825268463,GSE134347 | non-infectious ICU,similar
GSE134347,GSM3942811,Sepsis,9.432754944,GPL17586,TC01003261.hg.1,0.011373955492345192,GSE134347 | non-infectious ICU,similar
GSE134347,GSM3942812,Non-infectious ICU,9.080953179,GPL17586,TC01003261.hg.1,-0.7162756156045721,GSE134347 | non-infectious ICU,similar
GSE134347,GSM3942826,Sepsis,9.343914372,GPL17586,TC01003261.hg.1,-0.17237954020658625,GSE134347 | non-infectious ICU,similar
GSE134347,GSM3942827,Non-infectious ICU,9.678624806,GPL17586,TC01003261.hg.1,0.5199191574470862,GSE134347 | non-infectious ICU,similar
GSE134347,GSM3942828,Sepsis,9.621932512,GPL17586,TC01003261.hg.1,0.40265958823031434,GSE134347 | non-infectious ICU,similar
GSE134347,GSM3942829,Non-infectious ICU,9.069124686,GPL17586,TC01003261.hg.1,-0.7407410922293767,GSE134347 | non-infectious ICU,similar
GSE134347,GSM3942830,Non-infectious ICU,9.498246791,GPL17586,TC01003261.hg.1,0.14683408992315286,GSE134347 | non-infectious ICU,similar
GSE134347,GSM3942831,Sepsis,9.624860276,GPL17586,TC01003261.hg.1,0.4087152321491907,GSE134347 | non-infectious ICU,similar
GSE134347,GSM3942832,Sepsis,9.747335715,GPL17586,TC01003261.hg.1,0.6620374423383782,GSE134347 | non-infectious ICU,similar
GSE134347,GSM3942833,Non-infectious ICU,9.52222385,GPL17586,TC01003261.hg.1,0.1964270665175581,GSE134347 | non-infectious ICU,similar
GSE134347,GSM3942834,Sepsis,9.397552847,GPL17586,TC01003261.hg.1,-0.06143634090784901,GSE134347 | non-infectious ICU,similar
GSE134347,GSM3942835,Non-infectious ICU,9.28271989,GPL17586,TC01003261.hg.1,-0.2989512149700684,GSE134347 | non-infectious ICU,similar
GSE134347,GSM3942836,Non-infectious ICU,9.066701953,GPL17586,TC01003261.hg.1,-0.7457521547188783,GSE134347 | non-infectious ICU,similar
GSE134347,GSM3942837,Sepsis,9.55118167,GPL17586,TC01003261.hg.1,0.2563220056543817,GSE134347 | non-infectious ICU,similar
GSE134347,GSM3942838,Sepsis,9.537105353,GPL17586,TC01003261.hg.1,0.2272072397643505,GSE134347 | non-infectious ICU,similar
GSE134347,GSM3942839,Sepsis,9.816410487,GPL17586,TC01003261.hg.1,0.804908323669567,GSE134347 | non-infectious ICU,similar
GSE134347,GSM3942840,Non-infectious ICU,8.578688175,GPL17586,TC01003261.hg.1,-1.7551359940838898,GSE134347 | non-infectious ICU,similar
GSE134347,GSM3942841,Non-infectious ICU,9.573458144,GPL17586,TC01003261.hg.1,0.3023975753765846,GSE134347 | non-infectious ICU,similar
GSE134347,GSM3942842,Non-infectious ICU,9.113052361,GPL17586,TC01003261.hg.1,-0.6498832368885027,GSE134347 | non-infectious ICU,similar
GSE134347,GSM3942843,Sepsis,9.745827502,GPL17586,TC01003261.hg.1,0.6589179283058845,GSE134347 | non-infectious ICU,similar
GSE134347,GSM3942844,Non-infectious ICU,10.00915779,GPL17586,TC01003261.hg.1,1.2035774217567727,GSE134347 | non-infectious ICU,similar
GSE134347,GSM3942845,Non-infectious ICU,8.877643482,GPL17586,TC01003261.hg.1,-1.1367914530447123,GSE134347 | non-infectious ICU,similar
GSE134347,GSM3942846,Non-infectious ICU,8.796699978,GPL17586,TC01003261.hg.1,-1.3042110393810171,GSE134347 | non-infectious ICU,similar
GSE134347,GSM3942847,Sepsis,8.505349593,GPL17586,TC01003261.hg.1,-1.906825931560912,GSE134347 | non-infectious ICU,similar
GSE134347,GSM3942848,Sepsis,9.655041286,GPL17586,TC01003261.hg.1,0.47114015768011186,GSE134347 | non-infectious ICU,similar
GSE134347,GSM3942849,Sepsis,9.528402463,GPL17586,TC01003261.hg.1,0.20920660757365464,GSE134347 | non-infectious ICU,similar
GSE134347,GSM3942850,Non-infectious ICU,8.903184219,GPL17586,TC01003261.hg.1,-1.0839642413235056,GSE134347 | non-infectious ICU,similar
GSE134347,GSM3942851,Non-infectious ICU,9.439797521,GPL17586,TC01003261.hg.1,0.02594047744673908,GSE134347 | non-infectious ICU,similar
GSE134347,GSM3942852,Non-infectious ICU,8.39355623,GPL17586,TC01003261.hg.1,-2.1380538579996333,GSE134347 | non-infectious ICU,similar
GSE134347,GSM3942853,Non-infectious ICU,9.654704829,GPL17586,TC01003261.hg.1,0.4704442464707346,GSE134347 | non-infectious ICU,similar
GSE134347,GSM3942854,Non-infectious ICU,9.143931845,GPL17586,TC01003261.hg.1,-0.5860136218844564,GSE134347 | non-infectious ICU,similar
GSE134347,GSM3942855,Sepsis,9.136901004,GPL17586,TC01003261.hg.1,-0.6005558696702222,GSE134347 | non-infectious ICU,similar
GSE134347,GSM3942856,Sepsis,9.501163389,GPL17586,TC01003261.hg.1,0.1528666386335396,GSE134347 | non-infectious ICU,similar
GSE134347,GSM3942857,Non-infectious ICU,9.197075674,GPL17586,TC01003261.hg.1,-0.476093524188815,GSE134347 | non-infectious ICU,similar
GSE134347,GSM3942858,Non-infectious ICU,8.680108181,GPL17586,TC01003261.hg.1,-1.5453638121093431,GSE134347 | non-infectious ICU,similar
GSE134347,GSM3942859,Non-infectious ICU,8.600755982,GPL17586,TC01003261.hg.1,-1.7094920209827307,GSE134347 | non-infectious ICU,similar
GSE134347,GSM3942860,Sepsis,9.746388199,GPL17586,TC01003261.hg.1,0.6600776465681452,GSE134347 | non-infectious ICU,similar
GSE134347,GSM3942861,Sepsis,9.962626174,GPL17586,TC01003261.hg.1,1.1073337021584757,GSE134347 | non-infectious ICU,similar
GSE134347,GSM3942862,Sepsis,9.225480471,GPL17586,TC01003261.hg.1,-0.41734243078783684,GSE134347 | non-infectious ICU,similar
GSE134347,GSM3942863,Sepsis,9.501557363,GPL17586,TC01003261.hg.1,0.1536815151937043,GSE134347 | non-infectious ICU,similar
GSE134347,GSM3942864,Sepsis,10.01203815,GPL17586,TC01003261.hg.1,1.20953501755964,GSE134347 | non-infectious ICU,similar
GSE134347,GSM3942865,Non-infectious ICU,9.165468728,GPL17586,TC01003261.hg.1,-0.5414677860279606,GSE134347 | non-infectious ICU,similar
GSE134347,GSM3942866,Sepsis,9.000431022,GPL17586,TC01003261.hg.1,-0.8828237084057778,GSE134347 | non-infectious ICU,similar
GSE134347,GSM3942867,Sepsis,9.451309217,GPL17586,TC01003261.hg.1,0.04975070664498944,GSE134347 | non-infectious ICU,similar
GSE134347,GSM3942868,Sepsis,9.586451488,GPL17586,TC01003261.hg.1,0.32927237286008965,GSE134347 | non-infectious ICU,similar
GSE134347,GSM3942869,Non-infectious ICU,7.883994875,GPL17586,TC01003261.hg.1,-3.1920056521679046,GSE134347 | non-infectious ICU,similar
GSE134347,GSM3942870,Non-infectious ICU,8.817727658,GPL17586,TC01003261.hg.1,-1.2607184141147278,GSE134347 | non-infectious ICU,similar
GSE134347,GSM3942871,Sepsis,9.343413745,GPL17586,TC01003261.hg.1,-0.17341501261767617,GSE134347 | non-infectious ICU,similar
GSE134347,GSM3942872,Sepsis,9.478858496,GPL17586,TC01003261.hg.1,0.10673228844114585,GSE134347 | non-infectious ICU,similar
GSE134347,GSM3942873,Sepsis,8.568670535,GPL17586,TC01003261.hg.1,-1.7758559908963067,GSE134347 | non-infectious ICU,similar
GSE134347,GSM3942874,Sepsis,9.189936016,GPL17586,TC01003261.hg.1,-0.4908608437373072,GSE134347 | non-infectious ICU,similar
GSE134347,GSM3942875,Sepsis,8.792957248,GPL17586,TC01003261.hg.1,-1.3119523191305116,GSE134347 | non-infectious ICU,similar
GSE134347,GSM3942876,Sepsis,9.975859372,GPL17586,TC01003261.hg.1,1.1347046019290912,GSE134347 | non-infectious ICU,similar
GSE134347,GSM3942877,Sepsis,9.739005715,GPL17586,TC01003261.hg.1,0.6448080775930424,GSE134347 | non-infectious ICU,similar
GSE134347,GSM3942878,Sepsis,9.823736044,GPL17586,TC01003261.hg.1,0.8200601476210353,GSE134347 | non-infectious ICU,similar
GSE134347,GSM3942879,Sepsis,9.777464157,GPL17586,TC01003261.hg.1,0.7243536387881566,GSE134347 | non-infectious ICU,similar
GSE134347,GSM3942880,Non-infectious ICU,8.781668264,GPL17586,TC01003261.hg.1,-1.3353019017163752,GSE134347 | non-infectious ICU,similar
GSE134347,GSM3942881,Sepsis,9.919821994,GPL17586,TC01003261.hg.1,1.018799628947797,GSE134347 | non-infectious ICU,similar
GSE134347,GSM3942882,Sepsis,9.249792004,GPL17586,TC01003261.hg.1,-0.36705764452430295,GSE134347 | non-infectious ICU,similar
GSE134347,GSM3942883,Non-infectious ICU,8.886654816,GPL17586,TC01003261.hg.1,-1.118152850364276,GSE134347 | non-infectious ICU,similar
GSE134347,GSM3942884,Non-infectious ICU,8.582808588,GPL17586,TC01003261.hg.1,-1.7466135332821573,GSE134347 | non-infectious ICU,similar
GSE134347,GSM3942885,Sepsis,9.84414882,GPL17586,TC01003261.hg.1,0.8622809355164474,GSE134347 | non-infectious ICU,similar
GSE134347,GSM3942886,Sepsis,9.257806348,GPL17586,TC01003261.hg.1,-0.35048116721690803,GSE134347 | non-infectious ICU,similar
GSE134347,GSM3942905,Sepsis,9.757317375,GPL17586,TC01003261.hg.1,0.6826830198778621,GSE134347 | non-infectious ICU,similar
GSE134347,GSM3942906,Sepsis,9.357571448,GPL17586,TC01003261.hg.1,-0.14413191190421654,GSE134347 | non-infectious ICU,similar
GSE134347,GSM3942907,Non-infectious ICU,9.214242364,GPL17586,TC01003261.hg.1,-0.44058678187427996,GSE134347 | non-infectious ICU,similar
GSE134347,GSM3942908,Sepsis,9.561896002,GPL17586,TC01003261.hg.1,0.2784830061382461,GSE134347 | non-infectious ICU,similar
GSE134347,GSM3942909,Non-infectious ICU,9.355914293,GPL17586,TC01003261.hg.1,-0.14755949028771684,GSE134347 | non-infectious ICU,similar
GSE134347,GSM3942910,Sepsis,9.699206521,GPL17586,TC01003261.hg.1,0.5624893705106544,GSE134347 | non-infectious ICU,similar
GSE134347,GSM3942911,Sepsis,9.22115466,GPL17586,TC01003261.hg.1,-0.42628972677083404,GSE134347 | non-infectious ICU,similar
GSE134347,GSM3942912,Sepsis,9.056396932,GPL17586,TC01003261.hg.1,-0.7670665563416081,GSE134347 | non-infectious ICU,similar
GSE134347,GSM3942913,Sepsis,9.448134384,GPL17586,TC01003261.hg.1,0.043184037285740884,GSE134347 | non-infectious ICU,similar
GSE134347,GSM3942914,Sepsis,9.223411743,GPL17586,TC01003261.hg.1,-0.4216212866426837,GSE134347 | non-infectious ICU,similar
GSE134347,GSM3942915,Sepsis,9.645352725,GPL17586,TC01003261.hg.1,0.4511008117825845,GSE134347 | non-infectious ICU,similar
GSE134347,GSM3942916,Sepsis,8.937175747,GPL17586,TC01003261.hg.1,-1.0136578266580514,GSE134347 | non-infectious ICU,similar
GSE134347,GSM3942917,Sepsis,8.539553087,GPL17586,TC01003261.hg.1,-1.8360810967841,GSE134347 | non-infectious ICU,similar
GSE134347,GSM3942918,Sepsis,9.712063964,GPL17586,TC01003261.hg.1,0.5890830770099748,GSE134347 | non-infectious ICU,similar
GSE134347,GSM3942919,Sepsis,8.768766578,GPL17586,TC01003261.hg.1,-1.3619871182738528,GSE134347 | non-infectious ICU,similar
GSE134347,GSM3942920,Sepsis,9.76803514,GPL17586,TC01003261.hg.1,0.7048511210110902,GSE134347 | non-infectious ICU,similar
GSE134347,GSM3942921,Sepsis,9.113070211,GPL17586,TC01003261.hg.1,-0.6498463168211897,GSE134347 | non-infectious ICU,similar
GSE134347,GSM3942922,Sepsis,9.323787141,GPL17586,TC01003261.hg.1,-0.21400972078432898,GSE134347 | non-infectious ICU,similar
GSE134347,GSM3942923,Sepsis,9.301127175,GPL17586,TC01003261.hg.1,-0.26087848661036567,GSE134347 | non-infectious ICU,similar
GSE134347,GSM3942924,Sepsis,9.405266664,GPL17586,TC01003261.hg.1,-0.045481458954454795,GSE134347 | non-infectious ICU,similar
GSE134347,GSM3942925,Non-infectious ICU,7.848912879,GPL17586,TC01003261.hg.1,-3.264567537531452,GSE134347 | non-infectious ICU,similar
GSE134347,GSM3942926,Sepsis,9.78596647,GPL17586,TC01003261.hg.1,0.7419394073182867,GSE134347 | non-infectious ICU,similar
GSE134347,GSM3942927,Sepsis,9.505946204,GPL17586,TC01003261.hg.1,0.1627591793471606,GSE134347 | non-infectious ICU,similar
GSE134347,GSM3942928,Non-infectious ICU,8.611076301,GPL17586,TC01003261.hg.1,-1.6881459777247236,GSE134347 | non-infectious ICU,similar
GSE134347,GSM3942929,Sepsis,9.592983957,GPL17586,TC01003261.hg.1,0.34278381236652217,GSE134347 | non-infectious ICU,similar
GSE134347,GSM3942930,Non-infectious ICU,8.895817803,GPL17586,TC01003261.hg.1,-1.099200576032973,GSE134347 | non-infectious ICU,similar
GSE134347,GSM3942931,Non-infectious ICU,9.147769234,GPL17586,TC01003261.hg.1,-0.5780765540872475,GSE134347 | non-infectious ICU,similar
GSE134347,GSM3942932,Sepsis,9.28675237,GPL17586,TC01003261.hg.1,-0.29061063048648084,GSE134347 | non-infectious ICU,similar
GSE134347,GSM3942933,Non-infectious ICU,8.49788336,GPL17586,TC01003261.hg.1,-1.9222687228731161,GSE134347 | non-infectious ICU,similar
GSE134347,GSM3942934,Non-infectious ICU,9.138575562,GPL17586,TC01003261.hg.1,-0.5970922957723581,GSE134347 | non-infectious ICU,similar
GSE134347,GSM3942935,Sepsis,9.252691908,GPL17586,TC01003261.hg.1,-0.3610596248673468,GSE134347 | non-infectious ICU,similar
GSE134347,GSM3942936,Sepsis,9.366131364,GPL17586,TC01003261.hg.1,-0.12642700014510355,GSE134347 | non-infectious ICU,similar
GSE134347,GSM3942937,Sepsis,9.541161026,GPL17586,TC01003261.hg.1,0.23559579551522702,GSE134347 | non-infectious ICU,similar
GSE134347,GSM3942938,Sepsis,10.11261341,GPL17586,TC01003261.hg.1,1.4175599682075157,GSE134347 | non-infectious ICU,similar
GSE134347,GSM3942939,Sepsis,9.95411762,GPL17586,TC01003261.hg.1,1.0897350250490663,GSE134347 | non-infectious ICU,similar
GSE134347,GSM3942940,Sepsis,9.35345209,GPL17586,TC01003261.hg.1,-0.15265219059552737,GSE134347 | non-infectious ICU,similar
GSE134347,GSM3942941,Non-infectious ICU,9.382753776,GPL17586,TC01003261.hg.1,-0.09204601583595304,GSE134347 | non-infectious ICU,similar
GSE134347,GSM3942942,Sepsis,10.05023589,GPL17586,TC01003261.hg.1,1.2885413554837009,GSE134347 | non-infectious ICU,similar
GSE134347,GSM3942943,Sepsis,10.02071408,GPL17586,TC01003261.hg.1,1.2274798870044141,GSE134347 | non-infectious ICU,similar
GSE134347,GSM3942944,Sepsis,9.452401857,GPL17586,TC01003261.hg.1,0.05201066980169219,GSE134347 | non-infectious ICU,similar
GSE134347,GSM3942973,Sepsis,10.0899588,GPL17586,TC01003261.hg.1,1.3707022804700253,GSE134347 | non-infectious ICU,similar
GSE134347,GSM3942974,Sepsis,9.909505066,GPL17586,TC01003261.hg.1,0.9974605994684032,GSE134347 | non-infectious ICU,similar
GSE134347,GSM3942975,Sepsis,9.59789341,GPL17586,TC01003261.hg.1,0.35293828492799534,GSE134347 | non-infectious ICU,similar
GSE134347,GSM3942976,Sepsis,8.247354928,GPL17586,TC01003261.hg.1,-2.4404494832578263,GSE134347 | non-infectious ICU,similar
GSE134347,GSM3942977,Sepsis,9.364136826,GPL17586,TC01003261.hg.1,-0.13055240503110935,GSE134347 | non-infectious ICU,similar
GSE134347,GSM3942978,Sepsis,8.850790754,GPL17586,TC01003261.hg.1,-1.1923323228069262,GSE134347 | non-infectious ICU,similar
GSE134347,GSM3942979,Sepsis,9.525566365,GPL17586,TC01003261.hg.1,0.20334056112761204,GSE134347 | non-infectious ICU,similar
GSE134347,GSM3942980,Non-infectious ICU,9.279714196,GPL17586,TC01003261.hg.1,-0.3051680454909376,GSE134347 | non-infectious ICU,similar
GSE134347,GSM3942981,Non-infectious ICU,9.529192555,GPL17586,TC01003261.hg.1,0.21084079523876312,GSE134347 | non-infectious ICU,similar
GSE134347,GSM3942982,Non-infectious ICU,9.205613905,GPL17586,TC01003261.hg.1,-0.4584334646235201,GSE134347 | non-infectious ICU,similar
GSE134347,GSM3942983,Sepsis,9.484809487,GPL17586,TC01003261.hg.1,0.11904102728090347,GSE134347 | non-infectious ICU,similar
GSE134347,GSM3942984,Sepsis,9.16377489,GPL17586,TC01003261.hg.1,-0.5449712377352272,GSE134347 | non-infectious ICU,similar
GSE134347,GSM3942985,Sepsis,9.02497137,GPL17586,TC01003261.hg.1,-0.8320656523830399,GSE134347 | non-infectious ICU,similar
GSE134347,GSM3942986,Sepsis,10.07205307,GPL17586,TC01003261.hg.1,1.3336669439512434,GSE134347 | non-infectious ICU,similar
GSE134347,GSM3942987,Sepsis,9.052168631,GPL17586,TC01003261.hg.1,-0.775812167407881,GSE134347 | non-infectious ICU,similar
GSE134347,GSM3942988,Sepsis,9.77320166,GPL17586,TC01003261.hg.1,0.7155372983873273,GSE134347 | non-infectious ICU,similar
GSE134347,GSM3942989,Sepsis,9.760257458,GPL17586,TC01003261.hg.1,0.688764143814064,GSE134347 | non-infectious ICU,similar
GSE134347,GSM3942990,Sepsis,9.613053589,GPL17586,TC01003261.hg.1,0.3842948579886871,GSE134347 | non-infectious ICU,similar
GSE134347,GSM3942991,Sepsis,9.418367662,GPL17586,TC01003261.hg.1,-0.018383995200568624,GSE134347 | non-infectious ICU,similar
GSE134347,GSM3942992,Sepsis,10.40005961,GPL17586,TC01003261.hg.1,2.0120996350094686,GSE134347 | non-infectious ICU,similar
GSE134347,GSM3942993,Sepsis,9.542920815,GPL17586,TC01003261.hg.1,0.2392356570465412,GSE134347 | non-infectious ICU,similar
GSE134347,GSM3942994,Sepsis,9.527020016,GPL17586,TC01003261.hg.1,0.20634722178684667,GSE134347 | non-infectious ICU,similar
GSE134347,GSM3942995,Non-infectious ICU,9.930532004,GPL17586,TC01003261.hg.1,1.040951690018167,GSE134347 | non-infectious ICU,similar
GSE134347,GSM3942996,Sepsis,9.864790204,GPL17586,TC01003261.hg.1,0.9049745650223924,GSE134347 | non-infectious ICU,similar
GSE134347,GSM3942997,Sepsis,9.611093039,GPL17586,TC01003261.hg.1,0.3802397522202045,GSE134347 | non-infectious ICU,similar
GSE134347,GSM3942998,Sepsis,9.773163554,GPL17586,TC01003261.hg.1,0.7154584817999343,GSE134347 | non-infectious ICU,similar
GSE134347,GSM3942999,Sepsis,9.665535335,GPL17586,TC01003261.hg.1,0.49284553557643956,GSE134347 | non-infectious ICU,similar
GSE134347,GSM3943000,Non-infectious ICU,9.103986766,GPL17586,TC01003261.hg.1,-0.6686340703685102,GSE134347 | non-infectious ICU,similar
GSE134347,GSM3943001,Sepsis,9.260534425,GPL17586,TC01003261.hg.1,-0.34483854612611164,GSE134347 | non-infectious ICU,similar
GSE134347,GSM3943002,Sepsis,9.870028656,GPL17586,TC01003261.hg.1,0.9158095230306675,GSE134347 | non-infectious ICU,similar
GSE134347,GSM3943003,Sepsis,8.936025083,GPL17586,TC01003261.hg.1,-1.016037803819553,GSE134347 | non-infectious ICU,similar
GSE28750,GSM712478,Sepsis,11.67597861,GPL570,202917_s_at;214370_at,1.3780428842524637,GSE28750 | postoperative,similar
GSE28750,GSM712479,Sepsis,11.444438297,GPL570,202917_s_at;214370_at,0.6940030781229231,GSE28750 | postoperative,similar
GSE28750,GSM712480,Sepsis,10.7404712425,GPL570,202917_s_at;214370_at,-1.3857275797593767,GSE28750 | postoperative,similar
GSE28750,GSM712481,Sepsis,11.052769071,GPL570,202917_s_at;214370_at,-0.46310575510192825,GSE28750 | postoperative,similar
GSE28750,GSM712482,Sepsis,10.7702232065,GPL570,202917_s_at;214370_at,-1.297831319178034,GSE28750 | postoperative,similar
GSE28750,GSM712483,Sepsis,11.0480638405,GPL570,202917_s_at;214370_at,-0.47700642284014355,GSE28750 | postoperative,similar
GSE28750,GSM712484,Sepsis,11.561395461,GPL570,202917_s_at;214370_at,1.0395297587749492,GSE28750 | postoperative,similar
GSE28750,GSM712485,Sepsis,11.629731151,GPL570,202917_s_at;214370_at,1.2414139643099402,GSE28750 | postoperative,similar
GSE28750,GSM712486,Sepsis,10.495075548,GPL570,202917_s_at;214370_at,-2.110700354978884,GSE28750 | postoperative,similar
GSE28750,GSM712487,Sepsis,11.0491144215,GPL570,202917_s_at;214370_at,-0.47390269021469694,GSE28750 | postoperative,similar
GSE28750,GSM712508,Postoperative sterile inflammation,11.113764239,GPL570,202917_s_at;214370_at,-0.28290766193636085,GSE28750 | postoperative,similar
GSE28750,GSM712509,Postoperative sterile inflammation,11.381152507,GPL570,202917_s_at;214370_at,0.5070377978161847,GSE28750 | postoperative,similar
GSE28750,GSM712510,Postoperative sterile inflammation,11.0342666165,GPL570,202917_s_at;214370_at,-0.5177675771626971,GSE28750 | postoperative,similar
GSE28750,GSM712511,Postoperative sterile inflammation,11.3182048035,GPL570,202917_s_at;214370_at,0.3210713268352151,GSE28750 | postoperative,similar
GSE28750,GSM712512,Postoperative sterile inflammation,11.636147471,GPL570,202917_s_at;214370_at,1.2603697056752239,GSE28750 | postoperative,similar
GSE28750,GSM712513,Postoperative sterile inflammation,11.161613585,GPL570,202917_s_at;214370_at,-0.14154628543487438,GSE28750 | postoperative,similar
GSE28750,GSM712514,Postoperative sterile inflammation,11.483320948,GPL570,202917_s_at;214370_at,0.8088741375390103,GSE28750 | postoperative,similar
GSE28750,GSM712515,Postoperative sterile inflammation,10.7840949545,GPL570,202917_s_at;214370_at,-1.2568499985187775,GSE28750 | postoperative,similar
GSE28750,GSM712516,Postoperative sterile inflammation,11.4823634395,GPL570,202917_s_at;214370_at,0.8060453691046048,GSE28750 | postoperative,similar
GSE28750,GSM712517,Postoperative sterile inflammation,11.509378631,GPL570,202917_s_at;214370_at,0.8858563796227283,GSE28750 | postoperative,similar
GSE28750,GSM712518,Postoperative sterile inflammation,11.0284678915,GPL570,202917_s_at;214370_at,-0.5348987569274861,GSE28750 | postoperative,similar
GSE69528,GSM1702889,Uninfected chronic disease control,13.51803097,GPL10558,ILMN_1729801,-0.6528338483060288,GSE69528 | chronic disease,similar
GSE69528,GSM1702890,Uninfected chronic disease control,13.08524414,GPL10558,ILMN_1729801,-1.7851375861560694,GSE69528 | chronic disease,similar
GSE69528,GSM1702891,Uninfected chronic disease control,12.98231696,GPL10558,ILMN_1729801,-2.054426812541179,GSE69528 | chronic disease,similar
GSE69528,GSM1702892,Uninfected chronic disease control,13.66017609,GPL10558,ILMN_1729801,-0.2809384033980976,GSE69528 | chronic disease,similar
GSE69528,GSM1702893,Uninfected chronic disease control,13.34292089,GPL10558,ILMN_1729801,-1.1109757888064349,GSE69528 | chronic disease,similar
GSE69528,GSM1702894,Uninfected chronic disease control,13.80337524,GPL10558,ILMN_1729801,0.09371470885568306,GSE69528 | chronic disease,similar
GSE69528,GSM1702895,Uninfected chronic disease control,13.60465176,GPL10558,ILMN_1729801,-0.4262071640039139,GSE69528 | chronic disease,similar
GSE69528,GSM1702905,Uninfected chronic disease control,13.21899948,GPL10558,ILMN_1729801,-1.435192391568231,GSE69528 | chronic disease,similar
GSE69528,GSM1702907,Uninfected chronic disease control,13.34292089,GPL10558,ILMN_1729801,-1.1109757888064349,GSE69528 | chronic disease,similar
GSE69528,GSM1702915,Uninfected chronic disease control,13.43865684,GPL10558,ILMN_1729801,-0.8605010365326086,GSE69528 | chronic disease,similar
GSE69528,GSM1702916,Uninfected chronic disease control,13.50079421,GPL10558,ILMN_1729801,-0.697930525061242,GSE69528 | chronic disease,similar
GSE69528,GSM1702917,Uninfected chronic disease control,13.43865684,GPL10558,ILMN_1729801,-0.8605010365326086,GSE69528 | chronic disease,similar
GSE69528,GSM1702918,Uninfected chronic disease control,13.51803097,GPL10558,ILMN_1729801,-0.6528338483060288,GSE69528 | chronic disease,similar
GSE69528,GSM1702919,Uninfected chronic disease control,13.35866187,GPL10558,ILMN_1729801,-1.0697925335502083,GSE69528 | chronic disease,similar
GSE69528,GSM1702924,Uninfected chronic disease control,13.58698947,GPL10558,ILMN_1729801,-0.4724171583930454,GSE69528 | chronic disease,similar
GSE69528,GSM1702925,Uninfected chronic disease control,13.83255472,GPL10558,ILMN_1729801,0.17005722203363796,GSE69528 | chronic disease,similar
GSE69528,GSM1702926,Uninfected chronic disease control,13.0678578,GPL10558,ILMN_1729801,-1.830625610293799,GSE69528 | chronic disease,similar
GSE69528,GSM1702927,Uninfected chronic disease control,13.20612331,GPL10558,ILMN_1729801,-1.4688804208924893,GSE69528 | chronic disease,similar
GSE69528,GSM1702928,Uninfected chronic disease control,13.82528792,GPL10558,ILMN_1729801,0.15104503351069076,GSE69528 | chronic disease,similar
GSE69528,GSM1702935,Uninfected chronic disease control,13.34292089,GPL10558,ILMN_1729801,-1.1109757888064349,GSE69528 | chronic disease,similar
GSE69528,GSM1702936,Uninfected chronic disease control,13.00413412,GPL10558,ILMN_1729801,-1.9973463976466876,GSE69528 | chronic disease,similar
GSE69528,GSM1702937,Uninfected chronic disease control,13.40434412,GPL10558,ILMN_1729801,-0.9502736876823741,GSE69528 | chronic disease,similar
GSE69528,GSM1702938,Uninfected chronic disease control,13.05624809,GPL10558,ILMN_1729801,-1.8610001899184958,GSE69528 | chronic disease,similar
GSE69528,GSM1702939,Uninfected chronic disease control,13.2974365,GPL10558,ILMN_1729801,-1.22997697193123,GSE69528 | chronic disease,similar
GSE69528,GSM1702940,Uninfected chronic disease control,13.41335896,GPL10558,ILMN_1729801,-0.9266880877505995,GSE69528 | chronic disease,similar
GSE69528,GSM1702941,Uninfected chronic disease control,13.2974365,GPL10558,ILMN_1729801,-1.22997697193123,GSE69528 | chronic disease,similar
GSE69528,GSM1702942,Uninfected chronic disease control,12.99870124,GPL10558,ILMN_1729801,-2.011560486211466,GSE69528 | chronic disease,similar
GSE69528,GSM1702943,Sepsis,14.07506705,GPL10558,ILMN_1729801,0.804544222790392,GSE69528 | chronic disease,similar
GSE69528,GSM1702944,Sepsis,13.96946875,GPL10558,ILMN_1729801,0.5282665232111127,GSE69528 | chronic disease,similar
GSE69528,GSM1702945,Sepsis,13.88322544,GPL10558,ILMN_1729801,0.30262744293327626,GSE69528 | chronic disease,similar
GSE69528,GSM1702946,Sepsis,13.96145661,GPL10558,ILMN_1729801,0.5073042955246145,GSE69528 | chronic disease,similar
GSE69528,GSM1702947,Sepsis,14.03638978,GPL10558,ILMN_1729801,0.7033525636291502,GSE69528 | chronic disease,similar
GSE69528,GSM1702948,Sepsis,13.87081119,GPL10558,ILMN_1729801,0.2701479386988109,GSE69528 | chronic disease,similar
GSE69528,GSM1702949,Sepsis,13.92742614,GPL10558,ILMN_1729801,0.4182700973679955,GSE69528 | chronic disease,similar
GSE69528,GSM1702950,Sepsis,13.90179337,GPL10558,ILMN_1729801,0.35120687069252104,GSE69528 | chronic disease,similar
GSE69528,GSM1702951,Sepsis,13.93394055,GPL10558,ILMN_1729801,0.43531380175449225,GSE69528 | chronic disease,similar
GSE69528,GSM1702952,Sepsis,13.93394055,GPL10558,ILMN_1729801,0.43531380175449225,GSE69528 | chronic disease,similar
GSE69528,GSM1702953,Sepsis,13.85212941,GPL10558,ILMN_1729801,0.22127064424950485,GSE69528 | chronic disease,similar
GSE69528,GSM1702954,Sepsis,13.99865528,GPL10558,ILMN_1729801,0.6046274813619671,GSE69528 | chronic disease,similar
GSE69528,GSM1702955,Sepsis,13.99865528,GPL10558,ILMN_1729801,0.6046274813619671,GSE69528 | chronic disease,similar
GSE69528,GSM1702956,Sepsis,13.96946875,GPL10558,ILMN_1729801,0.5282665232111127,GSE69528 | chronic disease,similar
GSE69528,GSM1702957,Sepsis,13.98397845,GPL10558,ILMN_1729801,0.566228370490713,GSE69528 | chronic disease,similar
GSE69528,GSM1702958,Sepsis,13.90179337,GPL10558,ILMN_1729801,0.35120687069252104,GSE69528 | chronic disease,similar
GSE69528,GSM1702959,Sepsis,13.99865528,GPL10558,ILMN_1729801,0.6046274813619671,GSE69528 | chronic disease,similar
GSE69528,GSM1702960,Sepsis,13.86487614,GPL10558,ILMN_1729801,0.2546200186386589,GSE69528 | chronic disease,similar
GSE69528,GSM1702961,Sepsis,13.98397845,GPL10558,ILMN_1729801,0.566228370490713,GSE69528 | chronic disease,similar
GSE69528,GSM1702962,Sepsis,13.96946875,GPL10558,ILMN_1729801,0.5282665232111127,GSE69528 | chronic disease,similar
GSE69528,GSM1702963,Sepsis,13.81792615,GPL10558,ILMN_1729801,0.13178437419674752,GSE69528 | chronic disease,similar
GSE69528,GSM1702964,Sepsis,13.99865528,GPL10558,ILMN_1729801,0.6046274813619671,GSE69528 | chronic disease,similar
GSE69528,GSM1702965,Sepsis,13.9542927,GPL10558,ILMN_1729801,0.4885612989537107,GSE69528 | chronic disease,similar
GSE69528,GSM1702966,Sepsis,13.81792615,GPL10558,ILMN_1729801,0.13178437419674752,GSE69528 | chronic disease,similar
GSE69528,GSM1702967,Sepsis,13.99865528,GPL10558,ILMN_1729801,0.6046274813619671,GSE69528 | chronic disease,similar
GSE69528,GSM1702968,Sepsis,13.83255472,GPL10558,ILMN_1729801,0.17005722203363796,GSE69528 | chronic disease,similar
GSE69528,GSM1702969,Sepsis,13.84532907,GPL10558,ILMN_1729801,0.20347885885564018,GSE69528 | chronic disease,similar
GSE69528,GSM1702970,Sepsis,13.97617664,GPL10558,ILMN_1729801,0.5458164309106754,GSE69528 | chronic disease,similar
GSE69528,GSM1702971,Sepsis,13.96946875,GPL10558,ILMN_1729801,0.5282665232111127,GSE69528 | chronic disease,similar
GSE69528,GSM1702972,Sepsis,13.88899464,GPL10558,ILMN_1729801,0.3177214482762854,GSE69528 | chronic disease,similar
GSE69528,GSM1702973,Sepsis,13.90928873,GPL10558,ILMN_1729801,0.3708170426206543,GSE69528 | chronic disease,similar
GSE69528,GSM1702974,Sepsis,13.85935873,GPL10558,ILMN_1729801,0.24018477354062617,GSE69528 | chronic disease,similar
GSE69528,GSM1702975,Sepsis,13.93394055,GPL10558,ILMN_1729801,0.43531380175449225,GSE69528 | chronic disease,similar
GSE69528,GSM1702976,Sepsis,13.89584501,GPL10558,ILMN_1729801,0.3356441275700529,GSE69528 | chronic disease,similar
GSE69528,GSM1702977,Sepsis,13.91539933,GPL10558,ILMN_1729801,0.3868042555876152,GSE69528 | chronic disease,similar
GSE69528,GSM1702978,Sepsis,13.81085794,GPL10558,ILMN_1729801,0.1132917583218399,GSE69528 | chronic disease,similar
GSE69528,GSM1702979,Sepsis,13.81792615,GPL10558,ILMN_1729801,0.13178437419674752,GSE69528 | chronic disease,similar
GSE69528,GSM1702980,Sepsis,13.99126446,GPL10558,ILMN_1729801,0.5852908182944327,GSE69528 | chronic disease,similar
GSE69528,GSM1702981,Sepsis,14.06038472,GPL10558,ILMN_1729801,0.766130722223965,GSE69528 | chronic disease,similar
GSE69528,GSM1702982,Sepsis,14.03638978,GPL10558,ILMN_1729801,0.7033525636291502,GSE69528 | chronic disease,similar
GSE69528,GSM1702983,Sepsis,13.83862944,GPL10558,ILMN_1729801,0.18595056186191644,GSE69528 | chronic disease,similar
GSE69528,GSM1702984,Sepsis,13.82528792,GPL10558,ILMN_1729801,0.15104503351069076,GSE69528 | chronic disease,similar
GSE69528,GSM1702985,Sepsis,13.94060069,GPL10558,ILMN_1729801,0.4527387807368789,GSE69528 | chronic disease,similar
GSE69528,GSM1702986,Sepsis,13.97617664,GPL10558,ILMN_1729801,0.5458164309106754,GSE69528 | chronic disease,similar
GSE69528,GSM1702987,Sepsis,13.91539933,GPL10558,ILMN_1729801,0.3868042555876152,GSE69528 | chronic disease,similar
GSE69528,GSM1702988,Sepsis,13.93394055,GPL10558,ILMN_1729801,0.43531380175449225,GSE69528 | chronic disease,similar
GSE69528,GSM1702989,Sepsis,13.98397845,GPL10558,ILMN_1729801,0.566228370490713,GSE69528 | chronic disease,similar
GSE69528,GSM1702990,Sepsis,13.58698947,GPL10558,ILMN_1729801,-0.4724171583930454,GSE69528 | chronic disease,similar
GSE69528,GSM1702991,Sepsis,13.87081119,GPL10558,ILMN_1729801,0.2701479386988109,GSE69528 | chronic disease,similar
GSE69528,GSM1702992,Sepsis,13.96946875,GPL10558,ILMN_1729801,0.5282665232111127,GSE69528 | chronic disease,similar
GSE69528,GSM1702993,Sepsis,13.63269508,GPL10558,ILMN_1729801,-0.3528371955653527,GSE69528 | chronic disease,similar
GSE69528,GSM1702994,Sepsis,13.97617664,GPL10558,ILMN_1729801,0.5458164309106754,GSE69528 | chronic disease,similar
GSE69528,GSM1702995,Sepsis,14.00642392,GPL10558,ILMN_1729801,0.624952637998576,GSE69528 | chronic disease,similar
GSE69528,GSM1702996,Sepsis,14.04817028,GPL10558,ILMN_1729801,0.734173982533563,GSE69528 | chronic disease,similar
GSE69528,GSM1702997,Sepsis,13.86487614,GPL10558,ILMN_1729801,0.2546200186386589,GSE69528 | chronic disease,similar
GSE69528,GSM1702998,Sepsis,13.85935873,GPL10558,ILMN_1729801,0.24018477354062617,GSE69528 | chronic disease,similar
GSE69528,GSM1702999,Sepsis,13.9542927,GPL10558,ILMN_1729801,0.4885612989537107,GSE69528 | chronic disease,similar
GSE69528,GSM1703000,Sepsis,13.98397845,GPL10558,ILMN_1729801,0.566228370490713,GSE69528 | chronic disease,similar
GSE69528,GSM1703001,Sepsis,14.01592956,GPL10558,ILMN_1729801,0.6498223220013387,GSE69528 | chronic disease,similar
GSE69528,GSM1703002,Sepsis,14.01592956,GPL10558,ILMN_1729801,0.6498223220013387,GSE69528 | chronic disease,similar
GSE69528,GSM1703003,Sepsis,13.81085794,GPL10558,ILMN_1729801,0.1132917583218399,GSE69528 | chronic disease,similar
GSE69528,GSM1703004,Sepsis,13.88899464,GPL10558,ILMN_1729801,0.3177214482762854,GSE69528 | chronic disease,similar
GSE69528,GSM1703005,Sepsis,13.97617664,GPL10558,ILMN_1729801,0.5458164309106754,GSE69528 | chronic disease,similar
GSE69528,GSM1703006,Sepsis,13.89584501,GPL10558,ILMN_1729801,0.3356441275700529,GSE69528 | chronic disease,similar
GSE69528,GSM1703007,Sepsis,14.13443158,GPL10558,ILMN_1729801,0.9598601301961482,GSE69528 | chronic disease,similar
GSE69528,GSM1703008,Sepsis,13.90928873,GPL10558,ILMN_1729801,0.3708170426206543,GSE69528 | chronic disease,similar
GSE69528,GSM1703009,Sepsis,13.94060069,GPL10558,ILMN_1729801,0.4527387807368789,GSE69528 | chronic disease,similar
GSE69528,GSM1703010,Sepsis,11.111705,GPL10558,ILMN_1729801,-6.948524247010229,GSE69528 | chronic disease,similar
GSE69528,GSM1703011,Sepsis,13.92742614,GPL10558,ILMN_1729801,0.4182700973679955,GSE69528 | chronic disease,similar
GSE69528,GSM1703012,Sepsis,13.81085794,GPL10558,ILMN_1729801,0.1132917583218399,GSE69528 | chronic disease,similar
GSE69528,GSM1703013,Sepsis,13.86487614,GPL10558,ILMN_1729801,0.2546200186386589,GSE69528 | chronic disease,similar
GSE69528,GSM1703014,Sepsis,13.9542927,GPL10558,ILMN_1729801,0.4885612989537107,GSE69528 | chronic disease,similar
GSE69528,GSM1703015,Sepsis,13.88899464,GPL10558,ILMN_1729801,0.3177214482762854,GSE69528 | chronic disease,similar
GSE69528,GSM1703016,Sepsis,13.94773838,GPL10558,ILMN_1729801,0.471413177706434,GSE69528 | chronic disease,similar
GSE69528,GSM1703017,Sepsis,14.04817028,GPL10558,ILMN_1729801,0.734173982533563,GSE69528 | chronic disease,similar
GSE69528,GSM1703018,Sepsis,13.92138976,GPL10558,ILMN_1729801,0.40247706679661105,GSE69528 | chronic disease,similar
GSE69528,GSM1703019,Sepsis,13.41335896,GPL10558,ILMN_1729801,-0.9266880877505995,GSE69528 | chronic disease,similar
GSE69528,GSM1703020,Sepsis,13.99865528,GPL10558,ILMN_1729801,0.6046274813619671,GSE69528 | chronic disease,similar
GSE69528,GSM1703021,Sepsis,14.07506705,GPL10558,ILMN_1729801,0.804544222790392,GSE69528 | chronic disease,similar
GSE69528,GSM1703022,Sepsis,14.13443158,GPL10558,ILMN_1729801,0.9598601301961482,GSE69528 | chronic disease,similar
GSE69528,GSM1703023,Sepsis,13.91539933,GPL10558,ILMN_1729801,0.3868042555876152,GSE69528 | chronic disease,similar
GSE69528,GSM1703024,Sepsis,14.03638978,GPL10558,ILMN_1729801,0.7033525636291502,GSE69528 | chronic disease,similar
GSE69528,GSM1703025,Sepsis,14.13443158,GPL10558,ILMN_1729801,0.9598601301961482,GSE69528 | chronic disease,similar
GSE134347,GSM3942706,Sepsis,9.187983605,GPL17586,TC01003261.hg.1,0.34400821757679567,GSE134347 | healthy,healthy
GSE134347,GSM3942707,Sepsis,9.901444093,GPL17586,TC01003261.hg.1,1.0086547399625736,GSE134347 | healthy,healthy
GSE134347,GSM3942710,Sepsis,9.897813916,GPL17586,TC01003261.hg.1,1.005272934579828,GSE134347 | healthy,healthy
GSE134347,GSM3942711,Sepsis,9.351475332,GPL17586,TC01003261.hg.1,0.4963140699919823,GSE134347 | healthy,healthy
GSE134347,GSM3942713,Sepsis,9.912256858,GPL17586,TC01003261.hg.1,1.0187277107514254,GSE134347 | healthy,healthy
GSE134347,GSM3942714,Sepsis,9.480487153,GPL17586,TC01003261.hg.1,0.6164990832008803,GSE134347 | healthy,healthy
GSE134347,GSM3942715,Sepsis,10.00468313,GPL17586,TC01003261.hg.1,1.1048303068939078,GSE134347 | healthy,healthy
GSE134347,GSM3942716,Sepsis,9.209703256,GPL17586,TC01003261.hg.1,0.3642418405277314,GSE134347 | healthy,healthy
GSE134347,GSM3942717,Sepsis,9.539934978,GPL17586,TC01003261.hg.1,0.6718795714188177,GSE134347 | healthy,healthy
GSE134347,GSM3942718,Sepsis,9.471118962,GPL17586,TC01003261.hg.1,0.6077718506856639,GSE134347 | healthy,healthy
GSE134347,GSM3942719,Sepsis,10.12994643,GPL17586,TC01003261.hg.1,1.2215232676505048,GSE134347 | healthy,healthy
GSE134347,GSM3942720,Sepsis,9.150298998,GPL17586,TC01003261.hg.1,0.3089019385167783,GSE134347 | healthy,healthy
GSE134347,GSM3942721,Sepsis,10.15641139,GPL17586,TC01003261.hg.1,1.2461775322172608,GSE134347 | healthy,healthy
GSE134347,GSM3942722,Sepsis,9.498221754,GPL17586,TC01003261.hg.1,0.6330203076818478,GSE134347 | healthy,healthy
GSE134347,GSM3942724,Sepsis,9.767554948,GPL17586,TC01003261.hg.1,0.8839261024189417,GSE134347 | healthy,healthy
GSE134347,GSM3942725,Sepsis,10.05414974,GPL17586,TC01003261.hg.1,1.1509124808386453,GSE134347 | healthy,healthy
GSE134347,GSM3942727,Sepsis,10.26736743,GPL17586,TC01003261.hg.1,1.3495421156301783,GSE134347 | healthy,healthy
GSE134347,GSM3942728,Sepsis,9.287997521,GPL17586,TC01003261.hg.1,0.4371793217621521,GSE134347 | healthy,healthy
GSE134347,GSM3942729,Sepsis,9.933835729,GPL17586,TC01003261.hg.1,1.0388301856724498,GSE134347 | healthy,healthy
GSE134347,GSM3942730,Sepsis,9.828714004,GPL17586,TC01003261.hg.1,0.9409007416126913,GSE134347 | healthy,healthy
GSE134347,GSM3942731,Sepsis,10.04621437,GPL17586,TC01003261.hg.1,1.1435200377208359,GSE134347 | healthy,healthy
GSE134347,GSM3942733,Healthy,7.807491093,GPL17586,TC01003261.hg.1,-0.9420329335631747,GSE134347 | healthy,healthy
GSE134347,GSM3942734,Healthy,7.713276783,GPL17586,TC01003261.hg.1,-1.0298012326542878,GSE134347 | healthy,healthy
GSE134347,GSM3942735,Healthy,7.680125768,GPL17586,TC01003261.hg.1,-1.0606841017183826,GSE134347 | healthy,healthy
GSE134347,GSM3942736,Healthy,7.015533193,GPL17586,TC01003261.hg.1,-1.6798061851506454,GSE134347 | healthy,healthy
GSE134347,GSM3942737,Healthy,7.540922913,GPL17586,TC01003261.hg.1,-1.1903628926788727,GSE134347 | healthy,healthy
GSE134347,GSM3942738,Healthy,7.73017919,GPL17586,TC01003261.hg.1,-1.0140552646273955,GSE134347 | healthy,healthy
GSE134347,GSM3942739,Healthy,7.526241699,GPL17586,TC01003261.hg.1,-1.2040396386145238,GSE134347 | healthy,healthy
GSE134347,GSM3942740,Healthy,6.85407767,GPL17586,TC01003261.hg.1,-1.8302151477867468,GSE134347 | healthy,healthy
GSE134347,GSM3942741,Healthy,7.047261254,GPL17586,TC01003261.hg.1,-1.6502489135702543,GSE134347 | healthy,healthy
GSE134347,GSM3942742,Healthy,7.857556826,GPL17586,TC01003261.hg.1,-0.8953926277735367,GSE134347 | healthy,healthy
GSE134347,GSM3942743,Healthy,7.315417641,GPL17586,TC01003261.hg.1,-1.4004394103492654,GSE134347 | healthy,healthy
GSE134347,GSM3942744,Healthy,6.842861242,GPL17586,TC01003261.hg.1,-1.840664163519473,GSE134347 | healthy,healthy
GSE134347,GSM3942745,Healthy,7.528016414,GPL17586,TC01003261.hg.1,-1.2023863471249245,GSE134347 | healthy,healthy
GSE134347,GSM3942746,Sepsis,9.508281265,GPL17586,TC01003261.hg.1,0.6423915610525776,GSE134347 | healthy,healthy
GSE134347,GSM3942747,Sepsis,10.0102276,GPL17586,TC01003261.hg.1,1.1099954320353194,GSE134347 | healthy,healthy
GSE134347,GSM3942748,Sepsis,8.455572408,GPL17586,TC01003261.hg.1,-0.33829243288677124,GSE134347 | healthy,healthy
GSE134347,GSM3942749,Sepsis,8.672439297,GPL17586,TC01003261.hg.1,-0.1362632721710449,GSE134347 | healthy,healthy
GSE134347,GSM3942750,Sepsis,9.537754019,GPL17586,TC01003261.hg.1,0.6698478305737434,GSE134347 | healthy,healthy
GSE134347,GSM3942751,Sepsis,9.489984032,GPL17586,TC01003261.hg.1,0.6253461990636843,GSE134347 | healthy,healthy
GSE134347,GSM3942752,Sepsis,9.14242164,GPL17586,TC01003261.hg.1,0.30156353829931903,GSE134347 | healthy,healthy
GSE134347,GSM3942753,Sepsis,8.623967809,GPL17586,TC01003261.hg.1,-0.18141840896688144,GSE134347 | healthy,healthy
GSE134347,GSM3942754,Sepsis,9.61740632,GPL17586,TC01003261.hg.1,0.7440504328903499,GSE134347 | healthy,healthy
GSE134347,GSM3942755,Sepsis,9.842331844,GPL17586,TC01003261.hg.1,0.9535868681055238,GSE134347 | healthy,healthy
GSE134347,GSM3942757,Sepsis,8.905522398,GPL17586,TC01003261.hg.1,0.08087261007075192,GSE134347 | healthy,healthy
GSE134347,GSM3942759,Sepsis,9.32709626,GPL17586,TC01003261.hg.1,0.4736029798947369,GSE134347 | healthy,healthy
GSE134347,GSM3942760,Sepsis,9.989282547,GPL17586,TC01003261.hg.1,1.0904834101759728,GSE134347 | healthy,healthy
GSE134347,GSM3942761,Sepsis,9.81731065,GPL17586,TC01003261.hg.1,0.9302775890946302,GSE134347 | healthy,healthy
GSE134347,GSM3942762,Sepsis,10.57666547,GPL17586,TC01003261.hg.1,1.637678417674051,GSE134347 | healthy,healthy
GSE134347,GSM3942763,Sepsis,9.87461975,GPL17586,TC01003261.hg.1,0.9836656808764691,GSE134347 | healthy,healthy
GSE134347,GSM3942765,Sepsis,9.748428796,GPL17586,TC01003261.hg.1,0.8661085349050672,GSE134347 | healthy,healthy
GSE134347,GSM3942766,Sepsis,10.31246077,GPL17586,TC01003261.hg.1,1.391550232572681,GSE134347 | healthy,healthy
GSE134347,GSM3942767,Sepsis,9.952209227,GPL17586,TC01003261.hg.1,1.0559465947170423,GSE134347 | healthy,healthy
GSE134347,GSM3942768,Sepsis,10.09320504,GPL17586,TC01003261.hg.1,1.187295672006667,GSE134347 | healthy,healthy
GSE134347,GSM3942769,Sepsis,9.435238041,GPL17586,TC01003261.hg.1,0.5743458519600707,GSE134347 | healthy,healthy
GSE134347,GSM3942770,Sepsis,9.296744199,GPL17586,TC01003261.hg.1,0.445327564324856,GSE134347 | healthy,healthy
GSE134347,GSM3942773,Healthy,7.044274309,GPL17586,TC01003261.hg.1,-1.653031495983995,GSE134347 | healthy,healthy
GSE134347,GSM3942774,Healthy,6.826008321,GPL17586,TC01003261.hg.1,-1.856364031309057,GSE134347 | healthy,healthy
GSE134347,GSM3942775,Healthy,6.974598634,GPL17586,TC01003261.hg.1,-1.7179400590544582,GSE134347 | healthy,healthy
GSE134347,GSM3942776,Healthy,7.525616738,GPL17586,TC01003261.hg.1,-1.204621840659715,GSE134347 | healthy,healthy
GSE134347,GSM3942777,Healthy,7.724735265,GPL17586,TC01003261.hg.1,-1.0191267239166442,GSE134347 | healthy,healthy
GSE134347,GSM3942778,Healthy,7.029774843,GPL17586,TC01003261.hg.1,-1.6665389288628158,GSE134347 | healthy,healthy
GSE134347,GSM3942779,Healthy,7.317489115,GPL17586,TC01003261.hg.1,-1.3985096636940975,GSE134347 | healthy,healthy
GSE134347,GSM3942780,Healthy,7.013034157,GPL17586,TC01003261.hg.1,-1.6821342406136364,GSE134347 | healthy,healthy
GSE134347,GSM3942781,Healthy,7.590856698,GPL17586,TC01003261.hg.1,-1.1438455071921958,GSE134347 | healthy,healthy
GSE134347,GSM3942782,Healthy,6.959921584,GPL17586,TC01003261.hg.1,-1.7316129258851474,GSE134347 | healthy,healthy
GSE134347,GSM3942783,Healthy,7.346945268,GPL17586,TC01003261.hg.1,-1.3710688593558011,GSE134347 | healthy,healthy
GSE134347,GSM3942784,Sepsis,9.033383034,GPL17586,TC01003261.hg.1,0.19998520074225284,GSE134347 | healthy,healthy
GSE134347,GSM3942785,Sepsis,10.20691685,GPL17586,TC01003261.hg.1,1.2932274795024903,GSE134347 | healthy,healthy
GSE134347,GSM3942786,Sepsis,9.912464021,GPL17586,TC01003261.hg.1,1.0189206999496128,GSE134347 | healthy,healthy
GSE134347,GSM3942787,Sepsis,8.910849843,GPL17586,TC01003261.hg.1,0.08583555875817914,GSE134347 | healthy,healthy
GSE134347,GSM3942790,Sepsis,10.10764448,GPL17586,TC01003261.hg.1,1.2007471857801908,GSE134347 | healthy,healthy
GSE134347,GSM3942791,Sepsis,10.08993455,GPL17586,TC01003261.hg.1,1.1842489443440165,GSE134347 | healthy,healthy
GSE134347,GSM3942792,Sepsis,9.334427658,GPL17586,TC01003261.hg.1,0.48043277392942196,GSE134347 | healthy,healthy
GSE134347,GSM3942793,Sepsis,10.14463785,GPL17586,TC01003261.hg.1,1.2352095213059546,GSE134347 | healthy,healthy
GSE134347,GSM3942794,Sepsis,9.33637965,GPL17586,TC01003261.hg.1,0.4822512133753989,GSE134347 | healthy,healthy
GSE134347,GSM3942796,Sepsis,9.351335283,GPL17586,TC01003261.hg.1,0.49618360294807506,GSE134347 | healthy,healthy
GSE134347,GSM3942797,Sepsis,8.976753545,GPL17586,TC01003261.hg.1,0.147230221929279,GSE134347 | healthy,healthy
GSE134347,GSM3942799,Sepsis,9.45069831,GPL17586,TC01003261.hg.1,0.5887483510456244,GSE134347 | healthy,healthy
GSE134347,GSM3942800,Sepsis,9.585943588,GPL17586,TC01003261.hg.1,0.7147403368720311,GSE134347 | healthy,healthy
GSE134347,GSM3942802,Sepsis,9.064172503,GPL17586,TC01003261.hg.1,0.2286680974704523,GSE134347 | healthy,healthy
GSE134347,GSM3942804,Sepsis,9.578666118,GPL17586,TC01003261.hg.1,0.707960781159246,GSE134347 | healthy,healthy
GSE134347,GSM3942806,Sepsis,8.53210115,GPL17586,TC01003261.hg.1,-0.2669996800456933,GSE134347 | healthy,healthy
GSE134347,GSM3942807,Sepsis,9.977582989,GPL17586,TC01003261.hg.1,1.0795843195200223,GSE134347 | healthy,healthy
GSE134347,GSM3942808,Sepsis,10.04830716,GPL17586,TC01003261.hg.1,1.1454696419651906,GSE134347 | healthy,healthy
GSE134347,GSM3942809,Sepsis,9.490420227,GPL17586,TC01003261.hg.1,0.6257525502137585,GSE134347 | healthy,healthy
GSE134347,GSM3942810,Sepsis,10.06976779,GPL17586,TC01003261.hg.1,1.1654619657695438,GSE134347 | healthy,healthy
GSE134347,GSM3942811,Sepsis,9.432754944,GPL17586,TC01003261.hg.1,0.5720326449730608,GSE134347 | healthy,healthy
GSE134347,GSM3942813,Healthy,7.450979952,GPL17586,TC01003261.hg.1,-1.2741520824759254,GSE134347 | healthy,healthy
GSE134347,GSM3942814,Healthy,7.28390978,GPL17586,TC01003261.hg.1,-1.429791547704718,GSE134347 | healthy,healthy
GSE134347,GSM3942815,Healthy,6.914271547,GPL17586,TC01003261.hg.1,-1.7741396513999483,GSE134347 | healthy,healthy
GSE134347,GSM3942816,Healthy,7.670500589,GPL17586,TC01003261.hg.1,-1.0696507394751888,GSE134347 | healthy,healthy
GSE134347,GSM3942817,Healthy,7.205395705,GPL17586,TC01003261.hg.1,-1.5029337998473289,GSE134347 | healthy,healthy
GSE134347,GSM3942818,Healthy,7.502651722,GPL17586,TC01003261.hg.1,-1.2260156224845795,GSE134347 | healthy,healthy
GSE134347,GSM3942819,Healthy,7.585393405,GPL17586,TC01003261.hg.1,-1.1489350093500568,GSE134347 | healthy,healthy
GSE134347,GSM3942820,Healthy,7.881093287,GPL17586,TC01003261.hg.1,-0.8734664984138426,GSE134347 | healthy,healthy
GSE134347,GSM3942821,Healthy,7.477329216,GPL17586,TC01003261.hg.1,-1.2496055981511691,GSE134347 | healthy,healthy
GSE134347,GSM3942822,Healthy,6.492068317,GPL17586,TC01003261.hg.1,-2.1674563287483686,GSE134347 | healthy,healthy
GSE134347,GSM3942823,Healthy,7.146137145,GPL17586,TC01003261.hg.1,-1.558137972311031,GSE134347 | healthy,healthy
GSE134347,GSM3942824,Healthy,7.700757221,GPL17586,TC01003261.hg.1,-1.0414642237870126,GSE134347 | healthy,healthy
GSE134347,GSM3942825,Healthy,6.611047423,GPL17586,TC01003261.hg.1,-2.0566176062549255,GSE134347 | healthy,healthy
GSE134347,GSM3942826,Sepsis,9.343914372,GPL17586,TC01003261.hg.1,0.4892704202672655,GSE134347 | healthy,healthy
GSE134347,GSM3942828,Sepsis,9.621932512,GPL17586,TC01003261.hg.1,0.7482669491838919,GSE134347 | healthy,healthy
GSE134347,GSM3942831,Sepsis,9.624860276,GPL17586,TC01003261.hg.1,0.7509943996786215,GSE134347 | healthy,healthy
GSE134347,GSM3942832,Sepsis,9.747335715,GPL17586,TC01003261.hg.1,0.8650902409735098,GSE134347 | healthy,healthy
GSE134347,GSM3942834,Sepsis,9.397552847,GPL17586,TC01003261.hg.1,0.5392390260617692,GSE134347 | healthy,healthy
GSE134347,GSM3942837,Sepsis,9.55118167,GPL17586,TC01003261.hg.1,0.682356780531124,GSE134347 | healthy,healthy
GSE134347,GSM3942838,Sepsis,9.537105353,GPL17586,TC01003261.hg.1,0.6692435453913944,GSE134347 | healthy,healthy
GSE134347,GSM3942839,Sepsis,9.816410487,GPL17586,TC01003261.hg.1,0.9294390139841755,GSE134347 | healthy,healthy
GSE134347,GSM3942843,Sepsis,9.745827502,GPL17586,TC01003261.hg.1,0.863685217790968,GSE134347 | healthy,healthy
GSE134347,GSM3942847,Sepsis,8.505349593,GPL17586,TC01003261.hg.1,-0.29192093304780126,GSE134347 | healthy,healthy
GSE134347,GSM3942848,Sepsis,9.655041286,GPL17586,TC01003261.hg.1,0.7791104673179413,GSE134347 | healthy,healthy
GSE134347,GSM3942849,Sepsis,9.528402463,GPL17586,TC01003261.hg.1,0.6611360949151671,GSE134347 | healthy,healthy
GSE134347,GSM3942855,Sepsis,9.136901004,GPL17586,TC01003261.hg.1,0.2964206164690667,GSE134347 | healthy,healthy
GSE134347,GSM3942856,Sepsis,9.501163389,GPL17586,TC01003261.hg.1,0.63576068014222,GSE134347 | healthy,healthy
GSE134347,GSM3942860,Sepsis,9.746388199,GPL17586,TC01003261.hg.1,0.8642075526888786,GSE134347 | healthy,healthy
GSE134347,GSM3942861,Sepsis,9.962626174,GPL17586,TC01003261.hg.1,1.0656508288181277,GSE134347 | healthy,healthy
GSE134347,GSM3942862,Sepsis,9.225480471,GPL17586,TC01003261.hg.1,0.3789396006126356,GSE134347 | healthy,healthy
GSE134347,GSM3942863,Sepsis,9.501557363,GPL17586,TC01003261.hg.1,0.6361276989938794,GSE134347 | healthy,healthy
GSE134347,GSM3942864,Sepsis,10.01203815,GPL17586,TC01003261.hg.1,1.1116821067444949,GSE134347 | healthy,healthy
GSE134347,GSM3942866,Sepsis,9.000431022,GPL17586,TC01003261.hg.1,0.16928771917209787,GSE134347 | healthy,healthy
GSE134347,GSM3942867,Sepsis,9.451309217,GPL17586,TC01003261.hg.1,0.5893174606457785,GSE134347 | healthy,healthy
GSE134347,GSM3942868,Sepsis,9.586451488,GPL17586,TC01003261.hg.1,0.7152134870666079,GSE134347 | healthy,healthy
GSE134347,GSM3942871,Sepsis,9.343413745,GPL17586,TC01003261.hg.1,0.4888040454642322,GSE134347 | healthy,healthy
GSE134347,GSM3942872,Sepsis,9.478858496,GPL17586,TC01003261.hg.1,0.6149818566278386,GSE134347 | healthy,healthy
GSE134347,GSM3942873,Sepsis,8.568670535,GPL17586,TC01003261.hg.1,-0.23293232106107556,GSE134347 | healthy,healthy
GSE134347,GSM3942874,Sepsis,9.189936016,GPL17586,TC01003261.hg.1,0.3458270473553813,GSE134347 | healthy,healthy
GSE134347,GSM3942875,Sepsis,8.792957248,GPL17586,TC01003261.hg.1,-0.023990990293524125,GSE134347 | healthy,healthy
GSE134347,GSM3942876,Sepsis,9.975859372,GPL17586,TC01003261.hg.1,1.077978629976953,GSE134347 | healthy,healthy
GSE134347,GSM3942877,Sepsis,9.739005715,GPL17586,TC01003261.hg.1,0.8573301678866397,GSE134347 | healthy,healthy
GSE134347,GSM3942878,Sepsis,9.823736044,GPL17586,TC01003261.hg.1,0.9362633666518857,GSE134347 | healthy,healthy
GSE134347,GSM3942879,Sepsis,9.777464157,GPL17586,TC01003261.hg.1,0.8931573372416384,GSE134347 | healthy,healthy
GSE134347,GSM3942881,Sepsis,9.919821994,GPL17586,TC01003261.hg.1,1.025775250760082,GSE134347 | healthy,healthy
GSE134347,GSM3942882,Sepsis,9.249792004,GPL17586,TC01003261.hg.1,0.401587772633505,GSE134347 | healthy,healthy
GSE134347,GSM3942885,Sepsis,9.84414882,GPL17586,TC01003261.hg.1,0.9552795291567938,GSE134347 | healthy,healthy
GSE134347,GSM3942886,Sepsis,9.257806348,GPL17586,TC01003261.hg.1,0.4090537864610347,GSE134347 | healthy,healthy
GSE134347,GSM3942887,Healthy,7.726672297,GPL17586,TC01003261.hg.1,-1.0173222209284556,GSE134347 | healthy,healthy
GSE134347,GSM3942888,Healthy,7.583958882,GPL17586,TC01003261.hg.1,-1.1502713842990113,GSE134347 | healthy,healthy
GSE134347,GSM3942889,Healthy,7.22762544,GPL17586,TC01003261.hg.1,-1.4822249921280328,GSE134347 | healthy,healthy
GSE134347,GSM3942890,Healthy,7.538409871,GPL17586,TC01003261.hg.1,-1.1927039958709946,GSE134347 | healthy,healthy
GSE134347,GSM3942891,Healthy,6.82525754,GPL17586,TC01003261.hg.1,-1.8570634449263719,GSE134347 | healthy,healthy
GSE134347,GSM3942892,Healthy,8.27198488,GPL17586,TC01003261.hg.1,-0.5093191597916559,GSE134347 | healthy,healthy
GSE134347,GSM3942893,Healthy,7.785496079,GPL17586,TC01003261.hg.1,-0.9625230795639816,GSE134347 | healthy,healthy
GSE134347,GSM3942894,Healthy,7.210914535,GPL17586,TC01003261.hg.1,-1.4977925604530906,GSE134347 | healthy,healthy
GSE134347,GSM3942895,Healthy,7.904983186,GPL17586,TC01003261.hg.1,-0.8512111127862398,GSE134347 | healthy,healthy
GSE134347,GSM3942896,Healthy,7.592886077,GPL17586,TC01003261.hg.1,-1.141954975456186,GSE134347 | healthy,healthy
GSE134347,GSM3942897,Healthy,8.128899266,GPL17586,TC01003261.hg.1,-0.6426150568288214,GSE134347 | healthy,healthy
GSE134347,GSM3942898,Healthy,7.142528806,GPL17586,TC01003261.hg.1,-1.5614994338190986,GSE134347 | healthy,healthy
GSE134347,GSM3942899,Healthy,8.507050071,GPL17586,TC01003261.hg.1,-0.29033679936681517,GSE134347 | healthy,healthy
GSE134347,GSM3942900,Healthy,8.331255933,GPL17586,TC01003261.hg.1,-0.45410334908148664,GSE134347 | healthy,healthy
GSE134347,GSM3942901,Healthy,7.667918437,GPL17586,TC01003261.hg.1,-1.0720562242580711,GSE134347 | healthy,healthy
GSE134347,GSM3942902,Healthy,8.172481066,GPL17586,TC01003261.hg.1,-0.6020150624401867,GSE134347 | healthy,healthy
GSE134347,GSM3942903,Healthy,7.586539003,GPL17586,TC01003261.hg.1,-1.1478677915579587,GSE134347 | healthy,healthy
GSE134347,GSM3942904,Healthy,8.662187778,GPL17586,TC01003261.hg.1,-0.14581339662379816,GSE134347 | healthy,healthy
GSE134347,GSM3942905,Sepsis,9.757317375,GPL17586,TC01003261.hg.1,0.8743889698004338,GSE134347 | healthy,healthy
GSE134347,GSM3942906,Sepsis,9.357571448,GPL17586,TC01003261.hg.1,0.501993098288025,GSE134347 | healthy,healthy
GSE134347,GSM3942908,Sepsis,9.561896002,GPL17586,TC01003261.hg.1,0.692338052967736,GSE134347 | healthy,healthy
GSE134347,GSM3942910,Sepsis,9.699206521,GPL17586,TC01003261.hg.1,0.8202539789024279,GSE134347 | healthy,healthy
GSE134347,GSM3942911,Sepsis,9.22115466,GPL17586,TC01003261.hg.1,0.37490975553220607,GSE134347 | healthy,healthy
GSE134347,GSM3942912,Sepsis,9.056396932,GPL17586,TC01003261.hg.1,0.2214245201292589,GSE134347 | healthy,healthy
GSE134347,GSM3942913,Sepsis,9.448134384,GPL17586,TC01003261.hg.1,0.5863598452653928,GSE134347 | healthy,healthy
GSE134347,GSM3942914,Sepsis,9.223411743,GPL17586,TC01003261.hg.1,0.37701241208000075,GSE134347 | healthy,healthy
GSE134347,GSM3942915,Sepsis,9.645352725,GPL17586,TC01003261.hg.1,0.7700847840686513,GSE134347 | healthy,healthy
GSE134347,GSM3942916,Sepsis,8.937175747,GPL17586,TC01003261.hg.1,0.11036028134136149,GSE134347 | healthy,healthy
GSE134347,GSM3942917,Sepsis,8.539553087,GPL17586,TC01003261.hg.1,-0.26005759412027446,GSE134347 | healthy,healthy
GSE134347,GSM3942918,Sepsis,9.712063964,GPL17586,TC01003261.hg.1,0.832231733691174,GSE134347 | healthy,healthy
GSE134347,GSM3942919,Sepsis,8.768766578,GPL17586,TC01003261.hg.1,-0.046526568591285074,GSE134347 | healthy,healthy
GSE134347,GSM3942920,Sepsis,9.76803514,GPL17586,TC01003261.hg.1,0.8843734403560036,GSE134347 | healthy,healthy
GSE134347,GSM3942921,Sepsis,9.113070211,GPL17586,TC01003261.hg.1,0.27422029289186894,GSE134347 | healthy,healthy
GSE134347,GSM3942922,Sepsis,9.323787141,GPL17586,TC01003261.hg.1,0.4705202661740718,GSE134347 | healthy,healthy
GSE134347,GSM3942923,Sepsis,9.301127175,GPL17586,TC01003261.hg.1,0.44941066325618667,GSE134347 | healthy,healthy
GSE134347,GSM3942924,Sepsis,9.405266664,GPL17586,TC01003261.hg.1,0.5464250745250036,GSE134347 | healthy,healthy
GSE134347,GSM3942926,Sepsis,9.78596647,GPL17586,TC01003261.hg.1,0.9010779339147997,GSE134347 | healthy,healthy
GSE134347,GSM3942927,Sepsis,9.505946204,GPL17586,TC01003261.hg.1,0.6402162616501406,GSE134347 | healthy,healthy
GSE134347,GSM3942929,Sepsis,9.592983957,GPL17586,TC01003261.hg.1,0.7212990137025871,GSE134347 | healthy,healthy
GSE134347,GSM3942932,Sepsis,9.28675237,GPL17586,TC01003261.hg.1,0.43601936224664406,GSE134347 | healthy,healthy
GSE134347,GSM3942935,Sepsis,9.252691908,GPL17586,TC01003261.hg.1,0.40428926927034786,GSE134347 | healthy,healthy
GSE134347,GSM3942936,Sepsis,9.366131364,GPL17586,TC01003261.hg.1,0.5099673568447426,GSE134347 | healthy,healthy
GSE134347,GSM3942937,Sepsis,9.541161026,GPL17586,TC01003261.hg.1,0.6730217349347848,GSE134347 | healthy,healthy
GSE134347,GSM3942938,Sepsis,10.11261341,GPL17586,TC01003261.hg.1,1.2053761485609282,GSE134347 | healthy,healthy
GSE134347,GSM3942939,Sepsis,9.95411762,GPL17586,TC01003261.hg.1,1.057724418145429,GSE134347 | healthy,healthy
GSE134347,GSM3942940,Sepsis,9.35345209,GPL17586,TC01003261.hg.1,0.49815558098298485,GSE134347 | healthy,healthy
GSE134347,GSM3942942,Sepsis,10.05023589,GPL17586,TC01003261.hg.1,1.1472664109645705,GSE134347 | healthy,healthy
GSE134347,GSM3942943,Sepsis,10.02071408,GPL17586,TC01003261.hg.1,1.1197644417860981,GSE134347 | healthy,healthy
GSE134347,GSM3942944,Sepsis,9.452401857,GPL17586,TC01003261.hg.1,0.5903353437499361,GSE134347 | healthy,healthy
GSE134347,GSM3942945,Healthy,7.700704046,GPL17586,TC01003261.hg.1,-1.041513760628116,GSE134347 | healthy,healthy
GSE134347,GSM3942946,Healthy,7.582358745,GPL17586,TC01003261.hg.1,-1.1517620421704409,GSE134347 | healthy,healthy
GSE134347,GSM3942947,Healthy,8.208099309,GPL17586,TC01003261.hg.1,-0.5688337696543673,GSE134347 | healthy,healthy
GSE134347,GSM3942948,Healthy,8.183198078,GPL17586,TC01003261.hg.1,-0.5920312933654134,GSE134347 | healthy,healthy
GSE134347,GSM3942949,Healthy,7.54909044,GPL17586,TC01003261.hg.1,-1.182754176417291,GSE134347 | healthy,healthy
GSE134347,GSM3942950,Healthy,7.052095256,GPL17586,TC01003261.hg.1,-1.6457456472050596,GSE134347 | healthy,healthy
GSE134347,GSM3942951,Healthy,7.151210661,GPL17586,TC01003261.hg.1,-1.553411579157681,GSE134347 | healthy,healthy
GSE134347,GSM3942952,Healthy,7.082643578,GPL17586,TC01003261.hg.1,-1.6172873985374463,GSE134347 | healthy,healthy
GSE134347,GSM3942953,Healthy,7.659628758,GPL17586,TC01003261.hg.1,-1.0797787350511905,GSE134347 | healthy,healthy
GSE134347,GSM3942954,Healthy,6.775044528,GPL17586,TC01003261.hg.1,-1.9038409530934612,GSE134347 | healthy,healthy
GSE134347,GSM3942955,Healthy,7.407843492,GPL17586,TC01003261.hg.1,-1.3143372064025547,GSE134347 | healthy,healthy
GSE134347,GSM3942956,Healthy,8.1008796,GPL17586,TC01003261.hg.1,-0.668717656592286,GSE134347 | healthy,healthy
GSE134347,GSM3942957,Healthy,7.168963362,GPL17586,TC01003261.hg.1,-1.5368734930533183,GSE134347 | healthy,healthy
GSE134347,GSM3942958,Healthy,7.363420217,GPL17586,TC01003261.hg.1,-1.3557211032522662,GSE134347 | healthy,healthy
GSE134347,GSM3942959,Healthy,6.943393469,GPL17586,TC01003261.hg.1,-1.7470102104455534,GSE134347 | healthy,healthy
GSE134347,GSM3942960,Healthy,7.242453282,GPL17586,TC01003261.hg.1,-1.468411650274425,GSE134347 | healthy,healthy
GSE134347,GSM3942961,Healthy,7.746439589,GPL17586,TC01003261.hg.1,-0.9989073793138711,GSE134347 | healthy,healthy
GSE134347,GSM3942962,Healthy,7.513829518,GPL17586,TC01003261.hg.1,-1.2156025956046144,GSE134347 | healthy,healthy
GSE134347,GSM3942963,Healthy,7.54938985,GPL17586,TC01003261.hg.1,-1.182475251629423,GSE134347 | healthy,healthy
GSE134347,GSM3942964,Healthy,7.43696919,GPL17586,TC01003261.hg.1,-1.2872042477967816,GSE134347 | healthy,healthy
GSE134347,GSM3942965,Healthy,7.235639305,GPL17586,TC01003261.hg.1,-1.4747594245279956,GSE134347 | healthy,healthy
GSE134347,GSM3942966,Healthy,7.366692473,GPL17586,TC01003261.hg.1,-1.3526727304168586,GSE134347 | healthy,healthy
GSE134347,GSM3942967,Healthy,7.656807445,GPL17586,TC01003261.hg.1,-1.082407017773992,GSE134347 | healthy,healthy
GSE134347,GSM3942968,Healthy,7.537310195,GPL17586,TC01003261.hg.1,-1.193728433581904,GSE134347 | healthy,healthy
GSE134347,GSM3942969,Healthy,7.689036031,GPL17586,TC01003261.hg.1,-1.0523834664118727,GSE134347 | healthy,healthy
GSE134347,GSM3942970,Healthy,7.445590157,GPL17586,TC01003261.hg.1,-1.2791731152638297,GSE134347 | healthy,healthy
GSE134347,GSM3942971,Healthy,7.720641888,GPL17586,TC01003261.hg.1,-1.0229400378052522,GSE134347 | healthy,healthy
GSE134347,GSM3942972,Healthy,7.385423159,GPL17586,TC01003261.hg.1,-1.3352235716740968,GSE134347 | healthy,healthy
GSE134347,GSM3942973,Sepsis,10.0899588,GPL17586,TC01003261.hg.1,1.1842715351930382,GSE134347 | healthy,healthy
GSE134347,GSM3942974,Sepsis,9.909505066,GPL17586,TC01003261.hg.1,1.0161641924993412,GSE134347 | healthy,healthy
GSE134347,GSM3942975,Sepsis,9.59789341,GPL17586,TC01003261.hg.1,0.7258725688162184,GSE134347 | healthy,healthy
GSE134347,GSM3942976,Sepsis,8.247354928,GPL17586,TC01003261.hg.1,-0.5322639650312817,GSE134347 | healthy,healthy
GSE134347,GSM3942977,Sepsis,9.364136826,GPL17586,TC01003261.hg.1,0.5081092823363947,GSE134347 | healthy,healthy
GSE134347,GSM3942978,Sepsis,8.850790754,GPL17586,TC01003261.hg.1,0.02988562836552736,GSE134347 | healthy,healthy
GSE134347,GSM3942979,Sepsis,9.525566365,GPL17586,TC01003261.hg.1,0.6584940387613214,GSE134347 | healthy,healthy
GSE134347,GSM3942983,Sepsis,9.484809487,GPL17586,TC01003261.hg.1,0.6205256891727717,GSE134347 | healthy,healthy
GSE134347,GSM3942984,Sepsis,9.16377489,GPL17586,TC01003261.hg.1,0.32145582889261864,GSE134347 | healthy,healthy
GSE134347,GSM3942985,Sepsis,9.02497137,GPL17586,TC01003261.hg.1,0.19214905099168958,GSE134347 | healthy,healthy
GSE134347,GSM3942986,Sepsis,10.07205307,GPL17586,TC01003261.hg.1,1.167590890118159,GSE134347 | healthy,healthy
GSE134347,GSM3942987,Sepsis,9.052168631,GPL17586,TC01003261.hg.1,0.21748551355143428,GSE134347 | healthy,healthy
GSE134347,GSM3942988,Sepsis,9.77320166,GPL17586,TC01003261.hg.1,0.8891864743061559,GSE134347 | healthy,healthy
GSE134347,GSM3942989,Sepsis,9.760257458,GPL17586,TC01003261.hg.1,0.877127896446468,GSE134347 | healthy,healthy
GSE134347,GSM3942990,Sepsis,9.613053589,GPL17586,TC01003261.hg.1,0.7399955096385504,GSE134347 | healthy,healthy
GSE134347,GSM3942991,Sepsis,9.418367662,GPL17586,TC01003261.hg.1,0.5586297206223529,GSE134347 | healthy,healthy
GSE134347,GSM3942992,Sepsis,10.40005961,GPL17586,TC01003261.hg.1,1.4731556828397856,GSE134347 | healthy,healthy
GSE134347,GSM3942993,Sepsis,9.542920815,GPL17586,TC01003261.hg.1,0.6746611216403644,GSE134347 | healthy,healthy
GSE134347,GSM3942994,Sepsis,9.527020016,GPL17586,TC01003261.hg.1,0.659848232999353,GSE134347 | healthy,healthy
GSE134347,GSM3942996,Sepsis,9.864790204,GPL17586,TC01003261.hg.1,0.9745086586230778,GSE134347 | healthy,healthy
GSE134347,GSM3942997,Sepsis,9.611093039,GPL17586,TC01003261.hg.1,0.7381690977189275,GSE134347 | healthy,healthy
GSE134347,GSM3942998,Sepsis,9.773163554,GPL17586,TC01003261.hg.1,0.8891509754652139,GSE134347 | healthy,healthy
GSE134347,GSM3942999,Sepsis,9.665535335,GPL17586,TC01003261.hg.1,0.7888865282083602,GSE134347 | healthy,healthy
GSE134347,GSM3943001,Sepsis,9.260534425,GPL17586,TC01003261.hg.1,0.41159521226014595,GSE134347 | healthy,healthy
GSE134347,GSM3943002,Sepsis,9.870028656,GPL17586,TC01003261.hg.1,0.9793887030867104,GSE134347 | healthy,healthy
GSE134347,GSM3943003,Sepsis,8.936025083,GPL17586,TC01003261.hg.1,0.10928834415787751,GSE134347 | healthy,healthy
GSE26440,GSM648590,Sepsis,1.687,GPL570,202917_s_at;214370_at,-0.05606578688322806,GSE26440 | healthy,healthy
GSE26440,GSM648591,Sepsis,1.6995,GPL570,202917_s_at;214370_at,-0.035603820867451404,GSE26440 | healthy,healthy
GSE26440,GSM648592,Sepsis,1.8295,GPL570,202917_s_at;214370_at,0.1772006256966264,GSE26440 | healthy,healthy
GSE26440,GSM648593,Sepsis,1.8515,GPL570,202917_s_at;214370_at,0.2132136858843935,GSE26440 | healthy,healthy
GSE26440,GSM648594,Sepsis,1.7775,GPL570,202917_s_at;214370_at,0.09207884707099549,GSE26440 | healthy,healthy
GSE26440,GSM648595,Sepsis,1.1465,GPL570,202917_s_at;214370_at,-0.9408411974054138,GSE26440 | healthy,healthy
GSE26440,GSM648596,Sepsis,1.508,GPL570,202917_s_at;214370_at,-0.3490811402291509,GSE26440 | healthy,healthy
GSE26440,GSM648597,Sepsis,2.0285,GPL570,202917_s_at;214370_at,0.5029551246677924,GSE26440 | healthy,healthy
GSE26440,GSM648598,Sepsis,2.436,GPL570,202917_s_at;214370_at,1.1700152167821134,GSE26440 | healthy,healthy
GSE26440,GSM648599,Sepsis,1.936,GPL570,202917_s_at;214370_at,0.35153657615104417,GSE26440 | healthy,healthy
GSE26440,GSM648600,Sepsis,1.604,GPL570,202917_s_at;214370_at,-0.19193324122798547,GSE26440 | healthy,healthy
GSE26440,GSM648601,Sepsis,1.591,GPL570,202917_s_at;214370_at,-0.2132136858843935,GSE26440 | healthy,healthy
GSE26440,GSM648602,Sepsis,1.638,GPL570,202917_s_at;214370_at,-0.13627669366507308,GSE26440 | healthy,healthy
GSE26440,GSM648603,Sepsis,1.764,GPL570,202917_s_at;214370_at,0.06997992377395652,GSE26440 | healthy,healthy
GSE26440,GSM648604,Sepsis,1.8135,GPL570,202917_s_at;214370_at,0.15100930919643216,GSE26440 | healthy,healthy
GSE26440,GSM648605,Sepsis,2.027,GPL570,202917_s_at;214370_at,0.5004996887458991,GSE26440 | healthy,healthy
GSE26440,GSM648606,Sepsis,1.8335,GPL570,202917_s_at;214370_at,0.18374845482167496,GSE26440 | healthy,healthy
GSE26440,GSM648607,Sepsis,1.813,GPL570,202917_s_at;214370_at,0.15019083055580118,GSE26440 | healthy,healthy
GSE26440,GSM648608,Sepsis,1.7015,GPL570,202917_s_at;214370_at,-0.032329906304927124,GSE26440 | healthy,healthy
GSE26440,GSM648609,Sepsis,1.563,GPL570,202917_s_at;214370_at,-0.2590484897597334,GSE26440 | healthy,healthy
GSE26440,GSM648610,Sepsis,1.9505,GPL570,202917_s_at;214370_at,0.3752724567293451,GSE26440 | healthy,healthy
GSE26440,GSM648611,Sepsis,1.745,GPL570,202917_s_at;214370_at,0.038877735429976044,GSE26440 | healthy,healthy
GSE26440,GSM648612,Sepsis,1.9765,GPL570,202917_s_at;214370_at,0.41783334604216077,GSE26440 | healthy,healthy
GSE26440,GSM648613,Sepsis,2.1105,GPL570,202917_s_at;214370_at,0.6371856217312875,GSE26440 | healthy,healthy
GSE26440,GSM648614,Sepsis,2.07,GPL570,202917_s_at;214370_at,0.5708888518401706,GSE26440 | healthy,healthy
GSE26440,GSM648615,Sepsis,2.4495,GPL570,202917_s_at;214370_at,1.1921141400791524,GSE26440 | healthy,healthy
GSE26440,GSM648616,Sepsis,1.612,GPL570,202917_s_at;214370_at,-0.17883758297788835,GSE26440 | healthy,healthy
GSE26440,GSM648617,Sepsis,1.133,GPL570,202917_s_at;214370_at,-0.9629401207024527,GSE26440 | healthy,healthy
GSE26440,GSM648618,Sepsis,1.5725,GPL570,202917_s_at;214370_at,-0.24349739558774297,GSE26440 | healthy,healthy
GSE26440,GSM648619,Sepsis,1.665,GPL570,202917_s_at;214370_at,-0.09207884707099513,GSE26440 | healthy,healthy
GSE26440,GSM648620,Sepsis,1.7175,GPL570,202917_s_at;214370_at,-0.006138589804732888,GSE26440 | healthy,healthy
GSE26440,GSM648621,Sepsis,1.49,GPL570,202917_s_at;214370_at,-0.3785463712918694,GSE26440 | healthy,healthy
GSE26440,GSM648622,Sepsis,1.9455,GPL570,202917_s_at;214370_at,0.36708767032303463,GSE26440 | healthy,healthy
GSE26440,GSM648623,Sepsis,2.0385,GPL570,202917_s_at;214370_at,0.5193246974804134,GSE26440 | healthy,healthy
GSE26440,GSM648624,Sepsis,2.043,GPL570,202917_s_at;214370_at,0.5266910052460934,GSE26440 | healthy,healthy
GSE26440,GSM648625,Sepsis,2.5095,GPL570,202917_s_at;214370_at,1.2903315769548807,GSE26440 | healthy,healthy
GSE26440,GSM648626,Sepsis,1.746,GPL570,202917_s_at;214370_at,0.040514692711238004,GSE26440 | healthy,healthy
GSE26440,GSM648627,Sepsis,2.116,GPL570,202917_s_at;214370_at,0.6461888867782294,GSE26440 | healthy,healthy
GSE26440,GSM648628,Sepsis,1.99,GPL570,202917_s_at;214370_at,0.43993226933919977,GSE26440 | healthy,healthy
GSE26440,GSM648629,Sepsis,1.7815,GPL570,202917_s_at;214370_at,0.09862667619604405,GSE26440 | healthy,healthy
GSE26440,GSM648630,Healthy,0.6215,GPL570,202917_s_at;214370_at,-1.8002437700680363,GSE26440 | healthy,healthy
GSE26440,GSM648631,Healthy,1.1175,GPL570,202917_s_at;214370_at,-0.9883129585620161,GSE26440 | healthy,healthy
GSE26440,GSM648632,Healthy,0.8245,GPL570,202917_s_at;214370_at,-1.4679414419718224,GSE26440 | healthy,healthy
GSE26440,GSM648633,Sepsis,1.663,GPL570,202917_s_at;214370_at,-0.09535276163351941,GSE26440 | healthy,healthy
GSE26440,GSM648634,Sepsis,2.1865,GPL570,202917_s_at;214370_at,0.7615943751072101,GSE26440 | healthy,healthy
GSE26440,GSM648635,Sepsis,1.9115,GPL570,202917_s_at;214370_at,0.31143112276012186,GSE26440 | healthy,healthy
GSE26440,GSM648636,Sepsis,1.85,GPL570,202917_s_at;214370_at,0.21075824996250053,GSE26440 | healthy,healthy
GSE26440,GSM648637,Healthy,2.562,GPL570,202917_s_at;214370_at,1.3762718342211426,GSE26440 | healthy,healthy
GSE26440,GSM648638,Healthy,2.022,GPL570,202917_s_at;214370_at,0.49231490233958786,GSE26440 | healthy,healthy
GSE26440,GSM648639,Healthy,1.7715,GPL570,202917_s_at;214370_at,0.08225710338342265,GSE26440 | healthy,healthy
GSE26440,GSM648640,Healthy,1.654,GPL570,202917_s_at;214370_at,-0.11008537716487886,GSE26440 | healthy,healthy
GSE26440,GSM648641,Healthy,1.8705,GPL570,202917_s_at;214370_at,0.2443158742283743,GSE26440 | healthy,healthy
GSE26440,GSM648642,Sepsis,1.944,GPL570,202917_s_at;214370_at,0.3646322344011413,GSE26440 | healthy,healthy
GSE26440,GSM648643,Sepsis,2.0435,GPL570,202917_s_at;214370_at,0.5275094838867239,GSE26440 | healthy,healthy
GSE26440,GSM648644,Sepsis,1.1185,GPL570,202917_s_at;214370_at,-0.9866760012807537,GSE26440 | healthy,healthy
GSE26440,GSM648645,Sepsis,2.1115,GPL570,202917_s_at;214370_at,0.6388225790125495,GSE26440 | healthy,healthy
GSE26440,GSM648646,Sepsis,1.821,GPL570,202917_s_at;214370_at,0.1632864888058983,GSE26440 | healthy,healthy
GSE26440,GSM648647,Sepsis,1.7385,GPL570,202917_s_at;214370_at,0.028237513101771864,GSE26440 | healthy,healthy
GSE26440,GSM648648,Sepsis,1.697,GPL570,202917_s_at;214370_at,-0.03969621407060666,GSE26440 | healthy,healthy
GSE26440,GSM648649,Sepsis,1.684,GPL570,202917_s_at;214370_at,-0.06097665872701466,GSE26440 | healthy,healthy
GSE26440,GSM648650,Sepsis,2.513,GPL570,202917_s_at;214370_at,1.296060927439298,GSE26440 | healthy,healthy
GSE26440,GSM648651,Sepsis,1.9185,GPL570,202917_s_at;214370_at,0.322889823728957,GSE26440 | healthy,healthy
GSE26440,GSM648652,Sepsis,1.561,GPL570,202917_s_at;214370_at,-0.2623224043222577,GSE26440 | healthy,healthy
GSE26440,GSM648653,Sepsis,2.3375,GPL570,202917_s_at;214370_at,1.0087749245777926,GSE26440 | healthy,healthy
GSE26440,GSM648654,Sepsis,2.044,GPL570,202917_s_at;214370_at,0.5283279625273553,GSE26440 | healthy,healthy
GSE26440,GSM648655,Sepsis,1.955,GPL570,202917_s_at;214370_at,0.38263876449502504,GSE26440 | healthy,healthy
GSE26440,GSM648656,Sepsis,1.575,GPL570,202917_s_at;214370_at,-0.2394050023845877,GSE26440 | healthy,healthy
GSE26440,GSM648657,Sepsis,1.803,GPL570,202917_s_at;214370_at,0.1338212577431798,GSE26440 | healthy,healthy
GSE26440,GSM648658,Sepsis,1.8485,GPL570,202917_s_at;214370_at,0.20830281404060724,GSE26440 | healthy,healthy
GSE26440,GSM648659,Sepsis,1.8665,GPL570,202917_s_at;214370_at,0.23776804510332575,GSE26440 | healthy,healthy
GSE26440,GSM648660,Sepsis,1.8865,GPL570,202917_s_at;214370_at,0.27050719072856855,GSE26440 | healthy,healthy
GSE26440,GSM648661,Sepsis,2.8805,GPL570,202917_s_at;214370_at,1.897642728303134,GSE26440 | healthy,healthy
GSE26440,GSM648662,Sepsis,3.2665,GPL570,202917_s_at;214370_at,2.5295082388703194,GSE26440 | healthy,healthy
GSE26440,GSM648663,Sepsis,3.3965,GPL570,202917_s_at;214370_at,2.7423126854343973,GSE26440 | healthy,healthy
GSE26440,GSM648664,Sepsis,1.995,GPL570,202917_s_at;214370_at,0.44811705574551064,GSE26440 | healthy,healthy
GSE26440,GSM648665,Sepsis,2.753,GPL570,202917_s_at;214370_at,1.6889306749422115,GSE26440 | healthy,healthy
GSE26440,GSM648666,Sepsis,1.588,GPL570,202917_s_at;214370_at,-0.2181245577281797,GSE26440 | healthy,healthy
GSE26440,GSM648667,Sepsis,1.715,GPL570,202917_s_at;214370_at,-0.010230983007888146,GSE26440 | healthy,healthy
GSE26440,GSM648668,Healthy,0.2595,GPL570,202917_s_at;214370_at,-2.3928223058849305,GSE26440 | healthy,healthy
GSE26440,GSM648669,Healthy,0.4005,GPL570,202917_s_at;214370_at,-2.162011329226969,GSE26440 | healthy,healthy
GSE26440,GSM648670,Sepsis,2.5375,GPL570,202917_s_at;214370_at,1.3361663808302207,GSE26440 | healthy,healthy
GSE26440,GSM648671,Healthy,0.525,GPL570,202917_s_at;214370_at,-1.958210147709833,GSE26440 | healthy,healthy
GSE26440,GSM648672,Healthy,0.7235,GPL570,202917_s_at;214370_at,-1.6332741273792983,GSE26440 | healthy,healthy
GSE26440,GSM648673,Healthy,1.3025,GPL570,202917_s_at;214370_at,-0.6854758615285204,GSE26440 | healthy,healthy
GSE26440,GSM648674,Healthy,1.4325,GPL570,202917_s_at;214370_at,-0.47267141496444215,GSE26440 | healthy,healthy
GSE26440,GSM648675,Sepsis,1.8765,GPL570,202917_s_at;214370_at,0.25413761791594713,GSE26440 | healthy,healthy
GSE26440,GSM648676,Healthy,1.6085,GPL570,202917_s_at;214370_at,-0.18456693346230593,GSE26440 | healthy,healthy
GSE26440,GSM648677,Healthy,1.142,GPL570,202917_s_at;214370_at,-0.9482075051710936,GSE26440 | healthy,healthy
GSE26440,GSM648678,Healthy,0.964,GPL570,202917_s_at;214370_at,-1.2395859012357542,GSE26440 | healthy,healthy
GSE26440,GSM648679,Healthy,0.7275,GPL570,202917_s_at;214370_at,-1.6267262982542499,GSE26440 | healthy,healthy
GSE26440,GSM648680,Sepsis,1.849,GPL570,202917_s_at;214370_at,0.20912129268123822,GSE26440 | healthy,healthy
GSE26440,GSM648681,Healthy,1.6525,GPL570,202917_s_at;214370_at,-0.11254081308677179,GSE26440 | healthy,healthy
GSE26440,GSM648682,Sepsis,5.01,GPL570,202917_s_at;214370_at,5.383543258750857,GSE26440 | healthy,healthy
GSE26440,GSM648683,Sepsis,1.8415,GPL570,202917_s_at;214370_at,0.19684411307177208,GSE26440 | healthy,healthy
GSE26440,GSM648684,Sepsis,1.718,GPL570,202917_s_at;214370_at,-0.005320111164101909,GSE26440 | healthy,healthy
GSE26440,GSM648685,Sepsis,2.2845,GPL570,202917_s_at;214370_at,0.9220161886708994,GSE26440 | healthy,healthy
GSE26440,GSM648686,Healthy,1.4465,GPL570,202917_s_at;214370_at,-0.4497540130267726,GSE26440 | healthy,healthy
GSE26440,GSM648687,Healthy,0.99,GPL570,202917_s_at;214370_at,-1.1970250119229386,GSE26440 | healthy,healthy
GSE26440,GSM648688,Healthy,0.9625,GPL570,202917_s_at;214370_at,-1.2420413371576473,GSE26440 | healthy,healthy
GSE26440,GSM648689,Healthy,1.1385,GPL570,202917_s_at;214370_at,-0.9539368556555109,GSE26440 | healthy,healthy
GSE26440,GSM648690,Healthy,1.1055,GPL570,202917_s_at;214370_at,-1.0079564459371617,GSE26440 | healthy,healthy
GSE26440,GSM648691,Healthy,0.6585,GPL570,202917_s_at;214370_at,-1.7396763506613373,GSE26440 | healthy,healthy
GSE26440,GSM648692,Healthy,0.302,GPL570,202917_s_at;214370_at,-2.3232516214312895,GSE26440 | healthy,healthy
GSE26440,GSM648693,Healthy,0.588,GPL570,202917_s_at;214370_at,-1.855081838990318,GSE26440 | healthy,healthy
GSE26440,GSM648694,Healthy,0.3145,GPL570,202917_s_at;214370_at,-2.302789655415513,GSE26440 | healthy,healthy
GSE26440,GSM648695,Sepsis,1.5865,GPL570,202917_s_at;214370_at,-0.22057999365007303,GSE26440 | healthy,healthy
GSE26440,GSM648696,Sepsis,1.9745,GPL570,202917_s_at;214370_at,0.4145594314796365,GSE26440 | healthy,healthy
GSE26440,GSM648697,Sepsis,2.507,GPL570,202917_s_at;214370_at,1.2862391837517255,GSE26440 | healthy,healthy
GSE26440,GSM648698,Sepsis,1.5145,GPL570,202917_s_at;214370_at,-0.3384409179009471,GSE26440 | healthy,healthy
GSE26440,GSM648699,Healthy,1.23,GPL570,202917_s_at;214370_at,-0.8041552644200254,GSE26440 | healthy,healthy
GSE26440,GSM648700,Healthy,1.5555,GPL570,202917_s_at;214370_at,-0.27132566936919916,GSE26440 | healthy,healthy
GSE26440,GSM648701,Healthy,1.5785,GPL570,202917_s_at;214370_at,-0.23367565190017014,GSE26440 | healthy,healthy
GSE26440,GSM648702,Sepsis,1.6325,GPL570,202917_s_at;214370_at,-0.14527995871201457,GSE26440 | healthy,healthy
GSE26440,GSM648703,Healthy,1.458,GPL570,202917_s_at;214370_at,-0.4309290042922579,GSE26440 | healthy,healthy
GSE26440,GSM648704,Sepsis,1.6465,GPL570,202917_s_at;214370_at,-0.12236255677434463,GSE26440 | healthy,healthy
GSE26440,GSM648705,Sepsis,1.8775,GPL570,202917_s_at;214370_at,0.2557745751972091,GSE26440 | healthy,healthy
GSE26440,GSM648706,Sepsis,1.494,GPL570,202917_s_at;214370_at,-0.3719985421668208,GSE26440 | healthy,healthy
GSE26440,GSM648707,Sepsis,1.7265,GPL570,202917_s_at;214370_at,0.008594025726626188,GSE26440 | healthy,healthy
GSE26440,GSM648708,Sepsis,1.655,GPL570,202917_s_at;214370_at,-0.10844841988361653,GSE26440 | healthy,healthy
GSE26440,GSM648709,Sepsis,2.111,GPL570,202917_s_at;214370_at,0.6380041003719188,GSE26440 | healthy,healthy
GSE26440,GSM648710,Sepsis,1.809,GPL570,202917_s_at;214370_at,0.14364300143075262,GSE26440 | healthy,healthy
GSE26440,GSM648711,Sepsis,1.889,GPL570,202917_s_at;214370_at,0.2745995839317238,GSE26440 | healthy,healthy
GSE26440,GSM648712,Sepsis,2.181,GPL570,202917_s_at;214370_at,0.7525911100602682,GSE26440 | healthy,healthy
GSE26440,GSM648713,Sepsis,1.816,GPL570,202917_s_at;214370_at,0.1551017023995878,GSE26440 | healthy,healthy
GSE26440,GSM648714,Sepsis,1.8405,GPL570,202917_s_at;214370_at,0.19520715579051012,GSE26440 | healthy,healthy
GSE26440,GSM648715,Sepsis,1.657,GPL570,202917_s_at;214370_at,-0.10517450532109225,GSE26440 | healthy,healthy
GSE26440,GSM648716,Sepsis,1.563,GPL570,202917_s_at;214370_at,-0.2590484897597334,GSE26440 | healthy,healthy
GSE26440,GSM648717,Sepsis,0.8015,GPL570,202917_s_at;214370_at,-1.5055914594408517,GSE26440 | healthy,healthy
GSE26440,GSM648718,Sepsis,1.4165,GPL570,202917_s_at;214370_at,-0.4988627314646364,GSE26440 | healthy,healthy
GSE26440,GSM648719,Sepsis,1.8545,GPL570,202917_s_at;214370_at,0.21812455772818007,GSE26440 | healthy,healthy
GSE28750,GSM712478,Sepsis,11.67597861,GPL570,202917_s_at;214370_at,1.5816768474484988,GSE28750 | healthy,healthy
GSE28750,GSM712479,Sepsis,11.444438297,GPL570,202917_s_at;214370_at,1.1553627718094013,GSE28750 | healthy,healthy
GSE28750,GSM712480,Sepsis,10.7404712425,GPL570,202917_s_at;214370_at,-0.1407876057688891,GSE28750 | healthy,healthy
GSE28750,GSM712481,Sepsis,11.052769071,GPL570,202917_s_at;214370_at,0.4342179228842357,GSE28750 | healthy,healthy
GSE28750,GSM712482,Sepsis,10.7702232065,GPL570,202917_s_at;214370_at,-0.0860080260630085,GSE28750 | healthy,healthy
GSE28750,GSM712483,Sepsis,11.0480638405,GPL570,202917_s_at;214370_at,0.4255546108013988,GSE28750 | healthy,healthy
GSE28750,GSM712484,Sepsis,11.561395461,GPL570,202917_s_at;214370_at,1.3707053383543057,GSE28750 | healthy,healthy
GSE28750,GSM712485,Sepsis,11.629731151,GPL570,202917_s_at;214370_at,1.4965256162059202,GSE28750 | healthy,healthy
GSE28750,GSM712486,Sepsis,10.495075548,GPL570,202917_s_at;214370_at,-0.5926123325782611,GSE28750 | healthy,healthy
GSE28750,GSM712487,Sepsis,11.0491144215,GPL570,202917_s_at;214370_at,0.4274889498462783,GSE28750 | healthy,healthy
GSE28750,GSM712488,Healthy,9.95969456,GPL570,202917_s_at;214370_at,-1.5783605509196899,GSE28750 | healthy,healthy
GSE28750,GSM712489,Healthy,10.5028280505,GPL570,202917_s_at;214370_at,-0.5783383562915623,GSE28750 | healthy,healthy
GSE28750,GSM712490,Healthy,10.506023038,GPL570,202917_s_at;214370_at,-0.5724557170004025,GSE28750 | healthy,healthy
GSE28750,GSM712491,Healthy,10.726799324,GPL570,202917_s_at;214370_at,-0.1659604632381653,GSE28750 | healthy,healthy
GSE28750,GSM712492,Healthy,10.792303144,GPL570,202917_s_at;214370_at,-0.04535424951965044,GSE28750 | healthy,healthy
GSE28750,GSM712493,Healthy,10.6740065935,GPL570,202917_s_at;214370_at,-0.2631629063547192,GSE28750 | healthy,healthy
GSE28750,GSM712494,Healthy,9.5698644555,GPL570,202917_s_at;214370_at,-2.296119193045266,GSE28750 | healthy,healthy
GSE28750,GSM712495,Healthy,10.8637382875,GPL570,202917_s_at;214370_at,0.08617276957593566,GSE28750 | healthy,healthy
GSE28750,GSM712496,Healthy,10.073805353,GPL570,202917_s_at;214370_at,-1.3682587478775619,GSE28750 | healthy,healthy
GSE28750,GSM712497,Healthy,10.885122797,GPL570,202917_s_at;214370_at,0.12554611792451262,GSE28750 | healthy,healthy
GSE28750,GSM712498,Healthy,10.7875673165,GPL570,202917_s_at;214370_at,-0.05407389706996035,GSE28750 | healthy,healthy
GSE28750,GSM712499,Healthy,10.8238605905,GPL570,202917_s_at;214370_at,0.012749600560996712,GSE28750 | healthy,healthy
GSE28750,GSM712500,Healthy,9.848943958,GPL570,202917_s_at;214370_at,-1.7822755405228357,GSE28750 | healthy,healthy
GSE28750,GSM712501,Healthy,10.3091804095,GPL570,202917_s_at;214370_at,-0.934884108532153,GSE28750 | healthy,healthy
GSE28750,GSM712502,Healthy,11.2146219795,GPL570,202917_s_at;214370_at,0.7322229319587333,GSE28750 | healthy,healthy
GSE28750,GSM712503,Healthy,11.2731797425,GPL570,202917_s_at;214370_at,0.8400400039898926,GSE28750 | healthy,healthy
GSE28750,GSM712504,Healthy,11.329524199,GPL570,202917_s_at;214370_at,0.9437819164843477,GSE28750 | healthy,healthy
GSE28750,GSM712505,Healthy,11.353955304,GPL570,202917_s_at;214370_at,0.988764683458998,GSE28750 | healthy,healthy
GSE28750,GSM712506,Healthy,11.382253614,GPL570,202917_s_at;214370_at,1.0408677825413541,GSE28750 | healthy,healthy
GSE28750,GSM712507,Healthy,10.1635467085,GPL570,202917_s_at;214370_at,-1.2030261690627333,GSE28750 | healthy,healthy
GSE69528,GSM1702888,Healthy,13.15353574,GPL10558,ILMN_1729801,-1.4194621316174991,GSE69528 | healthy,healthy
GSE69528,GSM1702896,Healthy,13.50921124,GPL10558,ILMN_1729801,-0.5555384491337352,GSE69528 | healthy,healthy
GSE69528,GSM1702897,Healthy,13.24737629,GPL10558,ILMN_1729801,-1.1915266299529166,GSE69528 | healthy,healthy
GSE69528,GSM1702898,Healthy,13.7480867,GPL10558,ILMN_1729801,0.024681912005005642,GSE69528 | healthy,healthy
GSE69528,GSM1702899,Healthy,12.49570011,GPL10558,ILMN_1729801,-3.0173224844914737,GSE69528 | healthy,healthy
GSE69528,GSM1702900,Healthy,12.97688306,GPL10558,ILMN_1729801,-1.8485454781685717,GSE69528 | healthy,healthy
GSE69528,GSM1702901,Healthy,13.3049539,GPL10558,ILMN_1729801,-1.051672575175983,GSE69528 | healthy,healthy
GSE69528,GSM1702902,Healthy,13.32091076,GPL10558,ILMN_1729801,-1.0129139053995186,GSE69528 | healthy,healthy
GSE69528,GSM1702903,Healthy,13.7480867,GPL10558,ILMN_1729801,0.024681912005005642,GSE69528 | healthy,healthy
GSE69528,GSM1702904,Healthy,13.55603085,GPL10558,ILMN_1729801,-0.44181521015985686,GSE69528 | healthy,healthy
GSE69528,GSM1702906,Healthy,13.54545945,GPL10558,ILMN_1729801,-0.467492780914689,GSE69528 | healthy,healthy
GSE69528,GSM1702908,Healthy,13.19923958,GPL10558,ILMN_1729801,-1.3084490599933682,GSE69528 | healthy,healthy
GSE69528,GSM1702909,Healthy,13.28228005,GPL10558,ILMN_1729801,-1.1067465850194589,GSE69528 | healthy,healthy
GSE69528,GSM1702910,Healthy,13.45546655,GPL10558,ILMN_1729801,-0.6860824717013523,GSE69528 | healthy,healthy
GSE69528,GSM1702911,Healthy,13.25495324,GPL10558,ILMN_1729801,-1.1731224763185055,GSE69528 | healthy,healthy
GSE69528,GSM1702912,Healthy,13.13481923,GPL10558,ILMN_1729801,-1.4649238973068563,GSE69528 | healthy,healthy
GSE69528,GSM1702913,Healthy,13.43040573,GPL10558,ILMN_1729801,-0.7469543504235666,GSE69528 | healthy,healthy
GSE69528,GSM1702914,Healthy,13.3049539,GPL10558,ILMN_1729801,-1.051672575175983,GSE69528 | healthy,healthy
GSE69528,GSM1702920,Healthy,13.04492793,GPL10558,ILMN_1729801,-1.6832668051519353,GSE69528 | healthy,healthy
GSE69528,GSM1702921,Healthy,12.94529,GPL10558,ILMN_1729801,-1.9252839454966022,GSE69528 | healthy,healthy
GSE69528,GSM1702922,Healthy,13.25495324,GPL10558,ILMN_1729801,-1.1731224763185055,GSE69528 | healthy,healthy
GSE69528,GSM1702923,Healthy,13.16009428,GPL10558,ILMN_1729801,-1.403531661206926,GSE69528 | healthy,healthy
GSE69528,GSM1702929,Healthy,13.16645444,GPL10558,ILMN_1729801,-1.3880830490635894,GSE69528 | healthy,healthy
GSE69528,GSM1702930,Healthy,13.24737629,GPL10558,ILMN_1729801,-1.1915266299529166,GSE69528 | healthy,healthy
GSE69528,GSM1702931,Healthy,13.15353574,GPL10558,ILMN_1729801,-1.4194621316174991,GSE69528 | healthy,healthy
GSE69528,GSM1702932,Healthy,13.51803097,GPL10558,ILMN_1729801,-0.5341156251829382,GSE69528 | healthy,healthy
GSE69528,GSM1702933,Healthy,13.21899948,GPL10558,ILMN_1729801,-1.2604529355104863,GSE69528 | healthy,healthy
GSE69528,GSM1702934,Healthy,13.24737629,GPL10558,ILMN_1729801,-1.1915266299529166,GSE69528 | healthy,healthy
GSE69528,GSM1702943,Sepsis,14.07506705,GPL10558,ILMN_1729801,0.8189060519073306,GSE69528 | healthy,healthy
GSE69528,GSM1702944,Sepsis,13.96946875,GPL10558,ILMN_1729801,0.5624113757206828,GSE69528 | healthy,healthy
GSE69528,GSM1702945,Sepsis,13.88322544,GPL10558,ILMN_1729801,0.3529293114098457,GSE69528 | healthy,healthy
GSE69528,GSM1702946,Sepsis,13.96145661,GPL10558,ILMN_1729801,0.5429501603899236,GSE69528 | healthy,healthy
GSE69528,GSM1702947,Sepsis,14.03638978,GPL10558,ILMN_1729801,0.7249602796322708,GSE69528 | healthy,healthy
GSE69528,GSM1702948,Sepsis,13.87081119,GPL10558,ILMN_1729801,0.3227755207347084,GSE69528 | healthy,healthy
GSE69528,GSM1702949,Sepsis,13.92742614,GPL10558,ILMN_1729801,0.4602913071401096,GSE69528 | healthy,healthy
GSE69528,GSM1702950,Sepsis,13.90179337,GPL10558,ILMN_1729801,0.3980301813367888,GSE69528 | healthy,healthy
GSE69528,GSM1702951,Sepsis,13.93394055,GPL10558,ILMN_1729801,0.47611458728285233,GSE69528 | healthy,healthy
GSE69528,GSM1702952,Sepsis,13.93394055,GPL10558,ILMN_1729801,0.47611458728285233,GSE69528 | healthy,healthy
GSE69528,GSM1702953,Sepsis,13.85212941,GPL10558,ILMN_1729801,0.2773981130331624,GSE69528 | healthy,healthy
GSE69528,GSM1702954,Sepsis,13.99865528,GPL10558,ILMN_1729801,0.6333044635957872,GSE69528 | healthy,healthy
GSE69528,GSM1702955,Sepsis,13.99865528,GPL10558,ILMN_1729801,0.6333044635957872,GSE69528 | healthy,healthy
GSE69528,GSM1702956,Sepsis,13.96946875,GPL10558,ILMN_1729801,0.5624113757206828,GSE69528 | healthy,healthy
GSE69528,GSM1702957,Sepsis,13.98397845,GPL10558,ILMN_1729801,0.5976549431177465,GSE69528 | healthy,healthy
GSE69528,GSM1702958,Sepsis,13.90179337,GPL10558,ILMN_1729801,0.3980301813367888,GSE69528 | healthy,healthy
GSE69528,GSM1702959,Sepsis,13.99865528,GPL10558,ILMN_1729801,0.6333044635957872,GSE69528 | healthy,healthy
GSE69528,GSM1702960,Sepsis,13.86487614,GPL10558,ILMN_1729801,0.3083594863108444,GSE69528 | healthy,healthy
GSE69528,GSM1702961,Sepsis,13.98397845,GPL10558,ILMN_1729801,0.5976549431177465,GSE69528 | healthy,healthy
GSE69528,GSM1702962,Sepsis,13.96946875,GPL10558,ILMN_1729801,0.5624113757206828,GSE69528 | healthy,healthy
GSE69528,GSM1702963,Sepsis,13.81792615,GPL10558,ILMN_1729801,0.19431955875503648,GSE69528 | healthy,healthy
GSE69528,GSM1702964,Sepsis,13.99865528,GPL10558,ILMN_1729801,0.6333044635957872,GSE69528 | healthy,healthy
GSE69528,GSM1702965,Sepsis,13.9542927,GPL10558,ILMN_1729801,0.5255492668558369,GSE69528 | healthy,healthy
GSE69528,GSM1702966,Sepsis,13.81792615,GPL10558,ILMN_1729801,0.19431955875503648,GSE69528 | healthy,healthy
GSE69528,GSM1702967,Sepsis,13.99865528,GPL10558,ILMN_1729801,0.6333044635957872,GSE69528 | healthy,healthy
GSE69528,GSM1702968,Sepsis,13.83255472,GPL10558,ILMN_1729801,0.229851857335824,GSE69528 | healthy,healthy
GSE69528,GSM1702969,Sepsis,13.84532907,GPL10558,ILMN_1729801,0.2608803186533372,GSE69528 | healthy,healthy
GSE69528,GSM1702970,Sepsis,13.97617664,GPL10558,ILMN_1729801,0.5787046121974588,GSE69528 | healthy,healthy
GSE69528,GSM1702971,Sepsis,13.96946875,GPL10558,ILMN_1729801,0.5624113757206828,GSE69528 | healthy,healthy
GSE69528,GSM1702972,Sepsis,13.88899464,GPL10558,ILMN_1729801,0.3669425018291604,GSE69528 | healthy,healthy
GSE69528,GSM1702973,Sepsis,13.90928873,GPL10558,ILMN_1729801,0.4162361556384811,GSE69528 | healthy,healthy
GSE69528,GSM1702974,Sepsis,13.85935873,GPL10558,ILMN_1729801,0.2949578852307242,GSE69528 | healthy,healthy
GSE69528,GSM1702975,Sepsis,13.93394055,GPL10558,ILMN_1729801,0.47611458728285233,GSE69528 | healthy,healthy
GSE69528,GSM1702976,Sepsis,13.89584501,GPL10558,ILMN_1729801,0.3835818173759908,GSE69528 | healthy,healthy
GSE69528,GSM1702977,Sepsis,13.91539933,GPL10558,ILMN_1729801,0.4310785950367103,GSE69528 | healthy,healthy
GSE69528,GSM1702978,Sepsis,13.81085794,GPL10558,ILMN_1729801,0.1771511172633721,GSE69528 | healthy,healthy
GSE69528,GSM1702979,Sepsis,13.81792615,GPL10558,ILMN_1729801,0.19431955875503648,GSE69528 | healthy,healthy
GSE69528,GSM1702980,Sepsis,13.99126446,GPL10558,ILMN_1729801,0.615352413395607,GSE69528 | healthy,healthy
GSE69528,GSM1702981,Sepsis,14.06038472,GPL10558,ILMN_1729801,0.7832431721165063,GSE69528 | healthy,healthy
GSE69528,GSM1702982,Sepsis,14.03638978,GPL10558,ILMN_1729801,0.7249602796322708,GSE69528 | healthy,healthy
GSE69528,GSM1702983,Sepsis,13.83862944,GPL10558,ILMN_1729801,0.24460714543539375,GSE69528 | healthy,healthy
GSE69528,GSM1702984,Sepsis,13.82528792,GPL10558,ILMN_1729801,0.21220104749406368,GSE69528 | healthy,healthy
GSE69528,GSM1702985,Sepsis,13.94060069,GPL10558,ILMN_1729801,0.49229184063501397,GSE69528 | healthy,healthy
GSE69528,GSM1702986,Sepsis,13.97617664,GPL10558,ILMN_1729801,0.5787046121974588,GSE69528 | healthy,healthy
GSE69528,GSM1702987,Sepsis,13.91539933,GPL10558,ILMN_1729801,0.4310785950367103,GSE69528 | healthy,healthy
GSE69528,GSM1702988,Sepsis,13.93394055,GPL10558,ILMN_1729801,0.47611458728285233,GSE69528 | healthy,healthy
GSE69528,GSM1702989,Sepsis,13.98397845,GPL10558,ILMN_1729801,0.5976549431177465,GSE69528 | healthy,healthy
GSE69528,GSM1702990,Sepsis,13.58698947,GPL10558,ILMN_1729801,-0.3666177759958075,GSE69528 | healthy,healthy
GSE69528,GSM1702991,Sepsis,13.87081119,GPL10558,ILMN_1729801,0.3227755207347084,GSE69528 | healthy,healthy
GSE69528,GSM1702992,Sepsis,13.96946875,GPL10558,ILMN_1729801,0.5624113757206828,GSE69528 | healthy,healthy
GSE69528,GSM1702993,Sepsis,13.63269508,GPL10558,ILMN_1729801,-0.2556004051019289,GSE69528 | healthy,healthy
GSE69528,GSM1702994,Sepsis,13.97617664,GPL10558,ILMN_1729801,0.5787046121974588,GSE69528 | healthy,healthy
GSE69528,GSM1702995,Sepsis,14.00642392,GPL10558,ILMN_1729801,0.652174225715165,GSE69528 | healthy,healthy
GSE69528,GSM1702996,Sepsis,14.04817028,GPL10558,ILMN_1729801,0.7535747131299403,GSE69528 | healthy,healthy
GSE69528,GSM1702997,Sepsis,13.86487614,GPL10558,ILMN_1729801,0.3083594863108444,GSE69528 | healthy,healthy
GSE69528,GSM1702998,Sepsis,13.85935873,GPL10558,ILMN_1729801,0.2949578852307242,GSE69528 | healthy,healthy
GSE69528,GSM1702999,Sepsis,13.9542927,GPL10558,ILMN_1729801,0.5255492668558369,GSE69528 | healthy,healthy
GSE69528,GSM1703000,Sepsis,13.98397845,GPL10558,ILMN_1729801,0.5976549431177465,GSE69528 | healthy,healthy
GSE69528,GSM1703001,Sepsis,14.01592956,GPL10558,ILMN_1729801,0.6752631017079318,GSE69528 | healthy,healthy
GSE69528,GSM1703002,Sepsis,14.01592956,GPL10558,ILMN_1729801,0.6752631017079318,GSE69528 | healthy,healthy
GSE69528,GSM1703003,Sepsis,13.81085794,GPL10558,ILMN_1729801,0.1771511172633721,GSE69528 | healthy,healthy
GSE69528,GSM1703004,Sepsis,13.88899464,GPL10558,ILMN_1729801,0.3669425018291604,GSE69528 | healthy,healthy
GSE69528,GSM1703005,Sepsis,13.97617664,GPL10558,ILMN_1729801,0.5787046121974588,GSE69528 | healthy,healthy
GSE69528,GSM1703006,Sepsis,13.89584501,GPL10558,ILMN_1729801,0.3835818173759908,GSE69528 | healthy,healthy
GSE69528,GSM1703007,Sepsis,14.13443158,GPL10558,ILMN_1729801,0.9631004745384023,GSE69528 | healthy,healthy
GSE69528,GSM1703008,Sepsis,13.90928873,GPL10558,ILMN_1729801,0.4162361556384811,GSE69528 | healthy,healthy
GSE69528,GSM1703009,Sepsis,13.94060069,GPL10558,ILMN_1729801,0.49229184063501397,GSE69528 | healthy,healthy
GSE69528,GSM1703010,Sepsis,11.111705,GPL10558,ILMN_1729801,-6.378999496179713,GSE69528 | healthy,healthy
GSE69528,GSM1703011,Sepsis,13.92742614,GPL10558,ILMN_1729801,0.4602913071401096,GSE69528 | healthy,healthy
GSE69528,GSM1703012,Sepsis,13.81085794,GPL10558,ILMN_1729801,0.1771511172633721,GSE69528 | healthy,healthy
GSE69528,GSM1703013,Sepsis,13.86487614,GPL10558,ILMN_1729801,0.3083594863108444,GSE69528 | healthy,healthy
GSE69528,GSM1703014,Sepsis,13.9542927,GPL10558,ILMN_1729801,0.5255492668558369,GSE69528 | healthy,healthy
GSE69528,GSM1703015,Sepsis,13.88899464,GPL10558,ILMN_1729801,0.3669425018291604,GSE69528 | healthy,healthy
GSE69528,GSM1703016,Sepsis,13.94773838,GPL10558,ILMN_1729801,0.5096290466816151,GSE69528 | healthy,healthy
GSE69528,GSM1703017,Sepsis,14.04817028,GPL10558,ILMN_1729801,0.7535747131299403,GSE69528 | healthy,healthy
GSE69528,GSM1703018,Sepsis,13.92138976,GPL10558,ILMN_1729801,0.445629145595469,GSE69528 | healthy,healthy
GSE69528,GSM1703019,Sepsis,13.41335896,GPL10558,ILMN_1729801,-0.7883603744900374,GSE69528 | healthy,healthy
GSE69528,GSM1703020,Sepsis,13.99865528,GPL10558,ILMN_1729801,0.6333044635957872,GSE69528 | healthy,healthy
GSE69528,GSM1703021,Sepsis,14.07506705,GPL10558,ILMN_1729801,0.8189060519073306,GSE69528 | healthy,healthy
GSE69528,GSM1703022,Sepsis,14.13443158,GPL10558,ILMN_1729801,0.9631004745384023,GSE69528 | healthy,healthy
GSE69528,GSM1703023,Sepsis,13.91539933,GPL10558,ILMN_1729801,0.4310785950367103,GSE69528 | healthy,healthy
GSE69528,GSM1703024,Sepsis,14.03638978,GPL10558,ILMN_1729801,0.7249602796322708,GSE69528 | healthy,healthy
GSE69528,GSM1703025,Sepsis,14.13443158,GPL10558,ILMN_1729801,0.9631004745384023,GSE69528 | healthy,healthy
GSE9692,GSM244467,Sepsis,2.14228025,GPL570,202917_s_at;214370_at,0.9424521635751009,GSE9692 | healthy,healthy
GSE9692,GSM244468,Sepsis,1.11359765,GPL570,202917_s_at;214370_at,-0.40595174800430717,GSE9692 | healthy,healthy
GSE9692,GSM244469,Sepsis,1.3315099,GPL570,202917_s_at;214370_at,-0.12031093879739566,GSE9692 | healthy,healthy
GSE9692,GSM244470,Sepsis,1.2338652,GPL570,202917_s_at;214370_at,-0.24830425318319116,GSE9692 | healthy,healthy
GSE9692,GSM244471,Sepsis,1.59058285,GPL570,202917_s_at;214370_at,0.219283586437518,GSE9692 | healthy,healthy
GSE9692,GSM244472,Sepsis,1.3903901,GPL570,202917_s_at;214370_at,-0.04313038573411057,GSE9692 | healthy,healthy
GSE9692,GSM244473,Sepsis,1.43272915,GPL570,202917_s_at;214370_at,0.012367919216858642,GSE9692 | healthy,healthy
GSE9692,GSM244474,Sepsis,1.66967595,GPL570,202917_s_at;214370_at,0.3229593416402804,GSE9692 | healthy,healthy
GSE9692,GSM244475,Sepsis,2.29833185,GPL570,202917_s_at;214370_at,1.1470056262741146,GSE9692 | healthy,healthy
GSE9692,GSM244476,Sepsis,1.287866785,GPL570,202917_s_at;214370_at,-0.17751862071940902,GSE9692 | healthy,healthy
GSE9692,GSM244477,Sepsis,1.93839945,GPL570,202917_s_at;214370_at,0.675203871229202,GSE9692 | healthy,healthy
GSE9692,GSM244478,Sepsis,1.41992865,GPL570,202917_s_at;214370_at,-0.0044110602955509184,GSE9692 | healthy,healthy
GSE9692,GSM244479,Sepsis,1.158254885,GPL570,202917_s_at;214370_at,-0.3474147509224853,GSE9692 | healthy,healthy
GSE9692,GSM244480,Sepsis,1.1528847,GPL570,202917_s_at;214370_at,-0.354454024708107,GSE9692 | healthy,healthy
GSE9692,GSM244481,Sepsis,1.19081145,GPL570,202917_s_at;214370_at,-0.30473939159047253,GSE9692 | healthy,healthy
GSE9692,GSM244482,Sepsis,1.23431855,GPL570,202917_s_at;214370_at,-0.24770999902421695,GSE9692 | healthy,healthy
GSE9692,GSM244483,Sepsis,1.8772052,GPL570,202917_s_at;214370_at,0.594990046220236,GSE9692 | healthy,healthy
GSE9692,GSM244484,Sepsis,1.56734285,GPL570,202917_s_at;214370_at,0.18882044172688942,GSE9692 | healthy,healthy
GSE9692,GSM244485,Sepsis,1.8253253,GPL570,202917_s_at;214370_at,0.5269855323960998,GSE9692 | healthy,healthy
GSE9692,GSM244486,Sepsis,1.21734398,GPL570,202917_s_at;214370_at,-0.26996037692054603,GSE9692 | healthy,healthy
GSE9692,GSM244487,Sepsis,1.3967058,GPL570,202917_s_at;214370_at,-0.034851724673485934,GSE9692 | healthy,healthy
GSE9692,GSM244488,Healthy,0.22292361,GPL570,202917_s_at;214370_at,-1.573453132277973,GSE9692 | healthy,healthy
GSE9692,GSM244489,Healthy,0.34575565,GPL570,202917_s_at;214370_at,-1.4124440871135284,GSE9692 | healthy,healthy
GSE9692,GSM244490,Healthy,0.43677974,GPL570,202917_s_at;214370_at,-1.2931291118199288,GSE9692 | healthy,healthy
GSE9692,GSM244491,Healthy,0.65795445,GPL570,202917_s_at;214370_at,-1.0032118486073098,GSE9692 | healthy,healthy
GSE9692,GSM244492,Healthy,1.1427341,GPL570,202917_s_at;214370_at,-0.3677594978879566,GSE9692 | healthy,healthy
GSE9692,GSM244493,Healthy,1.2875776,GPL570,202917_s_at;214370_at,-0.17789768631765093,GSE9692 | healthy,healthy
GSE9692,GSM244494,Healthy,1.40705475,GPL570,202917_s_at;214370_at,-0.021286253010273738,GSE9692 | healthy,healthy
GSE9692,GSM244495,Healthy,0.9488815,GPL570,202917_s_at;214370_at,-0.6218627597782989,GSE9692 | healthy,healthy
GSE9692,GSM244496,Healthy,0.88822934,GPL570,202917_s_at;214370_at,-0.7013660096531779,GSE9692 | healthy,healthy
GSE9692,GSM244497,Healthy,0.62790992,GPL570,202917_s_at;214370_at,-1.0425944159546772,GSE9692 | healthy,healthy
GSE9692,GSM244498,Healthy,1.23694865,GPL570,202917_s_at;214370_at,-0.2442624466617633,GSE9692 | healthy,healthy
GSE9692,GSM244499,Sepsis,5.4625382,GPL570,202917_s_at;214370_at,5.294668101934149,GSE9692 | healthy,healthy
GSE9692,GSM244500,Sepsis,2.18820235,GPL570,202917_s_at;214370_at,1.0026471540103823,GSE9692 | healthy,healthy
GSE9692,GSM244501,Sepsis,1.259722825,GPL570,202917_s_at;214370_at,-0.21440990842208266,GSE9692 | healthy,healthy
GSE9692,GSM244502,Sepsis,1.6811038,GPL570,202917_s_at;214370_at,0.3379390425129721,GSE9692 | healthy,healthy
GSE9692,GSM244503,Sepsis,2.0515773,GPL570,202917_s_at;214370_at,0.8235581407037197,GSE9692 | healthy,healthy
GSE9692,GSM244504,Sepsis,1.18829065,GPL570,202917_s_at;214370_at,-0.3080436727947133,GSE9692 | healthy,healthy
GSE9692,GSM244505,Sepsis,1.4935946,GPL570,202917_s_at;214370_at,0.09215075102527165,GSE9692 | healthy,healthy
GSE9692,GSM244506,Sepsis,1.1839247,GPL570,202917_s_at;214370_at,-0.31376658874348123,GSE9692 | healthy,healthy
GSE9692,GSM244507,Healthy,1.09336025,GPL570,202917_s_at;214370_at,-0.432479064904775,GSE9692 | healthy,healthy
GSE9692,GSM244508,Healthy,1.44932465,GPL570,202917_s_at;214370_at,0.03412140966630956,GSE9692 | healthy,healthy
GSE9692,GSM244509,Healthy,1.33334365,GPL570,202917_s_at;214370_at,-0.11790724724777787,GSE9692 | healthy,healthy
GSE9692,GSM244510,Healthy,1.30089545,GPL570,202917_s_at;214370_at,-0.16044056102572146,GSE9692 | healthy,healthy
GSE9692,GSM244511,Sepsis,1.69024275,GPL570,202917_s_at;214370_at,0.3499184382252437,GSE9692 | healthy,healthy
