"fold","strategy","algorithm","ROC_AUC","PR_AUC","sensitivity","specificity","balanced_accuracy","PPV","NPV","F1","MCC","Brier","calibration_slope"
"Fold1.Rep01","unweighted","LASSO",1,1,1,0.666666666666667,0.833333333333333,0.980645161290323,1,0.990228013029316,0.808556393123086,0.0088489955015269,55.5751245735457
"Fold1.Rep01","unweighted","glmBoost",1,1,1,0.888888888888889,0.944444444444444,0.993464052287582,1,0.99672131147541,0.939722915326088,0.00845548556811744,52.6760538661278
"Fold1.Rep01","unweighted","Ranger",1,1,1,1,1,1,1,1,1,0.00265368944099379,27.3507569981732
"Fold1.Rep01","unweighted","XGBoost",1,1,1,1,1,1,1,1,1,0.000263420837122512,7.96430861345681
"Fold2.Rep01","unweighted","LASSO",1,1,1,1,1,1,1,1,1,0.0017296933771434,20.2515292776984
"Fold2.Rep01","unweighted","glmBoost",1,1,1,1,1,1,1,1,1,0.00649760142296963,38.6126127340655
"Fold2.Rep01","unweighted","Ranger",1,1,1,0.875,0.9375,0.993464052287582,1,0.99672131147541,0.932352425723039,0.0030569,52.748736956639
"Fold2.Rep01","unweighted","XGBoost",1,1,1,0.875,0.9375,0.993464052287582,1,0.99672131147541,0.932352425723039,0.0051649151238845,29.7216696872038
"Fold3.Rep01","unweighted","LASSO",0.999177631578947,0.999956859206933,1,0.875,0.9375,0.993464052287582,1,0.99672131147541,0.932352425723039,0.00474307069242112,8.97349388576387
"Fold3.Rep01","unweighted","glmBoost",1,1,1,0.875,0.9375,0.993464052287582,1,0.99672131147541,0.932352425723039,0.00904580173605676,317.093784506609
"Fold3.Rep01","unweighted","Ranger",1,1,1,1,1,1,1,1,1,0.004317925,66.3398559228295
"Fold3.Rep01","unweighted","XGBoost",0.999177631578947,0.999956859206933,0.993421052631579,1,0.996710526315789,1,0.888888888888889,0.996699669966997,0.939702578304707,0.00422743526208077,9.65975142326294
"Fold4.Rep01","unweighted","LASSO",1,1,1,0.888888888888889,0.944444444444444,0.993464052287582,1,0.99672131147541,0.939722915326088,0.00256020005056094,25.1877962652461
"Fold4.Rep01","unweighted","glmBoost",1,1,1,0.888888888888889,0.944444444444444,0.993464052287582,1,0.99672131147541,0.939722915326088,0.0100020420461751,88.5075365761887
"Fold4.Rep01","unweighted","Ranger",0.999269005847953,0.999956859206933,0.993421052631579,0.888888888888889,0.941154970760234,0.993421052631579,0.888888888888889,0.993421052631579,0.882309941520468,0.00654626086956522,1.74974045427082
"Fold4.Rep01","unweighted","XGBoost",0.999269005847953,0.999956859206933,0.993421052631579,1,0.996710526315789,1,0.9,0.996699669966997,0.945557479674515,0.00482525818665662,1.48773209393033
"Fold5.Rep01","unweighted","LASSO",0.999177631578947,0.999956859206933,1,0.75,0.875,0.987012987012987,1,0.993464052287582,0.86038348441828,0.00846589129471393,2.18985614946261
"Fold5.Rep01","unweighted","glmBoost",0.999177631578947,0.999956859206933,1,0.875,0.9375,0.993464052287582,1,0.99672131147541,0.932352425723039,0.00886287058404635,3.04665648222068
"Fold5.Rep01","unweighted","Ranger",0.998355263157895,0.999913433654095,1,0.875,0.9375,0.993464052287582,1,0.99672131147541,0.932352425723039,0.007094175,1.36508812832351
"Fold5.Rep01","unweighted","XGBoost",0.998355263157895,0.999913433654095,1,0.875,0.9375,0.993464052287582,1,0.99672131147541,0.932352425723039,0.00685177580725877,1.41814745594235
"Fold1.Rep02","unweighted","LASSO",1,1,1,0.875,0.9375,0.993464052287582,1,0.99672131147541,0.932352425723039,0.00566629237292005,43.7688110482955
"Fold1.Rep02","unweighted","glmBoost",1,1,1,0.875,0.9375,0.993464052287582,1,0.99672131147541,0.932352425723039,0.0100743018138745,94.7411045364294
"Fold1.Rep02","unweighted","Ranger",1,1,1,0.875,0.9375,0.993464052287582,1,0.99672131147541,0.932352425723039,0.00517745,137.985668252988
"Fold1.Rep02","unweighted","XGBoost",1,1,1,0.875,0.9375,0.993464052287582,1,0.99672131147541,0.932352425723039,0.00744869092131451,242.250182756858
"Fold2.Rep02","unweighted","LASSO",1,1,1,0.888888888888889,0.944444444444444,0.993464052287582,1,0.99672131147541,0.939722915326088,0.00374590944771853,32.5483800778263
"Fold2.Rep02","unweighted","glmBoost",1,1,1,1,1,1,1,1,1,0.00338602744791272,26.3041831042262
"Fold2.Rep02","unweighted","Ranger",1,1,1,1,1,1,1,1,1,0.00189180124223602,15.0819273956874
"Fold2.Rep02","unweighted","XGBoost",1,1,1,1,1,1,1,1,1,0.000860303060608013,10.5729183893716
"Fold3.Rep02","unweighted","LASSO",1,1,1,0.888888888888889,0.944444444444444,0.993464052287582,1,0.99672131147541,0.939722915326088,0.00405963768633883,25.6435936321454
"Fold3.Rep02","unweighted","glmBoost",1,1,1,0.888888888888889,0.944444444444444,0.993464052287582,1,0.99672131147541,0.939722915326088,0.00769723417631514,59.8203565922576
"Fold3.Rep02","unweighted","Ranger",0.999269005847953,0.999956859206933,1,0.888888888888889,0.944444444444444,0.993464052287582,1,0.99672131147541,0.939722915326088,0.00428939268461008,2.00933352095172
"Fold3.Rep02","unweighted","XGBoost",1,1,1,0.888888888888889,0.944444444444444,0.993464052287582,1,0.99672131147541,0.939722915326088,0.00413641526857282,299.653801544933
"Fold4.Rep02","unweighted","LASSO",0.993421052631579,0.999655113810377,1,0.625,0.8125,0.980645161290323,1,0.990228013029316,0.782881361258813,0.0150425013110062,2.06440545049268
"Fold4.Rep02","unweighted","glmBoost",0.997532894736842,0.999869719557262,1,0.75,0.875,0.987012987012987,1,0.993464052287582,0.86038348441828,0.0110667526570851,3.45451642018813
"Fold4.Rep02","unweighted","Ranger",0.998355263157895,0.999914280512879,0.993421052631579,1,0.996710526315789,1,0.888888888888889,0.996699669966997,0.939702578304707,0.00760995,3.44580824042208
"Fold4.Rep02","unweighted","XGBoost",0.998355263157895,0.999914280512879,0.986842105263158,1,0.993421052631579,1,0.8,0.993377483443709,0.888523316638638,0.00708802547791448,1.83207202168381
"Fold5.Rep02","unweighted","LASSO",1,1,0.993421052631579,1,0.996710526315789,1,0.888888888888889,0.996699669966997,0.939702578304707,0.00267984735559678,21.7798087152942
"Fold5.Rep02","unweighted","glmBoost",1,1,1,1,1,1,1,1,1,0.00707891540295545,32.2849711723291
"Fold5.Rep02","unweighted","Ranger",1,1,1,1,1,1,1,1,1,0.003254375,20.9599752053817
"Fold5.Rep02","unweighted","XGBoost",1,1,1,1,1,1,1,1,1,0.00158285631210179,12.70136987322
"Fold1.Rep03","unweighted","LASSO",1,1,1,1,1,1,1,1,1,0.00287700370033681,33.8385553547366
"Fold1.Rep03","unweighted","glmBoost",1,1,1,0.888888888888889,0.944444444444444,0.993464052287582,1,0.99672131147541,0.939722915326088,0.00445385409033547,22.1452949046317
"Fold1.Rep03","unweighted","Ranger",0.998538011695906,0.999913433654095,0.993421052631579,0.888888888888889,0.941154970760234,0.993421052631579,0.888888888888889,0.993421052631579,0.882309941520468,0.00702216149068323,1.13721044326526
"Fold1.Rep03","unweighted","XGBoost",0.998538011695906,0.999913433654095,0.993421052631579,0.888888888888889,0.941154970760234,0.993421052631579,0.888888888888889,0.993421052631579,0.882309941520468,0.00881994431862476,1.00501654347156
"Fold2.Rep03","unweighted","LASSO",1,1,1,1,1,1,1,1,1,0.00116996589080662,14.935547133535
"Fold2.Rep03","unweighted","glmBoost",1,1,1,1,1,1,1,1,1,0.0089150900641806,34.246553073365
"Fold2.Rep03","unweighted","Ranger",1,1,0.993421052631579,1,0.996710526315789,1,0.9,0.996699669966997,0.945557479674515,0.00400673291925466,39.5160088981844
"Fold2.Rep03","unweighted","XGBoost",0.999269005847953,0.999956859206933,0.993421052631579,1,0.996710526315789,1,0.9,0.996699669966997,0.945557479674515,0.00519844326471868,2.62273597487389
"Fold3.Rep03","unweighted","LASSO",0.999177631578947,0.999956859206933,1,0.875,0.9375,0.993464052287582,1,0.99672131147541,0.932352425723039,0.0046740702060174,2.2831273857191
"Fold3.Rep03","unweighted","glmBoost",0.999177631578947,0.999956859206933,1,0.875,0.9375,0.993464052287582,1,0.99672131147541,0.932352425723039,0.0105233103824084,3.16473773181799
"Fold3.Rep03","unweighted","Ranger",0.997944078947368,0.999891552238882,1,0.875,0.9375,0.993464052287582,1,0.99672131147541,0.932352425723039,0.008417125,2.18927162112879
"Fold3.Rep03","unweighted","XGBoost",0.997532894736842,0.999869719557262,1,0.875,0.9375,0.993464052287582,1,0.99672131147541,0.932352425723039,0.00685307220722773,1.35347143622874
"Fold4.Rep03","unweighted","LASSO",1,1,1,1,1,1,1,1,1,0.00150706356428861,8.31073688274612
"Fold4.Rep03","unweighted","glmBoost",1,1,1,1,1,1,1,1,1,0.00630839153063457,49.2075833013727
"Fold4.Rep03","unweighted","Ranger",1,1,1,0.875,0.9375,0.993464052287582,1,0.99672131147541,0.932352425723039,0.00416625,89.342278433651
"Fold4.Rep03","unweighted","XGBoost",1,1,1,0.875,0.9375,0.993464052287582,1,0.99672131147541,0.932352425723039,0.0040390266215535,38.0767198080127
"Fold5.Rep03","unweighted","LASSO",1,1,1,0.875,0.9375,0.993464052287582,1,0.99672131147541,0.932352425723039,0.00675253004771012,136.205082428708
"Fold5.Rep03","unweighted","glmBoost",1,1,1,0.875,0.9375,0.993464052287582,1,0.99672131147541,0.932352425723039,0.00766638041029308,414.487984159873
"Fold5.Rep03","unweighted","Ranger",1,1,1,1,1,1,1,1,1,0.00183585129861111,21.612316302762
"Fold5.Rep03","unweighted","XGBoost",1,1,1,1,1,1,1,1,1,0.00137688633685092,25.1246762576956
"Fold1.Rep04","unweighted","LASSO",0.999177631578947,0.999956859206933,1,0.875,0.9375,0.993464052287582,1,0.99672131147541,0.932352425723039,0.00399970480072558,2.1999599723537
"Fold1.Rep04","unweighted","glmBoost",0.999177631578947,0.999956859206933,1,0.875,0.9375,0.993464052287582,1,0.99672131147541,0.932352425723039,0.00521955016326532,4.16735133348821
"Fold1.Rep04","unweighted","Ranger",1,1,1,0.875,0.9375,0.993464052287582,1,0.99672131147541,0.932352425723039,0.0037826,27.7913188745953
"Fold1.Rep04","unweighted","XGBoost",1,1,1,0.875,0.9375,0.993464052287582,1,0.99672131147541,0.932352425723039,0.00284700812134141,16.2797871775236
"Fold2.Rep04","unweighted","LASSO",0.99780701754386,0.999872253003179,1,0.666666666666667,0.833333333333333,0.980645161290323,1,0.990228013029316,0.808556393123086,0.0137924232434772,2.190777856996
"Fold2.Rep04","unweighted","glmBoost",0.998538011695906,0.999914280512879,0.993421052631579,0.777777777777778,0.885599415204678,0.986928104575163,0.875,0.99016393442623,0.815302364859394,0.0123839513252265,2.8034497771461
"Fold2.Rep04","unweighted","Ranger",0.996345029239766,0.999783134362216,1,0.777777777777778,0.888888888888889,0.987012987012987,1,0.993464052287582,0.876171654230361,0.0107021900069013,1.32486335887747
"Fold2.Rep04","unweighted","XGBoost",0.994883040935672,0.999694228315066,1,0.777777777777778,0.888888888888889,0.987012987012987,1,0.993464052287582,0.876171654230361,0.0128335112627514,1.82066159972823
"Fold3.Rep04","unweighted","LASSO",1,1,1,0.75,0.875,0.987012987012987,1,0.993464052287582,0.86038348441828,0.00810108447458869,101.984240413592
"Fold3.Rep04","unweighted","glmBoost",1,1,1,0.875,0.9375,0.993464052287582,1,0.99672131147541,0.932352425723039,0.00796570751657202,60.6123779739589
"Fold3.Rep04","unweighted","Ranger",1,1,1,0.875,0.9375,0.993464052287582,1,0.99672131147541,0.932352425723039,0.00411000827777778,99.2329877028737
"Fold3.Rep04","unweighted","XGBoost",1,1,1,0.875,0.9375,0.993464052287582,1,0.99672131147541,0.932352425723039,0.00296253755531636,49.3449362999968
"Fold4.Rep04","unweighted","LASSO",1,1,1,0.875,0.9375,0.993464052287582,1,0.99672131147541,0.932352425723039,0.00341097558158472,40.4379800848507
"Fold4.Rep04","unweighted","glmBoost",1,1,1,1,1,1,1,1,1,0.00326379350582245,24.7962151256277
"Fold4.Rep04","unweighted","Ranger",1,1,0.993421052631579,1,0.996710526315789,1,0.888888888888889,0.996699669966997,0.939702578304707,0.002988775,23.7091441691993
"Fold4.Rep04","unweighted","XGBoost",1,1,0.993421052631579,1,0.996710526315789,1,0.888888888888889,0.996699669966997,0.939702578304707,0.00474916503626251,73.152487531593
"Fold5.Rep04","unweighted","LASSO",1,1,0.993421052631579,1,0.996710526315789,1,0.9,0.996699669966997,0.945557479674515,0.00216494565156658,23.8162012910173
"Fold5.Rep04","unweighted","glmBoost",1,1,1,0.888888888888889,0.944444444444444,0.993464052287582,1,0.99672131147541,0.939722915326088,0.0106686598952111,95.2158013390172
"Fold5.Rep04","unweighted","Ranger",1,1,1,1,1,1,1,1,1,0.00231625191856453,17.4775814952558
"Fold5.Rep04","unweighted","XGBoost",1,1,1,1,1,1,1,1,1,0.00144704533148776,13.7080812567342
"Fold1.Rep05","unweighted","LASSO",0.999269005847953,0.999956859206933,1,0.555555555555556,0.777777777777778,0.974358974358974,1,0.987012987012987,0.735738092877174,0.0146077667334412,4.07558218223876
"Fold1.Rep05","unweighted","glmBoost",0.999269005847953,0.999956859206933,1,0.555555555555556,0.777777777777778,0.974358974358974,1,0.987012987012987,0.735738092877174,0.0127398613066893,5.94485303947945
"Fold1.Rep05","unweighted","Ranger",1,1,1,1,1,1,1,1,1,0.00355296894409938,44.4858896166938
"Fold1.Rep05","unweighted","XGBoost",1,1,1,1,1,1,1,1,1,0.0010121327453649,12.4806505388889
"Fold2.Rep05","unweighted","LASSO",0.998355263157895,0.999914280512879,1,0.625,0.8125,0.980645161290323,1,0.990228013029316,0.782881361258813,0.0119855049261339,2.76253674646525
"Fold2.Rep05","unweighted","glmBoost",0.999177631578947,0.999956859206933,1,0.75,0.875,0.987012987012987,1,0.993464052287582,0.86038348441828,0.010826814597975,3.40911966318899
"Fold2.Rep05","unweighted","Ranger",0.997532894736842,0.999870854960041,1,0.75,0.875,0.987012987012987,1,0.993464052287582,0.86038348441828,0.00939458720138889,1.91522902643359
"Fold2.Rep05","unweighted","XGBoost",0.997532894736842,0.999869719557262,1,0.875,0.9375,0.993464052287582,1,0.99672131147541,0.932352425723039,0.00784783494001362,1.53672983088515
"Fold3.Rep05","unweighted","LASSO",1,1,1,1,1,1,1,1,1,0.00444667615856289,20.0687000871781
"Fold3.Rep05","unweighted","glmBoost",1,1,1,1,1,1,1,1,1,0.00612252165599528,22.9967269659227
"Fold3.Rep05","unweighted","Ranger",1,1,1,1,1,1,1,1,1,0.00174852173913043,15.8155311971463
"Fold3.Rep05","unweighted","XGBoost",1,1,1,1,1,1,1,1,1,0.0028292765199172,14.2989672144795
"Fold4.Rep05","unweighted","LASSO",1,1,1,1,1,1,1,1,1,0.000471858778086208,11.9738467891245
"Fold4.Rep05","unweighted","glmBoost",1,1,1,1,1,1,1,1,1,0.00218763264136333,19.0794444218145
"Fold4.Rep05","unweighted","Ranger",1,1,0.993421052631579,1,0.996710526315789,1,0.888888888888889,0.996699669966997,0.939702578304707,0.00324097909027778,27.3480420459222
"Fold4.Rep05","unweighted","XGBoost",1,1,0.986842105263158,1,0.993421052631579,1,0.8,0.993377483443709,0.888523316638638,0.00835648943915578,579.727476221103
"Fold5.Rep05","unweighted","LASSO",1,1,1,0.875,0.9375,0.993464052287582,1,0.99672131147541,0.932352425723039,0.00280789356126507,38.72814889204
"Fold5.Rep05","unweighted","glmBoost",1,1,1,0.875,0.9375,0.993464052287582,1,0.99672131147541,0.932352425723039,0.00475762892326739,51.184463200107
"Fold5.Rep05","unweighted","Ranger",0.998355263157895,0.999913433654095,1,0.875,0.9375,0.993464052287582,1,0.99672131147541,0.932352425723039,0.006865075,1.83114132097042
"Fold5.Rep05","unweighted","XGBoost",0.998355263157895,0.999913433654095,1,0.875,0.9375,0.993464052287582,1,0.99672131147541,0.932352425723039,0.00816484110304884,6.47842082722085
"Fold1.Rep06","unweighted","LASSO",1,1,1,1,1,1,1,1,1,0.000455361878298858,11.0012704026361
"Fold1.Rep06","unweighted","glmBoost",1,1,1,1,1,1,1,1,1,0.00381174920668182,22.5457370679442
"Fold1.Rep06","unweighted","Ranger",1,1,1,1,1,1,1,1,1,0.0031663,61.3687284747001
"Fold1.Rep06","unweighted","XGBoost",1,1,1,0.875,0.9375,0.993464052287582,1,0.99672131147541,0.932352425723039,0.00547119793128834,87.4727367889225
"Fold2.Rep06","unweighted","LASSO",0.999177631578947,0.999956859206933,1,0.875,0.9375,0.993464052287582,1,0.99672131147541,0.932352425723039,0.00573637677986943,2.13871757147002
"Fold2.Rep06","unweighted","glmBoost",0.999177631578947,0.999956859206933,1,0.875,0.9375,0.993464052287582,1,0.99672131147541,0.932352425723039,0.00970142778458455,7.60557728754234
"Fold2.Rep06","unweighted","Ranger",1,1,1,1,1,1,1,1,1,0.003204675,37.1148171506538
"Fold2.Rep06","unweighted","XGBoost",1,1,1,0.875,0.9375,0.993464052287582,1,0.99672131147541,0.932352425723039,0.00202963369604078,14.077998415162
"Fold3.Rep06","unweighted","LASSO",1,1,1,0.777777777777778,0.888888888888889,0.987012987012987,1,0.993464052287582,0.876171654230361,0.0068446603912637,26.4673111555588
"Fold3.Rep06","unweighted","glmBoost",1,1,1,1,1,1,1,1,1,0.00606624465193061,29.1296339707089
"Fold3.Rep06","unweighted","Ranger",1,1,1,1,1,1,1,1,1,0.00213932919254658,18.4605986023058
"Fold3.Rep06","unweighted","XGBoost",1,1,1,1,1,1,1,1,1,0.0035736977393041,22.7334152798968
"Fold4.Rep06","unweighted","LASSO",1,1,1,0.888888888888889,0.944444444444444,0.993464052287582,1,0.99672131147541,0.939722915326088,0.00302645263026752,38.6846481746342
"Fold4.Rep06","unweighted","glmBoost",1,1,1,0.888888888888889,0.944444444444444,0.993464052287582,1,0.99672131147541,0.939722915326088,0.00856162977217982,96.3600347109268
"Fold4.Rep06","unweighted","Ranger",0.999269005847953,0.999956859206933,0.993421052631579,0.888888888888889,0.941154970760234,0.993421052631579,0.888888888888889,0.993421052631579,0.882309941520468,0.00821450931677019,1.01196525788044
"Fold4.Rep06","unweighted","XGBoost",0.999269005847953,0.999956859206933,0.993421052631579,0.888888888888889,0.941154970760234,0.993421052631579,0.888888888888889,0.993421052631579,0.882309941520468,0.00990805525742631,1.00675639767977
"Fold5.Rep06","unweighted","LASSO",0.999177631578947,0.999956859206933,1,0.875,0.9375,0.993464052287582,1,0.99672131147541,0.932352425723039,0.00740428840014937,2.2426607833574
"Fold5.Rep06","unweighted","glmBoost",0.998355263157895,0.999913433654095,1,0.875,0.9375,0.993464052287582,1,0.99672131147541,0.932352425723039,0.00710925276129666,2.47426930726707
"Fold5.Rep06","unweighted","Ranger",0.998355263157895,0.999913433654095,1,0.875,0.9375,0.993464052287582,1,0.99672131147541,0.932352425723039,0.006572075,2.05909007065834
"Fold5.Rep06","unweighted","XGBoost",0.999177631578947,0.999956859206933,1,0.875,0.9375,0.993464052287582,1,0.99672131147541,0.932352425723039,0.00403703469344814,1.99968890877845
"Fold1.Rep07","unweighted","LASSO",1,1,1,0.875,0.9375,0.993464052287582,1,0.99672131147541,0.932352425723039,0.00841494385824216,117.543285255677
"Fold1.Rep07","unweighted","glmBoost",1,1,1,1,1,1,1,1,1,0.00353387826025069,23.6898648071565
"Fold1.Rep07","unweighted","Ranger",1,1,1,0.875,0.9375,0.993464052287582,1,0.99672131147541,0.932352425723039,0.00329782643055556,49.1638721853643
"Fold1.Rep07","unweighted","XGBoost",1,1,1,0.875,0.9375,0.993464052287582,1,0.99672131147541,0.932352425723039,0.00241530789300636,18.6674728084773
"Fold2.Rep07","unweighted","LASSO",1,1,1,1,1,1,1,1,1,0.00164890564153562,13.8398644083061
"Fold2.Rep07","unweighted","glmBoost",1,1,1,1,1,1,1,1,1,0.00337453631363447,15.8098419067205
"Fold2.Rep07","unweighted","Ranger",1,1,1,1,1,1,1,1,1,0.000951712999999999,13.0124344394388
"Fold2.Rep07","unweighted","XGBoost",1,1,1,1,1,1,1,1,1,0.00241194491452961,11.9134356161084
"Fold3.Rep07","unweighted","LASSO",1,1,1,1,1,1,1,1,1,0.00147171244761802,18.1303701529476
"Fold3.Rep07","unweighted","glmBoost",1,1,1,1,1,1,1,1,1,0.00559192013566214,60.0160114816778
"Fold3.Rep07","unweighted","Ranger",1,1,1,1,1,1,1,1,1,0.00350206211180124,26.6433682464094
"Fold3.Rep07","unweighted","XGBoost",1,1,1,1,1,1,1,1,1,0.000879438363757546,16.0637854204892
"Fold4.Rep07","unweighted","LASSO",0.999177631578947,0.999956859206933,1,0.375,0.6875,0.968152866242038,1,0.983818770226537,0.60254238426916,0.0142281760015679,19.8343025910807
"Fold4.Rep07","unweighted","glmBoost",1,1,1,0.75,0.875,0.987012987012987,1,0.993464052287582,0.86038348441828,0.0107130754200795,144.297450803792
"Fold4.Rep07","unweighted","Ranger",0.997532894736842,0.999870854960041,0.993421052631579,0.75,0.871710526315789,0.986928104575163,0.857142857142857,0.99016393442623,0.79214905343386,0.0107103480069444,1.17472365386994
"Fold4.Rep07","unweighted","XGBoost",0.997532894736842,0.999870854960041,0.993421052631579,0.875,0.934210526315789,0.993421052631579,0.875,0.993421052631579,0.868421052631579,0.0127435203819479,1.62459310424933
"Fold5.Rep07","unweighted","LASSO",1,1,1,0.888888888888889,0.944444444444444,0.993464052287582,1,0.99672131147541,0.939722915326088,0.00409867710830574,72.6755642470976
"Fold5.Rep07","unweighted","glmBoost",1,1,1,0.888888888888889,0.944444444444444,0.993464052287582,1,0.99672131147541,0.939722915326088,0.00784566646971225,143.765287428116
"Fold5.Rep07","unweighted","Ranger",1,1,1,1,1,1,1,1,1,0.00533863354037267,45.2236490179152
"Fold5.Rep07","unweighted","XGBoost",1,1,1,1,1,1,1,1,1,0.00223166033224106,27.4080958752972
"Fold1.Rep08","unweighted","LASSO",1,1,1,1,1,1,1,1,1,0.000803565236096076,9.21117867197079
"Fold1.Rep08","unweighted","glmBoost",1,1,1,1,1,1,1,1,1,0.00284175529442142,24.5295204235644
"Fold1.Rep08","unweighted","Ranger",1,1,1,0.888888888888889,0.944444444444444,0.993464052287582,1,0.99672131147541,0.939722915326088,0.00303532444444444,44.6505965429599
"Fold1.Rep08","unweighted","XGBoost",1,1,1,0.888888888888889,0.944444444444444,0.993464052287582,1,0.99672131147541,0.939722915326088,0.00371535519909035,21.0063043168081
"Fold2.Rep08","unweighted","LASSO",1,1,1,0.75,0.875,0.987012987012987,1,0.993464052287582,0.86038348441828,0.00606571118106055,21.7472692219768
"Fold2.Rep08","unweighted","glmBoost",1,1,1,0.75,0.875,0.987012987012987,1,0.993464052287582,0.86038348441828,0.0112656627778263,65.7055009389475
"Fold2.Rep08","unweighted","Ranger",1,1,1,0.75,0.875,0.987012987012987,1,0.993464052287582,0.86038348441828,0.0085379,79.5092439500612
"Fold2.Rep08","unweighted","XGBoost",1,1,1,0.75,0.875,0.987012987012987,1,0.993464052287582,0.86038348441828,0.00897875534451544,20.4538281538068
"Fold3.Rep08","unweighted","LASSO",1,1,1,0.875,0.9375,0.993464052287582,1,0.99672131147541,0.932352425723039,0.00491047218249227,129.667986803994
"Fold3.Rep08","unweighted","glmBoost",1,1,1,0.875,0.9375,0.993464052287582,1,0.99672131147541,0.932352425723039,0.00644942308556393,89.5297906480246
"Fold3.Rep08","unweighted","Ranger",0.998355263157895,0.999913433654095,1,0.875,0.9375,0.993464052287582,1,0.99672131147541,0.932352425723039,0.006842975,1.55578059248498
"Fold3.Rep08","unweighted","XGBoost",0.999177631578947,0.999956859206933,1,0.875,0.9375,0.993464052287582,1,0.99672131147541,0.932352425723039,0.00605427807140418,3.76729088951014
"Fold4.Rep08","unweighted","LASSO",1,1,0.993421052631579,1,0.996710526315789,1,0.888888888888889,0.996699669966997,0.939702578304707,0.00264638621577743,24.8450162419102
"Fold4.Rep08","unweighted","glmBoost",1,1,1,1,1,1,1,1,1,0.00427868080346149,24.8129136653851
"Fold4.Rep08","unweighted","Ranger",1,1,0.986842105263158,1,0.993421052631579,1,0.8,0.993377483443709,0.888523316638638,0.00716405,45.8362264391738
"Fold4.Rep08","unweighted","XGBoost",1,1,0.993421052631579,1,0.996710526315789,1,0.888888888888889,0.996699669966997,0.939702578304707,0.00670769524162506,161.778038900396
"Fold5.Rep08","unweighted","LASSO",1,1,1,0.666666666666667,0.833333333333333,0.980645161290323,1,0.990228013029316,0.808556393123086,0.00991909921289323,66.8570237979203
"Fold5.Rep08","unweighted","glmBoost",1,1,1,1,1,1,1,1,1,0.00534889772315519,37.1238284765239
"Fold5.Rep08","unweighted","Ranger",1,1,1,1,1,1,1,1,1,0.00288628571428571,21.2906615845092
"Fold5.Rep08","unweighted","XGBoost",1,1,1,1,1,1,1,1,1,0.00114627377314667,14.8890452040035
"Fold1.Rep09","unweighted","LASSO",0.999269005847953,0.999956859206933,1,0.888888888888889,0.944444444444444,0.993464052287582,1,0.99672131147541,0.939722915326088,0.00560951194300176,1.82769871330203
"Fold1.Rep09","unweighted","glmBoost",0.999269005847953,0.999956859206933,1,0.888888888888889,0.944444444444444,0.993464052287582,1,0.99672131147541,0.939722915326088,0.00885404916032493,3.06857080287921
"Fold1.Rep09","unweighted","Ranger",0.997076023391813,0.999827140863208,0.993421052631579,0.777777777777778,0.885599415204678,0.986928104575163,0.875,0.99016393442623,0.815302364859394,0.00984154037267081,1.63898793447055
"Fold1.Rep09","unweighted","XGBoost",0.99780701754386,0.999870854960041,0.993421052631579,0.777777777777778,0.885599415204678,0.986928104575163,0.875,0.99016393442623,0.815302364859394,0.0099364983844535,1.29359465557326
"Fold2.Rep09","unweighted","LASSO",0.998355263157895,0.999914280512879,1,0.75,0.875,0.987012987012987,1,0.993464052287582,0.86038348441828,0.00741312659430157,3.40758727028863
"Fold2.Rep09","unweighted","glmBoost",1,1,1,0.75,0.875,0.987012987012987,1,0.993464052287582,0.86038348441828,0.00918728958725987,151.536266260543
"Fold2.Rep09","unweighted","Ranger",0.997532894736842,0.999869719557262,1,0.875,0.9375,0.993464052287582,1,0.99672131147541,0.932352425723039,0.008207975,1.46013550698313
"Fold2.Rep09","unweighted","XGBoost",1,1,1,0.875,0.9375,0.993464052287582,1,0.99672131147541,0.932352425723039,0.00771815174435303,82.3197385010856
"Fold3.Rep09","unweighted","LASSO",1,1,1,1,1,1,1,1,1,0.00124182552791791,11.5045737195893
"Fold3.Rep09","unweighted","glmBoost",1,1,1,1,1,1,1,1,1,0.0047333203711751,22.2669871891818
"Fold3.Rep09","unweighted","Ranger",1,1,1,1,1,1,1,1,1,0.0003946,9.34356301982577
"Fold3.Rep09","unweighted","XGBoost",1,1,1,1,1,1,1,1,1,0.00219371557982867,10.3854643342858
"Fold4.Rep09","unweighted","LASSO",1,1,1,1,1,1,1,1,1,0.000753632467986674,13.2111998547347
"Fold4.Rep09","unweighted","glmBoost",1,1,1,1,1,1,1,1,1,0.00272839015158163,18.5474353589181
"Fold4.Rep09","unweighted","Ranger",1,1,1,1,1,1,1,1,1,0.00238268322981366,19.8722138883797
"Fold4.Rep09","unweighted","XGBoost",1,1,1,1,1,1,1,1,1,0.000293007341800419,9.87914076416271
"Fold5.Rep09","unweighted","LASSO",1,1,1,1,1,1,1,1,1,0.00139522017353057,18.3039103973225
"Fold5.Rep09","unweighted","glmBoost",1,1,1,1,1,1,1,1,1,0.00271031163823543,23.2458809375603
"Fold5.Rep09","unweighted","Ranger",1,1,0.993421052631579,1,0.996710526315789,1,0.888888888888889,0.996699669966997,0.939702578304707,0.003310225,34.3938651816315
"Fold5.Rep09","unweighted","XGBoost",1,1,0.993421052631579,1,0.996710526315789,1,0.888888888888889,0.996699669966997,0.939702578304707,0.00565892658387308,41.462053391169
"Fold1.Rep10","unweighted","LASSO",1,1,1,0.777777777777778,0.888888888888889,0.987012987012987,1,0.993464052287582,0.876171654230361,0.00953122427887564,21.9550147218851
"Fold1.Rep10","unweighted","glmBoost",1,1,1,1,1,1,1,1,1,0.00438235664364027,18.8893569762025
"Fold1.Rep10","unweighted","Ranger",1,1,1,1,1,1,1,1,1,0.00200057142857143,14.212929662823
"Fold1.Rep10","unweighted","XGBoost",1,1,1,1,1,1,1,1,1,0.000365517729458692,8.41083510870033
"Fold2.Rep10","unweighted","LASSO",0.999269005847953,0.999956859206933,0.986842105263158,1,0.993421052631579,1,0.818181818181818,0.993377483443709,0.898563446809731,0.00736452245564114,1.76407464247017
"Fold2.Rep10","unweighted","glmBoost",0.999269005847953,0.999956859206933,0.993421052631579,0.888888888888889,0.941154970760234,0.993421052631579,0.888888888888889,0.993421052631579,0.882309941520468,0.00887285379368187,3.73330057399276
"Fold2.Rep10","unweighted","Ranger",0.997076023391813,0.99982571305627,1,0.888888888888889,0.944444444444444,0.993464052287582,1,0.99672131147541,0.939722915326088,0.00766899378881988,1.76006444182807
"Fold2.Rep10","unweighted","XGBoost",0.998538011695906,0.999913433654095,1,0.888888888888889,0.944444444444444,0.993464052287582,1,0.99672131147541,0.939722915326088,0.00821380391072505,2.28589023133351
"Fold3.Rep10","unweighted","LASSO",1,1,1,0.875,0.9375,0.993464052287582,1,0.99672131147541,0.932352425723039,0.00524147275805032,82.2691795337262
"Fold3.Rep10","unweighted","glmBoost",1,1,1,0.75,0.875,0.987012987012987,1,0.993464052287582,0.86038348441828,0.00948566155413022,137.296059674145
"Fold3.Rep10","unweighted","Ranger",0.998355263157895,0.999914280512879,0.993421052631579,0.875,0.934210526315789,0.993421052631579,0.875,0.993421052631579,0.868421052631579,0.007125275,1.84142849468066
"Fold3.Rep10","unweighted","XGBoost",0.998355263157895,0.999914280512879,0.993421052631579,0.875,0.934210526315789,0.993421052631579,0.875,0.993421052631579,0.868421052631579,0.0085782923069944,1.15529597989854
"Fold4.Rep10","unweighted","LASSO",1,1,1,1,1,1,1,1,1,0.000707129680320818,12.5956236286107
"Fold4.Rep10","unweighted","glmBoost",1,1,1,1,1,1,1,1,1,0.00258094378429575,16.0663500500073
"Fold4.Rep10","unweighted","Ranger",1,1,1,1,1,1,1,1,1,0.0015597,15.6099144188926
"Fold4.Rep10","unweighted","XGBoost",1,1,1,1,1,1,1,1,1,0.000519470265914207,10.4684420432867
"Fold5.Rep10","unweighted","LASSO",1,1,1,0.875,0.9375,0.993464052287582,1,0.99672131147541,0.932352425723039,0.00546740049772794,26.9555029303301
"Fold5.Rep10","unweighted","glmBoost",1,1,1,0.875,0.9375,0.993464052287582,1,0.99672131147541,0.932352425723039,0.0104651480486382,395.484799465897
"Fold5.Rep10","unweighted","Ranger",1,1,1,0.875,0.9375,0.993464052287582,1,0.99672131147541,0.932352425723039,0.00473115,80.4137739281289
"Fold5.Rep10","unweighted","XGBoost",0.999177631578947,0.999956859206933,1,0.875,0.9375,0.993464052287582,1,0.99672131147541,0.932352425723039,0.00555177021403268,1.77677762626891
"Fold1.Rep11","unweighted","LASSO",0.998355263157895,0.999913433654095,1,0.75,0.875,0.987012987012987,1,0.993464052287582,0.86038348441828,0.0101373625961085,3.90329526042257
"Fold1.Rep11","unweighted","glmBoost",1,1,1,0.875,0.9375,0.993464052287582,1,0.99672131147541,0.932352425723039,0.00968128460142756,1158.9865053539
"Fold1.Rep11","unweighted","Ranger",0.996710526315789,0.99982571305627,1,0.875,0.9375,0.993464052287582,1,0.99672131147541,0.932352425723039,0.008703925,1.78258694445943
"Fold1.Rep11","unweighted","XGBoost",0.996710526315789,0.99982571305627,0.993421052631579,0.875,0.934210526315789,0.993421052631579,0.875,0.993421052631579,0.868421052631579,0.0116943289107079,1.85427032597176
"Fold2.Rep11","unweighted","LASSO",1,1,0.993421052631579,1,0.996710526315789,1,0.9,0.996699669966997,0.945557479674515,0.00611944394881373,28.2611578188871
"Fold2.Rep11","unweighted","glmBoost",1,1,1,1,1,1,1,1,1,0.00671903472945394,57.5222562323806
"Fold2.Rep11","unweighted","Ranger",1,1,1,1,1,1,1,1,1,0.00307898262939959,21.081579574534
"Fold2.Rep11","unweighted","XGBoost",1,1,1,1,1,1,1,1,1,0.000808376236142884,11.9342096848268
"Fold3.Rep11","unweighted","LASSO",1,1,1,0.888888888888889,0.944444444444444,0.993464052287582,1,0.99672131147541,0.939722915326088,0.00378300117450931,35.8473915527886
"Fold3.Rep11","unweighted","glmBoost",0.999269005847953,0.999956859206933,1,0.666666666666667,0.833333333333333,0.980645161290323,1,0.990228013029316,0.808556393123086,0.0113549728645281,6.99468419084045
"Fold3.Rep11","unweighted","Ranger",1,1,1,0.888888888888889,0.944444444444444,0.993464052287582,1,0.99672131147541,0.939722915326088,0.00438782608695652,30.6066379802864
"Fold3.Rep11","unweighted","XGBoost",1,1,1,0.888888888888889,0.944444444444444,0.993464052287582,1,0.99672131147541,0.939722915326088,0.00432102441135585,18.967668809947
"Fold4.Rep11","unweighted","LASSO",1,1,1,0.75,0.875,0.987012987012987,1,0.993464052287582,0.86038348441828,0.00910032096917135,41.5031441171388
"Fold4.Rep11","unweighted","glmBoost",1,1,1,0.875,0.9375,0.993464052287582,1,0.99672131147541,0.932352425723039,0.00847011649891975,51.4501849411978
"Fold4.Rep11","unweighted","Ranger",1,1,1,0.875,0.9375,0.993464052287582,1,0.99672131147541,0.932352425723039,0.004425625,40.7290522031564
"Fold4.Rep11","unweighted","XGBoost",1,1,1,0.875,0.9375,0.993464052287582,1,0.99672131147541,0.932352425723039,0.00421780908606494,16.9329130936159
"Fold5.Rep11","unweighted","LASSO",1,1,1,0.875,0.9375,0.993464052287582,1,0.99672131147541,0.932352425723039,0.00413447964594841,30.9510345908546
"Fold5.Rep11","unweighted","glmBoost",1,1,1,1,1,1,1,1,1,0.00563604055801799,31.2613324223565
"Fold5.Rep11","unweighted","Ranger",1,1,0.993421052631579,1,0.996710526315789,1,0.888888888888889,0.996699669966997,0.939702578304707,0.0041413,25.0599371994346
"Fold5.Rep11","unweighted","XGBoost",1,1,0.993421052631579,1,0.996710526315789,1,0.888888888888889,0.996699669966997,0.939702578304707,0.00540289681731351,72.6437142685162
"Fold1.Rep12","unweighted","LASSO",0.999177631578947,0.999956859206933,1,0.875,0.9375,0.993464052287582,1,0.99672131147541,0.932352425723039,0.00497566231456386,2.1218828983994
"Fold1.Rep12","unweighted","glmBoost",1,1,1,0.875,0.9375,0.993464052287582,1,0.99672131147541,0.932352425723039,0.0100404551858524,810.87204365173
"Fold1.Rep12","unweighted","Ranger",1,1,1,1,1,1,1,1,1,0.00404685,28.2305071241967
"Fold1.Rep12","unweighted","XGBoost",1,1,1,1,1,1,1,1,1,0.00141157232020567,11.4068037666768
"Fold2.Rep12","unweighted","LASSO",1,1,1,0.555555555555556,0.777777777777778,0.974358974358974,1,0.987012987012987,0.735738092877174,0.0128541438667407,57.7982650398772
"Fold2.Rep12","unweighted","glmBoost",1,1,1,0.777777777777778,0.888888888888889,0.987012987012987,1,0.993464052287582,0.876171654230361,0.0102742566572469,63.6603918898919
"Fold2.Rep12","unweighted","Ranger",0.997076023391813,0.999827140863208,0.993421052631579,0.777777777777778,0.885599415204678,0.986928104575163,0.875,0.99016393442623,0.815302364859394,0.0098477748447205,1.16128719873208
"Fold2.Rep12","unweighted","XGBoost",0.992324561403509,0.99954048582662,1,0.777777777777778,0.888888888888889,0.987012987012987,1,0.993464052287582,0.876171654230361,0.014124346768403,1.55340217536389
"Fold3.Rep12","unweighted","LASSO",1,1,1,1,1,1,1,1,1,0.000141848449236003,7.47691517020893
"Fold3.Rep12","unweighted","glmBoost",1,1,1,1,1,1,1,1,1,0.00474986311243248,28.530480768586
"Fold3.Rep12","unweighted","Ranger",1,1,1,1,1,1,1,1,1,0.0004859,11.2363921290356
"Fold3.Rep12","unweighted","XGBoost",1,1,1,1,1,1,1,1,1,0.000119353545566842,7.78248095976986
"Fold4.Rep12","unweighted","LASSO",1,1,1,1,1,1,1,1,1,0.00486115668397185,27.5230089381858
"Fold4.Rep12","unweighted","glmBoost",1,1,1,1,1,1,1,1,1,0.0056871863415972,32.638195569812
"Fold4.Rep12","unweighted","Ranger",1,1,0.993421052631579,1,0.996710526315789,1,0.888888888888889,0.996699669966997,0.939702578304707,0.00416955,36.9948736122658
"Fold4.Rep12","unweighted","XGBoost",0.999177631578947,0.999956859206933,0.986842105263158,1,0.993421052631579,1,0.8,0.993377483443709,0.888523316638638,0.00731497688538906,3.84522445003183
"Fold5.Rep12","unweighted","LASSO",0.999269005847953,0.999956859206933,1,0.666666666666667,0.833333333333333,0.980645161290323,1,0.990228013029316,0.808556393123086,0.0106727139959348,2.5211394310086
"Fold5.Rep12","unweighted","glmBoost",0.999269005847953,0.999956859206933,1,0.888888888888889,0.944444444444444,0.993464052287582,1,0.99672131147541,0.939722915326088,0.00829897145955565,2.66925970099538
"Fold5.Rep12","unweighted","Ranger",0.999269005847953,0.999956859206933,1,0.888888888888889,0.944444444444444,0.993464052287582,1,0.99672131147541,0.939722915326088,0.00622256037267081,2.85743662460607
"Fold5.Rep12","unweighted","XGBoost",0.999269005847953,0.999956859206933,1,0.888888888888889,0.944444444444444,0.993464052287582,1,0.99672131147541,0.939722915326088,0.00499888299266372,2.07854360778578
"Fold1.Rep13","unweighted","LASSO",1,1,1,1,1,1,1,1,1,0.00579352619277774,92.997293374322
"Fold1.Rep13","unweighted","glmBoost",1,1,1,1,1,1,1,1,1,0.00522335958670708,45.2566361618231
"Fold1.Rep13","unweighted","Ranger",1,1,1,1,1,1,1,1,1,0.00565797865277778,41.58449891854
"Fold1.Rep13","unweighted","XGBoost",1,1,1,1,1,1,1,1,1,0.00460851298135158,22.3178743747165
"Fold2.Rep13","unweighted","LASSO",1,1,1,1,1,1,1,1,1,0.00244518107284069,21.6875807362612
"Fold2.Rep13","unweighted","glmBoost",1,1,1,1,1,1,1,1,1,0.0059336068923619,33.8954741538215
"Fold2.Rep13","unweighted","Ranger",1,1,0.993421052631579,1,0.996710526315789,1,0.888888888888889,0.996699669966997,0.939702578304707,0.00474674813888889,43.5940612522536
"Fold2.Rep13","unweighted","XGBoost",0.997532894736842,0.999872253003179,0.993421052631579,1,0.996710526315789,1,0.888888888888889,0.996699669966997,0.939702578304707,0.00680208210425116,1.22260876294387
"Fold3.Rep13","unweighted","LASSO",1,1,1,0.625,0.8125,0.980645161290323,1,0.990228013029316,0.782881361258813,0.00770537080798151,46.4694115730532
"Fold3.Rep13","unweighted","glmBoost",1,1,1,0.625,0.8125,0.980645161290323,1,0.990228013029316,0.782881361258813,0.00956137142504151,198.096148695059
"Fold3.Rep13","unweighted","Ranger",0.996710526315789,0.999827140863208,1,0.75,0.875,0.987012987012987,1,0.993464052287582,0.86038348441828,0.0103056844722222,1.41380187652938
"Fold3.Rep13","unweighted","XGBoost",0.995065789473684,0.99974114782107,1,0.75,0.875,0.987012987012987,1,0.993464052287582,0.86038348441828,0.01523657614567,0.950617565147608
"Fold4.Rep13","unweighted","LASSO",0.999269005847953,0.999956859206933,1,0.888888888888889,0.944444444444444,0.993464052287582,1,0.99672131147541,0.939722915326088,0.00690882525437454,2.87298802584917
"Fold4.Rep13","unweighted","glmBoost",0.999269005847953,0.999956859206933,1,0.888888888888889,0.944444444444444,0.993464052287582,1,0.99672131147541,0.939722915326088,0.00583533709850575,3.96491641853112
"Fold4.Rep13","unweighted","Ranger",0.999269005847953,0.999956859206933,1,0.888888888888889,0.944444444444444,0.993464052287582,1,0.99672131147541,0.939722915326088,0.00523525465838509,1.87294534930962
"Fold4.Rep13","unweighted","XGBoost",1,1,1,0.888888888888889,0.944444444444444,0.993464052287582,1,0.99672131147541,0.939722915326088,0.00351147928051846,20.7254387281832
"Fold5.Rep13","unweighted","LASSO",1,1,1,1,1,1,1,1,1,9.98694658923556e-05,7.04532895486787
"Fold5.Rep13","unweighted","glmBoost",1,1,1,1,1,1,1,1,1,0.00308752682897153,21.9478915540724
"Fold5.Rep13","unweighted","Ranger",1,1,1,1,1,1,1,1,1,0.000581962732919255,11.8564473043492
"Fold5.Rep13","unweighted","XGBoost",1,1,1,1,1,1,1,1,1,9.09660689984826e-05,6.97033676267146
"Fold1.Rep14","unweighted","LASSO",0.999177631578947,0.999956859206933,0.993421052631579,0.875,0.934210526315789,0.993421052631579,0.875,0.993421052631579,0.868421052631579,0.00447840179205394,1.07169592971822
"Fold1.Rep14","unweighted","glmBoost",1,1,1,0.875,0.9375,0.993464052287582,1,0.99672131147541,0.932352425723039,0.00630617321516915,67927.0889125125
"Fold1.Rep14","unweighted","Ranger",1,1,1,1,1,1,1,1,1,0.0021266,20.6068694098793
"Fold1.Rep14","unweighted","XGBoost",1,1,1,1,1,1,1,1,1,0.00385378756027205,17.251932970226
"Fold2.Rep14","unweighted","LASSO",1,1,1,0.75,0.875,0.987012987012987,1,0.993464052287582,0.86038348441828,0.00756626852496426,32.127538021678
"Fold2.Rep14","unweighted","glmBoost",1,1,1,1,1,1,1,1,1,0.00602923784431714,33.1078489698362
"Fold2.Rep14","unweighted","Ranger",1,1,1,1,1,1,1,1,1,0.00339165,22.3834520169026
"Fold2.Rep14","unweighted","XGBoost",1,1,1,1,1,1,1,1,1,0.000659878725575881,14.5823128584446
"Fold3.Rep14","unweighted","LASSO",1,1,1,0.777777777777778,0.888888888888889,0.987012987012987,1,0.993464052287582,0.876171654230361,0.00692509406666376,110.48833121795
"Fold3.Rep14","unweighted","glmBoost",1,1,1,0.888888888888889,0.944444444444444,0.993464052287582,1,0.99672131147541,0.939722915326088,0.0076789565305069,87.8959842342503
"Fold3.Rep14","unweighted","Ranger",0.998538011695906,0.999913433654095,0.986842105263158,0.888888888888889,0.937865497076023,0.993377483443709,0.8,0.99009900990099,0.833537792972825,0.00823463354037267,1.67944842545511
"Fold3.Rep14","unweighted","XGBoost",0.999269005847953,0.999956859206933,0.993421052631579,1,0.996710526315789,1,0.9,0.996699669966997,0.945557479674515,0.00569214518190836,1.59273405639001
"Fold4.Rep14","unweighted","LASSO",0.999177631578947,0.999956859206933,1,0.875,0.9375,0.993464052287582,1,0.99672131147541,0.932352425723039,0.00799868779049291,2.26763381776123
"Fold4.Rep14","unweighted","glmBoost",0.999177631578947,0.999956859206933,1,0.875,0.9375,0.993464052287582,1,0.99672131147541,0.932352425723039,0.00918468826095563,2.86107234788559
"Fold4.Rep14","unweighted","Ranger",0.997532894736842,0.999869719557262,1,0.875,0.9375,0.993464052287582,1,0.99672131147541,0.932352425723039,0.0068868,1.34163439207865
"Fold4.Rep14","unweighted","XGBoost",0.996710526315789,0.99982571305627,1,0.875,0.9375,0.993464052287582,1,0.99672131147541,0.932352425723039,0.0085092022420059,2.04859063611763
"Fold5.Rep14","unweighted","LASSO",1,1,1,0.777777777777778,0.888888888888889,0.987012987012987,1,0.993464052287582,0.876171654230361,0.00977801159620382,254.89721237995
"Fold5.Rep14","unweighted","glmBoost",1,1,1,1,1,1,1,1,1,0.00389251226282472,29.1195459537102
"Fold5.Rep14","unweighted","Ranger",1,1,1,1,1,1,1,1,1,0.00269945341614907,24.9309450150008
"Fold5.Rep14","unweighted","XGBoost",0.999269005847953,0.999956859206933,0.993421052631579,1,0.996710526315789,1,0.9,0.996699669966997,0.945557479674515,0.00332154571033666,3.71692300311234
"Fold1.Rep15","unweighted","LASSO",1,1,1,0.888888888888889,0.944444444444444,0.993464052287582,1,0.99672131147541,0.939722915326088,0.00465534275957034,78.4510185653759
"Fold1.Rep15","unweighted","glmBoost",1,1,1,0.888888888888889,0.944444444444444,0.993464052287582,1,0.99672131147541,0.939722915326088,0.00464977257708121,57.2981499225118
"Fold1.Rep15","unweighted","Ranger",0.999269005847953,0.999956859206933,1,0.777777777777778,0.888888888888889,0.987012987012987,1,0.993464052287582,0.876171654230361,0.00841817160800552,1.52381769896787
"Fold1.Rep15","unweighted","XGBoost",0.99780701754386,0.999870854960041,1,0.777777777777778,0.888888888888889,0.987012987012987,1,0.993464052287582,0.876171654230361,0.0135360514011886,0.993258481381639
"Fold2.Rep15","unweighted","LASSO",1,1,1,1,1,1,1,1,1,0.00250386549602566,23.2144466624975
"Fold2.Rep15","unweighted","glmBoost",1,1,1,1,1,1,1,1,1,0.00493782551257699,42.5809404501144
"Fold2.Rep15","unweighted","Ranger",1,1,0.993421052631579,1,0.996710526315789,1,0.888888888888889,0.996699669966997,0.939702578304707,0.00495675,96.8524636222667
"Fold2.Rep15","unweighted","XGBoost",1,1,0.993421052631579,1,0.996710526315789,1,0.888888888888889,0.996699669966997,0.939702578304707,0.00503940014601506,931.419615840298
"Fold3.Rep15","unweighted","LASSO",1,1,1,1,1,1,1,1,1,0.00302683998287075,23.9499012470911
"Fold3.Rep15","unweighted","glmBoost",1,1,1,1,1,1,1,1,1,0.00572475353002881,29.1013581658759
"Fold3.Rep15","unweighted","Ranger",1,1,0.986842105263158,1,0.993421052631579,1,0.818181818181818,0.993377483443709,0.898563446809731,0.00632004550724638,38.6335051815434
"Fold3.Rep15","unweighted","XGBoost",1,1,0.993421052631579,1,0.996710526315789,1,0.9,0.996699669966997,0.945557479674515,0.0040875518365456,21.9183702491108
"Fold4.Rep15","unweighted","LASSO",1,1,1,0.875,0.9375,0.993464052287582,1,0.99672131147541,0.932352425723039,0.00800287539221259,50.4865233673969
"Fold4.Rep15","unweighted","glmBoost",1,1,1,0.875,0.9375,0.993464052287582,1,0.99672131147541,0.932352425723039,0.00830977246453355,60.9844070095288
"Fold4.Rep15","unweighted","Ranger",1,1,1,1,1,1,1,1,1,0.00258096824305556,21.1989119716078
"Fold4.Rep15","unweighted","XGBoost",1,1,1,1,1,1,1,1,1,0.00122512810747297,11.0296161581154
"Fold5.Rep15","unweighted","LASSO",0.999177631578947,0.999956859206933,1,0.75,0.875,0.987012987012987,1,0.993464052287582,0.86038348441828,0.0101881272794658,2.35318974849001
"Fold5.Rep15","unweighted","glmBoost",0.998355263157895,0.999913433654095,1,0.875,0.9375,0.993464052287582,1,0.99672131147541,0.932352425723039,0.0103273891612956,2.98021013208038
"Fold5.Rep15","unweighted","Ranger",0.999177631578947,0.999956859206933,1,0.875,0.9375,0.993464052287582,1,0.99672131147541,0.932352425723039,0.00537248502083333,6.66018018494785
"Fold5.Rep15","unweighted","XGBoost",0.998355263157895,0.999913433654095,0.993421052631579,0.875,0.934210526315789,0.993421052631579,0.875,0.993421052631579,0.868421052631579,0.00850341469704384,2.22487071815632
"Fold1.Rep16","unweighted","LASSO",1,1,1,0.875,0.9375,0.993464052287582,1,0.99672131147541,0.932352425723039,0.00334731967951296,47.634617290414
"Fold1.Rep16","unweighted","glmBoost",1,1,1,0.875,0.9375,0.993464052287582,1,0.99672131147541,0.932352425723039,0.00667378681090943,159.321141005808
"Fold1.Rep16","unweighted","Ranger",1,1,0.993421052631579,1,0.996710526315789,1,0.888888888888889,0.996699669966997,0.939702578304707,0.004432125,155.399416992476
"Fold1.Rep16","unweighted","XGBoost",1,1,1,1,1,1,1,1,1,0.00158357210087011,28.6489532484566
"Fold2.Rep16","unweighted","LASSO",1,1,1,1,1,1,1,1,1,0.00233739623278603,41.7811730372155
"Fold2.Rep16","unweighted","glmBoost",1,1,1,1,1,1,1,1,1,0.00434742480670565,67.756985061374
"Fold2.Rep16","unweighted","Ranger",1,1,1,1,1,1,1,1,1,0.002180075,21.4920017319588
"Fold2.Rep16","unweighted","XGBoost",1,1,0.993421052631579,1,0.996710526315789,1,0.888888888888889,0.996699669966997,0.939702578304707,0.0042268924487128,28.1466962447164
"Fold3.Rep16","unweighted","LASSO",1,1,0.993421052631579,1,0.996710526315789,1,0.888888888888889,0.996699669966997,0.939702578304707,0.00205408339610903,25.7649056862029
"Fold3.Rep16","unweighted","glmBoost",1,1,1,1,1,1,1,1,1,0.00366901171841946,34.3942497697133
"Fold3.Rep16","unweighted","Ranger",1,1,1,1,1,1,1,1,1,0.002403575,24.6424296176431
"Fold3.Rep16","unweighted","XGBoost",1,1,1,1,1,1,1,1,1,0.000517984428415534,11.5266799283216
"Fold4.Rep16","unweighted","LASSO",1,1,1,1,1,1,1,1,1,0.000596006602405614,8.93447393617099
"Fold4.Rep16","unweighted","glmBoost",1,1,1,1,1,1,1,1,1,0.00846815403146978,43.3159564423173
"Fold4.Rep16","unweighted","Ranger",1,1,0.993421052631579,1,0.996710526315789,1,0.9,0.996699669966997,0.945557479674515,0.00453632298136646,52.6410364545431
"Fold4.Rep16","unweighted","XGBoost",0.999269005847953,0.999956859206933,0.986842105263158,1,0.993421052631579,1,0.818181818181818,0.993377483443709,0.898563446809731,0.0074832139237179,1.45348020903068
"Fold5.Rep16","unweighted","LASSO",1,1,1,0.555555555555556,0.777777777777778,0.974358974358974,1,0.987012987012987,0.735738092877174,0.0170688474339774,246.090169114585
"Fold5.Rep16","unweighted","glmBoost",1,1,1,0.666666666666667,0.833333333333333,0.980645161290323,1,0.990228013029316,0.808556393123086,0.0147585710487659,142.167983450673
"Fold5.Rep16","unweighted","Ranger",0.99780701754386,0.999869719557262,1,0.666666666666667,0.833333333333333,0.980645161290323,1,0.990228013029316,0.808556393123086,0.0129360745341615,2.42179247735675
"Fold5.Rep16","unweighted","XGBoost",0.994883040935672,0.999695975485622,1,0.666666666666667,0.833333333333333,0.980645161290323,1,0.990228013029316,0.808556393123086,0.0162218376257374,4.74253818160575
"Fold1.Rep17","unweighted","LASSO",1,1,1,0.875,0.9375,0.993464052287582,1,0.99672131147541,0.932352425723039,0.00548009913689933,383.920901124123
"Fold1.Rep17","unweighted","glmBoost",1,1,1,1,1,1,1,1,1,0.00797896858965372,123.10271937848
"Fold1.Rep17","unweighted","Ranger",1,1,0.993421052631579,1,0.996710526315789,1,0.888888888888889,0.996699669966997,0.939702578304707,0.0046522,33.240844327848
"Fold1.Rep17","unweighted","XGBoost",1,1,0.993421052631579,1,0.996710526315789,1,0.888888888888889,0.996699669966997,0.939702578304707,0.0057809341243435,61.5055015459612
"Fold2.Rep17","unweighted","LASSO",1,1,1,1,1,1,1,1,1,0.000608243765081384,13.0088701687768
"Fold2.Rep17","unweighted","glmBoost",1,1,1,0.888888888888889,0.944444444444444,0.993464052287582,1,0.99672131147541,0.939722915326088,0.00655473787755955,41.2787982529929
"Fold2.Rep17","unweighted","Ranger",1,1,1,0.888888888888889,0.944444444444444,0.993464052287582,1,0.99672131147541,0.939722915326088,0.00389613311939268,34.5652748767425
"Fold2.Rep17","unweighted","XGBoost",1,1,1,0.888888888888889,0.944444444444444,0.993464052287582,1,0.99672131147541,0.939722915326088,0.0046881146814471,27.6613360125419
"Fold3.Rep17","unweighted","LASSO",1,1,1,0.625,0.8125,0.980645161290323,1,0.990228013029316,0.782881361258813,0.00939717373386918,72.1933260108873
"Fold3.Rep17","unweighted","glmBoost",1,1,1,0.875,0.9375,0.993464052287582,1,0.99672131147541,0.932352425723039,0.00742832482876644,79.1511575459467
"Fold3.Rep17","unweighted","Ranger",1,1,0.986842105263158,1,0.993421052631579,1,0.8,0.993377483443709,0.888523316638638,0.00615660424305556,35.8378181783087
"Fold3.Rep17","unweighted","XGBoost",1,1,0.986842105263158,1,0.993421052631579,1,0.8,0.993377483443709,0.888523316638638,0.00441431566235271,26.5647601671711
"Fold4.Rep17","unweighted","LASSO",1,1,1,0.75,0.875,0.987012987012987,1,0.993464052287582,0.86038348441828,0.00923763274849908,52.3359726379203
"Fold4.Rep17","unweighted","glmBoost",1,1,1,0.875,0.9375,0.993464052287582,1,0.99672131147541,0.932352425723039,0.00829303384243452,45.3541269708346
"Fold4.Rep17","unweighted","Ranger",1,1,1,0.875,0.9375,0.993464052287582,1,0.99672131147541,0.932352425723039,0.004261125,31.4674852295446
"Fold4.Rep17","unweighted","XGBoost",1,1,1,0.875,0.9375,0.993464052287582,1,0.99672131147541,0.932352425723039,0.00700066693029279,157.031175669509
"Fold5.Rep17","unweighted","LASSO",1,1,1,0.777777777777778,0.888888888888889,0.987012987012987,1,0.993464052287582,0.876171654230361,0.00517814808865017,54.3476757267416
"Fold5.Rep17","unweighted","glmBoost",1,1,1,0.777777777777778,0.888888888888889,0.987012987012987,1,0.993464052287582,0.876171654230361,0.0102827060695866,149.500198729583
"Fold5.Rep17","unweighted","Ranger",0.99780701754386,0.999869719557262,1,0.777777777777778,0.888888888888889,0.987012987012987,1,0.993464052287582,0.876171654230361,0.00801327145617667,2.1695380033169
"Fold5.Rep17","unweighted","XGBoost",0.999269005847953,0.999956859206933,1,0.888888888888889,0.944444444444444,0.993464052287582,1,0.99672131147541,0.939722915326088,0.00833560129334089,1.23567087020236
"Fold1.Rep18","unweighted","LASSO",1,1,1,0.888888888888889,0.944444444444444,0.993464052287582,1,0.99672131147541,0.939722915326088,0.00230522630938788,12.9947424990528
"Fold1.Rep18","unweighted","glmBoost",1,1,1,0.888888888888889,0.944444444444444,0.993464052287582,1,0.99672131147541,0.939722915326088,0.00517800517153007,33.1299230335241
"Fold1.Rep18","unweighted","Ranger",1,1,1,0.888888888888889,0.944444444444444,0.993464052287582,1,0.99672131147541,0.939722915326088,0.00439321546583851,81.9283285283645
"Fold1.Rep18","unweighted","XGBoost",1,1,1,0.888888888888889,0.944444444444444,0.993464052287582,1,0.99672131147541,0.939722915326088,0.00476587074119708,24.1220296626711
"Fold2.Rep18","unweighted","LASSO",1,1,1,0.875,0.9375,0.993464052287582,1,0.99672131147541,0.932352425723039,0.00334312875843622,38.1967764762238
"Fold2.Rep18","unweighted","glmBoost",1,1,1,1,1,1,1,1,1,0.00184243519615276,18.9573559071872
"Fold2.Rep18","unweighted","Ranger",1,1,0.993421052631579,1,0.996710526315789,1,0.888888888888889,0.996699669966997,0.939702578304707,0.003136525,24.891178356933
"Fold2.Rep18","unweighted","XGBoost",1,1,0.993421052631579,1,0.996710526315789,1,0.888888888888889,0.996699669966997,0.939702578304707,0.00540098534786887,75.5238376617575
"Fold3.Rep18","unweighted","LASSO",1,1,1,0.875,0.9375,0.993464052287582,1,0.99672131147541,0.932352425723039,0.00647830648991922,94.3214341861112
"Fold3.Rep18","unweighted","glmBoost",1,1,1,0.875,0.9375,0.993464052287582,1,0.99672131147541,0.932352425723039,0.0079301746016502,443.363558283074
"Fold3.Rep18","unweighted","Ranger",1,1,1,0.875,0.9375,0.993464052287582,1,0.99672131147541,0.932352425723039,0.003654675,36.1937603989527
"Fold3.Rep18","unweighted","XGBoost",1,1,1,0.875,0.9375,0.993464052287582,1,0.99672131147541,0.932352425723039,0.00254050999194629,13.8041625880777
"Fold4.Rep18","unweighted","LASSO",1,1,1,1,1,1,1,1,1,2.87346514297713e-05,6.14752300092758
"Fold4.Rep18","unweighted","glmBoost",1,1,1,1,1,1,1,1,1,0.00627662812307332,24.8349018404798
"Fold4.Rep18","unweighted","Ranger",1,1,1,1,1,1,1,1,1,0.00137595,14.6354333952666
"Fold4.Rep18","unweighted","XGBoost",1,1,1,1,1,1,1,1,1,0.000333202102592243,8.44053292254275
"Fold5.Rep18","unweighted","LASSO",0.999269005847953,0.999956859206933,1,0.888888888888889,0.944444444444444,0.993464052287582,1,0.99672131147541,0.939722915326088,0.00541671016262025,1.46153952698644
"Fold5.Rep18","unweighted","glmBoost",0.997076023391813,0.999827140863208,1,0.777777777777778,0.888888888888889,0.987012987012987,1,0.993464052287582,0.876171654230361,0.0151020639771176,3.9771936803798
"Fold5.Rep18","unweighted","Ranger",0.994152046783626,0.999649320650129,0.993421052631579,0.777777777777778,0.885599415204678,0.986928104575163,0.875,0.99016393442623,0.815302364859394,0.012180248447205,1.44624215339968
"Fold5.Rep18","unweighted","XGBoost",0.986111111111111,0.999160535222172,1,0.777777777777778,0.888888888888889,0.987012987012987,1,0.993464052287582,0.876171654230361,0.0164654271623807,1.48005983021758
"Fold1.Rep19","unweighted","LASSO",1,1,1,1,1,1,1,1,1,0.00265033133076194,49.503403358595
"Fold1.Rep19","unweighted","glmBoost",1,1,1,1,1,1,1,1,1,0.00728097457312352,103.287217822025
"Fold1.Rep19","unweighted","Ranger",1,1,1,1,1,1,1,1,1,0.00345255,23.347957381833
"Fold1.Rep19","unweighted","XGBoost",1,1,0.993421052631579,1,0.996710526315789,1,0.888888888888889,0.996699669966997,0.939702578304707,0.0027689046156656,36.1048844765414
"Fold2.Rep19","unweighted","LASSO",1,1,1,0.375,0.6875,0.968152866242038,1,0.983818770226537,0.60254238426916,0.0169357407270845,110.193358975374
"Fold2.Rep19","unweighted","glmBoost",1,1,1,0.75,0.875,0.987012987012987,1,0.993464052287582,0.86038348441828,0.0100506871155425,138.847713069836
"Fold2.Rep19","unweighted","Ranger",0.991776315789474,0.999567047127522,0.986842105263158,0.625,0.805921052631579,0.980392156862745,0.714285714285714,0.983606557377049,0.651945681144681,0.016313875,1.18277429334299
"Fold2.Rep19","unweighted","XGBoost",0.990131578947368,0.999474689604213,1,0.75,0.875,0.987012987012987,1,0.993464052287582,0.86038348441828,0.0145874150223575,1.03728494538343
"Fold3.Rep19","unweighted","LASSO",1,1,1,0.875,0.9375,0.993464052287582,1,0.99672131147541,0.932352425723039,0.00294533583815277,27.1721484952837
"Fold3.Rep19","unweighted","glmBoost",1,1,1,0.875,0.9375,0.993464052287582,1,0.99672131147541,0.932352425723039,0.00570338992950746,61.3056674136676
"Fold3.Rep19","unweighted","Ranger",1,1,1,1,1,1,1,1,1,0.0016445,20.8506360288969
"Fold3.Rep19","unweighted","XGBoost",1,1,1,1,1,1,1,1,1,0.000723176881337977,9.26946928779348
"Fold4.Rep19","unweighted","LASSO",1,1,1,0.888888888888889,0.944444444444444,0.993464052287582,1,0.99672131147541,0.939722915326088,0.00511060286779392,40.4837984527942
"Fold4.Rep19","unweighted","glmBoost",1,1,1,1,1,1,1,1,1,0.00577981068862459,36.0854924327991
"Fold4.Rep19","unweighted","Ranger",1,1,1,1,1,1,1,1,1,0.00176683229813665,17.7943071304123
"Fold4.Rep19","unweighted","XGBoost",1,1,1,1,1,1,1,1,1,0.00135411452672713,16.0993713599315
"Fold5.Rep19","unweighted","LASSO",1,1,1,1,1,1,1,1,1,0.00122571332678962,17.3549003546916
"Fold5.Rep19","unweighted","glmBoost",1,1,1,1,1,1,1,1,1,0.00283215277878374,24.1696438295451
"Fold5.Rep19","unweighted","Ranger",1,1,1,1,1,1,1,1,1,0.00250124223602484,18.037035665776
"Fold5.Rep19","unweighted","XGBoost",1,1,1,1,1,1,1,1,1,0.0026575165301354,13.5673929149037
"Fold1.Rep20","unweighted","LASSO",1,1,1,0.875,0.9375,0.993464052287582,1,0.99672131147541,0.932352425723039,0.00308766003972556,22.9949524102313
"Fold1.Rep20","unweighted","glmBoost",0.999177631578947,0.999956859206933,1,0.75,0.875,0.987012987012987,1,0.993464052287582,0.86038348441828,0.010130248903753,6.98014507090441
"Fold1.Rep20","unweighted","Ranger",1,1,1,0.875,0.9375,0.993464052287582,1,0.99672131147541,0.932352425723039,0.00514825,29.9617610245606
"Fold1.Rep20","unweighted","XGBoost",1,1,1,0.875,0.9375,0.993464052287582,1,0.99672131147541,0.932352425723039,0.0055859352483939,46.7704831182766
"Fold2.Rep20","unweighted","LASSO",1,1,1,0.625,0.8125,0.980645161290323,1,0.990228013029316,0.782881361258813,0.0086466247890137,980.145493604117
"Fold2.Rep20","unweighted","glmBoost",1,1,1,0.875,0.9375,0.993464052287582,1,0.99672131147541,0.932352425723039,0.00891581019074654,966.050138664087
"Fold2.Rep20","unweighted","Ranger",0.999177631578947,0.999956859206933,1,0.875,0.9375,0.993464052287582,1,0.99672131147541,0.932352425723039,0.00602358414583333,2.3365823115604
"Fold2.Rep20","unweighted","XGBoost",1,1,1,0.875,0.9375,0.993464052287582,1,0.99672131147541,0.932352425723039,0.00382604988334738,75.2853170436886
"Fold3.Rep20","unweighted","LASSO",1,1,1,1,1,1,1,1,1,0.00158326337909933,10.8215049286701
"Fold3.Rep20","unweighted","glmBoost",1,1,1,1,1,1,1,1,1,0.00642091858408961,39.2244246735696
"Fold3.Rep20","unweighted","Ranger",1,1,0.993421052631579,1,0.996710526315789,1,0.888888888888889,0.996699669966997,0.939702578304707,0.0044581,19.3070135961488
"Fold3.Rep20","unweighted","XGBoost",1,1,0.993421052631579,1,0.996710526315789,1,0.888888888888889,0.996699669966997,0.939702578304707,0.0055425936948217,29.3434986295534
"Fold4.Rep20","unweighted","LASSO",1,1,1,0.666666666666667,0.833333333333333,0.980645161290323,1,0.990228013029316,0.808556393123086,0.0117927694067905,36.5390060574492
"Fold4.Rep20","unweighted","glmBoost",1,1,1,0.666666666666667,0.833333333333333,0.980645161290323,1,0.990228013029316,0.808556393123086,0.010379724472941,36.2553929031212
"Fold4.Rep20","unweighted","Ranger",1,1,1,1,1,1,1,1,1,0.00263206540372671,21.7874486389537
"Fold4.Rep20","unweighted","XGBoost",1,1,1,1,1,1,1,1,1,0.00120979296814517,18.5718833962436
"Fold5.Rep20","unweighted","LASSO",1,1,1,0.888888888888889,0.944444444444444,0.993464052287582,1,0.99672131147541,0.939722915326088,0.00359260208619239,86.3844439646182
"Fold5.Rep20","unweighted","glmBoost",1,1,1,0.888888888888889,0.944444444444444,0.993464052287582,1,0.99672131147541,0.939722915326088,0.00451335636457596,79.8989428753892
"Fold5.Rep20","unweighted","Ranger",0.998172514619883,0.999891552238882,0.993421052631579,0.888888888888889,0.941154970760234,0.993421052631579,0.888888888888889,0.993421052631579,0.882309941520468,0.00750270807453416,1.30465735040453
"Fold5.Rep20","unweighted","XGBoost",0.996345029239766,0.999781410212972,0.993421052631579,0.888888888888889,0.941154970760234,0.993421052631579,0.888888888888889,0.993421052631579,0.882309941520468,0.00868435076322346,1.04042215351124
"Fold1.Rep01","downsample","LASSO",0.99780701754386,0.999870854960041,0.960526315789474,1,0.980263157894737,1,0.6,0.979865771812081,0.759154654516248,0.0724509784091658,7.47522626910661
"Fold1.Rep01","downsample","glmBoost",1,1,0.953947368421053,1,0.976973684210526,1,0.5625,0.976430976430976,0.732526719469564,0.0297247543571786,238.837681453714
"Fold1.Rep01","downsample","Ranger",1,1,0.980263157894737,1,0.990131578947368,1,0.75,0.990033222591362,0.857436509848428,0.0172455155279503,29.0384173907681
"Fold1.Rep01","downsample","XGBoost",1,1,0.967105263157895,1,0.983552631578947,1,0.642857142857143,0.983277591973244,0.78848622455677,0.025598738264349,38.3853855775548
"Fold2.Rep01","downsample","LASSO",0.999177631578947,0.999956859206933,0.986842105263158,1,0.993421052631579,1,0.8,0.993377483443709,0.888523316638638,0.0619023809826114,17.9041629654253
"Fold2.Rep01","downsample","glmBoost",1,1,0.980263157894737,1,0.990131578947368,1,0.727272727272727,0.990033222591362,0.844345107338866,0.0189258893049062,208.696369792069
"Fold2.Rep01","downsample","Ranger",1,1,0.973684210526316,1,0.986842105263158,1,0.666666666666667,0.986666666666667,0.805681579172283,0.023167925,25.2694372953672
"Fold2.Rep01","downsample","XGBoost",1,1,0.980263157894737,1,0.990131578947368,1,0.727272727272727,0.990033222591362,0.844345107338866,0.0192572697646654,57.681254553032
"Fold3.Rep01","downsample","LASSO",1,1,0.947368421052632,1,0.973684210526316,1,0.5,0.972972972972973,0.688247201611685,0.0309438039972413,37.2654313636859
"Fold3.Rep01","downsample","glmBoost",1,1,0.947368421052632,1,0.973684210526316,1,0.5,0.972972972972973,0.688247201611685,0.0322666286075433,38.5609046652568
"Fold3.Rep01","downsample","Ranger",1,1,0.967105263157895,1,0.983552631578947,1,0.615384615384615,0.983277591973244,0.771454276289177,0.02134615,37.0363676477239
"Fold3.Rep01","downsample","XGBoost",0.995476973684211,0.999770166674121,0.967105263157895,1,0.983552631578947,1,0.615384615384615,0.983277591973244,0.771454276289177,0.0292584242326699,6.05929258119177
"Fold4.Rep01","downsample","LASSO",0.997076023391813,0.99983076604394,0.967105263157895,1,0.983552631578947,1,0.642857142857143,0.983277591973244,0.78848622455677,0.072025626767336,5.69926550888689
"Fold4.Rep01","downsample","glmBoost",0.998538011695906,0.999914280512879,0.967105263157895,1,0.983552631578947,1,0.642857142857143,0.983277591973244,0.78848622455677,0.0311735893426337,4.83972749699675
"Fold4.Rep01","downsample","Ranger",0.998172514619883,0.999891552238882,0.973684210526316,1,0.986842105263158,1,0.692307692307692,0.986666666666667,0.821029274037114,0.0279705590062112,2.81898240169623
"Fold4.Rep01","downsample","XGBoost",0.994152046783626,0.999653719627403,0.947368421052632,1,0.973684210526316,1,0.529411764705882,0.972972972972973,0.70820052782817,0.0439223116039302,3.51787972914304
"Fold5.Rep01","downsample","LASSO",0.999177631578947,0.999956859206933,0.986842105263158,1,0.993421052631579,1,0.8,0.993377483443709,0.888523316638638,0.0163705581178005,2.19360085560868
"Fold5.Rep01","downsample","glmBoost",0.998355263157895,0.999913433654095,0.986842105263158,1,0.993421052631579,1,0.8,0.993377483443709,0.888523316638638,0.0194387825350207,2.27543761631788
"Fold5.Rep01","downsample","Ranger",0.999177631578947,0.999956859206933,0.986842105263158,1,0.993421052631579,1,0.8,0.993377483443709,0.888523316638638,0.019167075,2.36897659126362
"Fold5.Rep01","downsample","XGBoost",0.988898026315789,0.999421438150495,0.921052631578947,1,0.960526315789474,1,0.4,0.958904109589041,0.606976978666884,0.0511578672907177,2.48944641509728
"Fold1.Rep02","downsample","LASSO",0.998355263157895,0.999913433654095,0.960526315789474,1,0.980263157894737,1,0.571428571428571,0.979865771812081,0.740859082721625,0.0629276448685918,15.6018548048601
"Fold1.Rep02","downsample","glmBoost",0.998355263157895,0.999913433654095,0.967105263157895,1,0.983552631578947,1,0.615384615384615,0.983277591973244,0.771454276289177,0.0248396779958531,3.88925773501912
"Fold1.Rep02","downsample","Ranger",1,1,0.973684210526316,1,0.986842105263158,1,0.666666666666667,0.986666666666667,0.805681579172283,0.019491125,397.882436070211
"Fold1.Rep02","downsample","XGBoost",0.997121710526316,0.999847691611796,0.993421052631579,0.875,0.934210526315789,0.993421052631579,0.875,0.993421052631579,0.868421052631579,0.014912096228343,1.49771895837099
"Fold2.Rep02","downsample","LASSO",1,1,0.967105263157895,1,0.983552631578947,1,0.642857142857143,0.983277591973244,0.78848622455677,0.0523582171393699,60.1613604416372
"Fold2.Rep02","downsample","glmBoost",1,1,0.967105263157895,1,0.983552631578947,1,0.642857142857143,0.983277591973244,0.78848622455677,0.0220585470297555,33.7247336730898
"Fold2.Rep02","downsample","Ranger",1,1,0.960526315789474,1,0.980263157894737,1,0.6,0.979865771812081,0.759154654516248,0.0223808944099379,60.5140800969657
"Fold2.Rep02","downsample","XGBoost",1,1,0.940789473684211,1,0.970394736842105,1,0.5,0.969491525423729,0.685853291048534,0.0448706599197607,84.6939415255992
"Fold3.Rep02","downsample","LASSO",1,1,0.960526315789474,1,0.980263157894737,1,0.6,0.979865771812081,0.759154654516248,0.0600713265110653,410.846241275206
"Fold3.Rep02","downsample","glmBoost",1,1,0.967105263157895,1,0.983552631578947,1,0.642857142857143,0.983277591973244,0.78848622455677,0.0231327286323846,148.859542731028
"Fold3.Rep02","downsample","Ranger",1,1,0.980263157894737,1,0.990131578947368,1,0.75,0.990033222591362,0.857436509848428,0.021584049689441,449.861475157665
"Fold3.Rep02","downsample","XGBoost",0.99780701754386,0.999869719557262,0.947368421052632,1,0.973684210526316,1,0.529411764705882,0.972972972972973,0.70820052782817,0.0357243918973824,3.68062135476578
"Fold4.Rep02","downsample","LASSO",0.992598684210526,0.99962316456944,0.960526315789474,1,0.980263157894737,1,0.571428571428571,0.979865771812081,0.740859082721625,0.0564835036998709,3.75857499386903
"Fold4.Rep02","downsample","glmBoost",0.992598684210526,0.99962316456944,0.960526315789474,1,0.980263157894737,1,0.571428571428571,0.979865771812081,0.740859082721625,0.0277197877850861,1.61194916323458
"Fold4.Rep02","downsample","Ranger",0.997532894736842,0.999872253003179,0.967105263157895,1,0.983552631578947,1,0.615384615384615,0.983277591973244,0.771454276289177,0.02072165,1.78941301329932
"Fold4.Rep02","downsample","XGBoost",0.995476973684211,0.999768017587916,0.960526315789474,1,0.980263157894737,1,0.571428571428571,0.979865771812081,0.740859082721625,0.031496161131864,6.86611986077652
"Fold5.Rep02","downsample","LASSO",1,1,0.967105263157895,1,0.983552631578947,1,0.615384615384615,0.983277591973244,0.771454276289177,0.0608025838498324,140.768049376646
"Fold5.Rep02","downsample","glmBoost",1,1,0.973684210526316,1,0.986842105263158,1,0.666666666666667,0.986666666666667,0.805681579172283,0.0236839180881216,56.0635189580564
"Fold5.Rep02","downsample","Ranger",1,1,0.980263157894737,1,0.990131578947368,1,0.727272727272727,0.990033222591362,0.844345107338866,0.01737675,60.5801876639255
"Fold5.Rep02","downsample","XGBoost",1,1,0.960526315789474,1,0.980263157894737,1,0.571428571428571,0.979865771812081,0.740859082721625,0.0272742888765945,56.083088880393
"Fold1.Rep03","downsample","LASSO",1,1,0.986842105263158,1,0.993421052631579,1,0.818181818181818,0.993377483443709,0.898563446809731,0.0141898633138394,159.916677459945
"Fold1.Rep03","downsample","glmBoost",1,1,0.980263157894737,1,0.990131578947368,1,0.75,0.990033222591362,0.857436509848428,0.0161180022394195,141.907725911677
"Fold1.Rep03","downsample","Ranger",0.998538011695906,0.999913433654095,0.980263157894737,1,0.990131578947368,1,0.75,0.990033222591362,0.857436509848428,0.0180392795031056,1.55358532707328
"Fold1.Rep03","downsample","XGBoost",0.996345029239766,0.999791364512247,0.947368421052632,1,0.973684210526316,1,0.529411764705882,0.972972972972973,0.70820052782817,0.0389624137964883,8.44795153592795
"Fold2.Rep03","downsample","LASSO",0.995614035087719,0.999749372591632,0.973684210526316,1,0.986842105263158,1,0.692307692307692,0.986666666666667,0.821029274037114,0.0619803635997725,4.62516427914365
"Fold2.Rep03","downsample","glmBoost",0.995614035087719,0.999749372591632,0.967105263157895,1,0.983552631578947,1,0.642857142857143,0.983277591973244,0.78848622455677,0.0265699356025935,1.90650085790363
"Fold2.Rep03","downsample","Ranger",1,1,0.973684210526316,1,0.986842105263158,1,0.692307692307692,0.986666666666667,0.821029274037114,0.017027801242236,30.2140718069845
"Fold2.Rep03","downsample","XGBoost",1,1,0.953947368421053,1,0.976973684210526,1,0.5625,0.976430976430976,0.732526719469564,0.0350240763634705,193.360643030777
"Fold3.Rep03","downsample","LASSO",0.998355263157895,0.999914280512879,0.960526315789474,1,0.980263157894737,1,0.571428571428571,0.979865771812081,0.740859082721625,0.0655813957584558,7.8888224033009
"Fold3.Rep03","downsample","glmBoost",0.998355263157895,0.999913433654095,0.960526315789474,1,0.980263157894737,1,0.571428571428571,0.979865771812081,0.740859082721625,0.0303698628741839,6.59198522365344
"Fold3.Rep03","downsample","Ranger",0.997532894736842,0.999869719557262,0.960526315789474,1,0.980263157894737,1,0.571428571428571,0.979865771812081,0.740859082721625,0.033668875,2.20514185251164
"Fold3.Rep03","downsample","XGBoost",0.990953947368421,0.999527807133099,0.953947368421053,1,0.976973684210526,1,0.533333333333333,0.976430976430976,0.713282503517759,0.0354766309565625,1.66427406278036
"Fold4.Rep03","downsample","LASSO",1,1,0.967105263157895,1,0.983552631578947,1,0.615384615384615,0.983277591973244,0.771454276289177,0.0650016668372727,126.320843562486
"Fold4.Rep03","downsample","glmBoost",1,1,0.967105263157895,1,0.983552631578947,1,0.615384615384615,0.983277591973244,0.771454276289177,0.0219220632180133,79.5240041597542
"Fold4.Rep03","downsample","Ranger",1,1,0.993421052631579,1,0.996710526315789,1,0.888888888888889,0.996699669966997,0.939702578304707,0.016108625,76.7486922402552
"Fold4.Rep03","downsample","XGBoost",0.998355263157895,0.999913433654095,0.967105263157895,1,0.983552631578947,1,0.615384615384615,0.983277591973244,0.771454276289177,0.0260242669863366,2.6180609426502
"Fold5.Rep03","downsample","LASSO",0.999177631578947,0.999956859206933,0.973684210526316,1,0.986842105263158,1,0.666666666666667,0.986666666666667,0.805681579172283,0.0531928097755509,7.77170323950421
"Fold5.Rep03","downsample","glmBoost",0.998355263157895,0.999913433654095,0.973684210526316,1,0.986842105263158,1,0.666666666666667,0.986666666666667,0.805681579172283,0.0182903521850263,2.52144967883913
"Fold5.Rep03","downsample","Ranger",1,1,0.993421052631579,1,0.996710526315789,1,0.888888888888889,0.996699669966997,0.939702578304707,0.010366625,25.8980560097155
"Fold5.Rep03","downsample","XGBoost",1,1,0.960526315789474,1,0.980263157894737,1,0.571428571428571,0.979865771812081,0.740859082721625,0.0307175874549087,358.758647966132
"Fold1.Rep04","downsample","LASSO",1,1,0.967105263157895,1,0.983552631578947,1,0.615384615384615,0.983277591973244,0.771454276289177,0.0290566921454864,1229.31447913095
"Fold1.Rep04","downsample","glmBoost",0.998355263157895,0.999913433654095,0.980263157894737,1,0.990131578947368,1,0.727272727272727,0.990033222591362,0.844345107338866,0.0281396079288129,3.81196939390454
"Fold1.Rep04","downsample","Ranger",0.999177631578947,0.999956859206933,0.980263157894737,1,0.990131578947368,1,0.727272727272727,0.990033222591362,0.844345107338866,0.01684415,7.32953844159542
"Fold1.Rep04","downsample","XGBoost",1,1,0.947368421052632,1,0.973684210526316,1,0.5,0.972972972972973,0.688247201611685,0.0358392673045178,52.2701676646195
"Fold2.Rep04","downsample","LASSO",0.99780701754386,0.999870854960041,0.967105263157895,1,0.983552631578947,1,0.642857142857143,0.983277591973244,0.78848622455677,0.0583212751517903,5.26546687359411
"Fold2.Rep04","downsample","glmBoost",0.997076023391813,0.999827998926745,0.973684210526316,1,0.986842105263158,1,0.692307692307692,0.986666666666667,0.821029274037114,0.0223222299709835,2.75035946288843
"Fold2.Rep04","downsample","Ranger",0.997076023391813,0.999827998926745,0.980263157894737,1,0.990131578947368,1,0.75,0.990033222591362,0.857436509848428,0.0234827080745342,1.57403851802446
"Fold2.Rep04","downsample","XGBoost",0.994883040935672,0.99969280996561,0.973684210526316,0.888888888888889,0.931286549707602,0.993288590604027,0.666666666666667,0.983388704318937,0.754492976600406,0.0293952433451575,1.33267342816758
"Fold3.Rep04","downsample","LASSO",1,1,0.973684210526316,1,0.986842105263158,1,0.666666666666667,0.986666666666667,0.805681579172283,0.0602552016324464,156.337524102467
"Fold3.Rep04","downsample","glmBoost",1,1,0.960526315789474,1,0.980263157894737,1,0.571428571428571,0.979865771812081,0.740859082721625,0.0244582171692724,330.634181645713
"Fold3.Rep04","downsample","Ranger",1,1,0.967105263157895,1,0.983552631578947,1,0.615384615384615,0.983277591973244,0.771454276289177,0.02319495,36.9121123315961
"Fold3.Rep04","downsample","XGBoost",1,1,0.986842105263158,1,0.993421052631579,1,0.8,0.993377483443709,0.888523316638638,0.0125619134708558,50.483354799571
"Fold4.Rep04","downsample","LASSO",0.997532894736842,0.999872253003179,0.980263157894737,1,0.990131578947368,1,0.727272727272727,0.990033222591362,0.844345107338866,0.0568892289531193,5.48261327683997
"Fold4.Rep04","downsample","glmBoost",0.999177631578947,0.999956859206933,0.967105263157895,1,0.983552631578947,1,0.615384615384615,0.983277591973244,0.771454276289177,0.0243218349581097,5.14429994204108
"Fold4.Rep04","downsample","Ranger",1,1,0.960526315789474,1,0.980263157894737,1,0.571428571428571,0.979865771812081,0.740859082721625,0.025585425,101.34226757419
"Fold4.Rep04","downsample","XGBoost",1,1,0.973684210526316,1,0.986842105263158,1,0.666666666666667,0.986666666666667,0.805681579172283,0.0240309069009737,218.914132354321
"Fold5.Rep04","downsample","LASSO",0.998538011695906,0.999914280512879,0.927631578947368,1,0.963815789473684,1,0.45,0.962457337883959,0.646091487737082,0.0760255914813226,8.07577620042587
"Fold5.Rep04","downsample","glmBoost",0.999269005847953,0.999956859206933,0.921052631578947,1,0.960526315789474,1,0.428571428571429,0.958904109589041,0.628280862437543,0.0441819552837506,4.60264378219966
"Fold5.Rep04","downsample","Ranger",1,1,0.953947368421053,1,0.976973684210526,1,0.5625,0.976430976430976,0.732526719469564,0.0310681242236025,23.245812445675
"Fold5.Rep04","downsample","XGBoost",0.993421052631579,0.99962355868846,0.921052631578947,1,0.960526315789474,1,0.428571428571429,0.958904109589041,0.628280862437543,0.0596011163727941,86.7551447697875
"Fold1.Rep05","downsample","LASSO",1,1,0.973684210526316,1,0.986842105263158,1,0.692307692307692,0.986666666666667,0.821029274037114,0.0624246132960334,62.6773065068907
"Fold1.Rep05","downsample","glmBoost",1,1,0.980263157894737,1,0.990131578947368,1,0.75,0.990033222591362,0.857436509848428,0.0233795893781366,31.5025572027013
"Fold1.Rep05","downsample","Ranger",1,1,0.980263157894737,1,0.990131578947368,1,0.75,0.990033222591362,0.857436509848428,0.0179894409937888,18.8694657275253
"Fold1.Rep05","downsample","XGBoost",1,1,0.967105263157895,1,0.983552631578947,1,0.642857142857143,0.983277591973244,0.78848622455677,0.0268888800279431,444.549022339712
"Fold2.Rep05","downsample","LASSO",0.998355263157895,0.999913433654095,0.980263157894737,1,0.990131578947368,1,0.727272727272727,0.990033222591362,0.844345107338866,0.0507292794298302,8.1268381330172
"Fold2.Rep05","downsample","glmBoost",0.999177631578947,0.999956859206933,0.980263157894737,1,0.990131578947368,1,0.727272727272727,0.990033222591362,0.844345107338866,0.0204236611288344,2.4706606249056
"Fold2.Rep05","downsample","Ranger",1,1,0.986842105263158,1,0.993421052631579,1,0.8,0.993377483443709,0.888523316638638,0.01241165625,805.606689529518
"Fold2.Rep05","downsample","XGBoost",1,1,0.973684210526316,1,0.986842105263158,1,0.666666666666667,0.986666666666667,0.805681579172283,0.0219098418646181,426.318738216719
"Fold3.Rep05","downsample","LASSO",1,1,0.980263157894737,1,0.990131578947368,1,0.75,0.990033222591362,0.857436509848428,0.0614379715923242,186.101650441629
"Fold3.Rep05","downsample","glmBoost",1,1,0.973684210526316,1,0.986842105263158,1,0.692307692307692,0.986666666666667,0.821029274037114,0.0236663084658499,36.1702445452384
"Fold3.Rep05","downsample","Ranger",1,1,0.967105263157895,1,0.983552631578947,1,0.642857142857143,0.983277591973244,0.78848622455677,0.0213694658385093,23.4990917029674
"Fold3.Rep05","downsample","XGBoost",0.996710526315789,0.999812186433053,0.894736842105263,1,0.947368421052632,1,0.36,0.944444444444444,0.56754318175615,0.0630789467980349,243.087166091814
"Fold4.Rep05","downsample","LASSO",1,1,0.947368421052632,1,0.973684210526316,1,0.5,0.972972972972973,0.688247201611685,0.036868260347642,39.4257425476882
"Fold4.Rep05","downsample","glmBoost",1,1,0.947368421052632,1,0.973684210526316,1,0.5,0.972972972972973,0.688247201611685,0.0391577017541827,46.1287858790459
"Fold4.Rep05","downsample","Ranger",1,1,0.980263157894737,1,0.990131578947368,1,0.727272727272727,0.990033222591362,0.844345107338866,0.022468625,18.5071876967131
"Fold4.Rep05","downsample","XGBoost",0.986842105263158,0.999325011896955,0.914473684210526,1,0.957236842105263,1,0.380952380952381,0.9553264604811,0.590229554765174,0.06343845249046,47.8744239855696
"Fold5.Rep05","downsample","LASSO",0.993421052631579,0.999662232941961,0.960526315789474,1,0.980263157894737,1,0.571428571428571,0.979865771812081,0.740859082721625,0.0284509540910533,1.7323632276358
"Fold5.Rep05","downsample","glmBoost",0.995888157894737,0.999785113353507,0.960526315789474,1,0.980263157894737,1,0.571428571428571,0.979865771812081,0.740859082721625,0.0284644899913822,2.30057283589987
"Fold5.Rep05","downsample","Ranger",0.997532894736842,0.999869719557262,0.967105263157895,1,0.983552631578947,1,0.615384615384615,0.983277591973244,0.771454276289177,0.0239492,2.0884041505508
"Fold5.Rep05","downsample","XGBoost",0.9921875,0.999597873346606,0.967105263157895,1,0.983552631578947,1,0.615384615384615,0.983277591973244,0.771454276289177,0.0302158309797117,3.06742400602682
"Fold1.Rep06","downsample","LASSO",1,1,0.986842105263158,1,0.993421052631579,1,0.8,0.993377483443709,0.888523316638638,0.0514186346597504,297.946164154065
"Fold1.Rep06","downsample","glmBoost",1,1,0.986842105263158,1,0.993421052631579,1,0.8,0.993377483443709,0.888523316638638,0.0155197560297185,69.9030611832894
"Fold1.Rep06","downsample","Ranger",1,1,0.986842105263158,1,0.993421052631579,1,0.8,0.993377483443709,0.888523316638638,0.015716875,30.0621144394637
"Fold1.Rep06","downsample","XGBoost",0.995888157894737,0.999781410212972,0.967105263157895,0.875,0.921052631578947,0.993243243243243,0.583333333333333,0.98,0.696805690094948,0.0209853204799274,1.26748417644704
"Fold2.Rep06","downsample","LASSO",1,1,0.980263157894737,1,0.990131578947368,1,0.727272727272727,0.990033222591362,0.844345107338866,0.056926957955746,283.384650879504
"Fold2.Rep06","downsample","glmBoost",1,1,0.980263157894737,1,0.990131578947368,1,0.727272727272727,0.990033222591362,0.844345107338866,0.0205088022369985,71.1175627095451
"Fold2.Rep06","downsample","Ranger",0.999177631578947,0.999956859206933,0.980263157894737,1,0.990131578947368,1,0.727272727272727,0.990033222591362,0.844345107338866,0.0175799,4.25454514032091
"Fold2.Rep06","downsample","XGBoost",0.999177631578947,0.999956859206933,0.980263157894737,1,0.990131578947368,1,0.727272727272727,0.990033222591362,0.844345107338866,0.017276195048569,9.99494383476958
"Fold3.Rep06","downsample","LASSO",1,1,0.986842105263158,1,0.993421052631579,1,0.818181818181818,0.993377483443709,0.898563446809731,0.0640867278031205,49.9465075684164
"Fold3.Rep06","downsample","glmBoost",1,1,0.986842105263158,1,0.993421052631579,1,0.818181818181818,0.993377483443709,0.898563446809731,0.0181147669260706,21.9365067283602
"Fold3.Rep06","downsample","Ranger",1,1,0.980263157894737,1,0.990131578947368,1,0.75,0.990033222591362,0.857436509848428,0.0122738881987578,23.4832606158976
"Fold3.Rep06","downsample","XGBoost",1,1,0.973684210526316,1,0.986842105263158,1,0.692307692307692,0.986666666666667,0.821029274037114,0.0237293028947226,214.057850291119
"Fold4.Rep06","downsample","LASSO",0.991959064327485,0.999520589870086,0.940789473684211,1,0.970394736842105,1,0.5,0.969491525423729,0.685853291048534,0.083199471659255,3.70682938852699
"Fold4.Rep06","downsample","glmBoost",0.994883040935672,0.999691899344184,0.934210526315789,1,0.967105263157895,1,0.473684210526316,0.965986394557823,0.665222350513923,0.0543101338905342,1.87150404289144
"Fold4.Rep06","downsample","Ranger",0.995614035087719,0.99973680700912,0.947368421052632,1,0.973684210526316,1,0.529411764705882,0.972972972972973,0.70820052782817,0.0348894658385093,1.4809679876947
"Fold4.Rep06","downsample","XGBoost",0.988304093567251,0.99931498421413,0.953947368421053,0.888888888888889,0.921418128654971,0.993150684931507,0.533333333333333,0.973154362416107,0.666137988323618,0.0443867384265462,1.20997526581156
"Fold5.Rep06","downsample","LASSO",1,1,0.973684210526316,1,0.986842105263158,1,0.666666666666667,0.986666666666667,0.805681579172283,0.0599763144824801,190.280136313127
"Fold5.Rep06","downsample","glmBoost",0.999177631578947,0.999956859206933,0.980263157894737,1,0.990131578947368,1,0.727272727272727,0.990033222591362,0.844345107338866,0.0193836250862933,7.7381340939686
"Fold5.Rep06","downsample","Ranger",0.999177631578947,0.999956859206933,0.986842105263158,1,0.993421052631579,1,0.8,0.993377483443709,0.888523316638638,0.01473415,3.19543408701034
"Fold5.Rep06","downsample","XGBoost",0.997532894736842,0.999872253003179,0.973684210526316,1,0.986842105263158,1,0.666666666666667,0.986666666666667,0.805681579172283,0.0217751083334951,10.1153823323206
"Fold1.Rep07","downsample","LASSO",1,1,0.960526315789474,1,0.980263157894737,1,0.571428571428571,0.979865771812081,0.740859082721625,0.0221771414306754,72.0644681482933
"Fold1.Rep07","downsample","glmBoost",1,1,0.967105263157895,1,0.983552631578947,1,0.615384615384615,0.983277591973244,0.771454276289177,0.0248958447085401,112.639205776875
"Fold1.Rep07","downsample","Ranger",1,1,0.973684210526316,1,0.986842105263158,1,0.666666666666667,0.986666666666667,0.805681579172283,0.02172925,59.9203622024673
"Fold1.Rep07","downsample","XGBoost",1,1,0.993421052631579,1,0.996710526315789,1,0.888888888888889,0.996699669966997,0.939702578304707,0.00535176545533476,145.587082561751
"Fold2.Rep07","downsample","LASSO",1,1,0.960526315789474,1,0.980263157894737,1,0.571428571428571,0.979865771812081,0.740859082721625,0.0634946226728825,129.662602553096
"Fold2.Rep07","downsample","glmBoost",1,1,0.980263157894737,1,0.990131578947368,1,0.727272727272727,0.990033222591362,0.844345107338866,0.0242283711621207,24.8864473239373
"Fold2.Rep07","downsample","Ranger",1,1,0.993421052631579,1,0.996710526315789,1,0.888888888888889,0.996699669966997,0.939702578304707,0.0132788,13.5228755627649
"Fold2.Rep07","downsample","XGBoost",1,1,0.960526315789474,1,0.980263157894737,1,0.571428571428571,0.979865771812081,0.740859082721625,0.0304054943760656,43.9318663669449
"Fold3.Rep07","downsample","LASSO",1,1,0.967105263157895,1,0.983552631578947,1,0.642857142857143,0.983277591973244,0.78848622455677,0.0561702734381083,78.1847635116844
"Fold3.Rep07","downsample","glmBoost",1,1,0.980263157894737,1,0.990131578947368,1,0.75,0.990033222591362,0.857436509848428,0.0216513973985155,41.2706720956494
"Fold3.Rep07","downsample","Ranger",1,1,0.973684210526316,1,0.986842105263158,1,0.692307692307692,0.986666666666667,0.821029274037114,0.0194510807453416,23.5667842953527
"Fold3.Rep07","downsample","XGBoost",0.996710526315789,0.999812186433053,0.960526315789474,1,0.980263157894737,1,0.6,0.979865771812081,0.759154654516248,0.0358117928821612,219.416075925768
"Fold4.Rep07","downsample","LASSO",0.995065789473684,0.999743626394269,0.940789473684211,1,0.970394736842105,1,0.470588235294118,0.969491525423729,0.665375426510729,0.0856317605619356,4.51657003184537
"Fold4.Rep07","downsample","glmBoost",0.996710526315789,0.999828827450341,0.953947368421053,1,0.976973684210526,1,0.533333333333333,0.976430976430976,0.713282503517759,0.047520483946174,3.05300808716214
"Fold4.Rep07","downsample","Ranger",0.999177631578947,0.999956859206933,0.940789473684211,1,0.970394736842105,1,0.470588235294118,0.969491525423729,0.665375426510729,0.036471975,4.0419583650017
"Fold4.Rep07","downsample","XGBoost",0.990953947368421,0.999536773557095,0.894736842105263,1,0.947368421052632,1,0.333333333333333,0.944444444444444,0.54611868127275,0.0813325695771839,9.75773913994128
"Fold5.Rep07","downsample","LASSO",0.994152046783626,0.9996598135901,0.940789473684211,1,0.970394736842105,1,0.5,0.969491525423729,0.685853291048534,0.0730970763322892,4.19461859107354
"Fold5.Rep07","downsample","glmBoost",0.997076023391813,0.999828827450341,0.953947368421053,1,0.976973684210526,1,0.5625,0.976430976430976,0.732526719469564,0.0353382834147163,2.20991028479141
"Fold5.Rep07","downsample","Ranger",0.998538011695906,0.999913433654095,0.960526315789474,1,0.980263157894737,1,0.6,0.979865771812081,0.759154654516248,0.0346872795031056,2.00796334161165
"Fold5.Rep07","downsample","XGBoost",0.993421052631579,0.99962355868846,0.927631578947368,1,0.963815789473684,1,0.45,0.962457337883959,0.646091487737082,0.0600938780427095,215.249746252238
"Fold1.Rep08","downsample","LASSO",0.999269005847953,0.999956859206933,0.993421052631579,1,0.996710526315789,1,0.9,0.996699669966997,0.945557479674515,0.0136022150349823,5.79809286110999
"Fold1.Rep08","downsample","glmBoost",0.999269005847953,0.999956859206933,0.993421052631579,1,0.996710526315789,1,0.9,0.996699669966997,0.945557479674515,0.0166539439195106,3.47237295833057
"Fold1.Rep08","downsample","Ranger",1,1,0.993421052631579,1,0.996710526315789,1,0.9,0.996699669966997,0.945557479674515,0.0119028819875776,110.852039912865
"Fold1.Rep08","downsample","XGBoost",0.996710526315789,0.999812186433053,0.980263157894737,1,0.990131578947368,1,0.75,0.990033222591362,0.857436509848428,0.0204799396635891,51.3657873724607
"Fold2.Rep08","downsample","LASSO",1,1,0.967105263157895,1,0.983552631578947,1,0.615384615384615,0.983277591973244,0.771454276289177,0.072399079120894,804.861875856476
"Fold2.Rep08","downsample","glmBoost",1,1,0.967105263157895,1,0.983552631578947,1,0.615384615384615,0.983277591973244,0.771454276289177,0.0290632341614979,194.535764921146
"Fold2.Rep08","downsample","Ranger",0.996710526315789,0.99982571305627,0.973684210526316,1,0.986842105263158,1,0.666666666666667,0.986666666666667,0.805681579172283,0.02534065,2.74835360717579
"Fold2.Rep08","downsample","XGBoost",1,1,1,1,1,1,1,1,1,0.012940492177488,20.3712391657982
"Fold3.Rep08","downsample","LASSO",0.999177631578947,0.999956859206933,0.953947368421053,1,0.976973684210526,1,0.533333333333333,0.976430976430976,0.713282503517759,0.05991710860996,20.3249176179359
"Fold3.Rep08","downsample","glmBoost",0.998355263157895,0.999914280512879,0.967105263157895,1,0.983552631578947,1,0.615384615384615,0.983277591973244,0.771454276289177,0.024234476037993,3.12735021524032
"Fold3.Rep08","downsample","Ranger",0.999177631578947,0.999956859206933,0.993421052631579,1,0.996710526315789,1,0.888888888888889,0.996699669966997,0.939702578304707,0.01450825,3.51247100684943
"Fold3.Rep08","downsample","XGBoost",0.997532894736842,0.999869573027662,0.934210526315789,1,0.967105263157895,1,0.444444444444444,0.965986394557823,0.644363777972174,0.0413038320983023,10.2280847927824
"Fold4.Rep08","downsample","LASSO",0.995888157894737,0.999787340491102,0.953947368421053,1,0.976973684210526,1,0.533333333333333,0.976430976430976,0.713282503517759,0.0732684133199645,3.81962401576997
"Fold4.Rep08","downsample","glmBoost",0.992598684210526,0.999619479943971,0.960526315789474,1,0.980263157894737,1,0.571428571428571,0.979865771812081,0.740859082721625,0.0367841949942966,1.52835674155658
"Fold4.Rep08","downsample","Ranger",1,1,0.973684210526316,1,0.986842105263158,1,0.666666666666667,0.986666666666667,0.805681579172283,0.02082455,56.4358688135579
"Fold4.Rep08","downsample","XGBoost",0.990131578947368,0.999494865877295,0.934210526315789,1,0.967105263157895,1,0.444444444444444,0.965986394557823,0.644363777972174,0.0531006297935578,81.829282926804
"Fold5.Rep08","downsample","LASSO",1,1,0.967105263157895,1,0.983552631578947,1,0.642857142857143,0.983277591973244,0.78848622455677,0.0585294610025818,102.533414039049
"Fold5.Rep08","downsample","glmBoost",1,1,0.986842105263158,1,0.993421052631579,1,0.818181818181818,0.993377483443709,0.898563446809731,0.0149122332345639,27.4192021139516
"Fold5.Rep08","downsample","Ranger",1,1,0.993421052631579,1,0.996710526315789,1,0.9,0.996699669966997,0.945557479674515,0.0143994534161491,19.0250831243561
"Fold5.Rep08","downsample","XGBoost",0.999269005847953,0.99995671651232,0.960526315789474,1,0.980263157894737,1,0.6,0.979865771812081,0.759154654516248,0.0259672727281811,221.392721550665
"Fold1.Rep09","downsample","LASSO",0.99780701754386,0.999872253003179,0.967105263157895,1,0.983552631578947,1,0.642857142857143,0.983277591973244,0.78848622455677,0.0555447740812669,3.71025065256512
"Fold1.Rep09","downsample","glmBoost",0.997076023391813,0.999828827450341,0.953947368421053,1,0.976973684210526,1,0.5625,0.976430976430976,0.732526719469564,0.0277639365608545,1.78380249494725
"Fold1.Rep09","downsample","Ranger",0.996345029239766,0.999781410212972,0.960526315789474,1,0.980263157894737,1,0.6,0.979865771812081,0.759154654516248,0.0246744844720497,2.03409453490954
"Fold1.Rep09","downsample","XGBoost",0.994152046783626,0.999649320650129,0.967105263157895,0.888888888888889,0.927997076023392,0.993243243243243,0.615384615384615,0.98,0.721790750673769,0.0266515042185972,1.60324327618382
"Fold2.Rep09","downsample","LASSO",0.999177631578947,0.999956859206933,0.993421052631579,0.875,0.934210526315789,0.993421052631579,0.875,0.993421052631579,0.868421052631579,0.0556242115530198,6.09356810475715
"Fold2.Rep09","downsample","glmBoost",0.998355263157895,0.999913433654095,0.986842105263158,1,0.993421052631579,1,0.8,0.993377483443709,0.888523316638638,0.0139529550557421,3.15629973029692
"Fold2.Rep09","downsample","Ranger",0.998355263157895,0.999913433654095,0.986842105263158,1,0.993421052631579,1,0.8,0.993377483443709,0.888523316638638,0.01141185,4.05141391965367
"Fold2.Rep09","downsample","XGBoost",0.997532894736842,0.999869719557262,0.993421052631579,0.875,0.934210526315789,0.993421052631579,0.875,0.993421052631579,0.868421052631579,0.0141535534826747,1.51959689971288
"Fold3.Rep09","downsample","LASSO",1,1,0.986842105263158,1,0.993421052631579,1,0.8,0.993377483443709,0.888523316638638,0.0596032264536523,45.7654427347335
"Fold3.Rep09","downsample","glmBoost",1,1,0.993421052631579,1,0.996710526315789,1,0.888888888888889,0.996699669966997,0.939702578304707,0.014289011441822,17.0124979503095
"Fold3.Rep09","downsample","Ranger",1,1,1,1,1,1,1,1,1,0.00771525,10.1266520719638
"Fold3.Rep09","downsample","XGBoost",1,1,0.953947368421053,1,0.976973684210526,1,0.533333333333333,0.976430976430976,0.713282503517759,0.0365411767948565,56.9210171195878
"Fold4.Rep09","downsample","LASSO",0.99780701754386,0.999870854960041,0.960526315789474,1,0.980263157894737,1,0.6,0.979865771812081,0.759154654516248,0.0626337325333605,5.99889565114339
"Fold4.Rep09","downsample","glmBoost",0.996345029239766,0.999784284829912,0.967105263157895,1,0.983552631578947,1,0.642857142857143,0.983277591973244,0.78848622455677,0.0296221148249285,2.02565357273254
"Fold4.Rep09","downsample","Ranger",1,1,0.967105263157895,1,0.983552631578947,1,0.642857142857143,0.983277591973244,0.78848622455677,0.0223569937888199,24.3626751574018
"Fold4.Rep09","downsample","XGBoost",0.999634502923977,0.999978405873691,0.953947368421053,1,0.976973684210526,1,0.5625,0.976430976430976,0.732526719469564,0.0377732300511622,415.867562354113
"Fold5.Rep09","downsample","LASSO",1,1,0.973684210526316,1,0.986842105263158,1,0.666666666666667,0.986666666666667,0.805681579172283,0.0198888997827398,121.211720979922
"Fold5.Rep09","downsample","glmBoost",1,1,0.967105263157895,1,0.983552631578947,1,0.615384615384615,0.983277591973244,0.771454276289177,0.0233922118597539,51.1715510512109
"Fold5.Rep09","downsample","Ranger",1,1,0.980263157894737,1,0.990131578947368,1,0.727272727272727,0.990033222591362,0.844345107338866,0.013131025,48.2718460408746
"Fold5.Rep09","downsample","XGBoost",0.995065789473684,0.99973680700912,0.960526315789474,1,0.980263157894737,1,0.571428571428571,0.979865771812081,0.740859082721625,0.0327311444561047,1.49512354514677
"Fold1.Rep10","downsample","LASSO",1,1,0.980263157894737,1,0.990131578947368,1,0.75,0.990033222591362,0.857436509848428,0.025073160263706,43.4312790823006
"Fold1.Rep10","downsample","glmBoost",1,1,0.986842105263158,1,0.993421052631579,1,0.818181818181818,0.993377483443709,0.898563446809731,0.0290079282220618,36.5978206001812
"Fold1.Rep10","downsample","Ranger",1,1,1,1,1,1,1,1,1,0.0124596273291925,15.0177834017715
"Fold1.Rep10","downsample","XGBoost",1,1,0.861842105263158,1,0.930921052631579,1,0.3,0.925795053003533,0.508480709151239,0.0823508851304638,85.8929925739824
"Fold2.Rep10","downsample","LASSO",1,1,0.940789473684211,1,0.970394736842105,1,0.5,0.969491525423729,0.685853291048534,0.039059109566806,125.511845073911
"Fold2.Rep10","downsample","glmBoost",1,1,0.947368421052632,1,0.973684210526316,1,0.529411764705882,0.972972972972973,0.70820052782817,0.0377011789766858,80.8111621410385
"Fold2.Rep10","downsample","Ranger",0.998538011695906,0.999913433654095,0.953947368421053,1,0.976973684210526,1,0.5625,0.976430976430976,0.732526719469564,0.0298015155279503,5.44377000000972
"Fold2.Rep10","downsample","XGBoost",0.995979532163743,0.999759083239524,0.960526315789474,1,0.980263157894737,1,0.6,0.979865771812081,0.759154654516248,0.0277021910364158,1.87345443432658
"Fold3.Rep10","downsample","LASSO",1,1,0.980263157894737,1,0.990131578947368,1,0.727272727272727,0.990033222591362,0.844345107338866,0.0588970652288311,810.37211195495
"Fold3.Rep10","downsample","glmBoost",1,1,0.980263157894737,1,0.990131578947368,1,0.727272727272727,0.990033222591362,0.844345107338866,0.0245762736897042,219.499782696108
"Fold3.Rep10","downsample","Ranger",1,1,0.953947368421053,1,0.976973684210526,1,0.533333333333333,0.976430976430976,0.713282503517759,0.029033475,87.7125826748001
"Fold3.Rep10","downsample","XGBoost",1,1,0.953947368421053,1,0.976973684210526,1,0.533333333333333,0.976430976430976,0.713282503517759,0.032850762859716,107.040533571735
"Fold4.Rep10","downsample","LASSO",1,1,0.980263157894737,1,0.990131578947368,1,0.727272727272727,0.990033222591362,0.844345107338866,0.071046480075794,251.385351441798
"Fold4.Rep10","downsample","glmBoost",1,1,0.967105263157895,1,0.983552631578947,1,0.615384615384615,0.983277591973244,0.771454276289177,0.0307993512651319,147.011235413333
"Fold4.Rep10","downsample","Ranger",1,1,0.980263157894737,1,0.990131578947368,1,0.727272727272727,0.990033222591362,0.844345107338866,0.01712845,29.4072230977612
"Fold4.Rep10","downsample","XGBoost",1,1,0.973684210526316,1,0.986842105263158,1,0.666666666666667,0.986666666666667,0.805681579172283,0.0225281784250601,28.3414486647339
"Fold5.Rep10","downsample","LASSO",1,1,0.980263157894737,1,0.990131578947368,1,0.727272727272727,0.990033222591362,0.844345107338866,0.0214440810672206,29.6182827298087
"Fold5.Rep10","downsample","glmBoost",1,1,0.986842105263158,1,0.993421052631579,1,0.8,0.993377483443709,0.888523316638638,0.0233786106335159,32.4769303148195
"Fold5.Rep10","downsample","Ranger",1,1,1,1,1,1,1,1,1,0.0086044,43.7906739126739
"Fold5.Rep10","downsample","XGBoost",1,1,0.967105263157895,1,0.983552631578947,1,0.615384615384615,0.983277591973244,0.771454276289177,0.0263009739032138,97.5686649469185
"Fold1.Rep11","downsample","LASSO",0.997532894736842,0.999869719557262,0.980263157894737,1,0.990131578947368,1,0.727272727272727,0.990033222591362,0.844345107338866,0.0582881862222834,5.04920415893236
"Fold1.Rep11","downsample","glmBoost",0.997532894736842,0.999869719557262,0.973684210526316,1,0.986842105263158,1,0.666666666666667,0.986666666666667,0.805681579172283,0.0215073033559594,2.81773240909232
"Fold1.Rep11","downsample","Ranger",0.997532894736842,0.999869719557262,0.980263157894737,0.875,0.927631578947368,0.993333333333333,0.7,0.986754966887417,0.77005354108682,0.0153609,3.58480334158973
"Fold1.Rep11","downsample","XGBoost",0.993832236842105,0.999673191442804,0.967105263157895,0.875,0.921052631578947,0.993243243243243,0.583333333333333,0.98,0.696805690094948,0.0321868679901148,1.2431329118238
"Fold2.Rep11","downsample","LASSO",1,1,0.967105263157895,1,0.983552631578947,1,0.642857142857143,0.983277591973244,0.78848622455677,0.0645247671200294,96.1369962229748
"Fold2.Rep11","downsample","glmBoost",1,1,0.960526315789474,1,0.980263157894737,1,0.6,0.979865771812081,0.759154654516248,0.0277193902414997,47.0917459138182
"Fold2.Rep11","downsample","Ranger",1,1,0.980263157894737,1,0.990131578947368,1,0.75,0.990033222591362,0.857436509848428,0.0183272049689441,21.533675743849
"Fold2.Rep11","downsample","XGBoost",0.993421052631579,0.99962355868846,0.960526315789474,1,0.980263157894737,1,0.6,0.979865771812081,0.759154654516248,0.0320878722980031,14.3182253042708
"Fold3.Rep11","downsample","LASSO",0.999269005847953,0.999956859206933,0.953947368421053,1,0.976973684210526,1,0.5625,0.976430976430976,0.732526719469564,0.0288542327392841,2.85403907595308
"Fold3.Rep11","downsample","glmBoost",1,1,0.953947368421053,1,0.976973684210526,1,0.5625,0.976430976430976,0.732526719469564,0.0296708057784604,90.7087475902902
"Fold3.Rep11","downsample","Ranger",1,1,0.980263157894737,1,0.990131578947368,1,0.75,0.990033222591362,0.857436509848428,0.0182687701863354,28.3630565308126
"Fold3.Rep11","downsample","XGBoost",1,1,0.934210526315789,1,0.967105263157895,1,0.473684210526316,0.965986394557823,0.665222350513923,0.0470490450250752,138.185400772801
"Fold4.Rep11","downsample","LASSO",1,1,1,1,1,1,1,1,1,0.0501401899409316,72.4970140056431
"Fold4.Rep11","downsample","glmBoost",1,1,0.993421052631579,1,0.996710526315789,1,0.888888888888889,0.996699669966997,0.939702578304707,0.0118714059094068,40.8940742006836
"Fold4.Rep11","downsample","Ranger",1,1,0.980263157894737,1,0.990131578947368,1,0.727272727272727,0.990033222591362,0.844345107338866,0.01382055,83.1723560970189
"Fold4.Rep11","downsample","XGBoost",1,1,0.986842105263158,1,0.993421052631579,1,0.8,0.993377483443709,0.888523316638638,0.0148229078304569,34.5121592194172
"Fold5.Rep11","downsample","LASSO",0.997532894736842,0.999872253003179,0.973684210526316,1,0.986842105263158,1,0.666666666666667,0.986666666666667,0.805681579172283,0.057778275918858,7.07252826856548
"Fold5.Rep11","downsample","glmBoost",0.997532894736842,0.999872253003179,0.980263157894737,1,0.990131578947368,1,0.727272727272727,0.990033222591362,0.844345107338866,0.0216646316800721,2.77021171808683
"Fold5.Rep11","downsample","Ranger",1,1,0.973684210526316,1,0.986842105263158,1,0.666666666666667,0.986666666666667,0.805681579172283,0.01995565,71.6669304003713
"Fold5.Rep11","downsample","XGBoost",0.996710526315789,0.999832352658385,0.940789473684211,1,0.970394736842105,1,0.470588235294118,0.969491525423729,0.665375426510729,0.0390792893432418,25.3267190610902
"Fold1.Rep12","downsample","LASSO",0.995888157894737,0.999789809273067,0.947368421052632,1,0.973684210526316,1,0.5,0.972972972972973,0.688247201611685,0.0696850226157865,6.39432251013815
"Fold1.Rep12","downsample","glmBoost",1,1,0.973684210526316,1,0.986842105263158,1,0.666666666666667,0.986666666666667,0.805681579172283,0.027180683024461,155.920655702164
"Fold1.Rep12","downsample","Ranger",1,1,0.967105263157895,1,0.983552631578947,1,0.615384615384615,0.983277591973244,0.771454276289177,0.0328336,58.13769988937
"Fold1.Rep12","downsample","XGBoost",1,1,0.940789473684211,1,0.970394736842105,1,0.470588235294118,0.969491525423729,0.665375426510729,0.0483913093617417,260.411823879433
"Fold2.Rep12","downsample","LASSO",1,1,0.940789473684211,1,0.970394736842105,1,0.5,0.969491525423729,0.685853291048534,0.0694259601699967,405.98182860867
"Fold2.Rep12","downsample","glmBoost",0.998538011695906,0.999913433654095,0.960526315789474,1,0.980263157894737,1,0.6,0.979865771812081,0.759154654516248,0.0300934669166523,4.9880820650426
"Fold2.Rep12","downsample","Ranger",0.997076023391813,0.999827140863208,0.973684210526316,1,0.986842105263158,1,0.692307692307692,0.986666666666667,0.821029274037114,0.0296353043478261,1.6221750611243
"Fold2.Rep12","downsample","XGBoost",0.99890350877193,0.999935122385392,0.914473684210526,1,0.957236842105263,1,0.409090909090909,0.9553264604811,0.611639494157626,0.0642676672024932,9.07134439359766
"Fold3.Rep12","downsample","LASSO",1,1,0.973684210526316,1,0.986842105263158,1,0.666666666666667,0.986666666666667,0.805681579172283,0.0217446402385471,282.507268375271
"Fold3.Rep12","downsample","glmBoost",1,1,0.973684210526316,1,0.986842105263158,1,0.666666666666667,0.986666666666667,0.805681579172283,0.0203261524806509,40.2216410934258
"Fold3.Rep12","downsample","Ranger",1,1,0.986842105263158,1,0.993421052631579,1,0.8,0.993377483443709,0.888523316638638,0.013486275,21.006075687855
"Fold3.Rep12","downsample","XGBoost",1,1,0.980263157894737,1,0.990131578947368,1,0.727272727272727,0.990033222591362,0.844345107338866,0.0121910028950909,22.13045789933
"Fold4.Rep12","downsample","LASSO",0.994243421052632,0.999709446155573,0.973684210526316,1,0.986842105263158,1,0.666666666666667,0.986666666666667,0.805681579172283,0.0232599990797284,1.62944223180226
"Fold4.Rep12","downsample","glmBoost",0.999177631578947,0.999956859206933,0.973684210526316,1,0.986842105263158,1,0.666666666666667,0.986666666666667,0.805681579172283,0.0246804131309794,4.55634856265861
"Fold4.Rep12","downsample","Ranger",1,1,0.973684210526316,1,0.986842105263158,1,0.666666666666667,0.986666666666667,0.805681579172283,0.02130155,41.9348818739155
"Fold4.Rep12","downsample","XGBoost",1,1,0.947368421052632,1,0.973684210526316,1,0.5,0.972972972972973,0.688247201611685,0.0337574317696898,176.122852076932
"Fold5.Rep12","downsample","LASSO",0.998538011695906,0.999913433654095,0.960526315789474,1,0.980263157894737,1,0.6,0.979865771812081,0.759154654516248,0.0667330026259451,24.3194691941022
"Fold5.Rep12","downsample","glmBoost",1,1,0.960526315789474,1,0.980263157894737,1,0.6,0.979865771812081,0.759154654516248,0.0267734932931905,121.621920693321
"Fold5.Rep12","downsample","Ranger",1,1,0.967105263157895,1,0.983552631578947,1,0.642857142857143,0.983277591973244,0.78848622455677,0.0205012919254658,57.9561222997389
"Fold5.Rep12","downsample","XGBoost",0.993421052631579,0.99962355868846,0.947368421052632,1,0.973684210526316,1,0.529411764705882,0.972972972972973,0.70820052782817,0.0464204702060117,211.522158411851
"Fold1.Rep13","downsample","LASSO",1,1,0.967105263157895,1,0.983552631578947,1,0.615384615384615,0.983277591973244,0.771454276289177,0.0698842858715722,61.246337189496
"Fold1.Rep13","downsample","glmBoost",1,1,0.967105263157895,1,0.983552631578947,1,0.615384615384615,0.983277591973244,0.771454276289177,0.0307794573782233,72.4832919350536
"Fold1.Rep13","downsample","Ranger",0.999177631578947,0.999956859206933,0.953947368421053,1,0.976973684210526,1,0.533333333333333,0.976430976430976,0.713282503517759,0.035299975,2.54807990413611
"Fold1.Rep13","downsample","XGBoost",0.993421052631579,0.999663977021722,0.960526315789474,1,0.980263157894737,1,0.571428571428571,0.979865771812081,0.740859082721625,0.0346506532888707,49.9663593681846
"Fold2.Rep13","downsample","LASSO",0.993421052631579,0.999670020367705,0.947368421052632,1,0.973684210526316,1,0.5,0.972972972972973,0.688247201611685,0.0895927782882021,4.0021910921505
"Fold2.Rep13","downsample","glmBoost",0.994243421052632,0.999709446155573,0.934210526315789,1,0.967105263157895,1,0.444444444444444,0.965986394557823,0.644363777972174,0.0511262329044713,2.12531688770672
"Fold2.Rep13","downsample","Ranger",1,1,0.960526315789474,1,0.980263157894737,1,0.571428571428571,0.979865771812081,0.740859082721625,0.041569325,29.8775065667061
"Fold2.Rep13","downsample","XGBoost",0.996710526315789,0.999832352658385,0.901315789473684,1,0.950657894736842,1,0.347826086956522,0.948096885813149,0.559911728904441,0.0642395746763712,43.1742630555183
"Fold3.Rep13","downsample","LASSO",0.998355263157895,0.999914280512879,0.967105263157895,1,0.983552631578947,1,0.615384615384615,0.983277591973244,0.771454276289177,0.0629581909520375,6.58326029893964
"Fold3.Rep13","downsample","glmBoost",0.999177631578947,0.999956859206933,0.973684210526316,1,0.986842105263158,1,0.666666666666667,0.986666666666667,0.805681579172283,0.0214961941196648,4.26527718111977
"Fold3.Rep13","downsample","Ranger",0.999177631578947,0.999956859206933,0.986842105263158,1,0.993421052631579,1,0.8,0.993377483443709,0.888523316638638,0.023143525,2.28403866393667
"Fold3.Rep13","downsample","XGBoost",0.999177631578947,0.999956859206933,0.960526315789474,1,0.980263157894737,1,0.571428571428571,0.979865771812081,0.740859082721625,0.0297032736977273,13.1287721219326
"Fold4.Rep13","downsample","LASSO",0.999269005847953,0.999956859206933,0.980263157894737,1,0.990131578947368,1,0.75,0.990033222591362,0.857436509848428,0.0569758718940198,5.33125990199085
"Fold4.Rep13","downsample","glmBoost",0.999269005847953,0.999956859206933,0.967105263157895,1,0.983552631578947,1,0.642857142857143,0.983277591973244,0.78848622455677,0.0212509558430374,2.64453996212552
"Fold4.Rep13","downsample","Ranger",0.999269005847953,0.999956859206933,0.973684210526316,1,0.986842105263158,1,0.692307692307692,0.986666666666667,0.821029274037114,0.016459701863354,3.44543885670104
"Fold4.Rep13","downsample","XGBoost",1,1,0.960526315789474,1,0.980263157894737,1,0.6,0.979865771812081,0.759154654516248,0.0235154820539533,110.593288340592
"Fold5.Rep13","downsample","LASSO",1,1,0.967105263157895,1,0.983552631578947,1,0.642857142857143,0.983277591973244,0.78848622455677,0.0559193626513885,72.3952863410307
"Fold5.Rep13","downsample","glmBoost",1,1,0.973684210526316,1,0.986842105263158,1,0.692307692307692,0.986666666666667,0.821029274037114,0.0161936613933448,22.5883592188914
"Fold5.Rep13","downsample","Ranger",1,1,1,1,1,1,1,1,1,0.0100699130434783,14.2226000045697
"Fold5.Rep13","downsample","XGBoost",1,1,0.986842105263158,1,0.993421052631579,1,0.818181818181818,0.993377483443709,0.898563446809731,0.016912195730441,51.4981396510679
"Fold1.Rep14","downsample","LASSO",1,1,0.953947368421053,1,0.976973684210526,1,0.533333333333333,0.976430976430976,0.713282503517759,0.0789610453718253,131.198547256784
"Fold1.Rep14","downsample","glmBoost",1,1,0.953947368421053,1,0.976973684210526,1,0.533333333333333,0.976430976430976,0.713282503517759,0.042772091827772,91.8185294333805
"Fold1.Rep14","downsample","Ranger",1,1,0.973684210526316,1,0.986842105263158,1,0.666666666666667,0.986666666666667,0.805681579172283,0.027238675,19.3359069763294
"Fold1.Rep14","downsample","XGBoost",1,1,0.901315789473684,1,0.950657894736842,1,0.347826086956522,0.948096885813149,0.559911728904441,0.0552792148619453,47.3967704449963
"Fold2.Rep14","downsample","LASSO",1,1,0.940789473684211,1,0.970394736842105,1,0.470588235294118,0.969491525423729,0.665375426510729,0.0801303060914239,638.72720937794
"Fold2.Rep14","downsample","glmBoost",1,1,0.934210526315789,1,0.967105263157895,1,0.444444444444444,0.965986394557823,0.644363777972174,0.0447972699847118,419.800408045679
"Fold2.Rep14","downsample","Ranger",1,1,0.940789473684211,1,0.970394736842105,1,0.470588235294118,0.969491525423729,0.665375426510729,0.0384594,33.8455319170135
"Fold2.Rep14","downsample","XGBoost",0.993421052631579,0.999663977021722,0.953947368421053,1,0.976973684210526,1,0.533333333333333,0.976430976430976,0.713282503517759,0.0310655500307181,23.9691764262073
"Fold3.Rep14","downsample","LASSO",0.989035087719298,0.999378856997708,0.927631578947368,1,0.963815789473684,1,0.45,0.962457337883959,0.646091487737082,0.0841327809251136,2.60071579489444
"Fold3.Rep14","downsample","glmBoost",0.987573099415205,0.999291136399883,0.921052631578947,1,0.960526315789474,1,0.428571428571429,0.958904109589041,0.628280862437543,0.0541986453087503,1.38261023462381
"Fold3.Rep14","downsample","Ranger",0.999269005847953,0.999956859206933,0.927631578947368,1,0.963815789473684,1,0.45,0.962457337883959,0.646091487737082,0.0385510310559006,1.84961105360553
"Fold3.Rep14","downsample","XGBoost",0.996710526315789,0.999812186433053,0.973684210526316,1,0.986842105263158,1,0.692307692307692,0.986666666666667,0.821029274037114,0.0243837534888329,37.4993067968523
"Fold4.Rep14","downsample","LASSO",0.995065789473684,0.99973680700912,0.940789473684211,1,0.970394736842105,1,0.470588235294118,0.969491525423729,0.665375426510729,0.0686793542203472,4.85684718231629
"Fold4.Rep14","downsample","glmBoost",0.996710526315789,0.99982571305627,0.967105263157895,1,0.983552631578947,1,0.615384615384615,0.983277591973244,0.771454276289177,0.024312609614085,1.81570206953808
"Fold4.Rep14","downsample","Ranger",0.998355263157895,0.999913433654095,0.980263157894737,1,0.990131578947368,1,0.727272727272727,0.990033222591362,0.844345107338866,0.018510775,4.219763176555
"Fold4.Rep14","downsample","XGBoost",0.995476973684211,0.999759083239524,0.967105263157895,0.875,0.921052631578947,0.993243243243243,0.583333333333333,0.98,0.696805690094948,0.0321805157412265,1.27213290707952
"Fold5.Rep14","downsample","LASSO",0.999269005847953,0.999956859206933,0.960526315789474,1,0.980263157894737,1,0.6,0.979865771812081,0.759154654516248,0.0716984362352209,5.14740796713691
"Fold5.Rep14","downsample","glmBoost",0.999269005847953,0.999956859206933,0.960526315789474,1,0.980263157894737,1,0.6,0.979865771812081,0.759154654516248,0.0325225108382592,3.09099805854794
"Fold5.Rep14","downsample","Ranger",1,1,0.980263157894737,1,0.990131578947368,1,0.75,0.990033222591362,0.857436509848428,0.0165857391304348,24.806350731412
"Fold5.Rep14","downsample","XGBoost",0.990131578947368,0.999434108713172,0.934210526315789,1,0.967105263157895,1,0.473684210526316,0.965986394557823,0.665222350513923,0.0497791777053118,112.503435379276
"Fold1.Rep15","downsample","LASSO",0.997076023391813,0.999827998926745,0.980263157894737,1,0.990131578947368,1,0.75,0.990033222591362,0.857436509848428,0.0539443262328117,5.58106360278331
"Fold1.Rep15","downsample","glmBoost",1,1,0.986842105263158,1,0.993421052631579,1,0.818181818181818,0.993377483443709,0.898563446809731,0.0160790206684224,588.743208140943
"Fold1.Rep15","downsample","Ranger",1,1,1,1,1,1,1,1,1,0.00930062111801242,182.598984469148
"Fold1.Rep15","downsample","XGBoost",0.995979532163743,0.999760097445352,0.993421052631579,0.888888888888889,0.941154970760234,0.993421052631579,0.888888888888889,0.993421052631579,0.882309941520468,0.0144261807933447,1.63266908966185
"Fold2.Rep15","downsample","LASSO",0.997532894736842,0.999872253003179,0.967105263157895,1,0.983552631578947,1,0.615384615384615,0.983277591973244,0.771454276289177,0.0650256009342344,6.83275306020029
"Fold2.Rep15","downsample","glmBoost",0.996710526315789,0.99983076604394,0.960526315789474,1,0.980263157894737,1,0.571428571428571,0.979865771812081,0.740859082721625,0.034980812493408,3.14989263913954
"Fold2.Rep15","downsample","Ranger",1,1,0.960526315789474,1,0.980263157894737,1,0.571428571428571,0.979865771812081,0.740859082721625,0.02460735,39.3223148533765
"Fold2.Rep15","downsample","XGBoost",0.999177631578947,0.999956859206933,0.967105263157895,1,0.983552631578947,1,0.615384615384615,0.983277591973244,0.771454276289177,0.0306991635135231,24.2532652167047
"Fold3.Rep15","downsample","LASSO",1,1,0.947368421052632,1,0.973684210526316,1,0.529411764705882,0.972972972972973,0.70820052782817,0.0681876047868222,265.45518446303
"Fold3.Rep15","downsample","glmBoost",1,1,0.947368421052632,1,0.973684210526316,1,0.529411764705882,0.972972972972973,0.70820052782817,0.0373371476229314,67.7173599126358
"Fold3.Rep15","downsample","Ranger",1,1,0.953947368421053,1,0.976973684210526,1,0.5625,0.976430976430976,0.732526719469564,0.027547950310559,42.6297685772603
"Fold3.Rep15","downsample","XGBoost",0.999634502923977,0.999978405873691,0.907894736842105,1,0.953947368421053,1,0.391304347826087,0.951724137931034,0.59603956067927,0.0721771377148117,184.441143559636
"Fold4.Rep15","downsample","LASSO",1,1,1,1,1,1,1,1,1,0.0559096195907599,57.6890846152273
"Fold4.Rep15","downsample","glmBoost",1,1,0.993421052631579,1,0.996710526315789,1,0.888888888888889,0.996699669966997,0.939702578304707,0.0121801354178975,32.2002808663164
"Fold4.Rep15","downsample","Ranger",1,1,0.986842105263158,1,0.993421052631579,1,0.8,0.993377483443709,0.888523316638638,0.011670075,18.7970713474735
"Fold4.Rep15","downsample","XGBoost",1,1,0.973684210526316,1,0.986842105263158,1,0.666666666666667,0.986666666666667,0.805681579172283,0.019798697887674,49.6882168007943
"Fold5.Rep15","downsample","LASSO",0.999177631578947,0.999956859206933,0.940789473684211,1,0.970394736842105,1,0.470588235294118,0.969491525423729,0.665375426510729,0.0696941042359541,13.7382365883048
"Fold5.Rep15","downsample","glmBoost",1,1,0.934210526315789,1,0.967105263157895,1,0.444444444444444,0.965986394557823,0.644363777972174,0.0347392572595761,104.466698364272
"Fold5.Rep15","downsample","Ranger",0.998355263157895,0.999913433654095,0.973684210526316,1,0.986842105263158,1,0.666666666666667,0.986666666666667,0.805681579172283,0.0254364,2.54812479073495
"Fold5.Rep15","downsample","XGBoost",1,1,0.934210526315789,1,0.967105263157895,1,0.444444444444444,0.965986394557823,0.644363777972174,0.0526916281451507,102.11271191243
"Fold1.Rep16","downsample","LASSO",0.999177631578947,0.999956859206933,0.986842105263158,1,0.993421052631579,1,0.8,0.993377483443709,0.888523316638638,0.058228723184131,10.6768018127952
"Fold1.Rep16","downsample","glmBoost",0.999177631578947,0.999956859206933,0.980263157894737,1,0.990131578947368,1,0.727272727272727,0.990033222591362,0.844345107338866,0.0236593302551724,6.66197133543162
"Fold1.Rep16","downsample","Ranger",1,1,0.980263157894737,1,0.990131578947368,1,0.727272727272727,0.990033222591362,0.844345107338866,0.01948595,73.0571836982052
"Fold1.Rep16","downsample","XGBoost",0.999177631578947,0.999956859206933,0.973684210526316,1,0.986842105263158,1,0.666666666666667,0.986666666666667,0.805681579172283,0.0207126431748997,3.82540946684129
"Fold2.Rep16","downsample","LASSO",0.997532894736842,0.999869719557262,0.947368421052632,1,0.973684210526316,1,0.5,0.972972972972973,0.688247201611685,0.0813471392919268,7.67970051636059
"Fold2.Rep16","downsample","glmBoost",1,1,0.940789473684211,1,0.970394736842105,1,0.470588235294118,0.969491525423729,0.665375426510729,0.0433816319379809,117.708885274958
"Fold2.Rep16","downsample","Ranger",1,1,0.960526315789474,1,0.980263157894737,1,0.571428571428571,0.979865771812081,0.740859082721625,0.023453,24.3263021649926
"Fold2.Rep16","downsample","XGBoost",0.993421052631579,0.999663977021722,0.934210526315789,1,0.967105263157895,1,0.444444444444444,0.965986394557823,0.644363777972174,0.0467428048221666,107.484904485817
"Fold3.Rep16","downsample","LASSO",1,1,0.967105263157895,1,0.983552631578947,1,0.615384615384615,0.983277591973244,0.771454276289177,0.0592725829817141,74.2300613492454
"Fold3.Rep16","downsample","glmBoost",1,1,0.960526315789474,1,0.980263157894737,1,0.571428571428571,0.979865771812081,0.740859082721625,0.0259631728112715,194.625162461613
"Fold3.Rep16","downsample","Ranger",1,1,0.980263157894737,1,0.990131578947368,1,0.727272727272727,0.990033222591362,0.844345107338866,0.016445625,31.3665012863376
"Fold3.Rep16","downsample","XGBoost",1,1,0.986842105263158,1,0.993421052631579,1,0.8,0.993377483443709,0.888523316638638,0.0134650596406375,93.3947248008774
"Fold4.Rep16","downsample","LASSO",1,1,0.980263157894737,1,0.990131578947368,1,0.75,0.990033222591362,0.857436509848428,0.0526638212698045,126.375297318477
"Fold4.Rep16","downsample","glmBoost",1,1,0.980263157894737,1,0.990131578947368,1,0.75,0.990033222591362,0.857436509848428,0.0143382910990297,471.043962709429
"Fold4.Rep16","downsample","Ranger",1,1,0.993421052631579,1,0.996710526315789,1,0.9,0.996699669966997,0.945557479674515,0.00929530434782609,19.5334216536945
"Fold4.Rep16","downsample","XGBoost",0.996345029239766,0.999791364512247,0.980263157894737,1,0.990131578947368,1,0.75,0.990033222591362,0.857436509848428,0.0174453437215747,8.57031571832824
"Fold5.Rep16","downsample","LASSO",0.997076023391813,0.99983076604394,0.980263157894737,1,0.990131578947368,1,0.75,0.990033222591362,0.857436509848428,0.0545316027522336,8.42137909865484
"Fold5.Rep16","downsample","glmBoost",0.99780701754386,0.999872253003179,0.986842105263158,1,0.993421052631579,1,0.818181818181818,0.993377483443709,0.898563446809731,0.0190984457296039,3.25347527058433
"Fold5.Rep16","downsample","Ranger",0.995614035087719,0.99974027832892,0.973684210526316,1,0.986842105263158,1,0.692307692307692,0.986666666666667,0.821029274037114,0.0175944844720497,3.3841328259733
"Fold5.Rep16","downsample","XGBoost",0.991593567251462,0.999500546913042,0.953947368421053,0.888888888888889,0.921418128654971,0.993150684931507,0.533333333333333,0.973154362416107,0.666137988323618,0.0396213779213925,1.40095336244193
"Fold1.Rep17","downsample","LASSO",1,1,0.960526315789474,1,0.980263157894737,1,0.571428571428571,0.979865771812081,0.740859082721625,0.0217131704937037,187.379571587383
"Fold1.Rep17","downsample","glmBoost",1,1,0.960526315789474,1,0.980263157894737,1,0.571428571428571,0.979865771812081,0.740859082721625,0.0257506132069227,102.210304514647
"Fold1.Rep17","downsample","Ranger",1,1,0.980263157894737,1,0.990131578947368,1,0.727272727272727,0.990033222591362,0.844345107338866,0.01764425,22.3306723089599
"Fold1.Rep17","downsample","XGBoost",0.996710526315789,0.999832352658385,0.953947368421053,1,0.976973684210526,1,0.533333333333333,0.976430976430976,0.713282503517759,0.0369895004373234,46.9848839041834
"Fold2.Rep17","downsample","LASSO",1,1,0.993421052631579,1,0.996710526315789,1,0.9,0.996699669966997,0.945557479674515,0.0641766206923227,160.824877304474
"Fold2.Rep17","downsample","glmBoost",1,1,0.980263157894737,1,0.990131578947368,1,0.75,0.990033222591362,0.857436509848428,0.0150109934804053,34.6353563658868
"Fold2.Rep17","downsample","Ranger",1,1,0.993421052631579,1,0.996710526315789,1,0.9,0.996699669966997,0.945557479674515,0.0122484720496894,29.4773227572108
"Fold2.Rep17","downsample","XGBoost",1,1,0.940789473684211,1,0.970394736842105,1,0.5,0.969491525423729,0.685853291048534,0.0410137483238192,158.074997010657
"Fold3.Rep17","downsample","LASSO",0.999177631578947,0.999956859206933,0.960526315789474,1,0.980263157894737,1,0.571428571428571,0.979865771812081,0.740859082721625,0.0599576844969973,7.3623930352274
"Fold3.Rep17","downsample","glmBoost",1,1,0.960526315789474,1,0.980263157894737,1,0.571428571428571,0.979865771812081,0.740859082721625,0.0276825385280475,86.146406546803
"Fold3.Rep17","downsample","Ranger",1,1,0.967105263157895,1,0.983552631578947,1,0.615384615384615,0.983277591973244,0.771454276289177,0.02297645,93.4859739496799
"Fold3.Rep17","downsample","XGBoost",0.993421052631579,0.999663977021722,0.934210526315789,1,0.967105263157895,1,0.444444444444444,0.965986394557823,0.644363777972174,0.045879385049485,22.4138966738743
"Fold4.Rep17","downsample","LASSO",1,1,1,1,1,1,1,1,1,0.0538276372584881,69.7327645673842
"Fold4.Rep17","downsample","glmBoost",1,1,1,1,1,1,1,1,1,0.00872196988328633,35.4625044838413
"Fold4.Rep17","downsample","Ranger",1,1,0.993421052631579,1,0.996710526315789,1,0.888888888888889,0.996699669966997,0.939702578304707,0.006190175,62.3361950787109
"Fold4.Rep17","downsample","XGBoost",1,1,0.986842105263158,1,0.993421052631579,1,0.8,0.993377483443709,0.888523316638638,0.014227601666642,41.6858007672244
"Fold5.Rep17","downsample","LASSO",0.998538011695906,0.999914280512879,0.986842105263158,1,0.993421052631579,1,0.818181818181818,0.993377483443709,0.898563446809731,0.0538480709778663,6.79358596354674
"Fold5.Rep17","downsample","glmBoost",0.998538011695906,0.999913433654095,0.986842105263158,1,0.993421052631579,1,0.818181818181818,0.993377483443709,0.898563446809731,0.0168580922839766,3.24976891517992
"Fold5.Rep17","downsample","Ranger",0.999269005847953,0.999956859206933,0.993421052631579,1,0.996710526315789,1,0.9,0.996699669966997,0.945557479674515,0.0156382608695652,4.99107776468439
"Fold5.Rep17","downsample","XGBoost",0.990131578947368,0.999397326042971,0.967105263157895,0.888888888888889,0.927997076023392,0.993243243243243,0.615384615384615,0.98,0.721790750673769,0.0318575214360773,1.39802271648321
"Fold1.Rep18","downsample","LASSO",0.999269005847953,0.999956859206933,0.960526315789474,1,0.980263157894737,1,0.6,0.979865771812081,0.759154654516248,0.0625671833846427,15.0257963924464
"Fold1.Rep18","downsample","glmBoost",1,1,0.960526315789474,1,0.980263157894737,1,0.6,0.979865771812081,0.759154654516248,0.0249199235505594,55.4755662585708
"Fold1.Rep18","downsample","Ranger",1,1,0.973684210526316,1,0.986842105263158,1,0.692307692307692,0.986666666666667,0.821029274037114,0.0179422360248447,2307.11879589115
"Fold1.Rep18","downsample","XGBoost",0.982456140350877,0.998941610420759,0.901315789473684,0.888888888888889,0.895102339181286,0.992753623188406,0.347826086956522,0.944827586206897,0.518775173183809,0.0764336449978219,1.1914767525303
"Fold2.Rep18","downsample","LASSO",0.993421052631579,0.999656763859981,0.901315789473684,1,0.950657894736842,1,0.347826086956522,0.948096885813149,0.559911728904441,0.0874723791183131,4.05257319127541
"Fold2.Rep18","downsample","glmBoost",0.999177631578947,0.999956859206933,0.927631578947368,1,0.963815789473684,1,0.421052631578947,0.962457337883959,0.624965373001996,0.0487556683735132,4.33969203942577
"Fold2.Rep18","downsample","Ranger",1,1,0.953947368421053,1,0.976973684210526,1,0.533333333333333,0.976430976430976,0.713282503517759,0.028628525,37.5184630989885
"Fold2.Rep18","downsample","XGBoost",1,1,0.868421052631579,1,0.934210526315789,1,0.285714285714286,0.929577464788732,0.498116754136899,0.0720887272105295,68.1644544262748
"Fold3.Rep18","downsample","LASSO",0.998355263157895,0.999914280512879,0.934210526315789,1,0.967105263157895,1,0.444444444444444,0.965986394557823,0.644363777972174,0.0815946257580018,5.87237062906635
"Fold3.Rep18","downsample","glmBoost",0.998355263157895,0.999914280512879,0.947368421052632,1,0.973684210526316,1,0.5,0.972972972972973,0.688247201611685,0.0437404580360038,2.36833931324251
"Fold3.Rep18","downsample","Ranger",1,1,0.953947368421053,1,0.976973684210526,1,0.533333333333333,0.976430976430976,0.713282503517759,0.03145585,43.8927533425734
"Fold3.Rep18","downsample","XGBoost",0.996299342105263,0.999811443140754,0.881578947368421,1,0.940789473684211,1,0.307692307692308,0.937062937062937,0.520821524832399,0.0635769891608753,8.72561826157479
"Fold4.Rep18","downsample","LASSO",1,1,1,1,1,1,1,1,1,0.0526425962593508,47.5584585198033
"Fold4.Rep18","downsample","glmBoost",1,1,1,1,1,1,1,1,1,0.0115402509362902,22.037543735329
"Fold4.Rep18","downsample","Ranger",1,1,1,1,1,1,1,1,1,0.009089725,20.3421500983836
"Fold4.Rep18","downsample","XGBoost",1,1,0.993421052631579,1,0.996710526315789,1,0.888888888888889,0.996699669966997,0.939702578304707,0.00951860580797576,20.6353281457186
"Fold5.Rep18","downsample","LASSO",0.995614035087719,0.99974114782107,0.953947368421053,1,0.976973684210526,1,0.5625,0.976430976430976,0.732526719469564,0.0669325272019234,5.67329086367052
"Fold5.Rep18","downsample","glmBoost",0.997076023391813,0.999827998926745,0.960526315789474,1,0.980263157894737,1,0.6,0.979865771812081,0.759154654516248,0.02941131633382,3.19445121016121
"Fold5.Rep18","downsample","Ranger",0.994517543859649,0.999671748762325,0.967105263157895,0.888888888888889,0.927997076023392,0.993243243243243,0.615384615384615,0.98,0.721790750673769,0.0273861118012422,1.90171732583585
"Fold5.Rep18","downsample","XGBoost",0.993055555555556,0.999581313284709,0.973684210526316,0.888888888888889,0.931286549707602,0.993288590604027,0.666666666666667,0.983388704318937,0.754492976600406,0.0294929825710162,1.31252077076496
"Fold1.Rep19","downsample","LASSO",0.999177631578947,0.999956859206933,0.973684210526316,1,0.986842105263158,1,0.666666666666667,0.986666666666667,0.805681579172283,0.0623300876482431,13.0940241033648
"Fold1.Rep19","downsample","glmBoost",0.997532894736842,0.999869719557262,0.960526315789474,1,0.980263157894737,1,0.571428571428571,0.979865771812081,0.740859082721625,0.0301337323972028,2.82704793005462
"Fold1.Rep19","downsample","Ranger",0.999177631578947,0.999956859206933,0.973684210526316,1,0.986842105263158,1,0.666666666666667,0.986666666666667,0.805681579172283,0.01814745,2.58250391307968
"Fold1.Rep19","downsample","XGBoost",0.998355263157895,0.999913433654095,0.967105263157895,1,0.983552631578947,1,0.615384615384615,0.983277591973244,0.771454276289177,0.0343345178628154,3.14705554448128
"Fold2.Rep19","downsample","LASSO",0.986019736842105,0.999258353065768,0.907894736842105,1,0.953947368421053,1,0.363636363636364,0.951724137931034,0.574581187187552,0.0918078096823313,4.01780795257318
"Fold2.Rep19","downsample","glmBoost",0.987664473684211,0.999350204511049,0.921052631578947,1,0.960526315789474,1,0.4,0.958904109589041,0.606976978666884,0.0610090490875829,1.74672564263126
"Fold2.Rep19","downsample","Ranger",0.995065789473684,0.99974114782107,0.953947368421053,1,0.976973684210526,1,0.533333333333333,0.976430976430976,0.713282503517759,0.039354375,1.99081486438844
"Fold2.Rep19","downsample","XGBoost",0.981907894736842,0.999061246093729,0.947368421052632,0.875,0.911184210526316,0.993103448275862,0.466666666666667,0.96969696969697,0.614898709929102,0.0484386740393551,1.12422549616917
"Fold3.Rep19","downsample","LASSO",1,1,0.980263157894737,1,0.990131578947368,1,0.727272727272727,0.990033222591362,0.844345107338866,0.0113620844442287,17.7921129134789
"Fold3.Rep19","downsample","glmBoost",1,1,0.980263157894737,1,0.990131578947368,1,0.727272727272727,0.990033222591362,0.844345107338866,0.0131935240047403,20.3976311430098
"Fold3.Rep19","downsample","Ranger",1,1,0.980263157894737,1,0.990131578947368,1,0.727272727272727,0.990033222591362,0.844345107338866,0.014729375,28.5125676124888
"Fold3.Rep19","downsample","XGBoost",1,1,0.953947368421053,1,0.976973684210526,1,0.533333333333333,0.976430976430976,0.713282503517759,0.0282923331037379,101.915505648368
"Fold4.Rep19","downsample","LASSO",1,1,0.960526315789474,1,0.980263157894737,1,0.6,0.979865771812081,0.759154654516248,0.0608101179875464,225.12639933866
"Fold4.Rep19","downsample","glmBoost",1,1,0.973684210526316,1,0.986842105263158,1,0.692307692307692,0.986666666666667,0.821029274037114,0.022319394704533,31.6880524642744
"Fold4.Rep19","downsample","Ranger",1,1,0.993421052631579,1,0.996710526315789,1,0.9,0.996699669966997,0.945557479674515,0.0139489937888199,46.122604136245
"Fold4.Rep19","downsample","XGBoost",0.999634502923977,0.999978405873691,0.947368421052632,1,0.973684210526316,1,0.529411764705882,0.972972972972973,0.70820052782817,0.0378359540486732,176.405642859437
"Fold5.Rep19","downsample","LASSO",0.999269005847953,0.999956859206933,0.986842105263158,1,0.993421052631579,1,0.818181818181818,0.993377483443709,0.898563446809731,0.0590706545296949,7.97691690243456
"Fold5.Rep19","downsample","glmBoost",1,1,0.980263157894737,1,0.990131578947368,1,0.75,0.990033222591362,0.857436509848428,0.0203277492239108,1869.01863494934
"Fold5.Rep19","downsample","Ranger",1,1,0.993421052631579,1,0.996710526315789,1,0.9,0.996699669966997,0.945557479674515,0.0126553291925466,27.732365105215
"Fold5.Rep19","downsample","XGBoost",1,1,0.980263157894737,1,0.990131578947368,1,0.75,0.990033222591362,0.857436509848428,0.0136503772458544,119.086838733851
"Fold1.Rep20","downsample","LASSO",1,1,0.986842105263158,1,0.993421052631579,1,0.8,0.993377483443709,0.888523316638638,0.06701131658674,292.638146470439
"Fold1.Rep20","downsample","glmBoost",1,1,0.986842105263158,1,0.993421052631579,1,0.8,0.993377483443709,0.888523316638638,0.018659622125737,36.4507633614856
"Fold1.Rep20","downsample","Ranger",1,1,1,1,1,1,1,1,1,0.0106886,17.9627409006264
"Fold1.Rep20","downsample","XGBoost",0.996710526315789,0.999832352658385,0.947368421052632,1,0.973684210526316,1,0.5,0.972972972972973,0.688247201611685,0.0365104889675981,37.6251670269491
"Fold2.Rep20","downsample","LASSO",0.996710526315789,0.99983076604394,0.980263157894737,1,0.990131578947368,1,0.727272727272727,0.990033222591362,0.844345107338866,0.0587637581989598,5.04706096740853
"Fold2.Rep20","downsample","glmBoost",0.999177631578947,0.999956859206933,0.980263157894737,1,0.990131578947368,1,0.727272727272727,0.990033222591362,0.844345107338866,0.0205423579542029,2.82919058754535
"Fold2.Rep20","downsample","Ranger",0.998355263157895,0.999913433654095,0.973684210526316,1,0.986842105263158,1,0.666666666666667,0.986666666666667,0.805681579172283,0.019582125,4.70636668460029
"Fold2.Rep20","downsample","XGBoost",1,1,0.986842105263158,1,0.993421052631579,1,0.8,0.993377483443709,0.888523316638638,0.0148409049985063,28.053408562279
"Fold3.Rep20","downsample","LASSO",0.999177631578947,0.999956859206933,0.973684210526316,1,0.986842105263158,1,0.666666666666667,0.986666666666667,0.805681579172283,0.0644204634826063,8.01775278961081
"Fold3.Rep20","downsample","glmBoost",1,1,0.967105263157895,1,0.983552631578947,1,0.615384615384615,0.983277591973244,0.771454276289177,0.0279111813522958,110.226525999536
"Fold3.Rep20","downsample","Ranger",1,1,0.980263157894737,1,0.990131578947368,1,0.727272727272727,0.990033222591362,0.844345107338866,0.018098575,12.4476888432548
"Fold3.Rep20","downsample","XGBoost",0.996710526315789,0.999832352658385,0.960526315789474,1,0.980263157894737,1,0.571428571428571,0.979865771812081,0.740859082721625,0.0324948291397964,66.1201271863497
"Fold4.Rep20","downsample","LASSO",1,1,0.967105263157895,1,0.983552631578947,1,0.642857142857143,0.983277591973244,0.78848622455677,0.0641503507940907,102.002277136562
"Fold4.Rep20","downsample","glmBoost",1,1,0.967105263157895,1,0.983552631578947,1,0.642857142857143,0.983277591973244,0.78848622455677,0.0242278685114002,43.2267516325647
"Fold4.Rep20","downsample","Ranger",1,1,0.973684210526316,1,0.986842105263158,1,0.692307692307692,0.986666666666667,0.821029274037114,0.0185948571428571,30.1329473993263
"Fold4.Rep20","downsample","XGBoost",0.996710526315789,0.999812186433053,0.953947368421053,1,0.976973684210526,1,0.5625,0.976430976430976,0.732526719469564,0.0493827975943777,46.2686649947781
"Fold5.Rep20","downsample","LASSO",0.994152046783626,0.999662232941961,0.921052631578947,1,0.960526315789474,1,0.428571428571429,0.958904109589041,0.628280862437543,0.0743060363945593,4.66154517248606
"Fold5.Rep20","downsample","glmBoost",0.996345029239766,0.999783134362216,0.927631578947368,1,0.963815789473684,1,0.45,0.962457337883959,0.646091487737082,0.0479006611451515,2.26178945729303
"Fold5.Rep20","downsample","Ranger",0.99780701754386,0.999869719557262,0.960526315789474,1,0.980263157894737,1,0.6,0.979865771812081,0.759154654516248,0.0353722732919255,1.51570673578426
"Fold5.Rep20","downsample","XGBoost",0.986842105263158,0.999243828325367,0.927631578947368,1,0.963815789473684,1,0.45,0.962457337883959,0.646091487737082,0.0621020782392762,126.525971532101
