group,pc1_center_nm,pc2_center_nm,frame_count,probability,free_energy_kj_mol
complex_all_replicates,-3.9222475,-4.430152100000001,0,0.0,
complex_all_replicates,-3.9222475,-4.2564963,0,0.0,
complex_all_replicates,-3.9222475,-4.0828405,0,0.0,
complex_all_replicates,-3.9222475,-3.9091847,0,0.0,
complex_all_replicates,-3.9222475,-3.7355289,0,0.0,
complex_all_replicates,-3.9222475,-3.5618731,0,0.0,
complex_all_replicates,-3.9222475,-3.3882173,0,0.0,
complex_all_replicates,-3.9222475,-3.2145615000000003,0,0.0,
complex_all_replicates,-3.9222475,-3.0409057,0,0.0,
complex_all_replicates,-3.9222475,-2.8672499,0,0.0,
complex_all_replicates,-3.9222475,-2.6935941,0,0.0,
complex_all_replicates,-3.9222475,-2.5199383,2,0.0008322929671244,7.409220010183719
complex_all_replicates,-3.9222475,-2.3462825,1,0.0004161464835622,9.138163906645048
complex_all_replicates,-3.9222475,-2.1726267,3,0.0012484394506866,6.39785266490312
complex_all_replicates,-3.9222475,-1.9989709,0,0.0,
complex_all_replicates,-3.9222475,-1.8253151,0,0.0,
complex_all_replicates,-3.9222475,-1.6516592999999995,0,0.0,
complex_all_replicates,-3.9222475,-1.4780034999999996,0,0.0,
complex_all_replicates,-3.9222475,-1.3043476999999997,0,0.0,
complex_all_replicates,-3.9222475,-1.1306918999999995,0,0.0,
complex_all_replicates,-3.9222475,-0.9570360999999996,0,0.0,
complex_all_replicates,-3.9222475,-0.7833802999999997,3,0.0012484394506866,6.39785266490312
complex_all_replicates,-3.9222475,-0.6097244999999998,0,0.0,
complex_all_replicates,-3.9222475,-0.4360686999999996,0,0.0,
complex_all_replicates,-3.9222475,-0.2624128999999997,0,0.0,
complex_all_replicates,-3.9222475,-0.0887570999999995,1,0.0004161464835622,9.138163906645048
complex_all_replicates,-3.9222475,0.0848987000000005,0,0.0,
complex_all_replicates,-3.9222475,0.2585545000000002,0,0.0,
complex_all_replicates,-3.9222475,0.4322103000000004,0,0.0,
complex_all_replicates,-3.9222475,0.6058661000000005,0,0.0,
complex_all_replicates,-3.9222475,0.7795219000000007,0,0.0,
complex_all_replicates,-3.9222475,0.9531777000000008,0,0.0,
complex_all_replicates,-3.9222475,1.1268335000000005,0,0.0,
complex_all_replicates,-3.9222475,1.3004893000000006,0,0.0,
complex_all_replicates,-3.9222475,1.4741451000000008,0,0.0,
complex_all_replicates,-3.9222475,1.647800900000001,0,0.0,
complex_all_replicates,-3.9222475,1.821456700000001,0,0.0,
complex_all_replicates,-3.9222475,1.9951125000000007,0,0.0,
complex_all_replicates,-3.9222475,2.168768300000001,0,0.0,
complex_all_replicates,-3.9222475,2.342424100000001,0,0.0,
complex_all_replicates,-3.9222475,2.5160799000000007,0,0.0,
complex_all_replicates,-3.9222475,2.689735700000001,0,0.0,
complex_all_replicates,-3.9222475,2.863391500000001,0,0.0,
complex_all_replicates,-3.9222475,3.0370473000000007,0,0.0,
complex_all_replicates,-3.9222475,3.210703100000001,0,0.0,
complex_all_replicates,-3.9222475,3.384358900000001,0,0.0,
complex_all_replicates,-3.9222475,3.5580147000000006,0,0.0,
complex_all_replicates,-3.9222475,3.731670500000001,0,0.0,
complex_all_replicates,-3.9222475,3.905326300000002,0,0.0,
complex_all_replicates,-3.9222475,4.078982100000001,0,0.0,
complex_all_replicates,-3.7183025,-4.430152100000001,0,0.0,
complex_all_replicates,-3.7183025,-4.2564963,0,0.0,
complex_all_replicates,-3.7183025,-4.0828405,0,0.0,
complex_all_replicates,-3.7183025,-3.9091847,0,0.0,
complex_all_replicates,-3.7183025,-3.7355289,0,0.0,
complex_all_replicates,-3.7183025,-3.5618731,0,0.0,
complex_all_replicates,-3.7183025,-3.3882173,0,0.0,
complex_all_replicates,-3.7183025,-3.2145615000000003,0,0.0,
complex_all_replicates,-3.7183025,-3.0409057,0,0.0,
complex_all_replicates,-3.7183025,-2.8672499,0,0.0,
complex_all_replicates,-3.7183025,-2.6935941,1,0.0004161464835622,9.138163906645048
complex_all_replicates,-3.7183025,-2.5199383,1,0.0004161464835622,9.138163906645048
complex_all_replicates,-3.7183025,-2.3462825,0,0.0,
complex_all_replicates,-3.7183025,-2.1726267,2,0.0008322929671244,7.409220010183719
complex_all_replicates,-3.7183025,-1.9989709,5,0.002080732417811,5.123680498967462
complex_all_replicates,-3.7183025,-1.8253151,1,0.0004161464835622,9.138163906645048
complex_all_replicates,-3.7183025,-1.6516592999999995,1,0.0004161464835622,9.138163906645048
complex_all_replicates,-3.7183025,-1.4780034999999996,0,0.0,
complex_all_replicates,-3.7183025,-1.3043476999999997,1,0.0004161464835622,9.138163906645048
complex_all_replicates,-3.7183025,-1.1306918999999995,1,0.0004161464835622,9.138163906645048
complex_all_replicates,-3.7183025,-0.9570360999999996,0,0.0,
complex_all_replicates,-3.7183025,-0.7833802999999997,4,0.0016645859342488,5.680276113722391
complex_all_replicates,-3.7183025,-0.6097244999999998,5,0.002080732417811,5.123680498967462
complex_all_replicates,-3.7183025,-0.4360686999999996,1,0.0004161464835622,9.138163906645048
complex_all_replicates,-3.7183025,-0.2624128999999997,3,0.0012484394506866,6.39785266490312
complex_all_replicates,-3.7183025,-0.0887570999999995,1,0.0004161464835622,9.138163906645048
complex_all_replicates,-3.7183025,0.0848987000000005,2,0.0008322929671244,7.409220010183719
complex_all_replicates,-3.7183025,0.2585545000000002,1,0.0004161464835622,9.138163906645048
complex_all_replicates,-3.7183025,0.4322103000000004,3,0.0012484394506866,6.39785266490312
complex_all_replicates,-3.7183025,0.6058661000000005,1,0.0004161464835622,9.138163906645048
complex_all_replicates,-3.7183025,0.7795219000000007,0,0.0,
complex_all_replicates,-3.7183025,0.9531777000000008,0,0.0,
complex_all_replicates,-3.7183025,1.1268335000000005,0,0.0,
complex_all_replicates,-3.7183025,1.3004893000000006,0,0.0,
complex_all_replicates,-3.7183025,1.4741451000000008,0,0.0,
complex_all_replicates,-3.7183025,1.647800900000001,0,0.0,
complex_all_replicates,-3.7183025,1.821456700000001,0,0.0,
complex_all_replicates,-3.7183025,1.9951125000000007,0,0.0,
complex_all_replicates,-3.7183025,2.168768300000001,0,0.0,
complex_all_replicates,-3.7183025,2.342424100000001,0,0.0,
complex_all_replicates,-3.7183025,2.5160799000000007,0,0.0,
complex_all_replicates,-3.7183025,2.689735700000001,0,0.0,
complex_all_replicates,-3.7183025,2.863391500000001,0,0.0,
complex_all_replicates,-3.7183025,3.0370473000000007,0,0.0,
complex_all_replicates,-3.7183025,3.210703100000001,0,0.0,
complex_all_replicates,-3.7183025,3.384358900000001,0,0.0,
complex_all_replicates,-3.7183025,3.5580147000000006,0,0.0,
complex_all_replicates,-3.7183025,3.731670500000001,0,0.0,
complex_all_replicates,-3.7183025,3.905326300000002,0,0.0,
complex_all_replicates,-3.7183025,4.078982100000001,0,0.0,
complex_all_replicates,-3.5143575,-4.430152100000001,0,0.0,
complex_all_replicates,-3.5143575,-4.2564963,0,0.0,
complex_all_replicates,-3.5143575,-4.0828405,0,0.0,
complex_all_replicates,-3.5143575,-3.9091847,0,0.0,
complex_all_replicates,-3.5143575,-3.7355289,0,0.0,
complex_all_replicates,-3.5143575,-3.5618731,0,0.0,
complex_all_replicates,-3.5143575,-3.3882173,0,0.0,
complex_all_replicates,-3.5143575,-3.2145615000000003,3,0.0012484394506866,6.39785266490312
complex_all_replicates,-3.5143575,-3.0409057,1,0.0004161464835622,9.138163906645048
complex_all_replicates,-3.5143575,-2.8672499,0,0.0,
complex_all_replicates,-3.5143575,-2.6935941,0,0.0,
complex_all_replicates,-3.5143575,-2.5199383,2,0.0008322929671244,7.409220010183719
complex_all_replicates,-3.5143575,-2.3462825,3,0.0012484394506866,6.39785266490312
complex_all_replicates,-3.5143575,-2.1726267,2,0.0008322929671244,7.409220010183719
complex_all_replicates,-3.5143575,-1.9989709,4,0.0016645859342488,5.680276113722391
complex_all_replicates,-3.5143575,-1.8253151,3,0.0012484394506866,6.39785266490312
complex_all_replicates,-3.5143575,-1.6516592999999995,1,0.0004161464835622,9.138163906645048
complex_all_replicates,-3.5143575,-1.4780034999999996,1,0.0004161464835622,9.138163906645048
complex_all_replicates,-3.5143575,-1.3043476999999997,2,0.0008322929671244,7.409220010183719
complex_all_replicates,-3.5143575,-1.1306918999999995,6,0.0024968789013732,4.668908768441791
complex_all_replicates,-3.5143575,-0.9570360999999996,6,0.0024968789013732,4.668908768441791
complex_all_replicates,-3.5143575,-0.7833802999999997,10,0.0041614648356221,3.3947366025061334
complex_all_replicates,-3.5143575,-0.6097244999999998,11,0.0045776113191843,3.1570007243767577
complex_all_replicates,-3.5143575,-0.4360686999999996,11,0.0045776113191843,3.1570007243767577
complex_all_replicates,-3.5143575,-0.2624128999999997,8,0.0033291718684977,3.951332217261062
complex_all_replicates,-3.5143575,-0.0887570999999995,7,0.0029130253849354,4.284404748952884
complex_all_replicates,-3.5143575,0.0848987000000005,13,0.0054099042863087,2.740311241741927
complex_all_replicates,-3.5143575,0.2585545000000002,7,0.0029130253849354,4.284404748952884
complex_all_replicates,-3.5143575,0.4322103000000004,5,0.002080732417811,5.123680498967462
complex_all_replicates,-3.5143575,0.6058661000000005,0,0.0,
complex_all_replicates,-3.5143575,0.7795219000000007,0,0.0,
complex_all_replicates,-3.5143575,0.9531777000000008,0,0.0,
complex_all_replicates,-3.5143575,1.1268335000000005,0,0.0,
complex_all_replicates,-3.5143575,1.3004893000000006,0,0.0,
complex_all_replicates,-3.5143575,1.4741451000000008,0,0.0,
complex_all_replicates,-3.5143575,1.647800900000001,0,0.0,
complex_all_replicates,-3.5143575,1.821456700000001,0,0.0,
complex_all_replicates,-3.5143575,1.9951125000000007,0,0.0,
complex_all_replicates,-3.5143575,2.168768300000001,0,0.0,
complex_all_replicates,-3.5143575,2.342424100000001,0,0.0,
complex_all_replicates,-3.5143575,2.5160799000000007,0,0.0,
complex_all_replicates,-3.5143575,2.689735700000001,0,0.0,
complex_all_replicates,-3.5143575,2.863391500000001,0,0.0,
complex_all_replicates,-3.5143575,3.0370473000000007,0,0.0,
complex_all_replicates,-3.5143575,3.210703100000001,0,0.0,
complex_all_replicates,-3.5143575,3.384358900000001,0,0.0,
complex_all_replicates,-3.5143575,3.5580147000000006,0,0.0,
complex_all_replicates,-3.5143575,3.731670500000001,0,0.0,
complex_all_replicates,-3.5143575,3.905326300000002,0,0.0,
complex_all_replicates,-3.5143575,4.078982100000001,0,0.0,
complex_all_replicates,-3.3104124999999995,-4.430152100000001,0,0.0,
complex_all_replicates,-3.3104124999999995,-4.2564963,0,0.0,
complex_all_replicates,-3.3104124999999995,-4.0828405,0,0.0,
complex_all_replicates,-3.3104124999999995,-3.9091847,0,0.0,
complex_all_replicates,-3.3104124999999995,-3.7355289,0,0.0,
complex_all_replicates,-3.3104124999999995,-3.5618731,0,0.0,
complex_all_replicates,-3.3104124999999995,-3.3882173,3,0.0012484394506866,6.39785266490312
complex_all_replicates,-3.3104124999999995,-3.2145615000000003,1,0.0004161464835622,9.138163906645048
complex_all_replicates,-3.3104124999999995,-3.0409057,2,0.0008322929671244,7.409220010183719
complex_all_replicates,-3.3104124999999995,-2.8672499,0,0.0,
complex_all_replicates,-3.3104124999999995,-2.6935941,1,0.0004161464835622,9.138163906645048
complex_all_replicates,-3.3104124999999995,-2.5199383,2,0.0008322929671244,7.409220010183719
complex_all_replicates,-3.3104124999999995,-2.3462825,5,0.002080732417811,5.123680498967462
complex_all_replicates,-3.3104124999999995,-2.1726267,7,0.0029130253849354,4.284404748952884
complex_all_replicates,-3.3104124999999995,-1.9989709,5,0.002080732417811,5.123680498967462
complex_all_replicates,-3.3104124999999995,-1.8253151,4,0.0016645859342488,5.680276113722391
complex_all_replicates,-3.3104124999999995,-1.6516592999999995,0,0.0,
complex_all_replicates,-3.3104124999999995,-1.4780034999999996,3,0.0012484394506866,6.39785266490312
complex_all_replicates,-3.3104124999999995,-1.3043476999999997,7,0.0029130253849354,4.284404748952884
complex_all_replicates,-3.3104124999999995,-1.1306918999999995,4,0.0016645859342488,5.680276113722391
complex_all_replicates,-3.3104124999999995,-0.9570360999999996,10,0.0041614648356221,3.3947366025061334
complex_all_replicates,-3.3104124999999995,-0.7833802999999997,6,0.0024968789013732,4.668908768441791
complex_all_replicates,-3.3104124999999995,-0.6097244999999998,9,0.0037453183520599,3.657541423161193
complex_all_replicates,-3.3104124999999995,-0.4360686999999996,11,0.0045776113191843,3.1570007243767577
complex_all_replicates,-3.3104124999999995,-0.2624128999999997,10,0.0041614648356221,3.3947366025061334
complex_all_replicates,-3.3104124999999995,-0.0887570999999995,2,0.0008322929671244,7.409220010183719
complex_all_replicates,-3.3104124999999995,0.0848987000000005,8,0.0033291718684977,3.951332217261062
complex_all_replicates,-3.3104124999999995,0.2585545000000002,2,0.0008322929671244,7.409220010183719
complex_all_replicates,-3.3104124999999995,0.4322103000000004,0,0.0,
complex_all_replicates,-3.3104124999999995,0.6058661000000005,2,0.0008322929671244,7.409220010183719
complex_all_replicates,-3.3104124999999995,0.7795219000000007,0,0.0,
complex_all_replicates,-3.3104124999999995,0.9531777000000008,0,0.0,
complex_all_replicates,-3.3104124999999995,1.1268335000000005,0,0.0,
complex_all_replicates,-3.3104124999999995,1.3004893000000006,0,0.0,
complex_all_replicates,-3.3104124999999995,1.4741451000000008,0,0.0,
complex_all_replicates,-3.3104124999999995,1.647800900000001,0,0.0,
complex_all_replicates,-3.3104124999999995,1.821456700000001,0,0.0,
complex_all_replicates,-3.3104124999999995,1.9951125000000007,0,0.0,
complex_all_replicates,-3.3104124999999995,2.168768300000001,0,0.0,
complex_all_replicates,-3.3104124999999995,2.342424100000001,0,0.0,
complex_all_replicates,-3.3104124999999995,2.5160799000000007,0,0.0,
complex_all_replicates,-3.3104124999999995,2.689735700000001,0,0.0,
complex_all_replicates,-3.3104124999999995,2.863391500000001,0,0.0,
complex_all_replicates,-3.3104124999999995,3.0370473000000007,0,0.0,
complex_all_replicates,-3.3104124999999995,3.210703100000001,0,0.0,
complex_all_replicates,-3.3104124999999995,3.384358900000001,0,0.0,
complex_all_replicates,-3.3104124999999995,3.5580147000000006,0,0.0,
complex_all_replicates,-3.3104124999999995,3.731670500000001,0,0.0,
complex_all_replicates,-3.3104124999999995,3.905326300000002,0,0.0,
complex_all_replicates,-3.3104124999999995,4.078982100000001,0,0.0,
complex_all_replicates,-3.1064674999999995,-4.430152100000001,0,0.0,
complex_all_replicates,-3.1064674999999995,-4.2564963,0,0.0,
complex_all_replicates,-3.1064674999999995,-4.0828405,0,0.0,
complex_all_replicates,-3.1064674999999995,-3.9091847,0,0.0,
complex_all_replicates,-3.1064674999999995,-3.7355289,2,0.0008322929671244,7.409220010183719
complex_all_replicates,-3.1064674999999995,-3.5618731,0,0.0,
complex_all_replicates,-3.1064674999999995,-3.3882173,1,0.0004161464835622,9.138163906645048
complex_all_replicates,-3.1064674999999995,-3.2145615000000003,1,0.0004161464835622,9.138163906645048
complex_all_replicates,-3.1064674999999995,-3.0409057,1,0.0004161464835622,9.138163906645048
complex_all_replicates,-3.1064674999999995,-2.8672499,2,0.0008322929671244,7.409220010183719
complex_all_replicates,-3.1064674999999995,-2.6935941,3,0.0012484394506866,6.39785266490312
complex_all_replicates,-3.1064674999999995,-2.5199383,5,0.002080732417811,5.123680498967462
complex_all_replicates,-3.1064674999999995,-2.3462825,13,0.0054099042863087,2.740311241741927
complex_all_replicates,-3.1064674999999995,-2.1726267,13,0.0054099042863087,2.740311241741927
complex_all_replicates,-3.1064674999999995,-1.9989709,11,0.0045776113191843,3.1570007243767577
complex_all_replicates,-3.1064674999999995,-1.8253151,13,0.0054099042863087,2.740311241741927
complex_all_replicates,-3.1064674999999995,-1.6516592999999995,6,0.0024968789013732,4.668908768441791
complex_all_replicates,-3.1064674999999995,-1.4780034999999996,7,0.0029130253849354,4.284404748952884
complex_all_replicates,-3.1064674999999995,-1.3043476999999997,11,0.0045776113191843,3.1570007243767577
complex_all_replicates,-3.1064674999999995,-1.1306918999999995,4,0.0016645859342488,5.680276113722391
complex_all_replicates,-3.1064674999999995,-0.9570360999999996,10,0.0041614648356221,3.3947366025061334
complex_all_replicates,-3.1064674999999995,-0.7833802999999997,8,0.0033291718684977,3.951332217261062
complex_all_replicates,-3.1064674999999995,-0.6097244999999998,6,0.0024968789013732,4.668908768441791
complex_all_replicates,-3.1064674999999995,-0.4360686999999996,1,0.0004161464835622,9.138163906645048
complex_all_replicates,-3.1064674999999995,-0.2624128999999997,2,0.0008322929671244,7.409220010183719
complex_all_replicates,-3.1064674999999995,-0.0887570999999995,0,0.0,
complex_all_replicates,-3.1064674999999995,0.0848987000000005,3,0.0012484394506866,6.39785266490312
complex_all_replicates,-3.1064674999999995,0.2585545000000002,0,0.0,
complex_all_replicates,-3.1064674999999995,0.4322103000000004,0,0.0,
complex_all_replicates,-3.1064674999999995,0.6058661000000005,1,0.0004161464835622,9.138163906645048
complex_all_replicates,-3.1064674999999995,0.7795219000000007,0,0.0,
complex_all_replicates,-3.1064674999999995,0.9531777000000008,0,0.0,
complex_all_replicates,-3.1064674999999995,1.1268335000000005,0,0.0,
complex_all_replicates,-3.1064674999999995,1.3004893000000006,0,0.0,
complex_all_replicates,-3.1064674999999995,1.4741451000000008,0,0.0,
complex_all_replicates,-3.1064674999999995,1.647800900000001,0,0.0,
complex_all_replicates,-3.1064674999999995,1.821456700000001,0,0.0,
complex_all_replicates,-3.1064674999999995,1.9951125000000007,0,0.0,
complex_all_replicates,-3.1064674999999995,2.168768300000001,0,0.0,
complex_all_replicates,-3.1064674999999995,2.342424100000001,0,0.0,
complex_all_replicates,-3.1064674999999995,2.5160799000000007,0,0.0,
complex_all_replicates,-3.1064674999999995,2.689735700000001,0,0.0,
complex_all_replicates,-3.1064674999999995,2.863391500000001,0,0.0,
complex_all_replicates,-3.1064674999999995,3.0370473000000007,0,0.0,
complex_all_replicates,-3.1064674999999995,3.210703100000001,0,0.0,
complex_all_replicates,-3.1064674999999995,3.384358900000001,0,0.0,
complex_all_replicates,-3.1064674999999995,3.5580147000000006,0,0.0,
complex_all_replicates,-3.1064674999999995,3.731670500000001,0,0.0,
complex_all_replicates,-3.1064674999999995,3.905326300000002,0,0.0,
complex_all_replicates,-3.1064674999999995,4.078982100000001,0,0.0,
complex_all_replicates,-2.9025224999999995,-4.430152100000001,0,0.0,
complex_all_replicates,-2.9025224999999995,-4.2564963,0,0.0,
complex_all_replicates,-2.9025224999999995,-4.0828405,0,0.0,
complex_all_replicates,-2.9025224999999995,-3.9091847,0,0.0,
complex_all_replicates,-2.9025224999999995,-3.7355289,0,0.0,
complex_all_replicates,-2.9025224999999995,-3.5618731,3,0.0012484394506866,6.39785266490312
complex_all_replicates,-2.9025224999999995,-3.3882173,5,0.002080732417811,5.123680498967462
complex_all_replicates,-2.9025224999999995,-3.2145615000000003,2,0.0008322929671244,7.409220010183719
complex_all_replicates,-2.9025224999999995,-3.0409057,2,0.0008322929671244,7.409220010183719
complex_all_replicates,-2.9025224999999995,-2.8672499,0,0.0,
complex_all_replicates,-2.9025224999999995,-2.6935941,6,0.0024968789013732,4.668908768441791
complex_all_replicates,-2.9025224999999995,-2.5199383,8,0.0033291718684977,3.951332217261062
complex_all_replicates,-2.9025224999999995,-2.3462825,4,0.0016645859342488,5.680276113722391
complex_all_replicates,-2.9025224999999995,-2.1726267,8,0.0033291718684977,3.951332217261062
complex_all_replicates,-2.9025224999999995,-1.9989709,9,0.0037453183520599,3.657541423161193
complex_all_replicates,-2.9025224999999995,-1.8253151,10,0.0041614648356221,3.3947366025061334
complex_all_replicates,-2.9025224999999995,-1.6516592999999995,10,0.0041614648356221,3.3947366025061334
complex_all_replicates,-2.9025224999999995,-1.4780034999999996,11,0.0045776113191843,3.1570007243767577
complex_all_replicates,-2.9025224999999995,-1.3043476999999997,5,0.002080732417811,5.123680498967462
complex_all_replicates,-2.9025224999999995,-1.1306918999999995,3,0.0012484394506866,6.39785266490312
complex_all_replicates,-2.9025224999999995,-0.9570360999999996,1,0.0004161464835622,9.138163906645048
complex_all_replicates,-2.9025224999999995,-0.7833802999999997,1,0.0004161464835622,9.138163906645048
complex_all_replicates,-2.9025224999999995,-0.6097244999999998,4,0.0016645859342488,5.680276113722391
complex_all_replicates,-2.9025224999999995,-0.4360686999999996,0,0.0,
complex_all_replicates,-2.9025224999999995,-0.2624128999999997,1,0.0004161464835622,9.138163906645048
complex_all_replicates,-2.9025224999999995,-0.0887570999999995,1,0.0004161464835622,9.138163906645048
complex_all_replicates,-2.9025224999999995,0.0848987000000005,1,0.0004161464835622,9.138163906645048
complex_all_replicates,-2.9025224999999995,0.2585545000000002,0,0.0,
complex_all_replicates,-2.9025224999999995,0.4322103000000004,0,0.0,
complex_all_replicates,-2.9025224999999995,0.6058661000000005,0,0.0,
complex_all_replicates,-2.9025224999999995,0.7795219000000007,0,0.0,
complex_all_replicates,-2.9025224999999995,0.9531777000000008,0,0.0,
complex_all_replicates,-2.9025224999999995,1.1268335000000005,0,0.0,
complex_all_replicates,-2.9025224999999995,1.3004893000000006,0,0.0,
complex_all_replicates,-2.9025224999999995,1.4741451000000008,0,0.0,
complex_all_replicates,-2.9025224999999995,1.647800900000001,0,0.0,
complex_all_replicates,-2.9025224999999995,1.821456700000001,0,0.0,
complex_all_replicates,-2.9025224999999995,1.9951125000000007,0,0.0,
complex_all_replicates,-2.9025224999999995,2.168768300000001,0,0.0,
complex_all_replicates,-2.9025224999999995,2.342424100000001,0,0.0,
complex_all_replicates,-2.9025224999999995,2.5160799000000007,0,0.0,
complex_all_replicates,-2.9025224999999995,2.689735700000001,0,0.0,
complex_all_replicates,-2.9025224999999995,2.863391500000001,0,0.0,
complex_all_replicates,-2.9025224999999995,3.0370473000000007,0,0.0,
complex_all_replicates,-2.9025224999999995,3.210703100000001,0,0.0,
complex_all_replicates,-2.9025224999999995,3.384358900000001,0,0.0,
complex_all_replicates,-2.9025224999999995,3.5580147000000006,0,0.0,
complex_all_replicates,-2.9025224999999995,3.731670500000001,0,0.0,
complex_all_replicates,-2.9025224999999995,3.905326300000002,0,0.0,
complex_all_replicates,-2.9025224999999995,4.078982100000001,0,0.0,
complex_all_replicates,-2.6985774999999994,-4.430152100000001,0,0.0,
complex_all_replicates,-2.6985774999999994,-4.2564963,0,0.0,
complex_all_replicates,-2.6985774999999994,-4.0828405,1,0.0004161464835622,9.138163906645048
complex_all_replicates,-2.6985774999999994,-3.9091847,0,0.0,
complex_all_replicates,-2.6985774999999994,-3.7355289,3,0.0012484394506866,6.39785266490312
complex_all_replicates,-2.6985774999999994,-3.5618731,6,0.0024968789013732,4.668908768441791
complex_all_replicates,-2.6985774999999994,-3.3882173,5,0.002080732417811,5.123680498967462
complex_all_replicates,-2.6985774999999994,-3.2145615000000003,3,0.0012484394506866,6.39785266490312
complex_all_replicates,-2.6985774999999994,-3.0409057,2,0.0008322929671244,7.409220010183719
complex_all_replicates,-2.6985774999999994,-2.8672499,0,0.0,
complex_all_replicates,-2.6985774999999994,-2.6935941,7,0.0029130253849354,4.284404748952884
complex_all_replicates,-2.6985774999999994,-2.5199383,11,0.0045776113191843,3.1570007243767577
complex_all_replicates,-2.6985774999999994,-2.3462825,6,0.0024968789013732,4.668908768441791
complex_all_replicates,-2.6985774999999994,-2.1726267,9,0.0037453183520599,3.657541423161193
complex_all_replicates,-2.6985774999999994,-1.9989709,9,0.0037453183520599,3.657541423161193
complex_all_replicates,-2.6985774999999994,-1.8253151,11,0.0045776113191843,3.1570007243767577
complex_all_replicates,-2.6985774999999994,-1.6516592999999995,6,0.0024968789013732,4.668908768441791
complex_all_replicates,-2.6985774999999994,-1.4780034999999996,6,0.0024968789013732,4.668908768441791
complex_all_replicates,-2.6985774999999994,-1.3043476999999997,5,0.002080732417811,5.123680498967462
complex_all_replicates,-2.6985774999999994,-1.1306918999999995,2,0.0008322929671244,7.409220010183719
complex_all_replicates,-2.6985774999999994,-0.9570360999999996,3,0.0012484394506866,6.39785266490312
complex_all_replicates,-2.6985774999999994,-0.7833802999999997,0,0.0,
complex_all_replicates,-2.6985774999999994,-0.6097244999999998,1,0.0004161464835622,9.138163906645048
complex_all_replicates,-2.6985774999999994,-0.4360686999999996,0,0.0,
complex_all_replicates,-2.6985774999999994,-0.2624128999999997,0,0.0,
complex_all_replicates,-2.6985774999999994,-0.0887570999999995,0,0.0,
complex_all_replicates,-2.6985774999999994,0.0848987000000005,1,0.0004161464835622,9.138163906645048
complex_all_replicates,-2.6985774999999994,0.2585545000000002,0,0.0,
complex_all_replicates,-2.6985774999999994,0.4322103000000004,0,0.0,
complex_all_replicates,-2.6985774999999994,0.6058661000000005,0,0.0,
complex_all_replicates,-2.6985774999999994,0.7795219000000007,0,0.0,
complex_all_replicates,-2.6985774999999994,0.9531777000000008,0,0.0,
complex_all_replicates,-2.6985774999999994,1.1268335000000005,0,0.0,
complex_all_replicates,-2.6985774999999994,1.3004893000000006,0,0.0,
complex_all_replicates,-2.6985774999999994,1.4741451000000008,0,0.0,
complex_all_replicates,-2.6985774999999994,1.647800900000001,0,0.0,
complex_all_replicates,-2.6985774999999994,1.821456700000001,0,0.0,
complex_all_replicates,-2.6985774999999994,1.9951125000000007,0,0.0,
complex_all_replicates,-2.6985774999999994,2.168768300000001,0,0.0,
complex_all_replicates,-2.6985774999999994,2.342424100000001,0,0.0,
complex_all_replicates,-2.6985774999999994,2.5160799000000007,0,0.0,
complex_all_replicates,-2.6985774999999994,2.689735700000001,0,0.0,
complex_all_replicates,-2.6985774999999994,2.863391500000001,0,0.0,
complex_all_replicates,-2.6985774999999994,3.0370473000000007,0,0.0,
complex_all_replicates,-2.6985774999999994,3.210703100000001,0,0.0,
complex_all_replicates,-2.6985774999999994,3.384358900000001,0,0.0,
complex_all_replicates,-2.6985774999999994,3.5580147000000006,0,0.0,
complex_all_replicates,-2.6985774999999994,3.731670500000001,0,0.0,
complex_all_replicates,-2.6985774999999994,3.905326300000002,0,0.0,
complex_all_replicates,-2.6985774999999994,4.078982100000001,0,0.0,
complex_all_replicates,-2.4946325,-4.430152100000001,0,0.0,
complex_all_replicates,-2.4946325,-4.2564963,0,0.0,
complex_all_replicates,-2.4946325,-4.0828405,0,0.0,
complex_all_replicates,-2.4946325,-3.9091847,3,0.0012484394506866,6.39785266490312
complex_all_replicates,-2.4946325,-3.7355289,2,0.0008322929671244,7.409220010183719
complex_all_replicates,-2.4946325,-3.5618731,2,0.0008322929671244,7.409220010183719
complex_all_replicates,-2.4946325,-3.3882173,2,0.0008322929671244,7.409220010183719
complex_all_replicates,-2.4946325,-3.2145615000000003,4,0.0016645859342488,5.680276113722391
complex_all_replicates,-2.4946325,-3.0409057,3,0.0012484394506866,6.39785266490312
complex_all_replicates,-2.4946325,-2.8672499,2,0.0008322929671244,7.409220010183719
complex_all_replicates,-2.4946325,-2.6935941,14,0.0058260507698709,2.555460852491556
complex_all_replicates,-2.4946325,-2.5199383,10,0.0041614648356221,3.3947366025061334
complex_all_replicates,-2.4946325,-2.3462825,3,0.0012484394506866,6.39785266490312
complex_all_replicates,-2.4946325,-2.1726267,6,0.0024968789013732,4.668908768441791
complex_all_replicates,-2.4946325,-1.9989709,4,0.0016645859342488,5.680276113722391
complex_all_replicates,-2.4946325,-1.8253151,6,0.0024968789013732,4.668908768441791
complex_all_replicates,-2.4946325,-1.6516592999999995,4,0.0016645859342488,5.680276113722391
complex_all_replicates,-2.4946325,-1.4780034999999996,1,0.0004161464835622,9.138163906645048
complex_all_replicates,-2.4946325,-1.3043476999999997,2,0.0008322929671244,7.409220010183719
complex_all_replicates,-2.4946325,-1.1306918999999995,0,0.0,
complex_all_replicates,-2.4946325,-0.9570360999999996,2,0.0008322929671244,7.409220010183719
complex_all_replicates,-2.4946325,-0.7833802999999997,0,0.0,
complex_all_replicates,-2.4946325,-0.6097244999999998,0,0.0,
complex_all_replicates,-2.4946325,-0.4360686999999996,1,0.0004161464835622,9.138163906645048
complex_all_replicates,-2.4946325,-0.2624128999999997,1,0.0004161464835622,9.138163906645048
complex_all_replicates,-2.4946325,-0.0887570999999995,0,0.0,
complex_all_replicates,-2.4946325,0.0848987000000005,0,0.0,
complex_all_replicates,-2.4946325,0.2585545000000002,0,0.0,
complex_all_replicates,-2.4946325,0.4322103000000004,0,0.0,
complex_all_replicates,-2.4946325,0.6058661000000005,0,0.0,
complex_all_replicates,-2.4946325,0.7795219000000007,0,0.0,
complex_all_replicates,-2.4946325,0.9531777000000008,0,0.0,
complex_all_replicates,-2.4946325,1.1268335000000005,0,0.0,
complex_all_replicates,-2.4946325,1.3004893000000006,0,0.0,
complex_all_replicates,-2.4946325,1.4741451000000008,0,0.0,
complex_all_replicates,-2.4946325,1.647800900000001,0,0.0,
complex_all_replicates,-2.4946325,1.821456700000001,0,0.0,
complex_all_replicates,-2.4946325,1.9951125000000007,0,0.0,
complex_all_replicates,-2.4946325,2.168768300000001,0,0.0,
complex_all_replicates,-2.4946325,2.342424100000001,0,0.0,
complex_all_replicates,-2.4946325,2.5160799000000007,0,0.0,
complex_all_replicates,-2.4946325,2.689735700000001,0,0.0,
complex_all_replicates,-2.4946325,2.863391500000001,0,0.0,
complex_all_replicates,-2.4946325,3.0370473000000007,0,0.0,
complex_all_replicates,-2.4946325,3.210703100000001,0,0.0,
complex_all_replicates,-2.4946325,3.384358900000001,0,0.0,
complex_all_replicates,-2.4946325,3.5580147000000006,0,0.0,
complex_all_replicates,-2.4946325,3.731670500000001,0,0.0,
complex_all_replicates,-2.4946325,3.905326300000002,0,0.0,
complex_all_replicates,-2.4946325,4.078982100000001,0,0.0,
complex_all_replicates,-2.2906874999999998,-4.430152100000001,1,0.0004161464835622,9.138163906645048
complex_all_replicates,-2.2906874999999998,-4.2564963,0,0.0,
complex_all_replicates,-2.2906874999999998,-4.0828405,1,0.0004161464835622,9.138163906645048
complex_all_replicates,-2.2906874999999998,-3.9091847,1,0.0004161464835622,9.138163906645048
complex_all_replicates,-2.2906874999999998,-3.7355289,3,0.0012484394506866,6.39785266490312
complex_all_replicates,-2.2906874999999998,-3.5618731,2,0.0008322929671244,7.409220010183719
complex_all_replicates,-2.2906874999999998,-3.3882173,2,0.0008322929671244,7.409220010183719
complex_all_replicates,-2.2906874999999998,-3.2145615000000003,3,0.0012484394506866,6.39785266490312
complex_all_replicates,-2.2906874999999998,-3.0409057,4,0.0016645859342488,5.680276113722391
complex_all_replicates,-2.2906874999999998,-2.8672499,4,0.0016645859342488,5.680276113722391
complex_all_replicates,-2.2906874999999998,-2.6935941,4,0.0016645859342488,5.680276113722391
complex_all_replicates,-2.2906874999999998,-2.5199383,9,0.0037453183520599,3.657541423161193
complex_all_replicates,-2.2906874999999998,-2.3462825,8,0.0033291718684977,3.951332217261062
complex_all_replicates,-2.2906874999999998,-2.1726267,6,0.0024968789013732,4.668908768441791
complex_all_replicates,-2.2906874999999998,-1.9989709,5,0.002080732417811,5.123680498967462
complex_all_replicates,-2.2906874999999998,-1.8253151,3,0.0012484394506866,6.39785266490312
complex_all_replicates,-2.2906874999999998,-1.6516592999999995,3,0.0012484394506866,6.39785266490312
complex_all_replicates,-2.2906874999999998,-1.4780034999999996,2,0.0008322929671244,7.409220010183719
complex_all_replicates,-2.2906874999999998,-1.3043476999999997,2,0.0008322929671244,7.409220010183719
complex_all_replicates,-2.2906874999999998,-1.1306918999999995,0,0.0,
complex_all_replicates,-2.2906874999999998,-0.9570360999999996,1,0.0004161464835622,9.138163906645048
complex_all_replicates,-2.2906874999999998,-0.7833802999999997,1,0.0004161464835622,9.138163906645048
complex_all_replicates,-2.2906874999999998,-0.6097244999999998,0,0.0,
complex_all_replicates,-2.2906874999999998,-0.4360686999999996,0,0.0,
complex_all_replicates,-2.2906874999999998,-0.2624128999999997,0,0.0,
complex_all_replicates,-2.2906874999999998,-0.0887570999999995,0,0.0,
complex_all_replicates,-2.2906874999999998,0.0848987000000005,0,0.0,
complex_all_replicates,-2.2906874999999998,0.2585545000000002,0,0.0,
complex_all_replicates,-2.2906874999999998,0.4322103000000004,0,0.0,
complex_all_replicates,-2.2906874999999998,0.6058661000000005,0,0.0,
complex_all_replicates,-2.2906874999999998,0.7795219000000007,0,0.0,
complex_all_replicates,-2.2906874999999998,0.9531777000000008,0,0.0,
complex_all_replicates,-2.2906874999999998,1.1268335000000005,0,0.0,
complex_all_replicates,-2.2906874999999998,1.3004893000000006,1,0.0004161464835622,9.138163906645048
complex_all_replicates,-2.2906874999999998,1.4741451000000008,0,0.0,
complex_all_replicates,-2.2906874999999998,1.647800900000001,0,0.0,
complex_all_replicates,-2.2906874999999998,1.821456700000001,0,0.0,
complex_all_replicates,-2.2906874999999998,1.9951125000000007,0,0.0,
complex_all_replicates,-2.2906874999999998,2.168768300000001,0,0.0,
complex_all_replicates,-2.2906874999999998,2.342424100000001,0,0.0,
complex_all_replicates,-2.2906874999999998,2.5160799000000007,0,0.0,
complex_all_replicates,-2.2906874999999998,2.689735700000001,0,0.0,
complex_all_replicates,-2.2906874999999998,2.863391500000001,0,0.0,
complex_all_replicates,-2.2906874999999998,3.0370473000000007,0,0.0,
complex_all_replicates,-2.2906874999999998,3.210703100000001,0,0.0,
complex_all_replicates,-2.2906874999999998,3.384358900000001,0,0.0,
complex_all_replicates,-2.2906874999999998,3.5580147000000006,0,0.0,
complex_all_replicates,-2.2906874999999998,3.731670500000001,0,0.0,
complex_all_replicates,-2.2906874999999998,3.905326300000002,0,0.0,
complex_all_replicates,-2.2906874999999998,4.078982100000001,0,0.0,
complex_all_replicates,-2.0867425,-4.430152100000001,0,0.0,
complex_all_replicates,-2.0867425,-4.2564963,0,0.0,
complex_all_replicates,-2.0867425,-4.0828405,1,0.0004161464835622,9.138163906645048
complex_all_replicates,-2.0867425,-3.9091847,1,0.0004161464835622,9.138163906645048
complex_all_replicates,-2.0867425,-3.7355289,0,0.0,
complex_all_replicates,-2.0867425,-3.5618731,1,0.0004161464835622,9.138163906645048
complex_all_replicates,-2.0867425,-3.3882173,0,0.0,
complex_all_replicates,-2.0867425,-3.2145615000000003,2,0.0008322929671244,7.409220010183719
complex_all_replicates,-2.0867425,-3.0409057,0,0.0,
complex_all_replicates,-2.0867425,-2.8672499,1,0.0004161464835622,9.138163906645048
complex_all_replicates,-2.0867425,-2.6935941,1,0.0004161464835622,9.138163906645048
complex_all_replicates,-2.0867425,-2.5199383,0,0.0,
complex_all_replicates,-2.0867425,-2.3462825,9,0.0037453183520599,3.657541423161193
complex_all_replicates,-2.0867425,-2.1726267,5,0.002080732417811,5.123680498967462
complex_all_replicates,-2.0867425,-1.9989709,4,0.0016645859342488,5.680276113722391
complex_all_replicates,-2.0867425,-1.8253151,2,0.0008322929671244,7.409220010183719
complex_all_replicates,-2.0867425,-1.6516592999999995,1,0.0004161464835622,9.138163906645048
complex_all_replicates,-2.0867425,-1.4780034999999996,1,0.0004161464835622,9.138163906645048
complex_all_replicates,-2.0867425,-1.3043476999999997,1,0.0004161464835622,9.138163906645048
complex_all_replicates,-2.0867425,-1.1306918999999995,1,0.0004161464835622,9.138163906645048
complex_all_replicates,-2.0867425,-0.9570360999999996,1,0.0004161464835622,9.138163906645048
complex_all_replicates,-2.0867425,-0.7833802999999997,0,0.0,
complex_all_replicates,-2.0867425,-0.6097244999999998,0,0.0,
complex_all_replicates,-2.0867425,-0.4360686999999996,0,0.0,
complex_all_replicates,-2.0867425,-0.2624128999999997,0,0.0,
complex_all_replicates,-2.0867425,-0.0887570999999995,0,0.0,
complex_all_replicates,-2.0867425,0.0848987000000005,0,0.0,
complex_all_replicates,-2.0867425,0.2585545000000002,0,0.0,
complex_all_replicates,-2.0867425,0.4322103000000004,0,0.0,
complex_all_replicates,-2.0867425,0.6058661000000005,0,0.0,
complex_all_replicates,-2.0867425,0.7795219000000007,0,0.0,
complex_all_replicates,-2.0867425,0.9531777000000008,0,0.0,
complex_all_replicates,-2.0867425,1.1268335000000005,0,0.0,
complex_all_replicates,-2.0867425,1.3004893000000006,3,0.0012484394506866,6.39785266490312
complex_all_replicates,-2.0867425,1.4741451000000008,0,0.0,
complex_all_replicates,-2.0867425,1.647800900000001,1,0.0004161464835622,9.138163906645048
complex_all_replicates,-2.0867425,1.821456700000001,0,0.0,
complex_all_replicates,-2.0867425,1.9951125000000007,0,0.0,
complex_all_replicates,-2.0867425,2.168768300000001,0,0.0,
complex_all_replicates,-2.0867425,2.342424100000001,0,0.0,
complex_all_replicates,-2.0867425,2.5160799000000007,0,0.0,
complex_all_replicates,-2.0867425,2.689735700000001,0,0.0,
complex_all_replicates,-2.0867425,2.863391500000001,0,0.0,
complex_all_replicates,-2.0867425,3.0370473000000007,0,0.0,
complex_all_replicates,-2.0867425,3.210703100000001,0,0.0,
complex_all_replicates,-2.0867425,3.384358900000001,0,0.0,
complex_all_replicates,-2.0867425,3.5580147000000006,0,0.0,
complex_all_replicates,-2.0867425,3.731670500000001,0,0.0,
complex_all_replicates,-2.0867425,3.905326300000002,0,0.0,
complex_all_replicates,-2.0867425,4.078982100000001,0,0.0,
complex_all_replicates,-1.8827975,-4.430152100000001,1,0.0004161464835622,9.138163906645048
complex_all_replicates,-1.8827975,-4.2564963,2,0.0008322929671244,7.409220010183719
complex_all_replicates,-1.8827975,-4.0828405,1,0.0004161464835622,9.138163906645048
complex_all_replicates,-1.8827975,-3.9091847,0,0.0,
complex_all_replicates,-1.8827975,-3.7355289,2,0.0008322929671244,7.409220010183719
complex_all_replicates,-1.8827975,-3.5618731,0,0.0,
complex_all_replicates,-1.8827975,-3.3882173,0,0.0,
complex_all_replicates,-1.8827975,-3.2145615000000003,0,0.0,
complex_all_replicates,-1.8827975,-3.0409057,0,0.0,
complex_all_replicates,-1.8827975,-2.8672499,0,0.0,
complex_all_replicates,-1.8827975,-2.6935941,0,0.0,
complex_all_replicates,-1.8827975,-2.5199383,2,0.0008322929671244,7.409220010183719
complex_all_replicates,-1.8827975,-2.3462825,0,0.0,
complex_all_replicates,-1.8827975,-2.1726267,1,0.0004161464835622,9.138163906645048
complex_all_replicates,-1.8827975,-1.9989709,2,0.0008322929671244,7.409220010183719
complex_all_replicates,-1.8827975,-1.8253151,1,0.0004161464835622,9.138163906645048
complex_all_replicates,-1.8827975,-1.6516592999999995,1,0.0004161464835622,9.138163906645048
complex_all_replicates,-1.8827975,-1.4780034999999996,0,0.0,
complex_all_replicates,-1.8827975,-1.3043476999999997,0,0.0,
complex_all_replicates,-1.8827975,-1.1306918999999995,2,0.0008322929671244,7.409220010183719
complex_all_replicates,-1.8827975,-0.9570360999999996,0,0.0,
complex_all_replicates,-1.8827975,-0.7833802999999997,0,0.0,
complex_all_replicates,-1.8827975,-0.6097244999999998,1,0.0004161464835622,9.138163906645048
complex_all_replicates,-1.8827975,-0.4360686999999996,0,0.0,
complex_all_replicates,-1.8827975,-0.2624128999999997,0,0.0,
complex_all_replicates,-1.8827975,-0.0887570999999995,0,0.0,
complex_all_replicates,-1.8827975,0.0848987000000005,0,0.0,
complex_all_replicates,-1.8827975,0.2585545000000002,0,0.0,
complex_all_replicates,-1.8827975,0.4322103000000004,1,0.0004161464835622,9.138163906645048
complex_all_replicates,-1.8827975,0.6058661000000005,2,0.0008322929671244,7.409220010183719
complex_all_replicates,-1.8827975,0.7795219000000007,4,0.0016645859342488,5.680276113722391
complex_all_replicates,-1.8827975,0.9531777000000008,6,0.0024968789013732,4.668908768441791
complex_all_replicates,-1.8827975,1.1268335000000005,7,0.0029130253849354,4.284404748952884
complex_all_replicates,-1.8827975,1.3004893000000006,9,0.0037453183520599,3.657541423161193
complex_all_replicates,-1.8827975,1.4741451000000008,7,0.0029130253849354,4.284404748952884
complex_all_replicates,-1.8827975,1.647800900000001,2,0.0008322929671244,7.409220010183719
complex_all_replicates,-1.8827975,1.821456700000001,2,0.0008322929671244,7.409220010183719
complex_all_replicates,-1.8827975,1.9951125000000007,0,0.0,
complex_all_replicates,-1.8827975,2.168768300000001,0,0.0,
complex_all_replicates,-1.8827975,2.342424100000001,0,0.0,
complex_all_replicates,-1.8827975,2.5160799000000007,0,0.0,
complex_all_replicates,-1.8827975,2.689735700000001,0,0.0,
complex_all_replicates,-1.8827975,2.863391500000001,0,0.0,
complex_all_replicates,-1.8827975,3.0370473000000007,0,0.0,
complex_all_replicates,-1.8827975,3.210703100000001,0,0.0,
complex_all_replicates,-1.8827975,3.384358900000001,0,0.0,
complex_all_replicates,-1.8827975,3.5580147000000006,0,0.0,
complex_all_replicates,-1.8827975,3.731670500000001,0,0.0,
complex_all_replicates,-1.8827975,3.905326300000002,0,0.0,
complex_all_replicates,-1.8827975,4.078982100000001,0,0.0,
complex_all_replicates,-1.6788524999999996,-4.430152100000001,0,0.0,
complex_all_replicates,-1.6788524999999996,-4.2564963,0,0.0,
complex_all_replicates,-1.6788524999999996,-4.0828405,0,0.0,
complex_all_replicates,-1.6788524999999996,-3.9091847,0,0.0,
complex_all_replicates,-1.6788524999999996,-3.7355289,0,0.0,
complex_all_replicates,-1.6788524999999996,-3.5618731,1,0.0004161464835622,9.138163906645048
complex_all_replicates,-1.6788524999999996,-3.3882173,0,0.0,
complex_all_replicates,-1.6788524999999996,-3.2145615000000003,0,0.0,
complex_all_replicates,-1.6788524999999996,-3.0409057,0,0.0,
complex_all_replicates,-1.6788524999999996,-2.8672499,0,0.0,
complex_all_replicates,-1.6788524999999996,-2.6935941,0,0.0,
complex_all_replicates,-1.6788524999999996,-2.5199383,1,0.0004161464835622,9.138163906645048
complex_all_replicates,-1.6788524999999996,-2.3462825,1,0.0004161464835622,9.138163906645048
complex_all_replicates,-1.6788524999999996,-2.1726267,1,0.0004161464835622,9.138163906645048
complex_all_replicates,-1.6788524999999996,-1.9989709,0,0.0,
complex_all_replicates,-1.6788524999999996,-1.8253151,0,0.0,
complex_all_replicates,-1.6788524999999996,-1.6516592999999995,0,0.0,
complex_all_replicates,-1.6788524999999996,-1.4780034999999996,0,0.0,
complex_all_replicates,-1.6788524999999996,-1.3043476999999997,0,0.0,
complex_all_replicates,-1.6788524999999996,-1.1306918999999995,2,0.0008322929671244,7.409220010183719
complex_all_replicates,-1.6788524999999996,-0.9570360999999996,0,0.0,
complex_all_replicates,-1.6788524999999996,-0.7833802999999997,0,0.0,
complex_all_replicates,-1.6788524999999996,-0.6097244999999998,0,0.0,
complex_all_replicates,-1.6788524999999996,-0.4360686999999996,0,0.0,
complex_all_replicates,-1.6788524999999996,-0.2624128999999997,0,0.0,
complex_all_replicates,-1.6788524999999996,-0.0887570999999995,2,0.0008322929671244,7.409220010183719
complex_all_replicates,-1.6788524999999996,0.0848987000000005,0,0.0,
complex_all_replicates,-1.6788524999999996,0.2585545000000002,2,0.0008322929671244,7.409220010183719
complex_all_replicates,-1.6788524999999996,0.4322103000000004,8,0.0033291718684977,3.951332217261062
complex_all_replicates,-1.6788524999999996,0.6058661000000005,7,0.0029130253849354,4.284404748952884
complex_all_replicates,-1.6788524999999996,0.7795219000000007,16,0.0066583437369954,2.222388320799733
complex_all_replicates,-1.6788524999999996,0.9531777000000008,29,0.0120682480233042,0.7389873159941003
complex_all_replicates,-1.6788524999999996,1.1268335000000005,27,0.0112359550561797,0.9172301814192664
complex_all_replicates,-1.6788524999999996,1.3004893000000006,30,0.0124843945068664,0.6544253607642059
complex_all_replicates,-1.6788524999999996,1.4741451000000008,18,0.0074906367041198,1.9285975266998645
complex_all_replicates,-1.6788524999999996,1.647800900000001,16,0.0066583437369954,2.222388320799733
complex_all_replicates,-1.6788524999999996,1.821456700000001,10,0.0041614648356221,3.3947366025061334
complex_all_replicates,-1.6788524999999996,1.9951125000000007,4,0.0016645859342488,5.680276113722391
complex_all_replicates,-1.6788524999999996,2.168768300000001,2,0.0008322929671244,7.409220010183719
complex_all_replicates,-1.6788524999999996,2.342424100000001,0,0.0,
complex_all_replicates,-1.6788524999999996,2.5160799000000007,0,0.0,
complex_all_replicates,-1.6788524999999996,2.689735700000001,0,0.0,
complex_all_replicates,-1.6788524999999996,2.863391500000001,0,0.0,
complex_all_replicates,-1.6788524999999996,3.0370473000000007,0,0.0,
complex_all_replicates,-1.6788524999999996,3.210703100000001,0,0.0,
complex_all_replicates,-1.6788524999999996,3.384358900000001,0,0.0,
complex_all_replicates,-1.6788524999999996,3.5580147000000006,0,0.0,
complex_all_replicates,-1.6788524999999996,3.731670500000001,0,0.0,
complex_all_replicates,-1.6788524999999996,3.905326300000002,0,0.0,
complex_all_replicates,-1.6788524999999996,4.078982100000001,0,0.0,
complex_all_replicates,-1.4749074999999996,-4.430152100000001,0,0.0,
complex_all_replicates,-1.4749074999999996,-4.2564963,0,0.0,
complex_all_replicates,-1.4749074999999996,-4.0828405,0,0.0,
complex_all_replicates,-1.4749074999999996,-3.9091847,0,0.0,
complex_all_replicates,-1.4749074999999996,-3.7355289,0,0.0,
complex_all_replicates,-1.4749074999999996,-3.5618731,0,0.0,
complex_all_replicates,-1.4749074999999996,-3.3882173,0,0.0,
complex_all_replicates,-1.4749074999999996,-3.2145615000000003,0,0.0,
complex_all_replicates,-1.4749074999999996,-3.0409057,0,0.0,
complex_all_replicates,-1.4749074999999996,-2.8672499,0,0.0,
complex_all_replicates,-1.4749074999999996,-2.6935941,0,0.0,
complex_all_replicates,-1.4749074999999996,-2.5199383,0,0.0,
complex_all_replicates,-1.4749074999999996,-2.3462825,0,0.0,
complex_all_replicates,-1.4749074999999996,-2.1726267,0,0.0,
complex_all_replicates,-1.4749074999999996,-1.9989709,0,0.0,
complex_all_replicates,-1.4749074999999996,-1.8253151,0,0.0,
complex_all_replicates,-1.4749074999999996,-1.6516592999999995,0,0.0,
complex_all_replicates,-1.4749074999999996,-1.4780034999999996,0,0.0,
complex_all_replicates,-1.4749074999999996,-1.3043476999999997,0,0.0,
complex_all_replicates,-1.4749074999999996,-1.1306918999999995,0,0.0,
complex_all_replicates,-1.4749074999999996,-0.9570360999999996,0,0.0,
complex_all_replicates,-1.4749074999999996,-0.7833802999999997,0,0.0,
complex_all_replicates,-1.4749074999999996,-0.6097244999999998,0,0.0,
complex_all_replicates,-1.4749074999999996,-0.4360686999999996,0,0.0,
complex_all_replicates,-1.4749074999999996,-0.2624128999999997,1,0.0004161464835622,9.138163906645048
complex_all_replicates,-1.4749074999999996,-0.0887570999999995,0,0.0,
complex_all_replicates,-1.4749074999999996,0.0848987000000005,2,0.0008322929671244,7.409220010183719
complex_all_replicates,-1.4749074999999996,0.2585545000000002,2,0.0008322929671244,7.409220010183719
complex_all_replicates,-1.4749074999999996,0.4322103000000004,13,0.0054099042863087,2.740311241741927
complex_all_replicates,-1.4749074999999996,0.6058661000000005,12,0.0049937578027465,2.939964871980463
complex_all_replicates,-1.4749074999999996,0.7795219000000007,29,0.0120682480233042,0.7389873159941003
complex_all_replicates,-1.4749074999999996,0.9531777000000008,34,0.0141489804411152,0.342226078791464
complex_all_replicates,-1.4749074999999996,1.1268335000000005,21,0.0087390761548064,1.5440935072109572
complex_all_replicates,-1.4749074999999996,1.3004893000000006,28,0.0116521015397419,0.8265169560302268
complex_all_replicates,-1.4749074999999996,1.4741451000000008,34,0.0141489804411152,0.342226078791464
complex_all_replicates,-1.4749074999999996,1.647800900000001,31,0.0129005409904286,0.572636433930426
complex_all_replicates,-1.4749074999999996,1.821456700000001,20,0.0083229296712442,1.6657927060448048
complex_all_replicates,-1.4749074999999996,1.9951125000000007,10,0.0041614648356221,3.3947366025061334
complex_all_replicates,-1.4749074999999996,2.168768300000001,3,0.0012484394506866,6.39785266490312
complex_all_replicates,-1.4749074999999996,2.342424100000001,0,0.0,
complex_all_replicates,-1.4749074999999996,2.5160799000000007,0,0.0,
complex_all_replicates,-1.4749074999999996,2.689735700000001,0,0.0,
complex_all_replicates,-1.4749074999999996,2.863391500000001,0,0.0,
complex_all_replicates,-1.4749074999999996,3.0370473000000007,0,0.0,
complex_all_replicates,-1.4749074999999996,3.210703100000001,0,0.0,
complex_all_replicates,-1.4749074999999996,3.384358900000001,0,0.0,
complex_all_replicates,-1.4749074999999996,3.5580147000000006,0,0.0,
complex_all_replicates,-1.4749074999999996,3.731670500000001,0,0.0,
complex_all_replicates,-1.4749074999999996,3.905326300000002,0,0.0,
complex_all_replicates,-1.4749074999999996,4.078982100000001,0,0.0,
complex_all_replicates,-1.2709624999999996,-4.430152100000001,0,0.0,
complex_all_replicates,-1.2709624999999996,-4.2564963,0,0.0,
complex_all_replicates,-1.2709624999999996,-4.0828405,0,0.0,
complex_all_replicates,-1.2709624999999996,-3.9091847,0,0.0,
complex_all_replicates,-1.2709624999999996,-3.7355289,0,0.0,
complex_all_replicates,-1.2709624999999996,-3.5618731,0,0.0,
complex_all_replicates,-1.2709624999999996,-3.3882173,0,0.0,
complex_all_replicates,-1.2709624999999996,-3.2145615000000003,0,0.0,
complex_all_replicates,-1.2709624999999996,-3.0409057,0,0.0,
complex_all_replicates,-1.2709624999999996,-2.8672499,0,0.0,
complex_all_replicates,-1.2709624999999996,-2.6935941,0,0.0,
complex_all_replicates,-1.2709624999999996,-2.5199383,2,0.0008322929671244,7.409220010183719
complex_all_replicates,-1.2709624999999996,-2.3462825,0,0.0,
complex_all_replicates,-1.2709624999999996,-2.1726267,0,0.0,
complex_all_replicates,-1.2709624999999996,-1.9989709,0,0.0,
complex_all_replicates,-1.2709624999999996,-1.8253151,0,0.0,
complex_all_replicates,-1.2709624999999996,-1.6516592999999995,0,0.0,
complex_all_replicates,-1.2709624999999996,-1.4780034999999996,0,0.0,
complex_all_replicates,-1.2709624999999996,-1.3043476999999997,0,0.0,
complex_all_replicates,-1.2709624999999996,-1.1306918999999995,0,0.0,
complex_all_replicates,-1.2709624999999996,-0.9570360999999996,0,0.0,
complex_all_replicates,-1.2709624999999996,-0.7833802999999997,0,0.0,
complex_all_replicates,-1.2709624999999996,-0.6097244999999998,1,0.0004161464835622,9.138163906645048
complex_all_replicates,-1.2709624999999996,-0.4360686999999996,1,0.0004161464835622,9.138163906645048
complex_all_replicates,-1.2709624999999996,-0.2624128999999997,0,0.0,
complex_all_replicates,-1.2709624999999996,-0.0887570999999995,0,0.0,
complex_all_replicates,-1.2709624999999996,0.0848987000000005,0,0.0,
complex_all_replicates,-1.2709624999999996,0.2585545000000002,3,0.0012484394506866,6.39785266490312
complex_all_replicates,-1.2709624999999996,0.4322103000000004,7,0.0029130253849354,4.284404748952884
complex_all_replicates,-1.2709624999999996,0.6058661000000005,7,0.0029130253849354,4.284404748952884
complex_all_replicates,-1.2709624999999996,0.7795219000000007,16,0.0066583437369954,2.222388320799733
complex_all_replicates,-1.2709624999999996,0.9531777000000008,13,0.0054099042863087,2.740311241741927
complex_all_replicates,-1.2709624999999996,1.1268335000000005,17,0.0070744902205576,2.071169975252793
complex_all_replicates,-1.2709624999999996,1.3004893000000006,21,0.0087390761548064,1.5440935072109572
complex_all_replicates,-1.2709624999999996,1.4741451000000008,27,0.0112359550561797,0.9172301814192664
complex_all_replicates,-1.2709624999999996,1.647800900000001,36,0.0149812734082397,0.1996536302385359
complex_all_replicates,-1.2709624999999996,1.821456700000001,15,0.0062421972534332,2.3833692572255347
complex_all_replicates,-1.2709624999999996,1.9951125000000007,11,0.0045776113191843,3.1570007243767577
complex_all_replicates,-1.2709624999999996,2.168768300000001,5,0.002080732417811,5.123680498967462
complex_all_replicates,-1.2709624999999996,2.342424100000001,2,0.0008322929671244,7.409220010183719
complex_all_replicates,-1.2709624999999996,2.5160799000000007,2,0.0008322929671244,7.409220010183719
complex_all_replicates,-1.2709624999999996,2.689735700000001,0,0.0,
complex_all_replicates,-1.2709624999999996,2.863391500000001,0,0.0,
complex_all_replicates,-1.2709624999999996,3.0370473000000007,0,0.0,
complex_all_replicates,-1.2709624999999996,3.210703100000001,0,0.0,
complex_all_replicates,-1.2709624999999996,3.384358900000001,0,0.0,
complex_all_replicates,-1.2709624999999996,3.5580147000000006,0,0.0,
complex_all_replicates,-1.2709624999999996,3.731670500000001,0,0.0,
complex_all_replicates,-1.2709624999999996,3.905326300000002,0,0.0,
complex_all_replicates,-1.2709624999999996,4.078982100000001,0,0.0,
complex_all_replicates,-1.0670174999999995,-4.430152100000001,0,0.0,
complex_all_replicates,-1.0670174999999995,-4.2564963,0,0.0,
complex_all_replicates,-1.0670174999999995,-4.0828405,0,0.0,
complex_all_replicates,-1.0670174999999995,-3.9091847,0,0.0,
complex_all_replicates,-1.0670174999999995,-3.7355289,0,0.0,
complex_all_replicates,-1.0670174999999995,-3.5618731,0,0.0,
complex_all_replicates,-1.0670174999999995,-3.3882173,0,0.0,
complex_all_replicates,-1.0670174999999995,-3.2145615000000003,0,0.0,
complex_all_replicates,-1.0670174999999995,-3.0409057,0,0.0,
complex_all_replicates,-1.0670174999999995,-2.8672499,0,0.0,
complex_all_replicates,-1.0670174999999995,-2.6935941,0,0.0,
complex_all_replicates,-1.0670174999999995,-2.5199383,2,0.0008322929671244,7.409220010183719
complex_all_replicates,-1.0670174999999995,-2.3462825,2,0.0008322929671244,7.409220010183719
complex_all_replicates,-1.0670174999999995,-2.1726267,1,0.0004161464835622,9.138163906645048
complex_all_replicates,-1.0670174999999995,-1.9989709,0,0.0,
complex_all_replicates,-1.0670174999999995,-1.8253151,1,0.0004161464835622,9.138163906645048
complex_all_replicates,-1.0670174999999995,-1.6516592999999995,0,0.0,
complex_all_replicates,-1.0670174999999995,-1.4780034999999996,0,0.0,
complex_all_replicates,-1.0670174999999995,-1.3043476999999997,0,0.0,
complex_all_replicates,-1.0670174999999995,-1.1306918999999995,1,0.0004161464835622,9.138163906645048
complex_all_replicates,-1.0670174999999995,-0.9570360999999996,0,0.0,
complex_all_replicates,-1.0670174999999995,-0.7833802999999997,0,0.0,
complex_all_replicates,-1.0670174999999995,-0.6097244999999998,0,0.0,
complex_all_replicates,-1.0670174999999995,-0.4360686999999996,1,0.0004161464835622,9.138163906645048
complex_all_replicates,-1.0670174999999995,-0.2624128999999997,0,0.0,
complex_all_replicates,-1.0670174999999995,-0.0887570999999995,1,0.0004161464835622,9.138163906645048
complex_all_replicates,-1.0670174999999995,0.0848987000000005,0,0.0,
complex_all_replicates,-1.0670174999999995,0.2585545000000002,1,0.0004161464835622,9.138163906645048
complex_all_replicates,-1.0670174999999995,0.4322103000000004,0,0.0,
complex_all_replicates,-1.0670174999999995,0.6058661000000005,0,0.0,
complex_all_replicates,-1.0670174999999995,0.7795219000000007,3,0.0012484394506866,6.39785266490312
complex_all_replicates,-1.0670174999999995,0.9531777000000008,5,0.002080732417811,5.123680498967462
complex_all_replicates,-1.0670174999999995,1.1268335000000005,16,0.0066583437369954,2.222388320799733
complex_all_replicates,-1.0670174999999995,1.3004893000000006,37,0.0153974198918019,0.1313113062409489
complex_all_replicates,-1.0670174999999995,1.4741451000000008,19,0.007906783187682,1.793735559666612
complex_all_replicates,-1.0670174999999995,1.647800900000001,10,0.0041614648356221,3.3947366025061334
complex_all_replicates,-1.0670174999999995,1.821456700000001,5,0.002080732417811,5.123680498967462
complex_all_replicates,-1.0670174999999995,1.9951125000000007,5,0.002080732417811,5.123680498967462
complex_all_replicates,-1.0670174999999995,2.168768300000001,4,0.0016645859342488,5.680276113722391
complex_all_replicates,-1.0670174999999995,2.342424100000001,1,0.0004161464835622,9.138163906645048
complex_all_replicates,-1.0670174999999995,2.5160799000000007,0,0.0,
complex_all_replicates,-1.0670174999999995,2.689735700000001,0,0.0,
complex_all_replicates,-1.0670174999999995,2.863391500000001,0,0.0,
complex_all_replicates,-1.0670174999999995,3.0370473000000007,0,0.0,
complex_all_replicates,-1.0670174999999995,3.210703100000001,0,0.0,
complex_all_replicates,-1.0670174999999995,3.384358900000001,0,0.0,
complex_all_replicates,-1.0670174999999995,3.5580147000000006,0,0.0,
complex_all_replicates,-1.0670174999999995,3.731670500000001,0,0.0,
complex_all_replicates,-1.0670174999999995,3.905326300000002,0,0.0,
complex_all_replicates,-1.0670174999999995,4.078982100000001,0,0.0,
complex_all_replicates,-0.8630724999999995,-4.430152100000001,0,0.0,
complex_all_replicates,-0.8630724999999995,-4.2564963,0,0.0,
complex_all_replicates,-0.8630724999999995,-4.0828405,0,0.0,
complex_all_replicates,-0.8630724999999995,-3.9091847,0,0.0,
complex_all_replicates,-0.8630724999999995,-3.7355289,0,0.0,
complex_all_replicates,-0.8630724999999995,-3.5618731,0,0.0,
complex_all_replicates,-0.8630724999999995,-3.3882173,0,0.0,
complex_all_replicates,-0.8630724999999995,-3.2145615000000003,0,0.0,
complex_all_replicates,-0.8630724999999995,-3.0409057,0,0.0,
complex_all_replicates,-0.8630724999999995,-2.8672499,0,0.0,
complex_all_replicates,-0.8630724999999995,-2.6935941,2,0.0008322929671244,7.409220010183719
complex_all_replicates,-0.8630724999999995,-2.5199383,0,0.0,
complex_all_replicates,-0.8630724999999995,-2.3462825,0,0.0,
complex_all_replicates,-0.8630724999999995,-2.1726267,0,0.0,
complex_all_replicates,-0.8630724999999995,-1.9989709,0,0.0,
complex_all_replicates,-0.8630724999999995,-1.8253151,1,0.0004161464835622,9.138163906645048
complex_all_replicates,-0.8630724999999995,-1.6516592999999995,0,0.0,
complex_all_replicates,-0.8630724999999995,-1.4780034999999996,0,0.0,
complex_all_replicates,-0.8630724999999995,-1.3043476999999997,0,0.0,
complex_all_replicates,-0.8630724999999995,-1.1306918999999995,1,0.0004161464835622,9.138163906645048
complex_all_replicates,-0.8630724999999995,-0.9570360999999996,1,0.0004161464835622,9.138163906645048
complex_all_replicates,-0.8630724999999995,-0.7833802999999997,0,0.0,
complex_all_replicates,-0.8630724999999995,-0.6097244999999998,0,0.0,
complex_all_replicates,-0.8630724999999995,-0.4360686999999996,0,0.0,
complex_all_replicates,-0.8630724999999995,-0.2624128999999997,0,0.0,
complex_all_replicates,-0.8630724999999995,-0.0887570999999995,2,0.0008322929671244,7.409220010183719
complex_all_replicates,-0.8630724999999995,0.0848987000000005,2,0.0008322929671244,7.409220010183719
complex_all_replicates,-0.8630724999999995,0.2585545000000002,1,0.0004161464835622,9.138163906645048
complex_all_replicates,-0.8630724999999995,0.4322103000000004,0,0.0,
complex_all_replicates,-0.8630724999999995,0.6058661000000005,1,0.0004161464835622,9.138163906645048
complex_all_replicates,-0.8630724999999995,0.7795219000000007,2,0.0008322929671244,7.409220010183719
complex_all_replicates,-0.8630724999999995,0.9531777000000008,4,0.0016645859342488,5.680276113722391
complex_all_replicates,-0.8630724999999995,1.1268335000000005,21,0.0087390761548064,1.5440935072109572
complex_all_replicates,-0.8630724999999995,1.3004893000000006,14,0.0058260507698709,2.555460852491556
complex_all_replicates,-0.8630724999999995,1.4741451000000008,7,0.0029130253849354,4.284404748952884
complex_all_replicates,-0.8630724999999995,1.647800900000001,1,0.0004161464835622,9.138163906645048
complex_all_replicates,-0.8630724999999995,1.821456700000001,0,0.0,
complex_all_replicates,-0.8630724999999995,1.9951125000000007,0,0.0,
complex_all_replicates,-0.8630724999999995,2.168768300000001,1,0.0004161464835622,9.138163906645048
complex_all_replicates,-0.8630724999999995,2.342424100000001,0,0.0,
complex_all_replicates,-0.8630724999999995,2.5160799000000007,0,0.0,
complex_all_replicates,-0.8630724999999995,2.689735700000001,0,0.0,
complex_all_replicates,-0.8630724999999995,2.863391500000001,0,0.0,
complex_all_replicates,-0.8630724999999995,3.0370473000000007,0,0.0,
complex_all_replicates,-0.8630724999999995,3.210703100000001,0,0.0,
complex_all_replicates,-0.8630724999999995,3.384358900000001,0,0.0,
complex_all_replicates,-0.8630724999999995,3.5580147000000006,0,0.0,
complex_all_replicates,-0.8630724999999995,3.731670500000001,0,0.0,
complex_all_replicates,-0.8630724999999995,3.905326300000002,0,0.0,
complex_all_replicates,-0.8630724999999995,4.078982100000001,0,0.0,
complex_all_replicates,-0.6591274999999994,-4.430152100000001,0,0.0,
complex_all_replicates,-0.6591274999999994,-4.2564963,0,0.0,
complex_all_replicates,-0.6591274999999994,-4.0828405,0,0.0,
complex_all_replicates,-0.6591274999999994,-3.9091847,0,0.0,
complex_all_replicates,-0.6591274999999994,-3.7355289,0,0.0,
complex_all_replicates,-0.6591274999999994,-3.5618731,0,0.0,
complex_all_replicates,-0.6591274999999994,-3.3882173,0,0.0,
complex_all_replicates,-0.6591274999999994,-3.2145615000000003,0,0.0,
complex_all_replicates,-0.6591274999999994,-3.0409057,0,0.0,
complex_all_replicates,-0.6591274999999994,-2.8672499,0,0.0,
complex_all_replicates,-0.6591274999999994,-2.6935941,0,0.0,
complex_all_replicates,-0.6591274999999994,-2.5199383,0,0.0,
complex_all_replicates,-0.6591274999999994,-2.3462825,0,0.0,
complex_all_replicates,-0.6591274999999994,-2.1726267,1,0.0004161464835622,9.138163906645048
complex_all_replicates,-0.6591274999999994,-1.9989709,0,0.0,
complex_all_replicates,-0.6591274999999994,-1.8253151,0,0.0,
complex_all_replicates,-0.6591274999999994,-1.6516592999999995,0,0.0,
complex_all_replicates,-0.6591274999999994,-1.4780034999999996,0,0.0,
complex_all_replicates,-0.6591274999999994,-1.3043476999999997,1,0.0004161464835622,9.138163906645048
complex_all_replicates,-0.6591274999999994,-1.1306918999999995,0,0.0,
complex_all_replicates,-0.6591274999999994,-0.9570360999999996,0,0.0,
complex_all_replicates,-0.6591274999999994,-0.7833802999999997,0,0.0,
complex_all_replicates,-0.6591274999999994,-0.6097244999999998,1,0.0004161464835622,9.138163906645048
complex_all_replicates,-0.6591274999999994,-0.4360686999999996,1,0.0004161464835622,9.138163906645048
complex_all_replicates,-0.6591274999999994,-0.2624128999999997,0,0.0,
complex_all_replicates,-0.6591274999999994,-0.0887570999999995,0,0.0,
complex_all_replicates,-0.6591274999999994,0.0848987000000005,0,0.0,
complex_all_replicates,-0.6591274999999994,0.2585545000000002,0,0.0,
complex_all_replicates,-0.6591274999999994,0.4322103000000004,0,0.0,
complex_all_replicates,-0.6591274999999994,0.6058661000000005,1,0.0004161464835622,9.138163906645048
complex_all_replicates,-0.6591274999999994,0.7795219000000007,2,0.0008322929671244,7.409220010183719
complex_all_replicates,-0.6591274999999994,0.9531777000000008,3,0.0012484394506866,6.39785266490312
complex_all_replicates,-0.6591274999999994,1.1268335000000005,5,0.002080732417811,5.123680498967462
complex_all_replicates,-0.6591274999999994,1.3004893000000006,1,0.0004161464835622,9.138163906645048
complex_all_replicates,-0.6591274999999994,1.4741451000000008,2,0.0008322929671244,7.409220010183719
complex_all_replicates,-0.6591274999999994,1.647800900000001,0,0.0,
complex_all_replicates,-0.6591274999999994,1.821456700000001,0,0.0,
complex_all_replicates,-0.6591274999999994,1.9951125000000007,0,0.0,
complex_all_replicates,-0.6591274999999994,2.168768300000001,0,0.0,
complex_all_replicates,-0.6591274999999994,2.342424100000001,0,0.0,
complex_all_replicates,-0.6591274999999994,2.5160799000000007,0,0.0,
complex_all_replicates,-0.6591274999999994,2.689735700000001,0,0.0,
complex_all_replicates,-0.6591274999999994,2.863391500000001,0,0.0,
complex_all_replicates,-0.6591274999999994,3.0370473000000007,0,0.0,
complex_all_replicates,-0.6591274999999994,3.210703100000001,0,0.0,
complex_all_replicates,-0.6591274999999994,3.384358900000001,0,0.0,
complex_all_replicates,-0.6591274999999994,3.5580147000000006,0,0.0,
complex_all_replicates,-0.6591274999999994,3.731670500000001,0,0.0,
complex_all_replicates,-0.6591274999999994,3.905326300000002,0,0.0,
complex_all_replicates,-0.6591274999999994,4.078982100000001,0,0.0,
complex_all_replicates,-0.4551824999999994,-4.430152100000001,0,0.0,
complex_all_replicates,-0.4551824999999994,-4.2564963,0,0.0,
complex_all_replicates,-0.4551824999999994,-4.0828405,0,0.0,
complex_all_replicates,-0.4551824999999994,-3.9091847,0,0.0,
complex_all_replicates,-0.4551824999999994,-3.7355289,0,0.0,
complex_all_replicates,-0.4551824999999994,-3.5618731,0,0.0,
complex_all_replicates,-0.4551824999999994,-3.3882173,0,0.0,
complex_all_replicates,-0.4551824999999994,-3.2145615000000003,0,0.0,
complex_all_replicates,-0.4551824999999994,-3.0409057,0,0.0,
complex_all_replicates,-0.4551824999999994,-2.8672499,0,0.0,
complex_all_replicates,-0.4551824999999994,-2.6935941,0,0.0,
complex_all_replicates,-0.4551824999999994,-2.5199383,0,0.0,
complex_all_replicates,-0.4551824999999994,-2.3462825,1,0.0004161464835622,9.138163906645048
complex_all_replicates,-0.4551824999999994,-2.1726267,0,0.0,
complex_all_replicates,-0.4551824999999994,-1.9989709,0,0.0,
complex_all_replicates,-0.4551824999999994,-1.8253151,0,0.0,
complex_all_replicates,-0.4551824999999994,-1.6516592999999995,5,0.002080732417811,5.123680498967462
complex_all_replicates,-0.4551824999999994,-1.4780034999999996,2,0.0008322929671244,7.409220010183719
complex_all_replicates,-0.4551824999999994,-1.3043476999999997,1,0.0004161464835622,9.138163906645048
complex_all_replicates,-0.4551824999999994,-1.1306918999999995,2,0.0008322929671244,7.409220010183719
complex_all_replicates,-0.4551824999999994,-0.9570360999999996,1,0.0004161464835622,9.138163906645048
complex_all_replicates,-0.4551824999999994,-0.7833802999999997,1,0.0004161464835622,9.138163906645048
complex_all_replicates,-0.4551824999999994,-0.6097244999999998,0,0.0,
complex_all_replicates,-0.4551824999999994,-0.4360686999999996,0,0.0,
complex_all_replicates,-0.4551824999999994,-0.2624128999999997,0,0.0,
complex_all_replicates,-0.4551824999999994,-0.0887570999999995,0,0.0,
complex_all_replicates,-0.4551824999999994,0.0848987000000005,1,0.0004161464835622,9.138163906645048
complex_all_replicates,-0.4551824999999994,0.2585545000000002,0,0.0,
complex_all_replicates,-0.4551824999999994,0.4322103000000004,0,0.0,
complex_all_replicates,-0.4551824999999994,0.6058661000000005,0,0.0,
complex_all_replicates,-0.4551824999999994,0.7795219000000007,0,0.0,
complex_all_replicates,-0.4551824999999994,0.9531777000000008,0,0.0,
complex_all_replicates,-0.4551824999999994,1.1268335000000005,0,0.0,
complex_all_replicates,-0.4551824999999994,1.3004893000000006,0,0.0,
complex_all_replicates,-0.4551824999999994,1.4741451000000008,0,0.0,
complex_all_replicates,-0.4551824999999994,1.647800900000001,0,0.0,
complex_all_replicates,-0.4551824999999994,1.821456700000001,0,0.0,
complex_all_replicates,-0.4551824999999994,1.9951125000000007,0,0.0,
complex_all_replicates,-0.4551824999999994,2.168768300000001,0,0.0,
complex_all_replicates,-0.4551824999999994,2.342424100000001,0,0.0,
complex_all_replicates,-0.4551824999999994,2.5160799000000007,0,0.0,
complex_all_replicates,-0.4551824999999994,2.689735700000001,0,0.0,
complex_all_replicates,-0.4551824999999994,2.863391500000001,0,0.0,
complex_all_replicates,-0.4551824999999994,3.0370473000000007,0,0.0,
complex_all_replicates,-0.4551824999999994,3.210703100000001,0,0.0,
complex_all_replicates,-0.4551824999999994,3.384358900000001,0,0.0,
complex_all_replicates,-0.4551824999999994,3.5580147000000006,0,0.0,
complex_all_replicates,-0.4551824999999994,3.731670500000001,0,0.0,
complex_all_replicates,-0.4551824999999994,3.905326300000002,0,0.0,
complex_all_replicates,-0.4551824999999994,4.078982100000001,0,0.0,
complex_all_replicates,-0.2512374999999993,-4.430152100000001,0,0.0,
complex_all_replicates,-0.2512374999999993,-4.2564963,0,0.0,
complex_all_replicates,-0.2512374999999993,-4.0828405,0,0.0,
complex_all_replicates,-0.2512374999999993,-3.9091847,0,0.0,
complex_all_replicates,-0.2512374999999993,-3.7355289,0,0.0,
complex_all_replicates,-0.2512374999999993,-3.5618731,0,0.0,
complex_all_replicates,-0.2512374999999993,-3.3882173,0,0.0,
complex_all_replicates,-0.2512374999999993,-3.2145615000000003,0,0.0,
complex_all_replicates,-0.2512374999999993,-3.0409057,0,0.0,
complex_all_replicates,-0.2512374999999993,-2.8672499,0,0.0,
complex_all_replicates,-0.2512374999999993,-2.6935941,1,0.0004161464835622,9.138163906645048
complex_all_replicates,-0.2512374999999993,-2.5199383,2,0.0008322929671244,7.409220010183719
complex_all_replicates,-0.2512374999999993,-2.3462825,2,0.0008322929671244,7.409220010183719
complex_all_replicates,-0.2512374999999993,-2.1726267,1,0.0004161464835622,9.138163906645048
complex_all_replicates,-0.2512374999999993,-1.9989709,4,0.0016645859342488,5.680276113722391
complex_all_replicates,-0.2512374999999993,-1.8253151,5,0.002080732417811,5.123680498967462
complex_all_replicates,-0.2512374999999993,-1.6516592999999995,5,0.002080732417811,5.123680498967462
complex_all_replicates,-0.2512374999999993,-1.4780034999999996,4,0.0016645859342488,5.680276113722391
complex_all_replicates,-0.2512374999999993,-1.3043476999999997,0,0.0,
complex_all_replicates,-0.2512374999999993,-1.1306918999999995,1,0.0004161464835622,9.138163906645048
complex_all_replicates,-0.2512374999999993,-0.9570360999999996,0,0.0,
complex_all_replicates,-0.2512374999999993,-0.7833802999999997,0,0.0,
complex_all_replicates,-0.2512374999999993,-0.6097244999999998,0,0.0,
complex_all_replicates,-0.2512374999999993,-0.4360686999999996,0,0.0,
complex_all_replicates,-0.2512374999999993,-0.2624128999999997,0,0.0,
complex_all_replicates,-0.2512374999999993,-0.0887570999999995,0,0.0,
complex_all_replicates,-0.2512374999999993,0.0848987000000005,0,0.0,
complex_all_replicates,-0.2512374999999993,0.2585545000000002,0,0.0,
complex_all_replicates,-0.2512374999999993,0.4322103000000004,0,0.0,
complex_all_replicates,-0.2512374999999993,0.6058661000000005,0,0.0,
complex_all_replicates,-0.2512374999999993,0.7795219000000007,0,0.0,
complex_all_replicates,-0.2512374999999993,0.9531777000000008,0,0.0,
complex_all_replicates,-0.2512374999999993,1.1268335000000005,0,0.0,
complex_all_replicates,-0.2512374999999993,1.3004893000000006,0,0.0,
complex_all_replicates,-0.2512374999999993,1.4741451000000008,0,0.0,
complex_all_replicates,-0.2512374999999993,1.647800900000001,0,0.0,
complex_all_replicates,-0.2512374999999993,1.821456700000001,0,0.0,
complex_all_replicates,-0.2512374999999993,1.9951125000000007,0,0.0,
complex_all_replicates,-0.2512374999999993,2.168768300000001,0,0.0,
complex_all_replicates,-0.2512374999999993,2.342424100000001,0,0.0,
complex_all_replicates,-0.2512374999999993,2.5160799000000007,0,0.0,
complex_all_replicates,-0.2512374999999993,2.689735700000001,0,0.0,
complex_all_replicates,-0.2512374999999993,2.863391500000001,0,0.0,
complex_all_replicates,-0.2512374999999993,3.0370473000000007,0,0.0,
complex_all_replicates,-0.2512374999999993,3.210703100000001,0,0.0,
complex_all_replicates,-0.2512374999999993,3.384358900000001,0,0.0,
complex_all_replicates,-0.2512374999999993,3.5580147000000006,0,0.0,
complex_all_replicates,-0.2512374999999993,3.731670500000001,0,0.0,
complex_all_replicates,-0.2512374999999993,3.905326300000002,0,0.0,
complex_all_replicates,-0.2512374999999993,4.078982100000001,0,0.0,
complex_all_replicates,-0.0472924999999995,-4.430152100000001,0,0.0,
complex_all_replicates,-0.0472924999999995,-4.2564963,0,0.0,
complex_all_replicates,-0.0472924999999995,-4.0828405,0,0.0,
complex_all_replicates,-0.0472924999999995,-3.9091847,0,0.0,
complex_all_replicates,-0.0472924999999995,-3.7355289,0,0.0,
complex_all_replicates,-0.0472924999999995,-3.5618731,0,0.0,
complex_all_replicates,-0.0472924999999995,-3.3882173,0,0.0,
complex_all_replicates,-0.0472924999999995,-3.2145615000000003,0,0.0,
complex_all_replicates,-0.0472924999999995,-3.0409057,0,0.0,
complex_all_replicates,-0.0472924999999995,-2.8672499,0,0.0,
complex_all_replicates,-0.0472924999999995,-2.6935941,0,0.0,
complex_all_replicates,-0.0472924999999995,-2.5199383,3,0.0012484394506866,6.39785266490312
complex_all_replicates,-0.0472924999999995,-2.3462825,2,0.0008322929671244,7.409220010183719
complex_all_replicates,-0.0472924999999995,-2.1726267,6,0.0024968789013732,4.668908768441791
complex_all_replicates,-0.0472924999999995,-1.9989709,15,0.0062421972534332,2.3833692572255347
complex_all_replicates,-0.0472924999999995,-1.8253151,9,0.0037453183520599,3.657541423161193
complex_all_replicates,-0.0472924999999995,-1.6516592999999995,18,0.0074906367041198,1.9285975266998645
complex_all_replicates,-0.0472924999999995,-1.4780034999999996,6,0.0024968789013732,4.668908768441791
complex_all_replicates,-0.0472924999999995,-1.3043476999999997,10,0.0041614648356221,3.3947366025061334
complex_all_replicates,-0.0472924999999995,-1.1306918999999995,8,0.0033291718684977,3.951332217261062
complex_all_replicates,-0.0472924999999995,-0.9570360999999996,1,0.0004161464835622,9.138163906645048
complex_all_replicates,-0.0472924999999995,-0.7833802999999997,0,0.0,
complex_all_replicates,-0.0472924999999995,-0.6097244999999998,0,0.0,
complex_all_replicates,-0.0472924999999995,-0.4360686999999996,0,0.0,
complex_all_replicates,-0.0472924999999995,-0.2624128999999997,0,0.0,
complex_all_replicates,-0.0472924999999995,-0.0887570999999995,0,0.0,
complex_all_replicates,-0.0472924999999995,0.0848987000000005,0,0.0,
complex_all_replicates,-0.0472924999999995,0.2585545000000002,0,0.0,
complex_all_replicates,-0.0472924999999995,0.4322103000000004,0,0.0,
complex_all_replicates,-0.0472924999999995,0.6058661000000005,0,0.0,
complex_all_replicates,-0.0472924999999995,0.7795219000000007,0,0.0,
complex_all_replicates,-0.0472924999999995,0.9531777000000008,0,0.0,
complex_all_replicates,-0.0472924999999995,1.1268335000000005,0,0.0,
complex_all_replicates,-0.0472924999999995,1.3004893000000006,0,0.0,
complex_all_replicates,-0.0472924999999995,1.4741451000000008,0,0.0,
complex_all_replicates,-0.0472924999999995,1.647800900000001,0,0.0,
complex_all_replicates,-0.0472924999999995,1.821456700000001,0,0.0,
complex_all_replicates,-0.0472924999999995,1.9951125000000007,0,0.0,
complex_all_replicates,-0.0472924999999995,2.168768300000001,0,0.0,
complex_all_replicates,-0.0472924999999995,2.342424100000001,0,0.0,
complex_all_replicates,-0.0472924999999995,2.5160799000000007,0,0.0,
complex_all_replicates,-0.0472924999999995,2.689735700000001,0,0.0,
complex_all_replicates,-0.0472924999999995,2.863391500000001,0,0.0,
complex_all_replicates,-0.0472924999999995,3.0370473000000007,0,0.0,
complex_all_replicates,-0.0472924999999995,3.210703100000001,0,0.0,
complex_all_replicates,-0.0472924999999995,3.384358900000001,0,0.0,
complex_all_replicates,-0.0472924999999995,3.5580147000000006,0,0.0,
complex_all_replicates,-0.0472924999999995,3.731670500000001,0,0.0,
complex_all_replicates,-0.0472924999999995,3.905326300000002,0,0.0,
complex_all_replicates,-0.0472924999999995,4.078982100000001,0,0.0,
complex_all_replicates,0.1566525000000003,-4.430152100000001,0,0.0,
complex_all_replicates,0.1566525000000003,-4.2564963,0,0.0,
complex_all_replicates,0.1566525000000003,-4.0828405,0,0.0,
complex_all_replicates,0.1566525000000003,-3.9091847,0,0.0,
complex_all_replicates,0.1566525000000003,-3.7355289,0,0.0,
complex_all_replicates,0.1566525000000003,-3.5618731,0,0.0,
complex_all_replicates,0.1566525000000003,-3.3882173,0,0.0,
complex_all_replicates,0.1566525000000003,-3.2145615000000003,0,0.0,
complex_all_replicates,0.1566525000000003,-3.0409057,0,0.0,
complex_all_replicates,0.1566525000000003,-2.8672499,0,0.0,
complex_all_replicates,0.1566525000000003,-2.6935941,1,0.0004161464835622,9.138163906645048
complex_all_replicates,0.1566525000000003,-2.5199383,6,0.0024968789013732,4.668908768441791
complex_all_replicates,0.1566525000000003,-2.3462825,6,0.0024968789013732,4.668908768441791
complex_all_replicates,0.1566525000000003,-2.1726267,13,0.0054099042863087,2.740311241741927
complex_all_replicates,0.1566525000000003,-1.9989709,28,0.0116521015397419,0.8265169560302268
complex_all_replicates,0.1566525000000003,-1.8253151,26,0.0108198085726175,1.011367345280599
complex_all_replicates,0.1566525000000003,-1.6516592999999995,19,0.007906783187682,1.793735559666612
complex_all_replicates,0.1566525000000003,-1.4780034999999996,17,0.0070744902205576,2.071169975252793
complex_all_replicates,0.1566525000000003,-1.3043476999999997,10,0.0041614648356221,3.3947366025061334
complex_all_replicates,0.1566525000000003,-1.1306918999999995,7,0.0029130253849354,4.284404748952884
complex_all_replicates,0.1566525000000003,-0.9570360999999996,3,0.0012484394506866,6.39785266490312
complex_all_replicates,0.1566525000000003,-0.7833802999999997,0,0.0,
complex_all_replicates,0.1566525000000003,-0.6097244999999998,0,0.0,
complex_all_replicates,0.1566525000000003,-0.4360686999999996,0,0.0,
complex_all_replicates,0.1566525000000003,-0.2624128999999997,0,0.0,
complex_all_replicates,0.1566525000000003,-0.0887570999999995,0,0.0,
complex_all_replicates,0.1566525000000003,0.0848987000000005,0,0.0,
complex_all_replicates,0.1566525000000003,0.2585545000000002,0,0.0,
complex_all_replicates,0.1566525000000003,0.4322103000000004,0,0.0,
complex_all_replicates,0.1566525000000003,0.6058661000000005,0,0.0,
complex_all_replicates,0.1566525000000003,0.7795219000000007,0,0.0,
complex_all_replicates,0.1566525000000003,0.9531777000000008,0,0.0,
complex_all_replicates,0.1566525000000003,1.1268335000000005,0,0.0,
complex_all_replicates,0.1566525000000003,1.3004893000000006,0,0.0,
complex_all_replicates,0.1566525000000003,1.4741451000000008,0,0.0,
complex_all_replicates,0.1566525000000003,1.647800900000001,0,0.0,
complex_all_replicates,0.1566525000000003,1.821456700000001,0,0.0,
complex_all_replicates,0.1566525000000003,1.9951125000000007,0,0.0,
complex_all_replicates,0.1566525000000003,2.168768300000001,0,0.0,
complex_all_replicates,0.1566525000000003,2.342424100000001,0,0.0,
complex_all_replicates,0.1566525000000003,2.5160799000000007,0,0.0,
complex_all_replicates,0.1566525000000003,2.689735700000001,0,0.0,
complex_all_replicates,0.1566525000000003,2.863391500000001,0,0.0,
complex_all_replicates,0.1566525000000003,3.0370473000000007,0,0.0,
complex_all_replicates,0.1566525000000003,3.210703100000001,0,0.0,
complex_all_replicates,0.1566525000000003,3.384358900000001,0,0.0,
complex_all_replicates,0.1566525000000003,3.5580147000000006,0,0.0,
complex_all_replicates,0.1566525000000003,3.731670500000001,0,0.0,
complex_all_replicates,0.1566525000000003,3.905326300000002,0,0.0,
complex_all_replicates,0.1566525000000003,4.078982100000001,0,0.0,
complex_all_replicates,0.3605975000000003,-4.430152100000001,0,0.0,
complex_all_replicates,0.3605975000000003,-4.2564963,0,0.0,
complex_all_replicates,0.3605975000000003,-4.0828405,0,0.0,
complex_all_replicates,0.3605975000000003,-3.9091847,0,0.0,
complex_all_replicates,0.3605975000000003,-3.7355289,0,0.0,
complex_all_replicates,0.3605975000000003,-3.5618731,1,0.0004161464835622,9.138163906645048
complex_all_replicates,0.3605975000000003,-3.3882173,1,0.0004161464835622,9.138163906645048
complex_all_replicates,0.3605975000000003,-3.2145615000000003,0,0.0,
complex_all_replicates,0.3605975000000003,-3.0409057,0,0.0,
complex_all_replicates,0.3605975000000003,-2.8672499,0,0.0,
complex_all_replicates,0.3605975000000003,-2.6935941,3,0.0012484394506866,6.39785266490312
complex_all_replicates,0.3605975000000003,-2.5199383,1,0.0004161464835622,9.138163906645048
complex_all_replicates,0.3605975000000003,-2.3462825,5,0.002080732417811,5.123680498967462
complex_all_replicates,0.3605975000000003,-2.1726267,14,0.0058260507698709,2.555460852491556
complex_all_replicates,0.3605975000000003,-1.9989709,17,0.0070744902205576,2.071169975252793
complex_all_replicates,0.3605975000000003,-1.8253151,27,0.0112359550561797,0.9172301814192664
complex_all_replicates,0.3605975000000003,-1.6516592999999995,39,0.0162297128589263,-0.0
complex_all_replicates,0.3605975000000003,-1.4780034999999996,20,0.0083229296712442,1.6657927060448048
complex_all_replicates,0.3605975000000003,-1.3043476999999997,9,0.0037453183520599,3.657541423161193
complex_all_replicates,0.3605975000000003,-1.1306918999999995,9,0.0037453183520599,3.657541423161193
complex_all_replicates,0.3605975000000003,-0.9570360999999996,5,0.002080732417811,5.123680498967462
complex_all_replicates,0.3605975000000003,-0.7833802999999997,3,0.0012484394506866,6.39785266490312
complex_all_replicates,0.3605975000000003,-0.6097244999999998,0,0.0,
complex_all_replicates,0.3605975000000003,-0.4360686999999996,0,0.0,
complex_all_replicates,0.3605975000000003,-0.2624128999999997,0,0.0,
complex_all_replicates,0.3605975000000003,-0.0887570999999995,0,0.0,
complex_all_replicates,0.3605975000000003,0.0848987000000005,0,0.0,
complex_all_replicates,0.3605975000000003,0.2585545000000002,0,0.0,
complex_all_replicates,0.3605975000000003,0.4322103000000004,0,0.0,
complex_all_replicates,0.3605975000000003,0.6058661000000005,0,0.0,
complex_all_replicates,0.3605975000000003,0.7795219000000007,0,0.0,
complex_all_replicates,0.3605975000000003,0.9531777000000008,0,0.0,
complex_all_replicates,0.3605975000000003,1.1268335000000005,0,0.0,
complex_all_replicates,0.3605975000000003,1.3004893000000006,0,0.0,
complex_all_replicates,0.3605975000000003,1.4741451000000008,0,0.0,
complex_all_replicates,0.3605975000000003,1.647800900000001,0,0.0,
complex_all_replicates,0.3605975000000003,1.821456700000001,0,0.0,
complex_all_replicates,0.3605975000000003,1.9951125000000007,0,0.0,
complex_all_replicates,0.3605975000000003,2.168768300000001,0,0.0,
complex_all_replicates,0.3605975000000003,2.342424100000001,0,0.0,
complex_all_replicates,0.3605975000000003,2.5160799000000007,0,0.0,
complex_all_replicates,0.3605975000000003,2.689735700000001,0,0.0,
complex_all_replicates,0.3605975000000003,2.863391500000001,0,0.0,
complex_all_replicates,0.3605975000000003,3.0370473000000007,0,0.0,
complex_all_replicates,0.3605975000000003,3.210703100000001,0,0.0,
complex_all_replicates,0.3605975000000003,3.384358900000001,0,0.0,
complex_all_replicates,0.3605975000000003,3.5580147000000006,0,0.0,
complex_all_replicates,0.3605975000000003,3.731670500000001,0,0.0,
complex_all_replicates,0.3605975000000003,3.905326300000002,0,0.0,
complex_all_replicates,0.3605975000000003,4.078982100000001,0,0.0,
complex_all_replicates,0.5645425000000004,-4.430152100000001,0,0.0,
complex_all_replicates,0.5645425000000004,-4.2564963,0,0.0,
complex_all_replicates,0.5645425000000004,-4.0828405,0,0.0,
complex_all_replicates,0.5645425000000004,-3.9091847,0,0.0,
complex_all_replicates,0.5645425000000004,-3.7355289,0,0.0,
complex_all_replicates,0.5645425000000004,-3.5618731,1,0.0004161464835622,9.138163906645048
complex_all_replicates,0.5645425000000004,-3.3882173,3,0.0012484394506866,6.39785266490312
complex_all_replicates,0.5645425000000004,-3.2145615000000003,1,0.0004161464835622,9.138163906645048
complex_all_replicates,0.5645425000000004,-3.0409057,2,0.0008322929671244,7.409220010183719
complex_all_replicates,0.5645425000000004,-2.8672499,1,0.0004161464835622,9.138163906645048
complex_all_replicates,0.5645425000000004,-2.6935941,2,0.0008322929671244,7.409220010183719
complex_all_replicates,0.5645425000000004,-2.5199383,7,0.0029130253849354,4.284404748952884
complex_all_replicates,0.5645425000000004,-2.3462825,5,0.002080732417811,5.123680498967462
complex_all_replicates,0.5645425000000004,-2.1726267,10,0.0041614648356221,3.3947366025061334
complex_all_replicates,0.5645425000000004,-1.9989709,10,0.0041614648356221,3.3947366025061334
complex_all_replicates,0.5645425000000004,-1.8253151,21,0.0087390761548064,1.5440935072109572
complex_all_replicates,0.5645425000000004,-1.6516592999999995,24,0.0099875156054931,1.2110209755191346
complex_all_replicates,0.5645425000000004,-1.4780034999999996,33,0.013732833957553,0.4166894826348308
complex_all_replicates,0.5645425000000004,-1.3043476999999997,4,0.0016645859342488,5.680276113722391
complex_all_replicates,0.5645425000000004,-1.1306918999999995,7,0.0029130253849354,4.284404748952884
complex_all_replicates,0.5645425000000004,-0.9570360999999996,5,0.002080732417811,5.123680498967462
complex_all_replicates,0.5645425000000004,-0.7833802999999997,1,0.0004161464835622,9.138163906645048
complex_all_replicates,0.5645425000000004,-0.6097244999999998,0,0.0,
complex_all_replicates,0.5645425000000004,-0.4360686999999996,0,0.0,
complex_all_replicates,0.5645425000000004,-0.2624128999999997,0,0.0,
complex_all_replicates,0.5645425000000004,-0.0887570999999995,0,0.0,
complex_all_replicates,0.5645425000000004,0.0848987000000005,0,0.0,
complex_all_replicates,0.5645425000000004,0.2585545000000002,0,0.0,
complex_all_replicates,0.5645425000000004,0.4322103000000004,0,0.0,
complex_all_replicates,0.5645425000000004,0.6058661000000005,0,0.0,
complex_all_replicates,0.5645425000000004,0.7795219000000007,0,0.0,
complex_all_replicates,0.5645425000000004,0.9531777000000008,0,0.0,
complex_all_replicates,0.5645425000000004,1.1268335000000005,0,0.0,
complex_all_replicates,0.5645425000000004,1.3004893000000006,0,0.0,
complex_all_replicates,0.5645425000000004,1.4741451000000008,0,0.0,
complex_all_replicates,0.5645425000000004,1.647800900000001,0,0.0,
complex_all_replicates,0.5645425000000004,1.821456700000001,0,0.0,
complex_all_replicates,0.5645425000000004,1.9951125000000007,0,0.0,
complex_all_replicates,0.5645425000000004,2.168768300000001,0,0.0,
complex_all_replicates,0.5645425000000004,2.342424100000001,0,0.0,
complex_all_replicates,0.5645425000000004,2.5160799000000007,0,0.0,
complex_all_replicates,0.5645425000000004,2.689735700000001,0,0.0,
complex_all_replicates,0.5645425000000004,2.863391500000001,0,0.0,
complex_all_replicates,0.5645425000000004,3.0370473000000007,0,0.0,
complex_all_replicates,0.5645425000000004,3.210703100000001,0,0.0,
complex_all_replicates,0.5645425000000004,3.384358900000001,0,0.0,
complex_all_replicates,0.5645425000000004,3.5580147000000006,0,0.0,
complex_all_replicates,0.5645425000000004,3.731670500000001,0,0.0,
complex_all_replicates,0.5645425000000004,3.905326300000002,0,0.0,
complex_all_replicates,0.5645425000000004,4.078982100000001,0,0.0,
complex_all_replicates,0.7684875000000004,-4.430152100000001,0,0.0,
complex_all_replicates,0.7684875000000004,-4.2564963,0,0.0,
complex_all_replicates,0.7684875000000004,-4.0828405,0,0.0,
complex_all_replicates,0.7684875000000004,-3.9091847,0,0.0,
complex_all_replicates,0.7684875000000004,-3.7355289,0,0.0,
complex_all_replicates,0.7684875000000004,-3.5618731,0,0.0,
complex_all_replicates,0.7684875000000004,-3.3882173,5,0.002080732417811,5.123680498967462
complex_all_replicates,0.7684875000000004,-3.2145615000000003,4,0.0016645859342488,5.680276113722391
complex_all_replicates,0.7684875000000004,-3.0409057,7,0.0029130253849354,4.284404748952884
complex_all_replicates,0.7684875000000004,-2.8672499,7,0.0029130253849354,4.284404748952884
complex_all_replicates,0.7684875000000004,-2.6935941,3,0.0012484394506866,6.39785266490312
complex_all_replicates,0.7684875000000004,-2.5199383,10,0.0041614648356221,3.3947366025061334
complex_all_replicates,0.7684875000000004,-2.3462825,12,0.0049937578027465,2.939964871980463
complex_all_replicates,0.7684875000000004,-2.1726267,7,0.0029130253849354,4.284404748952884
complex_all_replicates,0.7684875000000004,-1.9989709,5,0.002080732417811,5.123680498967462
complex_all_replicates,0.7684875000000004,-1.8253151,4,0.0016645859342488,5.680276113722391
complex_all_replicates,0.7684875000000004,-1.6516592999999995,7,0.0029130253849354,4.284404748952884
complex_all_replicates,0.7684875000000004,-1.4780034999999996,7,0.0029130253849354,4.284404748952884
complex_all_replicates,0.7684875000000004,-1.3043476999999997,7,0.0029130253849354,4.284404748952884
complex_all_replicates,0.7684875000000004,-1.1306918999999995,3,0.0012484394506866,6.39785266490312
complex_all_replicates,0.7684875000000004,-0.9570360999999996,0,0.0,
complex_all_replicates,0.7684875000000004,-0.7833802999999997,1,0.0004161464835622,9.138163906645048
complex_all_replicates,0.7684875000000004,-0.6097244999999998,0,0.0,
complex_all_replicates,0.7684875000000004,-0.4360686999999996,0,0.0,
complex_all_replicates,0.7684875000000004,-0.2624128999999997,0,0.0,
complex_all_replicates,0.7684875000000004,-0.0887570999999995,0,0.0,
complex_all_replicates,0.7684875000000004,0.0848987000000005,0,0.0,
complex_all_replicates,0.7684875000000004,0.2585545000000002,0,0.0,
complex_all_replicates,0.7684875000000004,0.4322103000000004,0,0.0,
complex_all_replicates,0.7684875000000004,0.6058661000000005,0,0.0,
complex_all_replicates,0.7684875000000004,0.7795219000000007,0,0.0,
complex_all_replicates,0.7684875000000004,0.9531777000000008,0,0.0,
complex_all_replicates,0.7684875000000004,1.1268335000000005,0,0.0,
complex_all_replicates,0.7684875000000004,1.3004893000000006,0,0.0,
complex_all_replicates,0.7684875000000004,1.4741451000000008,0,0.0,
complex_all_replicates,0.7684875000000004,1.647800900000001,0,0.0,
complex_all_replicates,0.7684875000000004,1.821456700000001,0,0.0,
complex_all_replicates,0.7684875000000004,1.9951125000000007,0,0.0,
complex_all_replicates,0.7684875000000004,2.168768300000001,0,0.0,
complex_all_replicates,0.7684875000000004,2.342424100000001,0,0.0,
complex_all_replicates,0.7684875000000004,2.5160799000000007,0,0.0,
complex_all_replicates,0.7684875000000004,2.689735700000001,0,0.0,
complex_all_replicates,0.7684875000000004,2.863391500000001,0,0.0,
complex_all_replicates,0.7684875000000004,3.0370473000000007,0,0.0,
complex_all_replicates,0.7684875000000004,3.210703100000001,0,0.0,
complex_all_replicates,0.7684875000000004,3.384358900000001,0,0.0,
complex_all_replicates,0.7684875000000004,3.5580147000000006,0,0.0,
complex_all_replicates,0.7684875000000004,3.731670500000001,0,0.0,
complex_all_replicates,0.7684875000000004,3.905326300000002,0,0.0,
complex_all_replicates,0.7684875000000004,4.078982100000001,0,0.0,
complex_all_replicates,0.9724325000000004,-4.430152100000001,0,0.0,
complex_all_replicates,0.9724325000000004,-4.2564963,0,0.0,
complex_all_replicates,0.9724325000000004,-4.0828405,0,0.0,
complex_all_replicates,0.9724325000000004,-3.9091847,0,0.0,
complex_all_replicates,0.9724325000000004,-3.7355289,0,0.0,
complex_all_replicates,0.9724325000000004,-3.5618731,1,0.0004161464835622,9.138163906645048
complex_all_replicates,0.9724325000000004,-3.3882173,0,0.0,
complex_all_replicates,0.9724325000000004,-3.2145615000000003,5,0.002080732417811,5.123680498967462
complex_all_replicates,0.9724325000000004,-3.0409057,6,0.0024968789013732,4.668908768441791
complex_all_replicates,0.9724325000000004,-2.8672499,3,0.0012484394506866,6.39785266490312
complex_all_replicates,0.9724325000000004,-2.6935941,6,0.0024968789013732,4.668908768441791
complex_all_replicates,0.9724325000000004,-2.5199383,11,0.0045776113191843,3.1570007243767577
complex_all_replicates,0.9724325000000004,-2.3462825,16,0.0066583437369954,2.222388320799733
complex_all_replicates,0.9724325000000004,-2.1726267,11,0.0045776113191843,3.1570007243767577
complex_all_replicates,0.9724325000000004,-1.9989709,6,0.0024968789013732,4.668908768441791
complex_all_replicates,0.9724325000000004,-1.8253151,4,0.0016645859342488,5.680276113722391
complex_all_replicates,0.9724325000000004,-1.6516592999999995,3,0.0012484394506866,6.39785266490312
complex_all_replicates,0.9724325000000004,-1.4780034999999996,2,0.0008322929671244,7.409220010183719
complex_all_replicates,0.9724325000000004,-1.3043476999999997,3,0.0012484394506866,6.39785266490312
complex_all_replicates,0.9724325000000004,-1.1306918999999995,0,0.0,
complex_all_replicates,0.9724325000000004,-0.9570360999999996,0,0.0,
complex_all_replicates,0.9724325000000004,-0.7833802999999997,0,0.0,
complex_all_replicates,0.9724325000000004,-0.6097244999999998,0,0.0,
complex_all_replicates,0.9724325000000004,-0.4360686999999996,0,0.0,
complex_all_replicates,0.9724325000000004,-0.2624128999999997,0,0.0,
complex_all_replicates,0.9724325000000004,-0.0887570999999995,0,0.0,
complex_all_replicates,0.9724325000000004,0.0848987000000005,0,0.0,
complex_all_replicates,0.9724325000000004,0.2585545000000002,0,0.0,
complex_all_replicates,0.9724325000000004,0.4322103000000004,0,0.0,
complex_all_replicates,0.9724325000000004,0.6058661000000005,0,0.0,
complex_all_replicates,0.9724325000000004,0.7795219000000007,0,0.0,
complex_all_replicates,0.9724325000000004,0.9531777000000008,0,0.0,
complex_all_replicates,0.9724325000000004,1.1268335000000005,0,0.0,
complex_all_replicates,0.9724325000000004,1.3004893000000006,0,0.0,
complex_all_replicates,0.9724325000000004,1.4741451000000008,0,0.0,
complex_all_replicates,0.9724325000000004,1.647800900000001,0,0.0,
complex_all_replicates,0.9724325000000004,1.821456700000001,0,0.0,
complex_all_replicates,0.9724325000000004,1.9951125000000007,0,0.0,
complex_all_replicates,0.9724325000000004,2.168768300000001,0,0.0,
complex_all_replicates,0.9724325000000004,2.342424100000001,0,0.0,
complex_all_replicates,0.9724325000000004,2.5160799000000007,0,0.0,
complex_all_replicates,0.9724325000000004,2.689735700000001,0,0.0,
complex_all_replicates,0.9724325000000004,2.863391500000001,0,0.0,
complex_all_replicates,0.9724325000000004,3.0370473000000007,0,0.0,
complex_all_replicates,0.9724325000000004,3.210703100000001,0,0.0,
complex_all_replicates,0.9724325000000004,3.384358900000001,0,0.0,
complex_all_replicates,0.9724325000000004,3.5580147000000006,0,0.0,
complex_all_replicates,0.9724325000000004,3.731670500000001,0,0.0,
complex_all_replicates,0.9724325000000004,3.905326300000002,0,0.0,
complex_all_replicates,0.9724325000000004,4.078982100000001,0,0.0,
complex_all_replicates,1.1763775000000003,-4.430152100000001,0,0.0,
complex_all_replicates,1.1763775000000003,-4.2564963,0,0.0,
complex_all_replicates,1.1763775000000003,-4.0828405,0,0.0,
complex_all_replicates,1.1763775000000003,-3.9091847,0,0.0,
complex_all_replicates,1.1763775000000003,-3.7355289,0,0.0,
complex_all_replicates,1.1763775000000003,-3.5618731,0,0.0,
complex_all_replicates,1.1763775000000003,-3.3882173,0,0.0,
complex_all_replicates,1.1763775000000003,-3.2145615000000003,0,0.0,
complex_all_replicates,1.1763775000000003,-3.0409057,0,0.0,
complex_all_replicates,1.1763775000000003,-2.8672499,1,0.0004161464835622,9.138163906645048
complex_all_replicates,1.1763775000000003,-2.6935941,1,0.0004161464835622,9.138163906645048
complex_all_replicates,1.1763775000000003,-2.5199383,5,0.002080732417811,5.123680498967462
complex_all_replicates,1.1763775000000003,-2.3462825,6,0.0024968789013732,4.668908768441791
complex_all_replicates,1.1763775000000003,-2.1726267,2,0.0008322929671244,7.409220010183719
complex_all_replicates,1.1763775000000003,-1.9989709,3,0.0012484394506866,6.39785266490312
complex_all_replicates,1.1763775000000003,-1.8253151,6,0.0024968789013732,4.668908768441791
complex_all_replicates,1.1763775000000003,-1.6516592999999995,4,0.0016645859342488,5.680276113722391
complex_all_replicates,1.1763775000000003,-1.4780034999999996,0,0.0,
complex_all_replicates,1.1763775000000003,-1.3043476999999997,0,0.0,
complex_all_replicates,1.1763775000000003,-1.1306918999999995,0,0.0,
complex_all_replicates,1.1763775000000003,-0.9570360999999996,0,0.0,
complex_all_replicates,1.1763775000000003,-0.7833802999999997,0,0.0,
complex_all_replicates,1.1763775000000003,-0.6097244999999998,0,0.0,
complex_all_replicates,1.1763775000000003,-0.4360686999999996,0,0.0,
complex_all_replicates,1.1763775000000003,-0.2624128999999997,0,0.0,
complex_all_replicates,1.1763775000000003,-0.0887570999999995,0,0.0,
complex_all_replicates,1.1763775000000003,0.0848987000000005,0,0.0,
complex_all_replicates,1.1763775000000003,0.2585545000000002,0,0.0,
complex_all_replicates,1.1763775000000003,0.4322103000000004,0,0.0,
complex_all_replicates,1.1763775000000003,0.6058661000000005,0,0.0,
complex_all_replicates,1.1763775000000003,0.7795219000000007,0,0.0,
complex_all_replicates,1.1763775000000003,0.9531777000000008,0,0.0,
complex_all_replicates,1.1763775000000003,1.1268335000000005,0,0.0,
complex_all_replicates,1.1763775000000003,1.3004893000000006,0,0.0,
complex_all_replicates,1.1763775000000003,1.4741451000000008,0,0.0,
complex_all_replicates,1.1763775000000003,1.647800900000001,0,0.0,
complex_all_replicates,1.1763775000000003,1.821456700000001,0,0.0,
complex_all_replicates,1.1763775000000003,1.9951125000000007,0,0.0,
complex_all_replicates,1.1763775000000003,2.168768300000001,0,0.0,
complex_all_replicates,1.1763775000000003,2.342424100000001,0,0.0,
complex_all_replicates,1.1763775000000003,2.5160799000000007,0,0.0,
complex_all_replicates,1.1763775000000003,2.689735700000001,0,0.0,
complex_all_replicates,1.1763775000000003,2.863391500000001,0,0.0,
complex_all_replicates,1.1763775000000003,3.0370473000000007,0,0.0,
complex_all_replicates,1.1763775000000003,3.210703100000001,0,0.0,
complex_all_replicates,1.1763775000000003,3.384358900000001,0,0.0,
complex_all_replicates,1.1763775000000003,3.5580147000000006,0,0.0,
complex_all_replicates,1.1763775000000003,3.731670500000001,0,0.0,
complex_all_replicates,1.1763775000000003,3.905326300000002,0,0.0,
complex_all_replicates,1.1763775000000003,4.078982100000001,0,0.0,
complex_all_replicates,1.3803225000000006,-4.430152100000001,0,0.0,
complex_all_replicates,1.3803225000000006,-4.2564963,0,0.0,
complex_all_replicates,1.3803225000000006,-4.0828405,0,0.0,
complex_all_replicates,1.3803225000000006,-3.9091847,0,0.0,
complex_all_replicates,1.3803225000000006,-3.7355289,0,0.0,
complex_all_replicates,1.3803225000000006,-3.5618731,0,0.0,
complex_all_replicates,1.3803225000000006,-3.3882173,0,0.0,
complex_all_replicates,1.3803225000000006,-3.2145615000000003,0,0.0,
complex_all_replicates,1.3803225000000006,-3.0409057,0,0.0,
complex_all_replicates,1.3803225000000006,-2.8672499,0,0.0,
complex_all_replicates,1.3803225000000006,-2.6935941,0,0.0,
complex_all_replicates,1.3803225000000006,-2.5199383,0,0.0,
complex_all_replicates,1.3803225000000006,-2.3462825,1,0.0004161464835622,9.138163906645048
complex_all_replicates,1.3803225000000006,-2.1726267,1,0.0004161464835622,9.138163906645048
complex_all_replicates,1.3803225000000006,-1.9989709,4,0.0016645859342488,5.680276113722391
complex_all_replicates,1.3803225000000006,-1.8253151,0,0.0,
complex_all_replicates,1.3803225000000006,-1.6516592999999995,0,0.0,
complex_all_replicates,1.3803225000000006,-1.4780034999999996,1,0.0004161464835622,9.138163906645048
complex_all_replicates,1.3803225000000006,-1.3043476999999997,1,0.0004161464835622,9.138163906645048
complex_all_replicates,1.3803225000000006,-1.1306918999999995,1,0.0004161464835622,9.138163906645048
complex_all_replicates,1.3803225000000006,-0.9570360999999996,0,0.0,
complex_all_replicates,1.3803225000000006,-0.7833802999999997,0,0.0,
complex_all_replicates,1.3803225000000006,-0.6097244999999998,0,0.0,
complex_all_replicates,1.3803225000000006,-0.4360686999999996,0,0.0,
complex_all_replicates,1.3803225000000006,-0.2624128999999997,0,0.0,
complex_all_replicates,1.3803225000000006,-0.0887570999999995,0,0.0,
complex_all_replicates,1.3803225000000006,0.0848987000000005,0,0.0,
complex_all_replicates,1.3803225000000006,0.2585545000000002,0,0.0,
complex_all_replicates,1.3803225000000006,0.4322103000000004,0,0.0,
complex_all_replicates,1.3803225000000006,0.6058661000000005,0,0.0,
complex_all_replicates,1.3803225000000006,0.7795219000000007,0,0.0,
complex_all_replicates,1.3803225000000006,0.9531777000000008,0,0.0,
complex_all_replicates,1.3803225000000006,1.1268335000000005,0,0.0,
complex_all_replicates,1.3803225000000006,1.3004893000000006,0,0.0,
complex_all_replicates,1.3803225000000006,1.4741451000000008,0,0.0,
complex_all_replicates,1.3803225000000006,1.647800900000001,0,0.0,
complex_all_replicates,1.3803225000000006,1.821456700000001,0,0.0,
complex_all_replicates,1.3803225000000006,1.9951125000000007,0,0.0,
complex_all_replicates,1.3803225000000006,2.168768300000001,0,0.0,
complex_all_replicates,1.3803225000000006,2.342424100000001,0,0.0,
complex_all_replicates,1.3803225000000006,2.5160799000000007,0,0.0,
complex_all_replicates,1.3803225000000006,2.689735700000001,0,0.0,
complex_all_replicates,1.3803225000000006,2.863391500000001,0,0.0,
complex_all_replicates,1.3803225000000006,3.0370473000000007,0,0.0,
complex_all_replicates,1.3803225000000006,3.210703100000001,0,0.0,
complex_all_replicates,1.3803225000000006,3.384358900000001,0,0.0,
complex_all_replicates,1.3803225000000006,3.5580147000000006,0,0.0,
complex_all_replicates,1.3803225000000006,3.731670500000001,0,0.0,
complex_all_replicates,1.3803225000000006,3.905326300000002,0,0.0,
complex_all_replicates,1.3803225000000006,4.078982100000001,0,0.0,
complex_all_replicates,1.5842675000000006,-4.430152100000001,0,0.0,
complex_all_replicates,1.5842675000000006,-4.2564963,0,0.0,
complex_all_replicates,1.5842675000000006,-4.0828405,0,0.0,
complex_all_replicates,1.5842675000000006,-3.9091847,0,0.0,
complex_all_replicates,1.5842675000000006,-3.7355289,0,0.0,
complex_all_replicates,1.5842675000000006,-3.5618731,0,0.0,
complex_all_replicates,1.5842675000000006,-3.3882173,0,0.0,
complex_all_replicates,1.5842675000000006,-3.2145615000000003,0,0.0,
complex_all_replicates,1.5842675000000006,-3.0409057,0,0.0,
complex_all_replicates,1.5842675000000006,-2.8672499,0,0.0,
complex_all_replicates,1.5842675000000006,-2.6935941,0,0.0,
complex_all_replicates,1.5842675000000006,-2.5199383,0,0.0,
complex_all_replicates,1.5842675000000006,-2.3462825,1,0.0004161464835622,9.138163906645048
complex_all_replicates,1.5842675000000006,-2.1726267,3,0.0012484394506866,6.39785266490312
complex_all_replicates,1.5842675000000006,-1.9989709,0,0.0,
complex_all_replicates,1.5842675000000006,-1.8253151,0,0.0,
complex_all_replicates,1.5842675000000006,-1.6516592999999995,0,0.0,
complex_all_replicates,1.5842675000000006,-1.4780034999999996,0,0.0,
complex_all_replicates,1.5842675000000006,-1.3043476999999997,0,0.0,
complex_all_replicates,1.5842675000000006,-1.1306918999999995,0,0.0,
complex_all_replicates,1.5842675000000006,-0.9570360999999996,0,0.0,
complex_all_replicates,1.5842675000000006,-0.7833802999999997,0,0.0,
complex_all_replicates,1.5842675000000006,-0.6097244999999998,0,0.0,
complex_all_replicates,1.5842675000000006,-0.4360686999999996,0,0.0,
complex_all_replicates,1.5842675000000006,-0.2624128999999997,0,0.0,
complex_all_replicates,1.5842675000000006,-0.0887570999999995,0,0.0,
complex_all_replicates,1.5842675000000006,0.0848987000000005,0,0.0,
complex_all_replicates,1.5842675000000006,0.2585545000000002,0,0.0,
complex_all_replicates,1.5842675000000006,0.4322103000000004,0,0.0,
complex_all_replicates,1.5842675000000006,0.6058661000000005,0,0.0,
complex_all_replicates,1.5842675000000006,0.7795219000000007,0,0.0,
complex_all_replicates,1.5842675000000006,0.9531777000000008,0,0.0,
complex_all_replicates,1.5842675000000006,1.1268335000000005,0,0.0,
complex_all_replicates,1.5842675000000006,1.3004893000000006,0,0.0,
complex_all_replicates,1.5842675000000006,1.4741451000000008,0,0.0,
complex_all_replicates,1.5842675000000006,1.647800900000001,0,0.0,
complex_all_replicates,1.5842675000000006,1.821456700000001,0,0.0,
complex_all_replicates,1.5842675000000006,1.9951125000000007,0,0.0,
complex_all_replicates,1.5842675000000006,2.168768300000001,0,0.0,
complex_all_replicates,1.5842675000000006,2.342424100000001,0,0.0,
complex_all_replicates,1.5842675000000006,2.5160799000000007,0,0.0,
complex_all_replicates,1.5842675000000006,2.689735700000001,0,0.0,
complex_all_replicates,1.5842675000000006,2.863391500000001,0,0.0,
complex_all_replicates,1.5842675000000006,3.0370473000000007,0,0.0,
complex_all_replicates,1.5842675000000006,3.210703100000001,0,0.0,
complex_all_replicates,1.5842675000000006,3.384358900000001,0,0.0,
complex_all_replicates,1.5842675000000006,3.5580147000000006,0,0.0,
complex_all_replicates,1.5842675000000006,3.731670500000001,0,0.0,
complex_all_replicates,1.5842675000000006,3.905326300000002,0,0.0,
complex_all_replicates,1.5842675000000006,4.078982100000001,0,0.0,
complex_all_replicates,1.7882125000000006,-4.430152100000001,0,0.0,
complex_all_replicates,1.7882125000000006,-4.2564963,0,0.0,
complex_all_replicates,1.7882125000000006,-4.0828405,0,0.0,
complex_all_replicates,1.7882125000000006,-3.9091847,0,0.0,
complex_all_replicates,1.7882125000000006,-3.7355289,0,0.0,
complex_all_replicates,1.7882125000000006,-3.5618731,0,0.0,
complex_all_replicates,1.7882125000000006,-3.3882173,0,0.0,
complex_all_replicates,1.7882125000000006,-3.2145615000000003,0,0.0,
complex_all_replicates,1.7882125000000006,-3.0409057,0,0.0,
complex_all_replicates,1.7882125000000006,-2.8672499,0,0.0,
complex_all_replicates,1.7882125000000006,-2.6935941,0,0.0,
complex_all_replicates,1.7882125000000006,-2.5199383,1,0.0004161464835622,9.138163906645048
complex_all_replicates,1.7882125000000006,-2.3462825,6,0.0024968789013732,4.668908768441791
complex_all_replicates,1.7882125000000006,-2.1726267,3,0.0012484394506866,6.39785266490312
complex_all_replicates,1.7882125000000006,-1.9989709,5,0.002080732417811,5.123680498967462
complex_all_replicates,1.7882125000000006,-1.8253151,1,0.0004161464835622,9.138163906645048
complex_all_replicates,1.7882125000000006,-1.6516592999999995,1,0.0004161464835622,9.138163906645048
complex_all_replicates,1.7882125000000006,-1.4780034999999996,0,0.0,
complex_all_replicates,1.7882125000000006,-1.3043476999999997,0,0.0,
complex_all_replicates,1.7882125000000006,-1.1306918999999995,0,0.0,
complex_all_replicates,1.7882125000000006,-0.9570360999999996,0,0.0,
complex_all_replicates,1.7882125000000006,-0.7833802999999997,0,0.0,
complex_all_replicates,1.7882125000000006,-0.6097244999999998,0,0.0,
complex_all_replicates,1.7882125000000006,-0.4360686999999996,0,0.0,
complex_all_replicates,1.7882125000000006,-0.2624128999999997,0,0.0,
complex_all_replicates,1.7882125000000006,-0.0887570999999995,0,0.0,
complex_all_replicates,1.7882125000000006,0.0848987000000005,0,0.0,
complex_all_replicates,1.7882125000000006,0.2585545000000002,0,0.0,
complex_all_replicates,1.7882125000000006,0.4322103000000004,0,0.0,
complex_all_replicates,1.7882125000000006,0.6058661000000005,0,0.0,
complex_all_replicates,1.7882125000000006,0.7795219000000007,0,0.0,
complex_all_replicates,1.7882125000000006,0.9531777000000008,0,0.0,
complex_all_replicates,1.7882125000000006,1.1268335000000005,0,0.0,
complex_all_replicates,1.7882125000000006,1.3004893000000006,0,0.0,
complex_all_replicates,1.7882125000000006,1.4741451000000008,0,0.0,
complex_all_replicates,1.7882125000000006,1.647800900000001,0,0.0,
complex_all_replicates,1.7882125000000006,1.821456700000001,0,0.0,
complex_all_replicates,1.7882125000000006,1.9951125000000007,0,0.0,
complex_all_replicates,1.7882125000000006,2.168768300000001,0,0.0,
complex_all_replicates,1.7882125000000006,2.342424100000001,0,0.0,
complex_all_replicates,1.7882125000000006,2.5160799000000007,0,0.0,
complex_all_replicates,1.7882125000000006,2.689735700000001,0,0.0,
complex_all_replicates,1.7882125000000006,2.863391500000001,0,0.0,
complex_all_replicates,1.7882125000000006,3.0370473000000007,0,0.0,
complex_all_replicates,1.7882125000000006,3.210703100000001,0,0.0,
complex_all_replicates,1.7882125000000006,3.384358900000001,0,0.0,
complex_all_replicates,1.7882125000000006,3.5580147000000006,0,0.0,
complex_all_replicates,1.7882125000000006,3.731670500000001,0,0.0,
complex_all_replicates,1.7882125000000006,3.905326300000002,0,0.0,
complex_all_replicates,1.7882125000000006,4.078982100000001,0,0.0,
complex_all_replicates,1.9921575000000007,-4.430152100000001,0,0.0,
complex_all_replicates,1.9921575000000007,-4.2564963,0,0.0,
complex_all_replicates,1.9921575000000007,-4.0828405,0,0.0,
complex_all_replicates,1.9921575000000007,-3.9091847,0,0.0,
complex_all_replicates,1.9921575000000007,-3.7355289,0,0.0,
complex_all_replicates,1.9921575000000007,-3.5618731,0,0.0,
complex_all_replicates,1.9921575000000007,-3.3882173,0,0.0,
complex_all_replicates,1.9921575000000007,-3.2145615000000003,0,0.0,
complex_all_replicates,1.9921575000000007,-3.0409057,0,0.0,
complex_all_replicates,1.9921575000000007,-2.8672499,0,0.0,
complex_all_replicates,1.9921575000000007,-2.6935941,1,0.0004161464835622,9.138163906645048
complex_all_replicates,1.9921575000000007,-2.5199383,1,0.0004161464835622,9.138163906645048
complex_all_replicates,1.9921575000000007,-2.3462825,1,0.0004161464835622,9.138163906645048
complex_all_replicates,1.9921575000000007,-2.1726267,2,0.0008322929671244,7.409220010183719
complex_all_replicates,1.9921575000000007,-1.9989709,4,0.0016645859342488,5.680276113722391
complex_all_replicates,1.9921575000000007,-1.8253151,3,0.0012484394506866,6.39785266490312
complex_all_replicates,1.9921575000000007,-1.6516592999999995,1,0.0004161464835622,9.138163906645048
complex_all_replicates,1.9921575000000007,-1.4780034999999996,2,0.0008322929671244,7.409220010183719
complex_all_replicates,1.9921575000000007,-1.3043476999999997,1,0.0004161464835622,9.138163906645048
complex_all_replicates,1.9921575000000007,-1.1306918999999995,0,0.0,
complex_all_replicates,1.9921575000000007,-0.9570360999999996,0,0.0,
complex_all_replicates,1.9921575000000007,-0.7833802999999997,0,0.0,
complex_all_replicates,1.9921575000000007,-0.6097244999999998,0,0.0,
complex_all_replicates,1.9921575000000007,-0.4360686999999996,0,0.0,
complex_all_replicates,1.9921575000000007,-0.2624128999999997,0,0.0,
complex_all_replicates,1.9921575000000007,-0.0887570999999995,0,0.0,
complex_all_replicates,1.9921575000000007,0.0848987000000005,0,0.0,
complex_all_replicates,1.9921575000000007,0.2585545000000002,0,0.0,
complex_all_replicates,1.9921575000000007,0.4322103000000004,0,0.0,
complex_all_replicates,1.9921575000000007,0.6058661000000005,0,0.0,
complex_all_replicates,1.9921575000000007,0.7795219000000007,0,0.0,
complex_all_replicates,1.9921575000000007,0.9531777000000008,0,0.0,
complex_all_replicates,1.9921575000000007,1.1268335000000005,0,0.0,
complex_all_replicates,1.9921575000000007,1.3004893000000006,0,0.0,
complex_all_replicates,1.9921575000000007,1.4741451000000008,0,0.0,
complex_all_replicates,1.9921575000000007,1.647800900000001,0,0.0,
complex_all_replicates,1.9921575000000007,1.821456700000001,0,0.0,
complex_all_replicates,1.9921575000000007,1.9951125000000007,0,0.0,
complex_all_replicates,1.9921575000000007,2.168768300000001,0,0.0,
complex_all_replicates,1.9921575000000007,2.342424100000001,0,0.0,
complex_all_replicates,1.9921575000000007,2.5160799000000007,0,0.0,
complex_all_replicates,1.9921575000000007,2.689735700000001,0,0.0,
complex_all_replicates,1.9921575000000007,2.863391500000001,0,0.0,
complex_all_replicates,1.9921575000000007,3.0370473000000007,0,0.0,
complex_all_replicates,1.9921575000000007,3.210703100000001,0,0.0,
complex_all_replicates,1.9921575000000007,3.384358900000001,0,0.0,
complex_all_replicates,1.9921575000000007,3.5580147000000006,0,0.0,
complex_all_replicates,1.9921575000000007,3.731670500000001,0,0.0,
complex_all_replicates,1.9921575000000007,3.905326300000002,0,0.0,
complex_all_replicates,1.9921575000000007,4.078982100000001,0,0.0,
complex_all_replicates,2.1961025000000007,-4.430152100000001,0,0.0,
complex_all_replicates,2.1961025000000007,-4.2564963,0,0.0,
complex_all_replicates,2.1961025000000007,-4.0828405,0,0.0,
complex_all_replicates,2.1961025000000007,-3.9091847,0,0.0,
complex_all_replicates,2.1961025000000007,-3.7355289,0,0.0,
complex_all_replicates,2.1961025000000007,-3.5618731,0,0.0,
complex_all_replicates,2.1961025000000007,-3.3882173,0,0.0,
complex_all_replicates,2.1961025000000007,-3.2145615000000003,0,0.0,
complex_all_replicates,2.1961025000000007,-3.0409057,0,0.0,
complex_all_replicates,2.1961025000000007,-2.8672499,0,0.0,
complex_all_replicates,2.1961025000000007,-2.6935941,1,0.0004161464835622,9.138163906645048
complex_all_replicates,2.1961025000000007,-2.5199383,2,0.0008322929671244,7.409220010183719
complex_all_replicates,2.1961025000000007,-2.3462825,2,0.0008322929671244,7.409220010183719
complex_all_replicates,2.1961025000000007,-2.1726267,4,0.0016645859342488,5.680276113722391
complex_all_replicates,2.1961025000000007,-1.9989709,1,0.0004161464835622,9.138163906645048
complex_all_replicates,2.1961025000000007,-1.8253151,1,0.0004161464835622,9.138163906645048
complex_all_replicates,2.1961025000000007,-1.6516592999999995,0,0.0,
complex_all_replicates,2.1961025000000007,-1.4780034999999996,1,0.0004161464835622,9.138163906645048
complex_all_replicates,2.1961025000000007,-1.3043476999999997,0,0.0,
complex_all_replicates,2.1961025000000007,-1.1306918999999995,0,0.0,
complex_all_replicates,2.1961025000000007,-0.9570360999999996,0,0.0,
complex_all_replicates,2.1961025000000007,-0.7833802999999997,0,0.0,
complex_all_replicates,2.1961025000000007,-0.6097244999999998,0,0.0,
complex_all_replicates,2.1961025000000007,-0.4360686999999996,0,0.0,
complex_all_replicates,2.1961025000000007,-0.2624128999999997,0,0.0,
complex_all_replicates,2.1961025000000007,-0.0887570999999995,0,0.0,
complex_all_replicates,2.1961025000000007,0.0848987000000005,0,0.0,
complex_all_replicates,2.1961025000000007,0.2585545000000002,0,0.0,
complex_all_replicates,2.1961025000000007,0.4322103000000004,0,0.0,
complex_all_replicates,2.1961025000000007,0.6058661000000005,0,0.0,
complex_all_replicates,2.1961025000000007,0.7795219000000007,0,0.0,
complex_all_replicates,2.1961025000000007,0.9531777000000008,0,0.0,
complex_all_replicates,2.1961025000000007,1.1268335000000005,0,0.0,
complex_all_replicates,2.1961025000000007,1.3004893000000006,0,0.0,
complex_all_replicates,2.1961025000000007,1.4741451000000008,0,0.0,
complex_all_replicates,2.1961025000000007,1.647800900000001,0,0.0,
complex_all_replicates,2.1961025000000007,1.821456700000001,0,0.0,
complex_all_replicates,2.1961025000000007,1.9951125000000007,0,0.0,
complex_all_replicates,2.1961025000000007,2.168768300000001,0,0.0,
complex_all_replicates,2.1961025000000007,2.342424100000001,0,0.0,
complex_all_replicates,2.1961025000000007,2.5160799000000007,0,0.0,
complex_all_replicates,2.1961025000000007,2.689735700000001,0,0.0,
complex_all_replicates,2.1961025000000007,2.863391500000001,0,0.0,
complex_all_replicates,2.1961025000000007,3.0370473000000007,0,0.0,
complex_all_replicates,2.1961025000000007,3.210703100000001,0,0.0,
complex_all_replicates,2.1961025000000007,3.384358900000001,0,0.0,
complex_all_replicates,2.1961025000000007,3.5580147000000006,0,0.0,
complex_all_replicates,2.1961025000000007,3.731670500000001,0,0.0,
complex_all_replicates,2.1961025000000007,3.905326300000002,0,0.0,
complex_all_replicates,2.1961025000000007,4.078982100000001,0,0.0,
complex_all_replicates,2.4000475000000008,-4.430152100000001,0,0.0,
complex_all_replicates,2.4000475000000008,-4.2564963,0,0.0,
complex_all_replicates,2.4000475000000008,-4.0828405,0,0.0,
complex_all_replicates,2.4000475000000008,-3.9091847,0,0.0,
complex_all_replicates,2.4000475000000008,-3.7355289,0,0.0,
complex_all_replicates,2.4000475000000008,-3.5618731,0,0.0,
complex_all_replicates,2.4000475000000008,-3.3882173,0,0.0,
complex_all_replicates,2.4000475000000008,-3.2145615000000003,0,0.0,
complex_all_replicates,2.4000475000000008,-3.0409057,0,0.0,
complex_all_replicates,2.4000475000000008,-2.8672499,0,0.0,
complex_all_replicates,2.4000475000000008,-2.6935941,0,0.0,
complex_all_replicates,2.4000475000000008,-2.5199383,3,0.0012484394506866,6.39785266490312
complex_all_replicates,2.4000475000000008,-2.3462825,0,0.0,
complex_all_replicates,2.4000475000000008,-2.1726267,0,0.0,
complex_all_replicates,2.4000475000000008,-1.9989709,1,0.0004161464835622,9.138163906645048
complex_all_replicates,2.4000475000000008,-1.8253151,0,0.0,
complex_all_replicates,2.4000475000000008,-1.6516592999999995,0,0.0,
complex_all_replicates,2.4000475000000008,-1.4780034999999996,1,0.0004161464835622,9.138163906645048
complex_all_replicates,2.4000475000000008,-1.3043476999999997,0,0.0,
complex_all_replicates,2.4000475000000008,-1.1306918999999995,0,0.0,
complex_all_replicates,2.4000475000000008,-0.9570360999999996,0,0.0,
complex_all_replicates,2.4000475000000008,-0.7833802999999997,0,0.0,
complex_all_replicates,2.4000475000000008,-0.6097244999999998,0,0.0,
complex_all_replicates,2.4000475000000008,-0.4360686999999996,0,0.0,
complex_all_replicates,2.4000475000000008,-0.2624128999999997,0,0.0,
complex_all_replicates,2.4000475000000008,-0.0887570999999995,0,0.0,
complex_all_replicates,2.4000475000000008,0.0848987000000005,0,0.0,
complex_all_replicates,2.4000475000000008,0.2585545000000002,0,0.0,
complex_all_replicates,2.4000475000000008,0.4322103000000004,0,0.0,
complex_all_replicates,2.4000475000000008,0.6058661000000005,0,0.0,
complex_all_replicates,2.4000475000000008,0.7795219000000007,0,0.0,
complex_all_replicates,2.4000475000000008,0.9531777000000008,0,0.0,
complex_all_replicates,2.4000475000000008,1.1268335000000005,0,0.0,
complex_all_replicates,2.4000475000000008,1.3004893000000006,0,0.0,
complex_all_replicates,2.4000475000000008,1.4741451000000008,0,0.0,
complex_all_replicates,2.4000475000000008,1.647800900000001,0,0.0,
complex_all_replicates,2.4000475000000008,1.821456700000001,0,0.0,
complex_all_replicates,2.4000475000000008,1.9951125000000007,0,0.0,
complex_all_replicates,2.4000475000000008,2.168768300000001,0,0.0,
complex_all_replicates,2.4000475000000008,2.342424100000001,0,0.0,
complex_all_replicates,2.4000475000000008,2.5160799000000007,0,0.0,
complex_all_replicates,2.4000475000000008,2.689735700000001,0,0.0,
complex_all_replicates,2.4000475000000008,2.863391500000001,0,0.0,
complex_all_replicates,2.4000475000000008,3.0370473000000007,0,0.0,
complex_all_replicates,2.4000475000000008,3.210703100000001,0,0.0,
complex_all_replicates,2.4000475000000008,3.384358900000001,0,0.0,
complex_all_replicates,2.4000475000000008,3.5580147000000006,0,0.0,
complex_all_replicates,2.4000475000000008,3.731670500000001,0,0.0,
complex_all_replicates,2.4000475000000008,3.905326300000002,0,0.0,
complex_all_replicates,2.4000475000000008,4.078982100000001,0,0.0,
complex_all_replicates,2.603992500000001,-4.430152100000001,0,0.0,
complex_all_replicates,2.603992500000001,-4.2564963,0,0.0,
complex_all_replicates,2.603992500000001,-4.0828405,0,0.0,
complex_all_replicates,2.603992500000001,-3.9091847,0,0.0,
complex_all_replicates,2.603992500000001,-3.7355289,0,0.0,
complex_all_replicates,2.603992500000001,-3.5618731,0,0.0,
complex_all_replicates,2.603992500000001,-3.3882173,0,0.0,
complex_all_replicates,2.603992500000001,-3.2145615000000003,0,0.0,
complex_all_replicates,2.603992500000001,-3.0409057,0,0.0,
complex_all_replicates,2.603992500000001,-2.8672499,0,0.0,
complex_all_replicates,2.603992500000001,-2.6935941,0,0.0,
complex_all_replicates,2.603992500000001,-2.5199383,0,0.0,
complex_all_replicates,2.603992500000001,-2.3462825,0,0.0,
complex_all_replicates,2.603992500000001,-2.1726267,0,0.0,
complex_all_replicates,2.603992500000001,-1.9989709,1,0.0004161464835622,9.138163906645048
complex_all_replicates,2.603992500000001,-1.8253151,0,0.0,
complex_all_replicates,2.603992500000001,-1.6516592999999995,0,0.0,
complex_all_replicates,2.603992500000001,-1.4780034999999996,1,0.0004161464835622,9.138163906645048
complex_all_replicates,2.603992500000001,-1.3043476999999997,0,0.0,
complex_all_replicates,2.603992500000001,-1.1306918999999995,0,0.0,
complex_all_replicates,2.603992500000001,-0.9570360999999996,0,0.0,
complex_all_replicates,2.603992500000001,-0.7833802999999997,0,0.0,
complex_all_replicates,2.603992500000001,-0.6097244999999998,0,0.0,
complex_all_replicates,2.603992500000001,-0.4360686999999996,0,0.0,
complex_all_replicates,2.603992500000001,-0.2624128999999997,0,0.0,
complex_all_replicates,2.603992500000001,-0.0887570999999995,0,0.0,
complex_all_replicates,2.603992500000001,0.0848987000000005,0,0.0,
complex_all_replicates,2.603992500000001,0.2585545000000002,0,0.0,
complex_all_replicates,2.603992500000001,0.4322103000000004,0,0.0,
complex_all_replicates,2.603992500000001,0.6058661000000005,0,0.0,
complex_all_replicates,2.603992500000001,0.7795219000000007,0,0.0,
complex_all_replicates,2.603992500000001,0.9531777000000008,0,0.0,
complex_all_replicates,2.603992500000001,1.1268335000000005,0,0.0,
complex_all_replicates,2.603992500000001,1.3004893000000006,0,0.0,
complex_all_replicates,2.603992500000001,1.4741451000000008,0,0.0,
complex_all_replicates,2.603992500000001,1.647800900000001,0,0.0,
complex_all_replicates,2.603992500000001,1.821456700000001,0,0.0,
complex_all_replicates,2.603992500000001,1.9951125000000007,0,0.0,
complex_all_replicates,2.603992500000001,2.168768300000001,0,0.0,
complex_all_replicates,2.603992500000001,2.342424100000001,0,0.0,
complex_all_replicates,2.603992500000001,2.5160799000000007,0,0.0,
complex_all_replicates,2.603992500000001,2.689735700000001,0,0.0,
complex_all_replicates,2.603992500000001,2.863391500000001,0,0.0,
complex_all_replicates,2.603992500000001,3.0370473000000007,0,0.0,
complex_all_replicates,2.603992500000001,3.210703100000001,0,0.0,
complex_all_replicates,2.603992500000001,3.384358900000001,0,0.0,
complex_all_replicates,2.603992500000001,3.5580147000000006,0,0.0,
complex_all_replicates,2.603992500000001,3.731670500000001,0,0.0,
complex_all_replicates,2.603992500000001,3.905326300000002,0,0.0,
complex_all_replicates,2.603992500000001,4.078982100000001,0,0.0,
complex_all_replicates,2.807937500000001,-4.430152100000001,0,0.0,
complex_all_replicates,2.807937500000001,-4.2564963,0,0.0,
complex_all_replicates,2.807937500000001,-4.0828405,0,0.0,
complex_all_replicates,2.807937500000001,-3.9091847,0,0.0,
complex_all_replicates,2.807937500000001,-3.7355289,0,0.0,
complex_all_replicates,2.807937500000001,-3.5618731,0,0.0,
complex_all_replicates,2.807937500000001,-3.3882173,0,0.0,
complex_all_replicates,2.807937500000001,-3.2145615000000003,0,0.0,
complex_all_replicates,2.807937500000001,-3.0409057,0,0.0,
complex_all_replicates,2.807937500000001,-2.8672499,0,0.0,
complex_all_replicates,2.807937500000001,-2.6935941,1,0.0004161464835622,9.138163906645048
complex_all_replicates,2.807937500000001,-2.5199383,1,0.0004161464835622,9.138163906645048
complex_all_replicates,2.807937500000001,-2.3462825,0,0.0,
complex_all_replicates,2.807937500000001,-2.1726267,0,0.0,
complex_all_replicates,2.807937500000001,-1.9989709,0,0.0,
complex_all_replicates,2.807937500000001,-1.8253151,1,0.0004161464835622,9.138163906645048
complex_all_replicates,2.807937500000001,-1.6516592999999995,0,0.0,
complex_all_replicates,2.807937500000001,-1.4780034999999996,0,0.0,
complex_all_replicates,2.807937500000001,-1.3043476999999997,0,0.0,
complex_all_replicates,2.807937500000001,-1.1306918999999995,0,0.0,
complex_all_replicates,2.807937500000001,-0.9570360999999996,0,0.0,
complex_all_replicates,2.807937500000001,-0.7833802999999997,0,0.0,
complex_all_replicates,2.807937500000001,-0.6097244999999998,0,0.0,
complex_all_replicates,2.807937500000001,-0.4360686999999996,0,0.0,
complex_all_replicates,2.807937500000001,-0.2624128999999997,0,0.0,
complex_all_replicates,2.807937500000001,-0.0887570999999995,0,0.0,
complex_all_replicates,2.807937500000001,0.0848987000000005,0,0.0,
complex_all_replicates,2.807937500000001,0.2585545000000002,0,0.0,
complex_all_replicates,2.807937500000001,0.4322103000000004,0,0.0,
complex_all_replicates,2.807937500000001,0.6058661000000005,0,0.0,
complex_all_replicates,2.807937500000001,0.7795219000000007,0,0.0,
complex_all_replicates,2.807937500000001,0.9531777000000008,0,0.0,
complex_all_replicates,2.807937500000001,1.1268335000000005,0,0.0,
complex_all_replicates,2.807937500000001,1.3004893000000006,0,0.0,
complex_all_replicates,2.807937500000001,1.4741451000000008,0,0.0,
complex_all_replicates,2.807937500000001,1.647800900000001,0,0.0,
complex_all_replicates,2.807937500000001,1.821456700000001,0,0.0,
complex_all_replicates,2.807937500000001,1.9951125000000007,0,0.0,
complex_all_replicates,2.807937500000001,2.168768300000001,0,0.0,
complex_all_replicates,2.807937500000001,2.342424100000001,0,0.0,
complex_all_replicates,2.807937500000001,2.5160799000000007,0,0.0,
complex_all_replicates,2.807937500000001,2.689735700000001,0,0.0,
complex_all_replicates,2.807937500000001,2.863391500000001,0,0.0,
complex_all_replicates,2.807937500000001,3.0370473000000007,0,0.0,
complex_all_replicates,2.807937500000001,3.210703100000001,0,0.0,
complex_all_replicates,2.807937500000001,3.384358900000001,0,0.0,
complex_all_replicates,2.807937500000001,3.5580147000000006,0,0.0,
complex_all_replicates,2.807937500000001,3.731670500000001,0,0.0,
complex_all_replicates,2.807937500000001,3.905326300000002,0,0.0,
complex_all_replicates,2.807937500000001,4.078982100000001,0,0.0,
complex_all_replicates,3.011882500000001,-4.430152100000001,0,0.0,
complex_all_replicates,3.011882500000001,-4.2564963,0,0.0,
complex_all_replicates,3.011882500000001,-4.0828405,0,0.0,
complex_all_replicates,3.011882500000001,-3.9091847,0,0.0,
complex_all_replicates,3.011882500000001,-3.7355289,0,0.0,
complex_all_replicates,3.011882500000001,-3.5618731,0,0.0,
complex_all_replicates,3.011882500000001,-3.3882173,0,0.0,
complex_all_replicates,3.011882500000001,-3.2145615000000003,0,0.0,
complex_all_replicates,3.011882500000001,-3.0409057,0,0.0,
complex_all_replicates,3.011882500000001,-2.8672499,0,0.0,
complex_all_replicates,3.011882500000001,-2.6935941,0,0.0,
complex_all_replicates,3.011882500000001,-2.5199383,0,0.0,
complex_all_replicates,3.011882500000001,-2.3462825,0,0.0,
complex_all_replicates,3.011882500000001,-2.1726267,0,0.0,
complex_all_replicates,3.011882500000001,-1.9989709,0,0.0,
complex_all_replicates,3.011882500000001,-1.8253151,0,0.0,
complex_all_replicates,3.011882500000001,-1.6516592999999995,0,0.0,
complex_all_replicates,3.011882500000001,-1.4780034999999996,0,0.0,
complex_all_replicates,3.011882500000001,-1.3043476999999997,0,0.0,
complex_all_replicates,3.011882500000001,-1.1306918999999995,0,0.0,
complex_all_replicates,3.011882500000001,-0.9570360999999996,0,0.0,
complex_all_replicates,3.011882500000001,-0.7833802999999997,0,0.0,
complex_all_replicates,3.011882500000001,-0.6097244999999998,0,0.0,
complex_all_replicates,3.011882500000001,-0.4360686999999996,0,0.0,
complex_all_replicates,3.011882500000001,-0.2624128999999997,0,0.0,
complex_all_replicates,3.011882500000001,-0.0887570999999995,0,0.0,
complex_all_replicates,3.011882500000001,0.0848987000000005,0,0.0,
complex_all_replicates,3.011882500000001,0.2585545000000002,0,0.0,
complex_all_replicates,3.011882500000001,0.4322103000000004,0,0.0,
complex_all_replicates,3.011882500000001,0.6058661000000005,0,0.0,
complex_all_replicates,3.011882500000001,0.7795219000000007,0,0.0,
complex_all_replicates,3.011882500000001,0.9531777000000008,0,0.0,
complex_all_replicates,3.011882500000001,1.1268335000000005,0,0.0,
complex_all_replicates,3.011882500000001,1.3004893000000006,0,0.0,
complex_all_replicates,3.011882500000001,1.4741451000000008,0,0.0,
complex_all_replicates,3.011882500000001,1.647800900000001,0,0.0,
complex_all_replicates,3.011882500000001,1.821456700000001,0,0.0,
complex_all_replicates,3.011882500000001,1.9951125000000007,0,0.0,
complex_all_replicates,3.011882500000001,2.168768300000001,0,0.0,
complex_all_replicates,3.011882500000001,2.342424100000001,0,0.0,
complex_all_replicates,3.011882500000001,2.5160799000000007,0,0.0,
complex_all_replicates,3.011882500000001,2.689735700000001,0,0.0,
complex_all_replicates,3.011882500000001,2.863391500000001,0,0.0,
complex_all_replicates,3.011882500000001,3.0370473000000007,0,0.0,
complex_all_replicates,3.011882500000001,3.210703100000001,0,0.0,
complex_all_replicates,3.011882500000001,3.384358900000001,0,0.0,
complex_all_replicates,3.011882500000001,3.5580147000000006,0,0.0,
complex_all_replicates,3.011882500000001,3.731670500000001,0,0.0,
complex_all_replicates,3.011882500000001,3.905326300000002,0,0.0,
complex_all_replicates,3.011882500000001,4.078982100000001,0,0.0,
complex_all_replicates,3.215827500000001,-4.430152100000001,0,0.0,
complex_all_replicates,3.215827500000001,-4.2564963,0,0.0,
complex_all_replicates,3.215827500000001,-4.0828405,0,0.0,
complex_all_replicates,3.215827500000001,-3.9091847,0,0.0,
complex_all_replicates,3.215827500000001,-3.7355289,0,0.0,
complex_all_replicates,3.215827500000001,-3.5618731,0,0.0,
complex_all_replicates,3.215827500000001,-3.3882173,0,0.0,
complex_all_replicates,3.215827500000001,-3.2145615000000003,0,0.0,
complex_all_replicates,3.215827500000001,-3.0409057,0,0.0,
complex_all_replicates,3.215827500000001,-2.8672499,0,0.0,
complex_all_replicates,3.215827500000001,-2.6935941,0,0.0,
complex_all_replicates,3.215827500000001,-2.5199383,0,0.0,
complex_all_replicates,3.215827500000001,-2.3462825,0,0.0,
complex_all_replicates,3.215827500000001,-2.1726267,0,0.0,
complex_all_replicates,3.215827500000001,-1.9989709,0,0.0,
complex_all_replicates,3.215827500000001,-1.8253151,0,0.0,
complex_all_replicates,3.215827500000001,-1.6516592999999995,0,0.0,
complex_all_replicates,3.215827500000001,-1.4780034999999996,0,0.0,
complex_all_replicates,3.215827500000001,-1.3043476999999997,0,0.0,
complex_all_replicates,3.215827500000001,-1.1306918999999995,0,0.0,
complex_all_replicates,3.215827500000001,-0.9570360999999996,0,0.0,
complex_all_replicates,3.215827500000001,-0.7833802999999997,0,0.0,
complex_all_replicates,3.215827500000001,-0.6097244999999998,0,0.0,
complex_all_replicates,3.215827500000001,-0.4360686999999996,0,0.0,
complex_all_replicates,3.215827500000001,-0.2624128999999997,0,0.0,
complex_all_replicates,3.215827500000001,-0.0887570999999995,0,0.0,
complex_all_replicates,3.215827500000001,0.0848987000000005,0,0.0,
complex_all_replicates,3.215827500000001,0.2585545000000002,0,0.0,
complex_all_replicates,3.215827500000001,0.4322103000000004,0,0.0,
complex_all_replicates,3.215827500000001,0.6058661000000005,0,0.0,
complex_all_replicates,3.215827500000001,0.7795219000000007,0,0.0,
complex_all_replicates,3.215827500000001,0.9531777000000008,0,0.0,
complex_all_replicates,3.215827500000001,1.1268335000000005,0,0.0,
complex_all_replicates,3.215827500000001,1.3004893000000006,0,0.0,
complex_all_replicates,3.215827500000001,1.4741451000000008,0,0.0,
complex_all_replicates,3.215827500000001,1.647800900000001,0,0.0,
complex_all_replicates,3.215827500000001,1.821456700000001,0,0.0,
complex_all_replicates,3.215827500000001,1.9951125000000007,0,0.0,
complex_all_replicates,3.215827500000001,2.168768300000001,0,0.0,
complex_all_replicates,3.215827500000001,2.342424100000001,0,0.0,
complex_all_replicates,3.215827500000001,2.5160799000000007,0,0.0,
complex_all_replicates,3.215827500000001,2.689735700000001,0,0.0,
complex_all_replicates,3.215827500000001,2.863391500000001,0,0.0,
complex_all_replicates,3.215827500000001,3.0370473000000007,0,0.0,
complex_all_replicates,3.215827500000001,3.210703100000001,0,0.0,
complex_all_replicates,3.215827500000001,3.384358900000001,0,0.0,
complex_all_replicates,3.215827500000001,3.5580147000000006,0,0.0,
complex_all_replicates,3.215827500000001,3.731670500000001,0,0.0,
complex_all_replicates,3.215827500000001,3.905326300000002,0,0.0,
complex_all_replicates,3.215827500000001,4.078982100000001,0,0.0,
complex_all_replicates,3.419772500000001,-4.430152100000001,0,0.0,
complex_all_replicates,3.419772500000001,-4.2564963,0,0.0,
complex_all_replicates,3.419772500000001,-4.0828405,0,0.0,
complex_all_replicates,3.419772500000001,-3.9091847,0,0.0,
complex_all_replicates,3.419772500000001,-3.7355289,0,0.0,
complex_all_replicates,3.419772500000001,-3.5618731,0,0.0,
complex_all_replicates,3.419772500000001,-3.3882173,0,0.0,
complex_all_replicates,3.419772500000001,-3.2145615000000003,0,0.0,
complex_all_replicates,3.419772500000001,-3.0409057,0,0.0,
complex_all_replicates,3.419772500000001,-2.8672499,0,0.0,
complex_all_replicates,3.419772500000001,-2.6935941,0,0.0,
complex_all_replicates,3.419772500000001,-2.5199383,0,0.0,
complex_all_replicates,3.419772500000001,-2.3462825,0,0.0,
complex_all_replicates,3.419772500000001,-2.1726267,0,0.0,
complex_all_replicates,3.419772500000001,-1.9989709,0,0.0,
complex_all_replicates,3.419772500000001,-1.8253151,0,0.0,
complex_all_replicates,3.419772500000001,-1.6516592999999995,0,0.0,
complex_all_replicates,3.419772500000001,-1.4780034999999996,0,0.0,
complex_all_replicates,3.419772500000001,-1.3043476999999997,0,0.0,
complex_all_replicates,3.419772500000001,-1.1306918999999995,0,0.0,
complex_all_replicates,3.419772500000001,-0.9570360999999996,0,0.0,
complex_all_replicates,3.419772500000001,-0.7833802999999997,0,0.0,
complex_all_replicates,3.419772500000001,-0.6097244999999998,0,0.0,
complex_all_replicates,3.419772500000001,-0.4360686999999996,0,0.0,
complex_all_replicates,3.419772500000001,-0.2624128999999997,0,0.0,
complex_all_replicates,3.419772500000001,-0.0887570999999995,0,0.0,
complex_all_replicates,3.419772500000001,0.0848987000000005,0,0.0,
complex_all_replicates,3.419772500000001,0.2585545000000002,0,0.0,
complex_all_replicates,3.419772500000001,0.4322103000000004,0,0.0,
complex_all_replicates,3.419772500000001,0.6058661000000005,0,0.0,
complex_all_replicates,3.419772500000001,0.7795219000000007,0,0.0,
complex_all_replicates,3.419772500000001,0.9531777000000008,0,0.0,
complex_all_replicates,3.419772500000001,1.1268335000000005,0,0.0,
complex_all_replicates,3.419772500000001,1.3004893000000006,0,0.0,
complex_all_replicates,3.419772500000001,1.4741451000000008,0,0.0,
complex_all_replicates,3.419772500000001,1.647800900000001,0,0.0,
complex_all_replicates,3.419772500000001,1.821456700000001,0,0.0,
complex_all_replicates,3.419772500000001,1.9951125000000007,0,0.0,
complex_all_replicates,3.419772500000001,2.168768300000001,0,0.0,
complex_all_replicates,3.419772500000001,2.342424100000001,0,0.0,
complex_all_replicates,3.419772500000001,2.5160799000000007,0,0.0,
complex_all_replicates,3.419772500000001,2.689735700000001,0,0.0,
complex_all_replicates,3.419772500000001,2.863391500000001,0,0.0,
complex_all_replicates,3.419772500000001,3.0370473000000007,0,0.0,
complex_all_replicates,3.419772500000001,3.210703100000001,0,0.0,
complex_all_replicates,3.419772500000001,3.384358900000001,0,0.0,
complex_all_replicates,3.419772500000001,3.5580147000000006,0,0.0,
complex_all_replicates,3.419772500000001,3.731670500000001,0,0.0,
complex_all_replicates,3.419772500000001,3.905326300000002,0,0.0,
complex_all_replicates,3.419772500000001,4.078982100000001,0,0.0,
complex_all_replicates,3.623717500000001,-4.430152100000001,0,0.0,
complex_all_replicates,3.623717500000001,-4.2564963,0,0.0,
complex_all_replicates,3.623717500000001,-4.0828405,0,0.0,
complex_all_replicates,3.623717500000001,-3.9091847,0,0.0,
complex_all_replicates,3.623717500000001,-3.7355289,0,0.0,
complex_all_replicates,3.623717500000001,-3.5618731,0,0.0,
complex_all_replicates,3.623717500000001,-3.3882173,0,0.0,
complex_all_replicates,3.623717500000001,-3.2145615000000003,0,0.0,
complex_all_replicates,3.623717500000001,-3.0409057,0,0.0,
complex_all_replicates,3.623717500000001,-2.8672499,0,0.0,
complex_all_replicates,3.623717500000001,-2.6935941,0,0.0,
complex_all_replicates,3.623717500000001,-2.5199383,0,0.0,
complex_all_replicates,3.623717500000001,-2.3462825,0,0.0,
complex_all_replicates,3.623717500000001,-2.1726267,0,0.0,
complex_all_replicates,3.623717500000001,-1.9989709,0,0.0,
complex_all_replicates,3.623717500000001,-1.8253151,0,0.0,
complex_all_replicates,3.623717500000001,-1.6516592999999995,0,0.0,
complex_all_replicates,3.623717500000001,-1.4780034999999996,0,0.0,
complex_all_replicates,3.623717500000001,-1.3043476999999997,0,0.0,
complex_all_replicates,3.623717500000001,-1.1306918999999995,0,0.0,
complex_all_replicates,3.623717500000001,-0.9570360999999996,0,0.0,
complex_all_replicates,3.623717500000001,-0.7833802999999997,0,0.0,
complex_all_replicates,3.623717500000001,-0.6097244999999998,0,0.0,
complex_all_replicates,3.623717500000001,-0.4360686999999996,0,0.0,
complex_all_replicates,3.623717500000001,-0.2624128999999997,0,0.0,
complex_all_replicates,3.623717500000001,-0.0887570999999995,0,0.0,
complex_all_replicates,3.623717500000001,0.0848987000000005,0,0.0,
complex_all_replicates,3.623717500000001,0.2585545000000002,0,0.0,
complex_all_replicates,3.623717500000001,0.4322103000000004,0,0.0,
complex_all_replicates,3.623717500000001,0.6058661000000005,0,0.0,
complex_all_replicates,3.623717500000001,0.7795219000000007,0,0.0,
complex_all_replicates,3.623717500000001,0.9531777000000008,0,0.0,
complex_all_replicates,3.623717500000001,1.1268335000000005,0,0.0,
complex_all_replicates,3.623717500000001,1.3004893000000006,0,0.0,
complex_all_replicates,3.623717500000001,1.4741451000000008,0,0.0,
complex_all_replicates,3.623717500000001,1.647800900000001,0,0.0,
complex_all_replicates,3.623717500000001,1.821456700000001,0,0.0,
complex_all_replicates,3.623717500000001,1.9951125000000007,0,0.0,
complex_all_replicates,3.623717500000001,2.168768300000001,0,0.0,
complex_all_replicates,3.623717500000001,2.342424100000001,0,0.0,
complex_all_replicates,3.623717500000001,2.5160799000000007,0,0.0,
complex_all_replicates,3.623717500000001,2.689735700000001,0,0.0,
complex_all_replicates,3.623717500000001,2.863391500000001,0,0.0,
complex_all_replicates,3.623717500000001,3.0370473000000007,0,0.0,
complex_all_replicates,3.623717500000001,3.210703100000001,0,0.0,
complex_all_replicates,3.623717500000001,3.384358900000001,0,0.0,
complex_all_replicates,3.623717500000001,3.5580147000000006,0,0.0,
complex_all_replicates,3.623717500000001,3.731670500000001,0,0.0,
complex_all_replicates,3.623717500000001,3.905326300000002,0,0.0,
complex_all_replicates,3.623717500000001,4.078982100000001,0,0.0,
complex_all_replicates,3.827662500000001,-4.430152100000001,0,0.0,
complex_all_replicates,3.827662500000001,-4.2564963,0,0.0,
complex_all_replicates,3.827662500000001,-4.0828405,0,0.0,
complex_all_replicates,3.827662500000001,-3.9091847,0,0.0,
complex_all_replicates,3.827662500000001,-3.7355289,0,0.0,
complex_all_replicates,3.827662500000001,-3.5618731,0,0.0,
complex_all_replicates,3.827662500000001,-3.3882173,0,0.0,
complex_all_replicates,3.827662500000001,-3.2145615000000003,0,0.0,
complex_all_replicates,3.827662500000001,-3.0409057,0,0.0,
complex_all_replicates,3.827662500000001,-2.8672499,0,0.0,
complex_all_replicates,3.827662500000001,-2.6935941,0,0.0,
complex_all_replicates,3.827662500000001,-2.5199383,0,0.0,
complex_all_replicates,3.827662500000001,-2.3462825,0,0.0,
complex_all_replicates,3.827662500000001,-2.1726267,0,0.0,
complex_all_replicates,3.827662500000001,-1.9989709,0,0.0,
complex_all_replicates,3.827662500000001,-1.8253151,0,0.0,
complex_all_replicates,3.827662500000001,-1.6516592999999995,0,0.0,
complex_all_replicates,3.827662500000001,-1.4780034999999996,0,0.0,
complex_all_replicates,3.827662500000001,-1.3043476999999997,0,0.0,
complex_all_replicates,3.827662500000001,-1.1306918999999995,0,0.0,
complex_all_replicates,3.827662500000001,-0.9570360999999996,0,0.0,
complex_all_replicates,3.827662500000001,-0.7833802999999997,0,0.0,
complex_all_replicates,3.827662500000001,-0.6097244999999998,0,0.0,
complex_all_replicates,3.827662500000001,-0.4360686999999996,0,0.0,
complex_all_replicates,3.827662500000001,-0.2624128999999997,0,0.0,
complex_all_replicates,3.827662500000001,-0.0887570999999995,0,0.0,
complex_all_replicates,3.827662500000001,0.0848987000000005,0,0.0,
complex_all_replicates,3.827662500000001,0.2585545000000002,0,0.0,
complex_all_replicates,3.827662500000001,0.4322103000000004,0,0.0,
complex_all_replicates,3.827662500000001,0.6058661000000005,0,0.0,
complex_all_replicates,3.827662500000001,0.7795219000000007,0,0.0,
complex_all_replicates,3.827662500000001,0.9531777000000008,0,0.0,
complex_all_replicates,3.827662500000001,1.1268335000000005,0,0.0,
complex_all_replicates,3.827662500000001,1.3004893000000006,0,0.0,
complex_all_replicates,3.827662500000001,1.4741451000000008,0,0.0,
complex_all_replicates,3.827662500000001,1.647800900000001,0,0.0,
complex_all_replicates,3.827662500000001,1.821456700000001,0,0.0,
complex_all_replicates,3.827662500000001,1.9951125000000007,0,0.0,
complex_all_replicates,3.827662500000001,2.168768300000001,0,0.0,
complex_all_replicates,3.827662500000001,2.342424100000001,0,0.0,
complex_all_replicates,3.827662500000001,2.5160799000000007,0,0.0,
complex_all_replicates,3.827662500000001,2.689735700000001,0,0.0,
complex_all_replicates,3.827662500000001,2.863391500000001,0,0.0,
complex_all_replicates,3.827662500000001,3.0370473000000007,0,0.0,
complex_all_replicates,3.827662500000001,3.210703100000001,0,0.0,
complex_all_replicates,3.827662500000001,3.384358900000001,0,0.0,
complex_all_replicates,3.827662500000001,3.5580147000000006,0,0.0,
complex_all_replicates,3.827662500000001,3.731670500000001,0,0.0,
complex_all_replicates,3.827662500000001,3.905326300000002,0,0.0,
complex_all_replicates,3.827662500000001,4.078982100000001,0,0.0,
complex_all_replicates,4.031607500000001,-4.430152100000001,0,0.0,
complex_all_replicates,4.031607500000001,-4.2564963,0,0.0,
complex_all_replicates,4.031607500000001,-4.0828405,0,0.0,
complex_all_replicates,4.031607500000001,-3.9091847,0,0.0,
complex_all_replicates,4.031607500000001,-3.7355289,0,0.0,
complex_all_replicates,4.031607500000001,-3.5618731,0,0.0,
complex_all_replicates,4.031607500000001,-3.3882173,0,0.0,
complex_all_replicates,4.031607500000001,-3.2145615000000003,0,0.0,
complex_all_replicates,4.031607500000001,-3.0409057,0,0.0,
complex_all_replicates,4.031607500000001,-2.8672499,0,0.0,
complex_all_replicates,4.031607500000001,-2.6935941,0,0.0,
complex_all_replicates,4.031607500000001,-2.5199383,0,0.0,
complex_all_replicates,4.031607500000001,-2.3462825,0,0.0,
complex_all_replicates,4.031607500000001,-2.1726267,0,0.0,
complex_all_replicates,4.031607500000001,-1.9989709,0,0.0,
complex_all_replicates,4.031607500000001,-1.8253151,0,0.0,
complex_all_replicates,4.031607500000001,-1.6516592999999995,0,0.0,
complex_all_replicates,4.031607500000001,-1.4780034999999996,0,0.0,
complex_all_replicates,4.031607500000001,-1.3043476999999997,0,0.0,
complex_all_replicates,4.031607500000001,-1.1306918999999995,0,0.0,
complex_all_replicates,4.031607500000001,-0.9570360999999996,0,0.0,
complex_all_replicates,4.031607500000001,-0.7833802999999997,0,0.0,
complex_all_replicates,4.031607500000001,-0.6097244999999998,0,0.0,
complex_all_replicates,4.031607500000001,-0.4360686999999996,0,0.0,
complex_all_replicates,4.031607500000001,-0.2624128999999997,0,0.0,
complex_all_replicates,4.031607500000001,-0.0887570999999995,0,0.0,
complex_all_replicates,4.031607500000001,0.0848987000000005,0,0.0,
complex_all_replicates,4.031607500000001,0.2585545000000002,0,0.0,
complex_all_replicates,4.031607500000001,0.4322103000000004,0,0.0,
complex_all_replicates,4.031607500000001,0.6058661000000005,0,0.0,
complex_all_replicates,4.031607500000001,0.7795219000000007,0,0.0,
complex_all_replicates,4.031607500000001,0.9531777000000008,0,0.0,
complex_all_replicates,4.031607500000001,1.1268335000000005,0,0.0,
complex_all_replicates,4.031607500000001,1.3004893000000006,0,0.0,
complex_all_replicates,4.031607500000001,1.4741451000000008,0,0.0,
complex_all_replicates,4.031607500000001,1.647800900000001,0,0.0,
complex_all_replicates,4.031607500000001,1.821456700000001,0,0.0,
complex_all_replicates,4.031607500000001,1.9951125000000007,0,0.0,
complex_all_replicates,4.031607500000001,2.168768300000001,0,0.0,
complex_all_replicates,4.031607500000001,2.342424100000001,0,0.0,
complex_all_replicates,4.031607500000001,2.5160799000000007,0,0.0,
complex_all_replicates,4.031607500000001,2.689735700000001,0,0.0,
complex_all_replicates,4.031607500000001,2.863391500000001,0,0.0,
complex_all_replicates,4.031607500000001,3.0370473000000007,0,0.0,
complex_all_replicates,4.031607500000001,3.210703100000001,0,0.0,
complex_all_replicates,4.031607500000001,3.384358900000001,0,0.0,
complex_all_replicates,4.031607500000001,3.5580147000000006,0,0.0,
complex_all_replicates,4.031607500000001,3.731670500000001,0,0.0,
complex_all_replicates,4.031607500000001,3.905326300000002,0,0.0,
complex_all_replicates,4.031607500000001,4.078982100000001,0,0.0,
complex_all_replicates,4.235552500000001,-4.430152100000001,0,0.0,
complex_all_replicates,4.235552500000001,-4.2564963,0,0.0,
complex_all_replicates,4.235552500000001,-4.0828405,0,0.0,
complex_all_replicates,4.235552500000001,-3.9091847,0,0.0,
complex_all_replicates,4.235552500000001,-3.7355289,0,0.0,
complex_all_replicates,4.235552500000001,-3.5618731,0,0.0,
complex_all_replicates,4.235552500000001,-3.3882173,0,0.0,
complex_all_replicates,4.235552500000001,-3.2145615000000003,0,0.0,
complex_all_replicates,4.235552500000001,-3.0409057,0,0.0,
complex_all_replicates,4.235552500000001,-2.8672499,0,0.0,
complex_all_replicates,4.235552500000001,-2.6935941,0,0.0,
complex_all_replicates,4.235552500000001,-2.5199383,0,0.0,
complex_all_replicates,4.235552500000001,-2.3462825,0,0.0,
complex_all_replicates,4.235552500000001,-2.1726267,0,0.0,
complex_all_replicates,4.235552500000001,-1.9989709,0,0.0,
complex_all_replicates,4.235552500000001,-1.8253151,0,0.0,
complex_all_replicates,4.235552500000001,-1.6516592999999995,0,0.0,
complex_all_replicates,4.235552500000001,-1.4780034999999996,0,0.0,
complex_all_replicates,4.235552500000001,-1.3043476999999997,0,0.0,
complex_all_replicates,4.235552500000001,-1.1306918999999995,0,0.0,
complex_all_replicates,4.235552500000001,-0.9570360999999996,0,0.0,
complex_all_replicates,4.235552500000001,-0.7833802999999997,0,0.0,
complex_all_replicates,4.235552500000001,-0.6097244999999998,0,0.0,
complex_all_replicates,4.235552500000001,-0.4360686999999996,0,0.0,
complex_all_replicates,4.235552500000001,-0.2624128999999997,0,0.0,
complex_all_replicates,4.235552500000001,-0.0887570999999995,0,0.0,
complex_all_replicates,4.235552500000001,0.0848987000000005,0,0.0,
complex_all_replicates,4.235552500000001,0.2585545000000002,0,0.0,
complex_all_replicates,4.235552500000001,0.4322103000000004,0,0.0,
complex_all_replicates,4.235552500000001,0.6058661000000005,0,0.0,
complex_all_replicates,4.235552500000001,0.7795219000000007,0,0.0,
complex_all_replicates,4.235552500000001,0.9531777000000008,0,0.0,
complex_all_replicates,4.235552500000001,1.1268335000000005,0,0.0,
complex_all_replicates,4.235552500000001,1.3004893000000006,0,0.0,
complex_all_replicates,4.235552500000001,1.4741451000000008,0,0.0,
complex_all_replicates,4.235552500000001,1.647800900000001,0,0.0,
complex_all_replicates,4.235552500000001,1.821456700000001,0,0.0,
complex_all_replicates,4.235552500000001,1.9951125000000007,0,0.0,
complex_all_replicates,4.235552500000001,2.168768300000001,0,0.0,
complex_all_replicates,4.235552500000001,2.342424100000001,0,0.0,
complex_all_replicates,4.235552500000001,2.5160799000000007,0,0.0,
complex_all_replicates,4.235552500000001,2.689735700000001,0,0.0,
complex_all_replicates,4.235552500000001,2.863391500000001,0,0.0,
complex_all_replicates,4.235552500000001,3.0370473000000007,0,0.0,
complex_all_replicates,4.235552500000001,3.210703100000001,0,0.0,
complex_all_replicates,4.235552500000001,3.384358900000001,0,0.0,
complex_all_replicates,4.235552500000001,3.5580147000000006,0,0.0,
complex_all_replicates,4.235552500000001,3.731670500000001,0,0.0,
complex_all_replicates,4.235552500000001,3.905326300000002,0,0.0,
complex_all_replicates,4.235552500000001,4.078982100000001,0,0.0,
complex_all_replicates,4.439497500000001,-4.430152100000001,0,0.0,
complex_all_replicates,4.439497500000001,-4.2564963,0,0.0,
complex_all_replicates,4.439497500000001,-4.0828405,0,0.0,
complex_all_replicates,4.439497500000001,-3.9091847,0,0.0,
complex_all_replicates,4.439497500000001,-3.7355289,0,0.0,
complex_all_replicates,4.439497500000001,-3.5618731,0,0.0,
complex_all_replicates,4.439497500000001,-3.3882173,0,0.0,
complex_all_replicates,4.439497500000001,-3.2145615000000003,0,0.0,
complex_all_replicates,4.439497500000001,-3.0409057,0,0.0,
complex_all_replicates,4.439497500000001,-2.8672499,0,0.0,
complex_all_replicates,4.439497500000001,-2.6935941,0,0.0,
complex_all_replicates,4.439497500000001,-2.5199383,0,0.0,
complex_all_replicates,4.439497500000001,-2.3462825,0,0.0,
complex_all_replicates,4.439497500000001,-2.1726267,0,0.0,
complex_all_replicates,4.439497500000001,-1.9989709,0,0.0,
complex_all_replicates,4.439497500000001,-1.8253151,0,0.0,
complex_all_replicates,4.439497500000001,-1.6516592999999995,0,0.0,
complex_all_replicates,4.439497500000001,-1.4780034999999996,0,0.0,
complex_all_replicates,4.439497500000001,-1.3043476999999997,0,0.0,
complex_all_replicates,4.439497500000001,-1.1306918999999995,0,0.0,
complex_all_replicates,4.439497500000001,-0.9570360999999996,0,0.0,
complex_all_replicates,4.439497500000001,-0.7833802999999997,0,0.0,
complex_all_replicates,4.439497500000001,-0.6097244999999998,0,0.0,
complex_all_replicates,4.439497500000001,-0.4360686999999996,0,0.0,
complex_all_replicates,4.439497500000001,-0.2624128999999997,0,0.0,
complex_all_replicates,4.439497500000001,-0.0887570999999995,0,0.0,
complex_all_replicates,4.439497500000001,0.0848987000000005,0,0.0,
complex_all_replicates,4.439497500000001,0.2585545000000002,0,0.0,
complex_all_replicates,4.439497500000001,0.4322103000000004,0,0.0,
complex_all_replicates,4.439497500000001,0.6058661000000005,0,0.0,
complex_all_replicates,4.439497500000001,0.7795219000000007,0,0.0,
complex_all_replicates,4.439497500000001,0.9531777000000008,0,0.0,
complex_all_replicates,4.439497500000001,1.1268335000000005,0,0.0,
complex_all_replicates,4.439497500000001,1.3004893000000006,0,0.0,
complex_all_replicates,4.439497500000001,1.4741451000000008,0,0.0,
complex_all_replicates,4.439497500000001,1.647800900000001,0,0.0,
complex_all_replicates,4.439497500000001,1.821456700000001,0,0.0,
complex_all_replicates,4.439497500000001,1.9951125000000007,0,0.0,
complex_all_replicates,4.439497500000001,2.168768300000001,0,0.0,
complex_all_replicates,4.439497500000001,2.342424100000001,0,0.0,
complex_all_replicates,4.439497500000001,2.5160799000000007,0,0.0,
complex_all_replicates,4.439497500000001,2.689735700000001,0,0.0,
complex_all_replicates,4.439497500000001,2.863391500000001,0,0.0,
complex_all_replicates,4.439497500000001,3.0370473000000007,0,0.0,
complex_all_replicates,4.439497500000001,3.210703100000001,0,0.0,
complex_all_replicates,4.439497500000001,3.384358900000001,0,0.0,
complex_all_replicates,4.439497500000001,3.5580147000000006,0,0.0,
complex_all_replicates,4.439497500000001,3.731670500000001,0,0.0,
complex_all_replicates,4.439497500000001,3.905326300000002,0,0.0,
complex_all_replicates,4.439497500000001,4.078982100000001,0,0.0,
complex_all_replicates,4.643442500000001,-4.430152100000001,0,0.0,
complex_all_replicates,4.643442500000001,-4.2564963,0,0.0,
complex_all_replicates,4.643442500000001,-4.0828405,0,0.0,
complex_all_replicates,4.643442500000001,-3.9091847,0,0.0,
complex_all_replicates,4.643442500000001,-3.7355289,0,0.0,
complex_all_replicates,4.643442500000001,-3.5618731,0,0.0,
complex_all_replicates,4.643442500000001,-3.3882173,0,0.0,
complex_all_replicates,4.643442500000001,-3.2145615000000003,0,0.0,
complex_all_replicates,4.643442500000001,-3.0409057,0,0.0,
complex_all_replicates,4.643442500000001,-2.8672499,0,0.0,
complex_all_replicates,4.643442500000001,-2.6935941,0,0.0,
complex_all_replicates,4.643442500000001,-2.5199383,0,0.0,
complex_all_replicates,4.643442500000001,-2.3462825,0,0.0,
complex_all_replicates,4.643442500000001,-2.1726267,0,0.0,
complex_all_replicates,4.643442500000001,-1.9989709,0,0.0,
complex_all_replicates,4.643442500000001,-1.8253151,0,0.0,
complex_all_replicates,4.643442500000001,-1.6516592999999995,0,0.0,
complex_all_replicates,4.643442500000001,-1.4780034999999996,0,0.0,
complex_all_replicates,4.643442500000001,-1.3043476999999997,0,0.0,
complex_all_replicates,4.643442500000001,-1.1306918999999995,0,0.0,
complex_all_replicates,4.643442500000001,-0.9570360999999996,0,0.0,
complex_all_replicates,4.643442500000001,-0.7833802999999997,0,0.0,
complex_all_replicates,4.643442500000001,-0.6097244999999998,0,0.0,
complex_all_replicates,4.643442500000001,-0.4360686999999996,0,0.0,
complex_all_replicates,4.643442500000001,-0.2624128999999997,0,0.0,
complex_all_replicates,4.643442500000001,-0.0887570999999995,0,0.0,
complex_all_replicates,4.643442500000001,0.0848987000000005,0,0.0,
complex_all_replicates,4.643442500000001,0.2585545000000002,0,0.0,
complex_all_replicates,4.643442500000001,0.4322103000000004,0,0.0,
complex_all_replicates,4.643442500000001,0.6058661000000005,0,0.0,
complex_all_replicates,4.643442500000001,0.7795219000000007,0,0.0,
complex_all_replicates,4.643442500000001,0.9531777000000008,0,0.0,
complex_all_replicates,4.643442500000001,1.1268335000000005,0,0.0,
complex_all_replicates,4.643442500000001,1.3004893000000006,0,0.0,
complex_all_replicates,4.643442500000001,1.4741451000000008,0,0.0,
complex_all_replicates,4.643442500000001,1.647800900000001,0,0.0,
complex_all_replicates,4.643442500000001,1.821456700000001,0,0.0,
complex_all_replicates,4.643442500000001,1.9951125000000007,0,0.0,
complex_all_replicates,4.643442500000001,2.168768300000001,0,0.0,
complex_all_replicates,4.643442500000001,2.342424100000001,0,0.0,
complex_all_replicates,4.643442500000001,2.5160799000000007,0,0.0,
complex_all_replicates,4.643442500000001,2.689735700000001,0,0.0,
complex_all_replicates,4.643442500000001,2.863391500000001,0,0.0,
complex_all_replicates,4.643442500000001,3.0370473000000007,0,0.0,
complex_all_replicates,4.643442500000001,3.210703100000001,0,0.0,
complex_all_replicates,4.643442500000001,3.384358900000001,0,0.0,
complex_all_replicates,4.643442500000001,3.5580147000000006,0,0.0,
complex_all_replicates,4.643442500000001,3.731670500000001,0,0.0,
complex_all_replicates,4.643442500000001,3.905326300000002,0,0.0,
complex_all_replicates,4.643442500000001,4.078982100000001,0,0.0,
complex_all_replicates,4.847387500000001,-4.430152100000001,0,0.0,
complex_all_replicates,4.847387500000001,-4.2564963,0,0.0,
complex_all_replicates,4.847387500000001,-4.0828405,0,0.0,
complex_all_replicates,4.847387500000001,-3.9091847,0,0.0,
complex_all_replicates,4.847387500000001,-3.7355289,0,0.0,
complex_all_replicates,4.847387500000001,-3.5618731,0,0.0,
complex_all_replicates,4.847387500000001,-3.3882173,0,0.0,
complex_all_replicates,4.847387500000001,-3.2145615000000003,0,0.0,
complex_all_replicates,4.847387500000001,-3.0409057,0,0.0,
complex_all_replicates,4.847387500000001,-2.8672499,0,0.0,
complex_all_replicates,4.847387500000001,-2.6935941,0,0.0,
complex_all_replicates,4.847387500000001,-2.5199383,0,0.0,
complex_all_replicates,4.847387500000001,-2.3462825,0,0.0,
complex_all_replicates,4.847387500000001,-2.1726267,0,0.0,
complex_all_replicates,4.847387500000001,-1.9989709,0,0.0,
complex_all_replicates,4.847387500000001,-1.8253151,0,0.0,
complex_all_replicates,4.847387500000001,-1.6516592999999995,0,0.0,
complex_all_replicates,4.847387500000001,-1.4780034999999996,0,0.0,
complex_all_replicates,4.847387500000001,-1.3043476999999997,0,0.0,
complex_all_replicates,4.847387500000001,-1.1306918999999995,0,0.0,
complex_all_replicates,4.847387500000001,-0.9570360999999996,0,0.0,
complex_all_replicates,4.847387500000001,-0.7833802999999997,0,0.0,
complex_all_replicates,4.847387500000001,-0.6097244999999998,0,0.0,
complex_all_replicates,4.847387500000001,-0.4360686999999996,0,0.0,
complex_all_replicates,4.847387500000001,-0.2624128999999997,0,0.0,
complex_all_replicates,4.847387500000001,-0.0887570999999995,0,0.0,
complex_all_replicates,4.847387500000001,0.0848987000000005,0,0.0,
complex_all_replicates,4.847387500000001,0.2585545000000002,0,0.0,
complex_all_replicates,4.847387500000001,0.4322103000000004,0,0.0,
complex_all_replicates,4.847387500000001,0.6058661000000005,0,0.0,
complex_all_replicates,4.847387500000001,0.7795219000000007,0,0.0,
complex_all_replicates,4.847387500000001,0.9531777000000008,0,0.0,
complex_all_replicates,4.847387500000001,1.1268335000000005,0,0.0,
complex_all_replicates,4.847387500000001,1.3004893000000006,0,0.0,
complex_all_replicates,4.847387500000001,1.4741451000000008,0,0.0,
complex_all_replicates,4.847387500000001,1.647800900000001,0,0.0,
complex_all_replicates,4.847387500000001,1.821456700000001,0,0.0,
complex_all_replicates,4.847387500000001,1.9951125000000007,0,0.0,
complex_all_replicates,4.847387500000001,2.168768300000001,0,0.0,
complex_all_replicates,4.847387500000001,2.342424100000001,0,0.0,
complex_all_replicates,4.847387500000001,2.5160799000000007,0,0.0,
complex_all_replicates,4.847387500000001,2.689735700000001,0,0.0,
complex_all_replicates,4.847387500000001,2.863391500000001,0,0.0,
complex_all_replicates,4.847387500000001,3.0370473000000007,0,0.0,
complex_all_replicates,4.847387500000001,3.210703100000001,0,0.0,
complex_all_replicates,4.847387500000001,3.384358900000001,0,0.0,
complex_all_replicates,4.847387500000001,3.5580147000000006,0,0.0,
complex_all_replicates,4.847387500000001,3.731670500000001,0,0.0,
complex_all_replicates,4.847387500000001,3.905326300000002,0,0.0,
complex_all_replicates,4.847387500000001,4.078982100000001,0,0.0,
complex_all_replicates,5.051332500000001,-4.430152100000001,0,0.0,
complex_all_replicates,5.051332500000001,-4.2564963,0,0.0,
complex_all_replicates,5.051332500000001,-4.0828405,0,0.0,
complex_all_replicates,5.051332500000001,-3.9091847,0,0.0,
complex_all_replicates,5.051332500000001,-3.7355289,0,0.0,
complex_all_replicates,5.051332500000001,-3.5618731,0,0.0,
complex_all_replicates,5.051332500000001,-3.3882173,0,0.0,
complex_all_replicates,5.051332500000001,-3.2145615000000003,0,0.0,
complex_all_replicates,5.051332500000001,-3.0409057,0,0.0,
complex_all_replicates,5.051332500000001,-2.8672499,0,0.0,
complex_all_replicates,5.051332500000001,-2.6935941,0,0.0,
complex_all_replicates,5.051332500000001,-2.5199383,0,0.0,
complex_all_replicates,5.051332500000001,-2.3462825,0,0.0,
complex_all_replicates,5.051332500000001,-2.1726267,0,0.0,
complex_all_replicates,5.051332500000001,-1.9989709,0,0.0,
complex_all_replicates,5.051332500000001,-1.8253151,0,0.0,
complex_all_replicates,5.051332500000001,-1.6516592999999995,0,0.0,
complex_all_replicates,5.051332500000001,-1.4780034999999996,0,0.0,
complex_all_replicates,5.051332500000001,-1.3043476999999997,0,0.0,
complex_all_replicates,5.051332500000001,-1.1306918999999995,0,0.0,
complex_all_replicates,5.051332500000001,-0.9570360999999996,0,0.0,
complex_all_replicates,5.051332500000001,-0.7833802999999997,0,0.0,
complex_all_replicates,5.051332500000001,-0.6097244999999998,0,0.0,
complex_all_replicates,5.051332500000001,-0.4360686999999996,0,0.0,
complex_all_replicates,5.051332500000001,-0.2624128999999997,0,0.0,
complex_all_replicates,5.051332500000001,-0.0887570999999995,0,0.0,
complex_all_replicates,5.051332500000001,0.0848987000000005,0,0.0,
complex_all_replicates,5.051332500000001,0.2585545000000002,0,0.0,
complex_all_replicates,5.051332500000001,0.4322103000000004,0,0.0,
complex_all_replicates,5.051332500000001,0.6058661000000005,0,0.0,
complex_all_replicates,5.051332500000001,0.7795219000000007,0,0.0,
complex_all_replicates,5.051332500000001,0.9531777000000008,0,0.0,
complex_all_replicates,5.051332500000001,1.1268335000000005,0,0.0,
complex_all_replicates,5.051332500000001,1.3004893000000006,0,0.0,
complex_all_replicates,5.051332500000001,1.4741451000000008,0,0.0,
complex_all_replicates,5.051332500000001,1.647800900000001,0,0.0,
complex_all_replicates,5.051332500000001,1.821456700000001,0,0.0,
complex_all_replicates,5.051332500000001,1.9951125000000007,0,0.0,
complex_all_replicates,5.051332500000001,2.168768300000001,0,0.0,
complex_all_replicates,5.051332500000001,2.342424100000001,0,0.0,
complex_all_replicates,5.051332500000001,2.5160799000000007,0,0.0,
complex_all_replicates,5.051332500000001,2.689735700000001,0,0.0,
complex_all_replicates,5.051332500000001,2.863391500000001,0,0.0,
complex_all_replicates,5.051332500000001,3.0370473000000007,0,0.0,
complex_all_replicates,5.051332500000001,3.210703100000001,0,0.0,
complex_all_replicates,5.051332500000001,3.384358900000001,0,0.0,
complex_all_replicates,5.051332500000001,3.5580147000000006,0,0.0,
complex_all_replicates,5.051332500000001,3.731670500000001,0,0.0,
complex_all_replicates,5.051332500000001,3.905326300000002,0,0.0,
complex_all_replicates,5.051332500000001,4.078982100000001,0,0.0,
complex_all_replicates,5.255277500000001,-4.430152100000001,0,0.0,
complex_all_replicates,5.255277500000001,-4.2564963,0,0.0,
complex_all_replicates,5.255277500000001,-4.0828405,0,0.0,
complex_all_replicates,5.255277500000001,-3.9091847,0,0.0,
complex_all_replicates,5.255277500000001,-3.7355289,0,0.0,
complex_all_replicates,5.255277500000001,-3.5618731,0,0.0,
complex_all_replicates,5.255277500000001,-3.3882173,0,0.0,
complex_all_replicates,5.255277500000001,-3.2145615000000003,0,0.0,
complex_all_replicates,5.255277500000001,-3.0409057,0,0.0,
complex_all_replicates,5.255277500000001,-2.8672499,0,0.0,
complex_all_replicates,5.255277500000001,-2.6935941,0,0.0,
complex_all_replicates,5.255277500000001,-2.5199383,0,0.0,
complex_all_replicates,5.255277500000001,-2.3462825,0,0.0,
complex_all_replicates,5.255277500000001,-2.1726267,0,0.0,
complex_all_replicates,5.255277500000001,-1.9989709,0,0.0,
complex_all_replicates,5.255277500000001,-1.8253151,0,0.0,
complex_all_replicates,5.255277500000001,-1.6516592999999995,0,0.0,
complex_all_replicates,5.255277500000001,-1.4780034999999996,0,0.0,
complex_all_replicates,5.255277500000001,-1.3043476999999997,0,0.0,
complex_all_replicates,5.255277500000001,-1.1306918999999995,0,0.0,
complex_all_replicates,5.255277500000001,-0.9570360999999996,0,0.0,
complex_all_replicates,5.255277500000001,-0.7833802999999997,0,0.0,
complex_all_replicates,5.255277500000001,-0.6097244999999998,0,0.0,
complex_all_replicates,5.255277500000001,-0.4360686999999996,0,0.0,
complex_all_replicates,5.255277500000001,-0.2624128999999997,0,0.0,
complex_all_replicates,5.255277500000001,-0.0887570999999995,0,0.0,
complex_all_replicates,5.255277500000001,0.0848987000000005,0,0.0,
complex_all_replicates,5.255277500000001,0.2585545000000002,0,0.0,
complex_all_replicates,5.255277500000001,0.4322103000000004,0,0.0,
complex_all_replicates,5.255277500000001,0.6058661000000005,0,0.0,
complex_all_replicates,5.255277500000001,0.7795219000000007,0,0.0,
complex_all_replicates,5.255277500000001,0.9531777000000008,0,0.0,
complex_all_replicates,5.255277500000001,1.1268335000000005,0,0.0,
complex_all_replicates,5.255277500000001,1.3004893000000006,0,0.0,
complex_all_replicates,5.255277500000001,1.4741451000000008,0,0.0,
complex_all_replicates,5.255277500000001,1.647800900000001,0,0.0,
complex_all_replicates,5.255277500000001,1.821456700000001,0,0.0,
complex_all_replicates,5.255277500000001,1.9951125000000007,0,0.0,
complex_all_replicates,5.255277500000001,2.168768300000001,0,0.0,
complex_all_replicates,5.255277500000001,2.342424100000001,0,0.0,
complex_all_replicates,5.255277500000001,2.5160799000000007,0,0.0,
complex_all_replicates,5.255277500000001,2.689735700000001,0,0.0,
complex_all_replicates,5.255277500000001,2.863391500000001,0,0.0,
complex_all_replicates,5.255277500000001,3.0370473000000007,0,0.0,
complex_all_replicates,5.255277500000001,3.210703100000001,0,0.0,
complex_all_replicates,5.255277500000001,3.384358900000001,0,0.0,
complex_all_replicates,5.255277500000001,3.5580147000000006,0,0.0,
complex_all_replicates,5.255277500000001,3.731670500000001,0,0.0,
complex_all_replicates,5.255277500000001,3.905326300000002,0,0.0,
complex_all_replicates,5.255277500000001,4.078982100000001,0,0.0,
complex_all_replicates,5.459222500000001,-4.430152100000001,0,0.0,
complex_all_replicates,5.459222500000001,-4.2564963,0,0.0,
complex_all_replicates,5.459222500000001,-4.0828405,0,0.0,
complex_all_replicates,5.459222500000001,-3.9091847,0,0.0,
complex_all_replicates,5.459222500000001,-3.7355289,0,0.0,
complex_all_replicates,5.459222500000001,-3.5618731,0,0.0,
complex_all_replicates,5.459222500000001,-3.3882173,0,0.0,
complex_all_replicates,5.459222500000001,-3.2145615000000003,0,0.0,
complex_all_replicates,5.459222500000001,-3.0409057,0,0.0,
complex_all_replicates,5.459222500000001,-2.8672499,0,0.0,
complex_all_replicates,5.459222500000001,-2.6935941,0,0.0,
complex_all_replicates,5.459222500000001,-2.5199383,0,0.0,
complex_all_replicates,5.459222500000001,-2.3462825,0,0.0,
complex_all_replicates,5.459222500000001,-2.1726267,0,0.0,
complex_all_replicates,5.459222500000001,-1.9989709,0,0.0,
complex_all_replicates,5.459222500000001,-1.8253151,0,0.0,
complex_all_replicates,5.459222500000001,-1.6516592999999995,0,0.0,
complex_all_replicates,5.459222500000001,-1.4780034999999996,0,0.0,
complex_all_replicates,5.459222500000001,-1.3043476999999997,0,0.0,
complex_all_replicates,5.459222500000001,-1.1306918999999995,0,0.0,
complex_all_replicates,5.459222500000001,-0.9570360999999996,0,0.0,
complex_all_replicates,5.459222500000001,-0.7833802999999997,0,0.0,
complex_all_replicates,5.459222500000001,-0.6097244999999998,0,0.0,
complex_all_replicates,5.459222500000001,-0.4360686999999996,0,0.0,
complex_all_replicates,5.459222500000001,-0.2624128999999997,0,0.0,
complex_all_replicates,5.459222500000001,-0.0887570999999995,0,0.0,
complex_all_replicates,5.459222500000001,0.0848987000000005,0,0.0,
complex_all_replicates,5.459222500000001,0.2585545000000002,0,0.0,
complex_all_replicates,5.459222500000001,0.4322103000000004,0,0.0,
complex_all_replicates,5.459222500000001,0.6058661000000005,0,0.0,
complex_all_replicates,5.459222500000001,0.7795219000000007,0,0.0,
complex_all_replicates,5.459222500000001,0.9531777000000008,0,0.0,
complex_all_replicates,5.459222500000001,1.1268335000000005,0,0.0,
complex_all_replicates,5.459222500000001,1.3004893000000006,0,0.0,
complex_all_replicates,5.459222500000001,1.4741451000000008,0,0.0,
complex_all_replicates,5.459222500000001,1.647800900000001,0,0.0,
complex_all_replicates,5.459222500000001,1.821456700000001,0,0.0,
complex_all_replicates,5.459222500000001,1.9951125000000007,0,0.0,
complex_all_replicates,5.459222500000001,2.168768300000001,0,0.0,
complex_all_replicates,5.459222500000001,2.342424100000001,0,0.0,
complex_all_replicates,5.459222500000001,2.5160799000000007,0,0.0,
complex_all_replicates,5.459222500000001,2.689735700000001,0,0.0,
complex_all_replicates,5.459222500000001,2.863391500000001,0,0.0,
complex_all_replicates,5.459222500000001,3.0370473000000007,0,0.0,
complex_all_replicates,5.459222500000001,3.210703100000001,0,0.0,
complex_all_replicates,5.459222500000001,3.384358900000001,0,0.0,
complex_all_replicates,5.459222500000001,3.5580147000000006,0,0.0,
complex_all_replicates,5.459222500000001,3.731670500000001,0,0.0,
complex_all_replicates,5.459222500000001,3.905326300000002,0,0.0,
complex_all_replicates,5.459222500000001,4.078982100000001,0,0.0,
complex_all_replicates,5.663167500000001,-4.430152100000001,0,0.0,
complex_all_replicates,5.663167500000001,-4.2564963,0,0.0,
complex_all_replicates,5.663167500000001,-4.0828405,0,0.0,
complex_all_replicates,5.663167500000001,-3.9091847,0,0.0,
complex_all_replicates,5.663167500000001,-3.7355289,0,0.0,
complex_all_replicates,5.663167500000001,-3.5618731,0,0.0,
complex_all_replicates,5.663167500000001,-3.3882173,0,0.0,
complex_all_replicates,5.663167500000001,-3.2145615000000003,0,0.0,
complex_all_replicates,5.663167500000001,-3.0409057,0,0.0,
complex_all_replicates,5.663167500000001,-2.8672499,0,0.0,
complex_all_replicates,5.663167500000001,-2.6935941,0,0.0,
complex_all_replicates,5.663167500000001,-2.5199383,0,0.0,
complex_all_replicates,5.663167500000001,-2.3462825,0,0.0,
complex_all_replicates,5.663167500000001,-2.1726267,0,0.0,
complex_all_replicates,5.663167500000001,-1.9989709,0,0.0,
complex_all_replicates,5.663167500000001,-1.8253151,0,0.0,
complex_all_replicates,5.663167500000001,-1.6516592999999995,0,0.0,
complex_all_replicates,5.663167500000001,-1.4780034999999996,0,0.0,
complex_all_replicates,5.663167500000001,-1.3043476999999997,0,0.0,
complex_all_replicates,5.663167500000001,-1.1306918999999995,0,0.0,
complex_all_replicates,5.663167500000001,-0.9570360999999996,0,0.0,
complex_all_replicates,5.663167500000001,-0.7833802999999997,0,0.0,
complex_all_replicates,5.663167500000001,-0.6097244999999998,0,0.0,
complex_all_replicates,5.663167500000001,-0.4360686999999996,0,0.0,
complex_all_replicates,5.663167500000001,-0.2624128999999997,0,0.0,
complex_all_replicates,5.663167500000001,-0.0887570999999995,0,0.0,
complex_all_replicates,5.663167500000001,0.0848987000000005,0,0.0,
complex_all_replicates,5.663167500000001,0.2585545000000002,0,0.0,
complex_all_replicates,5.663167500000001,0.4322103000000004,0,0.0,
complex_all_replicates,5.663167500000001,0.6058661000000005,0,0.0,
complex_all_replicates,5.663167500000001,0.7795219000000007,0,0.0,
complex_all_replicates,5.663167500000001,0.9531777000000008,0,0.0,
complex_all_replicates,5.663167500000001,1.1268335000000005,0,0.0,
complex_all_replicates,5.663167500000001,1.3004893000000006,0,0.0,
complex_all_replicates,5.663167500000001,1.4741451000000008,0,0.0,
complex_all_replicates,5.663167500000001,1.647800900000001,0,0.0,
complex_all_replicates,5.663167500000001,1.821456700000001,0,0.0,
complex_all_replicates,5.663167500000001,1.9951125000000007,0,0.0,
complex_all_replicates,5.663167500000001,2.168768300000001,0,0.0,
complex_all_replicates,5.663167500000001,2.342424100000001,0,0.0,
complex_all_replicates,5.663167500000001,2.5160799000000007,0,0.0,
complex_all_replicates,5.663167500000001,2.689735700000001,0,0.0,
complex_all_replicates,5.663167500000001,2.863391500000001,0,0.0,
complex_all_replicates,5.663167500000001,3.0370473000000007,0,0.0,
complex_all_replicates,5.663167500000001,3.210703100000001,0,0.0,
complex_all_replicates,5.663167500000001,3.384358900000001,0,0.0,
complex_all_replicates,5.663167500000001,3.5580147000000006,0,0.0,
complex_all_replicates,5.663167500000001,3.731670500000001,0,0.0,
complex_all_replicates,5.663167500000001,3.905326300000002,0,0.0,
complex_all_replicates,5.663167500000001,4.078982100000001,0,0.0,
complex_all_replicates,5.867112500000001,-4.430152100000001,0,0.0,
complex_all_replicates,5.867112500000001,-4.2564963,0,0.0,
complex_all_replicates,5.867112500000001,-4.0828405,0,0.0,
complex_all_replicates,5.867112500000001,-3.9091847,0,0.0,
complex_all_replicates,5.867112500000001,-3.7355289,0,0.0,
complex_all_replicates,5.867112500000001,-3.5618731,0,0.0,
complex_all_replicates,5.867112500000001,-3.3882173,0,0.0,
complex_all_replicates,5.867112500000001,-3.2145615000000003,0,0.0,
complex_all_replicates,5.867112500000001,-3.0409057,0,0.0,
complex_all_replicates,5.867112500000001,-2.8672499,0,0.0,
complex_all_replicates,5.867112500000001,-2.6935941,0,0.0,
complex_all_replicates,5.867112500000001,-2.5199383,0,0.0,
complex_all_replicates,5.867112500000001,-2.3462825,0,0.0,
complex_all_replicates,5.867112500000001,-2.1726267,0,0.0,
complex_all_replicates,5.867112500000001,-1.9989709,0,0.0,
complex_all_replicates,5.867112500000001,-1.8253151,0,0.0,
complex_all_replicates,5.867112500000001,-1.6516592999999995,0,0.0,
complex_all_replicates,5.867112500000001,-1.4780034999999996,0,0.0,
complex_all_replicates,5.867112500000001,-1.3043476999999997,0,0.0,
complex_all_replicates,5.867112500000001,-1.1306918999999995,0,0.0,
complex_all_replicates,5.867112500000001,-0.9570360999999996,0,0.0,
complex_all_replicates,5.867112500000001,-0.7833802999999997,0,0.0,
complex_all_replicates,5.867112500000001,-0.6097244999999998,0,0.0,
complex_all_replicates,5.867112500000001,-0.4360686999999996,0,0.0,
complex_all_replicates,5.867112500000001,-0.2624128999999997,0,0.0,
complex_all_replicates,5.867112500000001,-0.0887570999999995,0,0.0,
complex_all_replicates,5.867112500000001,0.0848987000000005,0,0.0,
complex_all_replicates,5.867112500000001,0.2585545000000002,0,0.0,
complex_all_replicates,5.867112500000001,0.4322103000000004,0,0.0,
complex_all_replicates,5.867112500000001,0.6058661000000005,0,0.0,
complex_all_replicates,5.867112500000001,0.7795219000000007,0,0.0,
complex_all_replicates,5.867112500000001,0.9531777000000008,0,0.0,
complex_all_replicates,5.867112500000001,1.1268335000000005,0,0.0,
complex_all_replicates,5.867112500000001,1.3004893000000006,0,0.0,
complex_all_replicates,5.867112500000001,1.4741451000000008,0,0.0,
complex_all_replicates,5.867112500000001,1.647800900000001,0,0.0,
complex_all_replicates,5.867112500000001,1.821456700000001,0,0.0,
complex_all_replicates,5.867112500000001,1.9951125000000007,0,0.0,
complex_all_replicates,5.867112500000001,2.168768300000001,0,0.0,
complex_all_replicates,5.867112500000001,2.342424100000001,0,0.0,
complex_all_replicates,5.867112500000001,2.5160799000000007,0,0.0,
complex_all_replicates,5.867112500000001,2.689735700000001,0,0.0,
complex_all_replicates,5.867112500000001,2.863391500000001,0,0.0,
complex_all_replicates,5.867112500000001,3.0370473000000007,0,0.0,
complex_all_replicates,5.867112500000001,3.210703100000001,0,0.0,
complex_all_replicates,5.867112500000001,3.384358900000001,0,0.0,
complex_all_replicates,5.867112500000001,3.5580147000000006,0,0.0,
complex_all_replicates,5.867112500000001,3.731670500000001,0,0.0,
complex_all_replicates,5.867112500000001,3.905326300000002,0,0.0,
complex_all_replicates,5.867112500000001,4.078982100000001,0,0.0,
complex_all_replicates,6.0710575,-4.430152100000001,0,0.0,
complex_all_replicates,6.0710575,-4.2564963,0,0.0,
complex_all_replicates,6.0710575,-4.0828405,0,0.0,
complex_all_replicates,6.0710575,-3.9091847,0,0.0,
complex_all_replicates,6.0710575,-3.7355289,0,0.0,
complex_all_replicates,6.0710575,-3.5618731,0,0.0,
complex_all_replicates,6.0710575,-3.3882173,0,0.0,
complex_all_replicates,6.0710575,-3.2145615000000003,0,0.0,
complex_all_replicates,6.0710575,-3.0409057,0,0.0,
complex_all_replicates,6.0710575,-2.8672499,0,0.0,
complex_all_replicates,6.0710575,-2.6935941,0,0.0,
complex_all_replicates,6.0710575,-2.5199383,0,0.0,
complex_all_replicates,6.0710575,-2.3462825,0,0.0,
complex_all_replicates,6.0710575,-2.1726267,0,0.0,
complex_all_replicates,6.0710575,-1.9989709,0,0.0,
complex_all_replicates,6.0710575,-1.8253151,0,0.0,
complex_all_replicates,6.0710575,-1.6516592999999995,0,0.0,
complex_all_replicates,6.0710575,-1.4780034999999996,0,0.0,
complex_all_replicates,6.0710575,-1.3043476999999997,0,0.0,
complex_all_replicates,6.0710575,-1.1306918999999995,0,0.0,
complex_all_replicates,6.0710575,-0.9570360999999996,0,0.0,
complex_all_replicates,6.0710575,-0.7833802999999997,0,0.0,
complex_all_replicates,6.0710575,-0.6097244999999998,0,0.0,
complex_all_replicates,6.0710575,-0.4360686999999996,0,0.0,
complex_all_replicates,6.0710575,-0.2624128999999997,0,0.0,
complex_all_replicates,6.0710575,-0.0887570999999995,0,0.0,
complex_all_replicates,6.0710575,0.0848987000000005,0,0.0,
complex_all_replicates,6.0710575,0.2585545000000002,0,0.0,
complex_all_replicates,6.0710575,0.4322103000000004,0,0.0,
complex_all_replicates,6.0710575,0.6058661000000005,0,0.0,
complex_all_replicates,6.0710575,0.7795219000000007,0,0.0,
complex_all_replicates,6.0710575,0.9531777000000008,0,0.0,
complex_all_replicates,6.0710575,1.1268335000000005,0,0.0,
complex_all_replicates,6.0710575,1.3004893000000006,0,0.0,
complex_all_replicates,6.0710575,1.4741451000000008,0,0.0,
complex_all_replicates,6.0710575,1.647800900000001,0,0.0,
complex_all_replicates,6.0710575,1.821456700000001,0,0.0,
complex_all_replicates,6.0710575,1.9951125000000007,0,0.0,
complex_all_replicates,6.0710575,2.168768300000001,0,0.0,
complex_all_replicates,6.0710575,2.342424100000001,0,0.0,
complex_all_replicates,6.0710575,2.5160799000000007,0,0.0,
complex_all_replicates,6.0710575,2.689735700000001,0,0.0,
complex_all_replicates,6.0710575,2.863391500000001,0,0.0,
complex_all_replicates,6.0710575,3.0370473000000007,0,0.0,
complex_all_replicates,6.0710575,3.210703100000001,0,0.0,
complex_all_replicates,6.0710575,3.384358900000001,0,0.0,
complex_all_replicates,6.0710575,3.5580147000000006,0,0.0,
complex_all_replicates,6.0710575,3.731670500000001,0,0.0,
complex_all_replicates,6.0710575,3.905326300000002,0,0.0,
complex_all_replicates,6.0710575,4.078982100000001,0,0.0,
apo_all_replicates,-3.9222475,-4.430152100000001,0,0.0,
apo_all_replicates,-3.9222475,-4.2564963,0,0.0,
apo_all_replicates,-3.9222475,-4.0828405,0,0.0,
apo_all_replicates,-3.9222475,-3.9091847,0,0.0,
apo_all_replicates,-3.9222475,-3.7355289,0,0.0,
apo_all_replicates,-3.9222475,-3.5618731,0,0.0,
apo_all_replicates,-3.9222475,-3.3882173,0,0.0,
apo_all_replicates,-3.9222475,-3.2145615000000003,0,0.0,
apo_all_replicates,-3.9222475,-3.0409057,0,0.0,
apo_all_replicates,-3.9222475,-2.8672499,0,0.0,
apo_all_replicates,-3.9222475,-2.6935941,0,0.0,
apo_all_replicates,-3.9222475,-2.5199383,0,0.0,
apo_all_replicates,-3.9222475,-2.3462825,0,0.0,
apo_all_replicates,-3.9222475,-2.1726267,0,0.0,
apo_all_replicates,-3.9222475,-1.9989709,0,0.0,
apo_all_replicates,-3.9222475,-1.8253151,0,0.0,
apo_all_replicates,-3.9222475,-1.6516592999999995,0,0.0,
apo_all_replicates,-3.9222475,-1.4780034999999996,0,0.0,
apo_all_replicates,-3.9222475,-1.3043476999999997,0,0.0,
apo_all_replicates,-3.9222475,-1.1306918999999995,0,0.0,
apo_all_replicates,-3.9222475,-0.9570360999999996,0,0.0,
apo_all_replicates,-3.9222475,-0.7833802999999997,0,0.0,
apo_all_replicates,-3.9222475,-0.6097244999999998,0,0.0,
apo_all_replicates,-3.9222475,-0.4360686999999996,0,0.0,
apo_all_replicates,-3.9222475,-0.2624128999999997,0,0.0,
apo_all_replicates,-3.9222475,-0.0887570999999995,0,0.0,
apo_all_replicates,-3.9222475,0.0848987000000005,0,0.0,
apo_all_replicates,-3.9222475,0.2585545000000002,0,0.0,
apo_all_replicates,-3.9222475,0.4322103000000004,0,0.0,
apo_all_replicates,-3.9222475,0.6058661000000005,0,0.0,
apo_all_replicates,-3.9222475,0.7795219000000007,0,0.0,
apo_all_replicates,-3.9222475,0.9531777000000008,0,0.0,
apo_all_replicates,-3.9222475,1.1268335000000005,0,0.0,
apo_all_replicates,-3.9222475,1.3004893000000006,0,0.0,
apo_all_replicates,-3.9222475,1.4741451000000008,0,0.0,
apo_all_replicates,-3.9222475,1.647800900000001,0,0.0,
apo_all_replicates,-3.9222475,1.821456700000001,0,0.0,
apo_all_replicates,-3.9222475,1.9951125000000007,0,0.0,
apo_all_replicates,-3.9222475,2.168768300000001,0,0.0,
apo_all_replicates,-3.9222475,2.342424100000001,0,0.0,
apo_all_replicates,-3.9222475,2.5160799000000007,0,0.0,
apo_all_replicates,-3.9222475,2.689735700000001,0,0.0,
apo_all_replicates,-3.9222475,2.863391500000001,0,0.0,
apo_all_replicates,-3.9222475,3.0370473000000007,0,0.0,
apo_all_replicates,-3.9222475,3.210703100000001,0,0.0,
apo_all_replicates,-3.9222475,3.384358900000001,0,0.0,
apo_all_replicates,-3.9222475,3.5580147000000006,0,0.0,
apo_all_replicates,-3.9222475,3.731670500000001,0,0.0,
apo_all_replicates,-3.9222475,3.905326300000002,0,0.0,
apo_all_replicates,-3.9222475,4.078982100000001,0,0.0,
apo_all_replicates,-3.7183025,-4.430152100000001,0,0.0,
apo_all_replicates,-3.7183025,-4.2564963,0,0.0,
apo_all_replicates,-3.7183025,-4.0828405,0,0.0,
apo_all_replicates,-3.7183025,-3.9091847,0,0.0,
apo_all_replicates,-3.7183025,-3.7355289,0,0.0,
apo_all_replicates,-3.7183025,-3.5618731,0,0.0,
apo_all_replicates,-3.7183025,-3.3882173,0,0.0,
apo_all_replicates,-3.7183025,-3.2145615000000003,0,0.0,
apo_all_replicates,-3.7183025,-3.0409057,0,0.0,
apo_all_replicates,-3.7183025,-2.8672499,0,0.0,
apo_all_replicates,-3.7183025,-2.6935941,0,0.0,
apo_all_replicates,-3.7183025,-2.5199383,0,0.0,
apo_all_replicates,-3.7183025,-2.3462825,0,0.0,
apo_all_replicates,-3.7183025,-2.1726267,0,0.0,
apo_all_replicates,-3.7183025,-1.9989709,0,0.0,
apo_all_replicates,-3.7183025,-1.8253151,0,0.0,
apo_all_replicates,-3.7183025,-1.6516592999999995,0,0.0,
apo_all_replicates,-3.7183025,-1.4780034999999996,0,0.0,
apo_all_replicates,-3.7183025,-1.3043476999999997,0,0.0,
apo_all_replicates,-3.7183025,-1.1306918999999995,0,0.0,
apo_all_replicates,-3.7183025,-0.9570360999999996,0,0.0,
apo_all_replicates,-3.7183025,-0.7833802999999997,0,0.0,
apo_all_replicates,-3.7183025,-0.6097244999999998,0,0.0,
apo_all_replicates,-3.7183025,-0.4360686999999996,0,0.0,
apo_all_replicates,-3.7183025,-0.2624128999999997,0,0.0,
apo_all_replicates,-3.7183025,-0.0887570999999995,0,0.0,
apo_all_replicates,-3.7183025,0.0848987000000005,0,0.0,
apo_all_replicates,-3.7183025,0.2585545000000002,0,0.0,
apo_all_replicates,-3.7183025,0.4322103000000004,0,0.0,
apo_all_replicates,-3.7183025,0.6058661000000005,0,0.0,
apo_all_replicates,-3.7183025,0.7795219000000007,0,0.0,
apo_all_replicates,-3.7183025,0.9531777000000008,0,0.0,
apo_all_replicates,-3.7183025,1.1268335000000005,0,0.0,
apo_all_replicates,-3.7183025,1.3004893000000006,0,0.0,
apo_all_replicates,-3.7183025,1.4741451000000008,0,0.0,
apo_all_replicates,-3.7183025,1.647800900000001,0,0.0,
apo_all_replicates,-3.7183025,1.821456700000001,0,0.0,
apo_all_replicates,-3.7183025,1.9951125000000007,0,0.0,
apo_all_replicates,-3.7183025,2.168768300000001,0,0.0,
apo_all_replicates,-3.7183025,2.342424100000001,0,0.0,
apo_all_replicates,-3.7183025,2.5160799000000007,0,0.0,
apo_all_replicates,-3.7183025,2.689735700000001,0,0.0,
apo_all_replicates,-3.7183025,2.863391500000001,0,0.0,
apo_all_replicates,-3.7183025,3.0370473000000007,0,0.0,
apo_all_replicates,-3.7183025,3.210703100000001,0,0.0,
apo_all_replicates,-3.7183025,3.384358900000001,0,0.0,
apo_all_replicates,-3.7183025,3.5580147000000006,0,0.0,
apo_all_replicates,-3.7183025,3.731670500000001,0,0.0,
apo_all_replicates,-3.7183025,3.905326300000002,0,0.0,
apo_all_replicates,-3.7183025,4.078982100000001,0,0.0,
apo_all_replicates,-3.5143575,-4.430152100000001,0,0.0,
apo_all_replicates,-3.5143575,-4.2564963,0,0.0,
apo_all_replicates,-3.5143575,-4.0828405,0,0.0,
apo_all_replicates,-3.5143575,-3.9091847,0,0.0,
apo_all_replicates,-3.5143575,-3.7355289,0,0.0,
apo_all_replicates,-3.5143575,-3.5618731,0,0.0,
apo_all_replicates,-3.5143575,-3.3882173,0,0.0,
apo_all_replicates,-3.5143575,-3.2145615000000003,0,0.0,
apo_all_replicates,-3.5143575,-3.0409057,0,0.0,
apo_all_replicates,-3.5143575,-2.8672499,0,0.0,
apo_all_replicates,-3.5143575,-2.6935941,0,0.0,
apo_all_replicates,-3.5143575,-2.5199383,0,0.0,
apo_all_replicates,-3.5143575,-2.3462825,0,0.0,
apo_all_replicates,-3.5143575,-2.1726267,0,0.0,
apo_all_replicates,-3.5143575,-1.9989709,0,0.0,
apo_all_replicates,-3.5143575,-1.8253151,0,0.0,
apo_all_replicates,-3.5143575,-1.6516592999999995,0,0.0,
apo_all_replicates,-3.5143575,-1.4780034999999996,0,0.0,
apo_all_replicates,-3.5143575,-1.3043476999999997,0,0.0,
apo_all_replicates,-3.5143575,-1.1306918999999995,0,0.0,
apo_all_replicates,-3.5143575,-0.9570360999999996,0,0.0,
apo_all_replicates,-3.5143575,-0.7833802999999997,0,0.0,
apo_all_replicates,-3.5143575,-0.6097244999999998,0,0.0,
apo_all_replicates,-3.5143575,-0.4360686999999996,0,0.0,
apo_all_replicates,-3.5143575,-0.2624128999999997,0,0.0,
apo_all_replicates,-3.5143575,-0.0887570999999995,0,0.0,
apo_all_replicates,-3.5143575,0.0848987000000005,0,0.0,
apo_all_replicates,-3.5143575,0.2585545000000002,0,0.0,
apo_all_replicates,-3.5143575,0.4322103000000004,0,0.0,
apo_all_replicates,-3.5143575,0.6058661000000005,0,0.0,
apo_all_replicates,-3.5143575,0.7795219000000007,0,0.0,
apo_all_replicates,-3.5143575,0.9531777000000008,0,0.0,
apo_all_replicates,-3.5143575,1.1268335000000005,0,0.0,
apo_all_replicates,-3.5143575,1.3004893000000006,0,0.0,
apo_all_replicates,-3.5143575,1.4741451000000008,0,0.0,
apo_all_replicates,-3.5143575,1.647800900000001,0,0.0,
apo_all_replicates,-3.5143575,1.821456700000001,0,0.0,
apo_all_replicates,-3.5143575,1.9951125000000007,0,0.0,
apo_all_replicates,-3.5143575,2.168768300000001,0,0.0,
apo_all_replicates,-3.5143575,2.342424100000001,0,0.0,
apo_all_replicates,-3.5143575,2.5160799000000007,0,0.0,
apo_all_replicates,-3.5143575,2.689735700000001,0,0.0,
apo_all_replicates,-3.5143575,2.863391500000001,0,0.0,
apo_all_replicates,-3.5143575,3.0370473000000007,0,0.0,
apo_all_replicates,-3.5143575,3.210703100000001,0,0.0,
apo_all_replicates,-3.5143575,3.384358900000001,0,0.0,
apo_all_replicates,-3.5143575,3.5580147000000006,0,0.0,
apo_all_replicates,-3.5143575,3.731670500000001,0,0.0,
apo_all_replicates,-3.5143575,3.905326300000002,0,0.0,
apo_all_replicates,-3.5143575,4.078982100000001,0,0.0,
apo_all_replicates,-3.3104124999999995,-4.430152100000001,0,0.0,
apo_all_replicates,-3.3104124999999995,-4.2564963,0,0.0,
apo_all_replicates,-3.3104124999999995,-4.0828405,0,0.0,
apo_all_replicates,-3.3104124999999995,-3.9091847,0,0.0,
apo_all_replicates,-3.3104124999999995,-3.7355289,0,0.0,
apo_all_replicates,-3.3104124999999995,-3.5618731,0,0.0,
apo_all_replicates,-3.3104124999999995,-3.3882173,0,0.0,
apo_all_replicates,-3.3104124999999995,-3.2145615000000003,0,0.0,
apo_all_replicates,-3.3104124999999995,-3.0409057,0,0.0,
apo_all_replicates,-3.3104124999999995,-2.8672499,0,0.0,
apo_all_replicates,-3.3104124999999995,-2.6935941,0,0.0,
apo_all_replicates,-3.3104124999999995,-2.5199383,0,0.0,
apo_all_replicates,-3.3104124999999995,-2.3462825,0,0.0,
apo_all_replicates,-3.3104124999999995,-2.1726267,0,0.0,
apo_all_replicates,-3.3104124999999995,-1.9989709,0,0.0,
apo_all_replicates,-3.3104124999999995,-1.8253151,0,0.0,
apo_all_replicates,-3.3104124999999995,-1.6516592999999995,0,0.0,
apo_all_replicates,-3.3104124999999995,-1.4780034999999996,0,0.0,
apo_all_replicates,-3.3104124999999995,-1.3043476999999997,0,0.0,
apo_all_replicates,-3.3104124999999995,-1.1306918999999995,0,0.0,
apo_all_replicates,-3.3104124999999995,-0.9570360999999996,0,0.0,
apo_all_replicates,-3.3104124999999995,-0.7833802999999997,0,0.0,
apo_all_replicates,-3.3104124999999995,-0.6097244999999998,0,0.0,
apo_all_replicates,-3.3104124999999995,-0.4360686999999996,0,0.0,
apo_all_replicates,-3.3104124999999995,-0.2624128999999997,0,0.0,
apo_all_replicates,-3.3104124999999995,-0.0887570999999995,0,0.0,
apo_all_replicates,-3.3104124999999995,0.0848987000000005,0,0.0,
apo_all_replicates,-3.3104124999999995,0.2585545000000002,0,0.0,
apo_all_replicates,-3.3104124999999995,0.4322103000000004,0,0.0,
apo_all_replicates,-3.3104124999999995,0.6058661000000005,0,0.0,
apo_all_replicates,-3.3104124999999995,0.7795219000000007,0,0.0,
apo_all_replicates,-3.3104124999999995,0.9531777000000008,0,0.0,
apo_all_replicates,-3.3104124999999995,1.1268335000000005,0,0.0,
apo_all_replicates,-3.3104124999999995,1.3004893000000006,0,0.0,
apo_all_replicates,-3.3104124999999995,1.4741451000000008,0,0.0,
apo_all_replicates,-3.3104124999999995,1.647800900000001,0,0.0,
apo_all_replicates,-3.3104124999999995,1.821456700000001,0,0.0,
apo_all_replicates,-3.3104124999999995,1.9951125000000007,0,0.0,
apo_all_replicates,-3.3104124999999995,2.168768300000001,0,0.0,
apo_all_replicates,-3.3104124999999995,2.342424100000001,0,0.0,
apo_all_replicates,-3.3104124999999995,2.5160799000000007,0,0.0,
apo_all_replicates,-3.3104124999999995,2.689735700000001,0,0.0,
apo_all_replicates,-3.3104124999999995,2.863391500000001,0,0.0,
apo_all_replicates,-3.3104124999999995,3.0370473000000007,0,0.0,
apo_all_replicates,-3.3104124999999995,3.210703100000001,0,0.0,
apo_all_replicates,-3.3104124999999995,3.384358900000001,0,0.0,
apo_all_replicates,-3.3104124999999995,3.5580147000000006,0,0.0,
apo_all_replicates,-3.3104124999999995,3.731670500000001,0,0.0,
apo_all_replicates,-3.3104124999999995,3.905326300000002,0,0.0,
apo_all_replicates,-3.3104124999999995,4.078982100000001,0,0.0,
apo_all_replicates,-3.1064674999999995,-4.430152100000001,0,0.0,
apo_all_replicates,-3.1064674999999995,-4.2564963,0,0.0,
apo_all_replicates,-3.1064674999999995,-4.0828405,0,0.0,
apo_all_replicates,-3.1064674999999995,-3.9091847,0,0.0,
apo_all_replicates,-3.1064674999999995,-3.7355289,0,0.0,
apo_all_replicates,-3.1064674999999995,-3.5618731,0,0.0,
apo_all_replicates,-3.1064674999999995,-3.3882173,0,0.0,
apo_all_replicates,-3.1064674999999995,-3.2145615000000003,0,0.0,
apo_all_replicates,-3.1064674999999995,-3.0409057,0,0.0,
apo_all_replicates,-3.1064674999999995,-2.8672499,0,0.0,
apo_all_replicates,-3.1064674999999995,-2.6935941,0,0.0,
apo_all_replicates,-3.1064674999999995,-2.5199383,0,0.0,
apo_all_replicates,-3.1064674999999995,-2.3462825,0,0.0,
apo_all_replicates,-3.1064674999999995,-2.1726267,0,0.0,
apo_all_replicates,-3.1064674999999995,-1.9989709,0,0.0,
apo_all_replicates,-3.1064674999999995,-1.8253151,0,0.0,
apo_all_replicates,-3.1064674999999995,-1.6516592999999995,0,0.0,
apo_all_replicates,-3.1064674999999995,-1.4780034999999996,0,0.0,
apo_all_replicates,-3.1064674999999995,-1.3043476999999997,0,0.0,
apo_all_replicates,-3.1064674999999995,-1.1306918999999995,0,0.0,
apo_all_replicates,-3.1064674999999995,-0.9570360999999996,0,0.0,
apo_all_replicates,-3.1064674999999995,-0.7833802999999997,0,0.0,
apo_all_replicates,-3.1064674999999995,-0.6097244999999998,0,0.0,
apo_all_replicates,-3.1064674999999995,-0.4360686999999996,0,0.0,
apo_all_replicates,-3.1064674999999995,-0.2624128999999997,0,0.0,
apo_all_replicates,-3.1064674999999995,-0.0887570999999995,0,0.0,
apo_all_replicates,-3.1064674999999995,0.0848987000000005,0,0.0,
apo_all_replicates,-3.1064674999999995,0.2585545000000002,0,0.0,
apo_all_replicates,-3.1064674999999995,0.4322103000000004,0,0.0,
apo_all_replicates,-3.1064674999999995,0.6058661000000005,0,0.0,
apo_all_replicates,-3.1064674999999995,0.7795219000000007,0,0.0,
apo_all_replicates,-3.1064674999999995,0.9531777000000008,0,0.0,
apo_all_replicates,-3.1064674999999995,1.1268335000000005,0,0.0,
apo_all_replicates,-3.1064674999999995,1.3004893000000006,0,0.0,
apo_all_replicates,-3.1064674999999995,1.4741451000000008,0,0.0,
apo_all_replicates,-3.1064674999999995,1.647800900000001,0,0.0,
apo_all_replicates,-3.1064674999999995,1.821456700000001,0,0.0,
apo_all_replicates,-3.1064674999999995,1.9951125000000007,0,0.0,
apo_all_replicates,-3.1064674999999995,2.168768300000001,0,0.0,
apo_all_replicates,-3.1064674999999995,2.342424100000001,0,0.0,
apo_all_replicates,-3.1064674999999995,2.5160799000000007,0,0.0,
apo_all_replicates,-3.1064674999999995,2.689735700000001,0,0.0,
apo_all_replicates,-3.1064674999999995,2.863391500000001,0,0.0,
apo_all_replicates,-3.1064674999999995,3.0370473000000007,0,0.0,
apo_all_replicates,-3.1064674999999995,3.210703100000001,0,0.0,
apo_all_replicates,-3.1064674999999995,3.384358900000001,0,0.0,
apo_all_replicates,-3.1064674999999995,3.5580147000000006,0,0.0,
apo_all_replicates,-3.1064674999999995,3.731670500000001,0,0.0,
apo_all_replicates,-3.1064674999999995,3.905326300000002,0,0.0,
apo_all_replicates,-3.1064674999999995,4.078982100000001,0,0.0,
apo_all_replicates,-2.9025224999999995,-4.430152100000001,0,0.0,
apo_all_replicates,-2.9025224999999995,-4.2564963,0,0.0,
apo_all_replicates,-2.9025224999999995,-4.0828405,0,0.0,
apo_all_replicates,-2.9025224999999995,-3.9091847,0,0.0,
apo_all_replicates,-2.9025224999999995,-3.7355289,0,0.0,
apo_all_replicates,-2.9025224999999995,-3.5618731,0,0.0,
apo_all_replicates,-2.9025224999999995,-3.3882173,0,0.0,
apo_all_replicates,-2.9025224999999995,-3.2145615000000003,0,0.0,
apo_all_replicates,-2.9025224999999995,-3.0409057,0,0.0,
apo_all_replicates,-2.9025224999999995,-2.8672499,0,0.0,
apo_all_replicates,-2.9025224999999995,-2.6935941,0,0.0,
apo_all_replicates,-2.9025224999999995,-2.5199383,0,0.0,
apo_all_replicates,-2.9025224999999995,-2.3462825,0,0.0,
apo_all_replicates,-2.9025224999999995,-2.1726267,0,0.0,
apo_all_replicates,-2.9025224999999995,-1.9989709,0,0.0,
apo_all_replicates,-2.9025224999999995,-1.8253151,0,0.0,
apo_all_replicates,-2.9025224999999995,-1.6516592999999995,0,0.0,
apo_all_replicates,-2.9025224999999995,-1.4780034999999996,0,0.0,
apo_all_replicates,-2.9025224999999995,-1.3043476999999997,0,0.0,
apo_all_replicates,-2.9025224999999995,-1.1306918999999995,0,0.0,
apo_all_replicates,-2.9025224999999995,-0.9570360999999996,0,0.0,
apo_all_replicates,-2.9025224999999995,-0.7833802999999997,0,0.0,
apo_all_replicates,-2.9025224999999995,-0.6097244999999998,0,0.0,
apo_all_replicates,-2.9025224999999995,-0.4360686999999996,1,0.0004161464835622,9.855740457825776
apo_all_replicates,-2.9025224999999995,-0.2624128999999997,0,0.0,
apo_all_replicates,-2.9025224999999995,-0.0887570999999995,2,0.0008322929671244,8.126796561364449
apo_all_replicates,-2.9025224999999995,0.0848987000000005,0,0.0,
apo_all_replicates,-2.9025224999999995,0.2585545000000002,0,0.0,
apo_all_replicates,-2.9025224999999995,0.4322103000000004,0,0.0,
apo_all_replicates,-2.9025224999999995,0.6058661000000005,0,0.0,
apo_all_replicates,-2.9025224999999995,0.7795219000000007,0,0.0,
apo_all_replicates,-2.9025224999999995,0.9531777000000008,0,0.0,
apo_all_replicates,-2.9025224999999995,1.1268335000000005,0,0.0,
apo_all_replicates,-2.9025224999999995,1.3004893000000006,0,0.0,
apo_all_replicates,-2.9025224999999995,1.4741451000000008,0,0.0,
apo_all_replicates,-2.9025224999999995,1.647800900000001,0,0.0,
apo_all_replicates,-2.9025224999999995,1.821456700000001,0,0.0,
apo_all_replicates,-2.9025224999999995,1.9951125000000007,0,0.0,
apo_all_replicates,-2.9025224999999995,2.168768300000001,0,0.0,
apo_all_replicates,-2.9025224999999995,2.342424100000001,0,0.0,
apo_all_replicates,-2.9025224999999995,2.5160799000000007,0,0.0,
apo_all_replicates,-2.9025224999999995,2.689735700000001,0,0.0,
apo_all_replicates,-2.9025224999999995,2.863391500000001,0,0.0,
apo_all_replicates,-2.9025224999999995,3.0370473000000007,0,0.0,
apo_all_replicates,-2.9025224999999995,3.210703100000001,0,0.0,
apo_all_replicates,-2.9025224999999995,3.384358900000001,0,0.0,
apo_all_replicates,-2.9025224999999995,3.5580147000000006,0,0.0,
apo_all_replicates,-2.9025224999999995,3.731670500000001,0,0.0,
apo_all_replicates,-2.9025224999999995,3.905326300000002,0,0.0,
apo_all_replicates,-2.9025224999999995,4.078982100000001,0,0.0,
apo_all_replicates,-2.6985774999999994,-4.430152100000001,0,0.0,
apo_all_replicates,-2.6985774999999994,-4.2564963,0,0.0,
apo_all_replicates,-2.6985774999999994,-4.0828405,0,0.0,
apo_all_replicates,-2.6985774999999994,-3.9091847,0,0.0,
apo_all_replicates,-2.6985774999999994,-3.7355289,0,0.0,
apo_all_replicates,-2.6985774999999994,-3.5618731,0,0.0,
apo_all_replicates,-2.6985774999999994,-3.3882173,0,0.0,
apo_all_replicates,-2.6985774999999994,-3.2145615000000003,0,0.0,
apo_all_replicates,-2.6985774999999994,-3.0409057,0,0.0,
apo_all_replicates,-2.6985774999999994,-2.8672499,0,0.0,
apo_all_replicates,-2.6985774999999994,-2.6935941,0,0.0,
apo_all_replicates,-2.6985774999999994,-2.5199383,0,0.0,
apo_all_replicates,-2.6985774999999994,-2.3462825,0,0.0,
apo_all_replicates,-2.6985774999999994,-2.1726267,0,0.0,
apo_all_replicates,-2.6985774999999994,-1.9989709,0,0.0,
apo_all_replicates,-2.6985774999999994,-1.8253151,0,0.0,
apo_all_replicates,-2.6985774999999994,-1.6516592999999995,0,0.0,
apo_all_replicates,-2.6985774999999994,-1.4780034999999996,0,0.0,
apo_all_replicates,-2.6985774999999994,-1.3043476999999997,0,0.0,
apo_all_replicates,-2.6985774999999994,-1.1306918999999995,0,0.0,
apo_all_replicates,-2.6985774999999994,-0.9570360999999996,0,0.0,
apo_all_replicates,-2.6985774999999994,-0.7833802999999997,0,0.0,
apo_all_replicates,-2.6985774999999994,-0.6097244999999998,0,0.0,
apo_all_replicates,-2.6985774999999994,-0.4360686999999996,0,0.0,
apo_all_replicates,-2.6985774999999994,-0.2624128999999997,0,0.0,
apo_all_replicates,-2.6985774999999994,-0.0887570999999995,3,0.0012484394506866,7.11542921608385
apo_all_replicates,-2.6985774999999994,0.0848987000000005,2,0.0008322929671244,8.126796561364449
apo_all_replicates,-2.6985774999999994,0.2585545000000002,3,0.0012484394506866,7.11542921608385
apo_all_replicates,-2.6985774999999994,0.4322103000000004,1,0.0004161464835622,9.855740457825776
apo_all_replicates,-2.6985774999999994,0.6058661000000005,2,0.0008322929671244,8.126796561364449
apo_all_replicates,-2.6985774999999994,0.7795219000000007,0,0.0,
apo_all_replicates,-2.6985774999999994,0.9531777000000008,0,0.0,
apo_all_replicates,-2.6985774999999994,1.1268335000000005,0,0.0,
apo_all_replicates,-2.6985774999999994,1.3004893000000006,0,0.0,
apo_all_replicates,-2.6985774999999994,1.4741451000000008,0,0.0,
apo_all_replicates,-2.6985774999999994,1.647800900000001,0,0.0,
apo_all_replicates,-2.6985774999999994,1.821456700000001,0,0.0,
apo_all_replicates,-2.6985774999999994,1.9951125000000007,0,0.0,
apo_all_replicates,-2.6985774999999994,2.168768300000001,0,0.0,
apo_all_replicates,-2.6985774999999994,2.342424100000001,0,0.0,
apo_all_replicates,-2.6985774999999994,2.5160799000000007,0,0.0,
apo_all_replicates,-2.6985774999999994,2.689735700000001,0,0.0,
apo_all_replicates,-2.6985774999999994,2.863391500000001,0,0.0,
apo_all_replicates,-2.6985774999999994,3.0370473000000007,0,0.0,
apo_all_replicates,-2.6985774999999994,3.210703100000001,0,0.0,
apo_all_replicates,-2.6985774999999994,3.384358900000001,0,0.0,
apo_all_replicates,-2.6985774999999994,3.5580147000000006,0,0.0,
apo_all_replicates,-2.6985774999999994,3.731670500000001,0,0.0,
apo_all_replicates,-2.6985774999999994,3.905326300000002,0,0.0,
apo_all_replicates,-2.6985774999999994,4.078982100000001,0,0.0,
apo_all_replicates,-2.4946325,-4.430152100000001,0,0.0,
apo_all_replicates,-2.4946325,-4.2564963,0,0.0,
apo_all_replicates,-2.4946325,-4.0828405,0,0.0,
apo_all_replicates,-2.4946325,-3.9091847,0,0.0,
apo_all_replicates,-2.4946325,-3.7355289,0,0.0,
apo_all_replicates,-2.4946325,-3.5618731,0,0.0,
apo_all_replicates,-2.4946325,-3.3882173,0,0.0,
apo_all_replicates,-2.4946325,-3.2145615000000003,0,0.0,
apo_all_replicates,-2.4946325,-3.0409057,0,0.0,
apo_all_replicates,-2.4946325,-2.8672499,0,0.0,
apo_all_replicates,-2.4946325,-2.6935941,0,0.0,
apo_all_replicates,-2.4946325,-2.5199383,0,0.0,
apo_all_replicates,-2.4946325,-2.3462825,0,0.0,
apo_all_replicates,-2.4946325,-2.1726267,0,0.0,
apo_all_replicates,-2.4946325,-1.9989709,0,0.0,
apo_all_replicates,-2.4946325,-1.8253151,0,0.0,
apo_all_replicates,-2.4946325,-1.6516592999999995,0,0.0,
apo_all_replicates,-2.4946325,-1.4780034999999996,0,0.0,
apo_all_replicates,-2.4946325,-1.3043476999999997,0,0.0,
apo_all_replicates,-2.4946325,-1.1306918999999995,0,0.0,
apo_all_replicates,-2.4946325,-0.9570360999999996,0,0.0,
apo_all_replicates,-2.4946325,-0.7833802999999997,0,0.0,
apo_all_replicates,-2.4946325,-0.6097244999999998,0,0.0,
apo_all_replicates,-2.4946325,-0.4360686999999996,2,0.0008322929671244,8.126796561364449
apo_all_replicates,-2.4946325,-0.2624128999999997,2,0.0008322929671244,8.126796561364449
apo_all_replicates,-2.4946325,-0.0887570999999995,5,0.002080732417811,5.841257050148192
apo_all_replicates,-2.4946325,0.0848987000000005,5,0.002080732417811,5.841257050148192
apo_all_replicates,-2.4946325,0.2585545000000002,13,0.0054099042863087,3.457887792922657
apo_all_replicates,-2.4946325,0.4322103000000004,9,0.0037453183520599,4.375117974341923
apo_all_replicates,-2.4946325,0.6058661000000005,0,0.0,
apo_all_replicates,-2.4946325,0.7795219000000007,0,0.0,
apo_all_replicates,-2.4946325,0.9531777000000008,0,0.0,
apo_all_replicates,-2.4946325,1.1268335000000005,0,0.0,
apo_all_replicates,-2.4946325,1.3004893000000006,0,0.0,
apo_all_replicates,-2.4946325,1.4741451000000008,0,0.0,
apo_all_replicates,-2.4946325,1.647800900000001,0,0.0,
apo_all_replicates,-2.4946325,1.821456700000001,0,0.0,
apo_all_replicates,-2.4946325,1.9951125000000007,0,0.0,
apo_all_replicates,-2.4946325,2.168768300000001,0,0.0,
apo_all_replicates,-2.4946325,2.342424100000001,0,0.0,
apo_all_replicates,-2.4946325,2.5160799000000007,0,0.0,
apo_all_replicates,-2.4946325,2.689735700000001,0,0.0,
apo_all_replicates,-2.4946325,2.863391500000001,0,0.0,
apo_all_replicates,-2.4946325,3.0370473000000007,0,0.0,
apo_all_replicates,-2.4946325,3.210703100000001,0,0.0,
apo_all_replicates,-2.4946325,3.384358900000001,0,0.0,
apo_all_replicates,-2.4946325,3.5580147000000006,0,0.0,
apo_all_replicates,-2.4946325,3.731670500000001,0,0.0,
apo_all_replicates,-2.4946325,3.905326300000002,0,0.0,
apo_all_replicates,-2.4946325,4.078982100000001,0,0.0,
apo_all_replicates,-2.2906874999999998,-4.430152100000001,0,0.0,
apo_all_replicates,-2.2906874999999998,-4.2564963,0,0.0,
apo_all_replicates,-2.2906874999999998,-4.0828405,0,0.0,
apo_all_replicates,-2.2906874999999998,-3.9091847,0,0.0,
apo_all_replicates,-2.2906874999999998,-3.7355289,0,0.0,
apo_all_replicates,-2.2906874999999998,-3.5618731,0,0.0,
apo_all_replicates,-2.2906874999999998,-3.3882173,0,0.0,
apo_all_replicates,-2.2906874999999998,-3.2145615000000003,0,0.0,
apo_all_replicates,-2.2906874999999998,-3.0409057,0,0.0,
apo_all_replicates,-2.2906874999999998,-2.8672499,0,0.0,
apo_all_replicates,-2.2906874999999998,-2.6935941,0,0.0,
apo_all_replicates,-2.2906874999999998,-2.5199383,0,0.0,
apo_all_replicates,-2.2906874999999998,-2.3462825,0,0.0,
apo_all_replicates,-2.2906874999999998,-2.1726267,0,0.0,
apo_all_replicates,-2.2906874999999998,-1.9989709,0,0.0,
apo_all_replicates,-2.2906874999999998,-1.8253151,0,0.0,
apo_all_replicates,-2.2906874999999998,-1.6516592999999995,0,0.0,
apo_all_replicates,-2.2906874999999998,-1.4780034999999996,0,0.0,
apo_all_replicates,-2.2906874999999998,-1.3043476999999997,0,0.0,
apo_all_replicates,-2.2906874999999998,-1.1306918999999995,0,0.0,
apo_all_replicates,-2.2906874999999998,-0.9570360999999996,1,0.0004161464835622,9.855740457825776
apo_all_replicates,-2.2906874999999998,-0.7833802999999997,0,0.0,
apo_all_replicates,-2.2906874999999998,-0.6097244999999998,1,0.0004161464835622,9.855740457825776
apo_all_replicates,-2.2906874999999998,-0.4360686999999996,0,0.0,
apo_all_replicates,-2.2906874999999998,-0.2624128999999997,4,0.0016645859342488,6.39785266490312
apo_all_replicates,-2.2906874999999998,-0.0887570999999995,5,0.002080732417811,5.841257050148192
apo_all_replicates,-2.2906874999999998,0.0848987000000005,11,0.0045776113191843,3.874577275557488
apo_all_replicates,-2.2906874999999998,0.2585545000000002,9,0.0037453183520599,4.375117974341923
apo_all_replicates,-2.2906874999999998,0.4322103000000004,6,0.0024968789013732,5.386485319622521
apo_all_replicates,-2.2906874999999998,0.6058661000000005,1,0.0004161464835622,9.855740457825776
apo_all_replicates,-2.2906874999999998,0.7795219000000007,1,0.0004161464835622,9.855740457825776
apo_all_replicates,-2.2906874999999998,0.9531777000000008,0,0.0,
apo_all_replicates,-2.2906874999999998,1.1268335000000005,0,0.0,
apo_all_replicates,-2.2906874999999998,1.3004893000000006,0,0.0,
apo_all_replicates,-2.2906874999999998,1.4741451000000008,0,0.0,
apo_all_replicates,-2.2906874999999998,1.647800900000001,0,0.0,
apo_all_replicates,-2.2906874999999998,1.821456700000001,0,0.0,
apo_all_replicates,-2.2906874999999998,1.9951125000000007,0,0.0,
apo_all_replicates,-2.2906874999999998,2.168768300000001,0,0.0,
apo_all_replicates,-2.2906874999999998,2.342424100000001,0,0.0,
apo_all_replicates,-2.2906874999999998,2.5160799000000007,0,0.0,
apo_all_replicates,-2.2906874999999998,2.689735700000001,0,0.0,
apo_all_replicates,-2.2906874999999998,2.863391500000001,0,0.0,
apo_all_replicates,-2.2906874999999998,3.0370473000000007,0,0.0,
apo_all_replicates,-2.2906874999999998,3.210703100000001,0,0.0,
apo_all_replicates,-2.2906874999999998,3.384358900000001,0,0.0,
apo_all_replicates,-2.2906874999999998,3.5580147000000006,0,0.0,
apo_all_replicates,-2.2906874999999998,3.731670500000001,0,0.0,
apo_all_replicates,-2.2906874999999998,3.905326300000002,0,0.0,
apo_all_replicates,-2.2906874999999998,4.078982100000001,0,0.0,
apo_all_replicates,-2.0867425,-4.430152100000001,0,0.0,
apo_all_replicates,-2.0867425,-4.2564963,0,0.0,
apo_all_replicates,-2.0867425,-4.0828405,0,0.0,
apo_all_replicates,-2.0867425,-3.9091847,0,0.0,
apo_all_replicates,-2.0867425,-3.7355289,0,0.0,
apo_all_replicates,-2.0867425,-3.5618731,0,0.0,
apo_all_replicates,-2.0867425,-3.3882173,0,0.0,
apo_all_replicates,-2.0867425,-3.2145615000000003,0,0.0,
apo_all_replicates,-2.0867425,-3.0409057,0,0.0,
apo_all_replicates,-2.0867425,-2.8672499,0,0.0,
apo_all_replicates,-2.0867425,-2.6935941,0,0.0,
apo_all_replicates,-2.0867425,-2.5199383,0,0.0,
apo_all_replicates,-2.0867425,-2.3462825,0,0.0,
apo_all_replicates,-2.0867425,-2.1726267,0,0.0,
apo_all_replicates,-2.0867425,-1.9989709,0,0.0,
apo_all_replicates,-2.0867425,-1.8253151,0,0.0,
apo_all_replicates,-2.0867425,-1.6516592999999995,0,0.0,
apo_all_replicates,-2.0867425,-1.4780034999999996,0,0.0,
apo_all_replicates,-2.0867425,-1.3043476999999997,0,0.0,
apo_all_replicates,-2.0867425,-1.1306918999999995,0,0.0,
apo_all_replicates,-2.0867425,-0.9570360999999996,0,0.0,
apo_all_replicates,-2.0867425,-0.7833802999999997,0,0.0,
apo_all_replicates,-2.0867425,-0.6097244999999998,0,0.0,
apo_all_replicates,-2.0867425,-0.4360686999999996,0,0.0,
apo_all_replicates,-2.0867425,-0.2624128999999997,0,0.0,
apo_all_replicates,-2.0867425,-0.0887570999999995,1,0.0004161464835622,9.855740457825776
apo_all_replicates,-2.0867425,0.0848987000000005,4,0.0016645859342488,6.39785266490312
apo_all_replicates,-2.0867425,0.2585545000000002,9,0.0037453183520599,4.375117974341923
apo_all_replicates,-2.0867425,0.4322103000000004,3,0.0012484394506866,7.11542921608385
apo_all_replicates,-2.0867425,0.6058661000000005,4,0.0016645859342488,6.39785266490312
apo_all_replicates,-2.0867425,0.7795219000000007,2,0.0008322929671244,8.126796561364449
apo_all_replicates,-2.0867425,0.9531777000000008,0,0.0,
apo_all_replicates,-2.0867425,1.1268335000000005,0,0.0,
apo_all_replicates,-2.0867425,1.3004893000000006,0,0.0,
apo_all_replicates,-2.0867425,1.4741451000000008,0,0.0,
apo_all_replicates,-2.0867425,1.647800900000001,0,0.0,
apo_all_replicates,-2.0867425,1.821456700000001,0,0.0,
apo_all_replicates,-2.0867425,1.9951125000000007,0,0.0,
apo_all_replicates,-2.0867425,2.168768300000001,0,0.0,
apo_all_replicates,-2.0867425,2.342424100000001,0,0.0,
apo_all_replicates,-2.0867425,2.5160799000000007,0,0.0,
apo_all_replicates,-2.0867425,2.689735700000001,0,0.0,
apo_all_replicates,-2.0867425,2.863391500000001,0,0.0,
apo_all_replicates,-2.0867425,3.0370473000000007,0,0.0,
apo_all_replicates,-2.0867425,3.210703100000001,0,0.0,
apo_all_replicates,-2.0867425,3.384358900000001,0,0.0,
apo_all_replicates,-2.0867425,3.5580147000000006,0,0.0,
apo_all_replicates,-2.0867425,3.731670500000001,0,0.0,
apo_all_replicates,-2.0867425,3.905326300000002,0,0.0,
apo_all_replicates,-2.0867425,4.078982100000001,0,0.0,
apo_all_replicates,-1.8827975,-4.430152100000001,0,0.0,
apo_all_replicates,-1.8827975,-4.2564963,0,0.0,
apo_all_replicates,-1.8827975,-4.0828405,0,0.0,
apo_all_replicates,-1.8827975,-3.9091847,0,0.0,
apo_all_replicates,-1.8827975,-3.7355289,0,0.0,
apo_all_replicates,-1.8827975,-3.5618731,0,0.0,
apo_all_replicates,-1.8827975,-3.3882173,0,0.0,
apo_all_replicates,-1.8827975,-3.2145615000000003,0,0.0,
apo_all_replicates,-1.8827975,-3.0409057,0,0.0,
apo_all_replicates,-1.8827975,-2.8672499,0,0.0,
apo_all_replicates,-1.8827975,-2.6935941,0,0.0,
apo_all_replicates,-1.8827975,-2.5199383,0,0.0,
apo_all_replicates,-1.8827975,-2.3462825,0,0.0,
apo_all_replicates,-1.8827975,-2.1726267,0,0.0,
apo_all_replicates,-1.8827975,-1.9989709,0,0.0,
apo_all_replicates,-1.8827975,-1.8253151,0,0.0,
apo_all_replicates,-1.8827975,-1.6516592999999995,0,0.0,
apo_all_replicates,-1.8827975,-1.4780034999999996,0,0.0,
apo_all_replicates,-1.8827975,-1.3043476999999997,0,0.0,
apo_all_replicates,-1.8827975,-1.1306918999999995,0,0.0,
apo_all_replicates,-1.8827975,-0.9570360999999996,0,0.0,
apo_all_replicates,-1.8827975,-0.7833802999999997,0,0.0,
apo_all_replicates,-1.8827975,-0.6097244999999998,0,0.0,
apo_all_replicates,-1.8827975,-0.4360686999999996,0,0.0,
apo_all_replicates,-1.8827975,-0.2624128999999997,2,0.0008322929671244,8.126796561364449
apo_all_replicates,-1.8827975,-0.0887570999999995,0,0.0,
apo_all_replicates,-1.8827975,0.0848987000000005,2,0.0008322929671244,8.126796561364449
apo_all_replicates,-1.8827975,0.2585545000000002,2,0.0008322929671244,8.126796561364449
apo_all_replicates,-1.8827975,0.4322103000000004,5,0.002080732417811,5.841257050148192
apo_all_replicates,-1.8827975,0.6058661000000005,3,0.0012484394506866,7.11542921608385
apo_all_replicates,-1.8827975,0.7795219000000007,2,0.0008322929671244,8.126796561364449
apo_all_replicates,-1.8827975,0.9531777000000008,0,0.0,
apo_all_replicates,-1.8827975,1.1268335000000005,0,0.0,
apo_all_replicates,-1.8827975,1.3004893000000006,0,0.0,
apo_all_replicates,-1.8827975,1.4741451000000008,1,0.0004161464835622,9.855740457825776
apo_all_replicates,-1.8827975,1.647800900000001,0,0.0,
apo_all_replicates,-1.8827975,1.821456700000001,0,0.0,
apo_all_replicates,-1.8827975,1.9951125000000007,1,0.0004161464835622,9.855740457825776
apo_all_replicates,-1.8827975,2.168768300000001,0,0.0,
apo_all_replicates,-1.8827975,2.342424100000001,0,0.0,
apo_all_replicates,-1.8827975,2.5160799000000007,0,0.0,
apo_all_replicates,-1.8827975,2.689735700000001,0,0.0,
apo_all_replicates,-1.8827975,2.863391500000001,0,0.0,
apo_all_replicates,-1.8827975,3.0370473000000007,0,0.0,
apo_all_replicates,-1.8827975,3.210703100000001,0,0.0,
apo_all_replicates,-1.8827975,3.384358900000001,0,0.0,
apo_all_replicates,-1.8827975,3.5580147000000006,0,0.0,
apo_all_replicates,-1.8827975,3.731670500000001,0,0.0,
apo_all_replicates,-1.8827975,3.905326300000002,0,0.0,
apo_all_replicates,-1.8827975,4.078982100000001,0,0.0,
apo_all_replicates,-1.6788524999999996,-4.430152100000001,0,0.0,
apo_all_replicates,-1.6788524999999996,-4.2564963,0,0.0,
apo_all_replicates,-1.6788524999999996,-4.0828405,0,0.0,
apo_all_replicates,-1.6788524999999996,-3.9091847,0,0.0,
apo_all_replicates,-1.6788524999999996,-3.7355289,0,0.0,
apo_all_replicates,-1.6788524999999996,-3.5618731,0,0.0,
apo_all_replicates,-1.6788524999999996,-3.3882173,0,0.0,
apo_all_replicates,-1.6788524999999996,-3.2145615000000003,0,0.0,
apo_all_replicates,-1.6788524999999996,-3.0409057,0,0.0,
apo_all_replicates,-1.6788524999999996,-2.8672499,0,0.0,
apo_all_replicates,-1.6788524999999996,-2.6935941,0,0.0,
apo_all_replicates,-1.6788524999999996,-2.5199383,0,0.0,
apo_all_replicates,-1.6788524999999996,-2.3462825,0,0.0,
apo_all_replicates,-1.6788524999999996,-2.1726267,0,0.0,
apo_all_replicates,-1.6788524999999996,-1.9989709,0,0.0,
apo_all_replicates,-1.6788524999999996,-1.8253151,0,0.0,
apo_all_replicates,-1.6788524999999996,-1.6516592999999995,0,0.0,
apo_all_replicates,-1.6788524999999996,-1.4780034999999996,0,0.0,
apo_all_replicates,-1.6788524999999996,-1.3043476999999997,0,0.0,
apo_all_replicates,-1.6788524999999996,-1.1306918999999995,0,0.0,
apo_all_replicates,-1.6788524999999996,-0.9570360999999996,0,0.0,
apo_all_replicates,-1.6788524999999996,-0.7833802999999997,0,0.0,
apo_all_replicates,-1.6788524999999996,-0.6097244999999998,0,0.0,
apo_all_replicates,-1.6788524999999996,-0.4360686999999996,0,0.0,
apo_all_replicates,-1.6788524999999996,-0.2624128999999997,1,0.0004161464835622,9.855740457825776
apo_all_replicates,-1.6788524999999996,-0.0887570999999995,1,0.0004161464835622,9.855740457825776
apo_all_replicates,-1.6788524999999996,0.0848987000000005,3,0.0012484394506866,7.11542921608385
apo_all_replicates,-1.6788524999999996,0.2585545000000002,3,0.0012484394506866,7.11542921608385
apo_all_replicates,-1.6788524999999996,0.4322103000000004,2,0.0008322929671244,8.126796561364449
apo_all_replicates,-1.6788524999999996,0.6058661000000005,2,0.0008322929671244,8.126796561364449
apo_all_replicates,-1.6788524999999996,0.7795219000000007,1,0.0004161464835622,9.855740457825776
apo_all_replicates,-1.6788524999999996,0.9531777000000008,1,0.0004161464835622,9.855740457825776
apo_all_replicates,-1.6788524999999996,1.1268335000000005,0,0.0,
apo_all_replicates,-1.6788524999999996,1.3004893000000006,1,0.0004161464835622,9.855740457825776
apo_all_replicates,-1.6788524999999996,1.4741451000000008,0,0.0,
apo_all_replicates,-1.6788524999999996,1.647800900000001,1,0.0004161464835622,9.855740457825776
apo_all_replicates,-1.6788524999999996,1.821456700000001,2,0.0008322929671244,8.126796561364449
apo_all_replicates,-1.6788524999999996,1.9951125000000007,5,0.002080732417811,5.841257050148192
apo_all_replicates,-1.6788524999999996,2.168768300000001,3,0.0012484394506866,7.11542921608385
apo_all_replicates,-1.6788524999999996,2.342424100000001,4,0.0016645859342488,6.39785266490312
apo_all_replicates,-1.6788524999999996,2.5160799000000007,1,0.0004161464835622,9.855740457825776
apo_all_replicates,-1.6788524999999996,2.689735700000001,0,0.0,
apo_all_replicates,-1.6788524999999996,2.863391500000001,0,0.0,
apo_all_replicates,-1.6788524999999996,3.0370473000000007,0,0.0,
apo_all_replicates,-1.6788524999999996,3.210703100000001,0,0.0,
apo_all_replicates,-1.6788524999999996,3.384358900000001,0,0.0,
apo_all_replicates,-1.6788524999999996,3.5580147000000006,0,0.0,
apo_all_replicates,-1.6788524999999996,3.731670500000001,0,0.0,
apo_all_replicates,-1.6788524999999996,3.905326300000002,0,0.0,
apo_all_replicates,-1.6788524999999996,4.078982100000001,0,0.0,
apo_all_replicates,-1.4749074999999996,-4.430152100000001,0,0.0,
apo_all_replicates,-1.4749074999999996,-4.2564963,0,0.0,
apo_all_replicates,-1.4749074999999996,-4.0828405,0,0.0,
apo_all_replicates,-1.4749074999999996,-3.9091847,0,0.0,
apo_all_replicates,-1.4749074999999996,-3.7355289,0,0.0,
apo_all_replicates,-1.4749074999999996,-3.5618731,0,0.0,
apo_all_replicates,-1.4749074999999996,-3.3882173,0,0.0,
apo_all_replicates,-1.4749074999999996,-3.2145615000000003,0,0.0,
apo_all_replicates,-1.4749074999999996,-3.0409057,0,0.0,
apo_all_replicates,-1.4749074999999996,-2.8672499,0,0.0,
apo_all_replicates,-1.4749074999999996,-2.6935941,0,0.0,
apo_all_replicates,-1.4749074999999996,-2.5199383,0,0.0,
apo_all_replicates,-1.4749074999999996,-2.3462825,0,0.0,
apo_all_replicates,-1.4749074999999996,-2.1726267,0,0.0,
apo_all_replicates,-1.4749074999999996,-1.9989709,0,0.0,
apo_all_replicates,-1.4749074999999996,-1.8253151,0,0.0,
apo_all_replicates,-1.4749074999999996,-1.6516592999999995,0,0.0,
apo_all_replicates,-1.4749074999999996,-1.4780034999999996,0,0.0,
apo_all_replicates,-1.4749074999999996,-1.3043476999999997,0,0.0,
apo_all_replicates,-1.4749074999999996,-1.1306918999999995,0,0.0,
apo_all_replicates,-1.4749074999999996,-0.9570360999999996,0,0.0,
apo_all_replicates,-1.4749074999999996,-0.7833802999999997,0,0.0,
apo_all_replicates,-1.4749074999999996,-0.6097244999999998,0,0.0,
apo_all_replicates,-1.4749074999999996,-0.4360686999999996,1,0.0004161464835622,9.855740457825776
apo_all_replicates,-1.4749074999999996,-0.2624128999999997,0,0.0,
apo_all_replicates,-1.4749074999999996,-0.0887570999999995,0,0.0,
apo_all_replicates,-1.4749074999999996,0.0848987000000005,2,0.0008322929671244,8.126796561364449
apo_all_replicates,-1.4749074999999996,0.2585545000000002,1,0.0004161464835622,9.855740457825776
apo_all_replicates,-1.4749074999999996,0.4322103000000004,2,0.0008322929671244,8.126796561364449
apo_all_replicates,-1.4749074999999996,0.6058661000000005,0,0.0,
apo_all_replicates,-1.4749074999999996,0.7795219000000007,2,0.0008322929671244,8.126796561364449
apo_all_replicates,-1.4749074999999996,0.9531777000000008,2,0.0008322929671244,8.126796561364449
apo_all_replicates,-1.4749074999999996,1.1268335000000005,0,0.0,
apo_all_replicates,-1.4749074999999996,1.3004893000000006,3,0.0012484394506866,7.11542921608385
apo_all_replicates,-1.4749074999999996,1.4741451000000008,1,0.0004161464835622,9.855740457825776
apo_all_replicates,-1.4749074999999996,1.647800900000001,4,0.0016645859342488,6.39785266490312
apo_all_replicates,-1.4749074999999996,1.821456700000001,4,0.0016645859342488,6.39785266490312
apo_all_replicates,-1.4749074999999996,1.9951125000000007,5,0.002080732417811,5.841257050148192
apo_all_replicates,-1.4749074999999996,2.168768300000001,7,0.0029130253849354,5.001981300133614
apo_all_replicates,-1.4749074999999996,2.342424100000001,7,0.0029130253849354,5.001981300133614
apo_all_replicates,-1.4749074999999996,2.5160799000000007,3,0.0012484394506866,7.11542921608385
apo_all_replicates,-1.4749074999999996,2.689735700000001,2,0.0008322929671244,8.126796561364449
apo_all_replicates,-1.4749074999999996,2.863391500000001,0,0.0,
apo_all_replicates,-1.4749074999999996,3.0370473000000007,0,0.0,
apo_all_replicates,-1.4749074999999996,3.210703100000001,0,0.0,
apo_all_replicates,-1.4749074999999996,3.384358900000001,0,0.0,
apo_all_replicates,-1.4749074999999996,3.5580147000000006,0,0.0,
apo_all_replicates,-1.4749074999999996,3.731670500000001,0,0.0,
apo_all_replicates,-1.4749074999999996,3.905326300000002,0,0.0,
apo_all_replicates,-1.4749074999999996,4.078982100000001,0,0.0,
apo_all_replicates,-1.2709624999999996,-4.430152100000001,0,0.0,
apo_all_replicates,-1.2709624999999996,-4.2564963,0,0.0,
apo_all_replicates,-1.2709624999999996,-4.0828405,0,0.0,
apo_all_replicates,-1.2709624999999996,-3.9091847,0,0.0,
apo_all_replicates,-1.2709624999999996,-3.7355289,0,0.0,
apo_all_replicates,-1.2709624999999996,-3.5618731,0,0.0,
apo_all_replicates,-1.2709624999999996,-3.3882173,0,0.0,
apo_all_replicates,-1.2709624999999996,-3.2145615000000003,0,0.0,
apo_all_replicates,-1.2709624999999996,-3.0409057,0,0.0,
apo_all_replicates,-1.2709624999999996,-2.8672499,0,0.0,
apo_all_replicates,-1.2709624999999996,-2.6935941,0,0.0,
apo_all_replicates,-1.2709624999999996,-2.5199383,0,0.0,
apo_all_replicates,-1.2709624999999996,-2.3462825,0,0.0,
apo_all_replicates,-1.2709624999999996,-2.1726267,0,0.0,
apo_all_replicates,-1.2709624999999996,-1.9989709,0,0.0,
apo_all_replicates,-1.2709624999999996,-1.8253151,0,0.0,
apo_all_replicates,-1.2709624999999996,-1.6516592999999995,0,0.0,
apo_all_replicates,-1.2709624999999996,-1.4780034999999996,0,0.0,
apo_all_replicates,-1.2709624999999996,-1.3043476999999997,0,0.0,
apo_all_replicates,-1.2709624999999996,-1.1306918999999995,0,0.0,
apo_all_replicates,-1.2709624999999996,-0.9570360999999996,0,0.0,
apo_all_replicates,-1.2709624999999996,-0.7833802999999997,0,0.0,
apo_all_replicates,-1.2709624999999996,-0.6097244999999998,0,0.0,
apo_all_replicates,-1.2709624999999996,-0.4360686999999996,1,0.0004161464835622,9.855740457825776
apo_all_replicates,-1.2709624999999996,-0.2624128999999997,0,0.0,
apo_all_replicates,-1.2709624999999996,-0.0887570999999995,2,0.0008322929671244,8.126796561364449
apo_all_replicates,-1.2709624999999996,0.0848987000000005,1,0.0004161464835622,9.855740457825776
apo_all_replicates,-1.2709624999999996,0.2585545000000002,2,0.0008322929671244,8.126796561364449
apo_all_replicates,-1.2709624999999996,0.4322103000000004,0,0.0,
apo_all_replicates,-1.2709624999999996,0.6058661000000005,1,0.0004161464835622,9.855740457825776
apo_all_replicates,-1.2709624999999996,0.7795219000000007,1,0.0004161464835622,9.855740457825776
apo_all_replicates,-1.2709624999999996,0.9531777000000008,2,0.0008322929671244,8.126796561364449
apo_all_replicates,-1.2709624999999996,1.1268335000000005,0,0.0,
apo_all_replicates,-1.2709624999999996,1.3004893000000006,1,0.0004161464835622,9.855740457825776
apo_all_replicates,-1.2709624999999996,1.4741451000000008,1,0.0004161464835622,9.855740457825776
apo_all_replicates,-1.2709624999999996,1.647800900000001,2,0.0008322929671244,8.126796561364449
apo_all_replicates,-1.2709624999999996,1.821456700000001,3,0.0012484394506866,7.11542921608385
apo_all_replicates,-1.2709624999999996,1.9951125000000007,6,0.0024968789013732,5.386485319622521
apo_all_replicates,-1.2709624999999996,2.168768300000001,11,0.0045776113191843,3.874577275557488
apo_all_replicates,-1.2709624999999996,2.342424100000001,11,0.0045776113191843,3.874577275557488
apo_all_replicates,-1.2709624999999996,2.5160799000000007,8,0.0033291718684977,4.668908768441791
apo_all_replicates,-1.2709624999999996,2.689735700000001,1,0.0004161464835622,9.855740457825776
apo_all_replicates,-1.2709624999999996,2.863391500000001,3,0.0012484394506866,7.11542921608385
apo_all_replicates,-1.2709624999999996,3.0370473000000007,2,0.0008322929671244,8.126796561364449
apo_all_replicates,-1.2709624999999996,3.210703100000001,0,0.0,
apo_all_replicates,-1.2709624999999996,3.384358900000001,0,0.0,
apo_all_replicates,-1.2709624999999996,3.5580147000000006,0,0.0,
apo_all_replicates,-1.2709624999999996,3.731670500000001,0,0.0,
apo_all_replicates,-1.2709624999999996,3.905326300000002,0,0.0,
apo_all_replicates,-1.2709624999999996,4.078982100000001,0,0.0,
apo_all_replicates,-1.0670174999999995,-4.430152100000001,0,0.0,
apo_all_replicates,-1.0670174999999995,-4.2564963,0,0.0,
apo_all_replicates,-1.0670174999999995,-4.0828405,0,0.0,
apo_all_replicates,-1.0670174999999995,-3.9091847,0,0.0,
apo_all_replicates,-1.0670174999999995,-3.7355289,0,0.0,
apo_all_replicates,-1.0670174999999995,-3.5618731,0,0.0,
apo_all_replicates,-1.0670174999999995,-3.3882173,0,0.0,
apo_all_replicates,-1.0670174999999995,-3.2145615000000003,0,0.0,
apo_all_replicates,-1.0670174999999995,-3.0409057,0,0.0,
apo_all_replicates,-1.0670174999999995,-2.8672499,0,0.0,
apo_all_replicates,-1.0670174999999995,-2.6935941,0,0.0,
apo_all_replicates,-1.0670174999999995,-2.5199383,0,0.0,
apo_all_replicates,-1.0670174999999995,-2.3462825,0,0.0,
apo_all_replicates,-1.0670174999999995,-2.1726267,0,0.0,
apo_all_replicates,-1.0670174999999995,-1.9989709,0,0.0,
apo_all_replicates,-1.0670174999999995,-1.8253151,0,0.0,
apo_all_replicates,-1.0670174999999995,-1.6516592999999995,0,0.0,
apo_all_replicates,-1.0670174999999995,-1.4780034999999996,0,0.0,
apo_all_replicates,-1.0670174999999995,-1.3043476999999997,0,0.0,
apo_all_replicates,-1.0670174999999995,-1.1306918999999995,0,0.0,
apo_all_replicates,-1.0670174999999995,-0.9570360999999996,0,0.0,
apo_all_replicates,-1.0670174999999995,-0.7833802999999997,0,0.0,
apo_all_replicates,-1.0670174999999995,-0.6097244999999998,0,0.0,
apo_all_replicates,-1.0670174999999995,-0.4360686999999996,0,0.0,
apo_all_replicates,-1.0670174999999995,-0.2624128999999997,0,0.0,
apo_all_replicates,-1.0670174999999995,-0.0887570999999995,0,0.0,
apo_all_replicates,-1.0670174999999995,0.0848987000000005,1,0.0004161464835622,9.855740457825776
apo_all_replicates,-1.0670174999999995,0.2585545000000002,0,0.0,
apo_all_replicates,-1.0670174999999995,0.4322103000000004,1,0.0004161464835622,9.855740457825776
apo_all_replicates,-1.0670174999999995,0.6058661000000005,2,0.0008322929671244,8.126796561364449
apo_all_replicates,-1.0670174999999995,0.7795219000000007,1,0.0004161464835622,9.855740457825776
apo_all_replicates,-1.0670174999999995,0.9531777000000008,2,0.0008322929671244,8.126796561364449
apo_all_replicates,-1.0670174999999995,1.1268335000000005,2,0.0008322929671244,8.126796561364449
apo_all_replicates,-1.0670174999999995,1.3004893000000006,5,0.002080732417811,5.841257050148192
apo_all_replicates,-1.0670174999999995,1.4741451000000008,1,0.0004161464835622,9.855740457825776
apo_all_replicates,-1.0670174999999995,1.647800900000001,2,0.0008322929671244,8.126796561364449
apo_all_replicates,-1.0670174999999995,1.821456700000001,3,0.0012484394506866,7.11542921608385
apo_all_replicates,-1.0670174999999995,1.9951125000000007,11,0.0045776113191843,3.874577275557488
apo_all_replicates,-1.0670174999999995,2.168768300000001,8,0.0033291718684977,4.668908768441791
apo_all_replicates,-1.0670174999999995,2.342424100000001,17,0.0070744902205576,2.7887465264335227
apo_all_replicates,-1.0670174999999995,2.5160799000000007,7,0.0029130253849354,5.001981300133614
apo_all_replicates,-1.0670174999999995,2.689735700000001,9,0.0037453183520599,4.375117974341923
apo_all_replicates,-1.0670174999999995,2.863391500000001,3,0.0012484394506866,7.11542921608385
apo_all_replicates,-1.0670174999999995,3.0370473000000007,2,0.0008322929671244,8.126796561364449
apo_all_replicates,-1.0670174999999995,3.210703100000001,2,0.0008322929671244,8.126796561364449
apo_all_replicates,-1.0670174999999995,3.384358900000001,1,0.0004161464835622,9.855740457825776
apo_all_replicates,-1.0670174999999995,3.5580147000000006,0,0.0,
apo_all_replicates,-1.0670174999999995,3.731670500000001,0,0.0,
apo_all_replicates,-1.0670174999999995,3.905326300000002,0,0.0,
apo_all_replicates,-1.0670174999999995,4.078982100000001,0,0.0,
apo_all_replicates,-0.8630724999999995,-4.430152100000001,0,0.0,
apo_all_replicates,-0.8630724999999995,-4.2564963,0,0.0,
apo_all_replicates,-0.8630724999999995,-4.0828405,0,0.0,
apo_all_replicates,-0.8630724999999995,-3.9091847,0,0.0,
apo_all_replicates,-0.8630724999999995,-3.7355289,0,0.0,
apo_all_replicates,-0.8630724999999995,-3.5618731,0,0.0,
apo_all_replicates,-0.8630724999999995,-3.3882173,0,0.0,
apo_all_replicates,-0.8630724999999995,-3.2145615000000003,0,0.0,
apo_all_replicates,-0.8630724999999995,-3.0409057,0,0.0,
apo_all_replicates,-0.8630724999999995,-2.8672499,0,0.0,
apo_all_replicates,-0.8630724999999995,-2.6935941,0,0.0,
apo_all_replicates,-0.8630724999999995,-2.5199383,0,0.0,
apo_all_replicates,-0.8630724999999995,-2.3462825,0,0.0,
apo_all_replicates,-0.8630724999999995,-2.1726267,0,0.0,
apo_all_replicates,-0.8630724999999995,-1.9989709,0,0.0,
apo_all_replicates,-0.8630724999999995,-1.8253151,0,0.0,
apo_all_replicates,-0.8630724999999995,-1.6516592999999995,0,0.0,
apo_all_replicates,-0.8630724999999995,-1.4780034999999996,0,0.0,
apo_all_replicates,-0.8630724999999995,-1.3043476999999997,0,0.0,
apo_all_replicates,-0.8630724999999995,-1.1306918999999995,0,0.0,
apo_all_replicates,-0.8630724999999995,-0.9570360999999996,0,0.0,
apo_all_replicates,-0.8630724999999995,-0.7833802999999997,0,0.0,
apo_all_replicates,-0.8630724999999995,-0.6097244999999998,0,0.0,
apo_all_replicates,-0.8630724999999995,-0.4360686999999996,0,0.0,
apo_all_replicates,-0.8630724999999995,-0.2624128999999997,0,0.0,
apo_all_replicates,-0.8630724999999995,-0.0887570999999995,0,0.0,
apo_all_replicates,-0.8630724999999995,0.0848987000000005,0,0.0,
apo_all_replicates,-0.8630724999999995,0.2585545000000002,0,0.0,
apo_all_replicates,-0.8630724999999995,0.4322103000000004,0,0.0,
apo_all_replicates,-0.8630724999999995,0.6058661000000005,5,0.002080732417811,5.841257050148192
apo_all_replicates,-0.8630724999999995,0.7795219000000007,3,0.0012484394506866,7.11542921608385
apo_all_replicates,-0.8630724999999995,0.9531777000000008,7,0.0029130253849354,5.001981300133614
apo_all_replicates,-0.8630724999999995,1.1268335000000005,6,0.0024968789013732,5.386485319622521
apo_all_replicates,-0.8630724999999995,1.3004893000000006,10,0.0041614648356221,4.112313153686863
apo_all_replicates,-0.8630724999999995,1.4741451000000008,9,0.0037453183520599,4.375117974341923
apo_all_replicates,-0.8630724999999995,1.647800900000001,12,0.0049937578027465,3.657541423161193
apo_all_replicates,-0.8630724999999995,1.821456700000001,4,0.0016645859342488,6.39785266490312
apo_all_replicates,-0.8630724999999995,1.9951125000000007,2,0.0008322929671244,8.126796561364449
apo_all_replicates,-0.8630724999999995,2.168768300000001,8,0.0033291718684977,4.668908768441791
apo_all_replicates,-0.8630724999999995,2.342424100000001,8,0.0033291718684977,4.668908768441791
apo_all_replicates,-0.8630724999999995,2.5160799000000007,9,0.0037453183520599,4.375117974341923
apo_all_replicates,-0.8630724999999995,2.689735700000001,8,0.0033291718684977,4.668908768441791
apo_all_replicates,-0.8630724999999995,2.863391500000001,4,0.0016645859342488,6.39785266490312
apo_all_replicates,-0.8630724999999995,3.0370473000000007,10,0.0041614648356221,4.112313153686863
apo_all_replicates,-0.8630724999999995,3.210703100000001,3,0.0012484394506866,7.11542921608385
apo_all_replicates,-0.8630724999999995,3.384358900000001,1,0.0004161464835622,9.855740457825776
apo_all_replicates,-0.8630724999999995,3.5580147000000006,0,0.0,
apo_all_replicates,-0.8630724999999995,3.731670500000001,0,0.0,
apo_all_replicates,-0.8630724999999995,3.905326300000002,0,0.0,
apo_all_replicates,-0.8630724999999995,4.078982100000001,0,0.0,
apo_all_replicates,-0.6591274999999994,-4.430152100000001,0,0.0,
apo_all_replicates,-0.6591274999999994,-4.2564963,0,0.0,
apo_all_replicates,-0.6591274999999994,-4.0828405,0,0.0,
apo_all_replicates,-0.6591274999999994,-3.9091847,0,0.0,
apo_all_replicates,-0.6591274999999994,-3.7355289,0,0.0,
apo_all_replicates,-0.6591274999999994,-3.5618731,0,0.0,
apo_all_replicates,-0.6591274999999994,-3.3882173,0,0.0,
apo_all_replicates,-0.6591274999999994,-3.2145615000000003,0,0.0,
apo_all_replicates,-0.6591274999999994,-3.0409057,0,0.0,
apo_all_replicates,-0.6591274999999994,-2.8672499,0,0.0,
apo_all_replicates,-0.6591274999999994,-2.6935941,0,0.0,
apo_all_replicates,-0.6591274999999994,-2.5199383,0,0.0,
apo_all_replicates,-0.6591274999999994,-2.3462825,0,0.0,
apo_all_replicates,-0.6591274999999994,-2.1726267,0,0.0,
apo_all_replicates,-0.6591274999999994,-1.9989709,0,0.0,
apo_all_replicates,-0.6591274999999994,-1.8253151,0,0.0,
apo_all_replicates,-0.6591274999999994,-1.6516592999999995,0,0.0,
apo_all_replicates,-0.6591274999999994,-1.4780034999999996,0,0.0,
apo_all_replicates,-0.6591274999999994,-1.3043476999999997,0,0.0,
apo_all_replicates,-0.6591274999999994,-1.1306918999999995,0,0.0,
apo_all_replicates,-0.6591274999999994,-0.9570360999999996,0,0.0,
apo_all_replicates,-0.6591274999999994,-0.7833802999999997,0,0.0,
apo_all_replicates,-0.6591274999999994,-0.6097244999999998,0,0.0,
apo_all_replicates,-0.6591274999999994,-0.4360686999999996,0,0.0,
apo_all_replicates,-0.6591274999999994,-0.2624128999999997,0,0.0,
apo_all_replicates,-0.6591274999999994,-0.0887570999999995,0,0.0,
apo_all_replicates,-0.6591274999999994,0.0848987000000005,0,0.0,
apo_all_replicates,-0.6591274999999994,0.2585545000000002,0,0.0,
apo_all_replicates,-0.6591274999999994,0.4322103000000004,3,0.0012484394506866,7.11542921608385
apo_all_replicates,-0.6591274999999994,0.6058661000000005,0,0.0,
apo_all_replicates,-0.6591274999999994,0.7795219000000007,5,0.002080732417811,5.841257050148192
apo_all_replicates,-0.6591274999999994,0.9531777000000008,10,0.0041614648356221,4.112313153686863
apo_all_replicates,-0.6591274999999994,1.1268335000000005,25,0.0104036620890553,1.8267736424706056
apo_all_replicates,-0.6591274999999994,1.3004893000000006,30,0.0124843945068664,1.3720019119449365
apo_all_replicates,-0.6591274999999994,1.4741451000000008,52,0.0216396171452351,-0.0
apo_all_replicates,-0.6591274999999994,1.647800900000001,28,0.0116521015397419,1.5440935072109572
apo_all_replicates,-0.6591274999999994,1.821456700000001,32,0.0133166874739908,1.2110209755191346
apo_all_replicates,-0.6591274999999994,1.9951125000000007,15,0.0062421972534332,3.100945808406265
apo_all_replicates,-0.6591274999999994,2.168768300000001,6,0.0024968789013732,5.386485319622521
apo_all_replicates,-0.6591274999999994,2.342424100000001,4,0.0016645859342488,6.39785266490312
apo_all_replicates,-0.6591274999999994,2.5160799000000007,9,0.0037453183520599,4.375117974341923
apo_all_replicates,-0.6591274999999994,2.689735700000001,9,0.0037453183520599,4.375117974341923
apo_all_replicates,-0.6591274999999994,2.863391500000001,7,0.0029130253849354,5.001981300133614
apo_all_replicates,-0.6591274999999994,3.0370473000000007,3,0.0012484394506866,7.11542921608385
apo_all_replicates,-0.6591274999999994,3.210703100000001,0,0.0,
apo_all_replicates,-0.6591274999999994,3.384358900000001,1,0.0004161464835622,9.855740457825776
apo_all_replicates,-0.6591274999999994,3.5580147000000006,1,0.0004161464835622,9.855740457825776
apo_all_replicates,-0.6591274999999994,3.731670500000001,0,0.0,
apo_all_replicates,-0.6591274999999994,3.905326300000002,0,0.0,
apo_all_replicates,-0.6591274999999994,4.078982100000001,0,0.0,
apo_all_replicates,-0.4551824999999994,-4.430152100000001,0,0.0,
apo_all_replicates,-0.4551824999999994,-4.2564963,0,0.0,
apo_all_replicates,-0.4551824999999994,-4.0828405,0,0.0,
apo_all_replicates,-0.4551824999999994,-3.9091847,0,0.0,
apo_all_replicates,-0.4551824999999994,-3.7355289,0,0.0,
apo_all_replicates,-0.4551824999999994,-3.5618731,0,0.0,
apo_all_replicates,-0.4551824999999994,-3.3882173,0,0.0,
apo_all_replicates,-0.4551824999999994,-3.2145615000000003,0,0.0,
apo_all_replicates,-0.4551824999999994,-3.0409057,0,0.0,
apo_all_replicates,-0.4551824999999994,-2.8672499,0,0.0,
apo_all_replicates,-0.4551824999999994,-2.6935941,0,0.0,
apo_all_replicates,-0.4551824999999994,-2.5199383,0,0.0,
apo_all_replicates,-0.4551824999999994,-2.3462825,0,0.0,
apo_all_replicates,-0.4551824999999994,-2.1726267,0,0.0,
apo_all_replicates,-0.4551824999999994,-1.9989709,0,0.0,
apo_all_replicates,-0.4551824999999994,-1.8253151,0,0.0,
apo_all_replicates,-0.4551824999999994,-1.6516592999999995,0,0.0,
apo_all_replicates,-0.4551824999999994,-1.4780034999999996,0,0.0,
apo_all_replicates,-0.4551824999999994,-1.3043476999999997,0,0.0,
apo_all_replicates,-0.4551824999999994,-1.1306918999999995,0,0.0,
apo_all_replicates,-0.4551824999999994,-0.9570360999999996,0,0.0,
apo_all_replicates,-0.4551824999999994,-0.7833802999999997,0,0.0,
apo_all_replicates,-0.4551824999999994,-0.6097244999999998,0,0.0,
apo_all_replicates,-0.4551824999999994,-0.4360686999999996,0,0.0,
apo_all_replicates,-0.4551824999999994,-0.2624128999999997,0,0.0,
apo_all_replicates,-0.4551824999999994,-0.0887570999999995,0,0.0,
apo_all_replicates,-0.4551824999999994,0.0848987000000005,0,0.0,
apo_all_replicates,-0.4551824999999994,0.2585545000000002,4,0.0016645859342488,6.39785266490312
apo_all_replicates,-0.4551824999999994,0.4322103000000004,6,0.0024968789013732,5.386485319622521
apo_all_replicates,-0.4551824999999994,0.6058661000000005,8,0.0033291718684977,4.668908768441791
apo_all_replicates,-0.4551824999999994,0.7795219000000007,14,0.0058260507698709,3.2730374036722854
apo_all_replicates,-0.4551824999999994,0.9531777000000008,21,0.0087390761548064,2.2616700583916867
apo_all_replicates,-0.4551824999999994,1.1268335000000005,36,0.0149812734082397,0.9172301814192664
apo_all_replicates,-0.4551824999999994,1.3004893000000006,40,0.0166458593424885,0.6544253607642059
apo_all_replicates,-0.4551824999999994,1.4741451000000008,37,0.0153974198918019,0.8488878574216787
apo_all_replicates,-0.4551824999999994,1.647800900000001,49,0.0203911776945484,0.1482221424414506
apo_all_replicates,-0.4551824999999994,1.821456700000001,41,0.0170620058260507,0.5928336194671862
apo_all_replicates,-0.4551824999999994,1.9951125000000007,8,0.0033291718684977,4.668908768441791
apo_all_replicates,-0.4551824999999994,2.168768300000001,5,0.002080732417811,5.841257050148192
apo_all_replicates,-0.4551824999999994,2.342424100000001,0,0.0,
apo_all_replicates,-0.4551824999999994,2.5160799000000007,1,0.0004161464835622,9.855740457825776
apo_all_replicates,-0.4551824999999994,2.689735700000001,1,0.0004161464835622,9.855740457825776
apo_all_replicates,-0.4551824999999994,2.863391500000001,6,0.0024968789013732,5.386485319622521
apo_all_replicates,-0.4551824999999994,3.0370473000000007,6,0.0024968789013732,5.386485319622521
apo_all_replicates,-0.4551824999999994,3.210703100000001,4,0.0016645859342488,6.39785266490312
apo_all_replicates,-0.4551824999999994,3.384358900000001,0,0.0,
apo_all_replicates,-0.4551824999999994,3.5580147000000006,0,0.0,
apo_all_replicates,-0.4551824999999994,3.731670500000001,0,0.0,
apo_all_replicates,-0.4551824999999994,3.905326300000002,0,0.0,
apo_all_replicates,-0.4551824999999994,4.078982100000001,0,0.0,
apo_all_replicates,-0.2512374999999993,-4.430152100000001,0,0.0,
apo_all_replicates,-0.2512374999999993,-4.2564963,0,0.0,
apo_all_replicates,-0.2512374999999993,-4.0828405,0,0.0,
apo_all_replicates,-0.2512374999999993,-3.9091847,0,0.0,
apo_all_replicates,-0.2512374999999993,-3.7355289,0,0.0,
apo_all_replicates,-0.2512374999999993,-3.5618731,0,0.0,
apo_all_replicates,-0.2512374999999993,-3.3882173,0,0.0,
apo_all_replicates,-0.2512374999999993,-3.2145615000000003,0,0.0,
apo_all_replicates,-0.2512374999999993,-3.0409057,0,0.0,
apo_all_replicates,-0.2512374999999993,-2.8672499,0,0.0,
apo_all_replicates,-0.2512374999999993,-2.6935941,0,0.0,
apo_all_replicates,-0.2512374999999993,-2.5199383,0,0.0,
apo_all_replicates,-0.2512374999999993,-2.3462825,0,0.0,
apo_all_replicates,-0.2512374999999993,-2.1726267,0,0.0,
apo_all_replicates,-0.2512374999999993,-1.9989709,0,0.0,
apo_all_replicates,-0.2512374999999993,-1.8253151,0,0.0,
apo_all_replicates,-0.2512374999999993,-1.6516592999999995,0,0.0,
apo_all_replicates,-0.2512374999999993,-1.4780034999999996,0,0.0,
apo_all_replicates,-0.2512374999999993,-1.3043476999999997,0,0.0,
apo_all_replicates,-0.2512374999999993,-1.1306918999999995,0,0.0,
apo_all_replicates,-0.2512374999999993,-0.9570360999999996,2,0.0008322929671244,8.126796561364449
apo_all_replicates,-0.2512374999999993,-0.7833802999999997,0,0.0,
apo_all_replicates,-0.2512374999999993,-0.6097244999999998,0,0.0,
apo_all_replicates,-0.2512374999999993,-0.4360686999999996,1,0.0004161464835622,9.855740457825776
apo_all_replicates,-0.2512374999999993,-0.2624128999999997,3,0.0012484394506866,7.11542921608385
apo_all_replicates,-0.2512374999999993,-0.0887570999999995,6,0.0024968789013732,5.386485319622521
apo_all_replicates,-0.2512374999999993,0.0848987000000005,2,0.0008322929671244,8.126796561364449
apo_all_replicates,-0.2512374999999993,0.2585545000000002,6,0.0024968789013732,5.386485319622521
apo_all_replicates,-0.2512374999999993,0.4322103000000004,13,0.0054099042863087,3.457887792922657
apo_all_replicates,-0.2512374999999993,0.6058661000000005,25,0.0104036620890553,1.8267736424706056
apo_all_replicates,-0.2512374999999993,0.7795219000000007,36,0.0149812734082397,0.9172301814192664
apo_all_replicates,-0.2512374999999993,0.9531777000000008,26,0.0108198085726175,1.7289438964613284
apo_all_replicates,-0.2512374999999993,1.1268335000000005,10,0.0041614648356221,4.112313153686863
apo_all_replicates,-0.2512374999999993,1.3004893000000006,14,0.0058260507698709,3.2730374036722854
apo_all_replicates,-0.2512374999999993,1.4741451000000008,18,0.0074906367041198,2.646174077880595
apo_all_replicates,-0.2512374999999993,1.647800900000001,23,0.0095713691219309,2.0347556236363364
apo_all_replicates,-0.2512374999999993,1.821456700000001,20,0.0083229296712442,2.3833692572255347
apo_all_replicates,-0.2512374999999993,1.9951125000000007,6,0.0024968789013732,5.386485319622521
apo_all_replicates,-0.2512374999999993,2.168768300000001,3,0.0012484394506866,7.11542921608385
apo_all_replicates,-0.2512374999999993,2.342424100000001,1,0.0004161464835622,9.855740457825776
apo_all_replicates,-0.2512374999999993,2.5160799000000007,1,0.0004161464835622,9.855740457825776
apo_all_replicates,-0.2512374999999993,2.689735700000001,2,0.0008322929671244,8.126796561364449
apo_all_replicates,-0.2512374999999993,2.863391500000001,2,0.0008322929671244,8.126796561364449
apo_all_replicates,-0.2512374999999993,3.0370473000000007,5,0.002080732417811,5.841257050148192
apo_all_replicates,-0.2512374999999993,3.210703100000001,2,0.0008322929671244,8.126796561364449
apo_all_replicates,-0.2512374999999993,3.384358900000001,0,0.0,
apo_all_replicates,-0.2512374999999993,3.5580147000000006,0,0.0,
apo_all_replicates,-0.2512374999999993,3.731670500000001,1,0.0004161464835622,9.855740457825776
apo_all_replicates,-0.2512374999999993,3.905326300000002,0,0.0,
apo_all_replicates,-0.2512374999999993,4.078982100000001,0,0.0,
apo_all_replicates,-0.0472924999999995,-4.430152100000001,0,0.0,
apo_all_replicates,-0.0472924999999995,-4.2564963,0,0.0,
apo_all_replicates,-0.0472924999999995,-4.0828405,0,0.0,
apo_all_replicates,-0.0472924999999995,-3.9091847,0,0.0,
apo_all_replicates,-0.0472924999999995,-3.7355289,0,0.0,
apo_all_replicates,-0.0472924999999995,-3.5618731,0,0.0,
apo_all_replicates,-0.0472924999999995,-3.3882173,0,0.0,
apo_all_replicates,-0.0472924999999995,-3.2145615000000003,0,0.0,
apo_all_replicates,-0.0472924999999995,-3.0409057,0,0.0,
apo_all_replicates,-0.0472924999999995,-2.8672499,0,0.0,
apo_all_replicates,-0.0472924999999995,-2.6935941,0,0.0,
apo_all_replicates,-0.0472924999999995,-2.5199383,0,0.0,
apo_all_replicates,-0.0472924999999995,-2.3462825,0,0.0,
apo_all_replicates,-0.0472924999999995,-2.1726267,0,0.0,
apo_all_replicates,-0.0472924999999995,-1.9989709,0,0.0,
apo_all_replicates,-0.0472924999999995,-1.8253151,0,0.0,
apo_all_replicates,-0.0472924999999995,-1.6516592999999995,0,0.0,
apo_all_replicates,-0.0472924999999995,-1.4780034999999996,0,0.0,
apo_all_replicates,-0.0472924999999995,-1.3043476999999997,1,0.0004161464835622,9.855740457825776
apo_all_replicates,-0.0472924999999995,-1.1306918999999995,1,0.0004161464835622,9.855740457825776
apo_all_replicates,-0.0472924999999995,-0.9570360999999996,1,0.0004161464835622,9.855740457825776
apo_all_replicates,-0.0472924999999995,-0.7833802999999997,2,0.0008322929671244,8.126796561364449
apo_all_replicates,-0.0472924999999995,-0.6097244999999998,1,0.0004161464835622,9.855740457825776
apo_all_replicates,-0.0472924999999995,-0.4360686999999996,3,0.0012484394506866,7.11542921608385
apo_all_replicates,-0.0472924999999995,-0.2624128999999997,3,0.0012484394506866,7.11542921608385
apo_all_replicates,-0.0472924999999995,-0.0887570999999995,10,0.0041614648356221,4.112313153686863
apo_all_replicates,-0.0472924999999995,0.0848987000000005,11,0.0045776113191843,3.874577275557488
apo_all_replicates,-0.0472924999999995,0.2585545000000002,6,0.0024968789013732,5.386485319622521
apo_all_replicates,-0.0472924999999995,0.4322103000000004,15,0.0062421972534332,3.100945808406265
apo_all_replicates,-0.0472924999999995,0.6058661000000005,10,0.0041614648356221,4.112313153686863
apo_all_replicates,-0.0472924999999995,0.7795219000000007,26,0.0108198085726175,1.7289438964613284
apo_all_replicates,-0.0472924999999995,0.9531777000000008,17,0.0070744902205576,2.7887465264335227
apo_all_replicates,-0.0472924999999995,1.1268335000000005,7,0.0029130253849354,5.001981300133614
apo_all_replicates,-0.0472924999999995,1.3004893000000006,0,0.0,
apo_all_replicates,-0.0472924999999995,1.4741451000000008,1,0.0004161464835622,9.855740457825776
apo_all_replicates,-0.0472924999999995,1.647800900000001,1,0.0004161464835622,9.855740457825776
apo_all_replicates,-0.0472924999999995,1.821456700000001,5,0.002080732417811,5.841257050148192
apo_all_replicates,-0.0472924999999995,1.9951125000000007,0,0.0,
apo_all_replicates,-0.0472924999999995,2.168768300000001,0,0.0,
apo_all_replicates,-0.0472924999999995,2.342424100000001,0,0.0,
apo_all_replicates,-0.0472924999999995,2.5160799000000007,1,0.0004161464835622,9.855740457825776
apo_all_replicates,-0.0472924999999995,2.689735700000001,2,0.0008322929671244,8.126796561364449
apo_all_replicates,-0.0472924999999995,2.863391500000001,3,0.0012484394506866,7.11542921608385
apo_all_replicates,-0.0472924999999995,3.0370473000000007,3,0.0012484394506866,7.11542921608385
apo_all_replicates,-0.0472924999999995,3.210703100000001,3,0.0012484394506866,7.11542921608385
apo_all_replicates,-0.0472924999999995,3.384358900000001,1,0.0004161464835622,9.855740457825776
apo_all_replicates,-0.0472924999999995,3.5580147000000006,3,0.0012484394506866,7.11542921608385
apo_all_replicates,-0.0472924999999995,3.731670500000001,1,0.0004161464835622,9.855740457825776
apo_all_replicates,-0.0472924999999995,3.905326300000002,3,0.0012484394506866,7.11542921608385
apo_all_replicates,-0.0472924999999995,4.078982100000001,1,0.0004161464835622,9.855740457825776
apo_all_replicates,0.1566525000000003,-4.430152100000001,0,0.0,
apo_all_replicates,0.1566525000000003,-4.2564963,0,0.0,
apo_all_replicates,0.1566525000000003,-4.0828405,0,0.0,
apo_all_replicates,0.1566525000000003,-3.9091847,0,0.0,
apo_all_replicates,0.1566525000000003,-3.7355289,0,0.0,
apo_all_replicates,0.1566525000000003,-3.5618731,0,0.0,
apo_all_replicates,0.1566525000000003,-3.3882173,0,0.0,
apo_all_replicates,0.1566525000000003,-3.2145615000000003,0,0.0,
apo_all_replicates,0.1566525000000003,-3.0409057,0,0.0,
apo_all_replicates,0.1566525000000003,-2.8672499,0,0.0,
apo_all_replicates,0.1566525000000003,-2.6935941,0,0.0,
apo_all_replicates,0.1566525000000003,-2.5199383,0,0.0,
apo_all_replicates,0.1566525000000003,-2.3462825,0,0.0,
apo_all_replicates,0.1566525000000003,-2.1726267,0,0.0,
apo_all_replicates,0.1566525000000003,-1.9989709,0,0.0,
apo_all_replicates,0.1566525000000003,-1.8253151,0,0.0,
apo_all_replicates,0.1566525000000003,-1.6516592999999995,2,0.0008322929671244,8.126796561364449
apo_all_replicates,0.1566525000000003,-1.4780034999999996,1,0.0004161464835622,9.855740457825776
apo_all_replicates,0.1566525000000003,-1.3043476999999997,2,0.0008322929671244,8.126796561364449
apo_all_replicates,0.1566525000000003,-1.1306918999999995,3,0.0012484394506866,7.11542921608385
apo_all_replicates,0.1566525000000003,-0.9570360999999996,5,0.002080732417811,5.841257050148192
apo_all_replicates,0.1566525000000003,-0.7833802999999997,2,0.0008322929671244,8.126796561364449
apo_all_replicates,0.1566525000000003,-0.6097244999999998,0,0.0,
apo_all_replicates,0.1566525000000003,-0.4360686999999996,5,0.002080732417811,5.841257050148192
apo_all_replicates,0.1566525000000003,-0.2624128999999997,6,0.0024968789013732,5.386485319622521
apo_all_replicates,0.1566525000000003,-0.0887570999999995,4,0.0016645859342488,6.39785266490312
apo_all_replicates,0.1566525000000003,0.0848987000000005,13,0.0054099042863087,3.457887792922657
apo_all_replicates,0.1566525000000003,0.2585545000000002,11,0.0045776113191843,3.874577275557488
apo_all_replicates,0.1566525000000003,0.4322103000000004,6,0.0024968789013732,5.386485319622521
apo_all_replicates,0.1566525000000003,0.6058661000000005,6,0.0024968789013732,5.386485319622521
apo_all_replicates,0.1566525000000003,0.7795219000000007,5,0.002080732417811,5.841257050148192
apo_all_replicates,0.1566525000000003,0.9531777000000008,5,0.002080732417811,5.841257050148192
apo_all_replicates,0.1566525000000003,1.1268335000000005,1,0.0004161464835622,9.855740457825776
apo_all_replicates,0.1566525000000003,1.3004893000000006,2,0.0008322929671244,8.126796561364449
apo_all_replicates,0.1566525000000003,1.4741451000000008,0,0.0,
apo_all_replicates,0.1566525000000003,1.647800900000001,0,0.0,
apo_all_replicates,0.1566525000000003,1.821456700000001,0,0.0,
apo_all_replicates,0.1566525000000003,1.9951125000000007,0,0.0,
apo_all_replicates,0.1566525000000003,2.168768300000001,0,0.0,
apo_all_replicates,0.1566525000000003,2.342424100000001,1,0.0004161464835622,9.855740457825776
apo_all_replicates,0.1566525000000003,2.5160799000000007,1,0.0004161464835622,9.855740457825776
apo_all_replicates,0.1566525000000003,2.689735700000001,4,0.0016645859342488,6.39785266490312
apo_all_replicates,0.1566525000000003,2.863391500000001,2,0.0008322929671244,8.126796561364449
apo_all_replicates,0.1566525000000003,3.0370473000000007,1,0.0004161464835622,9.855740457825776
apo_all_replicates,0.1566525000000003,3.210703100000001,2,0.0008322929671244,8.126796561364449
apo_all_replicates,0.1566525000000003,3.384358900000001,5,0.002080732417811,5.841257050148192
apo_all_replicates,0.1566525000000003,3.5580147000000006,5,0.002080732417811,5.841257050148192
apo_all_replicates,0.1566525000000003,3.731670500000001,2,0.0008322929671244,8.126796561364449
apo_all_replicates,0.1566525000000003,3.905326300000002,0,0.0,
apo_all_replicates,0.1566525000000003,4.078982100000001,2,0.0008322929671244,8.126796561364449
apo_all_replicates,0.3605975000000003,-4.430152100000001,0,0.0,
apo_all_replicates,0.3605975000000003,-4.2564963,0,0.0,
apo_all_replicates,0.3605975000000003,-4.0828405,0,0.0,
apo_all_replicates,0.3605975000000003,-3.9091847,0,0.0,
apo_all_replicates,0.3605975000000003,-3.7355289,0,0.0,
apo_all_replicates,0.3605975000000003,-3.5618731,0,0.0,
apo_all_replicates,0.3605975000000003,-3.3882173,0,0.0,
apo_all_replicates,0.3605975000000003,-3.2145615000000003,0,0.0,
apo_all_replicates,0.3605975000000003,-3.0409057,0,0.0,
apo_all_replicates,0.3605975000000003,-2.8672499,0,0.0,
apo_all_replicates,0.3605975000000003,-2.6935941,0,0.0,
apo_all_replicates,0.3605975000000003,-2.5199383,0,0.0,
apo_all_replicates,0.3605975000000003,-2.3462825,0,0.0,
apo_all_replicates,0.3605975000000003,-2.1726267,0,0.0,
apo_all_replicates,0.3605975000000003,-1.9989709,0,0.0,
apo_all_replicates,0.3605975000000003,-1.8253151,0,0.0,
apo_all_replicates,0.3605975000000003,-1.6516592999999995,0,0.0,
apo_all_replicates,0.3605975000000003,-1.4780034999999996,3,0.0012484394506866,7.11542921608385
apo_all_replicates,0.3605975000000003,-1.3043476999999997,1,0.0004161464835622,9.855740457825776
apo_all_replicates,0.3605975000000003,-1.1306918999999995,2,0.0008322929671244,8.126796561364449
apo_all_replicates,0.3605975000000003,-0.9570360999999996,6,0.0024968789013732,5.386485319622521
apo_all_replicates,0.3605975000000003,-0.7833802999999997,3,0.0012484394506866,7.11542921608385
apo_all_replicates,0.3605975000000003,-0.6097244999999998,1,0.0004161464835622,9.855740457825776
apo_all_replicates,0.3605975000000003,-0.4360686999999996,2,0.0008322929671244,8.126796561364449
apo_all_replicates,0.3605975000000003,-0.2624128999999997,2,0.0008322929671244,8.126796561364449
apo_all_replicates,0.3605975000000003,-0.0887570999999995,3,0.0012484394506866,7.11542921608385
apo_all_replicates,0.3605975000000003,0.0848987000000005,8,0.0033291718684977,4.668908768441791
apo_all_replicates,0.3605975000000003,0.2585545000000002,2,0.0008322929671244,8.126796561364449
apo_all_replicates,0.3605975000000003,0.4322103000000004,2,0.0008322929671244,8.126796561364449
apo_all_replicates,0.3605975000000003,0.6058661000000005,0,0.0,
apo_all_replicates,0.3605975000000003,0.7795219000000007,2,0.0008322929671244,8.126796561364449
apo_all_replicates,0.3605975000000003,0.9531777000000008,0,0.0,
apo_all_replicates,0.3605975000000003,1.1268335000000005,1,0.0004161464835622,9.855740457825776
apo_all_replicates,0.3605975000000003,1.3004893000000006,0,0.0,
apo_all_replicates,0.3605975000000003,1.4741451000000008,0,0.0,
apo_all_replicates,0.3605975000000003,1.647800900000001,0,0.0,
apo_all_replicates,0.3605975000000003,1.821456700000001,1,0.0004161464835622,9.855740457825776
apo_all_replicates,0.3605975000000003,1.9951125000000007,0,0.0,
apo_all_replicates,0.3605975000000003,2.168768300000001,2,0.0008322929671244,8.126796561364449
apo_all_replicates,0.3605975000000003,2.342424100000001,0,0.0,
apo_all_replicates,0.3605975000000003,2.5160799000000007,1,0.0004161464835622,9.855740457825776
apo_all_replicates,0.3605975000000003,2.689735700000001,1,0.0004161464835622,9.855740457825776
apo_all_replicates,0.3605975000000003,2.863391500000001,0,0.0,
apo_all_replicates,0.3605975000000003,3.0370473000000007,0,0.0,
apo_all_replicates,0.3605975000000003,3.210703100000001,2,0.0008322929671244,8.126796561364449
apo_all_replicates,0.3605975000000003,3.384358900000001,2,0.0008322929671244,8.126796561364449
apo_all_replicates,0.3605975000000003,3.5580147000000006,4,0.0016645859342488,6.39785266490312
apo_all_replicates,0.3605975000000003,3.731670500000001,0,0.0,
apo_all_replicates,0.3605975000000003,3.905326300000002,0,0.0,
apo_all_replicates,0.3605975000000003,4.078982100000001,0,0.0,
apo_all_replicates,0.5645425000000004,-4.430152100000001,0,0.0,
apo_all_replicates,0.5645425000000004,-4.2564963,0,0.0,
apo_all_replicates,0.5645425000000004,-4.0828405,0,0.0,
apo_all_replicates,0.5645425000000004,-3.9091847,0,0.0,
apo_all_replicates,0.5645425000000004,-3.7355289,0,0.0,
apo_all_replicates,0.5645425000000004,-3.5618731,0,0.0,
apo_all_replicates,0.5645425000000004,-3.3882173,0,0.0,
apo_all_replicates,0.5645425000000004,-3.2145615000000003,0,0.0,
apo_all_replicates,0.5645425000000004,-3.0409057,0,0.0,
apo_all_replicates,0.5645425000000004,-2.8672499,0,0.0,
apo_all_replicates,0.5645425000000004,-2.6935941,0,0.0,
apo_all_replicates,0.5645425000000004,-2.5199383,0,0.0,
apo_all_replicates,0.5645425000000004,-2.3462825,0,0.0,
apo_all_replicates,0.5645425000000004,-2.1726267,0,0.0,
apo_all_replicates,0.5645425000000004,-1.9989709,0,0.0,
apo_all_replicates,0.5645425000000004,-1.8253151,0,0.0,
apo_all_replicates,0.5645425000000004,-1.6516592999999995,1,0.0004161464835622,9.855740457825776
apo_all_replicates,0.5645425000000004,-1.4780034999999996,0,0.0,
apo_all_replicates,0.5645425000000004,-1.3043476999999997,3,0.0012484394506866,7.11542921608385
apo_all_replicates,0.5645425000000004,-1.1306918999999995,1,0.0004161464835622,9.855740457825776
apo_all_replicates,0.5645425000000004,-0.9570360999999996,5,0.002080732417811,5.841257050148192
apo_all_replicates,0.5645425000000004,-0.7833802999999997,1,0.0004161464835622,9.855740457825776
apo_all_replicates,0.5645425000000004,-0.6097244999999998,4,0.0016645859342488,6.39785266490312
apo_all_replicates,0.5645425000000004,-0.4360686999999996,3,0.0012484394506866,7.11542921608385
apo_all_replicates,0.5645425000000004,-0.2624128999999997,2,0.0008322929671244,8.126796561364449
apo_all_replicates,0.5645425000000004,-0.0887570999999995,1,0.0004161464835622,9.855740457825776
apo_all_replicates,0.5645425000000004,0.0848987000000005,2,0.0008322929671244,8.126796561364449
apo_all_replicates,0.5645425000000004,0.2585545000000002,0,0.0,
apo_all_replicates,0.5645425000000004,0.4322103000000004,1,0.0004161464835622,9.855740457825776
apo_all_replicates,0.5645425000000004,0.6058661000000005,1,0.0004161464835622,9.855740457825776
apo_all_replicates,0.5645425000000004,0.7795219000000007,0,0.0,
apo_all_replicates,0.5645425000000004,0.9531777000000008,0,0.0,
apo_all_replicates,0.5645425000000004,1.1268335000000005,0,0.0,
apo_all_replicates,0.5645425000000004,1.3004893000000006,0,0.0,
apo_all_replicates,0.5645425000000004,1.4741451000000008,0,0.0,
apo_all_replicates,0.5645425000000004,1.647800900000001,1,0.0004161464835622,9.855740457825776
apo_all_replicates,0.5645425000000004,1.821456700000001,0,0.0,
apo_all_replicates,0.5645425000000004,1.9951125000000007,0,0.0,
apo_all_replicates,0.5645425000000004,2.168768300000001,1,0.0004161464835622,9.855740457825776
apo_all_replicates,0.5645425000000004,2.342424100000001,0,0.0,
apo_all_replicates,0.5645425000000004,2.5160799000000007,0,0.0,
apo_all_replicates,0.5645425000000004,2.689735700000001,1,0.0004161464835622,9.855740457825776
apo_all_replicates,0.5645425000000004,2.863391500000001,0,0.0,
apo_all_replicates,0.5645425000000004,3.0370473000000007,0,0.0,
apo_all_replicates,0.5645425000000004,3.210703100000001,0,0.0,
apo_all_replicates,0.5645425000000004,3.384358900000001,0,0.0,
apo_all_replicates,0.5645425000000004,3.5580147000000006,2,0.0008322929671244,8.126796561364449
apo_all_replicates,0.5645425000000004,3.731670500000001,0,0.0,
apo_all_replicates,0.5645425000000004,3.905326300000002,0,0.0,
apo_all_replicates,0.5645425000000004,4.078982100000001,0,0.0,
apo_all_replicates,0.7684875000000004,-4.430152100000001,0,0.0,
apo_all_replicates,0.7684875000000004,-4.2564963,0,0.0,
apo_all_replicates,0.7684875000000004,-4.0828405,0,0.0,
apo_all_replicates,0.7684875000000004,-3.9091847,0,0.0,
apo_all_replicates,0.7684875000000004,-3.7355289,0,0.0,
apo_all_replicates,0.7684875000000004,-3.5618731,0,0.0,
apo_all_replicates,0.7684875000000004,-3.3882173,0,0.0,
apo_all_replicates,0.7684875000000004,-3.2145615000000003,0,0.0,
apo_all_replicates,0.7684875000000004,-3.0409057,0,0.0,
apo_all_replicates,0.7684875000000004,-2.8672499,0,0.0,
apo_all_replicates,0.7684875000000004,-2.6935941,0,0.0,
apo_all_replicates,0.7684875000000004,-2.5199383,0,0.0,
apo_all_replicates,0.7684875000000004,-2.3462825,0,0.0,
apo_all_replicates,0.7684875000000004,-2.1726267,0,0.0,
apo_all_replicates,0.7684875000000004,-1.9989709,0,0.0,
apo_all_replicates,0.7684875000000004,-1.8253151,0,0.0,
apo_all_replicates,0.7684875000000004,-1.6516592999999995,0,0.0,
apo_all_replicates,0.7684875000000004,-1.4780034999999996,0,0.0,
apo_all_replicates,0.7684875000000004,-1.3043476999999997,1,0.0004161464835622,9.855740457825776
apo_all_replicates,0.7684875000000004,-1.1306918999999995,4,0.0016645859342488,6.39785266490312
apo_all_replicates,0.7684875000000004,-0.9570360999999996,3,0.0012484394506866,7.11542921608385
apo_all_replicates,0.7684875000000004,-0.7833802999999997,4,0.0016645859342488,6.39785266490312
apo_all_replicates,0.7684875000000004,-0.6097244999999998,2,0.0008322929671244,8.126796561364449
apo_all_replicates,0.7684875000000004,-0.4360686999999996,0,0.0,
apo_all_replicates,0.7684875000000004,-0.2624128999999997,0,0.0,
apo_all_replicates,0.7684875000000004,-0.0887570999999995,0,0.0,
apo_all_replicates,0.7684875000000004,0.0848987000000005,0,0.0,
apo_all_replicates,0.7684875000000004,0.2585545000000002,0,0.0,
apo_all_replicates,0.7684875000000004,0.4322103000000004,0,0.0,
apo_all_replicates,0.7684875000000004,0.6058661000000005,0,0.0,
apo_all_replicates,0.7684875000000004,0.7795219000000007,0,0.0,
apo_all_replicates,0.7684875000000004,0.9531777000000008,0,0.0,
apo_all_replicates,0.7684875000000004,1.1268335000000005,0,0.0,
apo_all_replicates,0.7684875000000004,1.3004893000000006,0,0.0,
apo_all_replicates,0.7684875000000004,1.4741451000000008,0,0.0,
apo_all_replicates,0.7684875000000004,1.647800900000001,0,0.0,
apo_all_replicates,0.7684875000000004,1.821456700000001,0,0.0,
apo_all_replicates,0.7684875000000004,1.9951125000000007,0,0.0,
apo_all_replicates,0.7684875000000004,2.168768300000001,0,0.0,
apo_all_replicates,0.7684875000000004,2.342424100000001,0,0.0,
apo_all_replicates,0.7684875000000004,2.5160799000000007,1,0.0004161464835622,9.855740457825776
apo_all_replicates,0.7684875000000004,2.689735700000001,0,0.0,
apo_all_replicates,0.7684875000000004,2.863391500000001,0,0.0,
apo_all_replicates,0.7684875000000004,3.0370473000000007,0,0.0,
apo_all_replicates,0.7684875000000004,3.210703100000001,0,0.0,
apo_all_replicates,0.7684875000000004,3.384358900000001,0,0.0,
apo_all_replicates,0.7684875000000004,3.5580147000000006,0,0.0,
apo_all_replicates,0.7684875000000004,3.731670500000001,0,0.0,
apo_all_replicates,0.7684875000000004,3.905326300000002,0,0.0,
apo_all_replicates,0.7684875000000004,4.078982100000001,0,0.0,
apo_all_replicates,0.9724325000000004,-4.430152100000001,0,0.0,
apo_all_replicates,0.9724325000000004,-4.2564963,0,0.0,
apo_all_replicates,0.9724325000000004,-4.0828405,0,0.0,
apo_all_replicates,0.9724325000000004,-3.9091847,0,0.0,
apo_all_replicates,0.9724325000000004,-3.7355289,0,0.0,
apo_all_replicates,0.9724325000000004,-3.5618731,0,0.0,
apo_all_replicates,0.9724325000000004,-3.3882173,0,0.0,
apo_all_replicates,0.9724325000000004,-3.2145615000000003,0,0.0,
apo_all_replicates,0.9724325000000004,-3.0409057,0,0.0,
apo_all_replicates,0.9724325000000004,-2.8672499,0,0.0,
apo_all_replicates,0.9724325000000004,-2.6935941,0,0.0,
apo_all_replicates,0.9724325000000004,-2.5199383,0,0.0,
apo_all_replicates,0.9724325000000004,-2.3462825,0,0.0,
apo_all_replicates,0.9724325000000004,-2.1726267,0,0.0,
apo_all_replicates,0.9724325000000004,-1.9989709,0,0.0,
apo_all_replicates,0.9724325000000004,-1.8253151,0,0.0,
apo_all_replicates,0.9724325000000004,-1.6516592999999995,3,0.0012484394506866,7.11542921608385
apo_all_replicates,0.9724325000000004,-1.4780034999999996,2,0.0008322929671244,8.126796561364449
apo_all_replicates,0.9724325000000004,-1.3043476999999997,1,0.0004161464835622,9.855740457825776
apo_all_replicates,0.9724325000000004,-1.1306918999999995,4,0.0016645859342488,6.39785266490312
apo_all_replicates,0.9724325000000004,-0.9570360999999996,6,0.0024968789013732,5.386485319622521
apo_all_replicates,0.9724325000000004,-0.7833802999999997,5,0.002080732417811,5.841257050148192
apo_all_replicates,0.9724325000000004,-0.6097244999999998,6,0.0024968789013732,5.386485319622521
apo_all_replicates,0.9724325000000004,-0.4360686999999996,2,0.0008322929671244,8.126796561364449
apo_all_replicates,0.9724325000000004,-0.2624128999999997,1,0.0004161464835622,9.855740457825776
apo_all_replicates,0.9724325000000004,-0.0887570999999995,0,0.0,
apo_all_replicates,0.9724325000000004,0.0848987000000005,0,0.0,
apo_all_replicates,0.9724325000000004,0.2585545000000002,0,0.0,
apo_all_replicates,0.9724325000000004,0.4322103000000004,0,0.0,
apo_all_replicates,0.9724325000000004,0.6058661000000005,1,0.0004161464835622,9.855740457825776
apo_all_replicates,0.9724325000000004,0.7795219000000007,0,0.0,
apo_all_replicates,0.9724325000000004,0.9531777000000008,0,0.0,
apo_all_replicates,0.9724325000000004,1.1268335000000005,0,0.0,
apo_all_replicates,0.9724325000000004,1.3004893000000006,0,0.0,
apo_all_replicates,0.9724325000000004,1.4741451000000008,0,0.0,
apo_all_replicates,0.9724325000000004,1.647800900000001,0,0.0,
apo_all_replicates,0.9724325000000004,1.821456700000001,0,0.0,
apo_all_replicates,0.9724325000000004,1.9951125000000007,1,0.0004161464835622,9.855740457825776
apo_all_replicates,0.9724325000000004,2.168768300000001,0,0.0,
apo_all_replicates,0.9724325000000004,2.342424100000001,0,0.0,
apo_all_replicates,0.9724325000000004,2.5160799000000007,0,0.0,
apo_all_replicates,0.9724325000000004,2.689735700000001,0,0.0,
apo_all_replicates,0.9724325000000004,2.863391500000001,0,0.0,
apo_all_replicates,0.9724325000000004,3.0370473000000007,0,0.0,
apo_all_replicates,0.9724325000000004,3.210703100000001,0,0.0,
apo_all_replicates,0.9724325000000004,3.384358900000001,0,0.0,
apo_all_replicates,0.9724325000000004,3.5580147000000006,0,0.0,
apo_all_replicates,0.9724325000000004,3.731670500000001,0,0.0,
apo_all_replicates,0.9724325000000004,3.905326300000002,0,0.0,
apo_all_replicates,0.9724325000000004,4.078982100000001,0,0.0,
apo_all_replicates,1.1763775000000003,-4.430152100000001,0,0.0,
apo_all_replicates,1.1763775000000003,-4.2564963,0,0.0,
apo_all_replicates,1.1763775000000003,-4.0828405,0,0.0,
apo_all_replicates,1.1763775000000003,-3.9091847,0,0.0,
apo_all_replicates,1.1763775000000003,-3.7355289,0,0.0,
apo_all_replicates,1.1763775000000003,-3.5618731,0,0.0,
apo_all_replicates,1.1763775000000003,-3.3882173,0,0.0,
apo_all_replicates,1.1763775000000003,-3.2145615000000003,0,0.0,
apo_all_replicates,1.1763775000000003,-3.0409057,0,0.0,
apo_all_replicates,1.1763775000000003,-2.8672499,0,0.0,
apo_all_replicates,1.1763775000000003,-2.6935941,0,0.0,
apo_all_replicates,1.1763775000000003,-2.5199383,0,0.0,
apo_all_replicates,1.1763775000000003,-2.3462825,0,0.0,
apo_all_replicates,1.1763775000000003,-2.1726267,1,0.0004161464835622,9.855740457825776
apo_all_replicates,1.1763775000000003,-1.9989709,0,0.0,
apo_all_replicates,1.1763775000000003,-1.8253151,0,0.0,
apo_all_replicates,1.1763775000000003,-1.6516592999999995,0,0.0,
apo_all_replicates,1.1763775000000003,-1.4780034999999996,3,0.0012484394506866,7.11542921608385
apo_all_replicates,1.1763775000000003,-1.3043476999999997,2,0.0008322929671244,8.126796561364449
apo_all_replicates,1.1763775000000003,-1.1306918999999995,1,0.0004161464835622,9.855740457825776
apo_all_replicates,1.1763775000000003,-0.9570360999999996,2,0.0008322929671244,8.126796561364449
apo_all_replicates,1.1763775000000003,-0.7833802999999997,2,0.0008322929671244,8.126796561364449
apo_all_replicates,1.1763775000000003,-0.6097244999999998,2,0.0008322929671244,8.126796561364449
apo_all_replicates,1.1763775000000003,-0.4360686999999996,1,0.0004161464835622,9.855740457825776
apo_all_replicates,1.1763775000000003,-0.2624128999999997,0,0.0,
apo_all_replicates,1.1763775000000003,-0.0887570999999995,0,0.0,
apo_all_replicates,1.1763775000000003,0.0848987000000005,0,0.0,
apo_all_replicates,1.1763775000000003,0.2585545000000002,0,0.0,
apo_all_replicates,1.1763775000000003,0.4322103000000004,0,0.0,
apo_all_replicates,1.1763775000000003,0.6058661000000005,0,0.0,
apo_all_replicates,1.1763775000000003,0.7795219000000007,0,0.0,
apo_all_replicates,1.1763775000000003,0.9531777000000008,0,0.0,
apo_all_replicates,1.1763775000000003,1.1268335000000005,0,0.0,
apo_all_replicates,1.1763775000000003,1.3004893000000006,0,0.0,
apo_all_replicates,1.1763775000000003,1.4741451000000008,0,0.0,
apo_all_replicates,1.1763775000000003,1.647800900000001,0,0.0,
apo_all_replicates,1.1763775000000003,1.821456700000001,0,0.0,
apo_all_replicates,1.1763775000000003,1.9951125000000007,0,0.0,
apo_all_replicates,1.1763775000000003,2.168768300000001,0,0.0,
apo_all_replicates,1.1763775000000003,2.342424100000001,0,0.0,
apo_all_replicates,1.1763775000000003,2.5160799000000007,0,0.0,
apo_all_replicates,1.1763775000000003,2.689735700000001,0,0.0,
apo_all_replicates,1.1763775000000003,2.863391500000001,0,0.0,
apo_all_replicates,1.1763775000000003,3.0370473000000007,0,0.0,
apo_all_replicates,1.1763775000000003,3.210703100000001,0,0.0,
apo_all_replicates,1.1763775000000003,3.384358900000001,0,0.0,
apo_all_replicates,1.1763775000000003,3.5580147000000006,0,0.0,
apo_all_replicates,1.1763775000000003,3.731670500000001,0,0.0,
apo_all_replicates,1.1763775000000003,3.905326300000002,0,0.0,
apo_all_replicates,1.1763775000000003,4.078982100000001,0,0.0,
apo_all_replicates,1.3803225000000006,-4.430152100000001,0,0.0,
apo_all_replicates,1.3803225000000006,-4.2564963,0,0.0,
apo_all_replicates,1.3803225000000006,-4.0828405,0,0.0,
apo_all_replicates,1.3803225000000006,-3.9091847,0,0.0,
apo_all_replicates,1.3803225000000006,-3.7355289,0,0.0,
apo_all_replicates,1.3803225000000006,-3.5618731,0,0.0,
apo_all_replicates,1.3803225000000006,-3.3882173,0,0.0,
apo_all_replicates,1.3803225000000006,-3.2145615000000003,0,0.0,
apo_all_replicates,1.3803225000000006,-3.0409057,0,0.0,
apo_all_replicates,1.3803225000000006,-2.8672499,0,0.0,
apo_all_replicates,1.3803225000000006,-2.6935941,0,0.0,
apo_all_replicates,1.3803225000000006,-2.5199383,0,0.0,
apo_all_replicates,1.3803225000000006,-2.3462825,0,0.0,
apo_all_replicates,1.3803225000000006,-2.1726267,0,0.0,
apo_all_replicates,1.3803225000000006,-1.9989709,0,0.0,
apo_all_replicates,1.3803225000000006,-1.8253151,0,0.0,
apo_all_replicates,1.3803225000000006,-1.6516592999999995,0,0.0,
apo_all_replicates,1.3803225000000006,-1.4780034999999996,1,0.0004161464835622,9.855740457825776
apo_all_replicates,1.3803225000000006,-1.3043476999999997,1,0.0004161464835622,9.855740457825776
apo_all_replicates,1.3803225000000006,-1.1306918999999995,0,0.0,
apo_all_replicates,1.3803225000000006,-0.9570360999999996,0,0.0,
apo_all_replicates,1.3803225000000006,-0.7833802999999997,0,0.0,
apo_all_replicates,1.3803225000000006,-0.6097244999999998,1,0.0004161464835622,9.855740457825776
apo_all_replicates,1.3803225000000006,-0.4360686999999996,0,0.0,
apo_all_replicates,1.3803225000000006,-0.2624128999999997,0,0.0,
apo_all_replicates,1.3803225000000006,-0.0887570999999995,0,0.0,
apo_all_replicates,1.3803225000000006,0.0848987000000005,0,0.0,
apo_all_replicates,1.3803225000000006,0.2585545000000002,0,0.0,
apo_all_replicates,1.3803225000000006,0.4322103000000004,0,0.0,
apo_all_replicates,1.3803225000000006,0.6058661000000005,0,0.0,
apo_all_replicates,1.3803225000000006,0.7795219000000007,0,0.0,
apo_all_replicates,1.3803225000000006,0.9531777000000008,0,0.0,
apo_all_replicates,1.3803225000000006,1.1268335000000005,0,0.0,
apo_all_replicates,1.3803225000000006,1.3004893000000006,0,0.0,
apo_all_replicates,1.3803225000000006,1.4741451000000008,0,0.0,
apo_all_replicates,1.3803225000000006,1.647800900000001,0,0.0,
apo_all_replicates,1.3803225000000006,1.821456700000001,0,0.0,
apo_all_replicates,1.3803225000000006,1.9951125000000007,0,0.0,
apo_all_replicates,1.3803225000000006,2.168768300000001,0,0.0,
apo_all_replicates,1.3803225000000006,2.342424100000001,0,0.0,
apo_all_replicates,1.3803225000000006,2.5160799000000007,0,0.0,
apo_all_replicates,1.3803225000000006,2.689735700000001,0,0.0,
apo_all_replicates,1.3803225000000006,2.863391500000001,0,0.0,
apo_all_replicates,1.3803225000000006,3.0370473000000007,0,0.0,
apo_all_replicates,1.3803225000000006,3.210703100000001,0,0.0,
apo_all_replicates,1.3803225000000006,3.384358900000001,0,0.0,
apo_all_replicates,1.3803225000000006,3.5580147000000006,0,0.0,
apo_all_replicates,1.3803225000000006,3.731670500000001,0,0.0,
apo_all_replicates,1.3803225000000006,3.905326300000002,0,0.0,
apo_all_replicates,1.3803225000000006,4.078982100000001,0,0.0,
apo_all_replicates,1.5842675000000006,-4.430152100000001,0,0.0,
apo_all_replicates,1.5842675000000006,-4.2564963,0,0.0,
apo_all_replicates,1.5842675000000006,-4.0828405,0,0.0,
apo_all_replicates,1.5842675000000006,-3.9091847,0,0.0,
apo_all_replicates,1.5842675000000006,-3.7355289,0,0.0,
apo_all_replicates,1.5842675000000006,-3.5618731,0,0.0,
apo_all_replicates,1.5842675000000006,-3.3882173,0,0.0,
apo_all_replicates,1.5842675000000006,-3.2145615000000003,0,0.0,
apo_all_replicates,1.5842675000000006,-3.0409057,0,0.0,
apo_all_replicates,1.5842675000000006,-2.8672499,0,0.0,
apo_all_replicates,1.5842675000000006,-2.6935941,0,0.0,
apo_all_replicates,1.5842675000000006,-2.5199383,0,0.0,
apo_all_replicates,1.5842675000000006,-2.3462825,0,0.0,
apo_all_replicates,1.5842675000000006,-2.1726267,0,0.0,
apo_all_replicates,1.5842675000000006,-1.9989709,0,0.0,
apo_all_replicates,1.5842675000000006,-1.8253151,1,0.0004161464835622,9.855740457825776
apo_all_replicates,1.5842675000000006,-1.6516592999999995,0,0.0,
apo_all_replicates,1.5842675000000006,-1.4780034999999996,0,0.0,
apo_all_replicates,1.5842675000000006,-1.3043476999999997,0,0.0,
apo_all_replicates,1.5842675000000006,-1.1306918999999995,0,0.0,
apo_all_replicates,1.5842675000000006,-0.9570360999999996,0,0.0,
apo_all_replicates,1.5842675000000006,-0.7833802999999997,0,0.0,
apo_all_replicates,1.5842675000000006,-0.6097244999999998,0,0.0,
apo_all_replicates,1.5842675000000006,-0.4360686999999996,0,0.0,
apo_all_replicates,1.5842675000000006,-0.2624128999999997,0,0.0,
apo_all_replicates,1.5842675000000006,-0.0887570999999995,0,0.0,
apo_all_replicates,1.5842675000000006,0.0848987000000005,0,0.0,
apo_all_replicates,1.5842675000000006,0.2585545000000002,0,0.0,
apo_all_replicates,1.5842675000000006,0.4322103000000004,0,0.0,
apo_all_replicates,1.5842675000000006,0.6058661000000005,0,0.0,
apo_all_replicates,1.5842675000000006,0.7795219000000007,0,0.0,
apo_all_replicates,1.5842675000000006,0.9531777000000008,0,0.0,
apo_all_replicates,1.5842675000000006,1.1268335000000005,0,0.0,
apo_all_replicates,1.5842675000000006,1.3004893000000006,0,0.0,
apo_all_replicates,1.5842675000000006,1.4741451000000008,0,0.0,
apo_all_replicates,1.5842675000000006,1.647800900000001,0,0.0,
apo_all_replicates,1.5842675000000006,1.821456700000001,0,0.0,
apo_all_replicates,1.5842675000000006,1.9951125000000007,0,0.0,
apo_all_replicates,1.5842675000000006,2.168768300000001,0,0.0,
apo_all_replicates,1.5842675000000006,2.342424100000001,0,0.0,
apo_all_replicates,1.5842675000000006,2.5160799000000007,0,0.0,
apo_all_replicates,1.5842675000000006,2.689735700000001,0,0.0,
apo_all_replicates,1.5842675000000006,2.863391500000001,0,0.0,
apo_all_replicates,1.5842675000000006,3.0370473000000007,0,0.0,
apo_all_replicates,1.5842675000000006,3.210703100000001,0,0.0,
apo_all_replicates,1.5842675000000006,3.384358900000001,0,0.0,
apo_all_replicates,1.5842675000000006,3.5580147000000006,0,0.0,
apo_all_replicates,1.5842675000000006,3.731670500000001,0,0.0,
apo_all_replicates,1.5842675000000006,3.905326300000002,0,0.0,
apo_all_replicates,1.5842675000000006,4.078982100000001,0,0.0,
apo_all_replicates,1.7882125000000006,-4.430152100000001,0,0.0,
apo_all_replicates,1.7882125000000006,-4.2564963,0,0.0,
apo_all_replicates,1.7882125000000006,-4.0828405,0,0.0,
apo_all_replicates,1.7882125000000006,-3.9091847,0,0.0,
apo_all_replicates,1.7882125000000006,-3.7355289,0,0.0,
apo_all_replicates,1.7882125000000006,-3.5618731,0,0.0,
apo_all_replicates,1.7882125000000006,-3.3882173,0,0.0,
apo_all_replicates,1.7882125000000006,-3.2145615000000003,0,0.0,
apo_all_replicates,1.7882125000000006,-3.0409057,0,0.0,
apo_all_replicates,1.7882125000000006,-2.8672499,0,0.0,
apo_all_replicates,1.7882125000000006,-2.6935941,0,0.0,
apo_all_replicates,1.7882125000000006,-2.5199383,0,0.0,
apo_all_replicates,1.7882125000000006,-2.3462825,0,0.0,
apo_all_replicates,1.7882125000000006,-2.1726267,0,0.0,
apo_all_replicates,1.7882125000000006,-1.9989709,0,0.0,
apo_all_replicates,1.7882125000000006,-1.8253151,0,0.0,
apo_all_replicates,1.7882125000000006,-1.6516592999999995,0,0.0,
apo_all_replicates,1.7882125000000006,-1.4780034999999996,0,0.0,
apo_all_replicates,1.7882125000000006,-1.3043476999999997,0,0.0,
apo_all_replicates,1.7882125000000006,-1.1306918999999995,0,0.0,
apo_all_replicates,1.7882125000000006,-0.9570360999999996,0,0.0,
apo_all_replicates,1.7882125000000006,-0.7833802999999997,0,0.0,
apo_all_replicates,1.7882125000000006,-0.6097244999999998,0,0.0,
apo_all_replicates,1.7882125000000006,-0.4360686999999996,0,0.0,
apo_all_replicates,1.7882125000000006,-0.2624128999999997,0,0.0,
apo_all_replicates,1.7882125000000006,-0.0887570999999995,0,0.0,
apo_all_replicates,1.7882125000000006,0.0848987000000005,0,0.0,
apo_all_replicates,1.7882125000000006,0.2585545000000002,0,0.0,
apo_all_replicates,1.7882125000000006,0.4322103000000004,0,0.0,
apo_all_replicates,1.7882125000000006,0.6058661000000005,0,0.0,
apo_all_replicates,1.7882125000000006,0.7795219000000007,0,0.0,
apo_all_replicates,1.7882125000000006,0.9531777000000008,0,0.0,
apo_all_replicates,1.7882125000000006,1.1268335000000005,0,0.0,
apo_all_replicates,1.7882125000000006,1.3004893000000006,0,0.0,
apo_all_replicates,1.7882125000000006,1.4741451000000008,0,0.0,
apo_all_replicates,1.7882125000000006,1.647800900000001,0,0.0,
apo_all_replicates,1.7882125000000006,1.821456700000001,0,0.0,
apo_all_replicates,1.7882125000000006,1.9951125000000007,0,0.0,
apo_all_replicates,1.7882125000000006,2.168768300000001,0,0.0,
apo_all_replicates,1.7882125000000006,2.342424100000001,0,0.0,
apo_all_replicates,1.7882125000000006,2.5160799000000007,0,0.0,
apo_all_replicates,1.7882125000000006,2.689735700000001,0,0.0,
apo_all_replicates,1.7882125000000006,2.863391500000001,0,0.0,
apo_all_replicates,1.7882125000000006,3.0370473000000007,0,0.0,
apo_all_replicates,1.7882125000000006,3.210703100000001,0,0.0,
apo_all_replicates,1.7882125000000006,3.384358900000001,0,0.0,
apo_all_replicates,1.7882125000000006,3.5580147000000006,0,0.0,
apo_all_replicates,1.7882125000000006,3.731670500000001,0,0.0,
apo_all_replicates,1.7882125000000006,3.905326300000002,0,0.0,
apo_all_replicates,1.7882125000000006,4.078982100000001,0,0.0,
apo_all_replicates,1.9921575000000007,-4.430152100000001,0,0.0,
apo_all_replicates,1.9921575000000007,-4.2564963,0,0.0,
apo_all_replicates,1.9921575000000007,-4.0828405,0,0.0,
apo_all_replicates,1.9921575000000007,-3.9091847,0,0.0,
apo_all_replicates,1.9921575000000007,-3.7355289,0,0.0,
apo_all_replicates,1.9921575000000007,-3.5618731,0,0.0,
apo_all_replicates,1.9921575000000007,-3.3882173,0,0.0,
apo_all_replicates,1.9921575000000007,-3.2145615000000003,0,0.0,
apo_all_replicates,1.9921575000000007,-3.0409057,0,0.0,
apo_all_replicates,1.9921575000000007,-2.8672499,0,0.0,
apo_all_replicates,1.9921575000000007,-2.6935941,0,0.0,
apo_all_replicates,1.9921575000000007,-2.5199383,0,0.0,
apo_all_replicates,1.9921575000000007,-2.3462825,0,0.0,
apo_all_replicates,1.9921575000000007,-2.1726267,0,0.0,
apo_all_replicates,1.9921575000000007,-1.9989709,0,0.0,
apo_all_replicates,1.9921575000000007,-1.8253151,0,0.0,
apo_all_replicates,1.9921575000000007,-1.6516592999999995,0,0.0,
apo_all_replicates,1.9921575000000007,-1.4780034999999996,0,0.0,
apo_all_replicates,1.9921575000000007,-1.3043476999999997,0,0.0,
apo_all_replicates,1.9921575000000007,-1.1306918999999995,0,0.0,
apo_all_replicates,1.9921575000000007,-0.9570360999999996,0,0.0,
apo_all_replicates,1.9921575000000007,-0.7833802999999997,0,0.0,
apo_all_replicates,1.9921575000000007,-0.6097244999999998,0,0.0,
apo_all_replicates,1.9921575000000007,-0.4360686999999996,0,0.0,
apo_all_replicates,1.9921575000000007,-0.2624128999999997,0,0.0,
apo_all_replicates,1.9921575000000007,-0.0887570999999995,0,0.0,
apo_all_replicates,1.9921575000000007,0.0848987000000005,0,0.0,
apo_all_replicates,1.9921575000000007,0.2585545000000002,0,0.0,
apo_all_replicates,1.9921575000000007,0.4322103000000004,0,0.0,
apo_all_replicates,1.9921575000000007,0.6058661000000005,0,0.0,
apo_all_replicates,1.9921575000000007,0.7795219000000007,0,0.0,
apo_all_replicates,1.9921575000000007,0.9531777000000008,0,0.0,
apo_all_replicates,1.9921575000000007,1.1268335000000005,0,0.0,
apo_all_replicates,1.9921575000000007,1.3004893000000006,0,0.0,
apo_all_replicates,1.9921575000000007,1.4741451000000008,0,0.0,
apo_all_replicates,1.9921575000000007,1.647800900000001,0,0.0,
apo_all_replicates,1.9921575000000007,1.821456700000001,0,0.0,
apo_all_replicates,1.9921575000000007,1.9951125000000007,0,0.0,
apo_all_replicates,1.9921575000000007,2.168768300000001,0,0.0,
apo_all_replicates,1.9921575000000007,2.342424100000001,0,0.0,
apo_all_replicates,1.9921575000000007,2.5160799000000007,0,0.0,
apo_all_replicates,1.9921575000000007,2.689735700000001,0,0.0,
apo_all_replicates,1.9921575000000007,2.863391500000001,0,0.0,
apo_all_replicates,1.9921575000000007,3.0370473000000007,0,0.0,
apo_all_replicates,1.9921575000000007,3.210703100000001,0,0.0,
apo_all_replicates,1.9921575000000007,3.384358900000001,0,0.0,
apo_all_replicates,1.9921575000000007,3.5580147000000006,0,0.0,
apo_all_replicates,1.9921575000000007,3.731670500000001,0,0.0,
apo_all_replicates,1.9921575000000007,3.905326300000002,0,0.0,
apo_all_replicates,1.9921575000000007,4.078982100000001,0,0.0,
apo_all_replicates,2.1961025000000007,-4.430152100000001,0,0.0,
apo_all_replicates,2.1961025000000007,-4.2564963,0,0.0,
apo_all_replicates,2.1961025000000007,-4.0828405,0,0.0,
apo_all_replicates,2.1961025000000007,-3.9091847,0,0.0,
apo_all_replicates,2.1961025000000007,-3.7355289,0,0.0,
apo_all_replicates,2.1961025000000007,-3.5618731,0,0.0,
apo_all_replicates,2.1961025000000007,-3.3882173,0,0.0,
apo_all_replicates,2.1961025000000007,-3.2145615000000003,0,0.0,
apo_all_replicates,2.1961025000000007,-3.0409057,0,0.0,
apo_all_replicates,2.1961025000000007,-2.8672499,0,0.0,
apo_all_replicates,2.1961025000000007,-2.6935941,0,0.0,
apo_all_replicates,2.1961025000000007,-2.5199383,0,0.0,
apo_all_replicates,2.1961025000000007,-2.3462825,0,0.0,
apo_all_replicates,2.1961025000000007,-2.1726267,0,0.0,
apo_all_replicates,2.1961025000000007,-1.9989709,0,0.0,
apo_all_replicates,2.1961025000000007,-1.8253151,0,0.0,
apo_all_replicates,2.1961025000000007,-1.6516592999999995,0,0.0,
apo_all_replicates,2.1961025000000007,-1.4780034999999996,0,0.0,
apo_all_replicates,2.1961025000000007,-1.3043476999999997,0,0.0,
apo_all_replicates,2.1961025000000007,-1.1306918999999995,0,0.0,
apo_all_replicates,2.1961025000000007,-0.9570360999999996,0,0.0,
apo_all_replicates,2.1961025000000007,-0.7833802999999997,0,0.0,
apo_all_replicates,2.1961025000000007,-0.6097244999999998,0,0.0,
apo_all_replicates,2.1961025000000007,-0.4360686999999996,0,0.0,
apo_all_replicates,2.1961025000000007,-0.2624128999999997,0,0.0,
apo_all_replicates,2.1961025000000007,-0.0887570999999995,0,0.0,
apo_all_replicates,2.1961025000000007,0.0848987000000005,0,0.0,
apo_all_replicates,2.1961025000000007,0.2585545000000002,0,0.0,
apo_all_replicates,2.1961025000000007,0.4322103000000004,0,0.0,
apo_all_replicates,2.1961025000000007,0.6058661000000005,0,0.0,
apo_all_replicates,2.1961025000000007,0.7795219000000007,0,0.0,
apo_all_replicates,2.1961025000000007,0.9531777000000008,0,0.0,
apo_all_replicates,2.1961025000000007,1.1268335000000005,0,0.0,
apo_all_replicates,2.1961025000000007,1.3004893000000006,0,0.0,
apo_all_replicates,2.1961025000000007,1.4741451000000008,0,0.0,
apo_all_replicates,2.1961025000000007,1.647800900000001,0,0.0,
apo_all_replicates,2.1961025000000007,1.821456700000001,0,0.0,
apo_all_replicates,2.1961025000000007,1.9951125000000007,0,0.0,
apo_all_replicates,2.1961025000000007,2.168768300000001,0,0.0,
apo_all_replicates,2.1961025000000007,2.342424100000001,0,0.0,
apo_all_replicates,2.1961025000000007,2.5160799000000007,0,0.0,
apo_all_replicates,2.1961025000000007,2.689735700000001,0,0.0,
apo_all_replicates,2.1961025000000007,2.863391500000001,0,0.0,
apo_all_replicates,2.1961025000000007,3.0370473000000007,0,0.0,
apo_all_replicates,2.1961025000000007,3.210703100000001,0,0.0,
apo_all_replicates,2.1961025000000007,3.384358900000001,0,0.0,
apo_all_replicates,2.1961025000000007,3.5580147000000006,0,0.0,
apo_all_replicates,2.1961025000000007,3.731670500000001,0,0.0,
apo_all_replicates,2.1961025000000007,3.905326300000002,0,0.0,
apo_all_replicates,2.1961025000000007,4.078982100000001,0,0.0,
apo_all_replicates,2.4000475000000008,-4.430152100000001,0,0.0,
apo_all_replicates,2.4000475000000008,-4.2564963,0,0.0,
apo_all_replicates,2.4000475000000008,-4.0828405,0,0.0,
apo_all_replicates,2.4000475000000008,-3.9091847,0,0.0,
apo_all_replicates,2.4000475000000008,-3.7355289,0,0.0,
apo_all_replicates,2.4000475000000008,-3.5618731,0,0.0,
apo_all_replicates,2.4000475000000008,-3.3882173,0,0.0,
apo_all_replicates,2.4000475000000008,-3.2145615000000003,0,0.0,
apo_all_replicates,2.4000475000000008,-3.0409057,0,0.0,
apo_all_replicates,2.4000475000000008,-2.8672499,0,0.0,
apo_all_replicates,2.4000475000000008,-2.6935941,0,0.0,
apo_all_replicates,2.4000475000000008,-2.5199383,0,0.0,
apo_all_replicates,2.4000475000000008,-2.3462825,0,0.0,
apo_all_replicates,2.4000475000000008,-2.1726267,0,0.0,
apo_all_replicates,2.4000475000000008,-1.9989709,0,0.0,
apo_all_replicates,2.4000475000000008,-1.8253151,0,0.0,
apo_all_replicates,2.4000475000000008,-1.6516592999999995,0,0.0,
apo_all_replicates,2.4000475000000008,-1.4780034999999996,0,0.0,
apo_all_replicates,2.4000475000000008,-1.3043476999999997,0,0.0,
apo_all_replicates,2.4000475000000008,-1.1306918999999995,0,0.0,
apo_all_replicates,2.4000475000000008,-0.9570360999999996,0,0.0,
apo_all_replicates,2.4000475000000008,-0.7833802999999997,0,0.0,
apo_all_replicates,2.4000475000000008,-0.6097244999999998,0,0.0,
apo_all_replicates,2.4000475000000008,-0.4360686999999996,0,0.0,
apo_all_replicates,2.4000475000000008,-0.2624128999999997,0,0.0,
apo_all_replicates,2.4000475000000008,-0.0887570999999995,0,0.0,
apo_all_replicates,2.4000475000000008,0.0848987000000005,0,0.0,
apo_all_replicates,2.4000475000000008,0.2585545000000002,0,0.0,
apo_all_replicates,2.4000475000000008,0.4322103000000004,0,0.0,
apo_all_replicates,2.4000475000000008,0.6058661000000005,0,0.0,
apo_all_replicates,2.4000475000000008,0.7795219000000007,0,0.0,
apo_all_replicates,2.4000475000000008,0.9531777000000008,0,0.0,
apo_all_replicates,2.4000475000000008,1.1268335000000005,0,0.0,
apo_all_replicates,2.4000475000000008,1.3004893000000006,0,0.0,
apo_all_replicates,2.4000475000000008,1.4741451000000008,0,0.0,
apo_all_replicates,2.4000475000000008,1.647800900000001,0,0.0,
apo_all_replicates,2.4000475000000008,1.821456700000001,0,0.0,
apo_all_replicates,2.4000475000000008,1.9951125000000007,0,0.0,
apo_all_replicates,2.4000475000000008,2.168768300000001,0,0.0,
apo_all_replicates,2.4000475000000008,2.342424100000001,0,0.0,
apo_all_replicates,2.4000475000000008,2.5160799000000007,0,0.0,
apo_all_replicates,2.4000475000000008,2.689735700000001,0,0.0,
apo_all_replicates,2.4000475000000008,2.863391500000001,0,0.0,
apo_all_replicates,2.4000475000000008,3.0370473000000007,0,0.0,
apo_all_replicates,2.4000475000000008,3.210703100000001,0,0.0,
apo_all_replicates,2.4000475000000008,3.384358900000001,0,0.0,
apo_all_replicates,2.4000475000000008,3.5580147000000006,0,0.0,
apo_all_replicates,2.4000475000000008,3.731670500000001,0,0.0,
apo_all_replicates,2.4000475000000008,3.905326300000002,0,0.0,
apo_all_replicates,2.4000475000000008,4.078982100000001,0,0.0,
apo_all_replicates,2.603992500000001,-4.430152100000001,0,0.0,
apo_all_replicates,2.603992500000001,-4.2564963,0,0.0,
apo_all_replicates,2.603992500000001,-4.0828405,0,0.0,
apo_all_replicates,2.603992500000001,-3.9091847,0,0.0,
apo_all_replicates,2.603992500000001,-3.7355289,0,0.0,
apo_all_replicates,2.603992500000001,-3.5618731,0,0.0,
apo_all_replicates,2.603992500000001,-3.3882173,0,0.0,
apo_all_replicates,2.603992500000001,-3.2145615000000003,0,0.0,
apo_all_replicates,2.603992500000001,-3.0409057,0,0.0,
apo_all_replicates,2.603992500000001,-2.8672499,0,0.0,
apo_all_replicates,2.603992500000001,-2.6935941,0,0.0,
apo_all_replicates,2.603992500000001,-2.5199383,0,0.0,
apo_all_replicates,2.603992500000001,-2.3462825,0,0.0,
apo_all_replicates,2.603992500000001,-2.1726267,0,0.0,
apo_all_replicates,2.603992500000001,-1.9989709,0,0.0,
apo_all_replicates,2.603992500000001,-1.8253151,0,0.0,
apo_all_replicates,2.603992500000001,-1.6516592999999995,0,0.0,
apo_all_replicates,2.603992500000001,-1.4780034999999996,0,0.0,
apo_all_replicates,2.603992500000001,-1.3043476999999997,0,0.0,
apo_all_replicates,2.603992500000001,-1.1306918999999995,0,0.0,
apo_all_replicates,2.603992500000001,-0.9570360999999996,0,0.0,
apo_all_replicates,2.603992500000001,-0.7833802999999997,0,0.0,
apo_all_replicates,2.603992500000001,-0.6097244999999998,0,0.0,
apo_all_replicates,2.603992500000001,-0.4360686999999996,0,0.0,
apo_all_replicates,2.603992500000001,-0.2624128999999997,0,0.0,
apo_all_replicates,2.603992500000001,-0.0887570999999995,0,0.0,
apo_all_replicates,2.603992500000001,0.0848987000000005,0,0.0,
apo_all_replicates,2.603992500000001,0.2585545000000002,0,0.0,
apo_all_replicates,2.603992500000001,0.4322103000000004,0,0.0,
apo_all_replicates,2.603992500000001,0.6058661000000005,0,0.0,
apo_all_replicates,2.603992500000001,0.7795219000000007,0,0.0,
apo_all_replicates,2.603992500000001,0.9531777000000008,0,0.0,
apo_all_replicates,2.603992500000001,1.1268335000000005,0,0.0,
apo_all_replicates,2.603992500000001,1.3004893000000006,0,0.0,
apo_all_replicates,2.603992500000001,1.4741451000000008,0,0.0,
apo_all_replicates,2.603992500000001,1.647800900000001,0,0.0,
apo_all_replicates,2.603992500000001,1.821456700000001,0,0.0,
apo_all_replicates,2.603992500000001,1.9951125000000007,0,0.0,
apo_all_replicates,2.603992500000001,2.168768300000001,0,0.0,
apo_all_replicates,2.603992500000001,2.342424100000001,0,0.0,
apo_all_replicates,2.603992500000001,2.5160799000000007,0,0.0,
apo_all_replicates,2.603992500000001,2.689735700000001,0,0.0,
apo_all_replicates,2.603992500000001,2.863391500000001,0,0.0,
apo_all_replicates,2.603992500000001,3.0370473000000007,0,0.0,
apo_all_replicates,2.603992500000001,3.210703100000001,0,0.0,
apo_all_replicates,2.603992500000001,3.384358900000001,0,0.0,
apo_all_replicates,2.603992500000001,3.5580147000000006,0,0.0,
apo_all_replicates,2.603992500000001,3.731670500000001,0,0.0,
apo_all_replicates,2.603992500000001,3.905326300000002,0,0.0,
apo_all_replicates,2.603992500000001,4.078982100000001,0,0.0,
apo_all_replicates,2.807937500000001,-4.430152100000001,0,0.0,
apo_all_replicates,2.807937500000001,-4.2564963,0,0.0,
apo_all_replicates,2.807937500000001,-4.0828405,0,0.0,
apo_all_replicates,2.807937500000001,-3.9091847,0,0.0,
apo_all_replicates,2.807937500000001,-3.7355289,0,0.0,
apo_all_replicates,2.807937500000001,-3.5618731,0,0.0,
apo_all_replicates,2.807937500000001,-3.3882173,0,0.0,
apo_all_replicates,2.807937500000001,-3.2145615000000003,0,0.0,
apo_all_replicates,2.807937500000001,-3.0409057,0,0.0,
apo_all_replicates,2.807937500000001,-2.8672499,0,0.0,
apo_all_replicates,2.807937500000001,-2.6935941,0,0.0,
apo_all_replicates,2.807937500000001,-2.5199383,0,0.0,
apo_all_replicates,2.807937500000001,-2.3462825,0,0.0,
apo_all_replicates,2.807937500000001,-2.1726267,0,0.0,
apo_all_replicates,2.807937500000001,-1.9989709,0,0.0,
apo_all_replicates,2.807937500000001,-1.8253151,0,0.0,
apo_all_replicates,2.807937500000001,-1.6516592999999995,0,0.0,
apo_all_replicates,2.807937500000001,-1.4780034999999996,0,0.0,
apo_all_replicates,2.807937500000001,-1.3043476999999997,0,0.0,
apo_all_replicates,2.807937500000001,-1.1306918999999995,0,0.0,
apo_all_replicates,2.807937500000001,-0.9570360999999996,0,0.0,
apo_all_replicates,2.807937500000001,-0.7833802999999997,0,0.0,
apo_all_replicates,2.807937500000001,-0.6097244999999998,0,0.0,
apo_all_replicates,2.807937500000001,-0.4360686999999996,0,0.0,
apo_all_replicates,2.807937500000001,-0.2624128999999997,0,0.0,
apo_all_replicates,2.807937500000001,-0.0887570999999995,0,0.0,
apo_all_replicates,2.807937500000001,0.0848987000000005,0,0.0,
apo_all_replicates,2.807937500000001,0.2585545000000002,0,0.0,
apo_all_replicates,2.807937500000001,0.4322103000000004,0,0.0,
apo_all_replicates,2.807937500000001,0.6058661000000005,0,0.0,
apo_all_replicates,2.807937500000001,0.7795219000000007,0,0.0,
apo_all_replicates,2.807937500000001,0.9531777000000008,0,0.0,
apo_all_replicates,2.807937500000001,1.1268335000000005,0,0.0,
apo_all_replicates,2.807937500000001,1.3004893000000006,0,0.0,
apo_all_replicates,2.807937500000001,1.4741451000000008,0,0.0,
apo_all_replicates,2.807937500000001,1.647800900000001,0,0.0,
apo_all_replicates,2.807937500000001,1.821456700000001,0,0.0,
apo_all_replicates,2.807937500000001,1.9951125000000007,0,0.0,
apo_all_replicates,2.807937500000001,2.168768300000001,0,0.0,
apo_all_replicates,2.807937500000001,2.342424100000001,0,0.0,
apo_all_replicates,2.807937500000001,2.5160799000000007,0,0.0,
apo_all_replicates,2.807937500000001,2.689735700000001,0,0.0,
apo_all_replicates,2.807937500000001,2.863391500000001,0,0.0,
apo_all_replicates,2.807937500000001,3.0370473000000007,0,0.0,
apo_all_replicates,2.807937500000001,3.210703100000001,0,0.0,
apo_all_replicates,2.807937500000001,3.384358900000001,0,0.0,
apo_all_replicates,2.807937500000001,3.5580147000000006,0,0.0,
apo_all_replicates,2.807937500000001,3.731670500000001,0,0.0,
apo_all_replicates,2.807937500000001,3.905326300000002,0,0.0,
apo_all_replicates,2.807937500000001,4.078982100000001,0,0.0,
apo_all_replicates,3.011882500000001,-4.430152100000001,0,0.0,
apo_all_replicates,3.011882500000001,-4.2564963,0,0.0,
apo_all_replicates,3.011882500000001,-4.0828405,0,0.0,
apo_all_replicates,3.011882500000001,-3.9091847,0,0.0,
apo_all_replicates,3.011882500000001,-3.7355289,0,0.0,
apo_all_replicates,3.011882500000001,-3.5618731,0,0.0,
apo_all_replicates,3.011882500000001,-3.3882173,0,0.0,
apo_all_replicates,3.011882500000001,-3.2145615000000003,0,0.0,
apo_all_replicates,3.011882500000001,-3.0409057,0,0.0,
apo_all_replicates,3.011882500000001,-2.8672499,0,0.0,
apo_all_replicates,3.011882500000001,-2.6935941,0,0.0,
apo_all_replicates,3.011882500000001,-2.5199383,0,0.0,
apo_all_replicates,3.011882500000001,-2.3462825,0,0.0,
apo_all_replicates,3.011882500000001,-2.1726267,0,0.0,
apo_all_replicates,3.011882500000001,-1.9989709,0,0.0,
apo_all_replicates,3.011882500000001,-1.8253151,0,0.0,
apo_all_replicates,3.011882500000001,-1.6516592999999995,0,0.0,
apo_all_replicates,3.011882500000001,-1.4780034999999996,0,0.0,
apo_all_replicates,3.011882500000001,-1.3043476999999997,0,0.0,
apo_all_replicates,3.011882500000001,-1.1306918999999995,0,0.0,
apo_all_replicates,3.011882500000001,-0.9570360999999996,0,0.0,
apo_all_replicates,3.011882500000001,-0.7833802999999997,0,0.0,
apo_all_replicates,3.011882500000001,-0.6097244999999998,0,0.0,
apo_all_replicates,3.011882500000001,-0.4360686999999996,0,0.0,
apo_all_replicates,3.011882500000001,-0.2624128999999997,2,0.0008322929671244,8.126796561364449
apo_all_replicates,3.011882500000001,-0.0887570999999995,0,0.0,
apo_all_replicates,3.011882500000001,0.0848987000000005,0,0.0,
apo_all_replicates,3.011882500000001,0.2585545000000002,0,0.0,
apo_all_replicates,3.011882500000001,0.4322103000000004,1,0.0004161464835622,9.855740457825776
apo_all_replicates,3.011882500000001,0.6058661000000005,0,0.0,
apo_all_replicates,3.011882500000001,0.7795219000000007,0,0.0,
apo_all_replicates,3.011882500000001,0.9531777000000008,0,0.0,
apo_all_replicates,3.011882500000001,1.1268335000000005,0,0.0,
apo_all_replicates,3.011882500000001,1.3004893000000006,0,0.0,
apo_all_replicates,3.011882500000001,1.4741451000000008,0,0.0,
apo_all_replicates,3.011882500000001,1.647800900000001,0,0.0,
apo_all_replicates,3.011882500000001,1.821456700000001,0,0.0,
apo_all_replicates,3.011882500000001,1.9951125000000007,0,0.0,
apo_all_replicates,3.011882500000001,2.168768300000001,0,0.0,
apo_all_replicates,3.011882500000001,2.342424100000001,0,0.0,
apo_all_replicates,3.011882500000001,2.5160799000000007,0,0.0,
apo_all_replicates,3.011882500000001,2.689735700000001,0,0.0,
apo_all_replicates,3.011882500000001,2.863391500000001,0,0.0,
apo_all_replicates,3.011882500000001,3.0370473000000007,0,0.0,
apo_all_replicates,3.011882500000001,3.210703100000001,0,0.0,
apo_all_replicates,3.011882500000001,3.384358900000001,0,0.0,
apo_all_replicates,3.011882500000001,3.5580147000000006,0,0.0,
apo_all_replicates,3.011882500000001,3.731670500000001,0,0.0,
apo_all_replicates,3.011882500000001,3.905326300000002,0,0.0,
apo_all_replicates,3.011882500000001,4.078982100000001,0,0.0,
apo_all_replicates,3.215827500000001,-4.430152100000001,0,0.0,
apo_all_replicates,3.215827500000001,-4.2564963,0,0.0,
apo_all_replicates,3.215827500000001,-4.0828405,0,0.0,
apo_all_replicates,3.215827500000001,-3.9091847,0,0.0,
apo_all_replicates,3.215827500000001,-3.7355289,0,0.0,
apo_all_replicates,3.215827500000001,-3.5618731,0,0.0,
apo_all_replicates,3.215827500000001,-3.3882173,0,0.0,
apo_all_replicates,3.215827500000001,-3.2145615000000003,0,0.0,
apo_all_replicates,3.215827500000001,-3.0409057,0,0.0,
apo_all_replicates,3.215827500000001,-2.8672499,0,0.0,
apo_all_replicates,3.215827500000001,-2.6935941,0,0.0,
apo_all_replicates,3.215827500000001,-2.5199383,0,0.0,
apo_all_replicates,3.215827500000001,-2.3462825,0,0.0,
apo_all_replicates,3.215827500000001,-2.1726267,0,0.0,
apo_all_replicates,3.215827500000001,-1.9989709,0,0.0,
apo_all_replicates,3.215827500000001,-1.8253151,0,0.0,
apo_all_replicates,3.215827500000001,-1.6516592999999995,0,0.0,
apo_all_replicates,3.215827500000001,-1.4780034999999996,0,0.0,
apo_all_replicates,3.215827500000001,-1.3043476999999997,0,0.0,
apo_all_replicates,3.215827500000001,-1.1306918999999995,0,0.0,
apo_all_replicates,3.215827500000001,-0.9570360999999996,0,0.0,
apo_all_replicates,3.215827500000001,-0.7833802999999997,0,0.0,
apo_all_replicates,3.215827500000001,-0.6097244999999998,0,0.0,
apo_all_replicates,3.215827500000001,-0.4360686999999996,0,0.0,
apo_all_replicates,3.215827500000001,-0.2624128999999997,0,0.0,
apo_all_replicates,3.215827500000001,-0.0887570999999995,1,0.0004161464835622,9.855740457825776
apo_all_replicates,3.215827500000001,0.0848987000000005,0,0.0,
apo_all_replicates,3.215827500000001,0.2585545000000002,0,0.0,
apo_all_replicates,3.215827500000001,0.4322103000000004,0,0.0,
apo_all_replicates,3.215827500000001,0.6058661000000005,0,0.0,
apo_all_replicates,3.215827500000001,0.7795219000000007,0,0.0,
apo_all_replicates,3.215827500000001,0.9531777000000008,0,0.0,
apo_all_replicates,3.215827500000001,1.1268335000000005,0,0.0,
apo_all_replicates,3.215827500000001,1.3004893000000006,0,0.0,
apo_all_replicates,3.215827500000001,1.4741451000000008,0,0.0,
apo_all_replicates,3.215827500000001,1.647800900000001,0,0.0,
apo_all_replicates,3.215827500000001,1.821456700000001,0,0.0,
apo_all_replicates,3.215827500000001,1.9951125000000007,0,0.0,
apo_all_replicates,3.215827500000001,2.168768300000001,0,0.0,
apo_all_replicates,3.215827500000001,2.342424100000001,0,0.0,
apo_all_replicates,3.215827500000001,2.5160799000000007,0,0.0,
apo_all_replicates,3.215827500000001,2.689735700000001,0,0.0,
apo_all_replicates,3.215827500000001,2.863391500000001,0,0.0,
apo_all_replicates,3.215827500000001,3.0370473000000007,0,0.0,
apo_all_replicates,3.215827500000001,3.210703100000001,0,0.0,
apo_all_replicates,3.215827500000001,3.384358900000001,0,0.0,
apo_all_replicates,3.215827500000001,3.5580147000000006,0,0.0,
apo_all_replicates,3.215827500000001,3.731670500000001,0,0.0,
apo_all_replicates,3.215827500000001,3.905326300000002,0,0.0,
apo_all_replicates,3.215827500000001,4.078982100000001,0,0.0,
apo_all_replicates,3.419772500000001,-4.430152100000001,0,0.0,
apo_all_replicates,3.419772500000001,-4.2564963,0,0.0,
apo_all_replicates,3.419772500000001,-4.0828405,0,0.0,
apo_all_replicates,3.419772500000001,-3.9091847,0,0.0,
apo_all_replicates,3.419772500000001,-3.7355289,0,0.0,
apo_all_replicates,3.419772500000001,-3.5618731,0,0.0,
apo_all_replicates,3.419772500000001,-3.3882173,0,0.0,
apo_all_replicates,3.419772500000001,-3.2145615000000003,0,0.0,
apo_all_replicates,3.419772500000001,-3.0409057,0,0.0,
apo_all_replicates,3.419772500000001,-2.8672499,0,0.0,
apo_all_replicates,3.419772500000001,-2.6935941,0,0.0,
apo_all_replicates,3.419772500000001,-2.5199383,0,0.0,
apo_all_replicates,3.419772500000001,-2.3462825,0,0.0,
apo_all_replicates,3.419772500000001,-2.1726267,0,0.0,
apo_all_replicates,3.419772500000001,-1.9989709,0,0.0,
apo_all_replicates,3.419772500000001,-1.8253151,0,0.0,
apo_all_replicates,3.419772500000001,-1.6516592999999995,0,0.0,
apo_all_replicates,3.419772500000001,-1.4780034999999996,0,0.0,
apo_all_replicates,3.419772500000001,-1.3043476999999997,0,0.0,
apo_all_replicates,3.419772500000001,-1.1306918999999995,0,0.0,
apo_all_replicates,3.419772500000001,-0.9570360999999996,0,0.0,
apo_all_replicates,3.419772500000001,-0.7833802999999997,0,0.0,
apo_all_replicates,3.419772500000001,-0.6097244999999998,0,0.0,
apo_all_replicates,3.419772500000001,-0.4360686999999996,0,0.0,
apo_all_replicates,3.419772500000001,-0.2624128999999997,1,0.0004161464835622,9.855740457825776
apo_all_replicates,3.419772500000001,-0.0887570999999995,0,0.0,
apo_all_replicates,3.419772500000001,0.0848987000000005,1,0.0004161464835622,9.855740457825776
apo_all_replicates,3.419772500000001,0.2585545000000002,0,0.0,
apo_all_replicates,3.419772500000001,0.4322103000000004,0,0.0,
apo_all_replicates,3.419772500000001,0.6058661000000005,0,0.0,
apo_all_replicates,3.419772500000001,0.7795219000000007,0,0.0,
apo_all_replicates,3.419772500000001,0.9531777000000008,0,0.0,
apo_all_replicates,3.419772500000001,1.1268335000000005,0,0.0,
apo_all_replicates,3.419772500000001,1.3004893000000006,0,0.0,
apo_all_replicates,3.419772500000001,1.4741451000000008,0,0.0,
apo_all_replicates,3.419772500000001,1.647800900000001,0,0.0,
apo_all_replicates,3.419772500000001,1.821456700000001,0,0.0,
apo_all_replicates,3.419772500000001,1.9951125000000007,0,0.0,
apo_all_replicates,3.419772500000001,2.168768300000001,0,0.0,
apo_all_replicates,3.419772500000001,2.342424100000001,0,0.0,
apo_all_replicates,3.419772500000001,2.5160799000000007,0,0.0,
apo_all_replicates,3.419772500000001,2.689735700000001,0,0.0,
apo_all_replicates,3.419772500000001,2.863391500000001,0,0.0,
apo_all_replicates,3.419772500000001,3.0370473000000007,0,0.0,
apo_all_replicates,3.419772500000001,3.210703100000001,0,0.0,
apo_all_replicates,3.419772500000001,3.384358900000001,0,0.0,
apo_all_replicates,3.419772500000001,3.5580147000000006,0,0.0,
apo_all_replicates,3.419772500000001,3.731670500000001,0,0.0,
apo_all_replicates,3.419772500000001,3.905326300000002,0,0.0,
apo_all_replicates,3.419772500000001,4.078982100000001,0,0.0,
apo_all_replicates,3.623717500000001,-4.430152100000001,0,0.0,
apo_all_replicates,3.623717500000001,-4.2564963,0,0.0,
apo_all_replicates,3.623717500000001,-4.0828405,0,0.0,
apo_all_replicates,3.623717500000001,-3.9091847,0,0.0,
apo_all_replicates,3.623717500000001,-3.7355289,0,0.0,
apo_all_replicates,3.623717500000001,-3.5618731,0,0.0,
apo_all_replicates,3.623717500000001,-3.3882173,0,0.0,
apo_all_replicates,3.623717500000001,-3.2145615000000003,0,0.0,
apo_all_replicates,3.623717500000001,-3.0409057,0,0.0,
apo_all_replicates,3.623717500000001,-2.8672499,0,0.0,
apo_all_replicates,3.623717500000001,-2.6935941,0,0.0,
apo_all_replicates,3.623717500000001,-2.5199383,0,0.0,
apo_all_replicates,3.623717500000001,-2.3462825,0,0.0,
apo_all_replicates,3.623717500000001,-2.1726267,0,0.0,
apo_all_replicates,3.623717500000001,-1.9989709,0,0.0,
apo_all_replicates,3.623717500000001,-1.8253151,0,0.0,
apo_all_replicates,3.623717500000001,-1.6516592999999995,0,0.0,
apo_all_replicates,3.623717500000001,-1.4780034999999996,0,0.0,
apo_all_replicates,3.623717500000001,-1.3043476999999997,0,0.0,
apo_all_replicates,3.623717500000001,-1.1306918999999995,0,0.0,
apo_all_replicates,3.623717500000001,-0.9570360999999996,0,0.0,
apo_all_replicates,3.623717500000001,-0.7833802999999997,0,0.0,
apo_all_replicates,3.623717500000001,-0.6097244999999998,2,0.0008322929671244,8.126796561364449
apo_all_replicates,3.623717500000001,-0.4360686999999996,1,0.0004161464835622,9.855740457825776
apo_all_replicates,3.623717500000001,-0.2624128999999997,1,0.0004161464835622,9.855740457825776
apo_all_replicates,3.623717500000001,-0.0887570999999995,0,0.0,
apo_all_replicates,3.623717500000001,0.0848987000000005,0,0.0,
apo_all_replicates,3.623717500000001,0.2585545000000002,0,0.0,
apo_all_replicates,3.623717500000001,0.4322103000000004,0,0.0,
apo_all_replicates,3.623717500000001,0.6058661000000005,0,0.0,
apo_all_replicates,3.623717500000001,0.7795219000000007,0,0.0,
apo_all_replicates,3.623717500000001,0.9531777000000008,0,0.0,
apo_all_replicates,3.623717500000001,1.1268335000000005,0,0.0,
apo_all_replicates,3.623717500000001,1.3004893000000006,0,0.0,
apo_all_replicates,3.623717500000001,1.4741451000000008,0,0.0,
apo_all_replicates,3.623717500000001,1.647800900000001,0,0.0,
apo_all_replicates,3.623717500000001,1.821456700000001,0,0.0,
apo_all_replicates,3.623717500000001,1.9951125000000007,0,0.0,
apo_all_replicates,3.623717500000001,2.168768300000001,0,0.0,
apo_all_replicates,3.623717500000001,2.342424100000001,0,0.0,
apo_all_replicates,3.623717500000001,2.5160799000000007,0,0.0,
apo_all_replicates,3.623717500000001,2.689735700000001,0,0.0,
apo_all_replicates,3.623717500000001,2.863391500000001,0,0.0,
apo_all_replicates,3.623717500000001,3.0370473000000007,0,0.0,
apo_all_replicates,3.623717500000001,3.210703100000001,0,0.0,
apo_all_replicates,3.623717500000001,3.384358900000001,0,0.0,
apo_all_replicates,3.623717500000001,3.5580147000000006,0,0.0,
apo_all_replicates,3.623717500000001,3.731670500000001,0,0.0,
apo_all_replicates,3.623717500000001,3.905326300000002,0,0.0,
apo_all_replicates,3.623717500000001,4.078982100000001,0,0.0,
apo_all_replicates,3.827662500000001,-4.430152100000001,0,0.0,
apo_all_replicates,3.827662500000001,-4.2564963,0,0.0,
apo_all_replicates,3.827662500000001,-4.0828405,0,0.0,
apo_all_replicates,3.827662500000001,-3.9091847,0,0.0,
apo_all_replicates,3.827662500000001,-3.7355289,0,0.0,
apo_all_replicates,3.827662500000001,-3.5618731,0,0.0,
apo_all_replicates,3.827662500000001,-3.3882173,0,0.0,
apo_all_replicates,3.827662500000001,-3.2145615000000003,0,0.0,
apo_all_replicates,3.827662500000001,-3.0409057,0,0.0,
apo_all_replicates,3.827662500000001,-2.8672499,0,0.0,
apo_all_replicates,3.827662500000001,-2.6935941,0,0.0,
apo_all_replicates,3.827662500000001,-2.5199383,0,0.0,
apo_all_replicates,3.827662500000001,-2.3462825,0,0.0,
apo_all_replicates,3.827662500000001,-2.1726267,0,0.0,
apo_all_replicates,3.827662500000001,-1.9989709,0,0.0,
apo_all_replicates,3.827662500000001,-1.8253151,0,0.0,
apo_all_replicates,3.827662500000001,-1.6516592999999995,0,0.0,
apo_all_replicates,3.827662500000001,-1.4780034999999996,0,0.0,
apo_all_replicates,3.827662500000001,-1.3043476999999997,0,0.0,
apo_all_replicates,3.827662500000001,-1.1306918999999995,0,0.0,
apo_all_replicates,3.827662500000001,-0.9570360999999996,2,0.0008322929671244,8.126796561364449
apo_all_replicates,3.827662500000001,-0.7833802999999997,5,0.002080732417811,5.841257050148192
apo_all_replicates,3.827662500000001,-0.6097244999999998,3,0.0012484394506866,7.11542921608385
apo_all_replicates,3.827662500000001,-0.4360686999999996,0,0.0,
apo_all_replicates,3.827662500000001,-0.2624128999999997,3,0.0012484394506866,7.11542921608385
apo_all_replicates,3.827662500000001,-0.0887570999999995,0,0.0,
apo_all_replicates,3.827662500000001,0.0848987000000005,1,0.0004161464835622,9.855740457825776
apo_all_replicates,3.827662500000001,0.2585545000000002,0,0.0,
apo_all_replicates,3.827662500000001,0.4322103000000004,0,0.0,
apo_all_replicates,3.827662500000001,0.6058661000000005,1,0.0004161464835622,9.855740457825776
apo_all_replicates,3.827662500000001,0.7795219000000007,0,0.0,
apo_all_replicates,3.827662500000001,0.9531777000000008,0,0.0,
apo_all_replicates,3.827662500000001,1.1268335000000005,0,0.0,
apo_all_replicates,3.827662500000001,1.3004893000000006,0,0.0,
apo_all_replicates,3.827662500000001,1.4741451000000008,0,0.0,
apo_all_replicates,3.827662500000001,1.647800900000001,0,0.0,
apo_all_replicates,3.827662500000001,1.821456700000001,0,0.0,
apo_all_replicates,3.827662500000001,1.9951125000000007,0,0.0,
apo_all_replicates,3.827662500000001,2.168768300000001,0,0.0,
apo_all_replicates,3.827662500000001,2.342424100000001,0,0.0,
apo_all_replicates,3.827662500000001,2.5160799000000007,0,0.0,
apo_all_replicates,3.827662500000001,2.689735700000001,0,0.0,
apo_all_replicates,3.827662500000001,2.863391500000001,0,0.0,
apo_all_replicates,3.827662500000001,3.0370473000000007,0,0.0,
apo_all_replicates,3.827662500000001,3.210703100000001,0,0.0,
apo_all_replicates,3.827662500000001,3.384358900000001,0,0.0,
apo_all_replicates,3.827662500000001,3.5580147000000006,0,0.0,
apo_all_replicates,3.827662500000001,3.731670500000001,0,0.0,
apo_all_replicates,3.827662500000001,3.905326300000002,0,0.0,
apo_all_replicates,3.827662500000001,4.078982100000001,0,0.0,
apo_all_replicates,4.031607500000001,-4.430152100000001,0,0.0,
apo_all_replicates,4.031607500000001,-4.2564963,0,0.0,
apo_all_replicates,4.031607500000001,-4.0828405,0,0.0,
apo_all_replicates,4.031607500000001,-3.9091847,0,0.0,
apo_all_replicates,4.031607500000001,-3.7355289,0,0.0,
apo_all_replicates,4.031607500000001,-3.5618731,0,0.0,
apo_all_replicates,4.031607500000001,-3.3882173,0,0.0,
apo_all_replicates,4.031607500000001,-3.2145615000000003,0,0.0,
apo_all_replicates,4.031607500000001,-3.0409057,0,0.0,
apo_all_replicates,4.031607500000001,-2.8672499,0,0.0,
apo_all_replicates,4.031607500000001,-2.6935941,0,0.0,
apo_all_replicates,4.031607500000001,-2.5199383,0,0.0,
apo_all_replicates,4.031607500000001,-2.3462825,0,0.0,
apo_all_replicates,4.031607500000001,-2.1726267,0,0.0,
apo_all_replicates,4.031607500000001,-1.9989709,0,0.0,
apo_all_replicates,4.031607500000001,-1.8253151,0,0.0,
apo_all_replicates,4.031607500000001,-1.6516592999999995,0,0.0,
apo_all_replicates,4.031607500000001,-1.4780034999999996,0,0.0,
apo_all_replicates,4.031607500000001,-1.3043476999999997,0,0.0,
apo_all_replicates,4.031607500000001,-1.1306918999999995,2,0.0008322929671244,8.126796561364449
apo_all_replicates,4.031607500000001,-0.9570360999999996,2,0.0008322929671244,8.126796561364449
apo_all_replicates,4.031607500000001,-0.7833802999999997,3,0.0012484394506866,7.11542921608385
apo_all_replicates,4.031607500000001,-0.6097244999999998,5,0.002080732417811,5.841257050148192
apo_all_replicates,4.031607500000001,-0.4360686999999996,2,0.0008322929671244,8.126796561364449
apo_all_replicates,4.031607500000001,-0.2624128999999997,0,0.0,
apo_all_replicates,4.031607500000001,-0.0887570999999995,0,0.0,
apo_all_replicates,4.031607500000001,0.0848987000000005,2,0.0008322929671244,8.126796561364449
apo_all_replicates,4.031607500000001,0.2585545000000002,0,0.0,
apo_all_replicates,4.031607500000001,0.4322103000000004,0,0.0,
apo_all_replicates,4.031607500000001,0.6058661000000005,0,0.0,
apo_all_replicates,4.031607500000001,0.7795219000000007,0,0.0,
apo_all_replicates,4.031607500000001,0.9531777000000008,0,0.0,
apo_all_replicates,4.031607500000001,1.1268335000000005,0,0.0,
apo_all_replicates,4.031607500000001,1.3004893000000006,0,0.0,
apo_all_replicates,4.031607500000001,1.4741451000000008,0,0.0,
apo_all_replicates,4.031607500000001,1.647800900000001,0,0.0,
apo_all_replicates,4.031607500000001,1.821456700000001,0,0.0,
apo_all_replicates,4.031607500000001,1.9951125000000007,0,0.0,
apo_all_replicates,4.031607500000001,2.168768300000001,0,0.0,
apo_all_replicates,4.031607500000001,2.342424100000001,0,0.0,
apo_all_replicates,4.031607500000001,2.5160799000000007,0,0.0,
apo_all_replicates,4.031607500000001,2.689735700000001,0,0.0,
apo_all_replicates,4.031607500000001,2.863391500000001,0,0.0,
apo_all_replicates,4.031607500000001,3.0370473000000007,0,0.0,
apo_all_replicates,4.031607500000001,3.210703100000001,0,0.0,
apo_all_replicates,4.031607500000001,3.384358900000001,0,0.0,
apo_all_replicates,4.031607500000001,3.5580147000000006,0,0.0,
apo_all_replicates,4.031607500000001,3.731670500000001,0,0.0,
apo_all_replicates,4.031607500000001,3.905326300000002,0,0.0,
apo_all_replicates,4.031607500000001,4.078982100000001,0,0.0,
apo_all_replicates,4.235552500000001,-4.430152100000001,0,0.0,
apo_all_replicates,4.235552500000001,-4.2564963,0,0.0,
apo_all_replicates,4.235552500000001,-4.0828405,0,0.0,
apo_all_replicates,4.235552500000001,-3.9091847,0,0.0,
apo_all_replicates,4.235552500000001,-3.7355289,0,0.0,
apo_all_replicates,4.235552500000001,-3.5618731,0,0.0,
apo_all_replicates,4.235552500000001,-3.3882173,0,0.0,
apo_all_replicates,4.235552500000001,-3.2145615000000003,0,0.0,
apo_all_replicates,4.235552500000001,-3.0409057,0,0.0,
apo_all_replicates,4.235552500000001,-2.8672499,0,0.0,
apo_all_replicates,4.235552500000001,-2.6935941,0,0.0,
apo_all_replicates,4.235552500000001,-2.5199383,0,0.0,
apo_all_replicates,4.235552500000001,-2.3462825,0,0.0,
apo_all_replicates,4.235552500000001,-2.1726267,0,0.0,
apo_all_replicates,4.235552500000001,-1.9989709,0,0.0,
apo_all_replicates,4.235552500000001,-1.8253151,0,0.0,
apo_all_replicates,4.235552500000001,-1.6516592999999995,0,0.0,
apo_all_replicates,4.235552500000001,-1.4780034999999996,0,0.0,
apo_all_replicates,4.235552500000001,-1.3043476999999997,0,0.0,
apo_all_replicates,4.235552500000001,-1.1306918999999995,1,0.0004161464835622,9.855740457825776
apo_all_replicates,4.235552500000001,-0.9570360999999996,0,0.0,
apo_all_replicates,4.235552500000001,-0.7833802999999997,3,0.0012484394506866,7.11542921608385
apo_all_replicates,4.235552500000001,-0.6097244999999998,7,0.0029130253849354,5.001981300133614
apo_all_replicates,4.235552500000001,-0.4360686999999996,7,0.0029130253849354,5.001981300133614
apo_all_replicates,4.235552500000001,-0.2624128999999997,15,0.0062421972534332,3.100945808406265
apo_all_replicates,4.235552500000001,-0.0887570999999995,12,0.0049937578027465,3.657541423161193
apo_all_replicates,4.235552500000001,0.0848987000000005,5,0.002080732417811,5.841257050148192
apo_all_replicates,4.235552500000001,0.2585545000000002,2,0.0008322929671244,8.126796561364449
apo_all_replicates,4.235552500000001,0.4322103000000004,2,0.0008322929671244,8.126796561364449
apo_all_replicates,4.235552500000001,0.6058661000000005,0,0.0,
apo_all_replicates,4.235552500000001,0.7795219000000007,0,0.0,
apo_all_replicates,4.235552500000001,0.9531777000000008,0,0.0,
apo_all_replicates,4.235552500000001,1.1268335000000005,0,0.0,
apo_all_replicates,4.235552500000001,1.3004893000000006,0,0.0,
apo_all_replicates,4.235552500000001,1.4741451000000008,0,0.0,
apo_all_replicates,4.235552500000001,1.647800900000001,0,0.0,
apo_all_replicates,4.235552500000001,1.821456700000001,0,0.0,
apo_all_replicates,4.235552500000001,1.9951125000000007,0,0.0,
apo_all_replicates,4.235552500000001,2.168768300000001,0,0.0,
apo_all_replicates,4.235552500000001,2.342424100000001,0,0.0,
apo_all_replicates,4.235552500000001,2.5160799000000007,0,0.0,
apo_all_replicates,4.235552500000001,2.689735700000001,0,0.0,
apo_all_replicates,4.235552500000001,2.863391500000001,0,0.0,
apo_all_replicates,4.235552500000001,3.0370473000000007,0,0.0,
apo_all_replicates,4.235552500000001,3.210703100000001,0,0.0,
apo_all_replicates,4.235552500000001,3.384358900000001,0,0.0,
apo_all_replicates,4.235552500000001,3.5580147000000006,0,0.0,
apo_all_replicates,4.235552500000001,3.731670500000001,0,0.0,
apo_all_replicates,4.235552500000001,3.905326300000002,0,0.0,
apo_all_replicates,4.235552500000001,4.078982100000001,0,0.0,
apo_all_replicates,4.439497500000001,-4.430152100000001,0,0.0,
apo_all_replicates,4.439497500000001,-4.2564963,0,0.0,
apo_all_replicates,4.439497500000001,-4.0828405,0,0.0,
apo_all_replicates,4.439497500000001,-3.9091847,0,0.0,
apo_all_replicates,4.439497500000001,-3.7355289,0,0.0,
apo_all_replicates,4.439497500000001,-3.5618731,0,0.0,
apo_all_replicates,4.439497500000001,-3.3882173,0,0.0,
apo_all_replicates,4.439497500000001,-3.2145615000000003,0,0.0,
apo_all_replicates,4.439497500000001,-3.0409057,0,0.0,
apo_all_replicates,4.439497500000001,-2.8672499,0,0.0,
apo_all_replicates,4.439497500000001,-2.6935941,0,0.0,
apo_all_replicates,4.439497500000001,-2.5199383,0,0.0,
apo_all_replicates,4.439497500000001,-2.3462825,0,0.0,
apo_all_replicates,4.439497500000001,-2.1726267,0,0.0,
apo_all_replicates,4.439497500000001,-1.9989709,0,0.0,
apo_all_replicates,4.439497500000001,-1.8253151,0,0.0,
apo_all_replicates,4.439497500000001,-1.6516592999999995,0,0.0,
apo_all_replicates,4.439497500000001,-1.4780034999999996,0,0.0,
apo_all_replicates,4.439497500000001,-1.3043476999999997,0,0.0,
apo_all_replicates,4.439497500000001,-1.1306918999999995,0,0.0,
apo_all_replicates,4.439497500000001,-0.9570360999999996,2,0.0008322929671244,8.126796561364449
apo_all_replicates,4.439497500000001,-0.7833802999999997,4,0.0016645859342488,6.39785266490312
apo_all_replicates,4.439497500000001,-0.6097244999999998,5,0.002080732417811,5.841257050148192
apo_all_replicates,4.439497500000001,-0.4360686999999996,9,0.0037453183520599,4.375117974341923
apo_all_replicates,4.439497500000001,-0.2624128999999997,26,0.0108198085726175,1.7289438964613284
apo_all_replicates,4.439497500000001,-0.0887570999999995,26,0.0108198085726175,1.7289438964613284
apo_all_replicates,4.439497500000001,0.0848987000000005,22,0.0091552226383687,2.145633379096159
apo_all_replicates,4.439497500000001,0.2585545000000002,3,0.0012484394506866,7.11542921608385
apo_all_replicates,4.439497500000001,0.4322103000000004,3,0.0012484394506866,7.11542921608385
apo_all_replicates,4.439497500000001,0.6058661000000005,2,0.0008322929671244,8.126796561364449
apo_all_replicates,4.439497500000001,0.7795219000000007,0,0.0,
apo_all_replicates,4.439497500000001,0.9531777000000008,0,0.0,
apo_all_replicates,4.439497500000001,1.1268335000000005,1,0.0004161464835622,9.855740457825776
apo_all_replicates,4.439497500000001,1.3004893000000006,0,0.0,
apo_all_replicates,4.439497500000001,1.4741451000000008,0,0.0,
apo_all_replicates,4.439497500000001,1.647800900000001,0,0.0,
apo_all_replicates,4.439497500000001,1.821456700000001,0,0.0,
apo_all_replicates,4.439497500000001,1.9951125000000007,0,0.0,
apo_all_replicates,4.439497500000001,2.168768300000001,0,0.0,
apo_all_replicates,4.439497500000001,2.342424100000001,0,0.0,
apo_all_replicates,4.439497500000001,2.5160799000000007,0,0.0,
apo_all_replicates,4.439497500000001,2.689735700000001,0,0.0,
apo_all_replicates,4.439497500000001,2.863391500000001,0,0.0,
apo_all_replicates,4.439497500000001,3.0370473000000007,0,0.0,
apo_all_replicates,4.439497500000001,3.210703100000001,0,0.0,
apo_all_replicates,4.439497500000001,3.384358900000001,0,0.0,
apo_all_replicates,4.439497500000001,3.5580147000000006,0,0.0,
apo_all_replicates,4.439497500000001,3.731670500000001,0,0.0,
apo_all_replicates,4.439497500000001,3.905326300000002,0,0.0,
apo_all_replicates,4.439497500000001,4.078982100000001,0,0.0,
apo_all_replicates,4.643442500000001,-4.430152100000001,0,0.0,
apo_all_replicates,4.643442500000001,-4.2564963,0,0.0,
apo_all_replicates,4.643442500000001,-4.0828405,0,0.0,
apo_all_replicates,4.643442500000001,-3.9091847,0,0.0,
apo_all_replicates,4.643442500000001,-3.7355289,0,0.0,
apo_all_replicates,4.643442500000001,-3.5618731,0,0.0,
apo_all_replicates,4.643442500000001,-3.3882173,0,0.0,
apo_all_replicates,4.643442500000001,-3.2145615000000003,0,0.0,
apo_all_replicates,4.643442500000001,-3.0409057,0,0.0,
apo_all_replicates,4.643442500000001,-2.8672499,0,0.0,
apo_all_replicates,4.643442500000001,-2.6935941,0,0.0,
apo_all_replicates,4.643442500000001,-2.5199383,0,0.0,
apo_all_replicates,4.643442500000001,-2.3462825,0,0.0,
apo_all_replicates,4.643442500000001,-2.1726267,0,0.0,
apo_all_replicates,4.643442500000001,-1.9989709,0,0.0,
apo_all_replicates,4.643442500000001,-1.8253151,0,0.0,
apo_all_replicates,4.643442500000001,-1.6516592999999995,0,0.0,
apo_all_replicates,4.643442500000001,-1.4780034999999996,0,0.0,
apo_all_replicates,4.643442500000001,-1.3043476999999997,0,0.0,
apo_all_replicates,4.643442500000001,-1.1306918999999995,1,0.0004161464835622,9.855740457825776
apo_all_replicates,4.643442500000001,-0.9570360999999996,2,0.0008322929671244,8.126796561364449
apo_all_replicates,4.643442500000001,-0.7833802999999997,1,0.0004161464835622,9.855740457825776
apo_all_replicates,4.643442500000001,-0.6097244999999998,10,0.0041614648356221,4.112313153686863
apo_all_replicates,4.643442500000001,-0.4360686999999996,30,0.0124843945068664,1.3720019119449365
apo_all_replicates,4.643442500000001,-0.2624128999999997,38,0.0158135663753641,0.7823682143860137
apo_all_replicates,4.643442500000001,-0.0887570999999995,27,0.0112359550561797,1.634806732599996
apo_all_replicates,4.643442500000001,0.0848987000000005,25,0.0104036620890553,1.8267736424706056
apo_all_replicates,4.643442500000001,0.2585545000000002,11,0.0045776113191843,3.874577275557488
apo_all_replicates,4.643442500000001,0.4322103000000004,10,0.0041614648356221,4.112313153686863
apo_all_replicates,4.643442500000001,0.6058661000000005,2,0.0008322929671244,8.126796561364449
apo_all_replicates,4.643442500000001,0.7795219000000007,1,0.0004161464835622,9.855740457825776
apo_all_replicates,4.643442500000001,0.9531777000000008,0,0.0,
apo_all_replicates,4.643442500000001,1.1268335000000005,1,0.0004161464835622,9.855740457825776
apo_all_replicates,4.643442500000001,1.3004893000000006,0,0.0,
apo_all_replicates,4.643442500000001,1.4741451000000008,0,0.0,
apo_all_replicates,4.643442500000001,1.647800900000001,0,0.0,
apo_all_replicates,4.643442500000001,1.821456700000001,0,0.0,
apo_all_replicates,4.643442500000001,1.9951125000000007,0,0.0,
apo_all_replicates,4.643442500000001,2.168768300000001,0,0.0,
apo_all_replicates,4.643442500000001,2.342424100000001,0,0.0,
apo_all_replicates,4.643442500000001,2.5160799000000007,0,0.0,
apo_all_replicates,4.643442500000001,2.689735700000001,0,0.0,
apo_all_replicates,4.643442500000001,2.863391500000001,0,0.0,
apo_all_replicates,4.643442500000001,3.0370473000000007,0,0.0,
apo_all_replicates,4.643442500000001,3.210703100000001,0,0.0,
apo_all_replicates,4.643442500000001,3.384358900000001,0,0.0,
apo_all_replicates,4.643442500000001,3.5580147000000006,0,0.0,
apo_all_replicates,4.643442500000001,3.731670500000001,0,0.0,
apo_all_replicates,4.643442500000001,3.905326300000002,0,0.0,
apo_all_replicates,4.643442500000001,4.078982100000001,0,0.0,
apo_all_replicates,4.847387500000001,-4.430152100000001,0,0.0,
apo_all_replicates,4.847387500000001,-4.2564963,0,0.0,
apo_all_replicates,4.847387500000001,-4.0828405,0,0.0,
apo_all_replicates,4.847387500000001,-3.9091847,0,0.0,
apo_all_replicates,4.847387500000001,-3.7355289,0,0.0,
apo_all_replicates,4.847387500000001,-3.5618731,0,0.0,
apo_all_replicates,4.847387500000001,-3.3882173,0,0.0,
apo_all_replicates,4.847387500000001,-3.2145615000000003,0,0.0,
apo_all_replicates,4.847387500000001,-3.0409057,0,0.0,
apo_all_replicates,4.847387500000001,-2.8672499,0,0.0,
apo_all_replicates,4.847387500000001,-2.6935941,0,0.0,
apo_all_replicates,4.847387500000001,-2.5199383,0,0.0,
apo_all_replicates,4.847387500000001,-2.3462825,0,0.0,
apo_all_replicates,4.847387500000001,-2.1726267,0,0.0,
apo_all_replicates,4.847387500000001,-1.9989709,0,0.0,
apo_all_replicates,4.847387500000001,-1.8253151,0,0.0,
apo_all_replicates,4.847387500000001,-1.6516592999999995,0,0.0,
apo_all_replicates,4.847387500000001,-1.4780034999999996,0,0.0,
apo_all_replicates,4.847387500000001,-1.3043476999999997,0,0.0,
apo_all_replicates,4.847387500000001,-1.1306918999999995,0,0.0,
apo_all_replicates,4.847387500000001,-0.9570360999999996,0,0.0,
apo_all_replicates,4.847387500000001,-0.7833802999999997,1,0.0004161464835622,9.855740457825776
apo_all_replicates,4.847387500000001,-0.6097244999999998,8,0.0033291718684977,4.668908768441791
apo_all_replicates,4.847387500000001,-0.4360686999999996,16,0.0066583437369954,2.939964871980463
apo_all_replicates,4.847387500000001,-0.2624128999999997,40,0.0166458593424885,0.6544253607642059
apo_all_replicates,4.847387500000001,-0.0887570999999995,24,0.0099875156054931,1.9285975266998645
apo_all_replicates,4.847387500000001,0.0848987000000005,22,0.0091552226383687,2.145633379096159
apo_all_replicates,4.847387500000001,0.2585545000000002,16,0.0066583437369954,2.939964871980463
apo_all_replicates,4.847387500000001,0.4322103000000004,9,0.0037453183520599,4.375117974341923
apo_all_replicates,4.847387500000001,0.6058661000000005,7,0.0029130253849354,5.001981300133614
apo_all_replicates,4.847387500000001,0.7795219000000007,2,0.0008322929671244,8.126796561364449
apo_all_replicates,4.847387500000001,0.9531777000000008,3,0.0012484394506866,7.11542921608385
apo_all_replicates,4.847387500000001,1.1268335000000005,1,0.0004161464835622,9.855740457825776
apo_all_replicates,4.847387500000001,1.3004893000000006,0,0.0,
apo_all_replicates,4.847387500000001,1.4741451000000008,0,0.0,
apo_all_replicates,4.847387500000001,1.647800900000001,0,0.0,
apo_all_replicates,4.847387500000001,1.821456700000001,0,0.0,
apo_all_replicates,4.847387500000001,1.9951125000000007,0,0.0,
apo_all_replicates,4.847387500000001,2.168768300000001,0,0.0,
apo_all_replicates,4.847387500000001,2.342424100000001,0,0.0,
apo_all_replicates,4.847387500000001,2.5160799000000007,0,0.0,
apo_all_replicates,4.847387500000001,2.689735700000001,0,0.0,
apo_all_replicates,4.847387500000001,2.863391500000001,0,0.0,
apo_all_replicates,4.847387500000001,3.0370473000000007,0,0.0,
apo_all_replicates,4.847387500000001,3.210703100000001,0,0.0,
apo_all_replicates,4.847387500000001,3.384358900000001,0,0.0,
apo_all_replicates,4.847387500000001,3.5580147000000006,0,0.0,
apo_all_replicates,4.847387500000001,3.731670500000001,0,0.0,
apo_all_replicates,4.847387500000001,3.905326300000002,0,0.0,
apo_all_replicates,4.847387500000001,4.078982100000001,0,0.0,
apo_all_replicates,5.051332500000001,-4.430152100000001,0,0.0,
apo_all_replicates,5.051332500000001,-4.2564963,0,0.0,
apo_all_replicates,5.051332500000001,-4.0828405,0,0.0,
apo_all_replicates,5.051332500000001,-3.9091847,0,0.0,
apo_all_replicates,5.051332500000001,-3.7355289,0,0.0,
apo_all_replicates,5.051332500000001,-3.5618731,0,0.0,
apo_all_replicates,5.051332500000001,-3.3882173,0,0.0,
apo_all_replicates,5.051332500000001,-3.2145615000000003,0,0.0,
apo_all_replicates,5.051332500000001,-3.0409057,0,0.0,
apo_all_replicates,5.051332500000001,-2.8672499,0,0.0,
apo_all_replicates,5.051332500000001,-2.6935941,0,0.0,
apo_all_replicates,5.051332500000001,-2.5199383,0,0.0,
apo_all_replicates,5.051332500000001,-2.3462825,0,0.0,
apo_all_replicates,5.051332500000001,-2.1726267,0,0.0,
apo_all_replicates,5.051332500000001,-1.9989709,0,0.0,
apo_all_replicates,5.051332500000001,-1.8253151,0,0.0,
apo_all_replicates,5.051332500000001,-1.6516592999999995,0,0.0,
apo_all_replicates,5.051332500000001,-1.4780034999999996,0,0.0,
apo_all_replicates,5.051332500000001,-1.3043476999999997,0,0.0,
apo_all_replicates,5.051332500000001,-1.1306918999999995,0,0.0,
apo_all_replicates,5.051332500000001,-0.9570360999999996,0,0.0,
apo_all_replicates,5.051332500000001,-0.7833802999999997,0,0.0,
apo_all_replicates,5.051332500000001,-0.6097244999999998,0,0.0,
apo_all_replicates,5.051332500000001,-0.4360686999999996,5,0.002080732417811,5.841257050148192
apo_all_replicates,5.051332500000001,-0.2624128999999997,15,0.0062421972534332,3.100945808406265
apo_all_replicates,5.051332500000001,-0.0887570999999995,25,0.0104036620890553,1.8267736424706056
apo_all_replicates,5.051332500000001,0.0848987000000005,26,0.0108198085726175,1.7289438964613284
apo_all_replicates,5.051332500000001,0.2585545000000002,16,0.0066583437369954,2.939964871980463
apo_all_replicates,5.051332500000001,0.4322103000000004,18,0.0074906367041198,2.646174077880595
apo_all_replicates,5.051332500000001,0.6058661000000005,9,0.0037453183520599,4.375117974341923
apo_all_replicates,5.051332500000001,0.7795219000000007,2,0.0008322929671244,8.126796561364449
apo_all_replicates,5.051332500000001,0.9531777000000008,1,0.0004161464835622,9.855740457825776
apo_all_replicates,5.051332500000001,1.1268335000000005,0,0.0,
apo_all_replicates,5.051332500000001,1.3004893000000006,0,0.0,
apo_all_replicates,5.051332500000001,1.4741451000000008,0,0.0,
apo_all_replicates,5.051332500000001,1.647800900000001,0,0.0,
apo_all_replicates,5.051332500000001,1.821456700000001,0,0.0,
apo_all_replicates,5.051332500000001,1.9951125000000007,0,0.0,
apo_all_replicates,5.051332500000001,2.168768300000001,0,0.0,
apo_all_replicates,5.051332500000001,2.342424100000001,0,0.0,
apo_all_replicates,5.051332500000001,2.5160799000000007,0,0.0,
apo_all_replicates,5.051332500000001,2.689735700000001,0,0.0,
apo_all_replicates,5.051332500000001,2.863391500000001,0,0.0,
apo_all_replicates,5.051332500000001,3.0370473000000007,0,0.0,
apo_all_replicates,5.051332500000001,3.210703100000001,0,0.0,
apo_all_replicates,5.051332500000001,3.384358900000001,0,0.0,
apo_all_replicates,5.051332500000001,3.5580147000000006,0,0.0,
apo_all_replicates,5.051332500000001,3.731670500000001,0,0.0,
apo_all_replicates,5.051332500000001,3.905326300000002,0,0.0,
apo_all_replicates,5.051332500000001,4.078982100000001,0,0.0,
apo_all_replicates,5.255277500000001,-4.430152100000001,0,0.0,
apo_all_replicates,5.255277500000001,-4.2564963,0,0.0,
apo_all_replicates,5.255277500000001,-4.0828405,0,0.0,
apo_all_replicates,5.255277500000001,-3.9091847,0,0.0,
apo_all_replicates,5.255277500000001,-3.7355289,0,0.0,
apo_all_replicates,5.255277500000001,-3.5618731,0,0.0,
apo_all_replicates,5.255277500000001,-3.3882173,0,0.0,
apo_all_replicates,5.255277500000001,-3.2145615000000003,0,0.0,
apo_all_replicates,5.255277500000001,-3.0409057,0,0.0,
apo_all_replicates,5.255277500000001,-2.8672499,0,0.0,
apo_all_replicates,5.255277500000001,-2.6935941,0,0.0,
apo_all_replicates,5.255277500000001,-2.5199383,0,0.0,
apo_all_replicates,5.255277500000001,-2.3462825,0,0.0,
apo_all_replicates,5.255277500000001,-2.1726267,0,0.0,
apo_all_replicates,5.255277500000001,-1.9989709,0,0.0,
apo_all_replicates,5.255277500000001,-1.8253151,0,0.0,
apo_all_replicates,5.255277500000001,-1.6516592999999995,0,0.0,
apo_all_replicates,5.255277500000001,-1.4780034999999996,0,0.0,
apo_all_replicates,5.255277500000001,-1.3043476999999997,0,0.0,
apo_all_replicates,5.255277500000001,-1.1306918999999995,0,0.0,
apo_all_replicates,5.255277500000001,-0.9570360999999996,0,0.0,
apo_all_replicates,5.255277500000001,-0.7833802999999997,0,0.0,
apo_all_replicates,5.255277500000001,-0.6097244999999998,1,0.0004161464835622,9.855740457825776
apo_all_replicates,5.255277500000001,-0.4360686999999996,2,0.0008322929671244,8.126796561364449
apo_all_replicates,5.255277500000001,-0.2624128999999997,4,0.0016645859342488,6.39785266490312
apo_all_replicates,5.255277500000001,-0.0887570999999995,14,0.0058260507698709,3.2730374036722854
apo_all_replicates,5.255277500000001,0.0848987000000005,19,0.007906783187682,2.511312110847342
apo_all_replicates,5.255277500000001,0.2585545000000002,24,0.0099875156054931,1.9285975266998645
apo_all_replicates,5.255277500000001,0.4322103000000004,13,0.0054099042863087,3.457887792922657
apo_all_replicates,5.255277500000001,0.6058661000000005,7,0.0029130253849354,5.001981300133614
apo_all_replicates,5.255277500000001,0.7795219000000007,0,0.0,
apo_all_replicates,5.255277500000001,0.9531777000000008,1,0.0004161464835622,9.855740457825776
apo_all_replicates,5.255277500000001,1.1268335000000005,0,0.0,
apo_all_replicates,5.255277500000001,1.3004893000000006,0,0.0,
apo_all_replicates,5.255277500000001,1.4741451000000008,0,0.0,
apo_all_replicates,5.255277500000001,1.647800900000001,0,0.0,
apo_all_replicates,5.255277500000001,1.821456700000001,0,0.0,
apo_all_replicates,5.255277500000001,1.9951125000000007,0,0.0,
apo_all_replicates,5.255277500000001,2.168768300000001,0,0.0,
apo_all_replicates,5.255277500000001,2.342424100000001,0,0.0,
apo_all_replicates,5.255277500000001,2.5160799000000007,0,0.0,
apo_all_replicates,5.255277500000001,2.689735700000001,0,0.0,
apo_all_replicates,5.255277500000001,2.863391500000001,0,0.0,
apo_all_replicates,5.255277500000001,3.0370473000000007,0,0.0,
apo_all_replicates,5.255277500000001,3.210703100000001,0,0.0,
apo_all_replicates,5.255277500000001,3.384358900000001,0,0.0,
apo_all_replicates,5.255277500000001,3.5580147000000006,0,0.0,
apo_all_replicates,5.255277500000001,3.731670500000001,0,0.0,
apo_all_replicates,5.255277500000001,3.905326300000002,0,0.0,
apo_all_replicates,5.255277500000001,4.078982100000001,0,0.0,
apo_all_replicates,5.459222500000001,-4.430152100000001,0,0.0,
apo_all_replicates,5.459222500000001,-4.2564963,0,0.0,
apo_all_replicates,5.459222500000001,-4.0828405,0,0.0,
apo_all_replicates,5.459222500000001,-3.9091847,0,0.0,
apo_all_replicates,5.459222500000001,-3.7355289,0,0.0,
apo_all_replicates,5.459222500000001,-3.5618731,0,0.0,
apo_all_replicates,5.459222500000001,-3.3882173,0,0.0,
apo_all_replicates,5.459222500000001,-3.2145615000000003,0,0.0,
apo_all_replicates,5.459222500000001,-3.0409057,0,0.0,
apo_all_replicates,5.459222500000001,-2.8672499,0,0.0,
apo_all_replicates,5.459222500000001,-2.6935941,0,0.0,
apo_all_replicates,5.459222500000001,-2.5199383,0,0.0,
apo_all_replicates,5.459222500000001,-2.3462825,0,0.0,
apo_all_replicates,5.459222500000001,-2.1726267,0,0.0,
apo_all_replicates,5.459222500000001,-1.9989709,0,0.0,
apo_all_replicates,5.459222500000001,-1.8253151,0,0.0,
apo_all_replicates,5.459222500000001,-1.6516592999999995,0,0.0,
apo_all_replicates,5.459222500000001,-1.4780034999999996,0,0.0,
apo_all_replicates,5.459222500000001,-1.3043476999999997,0,0.0,
apo_all_replicates,5.459222500000001,-1.1306918999999995,0,0.0,
apo_all_replicates,5.459222500000001,-0.9570360999999996,0,0.0,
apo_all_replicates,5.459222500000001,-0.7833802999999997,0,0.0,
apo_all_replicates,5.459222500000001,-0.6097244999999998,0,0.0,
apo_all_replicates,5.459222500000001,-0.4360686999999996,0,0.0,
apo_all_replicates,5.459222500000001,-0.2624128999999997,0,0.0,
apo_all_replicates,5.459222500000001,-0.0887570999999995,1,0.0004161464835622,9.855740457825776
apo_all_replicates,5.459222500000001,0.0848987000000005,10,0.0041614648356221,4.112313153686863
apo_all_replicates,5.459222500000001,0.2585545000000002,33,0.013732833957553,1.134266033815561
apo_all_replicates,5.459222500000001,0.4322103000000004,11,0.0045776113191843,3.874577275557488
apo_all_replicates,5.459222500000001,0.6058661000000005,1,0.0004161464835622,9.855740457825776
apo_all_replicates,5.459222500000001,0.7795219000000007,0,0.0,
apo_all_replicates,5.459222500000001,0.9531777000000008,0,0.0,
apo_all_replicates,5.459222500000001,1.1268335000000005,0,0.0,
apo_all_replicates,5.459222500000001,1.3004893000000006,0,0.0,
apo_all_replicates,5.459222500000001,1.4741451000000008,0,0.0,
apo_all_replicates,5.459222500000001,1.647800900000001,0,0.0,
apo_all_replicates,5.459222500000001,1.821456700000001,0,0.0,
apo_all_replicates,5.459222500000001,1.9951125000000007,0,0.0,
apo_all_replicates,5.459222500000001,2.168768300000001,0,0.0,
apo_all_replicates,5.459222500000001,2.342424100000001,0,0.0,
apo_all_replicates,5.459222500000001,2.5160799000000007,0,0.0,
apo_all_replicates,5.459222500000001,2.689735700000001,0,0.0,
apo_all_replicates,5.459222500000001,2.863391500000001,0,0.0,
apo_all_replicates,5.459222500000001,3.0370473000000007,0,0.0,
apo_all_replicates,5.459222500000001,3.210703100000001,0,0.0,
apo_all_replicates,5.459222500000001,3.384358900000001,0,0.0,
apo_all_replicates,5.459222500000001,3.5580147000000006,0,0.0,
apo_all_replicates,5.459222500000001,3.731670500000001,0,0.0,
apo_all_replicates,5.459222500000001,3.905326300000002,0,0.0,
apo_all_replicates,5.459222500000001,4.078982100000001,0,0.0,
apo_all_replicates,5.663167500000001,-4.430152100000001,0,0.0,
apo_all_replicates,5.663167500000001,-4.2564963,0,0.0,
apo_all_replicates,5.663167500000001,-4.0828405,0,0.0,
apo_all_replicates,5.663167500000001,-3.9091847,0,0.0,
apo_all_replicates,5.663167500000001,-3.7355289,0,0.0,
apo_all_replicates,5.663167500000001,-3.5618731,0,0.0,
apo_all_replicates,5.663167500000001,-3.3882173,0,0.0,
apo_all_replicates,5.663167500000001,-3.2145615000000003,0,0.0,
apo_all_replicates,5.663167500000001,-3.0409057,0,0.0,
apo_all_replicates,5.663167500000001,-2.8672499,0,0.0,
apo_all_replicates,5.663167500000001,-2.6935941,0,0.0,
apo_all_replicates,5.663167500000001,-2.5199383,0,0.0,
apo_all_replicates,5.663167500000001,-2.3462825,0,0.0,
apo_all_replicates,5.663167500000001,-2.1726267,0,0.0,
apo_all_replicates,5.663167500000001,-1.9989709,0,0.0,
apo_all_replicates,5.663167500000001,-1.8253151,0,0.0,
apo_all_replicates,5.663167500000001,-1.6516592999999995,0,0.0,
apo_all_replicates,5.663167500000001,-1.4780034999999996,0,0.0,
apo_all_replicates,5.663167500000001,-1.3043476999999997,0,0.0,
apo_all_replicates,5.663167500000001,-1.1306918999999995,0,0.0,
apo_all_replicates,5.663167500000001,-0.9570360999999996,0,0.0,
apo_all_replicates,5.663167500000001,-0.7833802999999997,0,0.0,
apo_all_replicates,5.663167500000001,-0.6097244999999998,0,0.0,
apo_all_replicates,5.663167500000001,-0.4360686999999996,0,0.0,
apo_all_replicates,5.663167500000001,-0.2624128999999997,0,0.0,
apo_all_replicates,5.663167500000001,-0.0887570999999995,2,0.0008322929671244,8.126796561364449
apo_all_replicates,5.663167500000001,0.0848987000000005,2,0.0008322929671244,8.126796561364449
apo_all_replicates,5.663167500000001,0.2585545000000002,11,0.0045776113191843,3.874577275557488
apo_all_replicates,5.663167500000001,0.4322103000000004,6,0.0024968789013732,5.386485319622521
apo_all_replicates,5.663167500000001,0.6058661000000005,1,0.0004161464835622,9.855740457825776
apo_all_replicates,5.663167500000001,0.7795219000000007,0,0.0,
apo_all_replicates,5.663167500000001,0.9531777000000008,0,0.0,
apo_all_replicates,5.663167500000001,1.1268335000000005,0,0.0,
apo_all_replicates,5.663167500000001,1.3004893000000006,0,0.0,
apo_all_replicates,5.663167500000001,1.4741451000000008,0,0.0,
apo_all_replicates,5.663167500000001,1.647800900000001,0,0.0,
apo_all_replicates,5.663167500000001,1.821456700000001,0,0.0,
apo_all_replicates,5.663167500000001,1.9951125000000007,0,0.0,
apo_all_replicates,5.663167500000001,2.168768300000001,0,0.0,
apo_all_replicates,5.663167500000001,2.342424100000001,0,0.0,
apo_all_replicates,5.663167500000001,2.5160799000000007,0,0.0,
apo_all_replicates,5.663167500000001,2.689735700000001,0,0.0,
apo_all_replicates,5.663167500000001,2.863391500000001,0,0.0,
apo_all_replicates,5.663167500000001,3.0370473000000007,0,0.0,
apo_all_replicates,5.663167500000001,3.210703100000001,0,0.0,
apo_all_replicates,5.663167500000001,3.384358900000001,0,0.0,
apo_all_replicates,5.663167500000001,3.5580147000000006,0,0.0,
apo_all_replicates,5.663167500000001,3.731670500000001,0,0.0,
apo_all_replicates,5.663167500000001,3.905326300000002,0,0.0,
apo_all_replicates,5.663167500000001,4.078982100000001,0,0.0,
apo_all_replicates,5.867112500000001,-4.430152100000001,0,0.0,
apo_all_replicates,5.867112500000001,-4.2564963,0,0.0,
apo_all_replicates,5.867112500000001,-4.0828405,0,0.0,
apo_all_replicates,5.867112500000001,-3.9091847,0,0.0,
apo_all_replicates,5.867112500000001,-3.7355289,0,0.0,
apo_all_replicates,5.867112500000001,-3.5618731,0,0.0,
apo_all_replicates,5.867112500000001,-3.3882173,0,0.0,
apo_all_replicates,5.867112500000001,-3.2145615000000003,0,0.0,
apo_all_replicates,5.867112500000001,-3.0409057,0,0.0,
apo_all_replicates,5.867112500000001,-2.8672499,0,0.0,
apo_all_replicates,5.867112500000001,-2.6935941,0,0.0,
apo_all_replicates,5.867112500000001,-2.5199383,0,0.0,
apo_all_replicates,5.867112500000001,-2.3462825,0,0.0,
apo_all_replicates,5.867112500000001,-2.1726267,0,0.0,
apo_all_replicates,5.867112500000001,-1.9989709,0,0.0,
apo_all_replicates,5.867112500000001,-1.8253151,0,0.0,
apo_all_replicates,5.867112500000001,-1.6516592999999995,0,0.0,
apo_all_replicates,5.867112500000001,-1.4780034999999996,0,0.0,
apo_all_replicates,5.867112500000001,-1.3043476999999997,0,0.0,
apo_all_replicates,5.867112500000001,-1.1306918999999995,0,0.0,
apo_all_replicates,5.867112500000001,-0.9570360999999996,0,0.0,
apo_all_replicates,5.867112500000001,-0.7833802999999997,0,0.0,
apo_all_replicates,5.867112500000001,-0.6097244999999998,0,0.0,
apo_all_replicates,5.867112500000001,-0.4360686999999996,0,0.0,
apo_all_replicates,5.867112500000001,-0.2624128999999997,0,0.0,
apo_all_replicates,5.867112500000001,-0.0887570999999995,0,0.0,
apo_all_replicates,5.867112500000001,0.0848987000000005,6,0.0024968789013732,5.386485319622521
apo_all_replicates,5.867112500000001,0.2585545000000002,4,0.0016645859342488,6.39785266490312
apo_all_replicates,5.867112500000001,0.4322103000000004,2,0.0008322929671244,8.126796561364449
apo_all_replicates,5.867112500000001,0.6058661000000005,0,0.0,
apo_all_replicates,5.867112500000001,0.7795219000000007,0,0.0,
apo_all_replicates,5.867112500000001,0.9531777000000008,0,0.0,
apo_all_replicates,5.867112500000001,1.1268335000000005,0,0.0,
apo_all_replicates,5.867112500000001,1.3004893000000006,0,0.0,
apo_all_replicates,5.867112500000001,1.4741451000000008,0,0.0,
apo_all_replicates,5.867112500000001,1.647800900000001,0,0.0,
apo_all_replicates,5.867112500000001,1.821456700000001,0,0.0,
apo_all_replicates,5.867112500000001,1.9951125000000007,0,0.0,
apo_all_replicates,5.867112500000001,2.168768300000001,0,0.0,
apo_all_replicates,5.867112500000001,2.342424100000001,0,0.0,
apo_all_replicates,5.867112500000001,2.5160799000000007,0,0.0,
apo_all_replicates,5.867112500000001,2.689735700000001,0,0.0,
apo_all_replicates,5.867112500000001,2.863391500000001,0,0.0,
apo_all_replicates,5.867112500000001,3.0370473000000007,0,0.0,
apo_all_replicates,5.867112500000001,3.210703100000001,0,0.0,
apo_all_replicates,5.867112500000001,3.384358900000001,0,0.0,
apo_all_replicates,5.867112500000001,3.5580147000000006,0,0.0,
apo_all_replicates,5.867112500000001,3.731670500000001,0,0.0,
apo_all_replicates,5.867112500000001,3.905326300000002,0,0.0,
apo_all_replicates,5.867112500000001,4.078982100000001,0,0.0,
apo_all_replicates,6.0710575,-4.430152100000001,0,0.0,
apo_all_replicates,6.0710575,-4.2564963,0,0.0,
apo_all_replicates,6.0710575,-4.0828405,0,0.0,
apo_all_replicates,6.0710575,-3.9091847,0,0.0,
apo_all_replicates,6.0710575,-3.7355289,0,0.0,
apo_all_replicates,6.0710575,-3.5618731,0,0.0,
apo_all_replicates,6.0710575,-3.3882173,0,0.0,
apo_all_replicates,6.0710575,-3.2145615000000003,0,0.0,
apo_all_replicates,6.0710575,-3.0409057,0,0.0,
apo_all_replicates,6.0710575,-2.8672499,0,0.0,
apo_all_replicates,6.0710575,-2.6935941,0,0.0,
apo_all_replicates,6.0710575,-2.5199383,0,0.0,
apo_all_replicates,6.0710575,-2.3462825,0,0.0,
apo_all_replicates,6.0710575,-2.1726267,0,0.0,
apo_all_replicates,6.0710575,-1.9989709,0,0.0,
apo_all_replicates,6.0710575,-1.8253151,0,0.0,
apo_all_replicates,6.0710575,-1.6516592999999995,0,0.0,
apo_all_replicates,6.0710575,-1.4780034999999996,0,0.0,
apo_all_replicates,6.0710575,-1.3043476999999997,0,0.0,
apo_all_replicates,6.0710575,-1.1306918999999995,0,0.0,
apo_all_replicates,6.0710575,-0.9570360999999996,0,0.0,
apo_all_replicates,6.0710575,-0.7833802999999997,0,0.0,
apo_all_replicates,6.0710575,-0.6097244999999998,0,0.0,
apo_all_replicates,6.0710575,-0.4360686999999996,0,0.0,
apo_all_replicates,6.0710575,-0.2624128999999997,0,0.0,
apo_all_replicates,6.0710575,-0.0887570999999995,0,0.0,
apo_all_replicates,6.0710575,0.0848987000000005,1,0.0004161464835622,9.855740457825776
apo_all_replicates,6.0710575,0.2585545000000002,2,0.0008322929671244,8.126796561364449
apo_all_replicates,6.0710575,0.4322103000000004,0,0.0,
apo_all_replicates,6.0710575,0.6058661000000005,0,0.0,
apo_all_replicates,6.0710575,0.7795219000000007,0,0.0,
apo_all_replicates,6.0710575,0.9531777000000008,0,0.0,
apo_all_replicates,6.0710575,1.1268335000000005,0,0.0,
apo_all_replicates,6.0710575,1.3004893000000006,0,0.0,
apo_all_replicates,6.0710575,1.4741451000000008,0,0.0,
apo_all_replicates,6.0710575,1.647800900000001,0,0.0,
apo_all_replicates,6.0710575,1.821456700000001,0,0.0,
apo_all_replicates,6.0710575,1.9951125000000007,0,0.0,
apo_all_replicates,6.0710575,2.168768300000001,0,0.0,
apo_all_replicates,6.0710575,2.342424100000001,0,0.0,
apo_all_replicates,6.0710575,2.5160799000000007,0,0.0,
apo_all_replicates,6.0710575,2.689735700000001,0,0.0,
apo_all_replicates,6.0710575,2.863391500000001,0,0.0,
apo_all_replicates,6.0710575,3.0370473000000007,0,0.0,
apo_all_replicates,6.0710575,3.210703100000001,0,0.0,
apo_all_replicates,6.0710575,3.384358900000001,0,0.0,
apo_all_replicates,6.0710575,3.5580147000000006,0,0.0,
apo_all_replicates,6.0710575,3.731670500000001,0,0.0,
apo_all_replicates,6.0710575,3.905326300000002,0,0.0,
apo_all_replicates,6.0710575,4.078982100000001,0,0.0,
