system,time_ns,median,minimum,maximum,rep1,rep2,rep3
complex,20.0,111.03066666666666,107.83866666666667,112.253,111.03066666666666,107.83866666666667,112.253
complex,20.1,111.57225,107.729,112.65875,111.57225,107.729,112.65875
complex,20.2,111.1736,107.705,112.18379999999999,111.1736,107.705,112.18379999999999
complex,20.3,110.89320000000001,107.549,112.30140000000002,110.89320000000001,107.549,112.30140000000002
complex,20.4,111.2086,108.1712,111.83580000000002,111.2086,108.1712,111.83580000000002
complex,20.5,110.9894,107.4884,111.00819999999999,110.9894,107.4884,111.00819999999999
complex,20.6,110.08340000000001,107.26020000000001,110.8022,110.08340000000001,107.26020000000001,110.8022
complex,20.7,109.8144,106.7222,110.4672,109.8144,106.7222,110.4672
complex,20.8,110.093,107.2894,110.12159999999999,110.093,107.2894,110.12159999999999
complex,20.9,109.57300000000001,107.14200000000001,109.97319999999999,109.57300000000001,107.14200000000001,109.97319999999999
complex,21.0,109.702,107.7864,110.57339999999999,109.702,107.7864,110.57339999999999
complex,21.1,110.15899999999999,107.42839999999998,110.67819999999999,110.15899999999999,107.42839999999998,110.67819999999999
complex,21.2,110.28,108.11599999999999,111.02000000000001,110.28,108.11599999999999,111.02000000000001
complex,21.3,109.64099999999999,107.9754,111.7224,109.64099999999999,107.9754,111.7224
complex,21.4,109.37519999999999,107.8838,112.9414,109.37519999999999,107.8838,112.9414
complex,21.5,109.4838,107.9856,113.41119999999998,109.4838,107.9856,113.41119999999998
complex,21.6,109.3158,109.06680000000001,113.27379999999998,109.3158,109.06680000000001,113.27379999999998
complex,21.7,109.8838,108.982,113.6904,109.8838,108.982,113.6904
complex,21.8,110.12339999999999,109.37899999999999,113.91720000000001,110.12339999999999,109.37899999999999,113.91720000000001
complex,21.9,110.7576,110.37460000000002,113.7558,110.7576,110.37460000000002,113.7558
complex,22.0,110.864,110.26520000000001,114.0384,110.26520000000001,110.864,114.0384
complex,22.1,111.5732,110.1588,114.29,110.1588,111.5732,114.29
complex,22.2,112.30160000000001,108.6856,114.6942,108.6856,112.30160000000001,114.6942
complex,22.3,113.1514,108.5892,113.84700000000001,108.5892,113.1514,113.84700000000001
complex,22.4,112.98799999999999,108.1484,113.518,108.1484,112.98799999999999,113.518
complex,22.5,112.7932,107.7942,113.6116,107.7942,113.6116,112.7932
complex,22.6,112.28659999999999,108.0204,113.58279999999999,108.0204,113.58279999999999,112.28659999999999
complex,22.7,111.65360000000001,108.5098,114.282,108.5098,114.282,111.65360000000001
complex,22.8,111.73179999999999,108.4278,114.248,108.4278,114.248,111.73179999999999
complex,22.9,111.88139999999999,109.23420000000002,114.4528,109.23420000000002,114.4528,111.88139999999999
complex,23.0,113.1548,109.196,114.4538,109.196,114.4538,113.1548
complex,23.1,114.2172,108.44760000000001,114.6848,108.44760000000001,114.6848,114.2172
complex,23.2,114.29759999999999,108.8212,114.5008,108.8212,114.29759999999999,114.5008
complex,23.3,113.85900000000001,109.4144,115.10640000000001,109.4144,113.85900000000001,115.10640000000001
complex,23.4,114.6786,108.3788,114.71080000000002,108.3788,114.71080000000002,114.6786
complex,23.5,113.58160000000001,107.63579999999999,115.24539999999999,107.63579999999999,115.24539999999999,113.58160000000001
complex,23.6,113.3004,107.35979999999999,115.3452,107.35979999999999,115.3452,113.3004
complex,23.7,113.64020000000001,106.8922,115.335,106.8922,115.335,113.64020000000001
complex,23.8,113.33099999999999,105.82939999999999,114.9032,105.82939999999999,114.9032,113.33099999999999
complex,23.9,113.2802,105.7952,114.01680000000002,105.7952,114.01680000000002,113.2802
complex,24.0,112.44739999999999,106.8114,113.3848,106.8114,112.44739999999999,113.3848
complex,24.1,111.8656,107.5824,111.9298,107.5824,111.9298,111.8656
complex,24.2,111.1902,107.9242,111.9064,107.9242,111.9064,111.1902
complex,24.3,110.65159999999999,108.09639999999999,111.78240000000001,108.09639999999999,111.78240000000001,110.65159999999999
complex,24.4,110.9766,108.43260000000001,111.2664,108.43260000000001,110.9766,111.2664
complex,24.5,111.31800000000001,108.3702,111.6932,108.3702,111.6932,111.31800000000001
complex,24.6,111.68200000000002,108.7828,112.98139999999998,108.7828,111.68200000000002,112.98139999999998
complex,24.7,110.87840000000001,109.55760000000001,113.79659999999998,109.55760000000001,110.87840000000001,113.79659999999998
complex,24.8,111.18379999999999,110.4432,114.4962,110.4432,111.18379999999999,114.4962
complex,24.9,111.6048,110.70599999999999,114.3516,110.70599999999999,111.6048,114.3516
complex,25.0,112.01199999999999,111.0414,114.579,111.0414,112.01199999999999,114.579
complex,25.1,112.03900000000002,110.6394,113.9364,110.6394,112.03900000000002,113.9364
complex,25.2,112.9392,109.8364,113.2008,109.8364,112.9392,113.2008
complex,25.3,113.2112,109.19660000000002,113.453,109.19660000000002,113.2112,113.453
complex,25.4,113.38040000000001,109.35999999999999,113.4402,109.35999999999999,113.4402,113.38040000000001
complex,25.5,112.77859999999998,109.593,112.95340000000002,109.593,112.95340000000002,112.77859999999998
complex,25.6,112.57159999999999,109.6718,112.90799999999999,109.6718,112.90799999999999,112.57159999999999
complex,25.7,112.37759999999999,110.03120000000001,113.0728,110.03120000000001,113.0728,112.37759999999999
complex,25.8,111.68379999999999,109.96020000000001,112.9684,109.96020000000001,112.9684,111.68379999999999
complex,25.9,111.47640000000001,109.28500000000001,112.8012,109.28500000000001,112.8012,111.47640000000001
complex,26.0,112.0886,108.553,113.27439999999999,108.553,113.27439999999999,112.0886
complex,26.1,112.15360000000001,108.3296,113.75540000000001,108.3296,113.75540000000001,112.15360000000001
complex,26.2,112.4716,107.8036,114.1942,107.8036,114.1942,112.4716
complex,26.3,112.48920000000001,108.44980000000001,114.85040000000001,108.44980000000001,114.85040000000001,112.48920000000001
complex,26.4,112.31979999999999,109.728,115.51759999999999,109.728,115.51759999999999,112.31979999999999
complex,26.5,111.76140000000001,110.1656,115.65619999999998,110.1656,115.65619999999998,111.76140000000001
complex,26.6,111.27179999999998,110.601,115.38820000000001,110.601,115.38820000000001,111.27179999999998
complex,26.7,111.2802,110.95059999999998,115.04339999999999,110.95059999999998,115.04339999999999,111.2802
complex,26.8,111.6288,110.9752,114.7642,110.9752,114.7642,111.6288
complex,26.9,111.68900000000001,110.5876,114.1102,110.5876,114.1102,111.68900000000001
complex,27.0,112.0606,109.905,113.3306,109.905,113.3306,112.0606
complex,27.1,112.68700000000001,109.7058,113.73179999999999,109.7058,113.73179999999999,112.68700000000001
complex,27.2,112.63820000000001,110.232,112.74539999999999,110.232,112.63820000000001,112.74539999999999
complex,27.3,111.6994,110.3616,112.9556,110.3616,111.6994,112.9556
complex,27.4,111.72760000000001,109.6576,113.2882,109.6576,111.72760000000001,113.2882
complex,27.5,111.1452,109.97819999999999,112.4598,109.97819999999999,111.1452,112.4598
complex,27.6,110.46759999999999,110.1688,112.5606,110.1688,110.46759999999999,112.5606
complex,27.7,110.7104,110.5998,111.90599999999999,110.7104,110.5998,111.90599999999999
complex,27.8,110.42339999999999,110.124,111.245,110.124,110.42339999999999,111.245
complex,27.9,110.446,109.4866,110.57239999999999,110.446,109.4866,110.57239999999999
complex,28.0,110.5344,109.396,110.6146,110.5344,109.396,110.6146
complex,28.1,109.94200000000001,109.23219999999999,110.27000000000001,109.94200000000001,109.23219999999999,110.27000000000001
complex,28.2,109.24099999999999,109.05259999999998,110.0974,109.24099999999999,109.05259999999998,110.0974
complex,28.3,109.2974,109.2758,109.78339999999999,109.2974,109.2758,109.78339999999999
complex,28.4,110.032,108.99839999999999,110.0732,108.99839999999999,110.0732,110.032
complex,28.5,110.272,108.93119999999999,110.69959999999999,108.93119999999999,110.272,110.69959999999999
complex,28.6,110.095,109.23219999999999,110.3422,109.23219999999999,110.095,110.3422
complex,28.7,110.2228,109.0092,110.59020000000001,109.0092,110.2228,110.59020000000001
complex,28.8,110.07559999999998,108.9426,110.3422,108.9426,110.07559999999998,110.3422
complex,28.9,109.8144,108.648,109.9068,108.648,109.8144,109.9068
complex,29.0,109.106,108.3318,109.66720000000001,108.3318,109.66720000000001,109.106
complex,29.1,109.247,108.02640000000001,110.39680000000001,108.02640000000001,110.39680000000001,109.247
complex,29.2,109.41579999999999,107.68019999999999,111.0574,107.68019999999999,111.0574,109.41579999999999
complex,29.3,110.261,107.12740000000001,111.55160000000001,107.12740000000001,111.55160000000001,110.261
complex,29.4,110.9922,106.9526,112.03979999999999,106.9526,112.03979999999999,110.9922
complex,29.5,111.82740000000001,107.3416,112.0314,107.3416,111.82740000000001,112.0314
complex,29.6,110.86359999999999,107.6036,111.94839999999999,107.6036,110.86359999999999,111.94839999999999
complex,29.7,109.9586,107.5818,112.076,107.5818,109.9586,112.076
complex,29.8,109.7844,108.32040000000002,112.4384,108.32040000000002,109.7844,112.4384
complex,29.9,109.22999999999999,108.684,112.3122,108.684,109.22999999999999,112.3122
complex,30.0,109.1208,108.81699999999998,112.301,108.81699999999998,109.1208,112.301
complex,30.1,109.4396,109.00919999999999,113.07000000000001,109.00919999999999,109.4396,113.07000000000001
complex,30.2,110.17699999999999,109.5942,113.6582,109.5942,110.17699999999999,113.6582
complex,30.3,109.77860000000001,108.8644,112.8838,108.8644,109.77860000000001,112.8838
complex,30.4,110.23980000000002,108.6846,112.95039999999999,108.6846,110.23980000000002,112.95039999999999
complex,30.5,111.5264,108.174,112.5746,108.174,111.5264,112.5746
complex,30.6,112.04400000000001,107.4856,112.423,107.4856,112.423,112.04400000000001
complex,30.7,112.0228,106.6772,112.62339999999999,106.6772,112.62339999999999,112.0228
complex,30.8,112.27919999999999,107.1824,113.6258,107.1824,113.6258,112.27919999999999
complex,30.9,111.8662,107.2442,114.10560000000001,107.2442,114.10560000000001,111.8662
complex,31.0,111.95620000000001,107.4472,113.43019999999999,107.4472,113.43019999999999,111.95620000000001
complex,31.1,111.58099999999999,107.79279999999999,112.6396,107.79279999999999,112.6396,111.58099999999999
complex,31.2,111.4114,107.8758,112.50719999999998,107.8758,112.50719999999998,111.4114
complex,31.3,110.6608,107.75219999999999,112.1556,107.75219999999999,112.1556,110.6608
complex,31.4,110.63520000000001,107.92339999999999,112.0952,107.92339999999999,112.0952,110.63520000000001
complex,31.5,109.82419999999999,108.25800000000001,112.4316,108.25800000000001,112.4316,109.82419999999999
complex,31.6,109.41579999999999,108.3122,112.6526,108.3122,112.6526,109.41579999999999
complex,31.7,109.3452,108.48519999999999,112.17,108.48519999999999,112.17,109.3452
complex,31.8,109.8474,108.19760000000001,111.7634,108.19760000000001,111.7634,109.8474
complex,31.9,109.21480000000001,108.52459999999999,111.0744,108.52459999999999,111.0744,109.21480000000001
complex,32.0,109.25899999999999,108.6886,110.38919999999999,108.6886,110.38919999999999,109.25899999999999
complex,32.1,109.279,108.62280000000001,109.61240000000001,108.62280000000001,109.61240000000001,109.279
complex,32.2,108.6532,108.2888,109.6788,108.6532,109.6788,108.2888
complex,32.3,108.50340000000001,106.829,109.21399999999998,108.50340000000001,109.21399999999998,106.829
complex,32.4,108.2536,106.47760000000001,108.4458,108.2536,108.4458,106.47760000000001
complex,32.5,107.08040000000001,106.17639999999999,108.2406,107.08040000000001,108.2406,106.17639999999999
complex,32.6,106.5684,105.7508,108.26199999999999,106.5684,108.26199999999999,105.7508
complex,32.7,105.92820000000002,105.6126,108.44239999999999,105.92820000000002,108.44239999999999,105.6126
complex,32.8,106.4804,106.421,109.191,106.421,109.191,106.4804
complex,32.9,106.82240000000002,106.287,110.14940000000001,106.287,110.14940000000001,106.82240000000002
complex,33.0,106.674,106.66839999999999,110.7068,106.66839999999999,110.7068,106.674
complex,33.1,107.2404,106.75019999999999,111.5414,107.2404,111.5414,106.75019999999999
complex,33.2,108.04659999999998,106.3166,111.15599999999999,108.04659999999998,111.15599999999999,106.3166
complex,33.3,108.36680000000001,106.46520000000001,111.2154,108.36680000000001,111.2154,106.46520000000001
complex,33.4,108.8394,105.7598,111.5876,108.8394,111.5876,105.7598
complex,33.5,109.019,105.7002,111.97619999999999,109.019,111.97619999999999,105.7002
complex,33.6,108.67060000000001,105.39939999999999,112.756,108.67060000000001,112.756,105.39939999999999
complex,33.7,108.5412,104.771,113.63019999999999,108.5412,113.63019999999999,104.771
complex,33.8,108.06120000000001,104.0374,113.7174,108.06120000000001,113.7174,104.0374
complex,33.9,108.2356,104.7784,113.64000000000001,108.2356,113.64000000000001,104.7784
complex,34.0,108.9598,104.65920000000001,112.9222,108.9598,112.9222,104.65920000000001
complex,34.1,109.6858,105.26579999999998,112.1116,109.6858,112.1116,105.26579999999998
complex,34.2,109.78519999999999,106.16,111.4626,109.78519999999999,111.4626,106.16
complex,34.3,109.9672,106.86399999999999,111.2836,109.9672,111.2836,106.86399999999999
complex,34.4,109.59700000000001,106.94800000000001,110.9494,109.59700000000001,110.9494,106.94800000000001
complex,34.5,109.7576,106.60419999999999,111.24839999999999,109.7576,111.24839999999999,106.60419999999999
complex,34.6,110.1816,106.72,110.95779999999999,110.1816,110.95779999999999,106.72
complex,34.7,110.7494,107.41839999999999,110.85,110.7494,110.85,107.41839999999999
complex,34.8,110.2402,107.7098,111.0412,111.0412,110.2402,107.7098
complex,34.9,110.731,107.7912,111.0738,111.0738,110.731,107.7912
complex,35.0,109.99680000000001,109.06019999999998,110.48479999999999,109.99680000000001,110.48479999999999,109.06019999999998
complex,35.1,109.4476,108.75340000000001,110.25900000000001,108.75340000000001,110.25900000000001,109.4476
complex,35.2,108.9884,107.7104,110.2926,107.7104,110.2926,108.9884
complex,35.3,108.5386,107.32919999999999,110.80439999999999,107.32919999999999,110.80439999999999,108.5386
complex,35.4,108.7136,106.93900000000001,110.2336,106.93900000000001,110.2336,108.7136
complex,35.5,109.03299999999999,106.7818,110.2992,106.7818,110.2992,109.03299999999999
complex,35.6,109.19480000000001,106.8862,110.29960000000001,106.8862,110.29960000000001,109.19480000000001
complex,35.7,109.24160000000002,106.69500000000001,110.2272,106.69500000000001,110.2272,109.24160000000002
complex,35.8,109.51140000000001,106.4422,110.5118,106.4422,110.5118,109.51140000000001
complex,35.9,109.56739999999999,106.04960000000001,110.6172,106.04960000000001,110.6172,109.56739999999999
complex,36.0,109.0642,106.2956,111.0144,106.2956,111.0144,109.0642
complex,36.1,108.503,106.1522,111.26199999999999,106.1522,111.26199999999999,108.503
complex,36.2,108.7406,106.19659999999999,111.6742,106.19659999999999,111.6742,108.7406
complex,36.3,108.0846,106.5284,111.2298,106.5284,111.2298,108.0846
complex,36.4,108.0664,106.5598,111.6618,106.5598,111.6618,108.0664
complex,36.5,107.81559999999999,106.6788,111.826,106.6788,111.826,107.81559999999999
complex,36.6,107.5932,106.7404,111.475,106.7404,111.475,107.5932
complex,36.7,107.0778,106.44739999999999,111.40060000000001,106.44739999999999,111.40060000000001,107.0778
complex,36.8,108.1618,105.80120000000002,111.1326,105.80120000000002,111.1326,108.1618
complex,36.9,107.9606,105.83700000000002,110.42760000000001,105.83700000000002,110.42760000000001,107.9606
complex,37.0,107.9908,105.7118,109.8604,105.7118,109.8604,107.9908
complex,37.1,107.4188,105.9804,109.93900000000001,105.9804,109.93900000000001,107.4188
complex,37.2,107.21779999999998,106.8278,109.50280000000001,106.8278,109.50280000000001,107.21779999999998
complex,37.3,107.606,106.6374,110.03899999999999,107.606,110.03899999999999,106.6374
complex,37.4,107.9118,105.7912,109.7568,107.9118,109.7568,105.7912
complex,37.5,108.3838,105.71199999999999,109.82180000000001,108.3838,109.82180000000001,105.71199999999999
complex,37.6,108.707,106.75259999999999,109.827,108.707,109.827,106.75259999999999
complex,37.7,108.67940000000002,107.7328,110.0492,108.67940000000002,110.0492,107.7328
complex,37.8,108.56559999999999,107.13780000000001,110.40119999999999,108.56559999999999,110.40119999999999,107.13780000000001
complex,37.9,108.7672,107.7596,110.6176,108.7672,110.6176,107.7596
complex,38.0,108.4126,107.94559999999998,110.54940000000002,108.4126,110.54940000000002,107.94559999999998
complex,38.1,108.79659999999998,107.90039999999999,110.4076,108.79659999999998,110.4076,107.90039999999999
complex,38.2,109.17639999999999,107.69460000000001,110.19099999999999,109.17639999999999,110.19099999999999,107.69460000000001
complex,38.3,109.14859999999999,108.122,110.3478,109.14859999999999,110.3478,108.122
complex,38.4,109.5164,109.1232,110.697,109.5164,110.697,109.1232
complex,38.5,109.68440000000001,109.4,110.306,109.4,110.306,109.68440000000001
complex,38.6,109.756,108.477,110.86979999999998,108.477,110.86979999999998,109.756
complex,38.7,109.58099999999999,108.08719999999998,111.5874,108.08719999999998,111.5874,109.58099999999999
complex,38.8,110.5578,107.97260000000001,110.9682,107.97260000000001,110.9682,110.5578
complex,38.9,110.1732,107.5282,110.92460000000001,107.5282,110.92460000000001,110.1732
complex,39.0,109.46020000000001,106.8366,111.6268,106.8366,111.6268,109.46020000000001
complex,39.1,109.2346,106.899,111.38879999999999,106.899,111.38879999999999,109.2346
complex,39.2,109.4632,107.03599999999999,111.14739999999999,107.03599999999999,111.14739999999999,109.4632
complex,39.3,108.5664,106.8738,111.756,106.8738,111.756,108.5664
complex,39.4,108.0234,107.3444,111.9392,107.3444,111.9392,108.0234
complex,39.5,108.3432,107.5974,111.70439999999999,108.3432,111.70439999999999,107.5974
complex,39.6,108.00219999999999,107.598,111.905,108.00219999999999,111.905,107.598
complex,39.7,108.38579999999999,107.6156,112.431,108.38579999999999,112.431,107.6156
complex,39.8,108.7988,108.34700000000001,112.42519999999999,108.7988,112.42519999999999,108.34700000000001
complex,39.9,108.76559999999999,108.57620000000001,112.91300000000001,108.57620000000001,112.91300000000001,108.76559999999999
complex,40.0,109.88139999999999,108.67660000000001,113.2838,108.67660000000001,113.2838,109.88139999999999
complex,40.1,110.4008,109.6398,113.81879999999998,109.6398,113.81879999999998,110.4008
complex,40.2,111.2258,109.48240000000001,113.2086,109.48240000000001,113.2086,111.2258
complex,40.3,111.3972,109.7538,113.0634,109.7538,113.0634,111.3972
complex,40.4,111.34840000000001,109.66839999999999,113.04220000000001,109.66839999999999,113.04220000000001,111.34840000000001
complex,40.5,110.94940000000001,109.1206,113.1106,109.1206,113.1106,110.94940000000001
complex,40.6,111.05879999999999,108.99560000000001,113.70039999999999,108.99560000000001,113.70039999999999,111.05879999999999
complex,40.7,110.8522,108.971,114.66080000000002,108.971,114.66080000000002,110.8522
complex,40.8,110.22560000000001,108.80440000000002,114.7492,108.80440000000002,114.7492,110.22560000000001
complex,40.9,110.87440000000001,108.7414,114.8058,108.7414,114.8058,110.87440000000001
complex,41.0,111.46199999999999,108.5616,115.4768,108.5616,115.4768,111.46199999999999
complex,41.1,111.4754,108.3644,114.8502,108.3644,114.8502,111.4754
complex,41.2,111.0332,108.0432,114.3724,108.0432,114.3724,111.0332
complex,41.3,111.66019999999999,108.0148,114.95659999999998,108.0148,114.95659999999998,111.66019999999999
complex,41.4,111.50280000000001,108.33219999999999,114.6786,108.33219999999999,114.6786,111.50280000000001
complex,41.5,110.6386,109.5614,114.3904,109.5614,114.3904,110.6386
complex,41.6,109.6232,109.4606,114.28779999999999,109.4606,114.28779999999999,109.6232
complex,41.7,109.33500000000001,108.755,114.1492,109.33500000000001,114.1492,108.755
complex,41.8,109.20900000000002,107.8866,113.122,109.20900000000002,113.122,107.8866
complex,41.9,108.934,107.58340000000001,112.48300000000002,108.934,112.48300000000002,107.58340000000001
complex,42.0,109.056,107.76759999999999,111.60260000000001,109.056,111.60260000000001,107.76759999999999
complex,42.1,109.33340000000001,108.5094,111.36359999999999,109.33340000000001,111.36359999999999,108.5094
complex,42.2,110.013,109.4632,111.1496,110.013,111.1496,109.4632
complex,42.3,110.54759999999999,109.9108,111.4934,110.54759999999999,111.4934,109.9108
complex,42.4,110.87519999999999,109.5062,111.62339999999999,110.87519999999999,111.62339999999999,109.5062
complex,42.5,109.80999999999999,109.6492,111.52239999999999,109.6492,111.52239999999999,109.80999999999999
complex,42.6,109.9624,109.6668,110.69300000000001,109.6668,110.69300000000001,109.9624
complex,42.7,110.40540000000001,108.9912,110.8004,108.9912,110.8004,110.40540000000001
complex,42.8,110.36600000000001,108.96879999999999,110.4722,108.96879999999999,110.36600000000001,110.4722
complex,42.9,110.19980000000001,108.40259999999998,111.4514,108.40259999999998,110.19980000000001,111.4514
complex,43.0,110.8692,108.7228,111.917,108.7228,110.8692,111.917
complex,43.1,112.027,108.71100000000001,112.22999999999999,108.71100000000001,112.027,112.22999999999999
complex,43.2,111.782,109.3374,112.13219999999998,109.3374,111.782,112.13219999999998
complex,43.3,112.42760000000001,109.22760000000001,112.4502,109.22760000000001,112.4502,112.42760000000001
complex,43.4,111.59880000000001,109.35820000000001,113.0356,109.35820000000001,113.0356,111.59880000000001
complex,43.5,110.8452,109.41659999999999,112.63879999999999,109.41659999999999,112.63879999999999,110.8452
complex,43.6,110.33899999999998,109.1962,112.2576,109.1962,112.2576,110.33899999999998
complex,43.7,109.976,108.0682,112.2298,108.0682,112.2298,109.976
complex,43.8,109.70719999999999,107.8376,111.4836,107.8376,111.4836,109.70719999999999
complex,43.9,109.7172,108.02360000000002,111.1528,108.02360000000002,111.1528,109.7172
complex,44.0,109.3798,107.7104,111.28659999999999,107.7104,111.28659999999999,109.3798
complex,44.1,109.5474,107.5694,111.07379999999998,107.5694,111.07379999999998,109.5474
complex,44.2,109.2594,107.7576,110.6452,107.7576,110.6452,109.2594
complex,44.3,109.78799999999998,107.0134,110.7038,107.0134,110.7038,109.78799999999998
complex,44.4,109.976,106.94839999999999,111.17519999999999,106.94839999999999,111.17519999999999,109.976
complex,44.5,110.4224,107.33019999999999,111.08800000000001,107.33019999999999,111.08800000000001,110.4224
complex,44.6,110.4278,107.70439999999999,110.70039999999999,107.70439999999999,110.70039999999999,110.4278
complex,44.7,110.162,108.49499999999998,111.407,108.49499999999998,111.407,110.162
complex,44.8,109.3684,108.8962,112.0592,108.8962,112.0592,109.3684
complex,44.9,108.8692,108.76199999999999,112.104,108.76199999999999,112.104,108.8692
complex,45.0,108.5846,108.53979999999999,113.00519999999999,108.5846,113.00519999999999,108.53979999999999
complex,45.1,108.2096,108.11420000000001,114.4394,108.2096,114.4394,108.11420000000001
complex,45.2,108.1088,107.6964,114.35499999999999,107.6964,114.35499999999999,108.1088
complex,45.3,108.50619999999999,107.792,114.2038,107.792,114.2038,108.50619999999999
complex,45.4,108.7278,107.833,114.179,107.833,114.179,108.7278
complex,45.5,108.01759999999999,107.5538,113.57420000000002,107.5538,113.57420000000002,108.01759999999999
complex,45.6,108.393,107.3474,112.5798,107.3474,112.5798,108.393
complex,45.7,108.74740000000001,106.9134,112.6354,106.9134,112.6354,108.74740000000001
complex,45.8,108.1394,106.846,112.3922,106.846,112.3922,108.1394
complex,45.9,107.8826,106.50719999999998,112.48119999999999,106.50719999999998,112.48119999999999,107.8826
complex,46.0,109.1084,106.828,113.354,106.828,113.354,109.1084
complex,46.1,108.89860000000002,107.2462,114.3732,107.2462,114.3732,108.89860000000002
complex,46.2,108.4742,107.628,115.07360000000001,107.628,115.07360000000001,108.4742
complex,46.3,108.745,107.625,115.48139999999998,107.625,115.48139999999998,108.745
complex,46.4,108.6786,107.87,115.56500000000001,107.87,115.56500000000001,108.6786
complex,46.5,108.7772,108.10979999999999,114.8846,108.10979999999999,114.8846,108.7772
complex,46.6,109.12180000000001,108.04639999999999,114.02820000000001,108.04639999999999,114.02820000000001,109.12180000000001
complex,46.7,110.1398,108.52680000000001,113.1944,108.52680000000001,113.1944,110.1398
complex,46.8,110.7594,108.91479999999999,112.8914,108.91479999999999,112.8914,110.7594
complex,46.9,111.417,109.1922,112.8264,109.1922,112.8264,111.417
complex,47.0,111.86420000000001,108.6656,112.49719999999999,108.6656,112.49719999999999,111.86420000000001
complex,47.1,112.33279999999999,108.66720000000001,112.7046,108.66720000000001,112.7046,112.33279999999999
complex,47.2,112.0384,108.32339999999999,112.98620000000001,108.32339999999999,112.98620000000001,112.0384
complex,47.3,112.0542,108.1806,113.00320000000002,108.1806,113.00320000000002,112.0542
complex,47.4,112.33699999999999,108.41099999999999,112.88699999999999,108.41099999999999,112.88699999999999,112.33699999999999
complex,47.5,111.5026,108.9502,113.4094,108.9502,113.4094,111.5026
complex,47.6,111.12180000000001,108.742,113.92839999999998,108.742,113.92839999999998,111.12180000000001
complex,47.7,111.21959999999999,108.8404,113.7266,108.8404,113.7266,111.21959999999999
complex,47.8,111.1354,108.94539999999999,113.81379999999999,108.94539999999999,113.81379999999999,111.1354
complex,47.9,110.5298,108.61860000000001,113.95519999999999,108.61860000000001,113.95519999999999,110.5298
complex,48.0,111.16959999999999,108.7044,112.96199999999999,108.7044,112.96199999999999,111.16959999999999
complex,48.1,111.50140000000002,109.2376,112.074,109.2376,112.074,111.50140000000002
complex,48.2,111.2906,109.9872,111.6916,109.9872,111.6916,111.2906
complex,48.3,111.1028,110.2986,111.958,110.2986,111.958,111.1028
complex,48.4,111.8004,110.482,111.94679999999998,110.482,111.94679999999998,111.8004
complex,48.5,111.3792,110.45920000000001,112.08040000000001,110.45920000000001,112.08040000000001,111.3792
complex,48.6,110.795,110.67859999999999,111.6942,110.67859999999999,111.6942,110.795
complex,48.7,110.55139999999999,110.266,111.61980000000001,110.55139999999999,111.61980000000001,110.266
complex,48.8,110.60419999999999,109.91279999999999,111.13640000000001,110.60419999999999,111.13640000000001,109.91279999999999
complex,48.9,110.6076,108.80459999999998,110.69500000000001,110.6076,110.69500000000001,108.80459999999998
complex,49.0,111.122,108.6856,111.1594,111.122,111.1594,108.6856
complex,49.1,111.023,108.20900000000002,111.37040000000002,111.023,111.37040000000002,108.20900000000002
complex,49.2,111.0574,108.6856,111.93220000000001,111.0574,111.93220000000001,108.6856
complex,49.3,110.9538,108.55459999999998,111.5848,110.9538,111.5848,108.55459999999998
complex,49.4,111.40619999999998,109.006,111.63699999999999,111.63699999999999,111.40619999999998,109.006
complex,49.5,110.853,109.4518,111.4334,111.4334,110.853,109.4518
complex,49.6,111.3586,109.45779999999999,111.9754,111.9754,111.3586,109.45779999999999
complex,49.7,111.5246,109.16580000000002,112.131,112.131,111.5246,109.16580000000002
complex,49.8,111.8492,109.11600000000001,111.93900000000001,111.93900000000001,111.8492,109.11600000000001
complex,49.9,111.51939999999999,109.3472,111.6414,111.6414,111.51939999999999,109.3472
complex,50.0,111.03980000000001,109.0714,111.79860000000001,111.79860000000001,111.03980000000001,109.0714
complex,50.1,110.045,109.252,111.53720000000001,111.53720000000001,110.045,109.252
complex,50.2,109.326,109.01700000000001,111.75999999999999,111.75999999999999,109.326,109.01700000000001
complex,50.3,109.0134,108.4402,111.9606,111.9606,108.4402,109.0134
complex,50.4,109.25460000000001,108.67660000000001,111.8762,111.8762,108.67660000000001,109.25460000000001
complex,50.5,109.33720000000001,108.8442,111.26140000000001,111.26140000000001,109.33720000000001,108.8442
complex,50.6,109.43679999999999,108.9324,111.19559999999998,111.19559999999998,109.43679999999999,108.9324
complex,50.7,109.7988,109.04579999999999,111.02260000000001,111.02260000000001,109.04579999999999,109.7988
complex,50.8,110.50619999999999,109.62740000000001,110.90820000000001,110.90820000000001,109.62740000000001,110.50619999999999
complex,50.9,110.548,109.2396,110.5598,110.5598,109.2396,110.548
complex,51.0,110.9292,108.8,110.9654,110.9292,108.8,110.9654
complex,51.1,110.88499999999999,109.39760000000001,111.98519999999999,110.88499999999999,109.39760000000001,111.98519999999999
complex,51.2,110.0934,110.0518,112.4964,110.0518,110.0934,112.4964
complex,51.3,110.04360000000001,109.5336,112.5512,109.5336,110.04360000000001,112.5512
complex,51.4,110.32820000000001,110.0306,112.5228,110.0306,110.32820000000001,112.5228
complex,51.5,110.47,109.70039999999999,112.23740000000001,109.70039999999999,110.47,112.23740000000001
complex,51.6,109.7406,109.522,111.4576,109.522,109.7406,111.4576
complex,51.7,109.7648,109.5866,110.31559999999999,109.5866,109.7648,110.31559999999999
complex,51.8,110.2752,109.9882,110.37460000000002,109.9882,110.37460000000002,110.2752
complex,51.9,109.95360000000001,109.8012,110.301,109.95360000000001,110.301,109.8012
complex,52.0,110.48580000000001,109.83899999999998,111.0086,110.48580000000001,111.0086,109.83899999999998
complex,52.1,110.5258,110.35239999999999,111.50340000000001,110.5258,111.50340000000001,110.35239999999999
complex,52.2,110.51579999999998,110.4478,111.175,110.4478,111.175,110.51579999999998
complex,52.3,110.1084,110.00899999999999,110.4754,110.00899999999999,110.1084,110.4754
complex,52.4,109.7698,109.5696,111.0684,109.7698,109.5696,111.0684
complex,52.5,109.71279999999999,109.3326,111.4086,109.71279999999999,109.3326,111.4086
complex,52.6,109.4118,108.85940000000001,110.7896,108.85940000000001,109.4118,110.7896
complex,52.7,110.19279999999999,108.91100000000002,111.024,108.91100000000002,110.19279999999999,111.024
complex,52.8,111.05420000000001,109.04,111.2194,109.04,111.05420000000001,111.2194
complex,52.9,111.0672,109.0692,111.85999999999999,109.0692,111.85999999999999,111.0672
complex,53.0,111.26759999999999,109.0374,111.70439999999999,109.0374,111.70439999999999,111.26759999999999
complex,53.1,111.53920000000001,109.3486,111.7592,109.3486,111.7592,111.53920000000001
complex,53.2,110.6424,109.399,111.9826,109.399,110.6424,111.9826
complex,53.3,110.2156,109.47999999999999,111.18379999999999,109.47999999999999,110.2156,111.18379999999999
complex,53.4,110.2012,109.53779999999999,111.076,109.53779999999999,110.2012,111.076
complex,53.5,110.26939999999999,109.0614,111.2442,109.0614,110.26939999999999,111.2442
complex,53.6,110.2316,109.27359999999999,110.76500000000001,109.27359999999999,110.2316,110.76500000000001
complex,53.7,110.23020000000001,108.80940000000001,110.585,108.80940000000001,110.585,110.23020000000001
complex,53.8,110.556,108.79940000000002,110.8424,108.79940000000002,110.8424,110.556
complex,53.9,109.97820000000002,108.2272,110.56320000000001,108.2272,110.56320000000001,109.97820000000002
complex,54.0,109.91659999999999,107.825,110.4526,107.825,110.4526,109.91659999999999
complex,54.1,110.1804,107.93820000000001,110.44479999999999,107.93820000000001,110.44479999999999,110.1804
complex,54.2,110.0692,108.4,110.7296,108.4,110.7296,110.0692
complex,54.3,110.197,108.2124,110.2064,108.2124,110.2064,110.197
complex,54.4,110.3,108.48179999999999,110.431,108.48179999999999,110.3,110.431
complex,54.5,109.43519999999998,109.29339999999999,110.3382,109.29339999999999,109.43519999999998,110.3382
complex,54.6,109.40540000000001,109.3826,110.52239999999999,109.40540000000001,109.3826,110.52239999999999
complex,54.7,109.8416,108.9636,109.93979999999999,109.8416,108.9636,109.93979999999999
complex,54.8,109.5008,109.0316,110.1496,110.1496,109.5008,109.0316
complex,54.9,109.68800000000002,108.732,110.22759999999998,110.22759999999998,109.68800000000002,108.732
complex,55.0,109.90740000000001,108.39580000000001,110.22359999999999,109.90740000000001,110.22359999999999,108.39580000000001
complex,55.1,109.50639999999999,108.1492,109.981,109.50639999999999,109.981,108.1492
complex,55.2,108.43039999999999,108.2912,110.2172,108.43039999999999,110.2172,108.2912
complex,55.3,108.44120000000001,107.71279999999999,110.2732,107.71279999999999,110.2732,108.44120000000001
complex,55.4,108.429,107.3324,110.35439999999998,107.3324,110.35439999999998,108.429
complex,55.5,108.492,106.78020000000001,110.9808,106.78020000000001,110.9808,108.492
complex,55.6,108.26820000000001,106.2444,111.69499999999998,106.2444,111.69499999999998,108.26820000000001
complex,55.7,108.5094,106.14320000000001,112.106,106.14320000000001,112.106,108.5094
complex,55.8,109.08800000000001,105.57660000000001,112.9118,105.57660000000001,112.9118,109.08800000000001
complex,55.9,109.43699999999998,104.85639999999998,113.2778,104.85639999999998,113.2778,109.43699999999998
complex,56.0,108.73120000000002,104.08219999999999,112.97959999999998,104.08219999999999,112.97959999999998,108.73120000000002
complex,56.1,108.3004,103.72080000000001,112.07000000000001,103.72080000000001,112.07000000000001,108.3004
complex,56.2,108.167,103.37379999999999,111.6606,103.37379999999999,111.6606,108.167
complex,56.3,107.36800000000001,103.6972,111.07480000000001,103.6972,111.07480000000001,107.36800000000001
complex,56.4,107.1548,103.92080000000001,110.9686,103.92080000000001,110.9686,107.1548
complex,56.5,107.42240000000001,104.57339999999999,111.0596,104.57339999999999,111.0596,107.42240000000001
complex,56.6,107.62159999999999,105.1484,111.82840000000002,105.1484,111.82840000000002,107.62159999999999
complex,56.7,107.2696,105.6738,112.25019999999999,105.6738,112.25019999999999,107.2696
complex,56.8,107.44059999999999,106.2886,111.44059999999999,106.2886,111.44059999999999,107.44059999999999
complex,56.9,107.4826,106.62159999999999,111.147,106.62159999999999,111.147,107.4826
complex,57.0,107.119,107.06800000000001,110.80820000000001,107.06800000000001,110.80820000000001,107.119
complex,57.1,107.6462,107.3424,110.23440000000001,107.3424,110.23440000000001,107.6462
complex,57.2,108.01019999999998,107.30620000000002,109.4124,107.30620000000002,109.4124,108.01019999999998
complex,57.3,108.87460000000002,107.2826,109.07660000000001,107.2826,109.07660000000001,108.87460000000002
complex,57.4,108.9274,107.4606,109.71300000000001,107.4606,108.9274,109.71300000000001
complex,57.5,109.0864,106.71579999999999,110.45840000000001,106.71579999999999,109.0864,110.45840000000001
complex,57.6,109.6682,106.08099999999999,110.9218,106.08099999999999,109.6682,110.9218
complex,57.7,110.37820000000002,105.63199999999999,111.5192,105.63199999999999,110.37820000000002,111.5192
complex,57.8,110.6372,104.93120000000002,111.2816,104.93120000000002,110.6372,111.2816
complex,57.9,110.52820000000001,104.04180000000001,110.8492,104.04180000000001,110.52820000000001,110.8492
complex,58.0,110.2074,104.101,110.2116,104.101,110.2116,110.2074
complex,58.1,109.24740000000001,103.9046,109.8276,103.9046,109.8276,109.24740000000001
complex,58.2,108.74600000000001,103.7414,109.4068,103.7414,109.4068,108.74600000000001
complex,58.3,109.00340000000001,103.396,110.08980000000001,103.396,110.08980000000001,109.00340000000001
complex,58.4,108.19800000000001,102.931,110.226,102.931,110.226,108.19800000000001
complex,58.5,108.9434,102.2784,110.776,102.2784,110.776,108.9434
complex,58.6,109.04459999999999,101.4174,110.6576,101.4174,110.6576,109.04459999999999
complex,58.7,109.3126,101.6912,110.8392,101.6912,110.8392,109.3126
complex,58.8,109.1464,101.91,110.2772,101.91,110.2772,109.1464
complex,58.9,109.89259999999999,102.146,110.68979999999999,102.146,110.68979999999999,109.89259999999999
complex,59.0,109.52739999999999,102.48739999999998,111.25280000000001,102.48739999999998,111.25280000000001,109.52739999999999
complex,59.1,110.1634,102.8626,111.60520000000001,102.8626,111.60520000000001,110.1634
complex,59.2,110.617,102.69120000000001,111.48100000000002,102.69120000000001,111.48100000000002,110.617
complex,59.3,110.55319999999999,102.4556,111.77000000000001,102.4556,111.77000000000001,110.55319999999999
complex,59.4,110.6626,102.6902,111.727,102.6902,111.727,110.6626
complex,59.5,110.65799999999999,102.7506,111.34700000000001,102.7506,111.34700000000001,110.65799999999999
complex,59.6,110.05999999999999,103.27439999999999,111.00340000000001,103.27439999999999,111.00340000000001,110.05999999999999
complex,59.7,109.46900000000001,103.44679999999998,111.5026,103.44679999999998,111.5026,109.46900000000001
complex,59.8,109.32559999999998,104.06020000000001,111.91479999999999,104.06020000000001,111.91479999999999,109.32559999999998
complex,59.9,109.2476,103.9346,112.06500000000001,103.9346,112.06500000000001,109.2476
complex,60.0,109.923,103.57039999999999,111.89360000000002,103.57039999999999,111.89360000000002,109.923
complex,60.1,110.47739999999999,103.80640000000001,111.7574,103.80640000000001,111.7574,110.47739999999999
complex,60.2,110.57159999999999,104.2716,110.86399999999999,104.2716,110.86399999999999,110.57159999999999
complex,60.3,109.9684,104.22200000000001,110.78899999999999,104.22200000000001,109.9684,110.78899999999999
complex,60.4,109.3818,104.6682,110.8528,104.6682,109.3818,110.8528
complex,60.5,109.0548,105.2592,110.1614,105.2592,109.0548,110.1614
complex,60.6,109.3018,104.90440000000001,109.747,104.90440000000001,109.3018,109.747
complex,60.7,109.58,104.0142,109.609,104.0142,109.609,109.58
complex,60.8,109.30439999999999,103.0992,110.01199999999999,103.0992,110.01199999999999,109.30439999999999
complex,60.9,109.4854,102.2766,109.86019999999999,102.2766,109.86019999999999,109.4854
complex,61.0,109.8584,101.638,110.072,101.638,109.8584,110.072
complex,61.1,109.1566,101.00460000000001,110.1464,101.00460000000001,109.1566,110.1464
complex,61.2,109.02759999999998,100.71520000000001,110.0708,100.71520000000001,109.02759999999998,110.0708
complex,61.3,108.6096,100.5682,109.59639999999999,100.5682,108.6096,109.59639999999999
complex,61.4,108.43979999999999,100.89059999999999,108.5386,100.89059999999999,108.43979999999999,108.5386
complex,61.5,107.6682,100.9648,108.66000000000001,100.9648,108.66000000000001,107.6682
complex,61.6,107.3392,102.2978,109.15039999999999,102.2978,109.15039999999999,107.3392
complex,61.7,106.94500000000001,102.67699999999999,109.1584,102.67699999999999,109.1584,106.94500000000001
complex,61.8,106.8478,103.295,109.79220000000001,103.295,109.79220000000001,106.8478
complex,61.9,107.1738,102.91420000000001,110.7142,102.91420000000001,110.7142,107.1738
complex,62.0,106.73440000000001,103.28720000000001,110.93700000000001,103.28720000000001,110.93700000000001,106.73440000000001
complex,62.1,106.5438,102.3258,111.7038,102.3258,111.7038,106.5438
complex,62.2,106.98980000000002,102.2414,111.98419999999999,102.2414,111.98419999999999,106.98980000000002
complex,62.3,106.9828,102.44560000000001,112.0616,102.44560000000001,112.0616,106.9828
complex,62.4,107.04460000000002,103.7064,111.8684,103.7064,111.8684,107.04460000000002
complex,62.5,107.83800000000001,103.81979999999999,111.5664,103.81979999999999,111.5664,107.83800000000001
complex,62.6,109.04079999999999,104.18199999999999,111.44800000000001,104.18199999999999,111.44800000000001,109.04079999999999
complex,62.7,110.07639999999999,104.672,111.6288,104.672,111.6288,110.07639999999999
complex,62.8,111.59079999999999,104.69120000000001,112.0978,104.69120000000001,111.59079999999999,112.0978
complex,62.9,111.09020000000001,104.2858,112.4982,104.2858,111.09020000000001,112.4982
complex,63.0,110.89940000000001,104.1088,113.1238,104.1088,110.89940000000001,113.1238
complex,63.1,110.1988,103.93400000000001,112.87960000000001,103.93400000000001,110.1988,112.87960000000001
complex,63.2,110.473,103.6102,112.45899999999999,103.6102,110.473,112.45899999999999
complex,63.3,110.7426,103.5678,110.9348,103.5678,110.7426,110.9348
complex,63.4,110.8846,103.5952,110.898,103.5952,110.8846,110.898
complex,63.5,110.25659999999998,103.4094,111.28099999999999,103.4094,111.28099999999999,110.25659999999998
complex,63.6,109.95839999999998,103.33959999999999,111.5066,103.33959999999999,111.5066,109.95839999999998
complex,63.7,110.10979999999999,103.1556,111.22919999999999,103.1556,111.22919999999999,110.10979999999999
complex,63.8,110.8338,102.7808,110.90060000000001,102.7808,110.90060000000001,110.8338
complex,63.9,110.7588,102.07000000000001,111.0682,102.07000000000001,110.7588,111.0682
complex,64.0,110.2942,102.2394,111.8954,102.2394,110.2942,111.8954
complex,64.1,110.56880000000001,102.106,112.16980000000001,102.106,110.56880000000001,112.16980000000001
complex,64.2,110.329,102.38820000000001,111.90719999999999,102.38820000000001,110.329,111.90719999999999
complex,64.3,110.1132,102.6482,111.6396,102.6482,110.1132,111.6396
complex,64.4,110.58879999999999,102.69179999999999,112.27839999999999,102.69179999999999,110.58879999999999,112.27839999999999
complex,64.5,110.9982,102.7562,112.7148,102.7562,110.9982,112.7148
complex,64.6,110.2316,102.3756,112.0134,102.3756,110.2316,112.0134
complex,64.7,109.59560000000002,101.9994,112.26699999999998,101.9994,109.59560000000002,112.26699999999998
complex,64.8,109.673,101.7084,111.91279999999999,101.7084,109.673,111.91279999999999
complex,64.9,109.23020000000001,101.8472,110.76979999999999,101.8472,109.23020000000001,110.76979999999999
complex,65.0,109.08040000000001,101.5192,110.2874,101.5192,109.08040000000001,110.2874
complex,65.1,108.97260000000001,102.1134,110.32360000000001,102.1134,108.97260000000001,110.32360000000001
complex,65.2,109.38580000000002,102.62660000000001,109.9322,102.62660000000001,109.38580000000002,109.9322
complex,65.3,109.01020000000001,103.00460000000001,110.2918,103.00460000000001,109.01020000000001,110.2918
complex,65.4,108.66600000000001,103.93299999999999,110.8724,103.93299999999999,108.66600000000001,110.8724
complex,65.5,108.45620000000001,104.2222,110.8152,104.2222,108.45620000000001,110.8152
complex,65.6,109.0868,104.1836,111.44480000000001,104.1836,109.0868,111.44480000000001
complex,65.7,108.7932,103.80199999999999,111.8336,103.80199999999999,108.7932,111.8336
complex,65.8,109.14380000000001,103.81380000000001,112.2988,103.81380000000001,109.14380000000001,112.2988
complex,65.9,109.36780000000002,102.94920000000002,112.1626,102.94920000000002,109.36780000000002,112.1626
complex,66.0,108.69080000000001,102.7536,111.87219999999999,102.7536,108.69080000000001,111.87219999999999
complex,66.1,108.2692,102.91980000000001,111.731,102.91980000000001,108.2692,111.731
complex,66.2,108.3362,102.79,111.0376,102.79,108.3362,111.0376
complex,66.3,108.3106,102.4502,110.7038,102.4502,108.3106,110.7038
complex,66.4,108.60619999999999,102.235,111.02539999999999,102.235,108.60619999999999,111.02539999999999
complex,66.5,109.0886,102.2782,110.94379999999998,102.2782,109.0886,110.94379999999998
complex,66.6,109.474,101.693,111.0874,101.693,109.474,111.0874
complex,66.7,109.354,101.735,112.059,101.735,109.354,112.059
complex,66.8,109.38380000000002,102.0854,111.8472,102.0854,109.38380000000002,111.8472
complex,66.9,109.227,102.0454,111.49719999999999,102.0454,109.227,111.49719999999999
complex,67.0,109.28720000000001,102.33279999999999,111.2088,102.33279999999999,109.28720000000001,111.2088
complex,67.1,108.91120000000001,102.8676,111.22200000000001,102.8676,108.91120000000001,111.22200000000001
complex,67.2,109.29659999999998,103.2938,110.74759999999999,103.2938,109.29659999999998,110.74759999999999
complex,67.3,108.47319999999999,102.82059999999998,110.8884,102.82059999999998,108.47319999999999,110.8884
complex,67.4,108.78240000000001,102.8324,111.2328,102.8324,108.78240000000001,111.2328
complex,67.5,109.25,102.255,111.4582,102.255,109.25,111.4582
complex,67.6,109.8654,102.1412,111.76219999999998,102.1412,109.8654,111.76219999999998
complex,67.7,110.2218,101.59479999999999,111.64500000000001,101.59479999999999,110.2218,111.64500000000001
complex,67.8,110.5384,102.26939999999999,111.15420000000002,102.26939999999999,110.5384,111.15420000000002
complex,67.9,110.1212,102.5876,111.9224,102.5876,110.1212,111.9224
complex,68.0,109.215,103.01019999999998,112.67240000000001,103.01019999999998,109.215,112.67240000000001
complex,68.1,108.50540000000001,102.987,113.0482,102.987,108.50540000000001,113.0482
complex,68.2,108.3144,103.679,113.1366,103.679,108.3144,113.1366
complex,68.3,108.9778,103.2462,113.06559999999999,103.2462,108.9778,113.06559999999999
complex,68.4,108.51460000000002,103.4394,112.5088,103.4394,108.51460000000002,112.5088
complex,68.5,108.6076,103.19460000000001,111.72999999999999,103.19460000000001,108.6076,111.72999999999999
complex,68.6,108.71279999999999,102.89020000000001,111.36420000000001,102.89020000000001,108.71279999999999,111.36420000000001
complex,68.7,108.6078,102.1652,111.8934,102.1652,108.6078,111.8934
complex,68.8,108.1154,102.2938,112.72139999999999,102.2938,108.1154,112.72139999999999
complex,68.9,108.19659999999999,102.03659999999999,112.68299999999999,102.03659999999999,108.19659999999999,112.68299999999999
complex,69.0,108.43120000000002,101.92580000000001,113.38900000000001,101.92580000000001,108.43120000000002,113.38900000000001
complex,69.1,108.4346,102.2818,113.994,102.2818,108.4346,113.994
complex,69.2,107.89679999999998,102.67159999999998,114.076,102.67159999999998,107.89679999999998,114.076
complex,69.3,108.197,102.6872,114.4392,102.6872,108.197,114.4392
complex,69.4,108.35999999999999,103.05199999999999,114.9674,103.05199999999999,108.35999999999999,114.9674
complex,69.5,108.45520000000002,103.3694,114.77260000000001,103.3694,108.45520000000002,114.77260000000001
complex,69.6,108.1834,103.6528,114.508,103.6528,108.1834,114.508
complex,69.7,108.1902,103.447,113.5404,103.447,108.1902,113.5404
complex,69.8,108.152,103.63399999999999,112.73620000000001,103.63399999999999,108.152,112.73620000000001
complex,69.9,108.44279999999999,103.4056,112.1344,103.4056,108.44279999999999,112.1344
complex,70.0,108.95419999999999,103.9182,112.452,103.9182,108.95419999999999,112.452
complex,70.1,109.6008,104.1808,111.92920000000001,104.1808,109.6008,111.92920000000001
complex,70.2,110.2212,104.5184,112.45340000000002,104.5184,110.2212,112.45340000000002
complex,70.3,110.3114,104.08900000000001,112.69879999999998,104.08900000000001,110.3114,112.69879999999998
complex,70.4,110.28219999999999,103.8182,112.04960000000001,103.8182,110.28219999999999,112.04960000000001
complex,70.5,110.3504,103.57559999999998,111.3662,103.57559999999998,110.3504,111.3662
complex,70.6,110.37559999999999,103.2132,111.7888,103.2132,110.37559999999999,111.7888
complex,70.7,110.7018,103.38600000000001,112.40220000000002,103.38600000000001,110.7018,112.40220000000002
complex,70.8,111.05059999999999,103.5418,113.83340000000001,103.5418,111.05059999999999,113.83340000000001
complex,70.9,110.9086,104.0092,115.1102,104.0092,110.9086,115.1102
complex,71.0,110.4286,104.74719999999999,115.22760000000001,104.74719999999999,110.4286,115.22760000000001
complex,71.1,110.378,105.4336,115.8982,105.4336,110.378,115.8982
complex,71.2,109.78400000000002,105.79479999999998,115.4932,105.79479999999998,109.78400000000002,115.4932
complex,71.3,109.23740000000001,106.274,114.356,106.274,109.23740000000001,114.356
complex,71.4,109.64320000000001,106.76780000000001,114.5894,106.76780000000001,109.64320000000001,114.5894
complex,71.5,110.126,106.2236,114.81479999999999,106.2236,110.126,114.81479999999999
complex,71.6,110.19559999999998,106.242,114.1914,106.242,110.19559999999998,114.1914
complex,71.7,110.6772,106.39859999999999,114.518,106.39859999999999,110.6772,114.518
complex,71.8,110.9146,107.372,114.83099999999999,107.372,110.9146,114.83099999999999
complex,71.9,110.867,108.1762,113.5272,108.1762,110.867,113.5272
complex,72.0,110.2606,108.45,113.51559999999999,108.45,110.2606,113.51559999999999
complex,72.1,110.49659999999999,108.4026,112.43239999999999,108.4026,110.49659999999999,112.43239999999999
complex,72.2,110.8106,108.88879999999999,111.64439999999999,108.88879999999999,110.8106,111.64439999999999
complex,72.3,110.69480000000001,107.9934,110.98620000000001,107.9934,110.98620000000001,110.69480000000001
complex,72.4,110.6516,107.2692,110.7164,107.2692,110.6516,110.7164
complex,72.5,110.5192,107.0174,111.19000000000001,107.0174,111.19000000000001,110.5192
complex,72.6,111.119,106.2,111.2952,106.2,111.2952,111.119
complex,72.7,110.627,105.9108,111.6008,105.9108,110.627,111.6008
complex,72.8,110.53920000000001,105.84580000000001,111.4982,105.84580000000001,110.53920000000001,111.4982
complex,72.9,110.7018,105.4016,111.60140000000001,105.4016,110.7018,111.60140000000001
complex,73.0,110.0368,105.7366,111.13799999999999,105.7366,110.0368,111.13799999999999
complex,73.1,109.21199999999999,105.9174,111.21400000000001,105.9174,109.21199999999999,111.21400000000001
complex,73.2,109.0978,105.16279999999999,110.8894,105.16279999999999,109.0978,110.8894
complex,73.3,109.04639999999999,105.29960000000001,112.0488,105.29960000000001,109.04639999999999,112.0488
complex,73.4,109.1546,105.6638,113.15799999999999,105.6638,109.1546,113.15799999999999
complex,73.5,109.9156,104.8868,114.1414,104.8868,109.9156,114.1414
complex,73.6,110.1964,105.45360000000001,114.19560000000001,105.45360000000001,110.1964,114.19560000000001
complex,73.7,109.95040000000002,106.5692,114.86240000000001,106.5692,109.95040000000002,114.86240000000001
complex,73.8,110.0934,107.0684,114.2798,107.0684,110.0934,114.2798
complex,73.9,110.4684,106.2882,112.8406,106.2882,110.4684,112.8406
complex,74.0,110.1446,106.4138,112.252,106.4138,110.1446,112.252
complex,74.1,110.93199999999999,106.0488,112.0918,106.0488,110.93199999999999,112.0918
complex,74.2,111.7442,105.08600000000001,111.85560000000001,105.08600000000001,111.85560000000001,111.7442
complex,74.3,111.7236,104.33,112.27919999999999,104.33,112.27919999999999,111.7236
complex,74.4,112.19000000000001,104.8872,112.545,104.8872,112.545,112.19000000000001
complex,74.5,111.8768,105.3452,112.9588,105.3452,112.9588,111.8768
complex,74.6,111.8662,105.3182,112.60499999999999,105.3182,112.60499999999999,111.8662
complex,74.7,111.0148,105.6,112.3992,105.6,112.3992,111.0148
complex,74.8,110.82919999999999,105.6594,112.338,105.6594,112.338,110.82919999999999
complex,74.9,110.4242,105.6394,112.22240000000002,105.6394,112.22240000000002,110.4242
complex,75.0,110.08519999999999,105.32540000000002,112.6922,105.32540000000002,112.6922,110.08519999999999
complex,75.1,110.1,105.54340000000002,112.93919999999999,105.54340000000002,112.93919999999999,110.1
complex,75.2,110.99000000000001,105.1932,114.1028,105.1932,114.1028,110.99000000000001
complex,75.3,111.0276,104.7508,113.9784,104.7508,113.9784,111.0276
complex,75.4,111.6276,104.26000000000002,114.2914,104.26000000000002,114.2914,111.6276
complex,75.5,113.01520000000001,104.10059999999999,113.697,104.10059999999999,113.697,113.01520000000001
complex,75.6,112.7464,103.77380000000001,113.22079999999998,103.77380000000001,113.22079999999998,112.7464
complex,75.7,111.8842,104.03799999999998,112.3848,104.03799999999998,112.3848,111.8842
complex,75.8,111.68000000000002,104.36779999999999,112.36380000000001,104.36779999999999,112.36380000000001,111.68000000000002
complex,75.9,111.4268,104.40639999999999,111.4446,104.40639999999999,111.4446,111.4268
complex,76.0,110.7164,104.6134,111.575,104.6134,111.575,110.7164
complex,76.1,110.8894,104.69539999999999,111.42580000000001,104.69539999999999,111.42580000000001,110.8894
complex,76.2,111.0558,104.10640000000001,111.56179999999999,104.10640000000001,111.0558,111.56179999999999
complex,76.3,110.88600000000001,104.31020000000001,111.85340000000001,104.31020000000001,110.88600000000001,111.85340000000001
complex,76.4,111.33319999999999,104.42439999999999,111.9614,104.42439999999999,111.33319999999999,111.9614
complex,76.5,111.69120000000001,104.4682,111.84819999999999,104.4682,111.69120000000001,111.84819999999999
complex,76.6,111.83340000000001,104.01700000000001,112.0326,104.01700000000001,112.0326,111.83340000000001
complex,76.7,112.00999999999999,104.3424,112.38119999999999,104.3424,112.38119999999999,112.00999999999999
complex,76.8,112.26520000000001,104.00999999999999,112.2714,104.00999999999999,112.2714,112.26520000000001
complex,76.9,112.12159999999999,104.24159999999999,112.1694,104.24159999999999,112.12159999999999,112.1694
complex,77.0,111.7838,103.41220000000001,113.1916,103.41220000000001,111.7838,113.1916
complex,77.1,112.04100000000001,103.61019999999999,113.61300000000001,103.61019999999999,112.04100000000001,113.61300000000001
complex,77.2,111.44000000000001,103.8228,113.70060000000001,103.8228,111.44000000000001,113.70060000000001
complex,77.3,111.38879999999999,103.5578,113.40239999999999,103.5578,111.38879999999999,113.40239999999999
complex,77.4,111.4202,102.90920000000001,113.52920000000002,102.90920000000001,111.4202,113.52920000000002
complex,77.5,111.38820000000001,103.1046,112.8702,103.1046,111.38820000000001,112.8702
complex,77.6,111.3702,103.29079999999999,112.325,103.29079999999999,111.3702,112.325
complex,77.7,111.604,103.1644,112.2536,103.1644,112.2536,111.604
complex,77.8,111.50640000000001,103.78500000000001,112.6902,103.78500000000001,112.6902,111.50640000000001
complex,77.9,111.33720000000001,104.6318,112.39160000000001,104.6318,112.39160000000001,111.33720000000001
complex,78.0,111.34639999999999,105.34400000000001,111.728,105.34400000000001,111.728,111.34639999999999
complex,78.1,110.98999999999998,105.1608,111.4458,105.1608,111.4458,110.98999999999998
complex,78.2,111.127,105.01880000000001,111.78040000000001,105.01880000000001,111.127,111.78040000000001
complex,78.3,110.1556,105.3998,111.8998,105.3998,110.1556,111.8998
complex,78.4,110.03900000000002,105.63339999999998,111.3238,105.63339999999998,110.03900000000002,111.3238
complex,78.5,110.809,104.9684,111.11580000000001,104.9684,111.11580000000001,110.809
complex,78.6,110.9356,105.64880000000001,111.82060000000001,105.64880000000001,111.82060000000001,110.9356
complex,78.7,109.53900000000002,106.0008,111.4174,106.0008,111.4174,109.53900000000002
complex,78.8,108.4632,105.62359999999998,113.05,105.62359999999998,113.05,108.4632
complex,78.9,108.35820000000001,105.32919999999999,113.9066,105.32919999999999,113.9066,108.35820000000001
complex,79.0,108.28139999999999,105.7896,113.434,105.7896,113.434,108.28139999999999
complex,79.1,108.2814,105.681,112.7198,105.681,112.7198,108.2814
complex,79.2,108.77179999999998,105.8268,113.34700000000001,105.8268,113.34700000000001,108.77179999999998
complex,79.3,109.35060000000001,105.1336,112.99780000000001,105.1336,112.99780000000001,109.35060000000001
complex,79.4,109.94500000000001,104.79840000000002,113.0962,104.79840000000002,113.0962,109.94500000000001
complex,79.5,110.2194,104.7604,113.5498,104.7604,113.5498,110.2194
complex,79.6,110.3214,104.8442,114.1866,104.8442,114.1866,110.3214
complex,79.7,110.59279999999998,105.10799999999999,114.7198,105.10799999999999,114.7198,110.59279999999998
complex,79.8,111.04780000000001,105.92179999999999,114.2548,105.92179999999999,114.2548,111.04780000000001
complex,79.9,110.96580000000002,106.36859999999999,114.2642,106.36859999999999,114.2642,110.96580000000002
complex,80.0,110.8462,106.72820000000002,113.7304,106.72820000000002,113.7304,110.8462
complex,80.1,111.0868,106.5592,113.40599999999999,106.5592,113.40599999999999,111.0868
complex,80.2,110.668,105.60319999999999,112.6288,105.60319999999999,112.6288,110.668
complex,80.3,110.353,105.2254,112.71459999999999,105.2254,112.71459999999999,110.353
complex,80.4,110.0396,105.2868,112.4428,105.2868,112.4428,110.0396
complex,80.5,110.1834,104.96459999999999,112.75040000000001,104.96459999999999,112.75040000000001,110.1834
complex,80.6,110.22139999999999,104.8806,113.11420000000001,104.8806,113.11420000000001,110.22139999999999
complex,80.7,110.9118,104.97340000000001,112.7884,104.97340000000001,112.7884,110.9118
complex,80.8,110.9288,104.47840000000001,112.98440000000001,104.47840000000001,112.98440000000001,110.9288
complex,80.9,111.0874,104.27140000000001,113.0646,104.27140000000001,113.0646,111.0874
complex,81.0,110.74180000000001,104.47380000000001,113.14320000000001,104.47380000000001,113.14320000000001,110.74180000000001
complex,81.1,110.4858,104.4366,112.532,104.4366,112.532,110.4858
complex,81.2,110.77740000000001,104.481,112.89779999999999,104.481,112.89779999999999,110.77740000000001
complex,81.3,111.114,105.402,113.23060000000001,105.402,113.23060000000001,111.114
complex,81.4,111.22920000000002,105.6516,112.91159999999999,105.6516,112.91159999999999,111.22920000000002
complex,81.5,111.4574,106.42139999999999,112.6274,106.42139999999999,112.6274,111.4574
complex,81.6,111.27759999999998,107.0598,112.9086,107.0598,112.9086,111.27759999999998
complex,81.7,109.9914,107.3664,113.44359999999999,107.3664,113.44359999999999,109.9914
complex,81.8,109.51119999999999,107.4132,112.731,107.4132,112.731,109.51119999999999
complex,81.9,108.7858,107.5528,112.7886,107.5528,112.7886,108.7858
complex,82.0,108.22160000000001,106.8028,112.8992,106.8028,112.8992,108.22160000000001
complex,82.1,107.8848,106.65839999999999,112.9884,106.65839999999999,112.9884,107.8848
complex,82.2,108.3706,106.958,112.3136,106.958,112.3136,108.3706
complex,82.3,108.9702,107.4442,112.57959999999999,107.4442,112.57959999999999,108.9702
complex,82.4,109.69539999999999,107.51419999999999,112.518,107.51419999999999,112.518,109.69539999999999
complex,82.5,110.276,107.94980000000001,111.876,107.94980000000001,111.876,110.276
complex,82.6,110.5998,108.23240000000001,111.20540000000001,108.23240000000001,111.20540000000001,110.5998
complex,82.7,110.69980000000001,108.2604,110.925,108.2604,110.925,110.69980000000001
complex,82.8,110.079,108.7124,110.95039999999999,108.7124,110.95039999999999,110.079
complex,82.9,110.29839999999999,109.096,111.43379999999999,109.096,111.43379999999999,110.29839999999999
complex,83.0,110.08,109.0204,112.2354,109.0204,112.2354,110.08
complex,83.1,109.99459999999999,108.33579999999999,112.5116,108.33579999999999,112.5116,109.99459999999999
complex,83.2,109.8762,108.2664,112.82039999999999,108.2664,112.82039999999999,109.8762
complex,83.3,110.0682,107.3954,112.8228,107.3954,112.8228,110.0682
complex,83.4,109.7118,106.57639999999999,112.5202,106.57639999999999,112.5202,109.7118
complex,83.5,109.63960000000002,106.1584,111.96780000000001,106.1584,111.96780000000001,109.63960000000002
complex,83.6,109.2304,106.1066,112.16279999999999,106.1066,112.16279999999999,109.2304
complex,83.7,108.57939999999999,106.0068,112.5204,106.0068,112.5204,108.57939999999999
complex,83.8,107.87259999999999,106.17940000000002,111.978,106.17940000000002,111.978,107.87259999999999
complex,83.9,107.9502,105.8826,111.6422,105.8826,111.6422,107.9502
complex,84.0,107.9052,106.06300000000002,111.547,106.06300000000002,111.547,107.9052
complex,84.1,108.4084,106.5368,111.75999999999999,106.5368,111.75999999999999,108.4084
complex,84.2,108.8806,106.5942,111.0098,106.5942,111.0098,108.8806
complex,84.3,109.2086,106.71200000000002,111.0586,106.71200000000002,111.0586,109.2086
complex,84.4,109.16279999999999,107.3368,110.87480000000001,107.3368,110.87480000000001,109.16279999999999
complex,84.5,109.26019999999998,107.56179999999999,110.7616,107.56179999999999,110.7616,109.26019999999998
complex,84.6,109.1146,106.654,110.25819999999999,106.654,110.25819999999999,109.1146
complex,84.7,109.1828,105.5992,110.6484,105.5992,110.6484,109.1828
complex,84.8,108.96340000000001,104.74159999999999,110.80999999999999,104.74159999999999,110.80999999999999,108.96340000000001
complex,84.9,108.7578,104.09100000000001,111.14679999999998,104.09100000000001,111.14679999999998,108.7578
complex,85.0,108.9956,103.43260000000001,111.8684,103.43260000000001,111.8684,108.9956
complex,85.1,109.1466,103.43599999999999,111.76680000000002,103.43599999999999,111.76680000000002,109.1466
complex,85.2,108.85319999999999,104.181,111.7702,104.181,111.7702,108.85319999999999
complex,85.3,108.7714,104.6492,112.152,104.6492,112.152,108.7714
complex,85.4,108.102,104.9912,111.9614,104.9912,111.9614,108.102
complex,85.5,107.7258,104.85719999999999,111.51939999999999,104.85719999999999,111.51939999999999,107.7258
complex,85.6,107.2366,104.99659999999999,111.83039999999998,104.99659999999999,111.83039999999998,107.2366
complex,85.7,107.2336,104.8116,111.3178,104.8116,111.3178,107.2336
complex,85.8,107.28699999999999,104.4518,110.7378,104.4518,110.7378,107.28699999999999
complex,85.9,107.8164,104.423,110.3244,104.423,110.3244,107.8164
complex,86.0,107.3646,105.0978,109.95240000000001,105.0978,109.95240000000001,107.3646
complex,86.1,107.4502,105.2328,110.1184,105.2328,110.1184,107.4502
complex,86.2,106.90820000000001,105.19379999999998,110.46220000000001,105.19379999999998,110.46220000000001,106.90820000000001
complex,86.3,106.9624,105.3818,110.32959999999999,105.3818,110.32959999999999,106.9624
complex,86.4,106.82000000000001,105.32339999999999,110.429,105.32339999999999,110.429,106.82000000000001
complex,86.5,106.90439999999998,104.81559999999999,110.7308,104.81559999999999,110.7308,106.90439999999998
complex,86.6,106.58399999999999,104.946,109.92839999999998,104.946,109.92839999999998,106.58399999999999
complex,86.7,106.9174,104.9692,108.9906,104.9692,108.9906,106.9174
complex,86.8,107.1262,104.20920000000001,108.7476,104.20920000000001,108.7476,107.1262
complex,86.9,107.50699999999999,104.49299999999998,108.40719999999999,104.49299999999998,108.40719999999999,107.50699999999999
complex,87.0,107.81480000000002,105.12719999999999,108.12939999999999,105.12719999999999,107.81480000000002,108.12939999999999
complex,87.1,107.70980000000002,105.32419999999999,108.74980000000001,105.32419999999999,107.70980000000002,108.74980000000001
complex,87.2,108.027,106.329,109.16100000000002,106.329,108.027,109.16100000000002
complex,87.3,107.8914,107.8664,109.1464,107.8664,107.8914,109.1464
complex,87.4,108.196,107.54400000000001,108.41,108.196,107.54400000000001,108.41
complex,87.5,107.917,107.57740000000001,108.5722,108.5722,107.57740000000001,107.917
complex,87.6,107.9528,107.4866,108.9906,108.9906,107.9528,107.4866
complex,87.7,108.28040000000001,107.32480000000001,108.843,108.843,108.28040000000001,107.32480000000001
complex,87.8,108.1692,106.6202,108.54580000000001,108.54580000000001,108.1692,106.6202
complex,87.9,108.41399999999999,107.0334,108.578,108.578,108.41399999999999,107.0334
complex,88.0,108.19760000000001,106.4662,108.85979999999999,108.19760000000001,108.85979999999999,106.4662
complex,88.1,108.203,106.75840000000001,108.7828,108.203,108.7828,106.75840000000001
complex,88.2,107.97380000000001,106.21900000000001,108.93440000000001,107.97380000000001,108.93440000000001,106.21900000000001
complex,88.3,108.11479999999999,106.46520000000001,109.5764,108.11479999999999,109.5764,106.46520000000001
complex,88.4,107.8824,106.42139999999999,110.42540000000001,107.8824,110.42540000000001,106.42139999999999
complex,88.5,108.27680000000001,106.76759999999999,109.6828,108.27680000000001,109.6828,106.76759999999999
complex,88.6,107.88219999999998,106.6864,108.9084,107.88219999999998,108.9084,106.6864
complex,88.7,108.10320000000002,106.727,108.25439999999999,108.10320000000002,108.25439999999999,106.727
complex,88.8,107.2592,106.7598,107.9248,107.9248,107.2592,106.7598
complex,88.9,106.55239999999999,106.37539999999998,108.1688,108.1688,106.37539999999998,106.55239999999999
complex,89.0,106.7844,106.21019999999999,107.21520000000001,107.21520000000001,106.21019999999999,106.7844
complex,89.1,106.9066,106.32539999999999,107.27939999999998,107.27939999999998,106.32539999999999,106.9066
complex,89.2,107.18820000000001,106.14880000000001,107.35260000000001,107.35260000000001,106.14880000000001,107.18820000000001
complex,89.3,107.119,106.00540000000001,107.925,107.119,106.00540000000001,107.925
complex,89.4,106.6498,105.7434,108.42439999999999,106.6498,105.7434,108.42439999999999
complex,89.5,107.41300000000001,106.7184,108.4414,107.41300000000001,106.7184,108.4414
complex,89.6,108.15039999999999,106.857,108.44859999999998,108.15039999999999,106.857,108.44859999999998
complex,89.7,107.9308,107.9026,108.795,107.9308,107.9026,108.795
complex,89.8,108.6564,108.41659999999999,109.1704,108.41659999999999,108.6564,109.1704
complex,89.9,109.4186,108.4908,109.82560000000001,108.4908,109.82560000000001,109.4186
complex,90.0,109.6756,108.34560000000002,109.9032,108.34560000000002,109.6756,109.9032
complex,90.1,109.6738,108.00160000000001,110.43320000000001,108.00160000000001,109.6738,110.43320000000001
complex,90.2,109.4992,108.6772,111.1214,108.6772,109.4992,111.1214
complex,90.3,110.04100000000001,109.09459999999999,110.51480000000001,109.09459999999999,110.04100000000001,110.51480000000001
complex,90.4,109.951,108.98020000000001,110.119,108.98020000000001,109.951,110.119
complex,90.5,109.85260000000001,108.526,110.7464,108.526,110.7464,109.85260000000001
complex,90.6,109.747,108.00640000000001,111.90900000000002,108.00640000000001,111.90900000000002,109.747
complex,90.7,109.1066,107.1224,111.95540000000001,107.1224,111.95540000000001,109.1066
complex,90.8,109.00899999999999,106.5798,111.2828,106.5798,111.2828,109.00899999999999
complex,90.9,108.9856,106.45240000000001,110.7154,106.45240000000001,110.7154,108.9856
complex,91.0,109.33500000000001,106.92360000000001,109.60060000000001,106.92360000000001,109.60060000000001,109.33500000000001
complex,91.1,108.47260000000001,106.7568,108.8982,106.7568,108.47260000000001,108.8982
complex,91.2,107.70720000000001,106.6096,109.02260000000001,106.6096,107.70720000000001,109.02260000000001
complex,91.3,107.1046,105.8288,109.62180000000001,105.8288,107.1046,109.62180000000001
complex,91.4,107.00019999999999,105.76580000000001,110.11420000000001,105.76580000000001,107.00019999999999,110.11420000000001
complex,91.5,106.9152,106.1424,110.06800000000001,106.1424,106.9152,110.06800000000001
complex,91.6,106.55760000000001,105.66040000000001,110.47240000000002,105.66040000000001,106.55760000000001,110.47240000000002
complex,91.7,106.4742,105.617,110.41199999999999,105.617,106.4742,110.41199999999999
complex,91.8,107.30260000000001,105.06859999999999,109.87259999999999,105.06859999999999,107.30260000000001,109.87259999999999
complex,91.9,107.622,104.08700000000002,109.2836,104.08700000000002,107.622,109.2836
complex,92.0,108.1126,102.98179999999999,108.7366,102.98179999999999,108.1126,108.7366
complex,92.1,108.4386,103.3054,109.49100000000001,103.3054,109.49100000000001,108.4386
complex,92.2,108.5906,102.7742,110.33220000000001,102.7742,110.33220000000001,108.5906
complex,92.3,108.7868,103.14359999999999,111.2864,103.14359999999999,111.2864,108.7868
complex,92.4,109.6244,103.23440000000001,112.03240000000001,103.23440000000001,112.03240000000001,109.6244
complex,92.5,110.6866,103.41959999999999,112.19860000000001,103.41959999999999,112.19860000000001,110.6866
complex,92.6,110.65820000000001,103.2216,112.18800000000002,103.2216,112.18800000000002,110.65820000000001
complex,92.7,110.77940000000001,103.2068,112.891,103.2068,112.891,110.77940000000001
complex,92.8,110.931,103.49159999999999,112.66280000000002,103.49159999999999,112.66280000000002,110.931
complex,92.9,110.646,103.8984,112.87440000000001,103.8984,112.87440000000001,110.646
complex,93.0,110.09859999999999,103.6824,113.1462,103.6824,113.1462,110.09859999999999
complex,93.1,110.0258,103.57759999999999,113.1464,103.57759999999999,113.1464,110.0258
complex,93.2,109.73700000000001,103.55919999999999,112.5558,103.55919999999999,112.5558,109.73700000000001
complex,93.3,109.4126,103.297,112.19559999999998,103.297,112.19559999999998,109.4126
complex,93.4,109.79159999999999,103.203,112.22640000000001,103.203,112.22640000000001,109.79159999999999
complex,93.5,109.5026,102.758,112.3632,102.758,112.3632,109.5026
complex,93.6,109.8346,102.7112,112.215,102.7112,112.215,109.8346
complex,93.7,109.53779999999999,102.6856,112.50820000000002,102.6856,112.50820000000002,109.53779999999999
complex,93.8,109.425,102.5826,113.51299999999999,102.5826,113.51299999999999,109.425
complex,93.9,108.931,103.2222,113.931,103.2222,113.931,108.931
complex,94.0,108.75720000000001,104.239,113.95539999999998,104.239,113.95539999999998,108.75720000000001
complex,94.1,108.0044,104.7384,113.6928,104.7384,113.6928,108.0044
complex,94.2,108.42760000000001,105.2624,113.4712,105.2624,113.4712,108.42760000000001
complex,94.3,108.9162,105.79580000000001,112.71460000000002,105.79580000000001,112.71460000000002,108.9162
complex,94.4,108.596,105.6688,111.7388,105.6688,111.7388,108.596
complex,94.5,109.0826,104.9346,111.39439999999999,104.9346,111.39439999999999,109.0826
complex,94.6,109.6404,104.74179999999998,111.69500000000001,104.74179999999998,111.69500000000001,109.6404
complex,94.7,110.2636,104.9528,111.6,104.9528,111.6,110.2636
complex,94.8,110.0874,104.8878,111.123,104.8878,111.123,110.0874
complex,94.9,109.8048,104.50819999999999,110.846,104.50819999999999,110.846,109.8048
complex,95.0,109.7616,104.47760000000001,111.04100000000001,104.47760000000001,111.04100000000001,109.7616
complex,95.1,110.03800000000001,104.2396,110.5914,104.2396,110.5914,110.03800000000001
complex,95.2,109.17640000000002,103.4494,110.252,103.4494,110.252,109.17640000000002
complex,95.3,108.6354,103.2814,110.44179999999999,103.2814,110.44179999999999,108.6354
complex,95.4,109.229,103.11460000000002,110.429,103.11460000000002,110.429,109.229
complex,95.5,109.09779999999998,103.8714,110.102,103.8714,110.102,109.09779999999998
complex,95.6,108.81559999999999,104.37899999999999,110.66779999999999,104.37899999999999,110.66779999999999,108.81559999999999
complex,95.7,108.9016,104.8596,110.2578,104.8596,110.2578,108.9016
complex,95.8,109.4656,104.6804,110.1434,104.6804,110.1434,109.4656
complex,95.9,109.16100000000002,105.52680000000001,110.6184,105.52680000000001,110.6184,109.16100000000002
complex,96.0,109.1416,105.28659999999999,110.97200000000001,105.28659999999999,110.97200000000001,109.1416
complex,96.1,108.85819999999998,105.08099999999999,110.4568,105.08099999999999,110.4568,108.85819999999998
complex,96.2,109.16300000000001,105.046,110.86359999999999,105.046,110.86359999999999,109.16300000000001
complex,96.3,109.343,104.8172,111.26299999999999,104.8172,111.26299999999999,109.343
complex,96.4,109.2894,104.28540000000001,110.8978,104.28540000000001,110.8978,109.2894
complex,96.5,109.16080000000002,103.7796,111.17360000000001,103.7796,111.17360000000001,109.16080000000002
complex,96.6,109.854,103.50460000000001,111.9346,103.50460000000001,111.9346,109.854
complex,96.7,109.0474,103.37180000000001,112.98139999999998,103.37180000000001,112.98139999999998,109.0474
complex,96.8,108.60940000000001,103.0364,113.5528,103.0364,113.5528,108.60940000000001
complex,96.9,108.7322,102.9374,114.62519999999999,102.9374,114.62519999999999,108.7322
complex,97.0,107.72359999999999,102.40419999999999,114.52539999999999,102.40419999999999,114.52539999999999,107.72359999999999
complex,97.1,107.3356,102.59939999999999,114.4964,102.59939999999999,114.4964,107.3356
complex,97.2,108.1326,102.1646,114.1174,102.1646,114.1174,108.1326
complex,97.3,107.852,102.7164,113.27260000000001,102.7164,113.27260000000001,107.852
complex,97.4,107.53240000000001,102.61479999999999,112.56120000000001,102.61479999999999,112.56120000000001,107.53240000000001
complex,97.5,108.4974,103.2202,112.16,103.2202,112.16,108.4974
complex,97.6,108.56580000000001,102.5864,111.6872,102.5864,111.6872,108.56580000000001
complex,97.7,107.83519999999999,102.9066,110.9422,102.9066,110.9422,107.83519999999999
complex,97.8,107.67639999999999,102.93519999999998,111.44579999999999,102.93519999999998,111.44579999999999,107.67639999999999
complex,97.9,107.93699999999998,103.11100000000002,111.91420000000001,103.11100000000002,111.91420000000001,107.93699999999998
complex,98.0,107.8326,103.6446,112.7598,103.6446,112.7598,107.8326
complex,98.1,107.1904,104.17139999999999,113.1884,104.17139999999999,113.1884,107.1904
complex,98.2,107.13399999999999,104.18400000000001,113.6902,104.18400000000001,113.6902,107.13399999999999
complex,98.3,107.326,104.31500000000001,113.6292,104.31500000000001,113.6292,107.326
complex,98.4,107.2704,104.40599999999999,112.78720000000001,104.40599999999999,112.78720000000001,107.2704
complex,98.5,107.23920000000001,103.73240000000001,112.3114,103.73240000000001,112.3114,107.23920000000001
complex,98.6,106.67,103.944,112.44180000000001,103.944,112.44180000000001,106.67
complex,98.7,106.8982,103.88879999999999,112.5758,103.88879999999999,112.5758,106.8982
complex,98.8,106.654,103.52619999999999,112.5024,103.52619999999999,112.5024,106.654
complex,98.9,106.3474,103.75439999999999,112.39299999999999,103.75439999999999,112.39299999999999,106.3474
complex,99.0,106.4364,104.1002,112.03620000000001,104.1002,112.03620000000001,106.4364
complex,99.1,107.4248,104.3634,111.8998,104.3634,111.8998,107.4248
complex,99.2,107.43979999999999,104.9904,111.9162,104.9904,111.9162,107.43979999999999
complex,99.3,108.2124,105.8356,112.68199999999999,105.8356,112.68199999999999,108.2124
complex,99.4,108.1646,105.647,114.2434,105.647,114.2434,108.1646
complex,99.5,107.8472,105.7954,115.2596,105.7954,115.2596,107.8472
complex,99.6,108.09960000000001,105.2748,114.94920000000002,105.2748,114.94920000000002,108.09960000000001
complex,99.7,108.8516,104.41659999999999,115.28699999999999,104.41659999999999,115.28699999999999,108.8516
complex,99.8,109.221,103.83099999999999,115.2732,103.83099999999999,115.2732,109.221
complex,99.9,109.9175,103.74425,114.68425,103.74425,114.68425,109.9175
complex,100.0,110.979,103.307,114.08666666666666,103.307,114.08666666666666,110.979
apo,20.0,105.04233333333333,103.98033333333335,110.26033333333334,103.98033333333335,105.04233333333333,110.26033333333334
apo,20.1,105.721,104.22875,110.97975,104.22875,105.721,110.97975
apo,20.2,105.7714,104.0968,111.106,104.0968,105.7714,111.106
apo,20.3,105.95059999999998,104.10499999999999,112.2068,104.10499999999999,105.95059999999998,112.2068
apo,20.4,106.23799999999999,104.32239999999999,112.28400000000002,104.32239999999999,106.23799999999999,112.28400000000002
apo,20.5,106.6354,104.34280000000001,112.3374,104.34280000000001,106.6354,112.3374
apo,20.6,106.1552,104.15180000000001,111.99980000000001,104.15180000000001,106.1552,111.99980000000001
apo,20.7,106.2106,104.022,112.3872,104.022,106.2106,112.3872
apo,20.8,106.16,104.36179999999999,111.774,104.36179999999999,106.16,111.774
apo,20.9,105.3502,103.9662,111.873,103.9662,105.3502,111.873
apo,21.0,105.2506,104.05799999999999,111.86179999999999,104.05799999999999,105.2506,111.86179999999999
apo,21.1,105.63520000000001,104.18799999999999,112.1816,104.18799999999999,105.63520000000001,112.1816
apo,21.2,105.35920000000002,104.28779999999999,111.6722,104.28779999999999,105.35920000000002,111.6722
apo,21.3,104.9396,103.7354,111.506,103.7354,104.9396,111.506
apo,21.4,105.22060000000002,104.2148,111.12719999999999,104.2148,105.22060000000002,111.12719999999999
apo,21.5,105.1534,104.42159999999998,111.44760000000001,104.42159999999998,105.1534,111.44760000000001
apo,21.6,104.4922,104.37039999999999,110.7376,104.4922,104.37039999999999,110.7376
apo,21.7,104.165,103.97319999999999,110.57860000000001,104.165,103.97319999999999,110.57860000000001
apo,21.8,104.3348,103.98120000000002,110.832,104.3348,103.98120000000002,110.832
apo,21.9,103.84479999999999,103.176,111.31280000000001,103.84479999999999,103.176,111.31280000000001
apo,22.0,103.1614,103.093,111.27240000000002,103.1614,103.093,111.27240000000002
apo,22.1,103.098,102.77260000000001,111.763,102.77260000000001,103.098,111.763
apo,22.2,103.10999999999999,102.67,111.6824,102.67,103.10999999999999,111.6824
apo,22.3,103.18220000000001,102.48499999999999,111.43299999999999,102.48499999999999,103.18220000000001,111.43299999999999
apo,22.4,103.577,102.77799999999999,111.50900000000001,102.77799999999999,103.577,111.50900000000001
apo,22.5,103.6578,102.929,111.28099999999999,102.929,103.6578,111.28099999999999
apo,22.6,104.05879999999999,103.03,111.33840000000001,103.03,104.05879999999999,111.33840000000001
apo,22.7,104.083,103.5808,111.11100000000002,103.5808,104.083,111.11100000000002
apo,22.8,104.5316,103.82419999999999,110.8604,103.82419999999999,104.5316,110.8604
apo,22.9,104.96379999999999,104.15920000000001,111.1162,104.15920000000001,104.96379999999999,111.1162
apo,23.0,104.9952,104.579,110.45920000000001,104.579,104.9952,110.45920000000001
apo,23.1,105.27059999999999,104.90899999999999,109.97260000000001,104.90899999999999,105.27059999999999,109.97260000000001
apo,23.2,105.872,105.0086,110.6016,105.0086,105.872,110.6016
apo,23.3,105.22200000000001,105.1932,110.50619999999999,105.1932,105.22200000000001,110.50619999999999
apo,23.4,104.98600000000002,104.36959999999999,109.8018,104.36959999999999,104.98600000000002,109.8018
apo,23.5,104.3324,104.10620000000002,110.48319999999998,104.3324,104.10620000000002,110.48319999999998
apo,23.6,103.9414,102.997,111.2434,103.9414,102.997,111.2434
apo,23.7,104.2828,102.2936,111.1004,104.2828,102.2936,111.1004
apo,23.8,104.5604,101.9958,111.1016,104.5604,101.9958,111.1016
apo,23.9,105.1856,101.8608,111.6404,105.1856,101.8608,111.6404
apo,24.0,105.1626,102.32180000000001,111.6824,105.1626,102.32180000000001,111.6824
apo,24.1,105.5614,102.929,111.57360000000001,105.5614,102.929,111.57360000000001
apo,24.2,105.18320000000001,102.994,111.5826,105.18320000000001,102.994,111.5826
apo,24.3,104.90180000000001,103.2422,111.98800000000001,104.90180000000001,103.2422,111.98800000000001
apo,24.4,104.51520000000001,103.78500000000001,111.697,104.51520000000001,103.78500000000001,111.697
apo,24.5,104.12839999999998,103.76399999999998,111.4702,104.12839999999998,103.76399999999998,111.4702
apo,24.6,104.19560000000001,103.63879999999999,111.125,103.63879999999999,104.19560000000001,111.125
apo,24.7,104.19680000000001,104.1502,111.1492,104.19680000000001,104.1502,111.1492
apo,24.8,104.7268,104.12740000000001,111.14020000000001,104.12740000000001,104.7268,111.14020000000001
apo,24.9,104.80499999999999,104.59700000000001,111.5836,104.80499999999999,104.59700000000001,111.5836
apo,25.0,105.2798,105.1602,111.61240000000001,105.1602,105.2798,111.61240000000001
apo,25.1,105.86880000000001,104.8824,111.138,105.86880000000001,104.8824,111.138
apo,25.2,105.40839999999999,104.8634,110.90619999999998,105.40839999999999,104.8634,110.90619999999998
apo,25.3,105.9444,104.70920000000001,110.478,105.9444,104.70920000000001,110.478
apo,25.4,105.74879999999999,104.6624,109.40419999999999,105.74879999999999,104.6624,109.40419999999999
apo,25.5,106.07000000000001,104.888,109.45419999999999,106.07000000000001,104.888,109.45419999999999
apo,25.6,106.20060000000001,104.9532,109.423,106.20060000000001,104.9532,109.423
apo,25.7,106.025,105.08840000000001,109.54099999999998,106.025,105.08840000000001,109.54099999999998
apo,25.8,105.3886,105.1522,109.559,105.3886,105.1522,109.559
apo,25.9,105.63900000000001,105.34259999999999,110.8848,105.34259999999999,105.63900000000001,110.8848
apo,26.0,105.72259999999999,104.814,110.9364,104.814,105.72259999999999,110.9364
apo,26.1,105.8432,103.85260000000001,111.23980000000002,103.85260000000001,105.8432,111.23980000000002
apo,26.2,107.0646,104.104,111.2542,104.104,107.0646,111.2542
apo,26.3,107.0098,103.88899999999998,111.3366,103.88899999999998,107.0098,111.3366
apo,26.4,107.1866,103.8042,111.30539999999999,103.8042,107.1866,111.30539999999999
apo,26.5,107.61959999999999,103.9992,111.33139999999999,103.9992,107.61959999999999,111.33139999999999
apo,26.6,107.7814,104.69800000000001,111.71100000000001,104.69800000000001,107.7814,111.71100000000001
apo,26.7,107.1356,104.89500000000001,111.90599999999999,104.89500000000001,107.1356,111.90599999999999
apo,26.8,107.196,105.3308,112.48140000000001,105.3308,107.196,112.48140000000001
apo,26.9,106.83720000000001,105.24459999999999,111.1202,105.24459999999999,106.83720000000001,111.1202
apo,27.0,106.30019999999999,105.5504,111.46700000000001,105.5504,106.30019999999999,111.46700000000001
apo,27.1,105.99839999999999,105.3844,110.9632,105.3844,105.99839999999999,110.9632
apo,27.2,105.4108,105.31120000000001,109.9132,105.4108,105.31120000000001,109.9132
apo,27.3,105.80080000000001,105.03220000000002,109.0128,105.80080000000001,105.03220000000002,109.0128
apo,27.4,105.66019999999999,104.4144,109.04459999999999,105.66019999999999,104.4144,109.04459999999999
apo,27.5,105.2382,103.8694,108.69059999999999,105.2382,103.8694,108.69059999999999
apo,27.6,105.05460000000001,103.995,109.67759999999998,105.05460000000001,103.995,109.67759999999998
apo,27.7,104.8848,104.476,110.519,104.8848,104.476,110.519
apo,27.8,104.7624,104.69680000000001,111.63140000000001,104.7624,104.69680000000001,111.63140000000001
apo,27.9,105.3018,105.21219999999998,112.33099999999999,105.3018,105.21219999999998,112.33099999999999
apo,28.0,106.21959999999999,105.7574,112.69380000000001,106.21959999999999,105.7574,112.69380000000001
apo,28.1,106.44919999999999,106.2058,111.8708,106.44919999999999,106.2058,111.8708
apo,28.2,107.23140000000001,106.12039999999999,112.5314,106.12039999999999,107.23140000000001,112.5314
apo,28.3,108.2482,105.90540000000001,112.6894,105.90540000000001,108.2482,112.6894
apo,28.4,108.4048,105.5402,112.95,105.5402,108.4048,112.95
apo,28.5,108.47080000000001,104.25280000000001,112.6586,104.25280000000001,108.47080000000001,112.6586
apo,28.6,108.324,104.19359999999999,112.59460000000001,104.19359999999999,108.324,112.59460000000001
apo,28.7,107.1484,103.8414,111.57240000000002,103.8414,107.1484,111.57240000000002
apo,28.8,107.01140000000001,103.11300000000001,111.1588,103.11300000000001,107.01140000000001,111.1588
apo,28.9,106.74660000000002,103.346,111.6404,103.346,106.74660000000002,111.6404
apo,29.0,106.6858,103.5344,111.624,103.5344,106.6858,111.624
apo,29.1,106.155,103.27279999999999,111.97840000000001,103.27279999999999,106.155,111.97840000000001
apo,29.2,105.9748,103.94500000000001,112.1002,103.94500000000001,105.9748,112.1002
apo,29.3,105.68620000000001,104.85260000000001,110.84479999999999,104.85260000000001,105.68620000000001,110.84479999999999
apo,29.4,105.26019999999998,105.11800000000001,110.26400000000001,105.26019999999998,105.11800000000001,110.26400000000001
apo,29.5,105.76080000000002,104.66100000000002,109.9262,105.76080000000002,104.66100000000002,109.9262
apo,29.6,106.7334,104.83519999999999,110.3332,106.7334,104.83519999999999,110.3332
apo,29.7,106.8614,104.713,110.95,106.8614,104.713,110.95
apo,29.8,106.9576,103.6372,111.71340000000001,106.9576,103.6372,111.71340000000001
apo,29.9,107.08420000000001,104.01939999999999,111.43879999999999,107.08420000000001,104.01939999999999,111.43879999999999
apo,30.0,106.9022,104.19560000000001,111.58340000000001,106.9022,104.19560000000001,111.58340000000001
apo,30.1,106.02539999999999,104.271,110.6122,106.02539999999999,104.271,110.6122
apo,30.2,105.5482,104.64479999999999,109.9828,105.5482,104.64479999999999,109.9828
apo,30.3,104.9724,104.8824,110.327,104.8824,104.9724,110.327
apo,30.4,104.955,104.38220000000001,110.2856,104.38220000000001,104.955,110.2856
apo,30.5,104.96100000000001,104.5042,110.67280000000001,104.5042,104.96100000000001,110.67280000000001
apo,30.6,104.8366,104.71279999999999,111.5984,104.71279999999999,104.8366,111.5984
apo,30.7,105.3606,104.495,111.9694,105.3606,104.495,111.9694
apo,30.8,105.67580000000001,104.8306,111.2308,105.67580000000001,104.8306,111.2308
apo,30.9,105.473,105.16279999999999,111.349,105.473,105.16279999999999,111.349
apo,31.0,105.8732,104.9866,111.5812,105.8732,104.9866,111.5812
apo,31.1,106.1566,105.03200000000001,111.668,106.1566,105.03200000000001,111.668
apo,31.2,105.699,105.5356,111.6724,105.699,105.5356,111.6724
apo,31.3,105.7728,105.24960000000002,112.002,105.7728,105.24960000000002,112.002
apo,31.4,105.7396,105.0412,111.7,105.7396,105.0412,111.7
apo,31.5,105.4964,105.26079999999999,111.22640000000001,105.26079999999999,105.4964,111.22640000000001
apo,31.6,105.6464,105.28659999999999,110.39059999999999,105.28659999999999,105.6464,110.39059999999999
apo,31.7,106.30700000000002,105.92940000000002,110.02379999999998,106.30700000000002,105.92940000000002,110.02379999999998
apo,31.8,106.444,106.2518,110.2586,106.444,106.2518,110.2586
apo,31.9,106.918,105.7328,110.619,106.918,105.7328,110.619
apo,32.0,107.1798,105.56620000000001,109.999,107.1798,105.56620000000001,109.999
apo,32.1,107.29639999999999,105.898,110.23620000000001,107.29639999999999,105.898,110.23620000000001
apo,32.2,106.4066,105.1978,110.4008,106.4066,105.1978,110.4008
apo,32.3,106.652,104.64180000000002,110.3972,106.652,104.64180000000002,110.3972
apo,32.4,106.27539999999999,104.83520000000001,109.6816,106.27539999999999,104.83520000000001,109.6816
apo,32.5,105.9674,105.0506,110.095,105.9674,105.0506,110.095
apo,32.6,105.4134,104.3572,109.86979999999998,105.4134,104.3572,109.86979999999998
apo,32.7,105.83699999999999,104.5714,109.76979999999999,105.83699999999999,104.5714,109.76979999999999
apo,32.8,105.95639999999999,105.099,109.4766,105.95639999999999,105.099,109.4766
apo,32.9,106.3978,105.8674,109.9604,106.3978,105.8674,109.9604
apo,33.0,106.8454,105.07000000000001,109.76019999999998,106.8454,105.07000000000001,109.76019999999998
apo,33.1,106.87780000000001,105.247,109.1754,106.87780000000001,105.247,109.1754
apo,33.2,106.37140000000002,105.099,108.9212,106.37140000000002,105.099,108.9212
apo,33.3,105.0404,104.59400000000001,108.7942,105.0404,104.59400000000001,108.7942
apo,33.4,104.13040000000001,103.6108,108.14259999999999,104.13040000000001,103.6108,108.14259999999999
apo,33.5,104.24699999999999,103.7876,107.2714,103.7876,104.24699999999999,107.2714
apo,33.6,104.285,104.15039999999999,107.5122,104.15039999999999,104.285,107.5122
apo,33.7,104.42999999999999,103.50900000000001,107.40899999999999,103.50900000000001,104.42999999999999,107.40899999999999
apo,33.8,104.30260000000001,104.27340000000001,107.28919999999998,104.30260000000001,104.27340000000001,107.28919999999998
apo,33.9,104.8114,104.7076,107.56179999999999,104.8114,104.7076,107.56179999999999
apo,34.0,104.99360000000001,104.10799999999999,108.27060000000002,104.99360000000001,104.10799999999999,108.27060000000002
apo,34.1,104.7136,103.6232,108.01820000000001,104.7136,103.6232,108.01820000000001
apo,34.2,105.1256,103.7826,108.66199999999999,105.1256,103.7826,108.66199999999999
apo,34.3,105.3336,103.8246,108.5202,105.3336,103.8246,108.5202
apo,34.4,105.56379999999999,103.6644,108.67260000000002,105.56379999999999,103.6644,108.67260000000002
apo,34.5,105.92439999999999,103.8692,108.8308,105.92439999999999,103.8692,108.8308
apo,34.6,106.1692,104.4,108.49000000000001,106.1692,104.4,108.49000000000001
apo,34.7,106.7596,104.39559999999999,108.1526,106.7596,104.39559999999999,108.1526
apo,34.8,106.70219999999999,104.85140000000001,108.2876,106.70219999999999,104.85140000000001,108.2876
apo,34.9,106.54580000000001,105.0278,108.36980000000001,106.54580000000001,105.0278,108.36980000000001
apo,35.0,105.7076,104.88040000000001,108.48140000000001,105.7076,104.88040000000001,108.48140000000001
apo,35.1,105.52539999999999,104.63,109.098,105.52539999999999,104.63,109.098
apo,35.2,104.87640000000002,104.623,109.02919999999999,104.87640000000002,104.623,109.02919999999999
apo,35.3,104.77740000000001,104.39020000000001,108.3768,104.39020000000001,104.77740000000001,108.3768
apo,35.4,104.77680000000001,104.03540000000001,108.18440000000001,104.03540000000001,104.77680000000001,108.18440000000001
apo,35.5,105.3502,104.0572,107.41099999999999,104.0572,105.3502,107.41099999999999
apo,35.6,105.76500000000001,104.2434,107.364,104.2434,105.76500000000001,107.364
apo,35.7,106.3478,104.9138,107.48420000000002,104.9138,106.3478,107.48420000000002
apo,35.8,106.3182,105.32919999999999,107.96459999999999,105.32919999999999,106.3182,107.96459999999999
apo,35.9,106.20660000000001,106.04159999999999,108.2616,106.04159999999999,106.20660000000001,108.2616
apo,36.0,106.2714,105.79939999999999,109.3324,106.2714,105.79939999999999,109.3324
apo,36.1,106.6452,105.1534,109.86200000000001,106.6452,105.1534,109.86200000000001
apo,36.2,106.8874,103.98920000000001,109.78540000000001,106.8874,103.98920000000001,109.78540000000001
apo,36.3,107.6294,103.86479999999999,110.19120000000001,107.6294,103.86479999999999,110.19120000000001
apo,36.4,107.71600000000001,104.2086,109.8894,107.71600000000001,104.2086,109.8894
apo,36.5,107.8866,104.1724,109.3282,107.8866,104.1724,109.3282
apo,36.6,107.4906,104.449,109.33579999999999,107.4906,104.449,109.33579999999999
apo,36.7,107.1412,104.7336,109.21520000000001,107.1412,104.7336,109.21520000000001
apo,36.8,106.4834,104.91979999999998,109.5276,106.4834,104.91979999999998,109.5276
apo,36.9,106.13500000000002,104.64059999999999,110.107,106.13500000000002,104.64059999999999,110.107
apo,37.0,106.4532,104.85240000000002,109.92699999999999,106.4532,104.85240000000002,109.92699999999999
apo,37.1,105.33020000000002,105.16600000000001,109.5968,105.33020000000002,105.16600000000001,109.5968
apo,37.2,105.304,105.11179999999999,109.4482,105.304,105.11179999999999,109.4482
apo,37.3,105.07860000000001,104.89580000000001,109.2988,104.89580000000001,105.07860000000001,109.2988
apo,37.4,104.9032,104.29560000000001,108.89359999999999,104.9032,104.29560000000001,108.89359999999999
apo,37.5,104.1908,104.026,108.9372,104.1908,104.026,108.9372
apo,37.6,105.0404,103.68379999999999,108.5164,105.0404,103.68379999999999,108.5164
apo,37.7,104.7596,103.9306,108.71459999999999,104.7596,103.9306,108.71459999999999
apo,37.8,105.06500000000001,103.76559999999999,108.53,105.06500000000001,103.76559999999999,108.53
apo,37.9,105.2068,104.32480000000001,108.87379999999999,105.2068,104.32480000000001,108.87379999999999
apo,38.0,106.01500000000001,104.293,109.7536,106.01500000000001,104.293,109.7536
apo,38.1,106.23479999999999,103.99279999999999,110.6886,106.23479999999999,103.99279999999999,110.6886
apo,38.2,106.84280000000001,104.5682,111.33699999999999,106.84280000000001,104.5682,111.33699999999999
apo,38.3,107.06320000000001,104.3896,111.09639999999999,107.06320000000001,104.3896,111.09639999999999
apo,38.4,107.3246,104.4864,110.62899999999999,107.3246,104.4864,110.62899999999999
apo,38.5,107.0722,104.785,110.16419999999998,107.0722,104.785,110.16419999999998
apo,38.6,106.80059999999999,105.1172,109.39380000000001,106.80059999999999,105.1172,109.39380000000001
apo,38.7,106.05,104.525,108.83599999999998,106.05,104.525,108.83599999999998
apo,38.8,105.71300000000001,104.76520000000001,108.70660000000001,105.71300000000001,104.76520000000001,108.70660000000001
apo,38.9,105.78400000000002,104.79159999999999,108.7322,105.78400000000002,104.79159999999999,108.7322
apo,39.0,105.64659999999999,104.76939999999999,108.75,105.64659999999999,104.76939999999999,108.75
apo,39.1,106.5276,105.027,108.5272,106.5276,105.027,108.5272
apo,39.2,107.55019999999999,105.31299999999999,108.15540000000001,107.55019999999999,105.31299999999999,108.15540000000001
apo,39.3,107.91659999999999,105.28980000000001,108.5252,107.91659999999999,105.28980000000001,108.5252
apo,39.4,107.5708,105.3136,108.94860000000001,107.5708,105.3136,108.94860000000001
apo,39.5,107.668,104.9684,108.57060000000001,107.668,104.9684,108.57060000000001
apo,39.6,106.48600000000002,104.40920000000001,109.3184,106.48600000000002,104.40920000000001,109.3184
apo,39.7,106.09,104.2382,109.4766,106.09,104.2382,109.4766
apo,39.8,105.921,104.6576,108.896,105.921,104.6576,108.896
apo,39.9,105.53899999999999,104.89259999999999,108.34259999999999,105.53899999999999,104.89259999999999,108.34259999999999
apo,40.0,105.204,104.7986,107.9664,105.204,104.7986,107.9664
apo,40.1,105.30319999999999,105.2136,106.9426,105.2136,105.30319999999999,106.9426
apo,40.2,105.37660000000001,105.1594,107.2224,105.1594,105.37660000000001,107.2224
apo,40.3,105.0036,104.87480000000001,108.1344,104.87480000000001,105.0036,108.1344
apo,40.4,105.64500000000001,104.43400000000001,108.0522,105.64500000000001,104.43400000000001,108.0522
apo,40.5,105.99600000000001,105.2574,108.08160000000001,105.99600000000001,105.2574,108.08160000000001
apo,40.6,106.75999999999999,104.6342,108.6822,106.75999999999999,104.6342,108.6822
apo,40.7,106.52080000000001,103.8662,107.75019999999999,106.52080000000001,103.8662,107.75019999999999
apo,40.8,106.31739999999999,103.4088,107.0284,106.31739999999999,103.4088,107.0284
apo,40.9,105.67660000000001,103.7782,106.388,105.67660000000001,103.7782,106.388
apo,41.0,104.922,103.0316,106.67999999999999,104.922,103.0316,106.67999999999999
apo,41.1,104.5528,103.582,106.702,104.5528,103.582,106.702
apo,41.2,104.72560000000001,103.97619999999999,107.56620000000001,104.72560000000001,103.97619999999999,107.56620000000001
apo,41.3,105.09559999999999,103.62519999999999,107.9232,105.09559999999999,103.62519999999999,107.9232
apo,41.4,105.42699999999999,103.77620000000002,108.55879999999999,105.42699999999999,103.77620000000002,108.55879999999999
apo,41.5,106.673,103.83040000000001,108.5554,106.673,103.83040000000001,108.5554
apo,41.6,106.9924,103.8654,107.8646,106.9924,103.8654,107.8646
apo,41.7,106.67339999999999,104.1654,107.17640000000002,106.67339999999999,104.1654,107.17640000000002
apo,41.8,106.65140000000001,104.6958,107.06559999999999,106.65140000000001,104.6958,107.06559999999999
apo,41.9,105.9716,104.0864,107.33800000000001,105.9716,104.0864,107.33800000000001
apo,42.0,105.3548,104.3672,107.29760000000002,105.3548,104.3672,107.29760000000002
apo,42.1,105.2156,104.1902,108.1292,105.2156,104.1902,108.1292
apo,42.2,105.29119999999998,103.74659999999999,108.56880000000001,105.29119999999998,103.74659999999999,108.56880000000001
apo,42.3,105.3692,103.4218,108.25820000000002,105.3692,103.4218,108.25820000000002
apo,42.4,105.85619999999999,103.36299999999999,107.58219999999999,105.85619999999999,103.36299999999999,107.58219999999999
apo,42.5,105.96200000000002,102.88820000000001,107.26320000000001,105.96200000000002,102.88820000000001,107.26320000000001
apo,42.6,106.3074,103.0882,107.1422,106.3074,103.0882,107.1422
apo,42.7,106.5376,102.9624,106.90119999999999,106.5376,102.9624,106.90119999999999
apo,42.8,106.78240000000001,102.6528,106.8548,106.78240000000001,102.6528,106.8548
apo,42.9,106.05819999999999,103.09639999999999,107.10560000000001,106.05819999999999,103.09639999999999,107.10560000000001
apo,43.0,105.87719999999999,103.3422,107.2184,105.87719999999999,103.3422,107.2184
apo,43.1,105.26559999999999,102.2606,107.3644,105.26559999999999,102.2606,107.3644
apo,43.2,105.42260000000002,102.0336,107.80160000000001,105.42260000000002,102.0336,107.80160000000001
apo,43.3,105.03479999999999,102.1634,108.4182,105.03479999999999,102.1634,108.4182
apo,43.4,105.63199999999999,101.77799999999999,108.77579999999998,105.63199999999999,101.77799999999999,108.77579999999998
apo,43.5,105.42760000000001,101.2176,109.52080000000001,105.42760000000001,101.2176,109.52080000000001
apo,43.6,105.75160000000001,100.80640000000001,109.6386,105.75160000000001,100.80640000000001,109.6386
apo,43.7,105.89740000000002,100.6538,108.91,105.89740000000002,100.6538,108.91
apo,43.8,106.955,100.44500000000001,108.14059999999999,106.955,100.44500000000001,108.14059999999999
apo,43.9,107.56580000000001,99.91760000000001,108.2838,107.56580000000001,99.91760000000001,108.2838
apo,44.0,107.64200000000001,100.1074,108.5474,108.5474,100.1074,107.64200000000001
apo,44.1,106.901,100.9068,108.7002,108.7002,100.9068,106.901
apo,44.2,107.28479999999999,101.156,108.73800000000001,108.73800000000001,101.156,107.28479999999999
apo,44.3,108.37100000000001,101.3736,108.694,108.37100000000001,101.3736,108.694
apo,44.4,108.4606,102.33420000000001,108.47760000000001,108.47760000000001,102.33420000000001,108.4606
apo,44.5,108.85060000000001,102.2638,108.9604,108.9604,102.2638,108.85060000000001
apo,44.6,109.54780000000001,102.3296,109.73980000000002,109.54780000000001,102.3296,109.73980000000002
apo,44.7,109.9232,102.40360000000001,110.2776,109.9232,102.40360000000001,110.2776
apo,44.8,109.25280000000001,102.2758,109.9736,109.9736,102.2758,109.25280000000001
apo,44.9,109.4078,101.4678,109.60439999999998,109.60439999999998,101.4678,109.4078
apo,45.0,108.5676,101.3444,109.40820000000001,108.5676,101.3444,109.40820000000001
apo,45.1,108.5098,101.26219999999999,109.06620000000001,108.5098,101.26219999999999,109.06620000000001
apo,45.2,108.399,100.8066,108.6146,108.6146,100.8066,108.399
apo,45.3,108.7634,100.76559999999999,109.0068,109.0068,100.76559999999999,108.7634
apo,45.4,108.99359999999999,101.05359999999999,109.155,108.99359999999999,101.05359999999999,109.155
apo,45.5,109.7828,101.0906,110.01660000000001,109.7828,101.0906,110.01660000000001
apo,45.6,109.50319999999999,101.31800000000001,110.7062,109.50319999999999,101.31800000000001,110.7062
apo,45.7,109.15599999999999,101.6318,111.9568,109.15599999999999,101.6318,111.9568
apo,45.8,108.595,101.82239999999999,112.85419999999999,108.595,101.82239999999999,112.85419999999999
apo,45.9,108.7696,101.6116,112.9944,108.7696,101.6116,112.9944
apo,46.0,108.1584,101.4862,112.7816,108.1584,101.4862,112.7816
apo,46.1,107.3788,101.60600000000001,113.35439999999998,107.3788,101.60600000000001,113.35439999999998
apo,46.2,107.1798,101.6554,113.5088,107.1798,101.6554,113.5088
apo,46.3,106.99780000000001,101.49359999999999,113.8628,106.99780000000001,101.49359999999999,113.8628
apo,46.4,106.5452,102.1184,113.6858,106.5452,102.1184,113.6858
apo,46.5,106.16420000000001,102.9056,114.03219999999999,106.16420000000001,102.9056,114.03219999999999
apo,46.6,106.75840000000001,102.7154,113.9866,106.75840000000001,102.7154,113.9866
apo,46.7,106.29,103.2144,113.7912,106.29,103.2144,113.7912
apo,46.8,106.71699999999998,104.05160000000001,113.6078,106.71699999999998,104.05160000000001,113.6078
apo,46.9,107.3682,103.8386,113.68299999999999,107.3682,103.8386,113.68299999999999
apo,47.0,108.29339999999999,103.81120000000001,114.2166,108.29339999999999,103.81120000000001,114.2166
apo,47.1,109.5242,104.00899999999999,114.32260000000001,109.5242,104.00899999999999,114.32260000000001
apo,47.2,110.4564,103.8,115.08319999999999,110.4564,103.8,115.08319999999999
apo,47.3,110.05760000000001,103.3346,115.1152,110.05760000000001,103.3346,115.1152
apo,47.4,109.23060000000001,103.50439999999999,115.72139999999999,109.23060000000001,103.50439999999999,115.72139999999999
apo,47.5,109.0302,103.1344,115.25019999999999,109.0302,103.1344,115.25019999999999
apo,47.6,108.1214,102.792,115.58340000000001,108.1214,102.792,115.58340000000001
apo,47.7,107.76299999999999,103.19099999999999,115.3798,107.76299999999999,103.19099999999999,115.3798
apo,47.8,107.8436,103.9078,115.2796,107.8436,103.9078,115.2796
apo,47.9,108.5,104.25039999999998,115.15119999999999,108.5,104.25039999999998,115.15119999999999
apo,48.0,107.89079999999998,105.0506,114.652,107.89079999999998,105.0506,114.652
apo,48.1,107.8232,106.1422,113.87859999999998,107.8232,106.1422,113.87859999999998
apo,48.2,108.0192,106.066,113.42080000000001,108.0192,106.066,113.42080000000001
apo,48.3,108.12060000000001,105.95620000000001,112.51379999999999,108.12060000000001,105.95620000000001,112.51379999999999
apo,48.4,108.3108,105.6312,111.48899999999999,108.3108,105.6312,111.48899999999999
apo,48.5,108.003,104.93780000000001,110.76379999999999,108.003,104.93780000000001,110.76379999999999
apo,48.6,108.2594,104.34579999999998,110.2798,108.2594,104.34579999999998,110.2798
apo,48.7,107.7662,103.7248,109.227,107.7662,103.7248,109.227
apo,48.8,107.973,103.53819999999999,109.224,107.973,103.53819999999999,109.224
apo,48.9,107.66720000000001,103.6884,109.391,107.66720000000001,103.6884,109.391
apo,49.0,108.7838,103.8924,109.4568,108.7838,103.8924,109.4568
apo,49.1,108.42939999999999,103.7382,108.78039999999999,108.78039999999999,103.7382,108.42939999999999
apo,49.2,108.19679999999998,103.6608,108.915,108.915,103.6608,108.19679999999998
apo,49.3,108.0492,103.099,108.37819999999999,108.37819999999999,103.099,108.0492
apo,49.4,108.0726,102.2498,108.4626,108.4626,102.2498,108.0726
apo,49.5,108.0228,101.6986,108.0752,108.0228,101.6986,108.0752
apo,49.6,107.6482,101.7992,108.1164,107.6482,101.7992,108.1164
apo,49.7,107.7588,102.1596,109.0426,107.7588,102.1596,109.0426
apo,49.8,107.91199999999999,102.09119999999999,109.46759999999999,107.91199999999999,102.09119999999999,109.46759999999999
apo,49.9,107.85499999999999,102.65140000000001,109.6778,107.85499999999999,102.65140000000001,109.6778
apo,50.0,107.58019999999999,102.549,110.2654,107.58019999999999,102.549,110.2654
apo,50.1,107.345,102.5376,111.638,107.345,102.5376,111.638
apo,50.2,107.556,102.373,111.176,107.556,102.373,111.176
apo,50.3,107.9394,102.6712,110.79079999999999,107.9394,102.6712,110.79079999999999
apo,50.4,107.52860000000001,101.8586,110.4854,107.52860000000001,101.8586,110.4854
apo,50.5,107.4618,101.7542,110.06620000000001,107.4618,101.7542,110.06620000000001
apo,50.6,107.71959999999999,100.81660000000001,109.71220000000001,107.71959999999999,100.81660000000001,109.71220000000001
apo,50.7,107.8962,100.1038,109.5326,107.8962,100.1038,109.5326
apo,50.8,107.95620000000001,99.4064,109.518,107.95620000000001,99.4064,109.518
apo,50.9,108.051,100.636,109.21780000000001,108.051,100.636,109.21780000000001
apo,51.0,107.84,101.80760000000001,109.29080000000002,107.84,101.80760000000001,109.29080000000002
apo,51.1,108.059,102.3572,109.0192,108.059,102.3572,109.0192
apo,51.2,107.226,103.046,109.40799999999999,107.226,103.046,109.40799999999999
apo,51.3,106.702,104.0232,109.4256,106.702,104.0232,109.4256
apo,51.4,107.09199999999998,103.3756,109.422,107.09199999999998,103.3756,109.422
apo,51.5,107.2576,102.2994,109.42519999999999,107.2576,102.2994,109.42519999999999
apo,51.6,106.65740000000001,102.5658,109.31180000000002,106.65740000000001,102.5658,109.31180000000002
apo,51.7,107.1404,102.8972,109.3018,107.1404,102.8972,109.3018
apo,51.8,107.2204,102.1338,109.3554,107.2204,102.1338,109.3554
apo,51.9,107.0894,102.51759999999999,109.55520000000001,107.0894,102.51759999999999,109.55520000000001
apo,52.0,108.1532,102.84740000000002,109.3664,108.1532,102.84740000000002,109.3664
apo,52.1,108.6128,102.74600000000001,109.2458,108.6128,102.74600000000001,109.2458
apo,52.2,108.7046,102.5316,109.1662,108.7046,102.5316,109.1662
apo,52.3,108.58840000000001,103.0536,109.21880000000002,108.58840000000001,103.0536,109.21880000000002
apo,52.4,108.8084,102.47319999999999,109.20779999999999,108.8084,102.47319999999999,109.20779999999999
apo,52.5,108.1298,102.47760000000001,109.1738,108.1298,102.47760000000001,109.1738
apo,52.6,108.29339999999999,102.0714,109.19959999999999,108.29339999999999,102.0714,109.19959999999999
apo,52.7,107.9046,102.05179999999999,109.4942,107.9046,102.05179999999999,109.4942
apo,52.8,108.27560000000001,102.2034,109.71959999999999,108.27560000000001,102.2034,109.71959999999999
apo,52.9,107.6934,102.691,109.6004,107.6934,102.691,109.6004
apo,53.0,107.999,103.0522,109.604,107.999,103.0522,109.604
apo,53.1,107.87360000000001,103.4854,109.78220000000002,107.87360000000001,103.4854,109.78220000000002
apo,53.2,108.8262,103.7212,109.49380000000001,108.8262,103.7212,109.49380000000001
apo,53.3,109.0542,103.583,109.13040000000001,109.0542,103.583,109.13040000000001
apo,53.4,109.12219999999999,103.5968,109.247,109.247,103.5968,109.12219999999999
apo,53.5,108.9712,102.998,109.0666,108.9712,102.998,109.0666
apo,53.6,108.8376,103.22999999999999,108.9472,108.8376,103.22999999999999,108.9472
apo,53.7,107.63019999999999,103.63039999999998,109.0968,107.63019999999999,103.63039999999998,109.0968
apo,53.8,107.3672,103.6756,109.644,107.3672,103.6756,109.644
apo,53.9,106.81179999999999,104.40719999999999,110.8554,106.81179999999999,104.40719999999999,110.8554
apo,54.0,106.4138,105.09580000000001,110.7494,106.4138,105.09580000000001,110.7494
apo,54.1,105.854,105.33279999999999,110.7886,105.854,105.33279999999999,110.7886
apo,54.2,105.7068,104.40039999999999,110.41279999999999,105.7068,104.40039999999999,110.41279999999999
apo,54.3,105.21960000000001,104.5316,109.9146,105.21960000000001,104.5316,109.9146
apo,54.4,105.67939999999999,103.8588,108.7644,105.67939999999999,103.8588,108.7644
apo,54.5,105.7404,103.31880000000001,108.89359999999999,105.7404,103.31880000000001,108.89359999999999
apo,54.6,106.10239999999999,102.7558,108.74000000000001,106.10239999999999,102.7558,108.74000000000001
apo,54.7,106.28979999999999,103.38,109.22739999999999,106.28979999999999,103.38,109.22739999999999
apo,54.8,107.24300000000001,103.23800000000001,109.699,107.24300000000001,103.23800000000001,109.699
apo,54.9,108.12719999999999,102.9952,109.7796,108.12719999999999,102.9952,109.7796
apo,55.0,108.03719999999998,102.79879999999999,110.1182,108.03719999999998,102.79879999999999,110.1182
apo,55.1,108.64179999999999,102.48979999999999,110.207,108.64179999999999,102.48979999999999,110.207
apo,55.2,109.2402,102.26379999999999,109.3856,109.2402,102.26379999999999,109.3856
apo,55.3,108.2874,102.4882,108.52759999999998,108.52759999999998,102.4882,108.2874
apo,55.4,107.8504,102.0614,108.1558,108.1558,102.0614,107.8504
apo,55.5,107.11420000000001,101.8798,108.65599999999999,108.65599999999999,101.8798,107.11420000000001
apo,55.6,106.68620000000001,102.1476,108.2248,108.2248,102.1476,106.68620000000001
apo,55.7,106.92339999999999,102.17660000000001,108.45599999999999,108.45599999999999,102.17660000000001,106.92339999999999
apo,55.8,107.112,101.62839999999998,108.547,108.547,101.62839999999998,107.112
apo,55.9,106.9748,101.672,108.72619999999999,108.72619999999999,101.672,106.9748
apo,56.0,107.12280000000001,102.1192,108.74780000000001,108.74780000000001,102.1192,107.12280000000001
apo,56.1,107.085,101.7548,108.54839999999999,108.54839999999999,101.7548,107.085
apo,56.2,106.88699999999999,101.493,108.11120000000001,108.11120000000001,101.493,106.88699999999999
apo,56.3,106.6484,101.58439999999999,108.1688,108.1688,101.58439999999999,106.6484
apo,56.4,106.94500000000001,102.15220000000001,108.01939999999999,108.01939999999999,102.15220000000001,106.94500000000001
apo,56.5,106.80799999999999,102.04400000000001,108.38119999999999,108.38119999999999,102.04400000000001,106.80799999999999
apo,56.6,106.7962,102.4712,108.68620000000001,108.68620000000001,102.4712,106.7962
apo,56.7,107.2224,102.23179999999999,108.7722,108.7722,102.23179999999999,107.2224
apo,56.8,107.92999999999999,102.3938,109.26299999999999,109.26299999999999,102.3938,107.92999999999999
apo,56.9,108.13000000000002,101.88059999999999,109.23420000000002,109.23420000000002,101.88059999999999,108.13000000000002
apo,57.0,108.23679999999999,102.1116,108.30239999999999,108.30239999999999,102.1116,108.23679999999999
apo,57.1,108.19180000000001,101.7634,108.5758,108.5758,101.7634,108.19180000000001
apo,57.2,107.626,102.061,108.4722,108.4722,102.061,107.626
apo,57.3,107.67080000000001,101.9548,107.94059999999999,107.94059999999999,101.9548,107.67080000000001
apo,57.4,107.67439999999999,102.12780000000001,108.39259999999999,107.67439999999999,102.12780000000001,108.39259999999999
apo,57.5,107.8626,102.0286,108.902,107.8626,102.0286,108.902
apo,57.6,106.95719999999999,102.373,109.2852,106.95719999999999,102.373,109.2852
apo,57.7,106.86959999999999,102.0822,109.4632,106.86959999999999,102.0822,109.4632
apo,57.8,106.97739999999999,102.034,108.6362,106.97739999999999,102.034,108.6362
apo,57.9,106.7156,102.3604,107.78979999999999,106.7156,102.3604,107.78979999999999
apo,58.0,106.4002,102.407,107.36460000000002,106.4002,102.407,107.36460000000002
apo,58.1,106.8212,102.32360000000001,107.08160000000001,106.8212,102.32360000000001,107.08160000000001
apo,58.2,106.4156,102.6396,107.1174,106.4156,102.6396,107.1174
apo,58.3,106.0788,103.10799999999999,107.24539999999999,106.0788,103.10799999999999,107.24539999999999
apo,58.4,106.2674,102.7542,107.39920000000002,106.2674,102.7542,107.39920000000002
apo,58.5,106.3084,102.68319999999999,107.595,106.3084,102.68319999999999,107.595
apo,58.6,106.60419999999999,103.19479999999999,107.6596,106.60419999999999,103.19479999999999,107.6596
apo,58.7,106.9612,103.55140000000002,108.40719999999999,106.9612,103.55140000000002,108.40719999999999
apo,58.8,107.1394,103.37100000000001,108.30799999999999,107.1394,103.37100000000001,108.30799999999999
apo,58.9,107.4432,103.3424,108.6942,107.4432,103.3424,108.6942
apo,59.0,107.7132,103.9686,108.94239999999999,107.7132,103.9686,108.94239999999999
apo,59.1,107.405,103.84459999999999,109.7624,107.405,103.84459999999999,109.7624
apo,59.2,107.29939999999999,103.299,109.7936,107.29939999999999,103.299,109.7936
apo,59.3,106.91959999999999,102.5424,110.72739999999999,106.91959999999999,102.5424,110.72739999999999
apo,59.4,106.39560000000002,102.44480000000001,109.78,106.39560000000002,102.44480000000001,109.78
apo,59.5,105.73600000000002,101.69,109.4942,105.73600000000002,101.69,109.4942
apo,59.6,105.678,101.2832,109.3948,105.678,101.2832,109.3948
apo,59.7,105.4528,101.41760000000001,108.69119999999998,105.4528,101.41760000000001,108.69119999999998
apo,59.8,105.67439999999999,101.9448,108.3912,105.67439999999999,101.9448,108.3912
apo,59.9,105.76079999999999,101.9398,108.84939999999999,105.76079999999999,101.9398,108.84939999999999
apo,60.0,106.15599999999999,102.5234,108.2818,106.15599999999999,102.5234,108.2818
apo,60.1,105.7064,102.27919999999999,107.7356,105.7064,102.27919999999999,107.7356
apo,60.2,105.4976,102.5358,107.6286,105.4976,102.5358,107.6286
apo,60.3,105.1652,102.2092,107.62740000000001,105.1652,102.2092,107.62740000000001
apo,60.4,105.0778,102.1602,107.59,105.0778,102.1602,107.59
apo,60.5,105.077,101.5546,108.13219999999998,105.077,101.5546,108.13219999999998
apo,60.6,105.4428,101.8038,108.3278,105.4428,101.8038,108.3278
apo,60.7,105.59200000000001,101.9716,108.3896,105.59200000000001,101.9716,108.3896
apo,60.8,105.29560000000001,101.5558,108.4084,105.29560000000001,101.5558,108.4084
apo,60.9,105.40979999999999,102.1262,108.3628,105.40979999999999,102.1262,108.3628
apo,61.0,105.8712,102.45599999999999,107.79780000000001,105.8712,102.45599999999999,107.79780000000001
apo,61.1,105.74839999999999,102.636,106.87180000000001,105.74839999999999,102.636,106.87180000000001
apo,61.2,105.58399999999999,102.6276,106.65419999999999,105.58399999999999,102.6276,106.65419999999999
apo,61.3,105.6848,103.58160000000001,106.53040000000001,105.6848,103.58160000000001,106.53040000000001
apo,61.4,105.44359999999999,103.10739999999998,106.56700000000001,105.44359999999999,103.10739999999998,106.56700000000001
apo,61.5,104.72139999999999,103.194,106.23140000000001,104.72139999999999,103.194,106.23140000000001
apo,61.6,105.22240000000002,103.58959999999999,106.26259999999999,105.22240000000002,103.58959999999999,106.26259999999999
apo,61.7,105.4834,102.98920000000001,105.8344,105.4834,102.98920000000001,105.8344
apo,61.8,105.4154,102.5346,105.8898,105.8898,102.5346,105.4154
apo,61.9,105.1446,102.6738,106.89180000000002,106.89180000000002,102.6738,105.1446
apo,62.0,105.7918,102.8776,107.5658,107.5658,102.8776,105.7918
apo,62.1,106.705,102.3894,107.01780000000001,107.01780000000001,102.3894,106.705
apo,62.2,106.7992,102.2638,107.454,107.454,102.2638,106.7992
apo,62.3,107.2826,102.6192,107.46220000000001,107.46220000000001,102.6192,107.2826
apo,62.4,106.60119999999999,102.74380000000001,107.32660000000001,106.60119999999999,102.74380000000001,107.32660000000001
apo,62.5,106.5008,102.05239999999999,107.4906,106.5008,102.05239999999999,107.4906
apo,62.6,106.64680000000001,102.0088,106.699,106.64680000000001,102.0088,106.699
apo,62.7,106.833,102.2158,107.0606,106.833,102.2158,107.0606
apo,62.8,107.00219999999999,101.87519999999999,107.1274,107.1274,101.87519999999999,107.00219999999999
apo,62.9,107.3056,102.04679999999999,107.63700000000001,107.63700000000001,102.04679999999999,107.3056
apo,63.0,107.3964,102.1076,107.66900000000001,107.66900000000001,102.1076,107.3964
apo,63.1,107.6694,102.21340000000001,107.96679999999999,107.96679999999999,102.21340000000001,107.6694
apo,63.2,107.6036,102.74980000000001,108.0916,107.6036,102.74980000000001,108.0916
apo,63.3,107.71000000000001,103.29339999999999,108.12440000000001,108.12440000000001,103.29339999999999,107.71000000000001
apo,63.4,107.51520000000001,102.9906,108.1568,108.1568,102.9906,107.51520000000001
apo,63.5,107.72200000000001,103.0024,107.946,107.946,103.0024,107.72200000000001
apo,63.6,107.9064,102.7558,108.3208,107.9064,102.7558,108.3208
apo,63.7,107.73800000000001,102.4354,108.4574,107.73800000000001,102.4354,108.4574
apo,63.8,107.3942,101.65780000000001,108.60520000000001,107.3942,101.65780000000001,108.60520000000001
apo,63.9,106.9952,101.932,109.01500000000001,106.9952,101.932,109.01500000000001
apo,64.0,106.602,101.93500000000002,109.1688,106.602,101.93500000000002,109.1688
apo,64.1,106.78779999999999,102.0578,109.0212,106.78779999999999,102.0578,109.0212
apo,64.2,106.7844,101.7536,108.1348,106.7844,101.7536,108.1348
apo,64.3,106.4854,101.79780000000001,108.46379999999999,106.4854,101.79780000000001,108.46379999999999
apo,64.4,106.346,101.7702,108.127,106.346,101.7702,108.127
apo,64.5,106.86420000000001,102.12160000000002,107.48240000000001,106.86420000000001,102.12160000000002,107.48240000000001
apo,64.6,106.3706,102.588,107.3144,106.3706,102.588,107.3144
apo,64.7,106.2252,103.08279999999999,107.64020000000001,106.2252,103.08279999999999,107.64020000000001
apo,64.8,105.8806,103.7732,107.3646,105.8806,103.7732,107.3646
apo,64.9,105.7254,103.95819999999999,107.1702,105.7254,103.95819999999999,107.1702
apo,65.0,105.1538,104.2672,106.98179999999999,105.1538,104.2672,106.98179999999999
apo,65.1,104.89280000000001,104.09679999999999,106.39020000000001,104.89280000000001,104.09679999999999,106.39020000000001
apo,65.2,104.8084,104.4778,106.63319999999999,104.8084,104.4778,106.63319999999999
apo,65.3,104.76859999999999,104.228,106.179,104.76859999999999,104.228,106.179
apo,65.4,104.853,104.285,106.47139999999999,104.853,104.285,106.47139999999999
apo,65.5,104.8614,104.3808,107.0854,104.8614,104.3808,107.0854
apo,65.6,104.1528,104.05,107.55460000000001,104.1528,104.05,107.55460000000001
apo,65.7,104.249,103.4472,107.9416,104.249,103.4472,107.9416
apo,65.8,104.1422,103.53399999999999,108.65039999999999,104.1422,103.53399999999999,108.65039999999999
apo,65.9,104.5768,103.744,108.85719999999999,104.5768,103.744,108.85719999999999
apo,66.0,105.154,103.3444,108.38799999999999,105.154,103.3444,108.38799999999999
apo,66.1,105.949,103.19800000000001,108.86179999999999,105.949,103.19800000000001,108.86179999999999
apo,66.2,105.85499999999999,103.31120000000001,109.16019999999999,105.85499999999999,103.31120000000001,109.16019999999999
apo,66.3,105.69680000000001,103.57540000000002,109.6508,105.69680000000001,103.57540000000002,109.6508
apo,66.4,104.92840000000001,103.64380000000001,110.39880000000001,104.92840000000001,103.64380000000001,110.39880000000001
apo,66.5,104.8644,103.9146,111.2224,104.8644,103.9146,111.2224
apo,66.6,104.81480000000002,104.39740000000002,111.24719999999999,104.81480000000002,104.39740000000002,111.24719999999999
apo,66.7,104.7574,103.78600000000002,110.609,104.7574,103.78600000000002,110.609
apo,66.8,104.92840000000001,102.9698,110.53799999999998,104.92840000000001,102.9698,110.53799999999998
apo,66.9,105.721,102.41380000000001,110.4924,105.721,102.41380000000001,110.4924
apo,67.0,105.43679999999999,101.53779999999999,110.44659999999999,105.43679999999999,101.53779999999999,110.44659999999999
apo,67.1,106.2808,101.09819999999999,110.7106,106.2808,101.09819999999999,110.7106
apo,67.2,106.984,101.5548,111.2376,106.984,101.5548,111.2376
apo,67.3,107.8662,101.32140000000001,110.886,107.8662,101.32140000000001,110.886
apo,67.4,108.32719999999999,100.7704,110.2018,108.32719999999999,100.7704,110.2018
apo,67.5,108.8962,100.9656,110.0794,108.8962,100.9656,110.0794
apo,67.6,108.511,101.00800000000001,109.7086,108.511,101.00800000000001,109.7086
apo,67.7,108.98020000000001,101.0072,109.98479999999999,108.98020000000001,101.0072,109.98479999999999
apo,67.8,109.02740000000001,100.972,110.171,109.02740000000001,100.972,110.171
apo,67.9,109.19860000000001,101.0912,110.103,109.19860000000001,101.0912,110.103
apo,68.0,109.56800000000001,100.76299999999999,109.7414,109.56800000000001,100.76299999999999,109.7414
apo,68.1,109.4532,100.6198,109.76559999999999,109.4532,100.6198,109.76559999999999
apo,68.2,108.63879999999999,100.535,108.7382,108.63879999999999,100.535,108.7382
apo,68.3,108.75640000000001,100.8446,108.7664,108.7664,100.8446,108.75640000000001
apo,68.4,108.34380000000002,101.005,108.5008,108.34380000000002,101.005,108.5008
apo,68.5,108.03299999999999,101.54480000000001,108.52439999999999,108.03299999999999,101.54480000000001,108.52439999999999
apo,68.6,108.24600000000001,101.80539999999999,108.4698,108.24600000000001,101.80539999999999,108.4698
apo,68.7,108.3558,102.072,108.77440000000001,108.3558,102.072,108.77440000000001
apo,68.8,108.3894,102.52919999999999,108.601,108.601,102.52919999999999,108.3894
apo,68.9,108.2742,102.6034,108.8586,108.2742,102.6034,108.8586
apo,69.0,108.5358,102.7224,108.7334,108.5358,102.7224,108.7334
apo,69.1,108.16860000000001,103.0406,108.30819999999999,108.30819999999999,103.0406,108.16860000000001
apo,69.2,107.89180000000002,102.71599999999998,108.1902,108.1902,102.71599999999998,107.89180000000002
apo,69.3,107.5646,102.46959999999999,107.667,107.5646,102.46959999999999,107.667
apo,69.4,107.68820000000001,102.42179999999999,108.061,108.061,102.42179999999999,107.68820000000001
apo,69.5,107.626,102.2764,107.957,107.957,102.2764,107.626
apo,69.6,107.575,102.041,108.5714,108.5714,102.041,107.575
apo,69.7,107.2556,102.287,109.11680000000001,109.11680000000001,102.287,107.2556
apo,69.8,107.3038,102.7028,109.301,109.301,102.7028,107.3038
apo,69.9,106.58220000000001,102.86859999999999,108.8166,108.8166,102.86859999999999,106.58220000000001
apo,70.0,106.90239999999999,102.62960000000001,109.1298,109.1298,102.62960000000001,106.90239999999999
apo,70.1,106.694,102.02799999999999,109.2678,109.2678,102.02799999999999,106.694
apo,70.2,106.98999999999998,101.434,108.7424,108.7424,101.434,106.98999999999998
apo,70.3,107.1596,100.6632,108.6856,108.6856,100.6632,107.1596
apo,70.4,107.7148,100.672,109.06979999999999,109.06979999999999,100.672,107.7148
apo,70.5,107.148,100.8646,108.7354,108.7354,100.8646,107.148
apo,70.6,107.83919999999998,101.61,108.4426,108.4426,101.61,107.83919999999998
apo,70.7,107.869,101.6242,108.89859999999999,108.89859999999999,101.6242,107.869
apo,70.8,107.51399999999998,101.84479999999999,109.3998,109.3998,101.84479999999999,107.51399999999998
apo,70.9,107.08279999999999,101.6598,109.96899999999998,109.96899999999998,101.6598,107.08279999999999
apo,71.0,107.0214,101.50800000000001,110.777,110.777,101.50800000000001,107.0214
apo,71.1,106.8828,100.83099999999999,110.7384,110.7384,100.83099999999999,106.8828
apo,71.2,106.8824,100.7896,110.95840000000001,110.95840000000001,100.7896,106.8824
apo,71.3,107.0056,101.06739999999999,110.38019999999999,110.38019999999999,101.06739999999999,107.0056
apo,71.4,107.38880000000002,100.9364,109.49459999999999,109.49459999999999,100.9364,107.38880000000002
apo,71.5,107.66159999999999,101.03479999999999,108.7666,108.7666,101.03479999999999,107.66159999999999
apo,71.6,107.78220000000002,101.6366,109.05640000000001,109.05640000000001,101.6366,107.78220000000002
apo,71.7,107.7194,102.2946,108.87640000000002,108.87640000000002,102.2946,107.7194
apo,71.8,107.9346,102.288,109.1578,109.1578,102.288,107.9346
apo,71.9,107.50460000000001,102.21719999999999,109.845,109.845,102.21719999999999,107.50460000000001
apo,72.0,107.6164,102.15979999999999,110.5086,110.5086,102.15979999999999,107.6164
apo,72.1,107.0196,101.71379999999999,110.3768,110.3768,101.71379999999999,107.0196
apo,72.2,106.34879999999998,101.9,110.8202,110.8202,101.9,106.34879999999998
apo,72.3,106.0196,101.92920000000001,110.63500000000002,110.63500000000002,101.92920000000001,106.0196
apo,72.4,106.69739999999999,101.8068,110.17159999999998,110.17159999999998,101.8068,106.69739999999999
apo,72.5,106.4588,101.9724,109.0504,109.0504,101.9724,106.4588
apo,72.6,106.80760000000001,102.11359999999999,109.0898,109.0898,102.11359999999999,106.80760000000001
apo,72.7,107.6348,101.3796,108.5856,108.5856,101.3796,107.6348
apo,72.8,107.86120000000001,100.98979999999999,108.8318,108.8318,100.98979999999999,107.86120000000001
apo,72.9,107.2858,101.05940000000001,108.3818,108.3818,101.05940000000001,107.2858
apo,73.0,107.44839999999999,101.2028,108.22059999999999,108.22059999999999,101.2028,107.44839999999999
apo,73.1,107.24659999999999,101.3494,107.2986,107.2986,101.3494,107.24659999999999
apo,73.2,106.806,101.462,106.81179999999999,106.81179999999999,101.462,106.806
apo,73.3,106.22639999999998,101.7272,106.24719999999999,106.22639999999998,101.7272,106.24719999999999
apo,73.4,105.9896,101.8902,106.59100000000001,105.9896,101.8902,106.59100000000001
apo,73.5,105.9432,101.98740000000001,107.16220000000001,105.9432,101.98740000000001,107.16220000000001
apo,73.6,106.28699999999999,101.96860000000001,107.05139999999999,106.28699999999999,101.96860000000001,107.05139999999999
apo,73.7,106.67339999999999,102.4822,107.31680000000001,106.67339999999999,102.4822,107.31680000000001
apo,73.8,106.6896,102.4066,108.24719999999999,106.6896,102.4066,108.24719999999999
apo,73.9,106.4712,102.54760000000002,107.3262,106.4712,102.54760000000002,107.3262
apo,74.0,106.53979999999999,102.0648,106.90799999999999,106.53979999999999,102.0648,106.90799999999999
apo,74.1,106.4288,102.12039999999999,107.4772,106.4288,102.12039999999999,107.4772
apo,74.2,106.103,102.1468,107.4846,106.103,102.1468,107.4846
apo,74.3,105.90619999999998,102.75160000000001,107.08699999999999,105.90619999999998,102.75160000000001,107.08699999999999
apo,74.4,106.59119999999999,102.6634,107.58319999999999,106.59119999999999,102.6634,107.58319999999999
apo,74.5,106.1742,102.742,107.48920000000001,106.1742,102.742,107.48920000000001
apo,74.6,105.89020000000001,103.12719999999999,107.10060000000001,105.89020000000001,103.12719999999999,107.10060000000001
apo,74.7,106.1144,102.93299999999999,107.6896,106.1144,102.93299999999999,107.6896
apo,74.8,105.8432,102.4452,106.8998,105.8432,102.4452,106.8998
apo,74.9,105.60499999999999,101.767,106.901,105.60499999999999,101.767,106.901
apo,75.0,106.15820000000001,102.546,106.61480000000002,106.15820000000001,102.546,106.61480000000002
apo,75.1,106.50520000000002,102.3394,107.19919999999999,106.50520000000002,102.3394,107.19919999999999
apo,75.2,106.4508,102.38579999999999,106.7424,106.4508,102.38579999999999,106.7424
apo,75.3,106.4758,102.6686,107.3318,106.4758,102.6686,107.3318
apo,75.4,106.79959999999998,103.4894,107.78779999999999,106.79959999999998,103.4894,107.78779999999999
apo,75.5,106.30839999999998,102.94279999999999,107.7008,106.30839999999998,102.94279999999999,107.7008
apo,75.6,106.31379999999999,103.12719999999999,107.1312,106.31379999999999,103.12719999999999,107.1312
apo,75.7,106.64360000000002,103.4056,106.92659999999998,106.64360000000002,103.4056,106.92659999999998
apo,75.8,107.0144,103.796,107.3108,107.0144,103.796,107.3108
apo,75.9,106.74179999999998,104.266,106.76379999999999,106.74179999999998,104.266,106.76379999999999
apo,76.0,106.7906,104.8012,107.2444,106.7906,104.8012,107.2444
apo,76.1,106.8576,104.61099999999999,106.9434,106.8576,104.61099999999999,106.9434
apo,76.2,106.1692,104.5096,107.0592,106.1692,104.5096,107.0592
apo,76.3,106.147,103.88899999999998,107.1126,106.147,103.88899999999998,107.1126
apo,76.4,105.98519999999999,103.9568,107.6806,105.98519999999999,103.9568,107.6806
apo,76.5,106.5456,103.41600000000001,107.5,106.5456,103.41600000000001,107.5
apo,76.6,106.41900000000001,103.322,107.1502,106.41900000000001,103.322,107.1502
apo,76.7,106.68440000000001,103.52939999999998,106.8212,106.68440000000001,103.52939999999998,106.8212
apo,76.8,106.285,103.58019999999999,106.4796,106.4796,103.58019999999999,106.285
apo,76.9,105.7784,103.0966,106.78620000000001,106.78620000000001,103.0966,105.7784
apo,77.0,106.1828,103.32059999999998,106.4632,106.1828,103.32059999999998,106.4632
apo,77.1,105.8508,103.04580000000001,107.11100000000002,105.8508,103.04580000000001,107.11100000000002
apo,77.2,105.78139999999999,102.638,107.25720000000001,105.78139999999999,102.638,107.25720000000001
apo,77.3,106.1424,102.74380000000001,107.4174,106.1424,102.74380000000001,107.4174
apo,77.4,105.93119999999999,102.49360000000001,107.6226,105.93119999999999,102.49360000000001,107.6226
apo,77.5,106.16479999999999,102.4242,106.4922,106.4922,102.4242,106.16479999999999
apo,77.6,106.38199999999999,103.1116,106.89439999999999,106.89439999999999,103.1116,106.38199999999999
apo,77.7,106.5214,102.826,106.93620000000001,106.93620000000001,102.826,106.5214
apo,77.8,106.61019999999999,102.79220000000001,106.86460000000002,106.86460000000002,102.79220000000001,106.61019999999999
apo,77.9,106.63499999999999,102.9386,107.15140000000001,107.15140000000001,102.9386,106.63499999999999
apo,78.0,106.9324,102.51700000000001,108.01000000000002,106.9324,102.51700000000001,108.01000000000002
apo,78.1,106.94000000000001,101.4752,107.82359999999998,106.94000000000001,101.4752,107.82359999999998
apo,78.2,106.7296,101.4146,108.1344,106.7296,101.4146,108.1344
apo,78.3,106.43140000000001,101.6716,108.27839999999999,106.43140000000001,101.6716,108.27839999999999
apo,78.4,105.66,101.656,107.91799999999998,105.66,101.656,107.91799999999998
apo,78.5,105.9192,102.14439999999999,107.07539999999999,105.9192,102.14439999999999,107.07539999999999
apo,78.6,106.4346,103.0924,106.7674,106.7674,103.0924,106.4346
apo,78.7,105.7624,103.74159999999999,107.09639999999999,107.09639999999999,103.74159999999999,105.7624
apo,78.8,105.51140000000001,103.75639999999999,107.52260000000001,107.52260000000001,103.75639999999999,105.51140000000001
apo,78.9,105.64320000000001,104.06099999999999,108.15180000000001,108.15180000000001,104.06099999999999,105.64320000000001
apo,79.0,105.4248,104.0396,107.86979999999998,107.86979999999998,104.0396,105.4248
apo,79.1,106.7212,103.86240000000001,106.74680000000001,106.74680000000001,103.86240000000001,106.7212
apo,79.2,106.2338,103.73299999999999,107.09460000000001,106.2338,103.73299999999999,107.09460000000001
apo,79.3,105.73179999999999,103.59179999999999,107.26259999999999,105.73179999999999,103.59179999999999,107.26259999999999
apo,79.4,105.7578,103.59760000000001,107.5728,105.7578,103.59760000000001,107.5728
apo,79.5,105.99360000000001,103.5204,107.84459999999999,105.99360000000001,103.5204,107.84459999999999
apo,79.6,106.25720000000001,103.3596,106.8376,106.25720000000001,103.3596,106.8376
apo,79.7,106.21579999999999,103.43800000000002,106.7982,106.21579999999999,103.43800000000002,106.7982
apo,79.8,106.652,102.66839999999999,106.6546,106.6546,102.66839999999999,106.652
apo,79.9,106.12519999999999,102.16560000000001,106.2192,106.2192,102.16560000000001,106.12519999999999
apo,80.0,105.33040000000001,101.6008,106.1114,105.33040000000001,101.6008,106.1114
apo,80.1,104.5578,101.64439999999999,106.42280000000001,104.5578,101.64439999999999,106.42280000000001
apo,80.2,104.7802,101.0918,106.04459999999999,104.7802,101.0918,106.04459999999999
apo,80.3,104.67519999999999,100.8478,105.3134,104.67519999999999,100.8478,105.3134
apo,80.4,104.3586,101.51,105.6088,104.3586,101.51,105.6088
apo,80.5,104.6276,101.5744,105.62039999999999,104.6276,101.5744,105.62039999999999
apo,80.6,105.3022,101.3134,105.3056,105.3022,101.3134,105.3056
apo,80.7,105.5336,100.9496,105.91839999999999,105.5336,100.9496,105.91839999999999
apo,80.8,105.1202,100.9998,106.55839999999998,105.1202,100.9998,106.55839999999998
apo,80.9,105.50840000000001,100.2524,106.2382,105.50840000000001,100.2524,106.2382
apo,81.0,105.8916,100.6028,107.23740000000001,105.8916,100.6028,107.23740000000001
apo,81.1,105.36679999999998,100.4768,108.2076,105.36679999999998,100.4768,108.2076
apo,81.2,105.35999999999999,101.3484,108.24360000000001,105.35999999999999,101.3484,108.24360000000001
apo,81.3,105.5426,101.8824,108.57060000000001,105.5426,101.8824,108.57060000000001
apo,81.4,105.3072,102.11659999999999,109.3084,105.3072,102.11659999999999,109.3084
apo,81.5,105.16580000000002,101.5978,109.8374,105.16580000000002,101.5978,109.8374
apo,81.6,106.0204,101.2818,110.32939999999999,106.0204,101.2818,110.32939999999999
apo,81.7,106.3894,100.83840000000001,110.53659999999999,106.3894,100.83840000000001,110.53659999999999
apo,81.8,106.62339999999999,100.84459999999999,111.48179999999999,106.62339999999999,100.84459999999999,111.48179999999999
apo,81.9,106.61179999999999,100.43780000000001,112.0404,106.61179999999999,100.43780000000001,112.0404
apo,82.0,106.8298,100.7678,110.888,106.8298,100.7678,110.888
apo,82.1,106.1654,100.6514,111.1114,106.1654,100.6514,111.1114
apo,82.2,105.5314,100.2954,111.4168,105.5314,100.2954,111.4168
apo,82.3,105.0364,99.7244,111.33099999999999,105.0364,99.7244,111.33099999999999
apo,82.4,105.13520000000001,99.6794,111.3376,105.13520000000001,99.6794,111.3376
apo,82.5,104.98620000000001,98.88399999999999,112.2406,104.98620000000001,98.88399999999999,112.2406
apo,82.6,105.3712,99.4044,111.928,105.3712,99.4044,111.928
apo,82.7,105.31999999999998,99.9514,112.40039999999999,105.31999999999998,99.9514,112.40039999999999
apo,82.8,105.37960000000001,99.90939999999999,112.479,105.37960000000001,99.90939999999999,112.479
apo,82.9,105.4176,100.3368,112.8634,105.4176,100.3368,112.8634
apo,83.0,105.5762,100.9346,112.5868,105.5762,100.9346,112.5868
apo,83.1,105.5844,100.2056,112.30699999999999,105.5844,100.2056,112.30699999999999
apo,83.2,106.26559999999999,99.7332,112.11479999999999,106.26559999999999,99.7332,112.11479999999999
apo,83.3,106.3654,99.799,111.4598,106.3654,99.799,111.4598
apo,83.4,106.95539999999998,99.4492,110.63399999999999,106.95539999999998,99.4492,110.63399999999999
apo,83.5,107.0788,99.92699999999999,110.20720000000001,107.0788,99.92699999999999,110.20720000000001
apo,83.6,107.2576,100.275,110.07059999999998,107.2576,100.275,110.07059999999998
apo,83.7,106.56700000000001,100.4026,110.37840000000001,106.56700000000001,100.4026,110.37840000000001
apo,83.8,106.4742,100.7542,110.90799999999999,106.4742,100.7542,110.90799999999999
apo,83.9,106.01679999999999,101.164,110.5498,106.01679999999999,101.164,110.5498
apo,84.0,105.70520000000002,100.06559999999999,111.072,105.70520000000002,100.06559999999999,111.072
apo,84.1,105.4896,100.3358,110.83099999999999,105.4896,100.3358,110.83099999999999
apo,84.2,106.0096,99.896,109.8786,106.0096,99.896,109.8786
apo,84.3,106.27820000000001,99.734,109.4016,106.27820000000001,99.734,109.4016
apo,84.4,105.5692,98.93159999999999,109.0592,105.5692,98.93159999999999,109.0592
apo,84.5,105.5728,99.1624,108.01880000000001,105.5728,99.1624,108.01880000000001
apo,84.6,105.5922,99.27459999999999,107.85679999999999,105.5922,99.27459999999999,107.85679999999999
apo,84.7,105.2884,99.7328,107.69000000000001,105.2884,99.7328,107.69000000000001
apo,84.8,105.2126,99.70320000000001,107.5616,105.2126,99.70320000000001,107.5616
apo,84.9,105.64180000000002,100.3296,108.3516,105.64180000000002,100.3296,108.3516
apo,85.0,105.07000000000001,99.96060000000001,108.84699999999998,105.07000000000001,99.96060000000001,108.84699999999998
apo,85.1,104.5642,99.2852,108.84259999999999,104.5642,99.2852,108.84259999999999
apo,85.2,104.1532,99.04560000000001,108.7378,104.1532,99.04560000000001,108.7378
apo,85.3,103.99719999999999,99.18900000000001,108.8596,103.99719999999999,99.18900000000001,108.8596
apo,85.4,104.327,98.9568,108.45040000000002,104.327,98.9568,108.45040000000002
apo,85.5,105.05160000000001,100.2816,108.4932,105.05160000000001,100.2816,108.4932
apo,85.6,105.34959999999998,101.244,108.6374,105.34959999999998,101.244,108.6374
apo,85.7,106.1396,101.40020000000001,109.43140000000001,106.1396,101.40020000000001,109.43140000000001
apo,85.8,105.80639999999998,101.2168,108.8012,105.80639999999998,101.2168,108.8012
apo,85.9,104.9136,101.4826,108.6588,104.9136,101.4826,108.6588
apo,86.0,103.979,101.1594,108.9124,103.979,101.1594,108.9124
apo,86.1,103.90180000000001,100.8798,109.0148,103.90180000000001,100.8798,109.0148
apo,86.2,102.80460000000001,100.98979999999999,108.7772,102.80460000000001,100.98979999999999,108.7772
apo,86.3,103.0298,101.44379999999998,109.1392,103.0298,101.44379999999998,109.1392
apo,86.4,103.3172,101.1038,109.28699999999999,103.3172,101.1038,109.28699999999999
apo,86.5,103.5548,100.95840000000001,109.13219999999998,103.5548,100.95840000000001,109.13219999999998
apo,86.6,102.4944,100.76859999999999,108.8948,102.4944,100.76859999999999,108.8948
apo,86.7,101.9066,100.5642,108.0128,101.9066,100.5642,108.0128
apo,86.8,101.789,99.8682,107.66599999999998,101.789,99.8682,107.66599999999998
apo,86.9,102.1692,100.4426,107.3492,102.1692,100.4426,107.3492
apo,87.0,102.17179999999999,100.24860000000001,106.55620000000002,102.17179999999999,100.24860000000001,106.55620000000002
apo,87.1,102.93319999999999,100.1796,106.36659999999999,102.93319999999999,100.1796,106.36659999999999
apo,87.2,103.61399999999999,100.81320000000001,107.38600000000001,103.61399999999999,100.81320000000001,107.38600000000001
apo,87.3,103.42640000000002,101.1712,107.9378,103.42640000000002,101.1712,107.9378
apo,87.4,103.03,100.8838,109.3742,103.03,100.8838,109.3742
apo,87.5,103.245,100.81719999999999,110.5222,103.245,100.81719999999999,110.5222
apo,87.6,103.4254,101.0068,111.31599999999999,103.4254,101.0068,111.31599999999999
apo,87.7,103.76019999999998,100.47139999999999,111.20219999999999,103.76019999999998,100.47139999999999,111.20219999999999
apo,87.8,103.67339999999999,100.61880000000001,111.0912,103.67339999999999,100.61880000000001,111.0912
apo,87.9,103.0954,100.518,110.5642,103.0954,100.518,110.5642
apo,88.0,102.6916,100.9422,109.47740000000002,102.6916,100.9422,109.47740000000002
apo,88.1,102.37839999999998,100.94980000000001,109.52560000000001,102.37839999999998,100.94980000000001,109.52560000000001
apo,88.2,101.6926,101.032,109.2844,101.6926,101.032,109.2844
apo,88.3,102.05279999999999,100.56899999999999,109.473,102.05279999999999,100.56899999999999,109.473
apo,88.4,102.74719999999999,100.66279999999999,109.6876,102.74719999999999,100.66279999999999,109.6876
apo,88.5,103.19239999999999,100.7366,111.5278,103.19239999999999,100.7366,111.5278
apo,88.6,103.2094,100.4828,111.0402,103.2094,100.4828,111.0402
apo,88.7,103.4922,100.84440000000001,111.03040000000001,103.4922,100.84440000000001,111.03040000000001
apo,88.8,103.52860000000001,100.846,111.12519999999999,103.52860000000001,100.846,111.12519999999999
apo,88.9,104.16040000000001,101.39320000000001,110.50439999999999,104.16040000000001,101.39320000000001,110.50439999999999
apo,89.0,104.2382,100.8152,109.0024,104.2382,100.8152,109.0024
apo,89.1,104.4508,100.9552,109.2174,104.4508,100.9552,109.2174
apo,89.2,104.45920000000001,100.1448,109.2834,104.45920000000001,100.1448,109.2834
apo,89.3,103.8836,100.0752,109.1404,103.8836,100.0752,109.1404
apo,89.4,102.9482,99.02059999999999,109.38340000000001,102.9482,99.02059999999999,109.38340000000001
apo,89.5,102.975,98.6336,109.34759999999999,102.975,98.6336,109.34759999999999
apo,89.6,103.40119999999999,98.1446,109.3368,103.40119999999999,98.1446,109.3368
apo,89.7,104.40320000000001,98.4838,109.50019999999999,104.40320000000001,98.4838,109.50019999999999
apo,89.8,105.66720000000001,98.99780000000001,109.01599999999999,105.66720000000001,98.99780000000001,109.01599999999999
apo,89.9,106.6292,99.74100000000001,108.79679999999999,106.6292,99.74100000000001,108.79679999999999
apo,90.0,107.24459999999999,100.5446,109.2526,107.24459999999999,100.5446,109.2526
apo,90.1,108.10419999999999,101.22540000000001,109.0936,108.10419999999999,101.22540000000001,109.0936
apo,90.2,108.03299999999999,101.0972,108.83780000000002,108.03299999999999,101.0972,108.83780000000002
apo,90.3,108.3202,101.1846,109.19000000000001,108.3202,101.1846,109.19000000000001
apo,90.4,108.4016,101.2636,109.0154,108.4016,101.2636,109.0154
apo,90.5,107.6886,100.8914,109.2032,107.6886,100.8914,109.2032
apo,90.6,107.07060000000001,101.32939999999999,109.4106,107.07060000000001,101.32939999999999,109.4106
apo,90.7,106.9192,102.0984,109.45920000000001,106.9192,102.0984,109.45920000000001
apo,90.8,106.0894,102.018,109.95160000000001,106.0894,102.018,109.95160000000001
apo,90.9,105.6184,101.8878,110.3192,105.6184,101.8878,110.3192
apo,91.0,106.1952,101.84819999999999,110.13899999999998,106.1952,101.84819999999999,110.13899999999998
apo,91.1,105.61099999999999,101.438,109.4604,105.61099999999999,101.438,109.4604
apo,91.2,105.5414,101.6202,108.9902,105.5414,101.6202,108.9902
apo,91.3,105.2818,101.75019999999999,108.1962,105.2818,101.75019999999999,108.1962
apo,91.4,105.39439999999999,101.6614,107.44479999999999,105.39439999999999,101.6614,107.44479999999999
apo,91.5,105.6306,101.75,107.09639999999999,105.6306,101.75,107.09639999999999
apo,91.6,105.7056,101.659,106.9596,105.7056,101.659,106.9596
apo,91.7,105.10419999999999,100.7524,106.7388,105.10419999999999,100.7524,106.7388
apo,91.8,105.1754,100.43339999999999,106.45419999999999,105.1754,100.43339999999999,106.45419999999999
apo,91.9,104.61000000000001,100.65419999999999,106.0702,104.61000000000001,100.65419999999999,106.0702
apo,92.0,103.68100000000001,101.087,105.6316,103.68100000000001,101.087,105.6316
apo,92.1,103.71300000000001,100.9516,105.20320000000001,103.71300000000001,100.9516,105.20320000000001
apo,92.2,103.76760000000002,101.4554,104.553,103.76760000000002,101.4554,104.553
apo,92.3,103.43000000000002,101.5068,104.2962,103.43000000000002,101.5068,104.2962
apo,92.4,103.37480000000001,101.10920000000002,104.5376,103.37480000000001,101.10920000000002,104.5376
apo,92.5,103.5696,101.0956,104.17739999999999,103.5696,101.0956,104.17739999999999
apo,92.6,103.3632,101.2944,104.42280000000001,103.3632,101.2944,104.42280000000001
apo,92.7,103.681,101.55359999999999,104.95919999999998,103.681,101.55359999999999,104.95919999999998
apo,92.8,104.0162,101.84119999999999,105.09560000000002,104.0162,101.84119999999999,105.09560000000002
apo,92.9,104.155,101.9112,105.39079999999998,104.155,101.9112,105.39079999999998
apo,93.0,103.37840000000001,101.685,106.1864,103.37840000000001,101.685,106.1864
apo,93.1,103.12539999999998,101.6728,106.4026,103.12539999999998,101.6728,106.4026
apo,93.2,103.03399999999999,101.4646,107.45779999999999,103.03399999999999,101.4646,107.45779999999999
apo,93.3,103.0848,101.9254,107.76019999999998,103.0848,101.9254,107.76019999999998
apo,93.4,103.09200000000001,101.7004,107.51419999999999,103.09200000000001,101.7004,107.51419999999999
apo,93.5,103.9944,101.922,107.48420000000002,103.9944,101.922,107.48420000000002
apo,93.6,104.168,101.48740000000001,108.396,104.168,101.48740000000001,108.396
apo,93.7,103.9508,101.2004,107.348,103.9508,101.2004,107.348
apo,93.8,104.10419999999999,100.48140000000001,107.772,104.10419999999999,100.48140000000001,107.772
apo,93.9,104.2438,100.9156,108.02439999999999,104.2438,100.9156,108.02439999999999
apo,94.0,104.2026,100.57939999999999,108.1114,104.2026,100.57939999999999,108.1114
apo,94.1,103.85620000000002,101.436,107.26259999999999,103.85620000000002,101.436,107.26259999999999
apo,94.2,103.4952,101.5356,106.76320000000001,103.4952,101.5356,106.76320000000001
apo,94.3,103.1964,101.55239999999999,106.4114,103.1964,101.55239999999999,106.4114
apo,94.4,102.72380000000001,100.77459999999999,106.02939999999998,102.72380000000001,100.77459999999999,106.02939999999998
apo,94.5,102.61979999999998,100.7302,105.93299999999999,102.61979999999998,100.7302,105.93299999999999
apo,94.6,102.7008,100.3418,106.0118,102.7008,100.3418,106.0118
apo,94.7,102.984,100.0934,106.7508,102.984,100.0934,106.7508
apo,94.8,103.08700000000002,99.787,106.93599999999999,103.08700000000002,99.787,106.93599999999999
apo,94.9,103.921,100.40039999999999,107.87960000000001,103.921,100.40039999999999,107.87960000000001
apo,95.0,103.732,101.0524,107.5714,103.732,101.0524,107.5714
apo,95.1,103.84099999999998,100.9016,107.02260000000001,103.84099999999998,100.9016,107.02260000000001
apo,95.2,104.09,100.8706,106.4904,104.09,100.8706,106.4904
apo,95.3,103.96300000000001,101.1804,106.44239999999999,103.96300000000001,101.1804,106.44239999999999
apo,95.4,103.8192,101.5056,106.05720000000001,103.8192,101.5056,106.05720000000001
apo,95.5,103.71079999999999,101.188,106.05340000000001,103.71079999999999,101.188,106.05340000000001
apo,95.6,104.33399999999999,101.2568,106.598,104.33399999999999,101.2568,106.598
apo,95.7,104.48600000000002,101.4426,106.99159999999999,104.48600000000002,101.4426,106.99159999999999
apo,95.8,104.3454,101.9854,106.78720000000001,104.3454,101.9854,106.78720000000001
apo,95.9,104.18799999999999,102.273,106.58520000000001,104.18799999999999,102.273,106.58520000000001
apo,96.0,105.01979999999999,102.503,107.20660000000001,105.01979999999999,102.503,107.20660000000001
apo,96.1,104.9694,102.72619999999999,107.25240000000001,104.9694,102.72619999999999,107.25240000000001
apo,96.2,104.8406,102.5644,107.38820000000001,104.8406,102.5644,107.38820000000001
apo,96.3,105.19299999999998,102.4822,107.5278,105.19299999999998,102.4822,107.5278
apo,96.4,105.64379999999998,102.56199999999998,107.62199999999999,105.64379999999998,102.56199999999998,107.62199999999999
apo,96.5,105.04180000000001,102.61859999999999,108.056,105.04180000000001,102.61859999999999,108.056
apo,96.6,105.02860000000001,103.0644,108.1606,105.02860000000001,103.0644,108.1606
apo,96.7,104.8894,103.49180000000001,108.12639999999999,104.8894,103.49180000000001,108.12639999999999
apo,96.8,105.17960000000001,103.1046,107.899,105.17960000000001,103.1046,107.899
apo,96.9,105.6722,102.205,107.856,105.6722,102.205,107.856
apo,97.0,105.8086,101.2208,107.4666,105.8086,101.2208,107.4666
apo,97.1,105.4342,100.03200000000001,107.65239999999999,105.4342,100.03200000000001,107.65239999999999
apo,97.2,105.82860000000001,99.51820000000001,108.12039999999999,105.82860000000001,99.51820000000001,108.12039999999999
apo,97.3,105.773,99.4546,108.64659999999999,105.773,99.4546,108.64659999999999
apo,97.4,105.35119999999999,99.51700000000001,109.499,105.35119999999999,99.51700000000001,109.499
apo,97.5,105.9722,99.98179999999999,109.76079999999999,105.9722,99.98179999999999,109.76079999999999
apo,97.6,106.45539999999998,100.70060000000001,110.4992,106.45539999999998,100.70060000000001,110.4992
apo,97.7,106.8878,100.6404,111.03119999999998,106.8878,100.6404,111.03119999999998
apo,97.8,106.7366,100.7962,110.9056,106.7366,100.7962,110.9056
apo,97.9,106.63040000000001,101.1414,110.32339999999999,106.63040000000001,101.1414,110.32339999999999
apo,98.0,106.55439999999999,101.39680000000001,110.06320000000001,106.55439999999999,101.39680000000001,110.06320000000001
apo,98.1,106.8762,101.4186,109.5592,106.8762,101.4186,109.5592
apo,98.2,107.38980000000001,101.6418,109.60520000000001,107.38980000000001,101.6418,109.60520000000001
apo,98.3,107.99740000000001,101.7208,109.9212,107.99740000000001,101.7208,109.9212
apo,98.4,108.0196,101.9906,110.2126,108.0196,101.9906,110.2126
apo,98.5,107.773,102.0336,109.918,107.773,102.0336,109.918
apo,98.6,107.768,102.14,110.2382,107.768,102.14,110.2382
apo,98.7,107.8844,102.1192,109.93699999999998,107.8844,102.1192,109.93699999999998
apo,98.8,107.87339999999999,102.30359999999999,110.17559999999999,107.87339999999999,102.30359999999999,110.17559999999999
apo,98.9,107.9134,102.76780000000001,110.31599999999999,107.9134,102.76780000000001,110.31599999999999
apo,99.0,107.9144,102.686,111.08579999999999,107.9144,102.686,111.08579999999999
apo,99.1,107.48899999999999,102.2572,111.52080000000001,107.48899999999999,102.2572,111.52080000000001
apo,99.2,106.8934,102.05940000000001,111.7594,106.8934,102.05940000000001,111.7594
apo,99.3,106.80460000000001,101.85900000000001,111.7864,106.80460000000001,101.85900000000001,111.7864
apo,99.4,107.53540000000001,100.7612,111.35819999999998,107.53540000000001,100.7612,111.35819999999998
apo,99.5,107.54079999999999,100.7308,111.27739999999999,107.54079999999999,100.7308,111.27739999999999
apo,99.6,108.01499999999999,100.9226,110.896,108.01499999999999,100.9226,110.896
apo,99.7,107.88919999999999,101.75559999999999,111.16099999999999,107.88919999999999,101.75559999999999,111.16099999999999
apo,99.8,107.74659999999999,101.62639999999999,111.35139999999998,107.74659999999999,101.62639999999999,111.35139999999998
apo,99.9,107.17449999999998,101.98575,112.00674999999998,107.17449999999998,101.98575,112.00674999999998
apo,100.0,107.377,102.13266666666665,112.15666666666664,107.377,102.13266666666665,112.15666666666664
