"gene","MAD","variance","retained","reason"
"TNFAIP8L1",0.24695249328435,0.0776227623172339,TRUE,"retained"
"ARRDC5",0.502720882734,0.246139388791327,TRUE,"retained"
"CGB",0.4813278276072,0.270044775544244,TRUE,"retained"
"FAM86C",0.2422665260729,0.0672510291705539,TRUE,"retained"
"RAB3D",0.4295334849729,0.205731629400524,TRUE,"retained"
"CACNG8",0.2840424791715,0.0918640193176684,TRUE,"retained"
"MORC2",0.6045279320304,0.462217802992833,TRUE,"retained"
"HIST1H2BN",0.2684479534464,0.0956211405103193,TRUE,"retained"
"ZNF600",0.297486497303101,0.140068585587531,TRUE,"retained"
"HIST1H2BH",0.2542851537849,0.109165582386074,TRUE,"retained"
"SNAPC5",0.24921251312685,0.0673972421651619,TRUE,"retained"
"SSX7",0.3633079320318,0.10519521849659,TRUE,"retained"
"PCDHA13",0.2475168542406,0.0827605252172216,TRUE,"retained"
"PCDHA4",0.31912728710625,0.12175454494632,TRUE,"retained"
"TUBB4Q",0.2961693591696,0.17447398609566,TRUE,"retained"
"KRTAP6-1",0.431287447474799,0.188870694997352,TRUE,"retained"
"SFT2D1",0.4562662300056,0.215299389371974,TRUE,"retained"
"POU3F3",0.22172981860575,0.0530723509836601,TRUE,"retained"
"KRTAP10-12",0.458192039932199,0.214407517802488,TRUE,"retained"
"KRTAP10-1",0.3673959546789,0.156199827000695,TRUE,"retained"
"KRTAP10-3",0.3907397570643,0.158587273548384,TRUE,"retained"
"OR2A14",0.402945164454,0.192848866836202,TRUE,"retained"
"RPL38",0.446692066965902,0.188022841253362,TRUE,"retained"
"H3F3B",0.302111324190899,0.139170269274118,TRUE,"retained"
"UNCX",0.4331062766919,0.255001320755121,TRUE,"retained"
"TMEM211",0.24794251870815,0.0776371542933894,TRUE,"retained"
"DUX4",0.42237571026336,0.194534464497957,TRUE,"retained"
"TCEAL1",0.2997835421154,0.128941563579488,TRUE,"retained"
"HIST2H2AC",0.3686968487055,0.146708480855496,TRUE,"retained"
"WDFY4",0.555172068318,0.329123652615048,TRUE,"retained"
"SCAND1",0.2866409209965,0.0826065810156312,TRUE,"retained"
"FAM127A",0.4536106322209,0.216940864988581,TRUE,"retained"
"NSUN5",0.45140547512655,0.292545502164379,TRUE,"retained"
"ACOXL",0.2712620372175,0.0889932467444262,TRUE,"retained"
"VPS54",0.852961878153,0.669419446826782,TRUE,"retained"
"PARD6A",0.3546601627065,0.135462902508918,TRUE,"retained"
"RPL36",0.414711912510701,0.171765909265761,TRUE,"retained"
"UQCRHL",0.2492573117391,0.0802599104576712,TRUE,"retained"
"RPL9",0.937347059973975,0.867530340346933,TRUE,"retained"
"IFITM3",1.0768609314435,1.20133429858706,TRUE,"retained"
"LCE1D",0.4737445576689,0.208298500604624,TRUE,"retained"
"LCE1F",0.3139771717026,0.110648123182038,TRUE,"retained"
"LCE1A",0.5287862546505,0.266194035142826,TRUE,"retained"
"BAI1",0.2490434607738,0.0923804899646004,TRUE,"retained"
"CRISP2",0.2947714549185,0.304420585562843,TRUE,"retained"
"C5orf36",0.27231082067385,0.10323446325583,TRUE,"retained"
"CHST7",0.7109263303653,0.617931117798947,TRUE,"retained"
"RSRC1",0.298589294472,0.167215504456021,TRUE,"retained"
"KRTAP10-10",0.2993903106348,0.0933624335909614,TRUE,"retained"
"PTMS",0.487083122169,0.297509123605406,TRUE,"retained"
"UTS2R",0.3236096031462,0.108812456462052,TRUE,"retained"
"FIG4",0.8175465234363,0.886428802113468,TRUE,"retained"
"GP1BB",0.704875865710799,0.506086446694496,TRUE,"retained"
"KLF7",0.645967430433149,0.359573284998426,TRUE,"retained"
"AURKAIP1",0.359154068848401,0.133422420767836,TRUE,"retained"
"C15orf40",0.22947554421666,0.0531746019621868,TRUE,"retained"
"TRPT1",0.326170651945949,0.105294637667539,TRUE,"retained"
"KRT33A",0.4544707309821,0.278469557439541,TRUE,"retained"
"NOP16",0.35962353722715,0.159513288751619,TRUE,"retained"
"MLXIPL",0.2991047322228,0.089157977904928,TRUE,"retained"
"LHB",0.3687044492544,0.140808367689434,TRUE,"retained"
"LOC100289135",0.3984697236009,0.236149687743845,TRUE,"retained"
"HLA-C",1.5771678992195,1.3345645880818,TRUE,"retained"
"TTN",0.2653103493054,0.12339232201178,TRUE,"retained"
"KRTAP10-8",0.5130976245969,0.271453472110848,TRUE,"retained"
"NKX1-2",0.4435516822086,0.198353051744768,TRUE,"retained"
"C11orf90",0.2810208321417,0.0900969401365827,TRUE,"retained"
"CBWD1",0.2901510622402,0.106006831378116,TRUE,"retained"
"DSN1",0.348185889429,0.142659275239578,TRUE,"retained"
"SP9",0.2531944820601,0.0754125274292072,TRUE,"retained"
"GH1",0.348334142016,0.110428566915261,TRUE,"retained"
"GSTP1",0.45913257727995,0.214847509118028,TRUE,"retained"
"ADAMTS15",0.26831524184325,0.0831605053660636,TRUE,"retained"
"EBI3",0.3329882735151,0.241772367781872,TRUE,"retained"
"COX7C",0.665495426280299,0.452739307871426,TRUE,"retained"
"LOC100291837",0.7283379150831,0.557097642523291,TRUE,"retained"
"CST3",0.924144796636949,0.886436831186888,TRUE,"retained"
"TIMP1",0.723062144140349,0.580454332075184,TRUE,"retained"
"ATP6V0E1",0.361346187217052,0.139494672407527,TRUE,"retained"
"SPDEF",0.2386516764513,0.059908158646349,TRUE,"retained"
"Septin 2",0.328111263286099,0.111456149162164,TRUE,"retained"
"SERPING1",0.4847141586546,1.88802643595875,TRUE,"retained"
"NDUFA4",0.739723574770949,0.659797411748775,TRUE,"retained"
"UBA1",0.292524991599749,0.0996452836133211,TRUE,"retained"
"MDH1",0.56585882517675,0.320818969773999,TRUE,"retained"
"TRIM28",0.4915949015481,0.295580242380127,TRUE,"retained"
"CALR",0.3021280419885,0.104053512687295,TRUE,"retained"
"RPS11",0.360875740075198,0.146128633240119,TRUE,"retained"
"COX4I1",0.284050609255702,0.0906583930925837,TRUE,"retained"
"LAPTM4B",0.495227830241199,0.321456305674282,TRUE,"retained"
"PLD3",0.4005237732384,0.155647491762783,TRUE,"retained"
"PHB2",0.4642206658887,0.2466930972789,TRUE,"retained"
"C4orf46",0.41727132106065,0.195570397417085,TRUE,"retained"
"CDKN1A",0.49030651139925,0.312848160618225,TRUE,"retained"
"FKBP1A",0.601084754392501,0.387855161273225,TRUE,"retained"
"MTCH1",0.27394157392665,0.0779828777352992,TRUE,"retained"
"CD81",0.8574809956608,0.815444713368201,TRUE,"retained"
"MUTED",0.657277523852251,0.549596618488117,TRUE,"retained"
"MAGED2",0.296456622371175,0.124782032697883,TRUE,"retained"
"APEX1",0.7285027594467,0.59863462680995,TRUE,"retained"
"SLC25A5",0.530142054173549,0.304723984026573,TRUE,"retained"
"ILF2",0.533005678405901,0.259886211889729,TRUE,"retained"
"COL6A1",0.23156226465015,0.0622767951354613,TRUE,"retained"
"PSMB4",0.4158622586384,0.233599202562976,TRUE,"retained"
"PRDX2",1.31848831552578,1.65844306816329,TRUE,"retained"
"EPAS1",0.363438907880999,0.176706464345411,TRUE,"retained"
"TSC22D1",0.7831489365546,0.643875146094596,TRUE,"retained"
"DDB1",0.62080629773925,0.475613708291632,TRUE,"retained"
"LOC728622",0.4456333245147,0.267957112490821,TRUE,"retained"
"SKP1",0.3592217203806,0.221164241427262,TRUE,"retained"
"LY6E",0.5362996696659,1.50057174027612,TRUE,"retained"
"CCT2",0.6204063986358,0.4203379635663,TRUE,"retained"
"BCAP31",0.3929347671207,0.166199146381106,TRUE,"retained"
"FLNA",0.5584412571626,0.34810335477842,TRUE,"retained"
"NHP2L1",0.5275942709373,0.346888502600094,TRUE,"retained"
"ARF4",0.3740058391545,0.191728242842451,TRUE,"retained"
"AKR1B1",0.590153353337099,0.392376832757479,TRUE,"retained"
"TMBIM1",0.3681522669923,0.148350578240173,TRUE,"retained"
"RBBP7",0.6731293507302,0.502275667362222,TRUE,"retained"
"PDIA6",0.7672555080442,0.552021504307958,TRUE,"retained"
"DAP",0.4762434710733,0.321909758927071,TRUE,"retained"
"DNAJB1",0.496329709927799,0.637221972669871,TRUE,"retained"
"ERGIC3",0.397368458452001,0.16482358754416,TRUE,"retained"
"SSR2",0.38330705516355,0.173860656307876,TRUE,"retained"
"COX8A",0.368597050822349,0.177258241250328,TRUE,"retained"
"DHCR24",0.4234207503771,0.447564651656053,TRUE,"retained"
"LYZ",0.49982552802,0.322963909154094,TRUE,"retained"
"IGFBP4",0.2730764749734,0.092046306463936,TRUE,"retained"
"ARHGDIB",0.340883135565,0.142277100112688,TRUE,"retained"
"TUFM",0.4836291697356,0.261366775160139,TRUE,"retained"
"TXN",0.52197515511288,0.431960836250831,TRUE,"retained"
"SRPR",0.243880690081875,0.0664115866895741,TRUE,"retained"
"DDX17",0.342147390592,0.150390720890151,TRUE,"retained"
"TFRC",1.08555533558115,1.54854314345833,TRUE,"retained"
"MCL1",0.40675083171324,0.190330195237668,TRUE,"retained"
"PGRMC1",0.75288570764715,0.644630416271607,TRUE,"retained"
"AMY1A",0.65134841742075,0.397609624262578,TRUE,"retained"
"MORF4L1",0.270859194597075,0.0851840543546692,TRUE,"retained"
"HBG1",1.82563275493284,3.08885575320982,TRUE,"retained"
"RPS25",0.447712715678025,0.203663142968187,TRUE,"retained"
"CTSK",0.3796446851232,0.156191137564148,TRUE,"retained"
"OXA1L",0.358905269232826,0.148358277505819,TRUE,"retained"
"CBX3",0.6096664859957,0.394906447918629,TRUE,"retained"
"TARDBP",0.463197371415097,0.260696566425608,TRUE,"retained"
"IGFBP7",0.59608427780685,0.319904637732863,TRUE,"retained"
"RPL18A",0.364268973366901,0.12768800631703,TRUE,"retained"
"LASP1",0.235173058928326,0.0624097465955875,TRUE,"retained"
"IARS",0.898796048140725,0.81879806250671,TRUE,"retained"
"MAGED1",0.5560052803753,0.430544514649795,TRUE,"retained"
"MFGE8",0.2618982321375,0.0809372889467793,TRUE,"retained"
"NDFIP1",0.34587094622472,0.141447042692279,TRUE,"retained"
"HERPUD1",0.3825851830304,0.159696669226415,TRUE,"retained"
"PSMD3",0.3738215836033,0.156566896581508,TRUE,"retained"
"SLC25A39",0.719739852887999,0.811287474496527,TRUE,"retained"
"MLEC",0.5912018361963,0.325688328165773,TRUE,"retained"
"HADHA",0.29120708770335,0.100887818167005,TRUE,"retained"
"COTL1",0.4295826054877,0.231633880296575,TRUE,"retained"
"BAT1",0.32887690696035,0.11089288248846,TRUE,"retained"
"CCT6A",0.6898245883473,0.477186879924914,TRUE,"retained"
"PRPF8",0.55320956441205,0.315476885193049,TRUE,"retained"
"IFNGR2",0.3744961779699,0.172245073666878,TRUE,"retained"
"LRP1",0.3036610281495,0.104355513431193,TRUE,"retained"
"GPS1",0.3646644710016,0.127935779359349,TRUE,"retained"
"IDH2",0.4626480001626,0.245857650359388,TRUE,"retained"
"RPLP1",0.345040431214498,0.137070285347841,TRUE,"retained"
"RPS14",0.2735082458997,0.0898980032826612,TRUE,"retained"
"RPS8",0.5448551538129,0.348111483703879,TRUE,"retained"
"TMED10",0.472428470328149,0.225085363426169,TRUE,"retained"
"CBX1",0.6212285722419,0.433464819171129,TRUE,"retained"
"TMEM109",0.32083895325405,0.122131943165587,TRUE,"retained"
"DAG1",0.18768466501785,0.0423314430199426,TRUE,"retained"
"IMMT",0.54446997907722,0.324215624340606,TRUE,"retained"
"CYB5R3",0.4257454427142,0.203483866317762,TRUE,"retained"
"QSOX1",0.6020706833925,0.402538676998548,TRUE,"retained"
"FLJ23867",0.4585357199556,0.286437411112396,TRUE,"retained"
"TMEM59",0.327387797975699,0.118413236939387,TRUE,"retained"
"YWHAQ",0.70028114931705,0.547627739829566,TRUE,"retained"
"LOC649034",0.3279919129977,0.313841518242934,TRUE,"retained"
"H1FX",0.677937367674001,0.517357555814428,TRUE,"retained"
"COPZ1",0.3499129078998,0.137438523708053,TRUE,"retained"
"CD9",1.14451179733835,1.13430513435315,TRUE,"retained"
"KDELR2",0.378080716884675,0.166854913325733,TRUE,"retained"
"PPM1G",0.411233497424399,0.160082304101793,TRUE,"retained"
"RAC1",0.31533614695485,0.118205821784727,TRUE,"retained"
"VKORC1",0.481124671377,0.264961114203004,TRUE,"retained"
"TBCB",0.5181039066735,0.292604669285772,TRUE,"retained"
"SF3B2",0.46171148510865,0.24503618821596,TRUE,"retained"
"HLA-DPA1",1.0794278539338,1.26452952426345,TRUE,"retained"
"CAV1",0.216844601568,0.153861754168389,TRUE,"retained"
"MAPRE1",0.635617442087249,0.38776601435776,TRUE,"retained"
"MYL9",0.999811522285801,0.996656061184759,TRUE,"retained"
"DYNC1H1",0.52575365454255,0.292076556868809,TRUE,"retained"
"YWHAH",0.6023849530797,0.346517796160483,TRUE,"retained"
"RBM38",1.1663901891117,1.07722489409165,TRUE,"retained"
"PSMB7",0.395685478143199,0.176574190647221,TRUE,"retained"
"TFG",0.590452158765,0.321636421136673,TRUE,"retained"
"ANAPC5",0.469631237418,0.231785174435922,TRUE,"retained"
"PPP1R11",0.4110422753829,0.191827951498752,TRUE,"retained"
"SPARC",0.941169816508601,0.788158748755764,TRUE,"retained"
"SF3B5",0.352801620936449,0.142405915508768,TRUE,"retained"
"PPIB",0.427161364632449,0.225194147673611,TRUE,"retained"
"ATP6V1H",0.4018149933,0.178086084917174,TRUE,"retained"
"ARPC1A",0.500555493543,0.272795101212952,TRUE,"retained"
"PLOD1",0.574412923092749,0.342443139646419,TRUE,"retained"
"TMX2",0.49295627194065,0.246023699505367,TRUE,"retained"
"BTG2",0.6570362599836,0.455187977406731,TRUE,"retained"
"NDUFAB1",0.4780697162556,0.251064251520191,TRUE,"retained"
"RNF130",0.4772048808345,0.346523760581265,TRUE,"retained"
"SDF4",0.17929375910775,0.0326263447170807,TRUE,"retained"
"CRYAB",0.3786709364235,0.171590145261835,TRUE,"retained"
"UFC1",0.5159334366123,0.248896517953143,TRUE,"retained"
"RNF114",0.355715119338599,0.140987847570667,TRUE,"retained"
"SH3BGRL",0.537730294528349,0.323637509704539,TRUE,"retained"
"RPL11",0.5161497131112,0.293724686500276,TRUE,"retained"
"ALDH2",0.919691912430898,0.867287925156593,TRUE,"retained"
"LAPTM4A",0.431030694958082,0.212377542523706,TRUE,"retained"
"MAF1",0.74418475597725,0.578912034066582,TRUE,"retained"
"TMEM14C",0.68113454676015,0.546903016386829,TRUE,"retained"
"SERPINE1",0.247186960543951,0.0644601820208798,TRUE,"retained"
"UGP2",0.446991993980701,0.230548645198639,TRUE,"retained"
"LPCAT1",0.5296920661704,0.384440781989064,TRUE,"retained"
"TTC3",0.583524124082025,0.419470870287606,TRUE,"retained"
"ATP6AP2",0.691574107348739,0.462967521149252,TRUE,"retained"
"C22orf28",0.357878311439951,0.13827484883855,TRUE,"retained"
"ADIPOR1",0.913797287012925,0.753864732496105,TRUE,"retained"
"TXNRD1",0.322338133046299,0.116929733645006,TRUE,"retained"
"FSTL1",0.919587582610199,1.05622145617259,TRUE,"retained"
"C20orf43",0.2983123114335,0.0911840456795827,TRUE,"retained"
"VDAC1",0.5772842133555,0.374023523785029,TRUE,"retained"
"COX5A",0.518388023983201,0.286303144604682,TRUE,"retained"
"GLB1",0.5370655941693,0.313967486518877,TRUE,"retained"
"SLC39A1",0.223028286563366,0.0500033329596829,TRUE,"retained"
"RPN2",0.539903169737399,0.291784654575298,TRUE,"retained"
"TMEM189",0.3237083869839,0.131058701290087,TRUE,"retained"
"STARD7",0.521990140047599,0.289109847618236,TRUE,"retained"
"PSMB8",0.498306442345949,0.349897299349345,TRUE,"retained"
"TPM3",0.266920915847251,0.0766919745910586,TRUE,"retained"
"PSMA5",0.5250418401207,0.276558951306981,TRUE,"retained"
"DCTN1",0.3360544244904,0.127514431201522,TRUE,"retained"
"IFITM1",0.348451482393,0.137018042042437,TRUE,"retained"
"C19orf56",0.337170728886601,0.118222367593949,TRUE,"retained"
"JUNB",0.5943212821938,0.325968619714358,TRUE,"retained"
"CCNG1",0.709849523026139,0.448728664912869,TRUE,"retained"
"NCSTN",0.3313002051702,0.114712213561989,TRUE,"retained"
"NAP1L4",0.410301301258379,0.207675307823483,TRUE,"retained"
"PRNP",0.634634625620625,0.432313262883199,TRUE,"retained"
"C12orf57",0.946209056289,0.970376472382264,TRUE,"retained"
"CREG1",0.7699059537939,0.648474403468491,TRUE,"retained"
"PPA1",0.7218388112208,0.593642039759903,TRUE,"retained"
"ARPC5",0.455854222631501,0.200194881395144,TRUE,"retained"
"CD164",0.866045681472038,0.673773276198416,TRUE,"retained"
"ZFP36",0.438169652953201,0.232882229314988,TRUE,"retained"
"CIRBP",0.6337469008941,0.403705976079268,TRUE,"retained"
"COX7B",1.26374934018585,1.63091421451967,TRUE,"retained"
"NOLC1",0.4662525966168,0.264310825544855,TRUE,"retained"
"SEC16A",0.355997070199051,0.134751293926424,TRUE,"retained"
"WDR6",0.535792929588,0.281750674145791,TRUE,"retained"
"ITGA5",0.3214902662293,0.118091535094498,TRUE,"retained"
"MGEA5",0.512754052061999,0.291381515838837,TRUE,"retained"
"MB",0.24331183999815,0.0555972556666249,TRUE,"retained"
"CTSC",0.759599413041001,0.544424239678511,TRUE,"retained"
"AKR1C3",0.9866237433948,1.03012926499992,TRUE,"retained"
"NRD1",0.353593045047902,0.151416274250038,TRUE,"retained"
"VOPP1",0.2576879646726,0.0827601911026413,TRUE,"retained"
"MSN",0.4670826485122,0.221900094998528,TRUE,"retained"
"ZNHIT1",0.385976020934701,0.168938221004995,TRUE,"retained"
"CDC37",0.4169936082123,0.190661332382344,TRUE,"retained"
"C1orf43",0.235876553925599,0.0652558477867945,TRUE,"retained"
"GOLM1",0.2630743097766,0.149094782341029,TRUE,"retained"
"ITM2B",0.303065691354998,0.136277667230785,TRUE,"retained"
"OAZ2",0.39470593927275,0.165642587601079,TRUE,"retained"
"ITGB1",0.637215838521676,0.41324980219933,TRUE,"retained"
"CYP19A1",0.2706673903262,0.609129365286932,TRUE,"retained"
"PSMB3",0.3885329707161,0.172884799464184,TRUE,"retained"
"NIPSNAP1",0.3702780660684,0.131766597246857,TRUE,"retained"
"TMEM123",0.8851530075766,0.950332741024757,TRUE,"retained"
"CASC3",0.294900313120701,0.0903370984022921,TRUE,"retained"
"SNX3",0.655691585334974,0.41731970540232,TRUE,"retained"
"PPAP2B",0.2984442798834,0.119469320570738,TRUE,"retained"
"RCC2",0.621606333903449,0.401454726302372,TRUE,"retained"
"ATP5J",0.5363770710228,0.333615902748693,TRUE,"retained"
"KIAA1191",0.577297839932099,0.425223250084612,TRUE,"retained"
"NBL1",0.2538788568918,0.0690501799776596,TRUE,"retained"
"SSRP1",0.424816091459901,0.227845153028044,TRUE,"retained"
"TSPAN7",0.3421640434023,0.312557061196729,TRUE,"retained"
"PRL",0.3063512547753,0.208194519453129,TRUE,"retained"
"ATIC",0.7267634309481,0.60721011071323,TRUE,"retained"
"UBL5",0.52050002734275,0.303155933732807,TRUE,"retained"
"RGS2",0.620439500646,0.908751365127648,TRUE,"retained"
"TTC1",0.251310282043799,0.0787868628858135,TRUE,"retained"
"RPL36AL",0.3152177609742,0.111229217804338,TRUE,"retained"
"TBC1D14",0.41029114240905,0.161678757098771,TRUE,"retained"
"AP1M1",0.4058440055019,0.178217364138322,TRUE,"retained"
"DUSP1",0.848271743105849,0.636295503012037,TRUE,"retained"
"ACAA2",0.6379634701503,0.361625335055889,TRUE,"retained"
"SIRT2",0.247242705192,0.0657743765006396,TRUE,"retained"
"SET",0.5332681618635,0.313082520991447,TRUE,"retained"
"MRPL13",0.4370319516738,0.196442626587587,TRUE,"retained"
"IMP3",0.716000452882051,0.586804070036943,TRUE,"retained"
"LUZP6",0.291908184039152,0.108751313940038,TRUE,"retained"
"HNRNPH2",0.601927225781001,0.448556347896445,TRUE,"retained"
"EEF2",0.502614807151799,0.299755398134837,TRUE,"retained"
"CRYBB2",0.309870423817499,0.107079463735703,TRUE,"retained"
"PLOD3",0.244155661417501,0.06435911466447,TRUE,"retained"
"ATP6V0C",0.514248699669602,0.284204302597976,TRUE,"retained"
"SLC40A1",0.7640227227129,0.674691901857769,TRUE,"retained"
"MRPL37",0.5034498823431,0.274835202516618,TRUE,"retained"
"TUBG1",0.6043862814612,0.637234399474386,TRUE,"retained"
"STOM",1.36213215747084,1.48124568900438,TRUE,"retained"
"MANF",0.6620990832351,0.550112027931176,TRUE,"retained"
"WDR45L",0.3530759606227,0.123252667259878,TRUE,"retained"
"BAT2L1",0.27963765492705,0.0921438894356155,TRUE,"retained"
"ANXA6",0.786666197490599,0.665803112744461,TRUE,"retained"
"PPP2CA",0.5263822802784,0.254466360622935,TRUE,"retained"
"SEPW1",0.3362695475265,0.138300806501288,TRUE,"retained"
"STARD10",0.3810295024641,0.20571020070843,TRUE,"retained"
"PYGB",0.3311151435788,0.124912792816238,TRUE,"retained"
"TRIP12",0.3615530577309,0.161140508659667,TRUE,"retained"
"MLLT6",0.4648625368023,0.235091184868572,TRUE,"retained"
"HIGD1A",0.4539141970419,0.216488026393995,TRUE,"retained"
"TRAP1",0.4482508155258,0.283851366072464,TRUE,"retained"
"PSMC3",0.463032092155501,0.22680005670401,TRUE,"retained"
"ZFP36L2",0.887393413424175,0.72389136340574,TRUE,"retained"
"LRPAP1",0.7517357063475,0.481343810605495,TRUE,"retained"
"BUD31",0.308865902272201,0.0901542390105384,TRUE,"retained"
"SYPL1",0.668349386061,0.440456579343189,TRUE,"retained"
"NOP10",0.510864566576699,0.268811166511302,TRUE,"retained"
"PRMT1",0.416789689925699,0.1597962846182,TRUE,"retained"
"HMG20B",0.2845895304021,0.0998789393184141,TRUE,"retained"
"M6PR",0.51240286600545,0.306206564908639,TRUE,"retained"
"SURF4",0.3991734834276,0.17271704108188,TRUE,"retained"
"RUVBL1",0.399592813116,0.224825148992106,TRUE,"retained"
"PSMA3",0.5733570609627,0.417726828221838,TRUE,"retained"
"HEXB",0.5056640171982,0.359603563026679,TRUE,"retained"
"NEU1",0.5442767255772,0.31647647194829,TRUE,"retained"
"SDHC",0.48924084735582,0.262985105453329,TRUE,"retained"
"MAPK1",0.424825415919597,0.177440261994832,TRUE,"retained"
"PTPRF",0.2615368053921,0.110297864899479,TRUE,"retained"
"ATP5G2",0.511015587919202,0.312865007517844,TRUE,"retained"
"DDX47",0.776981778678,0.634009608474312,TRUE,"retained"
"C6orf48",0.72464817328155,0.547035017046873,TRUE,"retained"
"PRCP",0.581693320460701,0.369614756259793,TRUE,"retained"
"NCKAP1",0.500021342415,0.417633982082176,TRUE,"retained"
"RIC8A",0.2675388520371,0.0737044933101673,TRUE,"retained"
"ACTN4",0.32988562129845,0.106185128465573,TRUE,"retained"
"CDIPT",0.4125908854298,0.224419607523544,TRUE,"retained"
"DDAH2",0.960026121043501,0.857640924398859,TRUE,"retained"
"PTPLAD1",0.5934233729319,0.401735375494961,TRUE,"retained"
"ATP6V1F",0.400145635737751,0.17573428704082,TRUE,"retained"
"MRPL41",0.3497564061264,0.140936550708344,TRUE,"retained"
"TINF2",0.450399208375726,0.222805109722819,TRUE,"retained"
"UFD1L",0.379105141778999,0.154417273517276,TRUE,"retained"
"ZFAND3",0.4284010773168,0.172362495656141,TRUE,"retained"
"ATP5H",0.461813244471599,0.208779893131632,TRUE,"retained"
"COMMD7",0.442339836844501,0.211812695342602,TRUE,"retained"
"TAX1BP3",0.5602976996946,0.346513819744942,TRUE,"retained"
"CDK2AP1",0.688924438135499,0.502967969457979,TRUE,"retained"
"PITPNA",0.4305039610802,0.186513797101419,TRUE,"retained"
"DAP3",0.351249242589841,0.129440607133885,TRUE,"retained"
"C7orf42",0.26478569756625,0.0823583138803621,TRUE,"retained"
"PIP4K2B",0.5424169914261,0.310549866378675,TRUE,"retained"
"ATP5I",0.454400608449901,0.248364467150473,TRUE,"retained"
"PYCR2",0.374938509950199,0.166519895723425,TRUE,"retained"
"IFI27",1.8908626553901,5.68226809796979,TRUE,"retained"
"NGRN",0.6397831503798,0.492930312047431,TRUE,"retained"
"SCARB2",0.535308643116451,0.383193744451834,TRUE,"retained"
"TNIP1",0.382505314657988,0.16192846841209,TRUE,"retained"
"SUCLG1",0.4687160454879,0.268821951458455,TRUE,"retained"
"COASY",0.314745682972351,0.10449535323003,TRUE,"retained"
"PSMC2",0.46528594623525,0.212961631630304,TRUE,"retained"
"DDX23",0.3941648165889,0.16739217166575,TRUE,"retained"
"DDX3X",0.356511674080013,0.147459841455365,TRUE,"retained"
"FAM96B",0.45503041211145,0.243587304882126,TRUE,"retained"
"CD44",0.754961869522349,0.435845643893118,TRUE,"retained"
"CD24",2.1466220814108,3.45886953746317,TRUE,"retained"
"SH3BGRL3",0.332860749900002,0.136017774442306,TRUE,"retained"
"PGRMC2",0.33504615233775,0.141709395087789,TRUE,"retained"
"Septin 9",0.405827037674401,0.228444442705441,TRUE,"retained"
"GSS",0.22973420328285,0.0609750280109128,TRUE,"retained"
"TRAM1",0.4704879427549,0.253384542686087,TRUE,"retained"
"PLEC",0.611725289343,0.396459370843627,TRUE,"retained"
"SH3GL1",0.287827908903675,0.0948295037926383,TRUE,"retained"
"SDHAF2",0.306910207577401,0.10320307418299,TRUE,"retained"
"SGK1",1.2602272174338,1.20369290287928,TRUE,"retained"
"TUBB6",0.538523052979799,0.327252341235848,TRUE,"retained"
"PPP1R7",0.4477359834171,0.207262031757155,TRUE,"retained"
"TAGLN",0.3460958022333,0.127727570778258,TRUE,"retained"
"NBEAL2",0.692200607555099,0.500745083286333,TRUE,"retained"
"KHDRBS1",0.533571251758302,0.298988621773385,TRUE,"retained"
"AQP1",0.4103078257362,0.386742268757203,TRUE,"retained"
"PSMB1",0.388600002027299,0.153309802547581,TRUE,"retained"
"TSG101",0.344818889014599,0.115658669927578,TRUE,"retained"
"RALB",0.634824559838701,0.429444916593814,TRUE,"retained"
"KCTD12",0.715024530320101,0.629458878718126,TRUE,"retained"
"MBTPS1",0.3677418259851,0.135099374929476,TRUE,"retained"
"CNDP2",0.3371125086672,0.155719936779874,TRUE,"retained"
"ARL6IP5",0.422930872835625,0.208804276957662,TRUE,"retained"
"PEPD",0.8495526068358,0.689685715155086,TRUE,"retained"
"RPL7",0.8232891232356,0.757837892005923,TRUE,"retained"
"SREBF1",0.2510021999877,0.0610348679577885,TRUE,"retained"
"ACTR10",0.4833493749462,0.250724779043074,TRUE,"retained"
"ST14",0.32757898480545,0.105414622071928,TRUE,"retained"
"FAM108A1",0.438011831418699,0.176456713310471,TRUE,"retained"
"NEDD8",0.29358462220248,0.0955135891289592,TRUE,"retained"
"EPRS",0.63554494739505,0.410902179812791,TRUE,"retained"
"PFKP",0.5743374428148,0.381508014993215,TRUE,"retained"
"FAM54B",0.21549520761825,0.0584171338206257,TRUE,"retained"
"VGLL4",0.28067137850325,0.0921166344696751,TRUE,"retained"
"C3orf10",0.3818398219419,0.143856720675698,TRUE,"retained"
"AIP",0.543896413473,0.294596741312547,TRUE,"retained"
"VPS11",0.4302532094364,0.186147550091322,TRUE,"retained"
"DUS1L",0.3105446435805,0.121750292814365,TRUE,"retained"
"ADNP",0.539860250938401,0.267623725317388,TRUE,"retained"
"YPEL5",0.497858825390849,0.277405177134288,TRUE,"retained"
"ATP5G1",0.6126396969777,0.365432432656699,TRUE,"retained"
"JTB",0.2992263884484,0.0967728825687877,TRUE,"retained"
"COX7A2L",0.5301161631591,0.2579207744263,TRUE,"retained"
"MCM2",0.22610933894535,0.0622070630082395,TRUE,"retained"
"SPG7",0.570763987632301,0.321515274350891,TRUE,"retained"
"ID2",0.786162662423249,0.69588903305763,TRUE,"retained"
"MRPL16",0.5402159686854,0.294153832516684,TRUE,"retained"
"NOSIP",0.5082085961652,0.295790614582594,TRUE,"retained"
"NDUFC1",0.3202436504358,0.117109019533625,TRUE,"retained"
"CAB39",0.848910187113101,0.55890121929253,TRUE,"retained"
"FAF2",0.290471798905049,0.0880841190939172,TRUE,"retained"
"RBM5",0.37259473272105,0.178735039776649,TRUE,"retained"
"DYNC1LI2",0.344328455807001,0.138683254423811,TRUE,"retained"
"TNFAIP1",0.449776903149,0.182892113718372,TRUE,"retained"
"C11orf10",0.30265431865725,0.108903523719123,TRUE,"retained"
"CMTM3",0.4158070293174,0.23828206485519,TRUE,"retained"
"RAB31",0.498440085577871,0.323521008700623,TRUE,"retained"
"RAD23A",0.99281718517485,0.942794981769983,TRUE,"retained"
"ADRBK1",0.3771861888774,0.164999347365916,TRUE,"retained"
"GOLGA7",0.384765142225798,0.193336666574337,TRUE,"retained"
"SELT",0.853023200898225,0.598180972111192,TRUE,"retained"
"NDUFB9",0.590564272729901,0.36192002903354,TRUE,"retained"
"ARF3",0.31604639908695,0.104056298167898,TRUE,"retained"
"SLPI",1.4338071499311,1.87016684244803,TRUE,"retained"
"BST2",0.8198595652555,0.765170172913763,TRUE,"retained"
"GPAA1",0.3774652075257,0.161578752931948,TRUE,"retained"
"SLC25A29",0.454559288904,0.206432801074734,TRUE,"retained"
"C19orf62",0.6629073092817,0.477091242676078,TRUE,"retained"
"RPS5",0.6717373983768,0.463724377334836,TRUE,"retained"
"PPP2CB",0.7578284495649,0.534608131626872,TRUE,"retained"
"FAM168B",0.392576699699799,0.205400926036224,TRUE,"retained"
"RGL2",0.487405626772575,0.259860658922356,TRUE,"retained"
"C21orf33",0.41279911746465,0.193882542530649,TRUE,"retained"
"TRIB1",0.63054174764385,0.448318979477397,TRUE,"retained"
"GBF1",0.2635096723014,0.0689746250427795,TRUE,"retained"
"LAMC1",0.3455582463144,0.261133780179676,TRUE,"retained"
"STMN3",0.5932564588587,0.598652597297419,TRUE,"retained"
"EFTUD2",0.5602764552721,0.283036760065856,TRUE,"retained"
"PRDX4",0.6408309868254,0.596504957795909,TRUE,"retained"
"FAM162A",0.7442785537782,0.597703244002522,TRUE,"retained"
"SLC37A4",0.3542310913477,0.151641268511152,TRUE,"retained"
"VAMP2",0.3008222939295,0.101250542354593,TRUE,"retained"
"PPPDE1",0.474452121105901,0.245194494486532,TRUE,"retained"
"PIM3",0.747794336562,0.58545471377133,TRUE,"retained"
"ATP6V1B2",0.481927586997501,0.291018178281453,TRUE,"retained"
"HSBP1",0.458352808257748,0.234110894560247,TRUE,"retained"
"ELOVL5",1.0105339234431,0.791767704800245,TRUE,"retained"
"CALCOCO1",0.2170188241179,0.0594813489982016,TRUE,"retained"
"WDR77",0.22820900077185,0.0711935444861379,TRUE,"retained"
"AHSA1",0.405801416828501,0.281155712318819,TRUE,"retained"
"SF3B1",0.3224609696686,0.138918430154351,TRUE,"retained"
"AKT1",0.5526214003128,0.275348320616123,TRUE,"retained"
"SNW1",0.36491699499486,0.161719005728217,TRUE,"retained"
"CKS1B",0.2574859213808,0.150171582335939,TRUE,"retained"
"KLF6",0.34196382983658,0.151884744672485,TRUE,"retained"
"RAP1A",0.629310418321199,0.445600193502783,TRUE,"retained"
"ATG3",0.424781756914899,0.208300878710948,TRUE,"retained"
"PCNA",1.0336264903629,1.14407762727708,TRUE,"retained"
"MPZL1",0.64632482799066,0.355439765549342,TRUE,"retained"
"TOMM22",0.40398379580685,0.190759729070417,TRUE,"retained"
"XPNPEP1",0.515685161157601,0.275407753917956,TRUE,"retained"
"STAMBP",0.417842160978901,0.189719280566791,TRUE,"retained"
"POR",0.66917230726815,0.375138230143943,TRUE,"retained"
"ZFP36L1",0.269529631867861,0.101876817811268,TRUE,"retained"
"NDUFS6",0.4868589819597,0.252757656797093,TRUE,"retained"
"PDIA4",0.6581677180344,0.523067181143354,TRUE,"retained"
"API5",0.48885549300315,0.256796592364032,TRUE,"retained"
"NAT10",0.2681432774167,0.117567514235388,TRUE,"retained"
"ZYX",0.61791470957055,0.411231938415476,TRUE,"retained"
"BAG1",0.781493764509151,0.687400123531417,TRUE,"retained"
"IGF2R",0.6879424068909,0.617643111378538,TRUE,"retained"
"FSTL3",0.3293019294621,0.177508035048393,TRUE,"retained"
"MTOR",0.2402500645461,0.0709753337374791,TRUE,"retained"
"MVP",0.5097869995533,0.272673921308679,TRUE,"retained"
"TMEM30A",0.79704807372085,0.555647518267169,TRUE,"retained"
"SMS",0.618806559816899,0.387448865038876,TRUE,"retained"
"SIGMAR1",0.288151948368901,0.0809057526871592,TRUE,"retained"
"PDCD6IP",0.413044836546299,0.202719295134283,TRUE,"retained"
"CHMP7",0.4899425935152,0.359789876848669,TRUE,"retained"
"TRAF3IP2",0.4316620523103,0.169619695545031,TRUE,"retained"
"PAFAH1B1",0.3020487871345,0.0926373597831532,TRUE,"retained"
"B4GALT1",0.251109134736599,0.0710863355982595,TRUE,"retained"
"BAHD1",0.316969309062001,0.116675078447149,TRUE,"retained"
"RNF40",0.2993763769129,0.0978209127541954,TRUE,"retained"
"LBH",0.6567264081973,0.541648314858113,TRUE,"retained"
"CIAPIN1",0.195275185426125,0.0476468727012608,TRUE,"retained"
"MGST3",0.582480526575149,0.419860770373691,TRUE,"retained"
"NUDC",0.4815261172029,0.266190483579784,TRUE,"retained"
"MX1",1.9738514683776,3.73045237700031,TRUE,"retained"
"MRFAP1L1",0.8351756804454,0.57644723144866,TRUE,"retained"
"CCDC28A",0.4200625435104,0.232988627550177,TRUE,"retained"
"LMNB2",0.2895420074421,0.108073608874383,TRUE,"retained"
"SYVN1",0.5143469730693,0.270538282193824,TRUE,"retained"
"P4HB",0.412596380563149,0.213497148257083,TRUE,"retained"
"METAP2",0.7505689616754,0.529196961659555,TRUE,"retained"
"C5orf15",0.5242835539725,0.272824395902083,TRUE,"retained"
"VPS25",0.498729261704099,0.263256023317168,TRUE,"retained"
"MED15",0.2058492171799,0.0415063844538047,TRUE,"retained"
"ALCAM",0.569467381099575,0.608739570341112,TRUE,"retained"
"ABCB6",0.2947267708371,0.299164202485221,TRUE,"retained"
"SEC13",0.371130442460399,0.155536525233068,TRUE,"retained"
"C15orf44",0.299978990308199,0.133817535330844,TRUE,"retained"
"SETD2",0.388129997565101,0.163724788227613,TRUE,"retained"
"ID1",0.2908362861075,0.135905714165014,TRUE,"retained"
"ADIPOR2",0.32179641781665,0.124753016767005,TRUE,"retained"
"UBE2Q2",0.6382803524258,0.41509354459608,TRUE,"retained"
"PISD",0.464745192471701,0.242932493007071,TRUE,"retained"
"PFKM",0.3188411775528,0.150245772912438,TRUE,"retained"
"ASNA1",0.385700300330099,0.204617779697601,TRUE,"retained"
"NDUFA8",0.547799539591501,0.330341876408402,TRUE,"retained"
"GLUD1",0.514364036868674,0.269440385648575,TRUE,"retained"
"VPS28",0.4307868646347,0.19518498472012,TRUE,"retained"
"CITED2",0.534901412556,0.56925524020077,TRUE,"retained"
"HIBADH",0.294557845617,0.142965182454144,TRUE,"retained"
"PLXNB2",0.6342790794228,0.355383509138149,TRUE,"retained"
"PRPF3",0.442602750009,0.231953575411892,TRUE,"retained"
"E2F4",0.282821495061,0.0880673024870722,TRUE,"retained"
"PRKAB1",0.42240830248155,0.217331833077283,TRUE,"retained"
"EIF2S1",0.3805937878218,0.144588627379566,TRUE,"retained"
"RNASE1",0.476483710836,0.860447709236815,TRUE,"retained"
"SEC61G",0.564272328645901,0.357978665599651,TRUE,"retained"
"CKAP5",0.289379773195801,0.101657521645894,TRUE,"retained"
"LIMA1",0.28205768659845,0.152557978916826,TRUE,"retained"
"MPDU1",0.38726995699595,0.163771830861946,TRUE,"retained"
"TMEM167B",0.46601403849315,0.236834229679974,TRUE,"retained"
"CTNNBIP1",0.2939707817305,0.0885833233841053,TRUE,"retained"
"RAE1",0.4380364443084,0.207270919895199,TRUE,"retained"
"MGAT1",0.3105923625441,0.103743609858066,TRUE,"retained"
"ARHGAP1",0.428295381280201,0.190620263742019,TRUE,"retained"
"LOC150786",0.400430555875351,0.188788626595887,TRUE,"retained"
"RAB6A",0.342401485745899,0.123620612896788,TRUE,"retained"
"WASF2",0.398190818000849,0.170966538686467,TRUE,"retained"
"TOP2B",0.432061228522698,0.252324822349453,TRUE,"retained"
"TMED9",0.43207543121295,0.202955342997728,TRUE,"retained"
"RBM9",0.57675500781045,0.428062206183943,TRUE,"retained"
"ECE1",0.494797010353379,0.296162394059061,TRUE,"retained"
"RERE",0.555361263151101,0.345155932316286,TRUE,"retained"
"RHEB",0.364517541635099,0.131095752186617,TRUE,"retained"
"AP2B1",0.6583921844157,0.425219474733545,TRUE,"retained"
"LEPROTL1",0.688350534795,0.499323692664975,TRUE,"retained"
"UBE2A",0.461572137387901,0.22788058138088,TRUE,"retained"
"AK1",0.64410417733095,0.445681399276958,TRUE,"retained"
"KRTCAP2",0.4680920576955,0.225910740121258,TRUE,"retained"
"C14orf156",0.8249556508851,0.64936499343317,TRUE,"retained"
"POLR2E",0.3373718784177,0.127707484425556,TRUE,"retained"
"ENSA",0.243207212216033,0.0624540239261738,TRUE,"retained"
"CBX5",0.2853269215272,0.0894422899433425,TRUE,"retained"
"COL18A1",0.5369721362544,0.277082246326695,TRUE,"retained"
"FURIN",0.5730794722821,0.377324697854332,TRUE,"retained"
"PAPD7",0.5356615927257,0.373132108108566,TRUE,"retained"
"GLO1",0.404861776144876,0.232065546222028,TRUE,"retained"
"VAMP3",0.4709235034539,0.225228344867618,TRUE,"retained"
"RABAC1",0.525254776321799,0.269296061031582,TRUE,"retained"
"ESYT1",0.9572172804873,1.05219977554216,TRUE,"retained"
"BLOC1S1",0.7494542355069,0.572735676841869,TRUE,"retained"
"HNRNPA0",0.615808363441949,0.455751275367054,TRUE,"retained"
"G6PD",0.4438091720223,0.219743488806197,TRUE,"retained"
"CARS",0.473553459424499,0.23389504722434,TRUE,"retained"
"FLOT2",0.5775867905178,0.333188810945532,TRUE,"retained"
"CLPTM1",0.23822510537385,0.0590730906295118,TRUE,"retained"
"ACSL1",0.61401725365575,0.485970430386805,TRUE,"retained"
"SFRS6",0.5239895721837,0.280115815431702,TRUE,"retained"
"ABHD14B",0.367591892871,0.204024933054561,TRUE,"retained"
"ATXN10",0.458775001464501,0.239786052909062,TRUE,"retained"
"UQCR11",0.34764118923135,0.126018013064012,TRUE,"retained"
"CYBRD1",0.7122423854595,0.545568862180268,TRUE,"retained"
"LSM3",0.552981136647099,0.309932503402485,TRUE,"retained"
"MRPS21",0.510704106075975,0.278922530342955,TRUE,"retained"
"MRPL15",0.734535477379201,0.527496362683166,TRUE,"retained"
"CYTH2",0.383852607114899,0.145184413421122,TRUE,"retained"
"MAP2K2",0.4761643802937,0.210510716284669,TRUE,"retained"
"IGBP1",0.2913585667986,0.107037563602803,TRUE,"retained"
"RPS3A",0.846265103680499,0.73663574108058,TRUE,"retained"
"CARKD",0.5406731736147,0.32141462006012,TRUE,"retained"
"ICMT",0.33257369518905,0.112430938125522,TRUE,"retained"
"CLK1",0.7092286046111,0.578148883624714,TRUE,"retained"
"DNAJB6",0.478763597370241,0.233317967544008,TRUE,"retained"
"RPL28",0.384252207696842,0.151152956483068,TRUE,"retained"
"RBX1",0.797508032456099,0.756326103729006,TRUE,"retained"
"PRCC",0.4379220209469,0.184216474914879,TRUE,"retained"
"INSIG1",0.5667619562794,0.339012147588322,TRUE,"retained"
"NDUFS4",0.6805644859482,0.428450791715915,TRUE,"retained"
"EFNA1",0.25811517438,0.103616765708656,TRUE,"retained"
"NOMO1",0.515814864936,0.24484040777397,TRUE,"retained"
"JUP",0.3112126164084,0.235939503878852,TRUE,"retained"
"ZCCHC3",0.4553823772743,0.19385552308017,TRUE,"retained"
"KIAA0494",0.328291640788125,0.113355787911513,TRUE,"retained"
"TMEM214",0.20919073874265,0.0390565098231207,TRUE,"retained"
"HSPE1",0.544224233753549,0.406450344304604,TRUE,"retained"
"TOMM34",0.3446213120553,0.118261009356382,TRUE,"retained"
"STARD3",0.20970058983426,0.0438244147608644,TRUE,"retained"
"NDUFA11",0.359780325513001,0.139528533057637,TRUE,"retained"
"TMEM167A",0.705442860135299,0.487147190333721,TRUE,"retained"
"PRC1",0.5191783958193,0.770073449549682,TRUE,"retained"
"FAM96A",0.72933284605965,0.503119910042945,TRUE,"retained"
"CNIH",0.7268125324362,0.570982150325106,TRUE,"retained"
"FAF1",0.4297901645457,0.191634591988626,TRUE,"retained"
"ASNS",0.62676449945445,0.429548943154117,TRUE,"retained"
"PRR13",0.359950545784198,0.162238527599965,TRUE,"retained"
"SUMO2",0.312274745117999,0.11329974882063,TRUE,"retained"
"FAM89B",0.385269721414201,0.157233012543412,TRUE,"retained"
"VPS26B",0.37144586375715,0.178405702361085,TRUE,"retained"
"PTK2",0.3126238225467,0.129537513835554,TRUE,"retained"
"PRKCZ",0.645678810590801,0.443036049387054,TRUE,"retained"
"GRN",0.5008844202138,0.297060765496838,TRUE,"retained"
"TOMM20",0.7377101939634,0.56078127379674,TRUE,"retained"
"BRP44",0.5855817347394,0.338390656551118,TRUE,"retained"
"CCT3",0.62211851045316,0.432581935650312,TRUE,"retained"
"TGFB1",0.4912826852619,0.290948577684745,TRUE,"retained"
"BAZ1B",0.3586005322312,0.138571691856655,TRUE,"retained"
"BACE1",0.214269347607,0.0487123739383306,TRUE,"retained"
"ADH5",0.4911336562867,0.26695284255051,TRUE,"retained"
"GPR56",0.63252101790255,0.436966301303123,TRUE,"retained"
"C10orf26",0.228252952819499,0.074499877578127,TRUE,"retained"
"AKR7A2",0.85078523565735,0.658776921887824,TRUE,"retained"
"MRPL1",0.41228083905225,0.291050856183591,TRUE,"retained"
"TP53INP2",0.36608552938755,0.134761762473533,TRUE,"retained"
"SELENBP1",1.7272687596255,2.77823834683257,TRUE,"retained"
"EIF4EBP2",0.31598252667744,0.096690253329161,TRUE,"retained"
"HTRA1",0.2775236248533,0.166046785518118,TRUE,"retained"
"LGALS9",0.3656079329014,0.167389039266458,TRUE,"retained"
"RPS4Y1",1.8942242262762,8.11450329610789,TRUE,"retained"
"ALDH18A1",0.4571628204948,0.288299031366668,TRUE,"retained"
"MT1E",0.3774640703715,0.201153454807052,TRUE,"retained"
"NDUFB8",0.45597786022845,0.199561400906111,TRUE,"retained"
"C1QA",0.5045897230143,0.382966504362223,TRUE,"retained"
"SPTBN1",0.8498611929759,0.744500880956296,TRUE,"retained"
"PCDHGA1",0.25726662717315,0.0781349039352306,TRUE,"retained"
"POMC",0.3462399220728,0.162310376306767,TRUE,"retained"
"PMF1",0.4726936470522,0.245115477240276,TRUE,"retained"
"USP39",0.3063877511982,0.110678128767884,TRUE,"retained"
"SLC39A13",0.32123036187795,0.108344987402642,TRUE,"retained"
"RAPGEF1",0.313108581041025,0.118942350629553,TRUE,"retained"
"RAD21",0.489892177146225,0.267847569098952,TRUE,"retained"
"TAF7",0.6087900519477,0.378219361527016,TRUE,"retained"
"USO1",0.60136346206545,0.328761968472842,TRUE,"retained"
"POLR2L",0.483870601508699,0.250070457150297,TRUE,"retained"
"RNF181",0.3856875922242,0.175306763656234,TRUE,"retained"
"KEAP1",0.4124213572857,0.169860539310566,TRUE,"retained"
"COMMD4",0.247361990740201,0.0841369512827402,TRUE,"retained"
"PRAF2",0.3086560128141,0.104321006038018,TRUE,"retained"
"COMT",0.3444583038918,0.118389112389272,TRUE,"retained"
"NUDT9",0.5874152965527,0.403014302519176,TRUE,"retained"
"DDX56",0.4861859356746,0.248611096593841,TRUE,"retained"
"RFTN1",0.5891603716089,0.39966393828883,TRUE,"retained"
"MYO1C",0.266319388827099,0.0707395304085451,TRUE,"retained"
"MRPS35",0.635447045016,0.377995038673682,TRUE,"retained"
"TUBA4A",0.49558572605115,0.264778172794489,TRUE,"retained"
"COBRA1",0.2600650891587,0.0777680298449139,TRUE,"retained"
"RFXANK",0.5139709782963,0.245183816106352,TRUE,"retained"
"GBA2",0.3888143311311,0.170684303943897,TRUE,"retained"
"SIAE",0.7747106586093,0.654261135625704,TRUE,"retained"
"NIF3L1",0.3388028023947,0.117645647470408,TRUE,"retained"
"ISCA1",1.2943971817259,1.62519774423482,TRUE,"retained"
"UQCRB",0.7077037117164,0.501076911861024,TRUE,"retained"
"GNL2",0.404100685473449,0.171157963292321,TRUE,"retained"
"RAF1",0.5674703605977,0.377334916469423,TRUE,"retained"
"PUM1",0.4942992440085,0.319348407744551,TRUE,"retained"
"STRAP",0.503884798234649,0.304654230429404,TRUE,"retained"
"LARP1",0.405629726559401,0.194998040099883,TRUE,"retained"
"F13A1",0.841182779420549,0.827061625165168,TRUE,"retained"
"SPINT1",0.24964340264745,0.0674192327100774,TRUE,"retained"
"GRINA",0.582369268688198,0.410483496291878,TRUE,"retained"
"UNC119B",0.515288557503299,0.286114240253648,TRUE,"retained"
"STK38",0.354603002546099,0.161227926813061,TRUE,"retained"
"WDR59",0.2880636061653,0.10702959546005,TRUE,"retained"
"PIGT",0.2219046202345,0.0545802579473396,TRUE,"retained"
"SERPINA3",0.256234580046899,0.0848719926321725,TRUE,"retained"
"SIVA1",0.35390332839435,0.118691818381572,TRUE,"retained"
"MAP4",0.292438865697825,0.10338400197349,TRUE,"retained"
"CHMP4B",0.358136899366051,0.129748902196897,TRUE,"retained"
"ADRM1",0.3056759517259,0.0953374231510789,TRUE,"retained"
"CUL3",0.479684153248299,0.245914639535593,TRUE,"retained"
"AKR1A1",0.5182040355471,0.297518854661352,TRUE,"retained"
"GTF2E2",0.412842016125,0.21194943965312,TRUE,"retained"
"SRRM2",0.470012238004575,0.244330778484161,TRUE,"retained"
"ADD1",0.25162240136796,0.0723315545237505,TRUE,"retained"
"VPS37B",0.4955301111306,0.29900619726073,TRUE,"retained"
"SDR39U1",0.50113093915815,0.274548437092001,TRUE,"retained"
"C10orf10",0.2641260862317,0.204473520802104,TRUE,"retained"
"PFDN2",0.4233949790826,0.220488227176211,TRUE,"retained"
"SPON2",0.9489675932156,0.976575530780381,TRUE,"retained"
"GSTK1",0.292133451765751,0.0986129247096762,TRUE,"retained"
"ELAVL1",0.320816065060575,0.123867763565971,TRUE,"retained"
"PPT1",0.74707366830005,0.63384748242323,TRUE,"retained"
"C1orf144",0.30573940663525,0.089549171734042,TRUE,"retained"
"TNNI1",0.2615559902361,0.0842210804770293,TRUE,"retained"
"PSMC1",0.400085682358951,0.161132719489473,TRUE,"retained"
"DRAP1",0.4821935503644,0.279108716994837,TRUE,"retained"
"TLR9",0.2447316841347,0.0696587854288216,TRUE,"retained"
"RHBDD2",0.6958242924843,0.511305164437422,TRUE,"retained"
"HLA-DMA",1.1895886381344,1.38570757467106,TRUE,"retained"
"PSMG3",0.2976740387901,0.0935253443868065,TRUE,"retained"
"TNS1",1.03975733877246,1.0421572109976,TRUE,"retained"
"STRN4",0.2587041453843,0.0613707496455312,TRUE,"retained"
"AIMP2",0.420108701666849,0.185843049692197,TRUE,"retained"
"SDCCAG3",0.29640699659865,0.110343006775657,TRUE,"retained"
"BAT2L2",0.4419213799133,0.231667422061066,TRUE,"retained"
"NOTCH3",0.3441184393395,0.125295488483204,TRUE,"retained"
"RPA1",0.354036306865501,0.133445401893033,TRUE,"retained"
"KDM3A",0.8854158777457,0.695918733458755,TRUE,"retained"
"CCDC6",0.4762684143357,0.323787280538209,TRUE,"retained"
"TMEM43",0.590734323243399,0.448606604265302,TRUE,"retained"
"C5orf32",0.884766193406551,0.901108105319282,TRUE,"retained"
"G3BP2",0.4593099625863,0.265733069041548,TRUE,"retained"
"DYNLT1",0.477999616703702,0.310651152598969,TRUE,"retained"
"PDZD11",0.366481623398099,0.143151280530862,TRUE,"retained"
"TMEM165",0.617312042122125,0.353472178158547,TRUE,"retained"
"BTBD1",0.59696652933015,0.313696765680525,TRUE,"retained"
"SLC44A1",0.62867101334205,0.42681259991291,TRUE,"retained"
"SEC24B",0.7556335114146,0.490711295855972,TRUE,"retained"
"CHMP1A",0.323720169079019,0.113701088442633,TRUE,"retained"
"KBTBD2",0.501609002230875,0.257831987930336,TRUE,"retained"
"ADAM12",0.258141164358,0.0701357382467026,TRUE,"retained"
"STOML2",0.482468826559649,0.310579903068321,TRUE,"retained"
"TCEB2",0.463277274165301,0.229618508587905,TRUE,"retained"
"PFDN5",0.7488748322146,0.586021308536612,TRUE,"retained"
"AP2S1",0.448903930724901,0.22594451128455,TRUE,"retained"
"ABCF3",0.3565597558173,0.129852050526786,TRUE,"retained"
"RPLP2",0.387747135636,0.187337440611894,TRUE,"retained"
"TSPO",0.667781700992001,0.466904416608908,TRUE,"retained"
"REEP5",0.3918643390634,0.157032576583576,TRUE,"retained"
"MRPL36",0.5220227350086,0.345066931987226,TRUE,"retained"
"SS18L2",0.5214952555806,0.310371210248638,TRUE,"retained"
"TNPO1",0.4524034088623,0.221636146354829,TRUE,"retained"
"CDK2AP2",0.449505071033549,0.213731429481174,TRUE,"retained"
"XPO1",0.538213582283475,0.311531640881929,TRUE,"retained"
"ANAPC13",0.7107667284753,0.509916743437638,TRUE,"retained"
"KIF3B",0.373412389956899,0.131046925914991,TRUE,"retained"
"IER5",0.5946816221934,0.393010708007182,TRUE,"retained"
"SERPINB2",0.8529875664219,1.01726897445542,TRUE,"retained"
"FXR2",0.3646161508437,0.136351028864919,TRUE,"retained"
"TMEM50A",0.275619005357851,0.082477927913063,TRUE,"retained"
"AARS",0.29358430707585,0.137572384854667,TRUE,"retained"
"C15orf24",0.372992170708501,0.174201277177144,TRUE,"retained"
"CTRL",0.544811777199375,0.281232716509014,TRUE,"retained"
"DTYMK",0.3212961844995,0.144888496293498,TRUE,"retained"
"ERLEC1",0.6115470096582,0.369998125131313,TRUE,"retained"
"TTC19",0.473416470891,0.284783675746049,TRUE,"retained"
"HM13",0.32314531546605,0.157505916183786,TRUE,"retained"
"DHX40",0.452358082568,0.250794817801586,TRUE,"retained"
"UBE2Z",0.410234056502202,0.179038257906246,TRUE,"retained"
"EML4",0.6214320279573,0.442872287264971,TRUE,"retained"
"TRAF4",0.2339959131377,0.0719686123095387,TRUE,"retained"
"HNRNPH3",0.664277602578801,0.445488497642511,TRUE,"retained"
"GRAMD4",0.4629249142602,0.193844557460342,TRUE,"retained"
"KIAA0247",0.6427983792342,0.54181925062348,TRUE,"retained"
"GDF15",0.2451114291444,0.241221215771252,TRUE,"retained"
"ID3",0.39806626391,0.32717610153254,TRUE,"retained"
"MTHFD1",0.4428232726743,0.267532868647267,TRUE,"retained"
"RAB1B",0.3374413683739,0.12437170680708,TRUE,"retained"
"PIGY",0.481869864313949,0.242992986439045,TRUE,"retained"
"ACIN1",0.2777578850431,0.077103353220629,TRUE,"retained"
"ZFP106",0.413548370946481,0.211694781634402,TRUE,"retained"
"SLC39A9",0.387601981682999,0.194626203234879,TRUE,"retained"
"ABR",0.469332360331099,0.226432822879376,TRUE,"retained"
"GOLGA3",0.34841253041385,0.143472257930218,TRUE,"retained"
"NPEPPS",0.415456936307699,0.253031491834735,TRUE,"retained"
"HBP1",0.3588940680045,0.140550344115673,TRUE,"retained"
"CMAS",0.647411329754701,0.555479771468426,TRUE,"retained"
"SNAPIN",0.474359129468699,0.281411532855565,TRUE,"retained"
"CCNDBP1",0.4001450712378,0.2092919059921,TRUE,"retained"
"PRKACB",0.71307653958555,0.563127751455614,TRUE,"retained"
"TRIM44",0.5000463042099,0.285835649920902,TRUE,"retained"
"ARL2BP",0.50629749709,0.307718640671085,TRUE,"retained"
"DDR1",0.2435087652312,0.0671321161523135,TRUE,"retained"
"ADM",0.748586201376301,0.640984679457071,TRUE,"retained"
"TCEAL8",0.43285810538985,0.196418733221979,TRUE,"retained"
"ARHGAP17",0.4196738786849,0.226517631342177,TRUE,"retained"
"CTSB",0.459793436778377,0.219170205161303,TRUE,"retained"
"NINJ1",0.7350067158588,0.609249534451707,TRUE,"retained"
"GLA",0.4045948764543,0.163270799301014,TRUE,"retained"
"AKT1S1",0.2975978791107,0.172796835608804,TRUE,"retained"
"PHF1",0.4923697083081,0.264556926092198,TRUE,"retained"
"DPY19L1",0.3020506977117,0.121637636636193,TRUE,"retained"
"TPM1",0.7099805923215,0.546738420277466,TRUE,"retained"
"TMEM111",0.663914303062501,0.396714312020024,TRUE,"retained"
"ERH",0.6540794873291,0.414151958599748,TRUE,"retained"
"SPSB3",0.385783552026599,0.163369912776452,TRUE,"retained"
"IRF1",0.773149874686699,0.664101464937241,TRUE,"retained"
"RNF185",0.25148745163185,0.057740014236465,TRUE,"retained"
"PRPF19",0.5302036150614,0.381893025785525,TRUE,"retained"
"PDRG1",0.3479764706964,0.13348542342015,TRUE,"retained"
"SEPX1",0.357176079308999,0.224337699163221,TRUE,"retained"
"GRAMD1A",0.748087796475601,0.510976411977705,TRUE,"retained"
"SLC6A8",1.2023821067062,1.30199030908555,TRUE,"retained"
"TJP2",0.3612326488089,0.160378369044987,TRUE,"retained"
"FAM60A",0.443695839854401,0.200816190803593,TRUE,"retained"
"CD99L2",0.648080546236899,0.43325645368261,TRUE,"retained"
"GNS",0.5348963677624,0.319853941253768,TRUE,"retained"
"C18orf10",0.838524942415649,0.883418615584242,TRUE,"retained"
"RNF7",0.4718493471237,0.229465517877552,TRUE,"retained"
"DHX30",0.2953863714228,0.120037306258586,TRUE,"retained"
"CASP4",0.5999090269647,0.395839630007437,TRUE,"retained"
"PGC",0.414634360546349,0.191787503792818,TRUE,"retained"
"NELF",0.23352337083495,0.0568500064953386,TRUE,"retained"
"IQGAP1",0.488685116317649,0.325255464647652,TRUE,"retained"
"UBQLN2",0.6247326743616,0.446734429707714,TRUE,"retained"
"CHERP",0.2339104587918,0.0586790690189735,TRUE,"retained"
"SIK1",0.2749550803986,0.179210143389279,TRUE,"retained"
"C11orf68",0.2998559708319,0.103004837153389,TRUE,"retained"
"SORBS3",0.2263447695243,0.0552576181147229,TRUE,"retained"
"EIF1AX",0.5977115191509,0.410938148497603,TRUE,"retained"
"TBL1XR1",0.3929244445182,0.176280464704122,TRUE,"retained"
"TRAK2",1.0146842308575,1.20462297489857,TRUE,"retained"
"B3GNT1",0.2613788558598,0.0813069653809191,TRUE,"retained"
"TARS",0.5205836003928,0.300441249196745,TRUE,"retained"
"RCN1",0.3775843981875,0.199935877185946,TRUE,"retained"
"CCNB2",0.7075013412642,0.98208574799739,TRUE,"retained"
"MYL6",0.3270218223664,0.141113936606325,TRUE,"retained"
"IFI16",0.5454692027491,0.458050456255697,TRUE,"retained"
"LBR",0.593344281410999,0.365600423747682,TRUE,"retained"
"FADD",0.42885515210685,0.213822908155535,TRUE,"retained"
"SETD5",0.37959412512735,0.143755510943846,TRUE,"retained"
"PLEKHA2",0.331472211603749,0.164753997644239,TRUE,"retained"
"CSNK2A2",0.3445586232795,0.14060928922566,TRUE,"retained"
"ITPA",0.5297645527083,0.270799170263541,TRUE,"retained"
"CDC16",0.4605279829794,0.221540725460621,TRUE,"retained"
"SIN3B",0.2871251356855,0.0924941243822159,TRUE,"retained"
"SLC2A1",0.753568325041874,0.899307573478096,TRUE,"retained"
"ENOPH1",0.8865552568341,0.746370776653609,TRUE,"retained"
"VSIG4",0.955329249185501,2.20751363799618,TRUE,"retained"
"CUL1",0.6091809001488,0.42342110377904,TRUE,"retained"
"ATPIF1",0.3752650913949,0.149399051861484,TRUE,"retained"
"BDH2",0.4145242830561,0.272638195277109,TRUE,"retained"
"RPS19BP1",0.40335289428,0.162756922830491,TRUE,"retained"
"NPC2",0.367715677615999,0.138170229989386,TRUE,"retained"
"ATG9A",0.34721319515442,0.155691862667098,TRUE,"retained"
"XPOT",0.6389403271209,0.378807005431724,TRUE,"retained"
"TM7SF3",0.639400613634301,0.45510922162745,TRUE,"retained"
"BAT2",0.314733258043049,0.0997803786469243,TRUE,"retained"
"DHRS3",0.6597903103155,0.665686573406695,TRUE,"retained"
"DULLARD",0.3386485203206,0.122863073318206,TRUE,"retained"
"CDV3",0.342052331221998,0.135753776309372,TRUE,"retained"
"UBE4A",0.3986087665238,0.155900220049835,TRUE,"retained"
"CD53",0.4216837473366,0.208529641134246,TRUE,"retained"
"CASC4",0.633650860537099,0.358184401692947,TRUE,"retained"
"DNAJC13",0.5877394173756,0.395820319234348,TRUE,"retained"
"STIM1",0.3366931063314,0.125939521307207,TRUE,"retained"
"MS4A6A",0.602038068787051,0.487452214389577,TRUE,"retained"
"SLC43A3",0.3728380707471,0.158052585497498,TRUE,"retained"
"PREX1",0.565297493913602,0.441536597269355,TRUE,"retained"
"HIATL1",0.54956294069565,0.339977004413841,TRUE,"retained"
"IMPAD1",0.19522641570684,0.0459356456579098,TRUE,"retained"
"COPG",0.4695155998071,0.221554496569051,TRUE,"retained"
"B4GALT3",0.7560330543234,0.786272258447173,TRUE,"retained"
"MRPL51",0.5245553871999,0.307321644201051,TRUE,"retained"
"ETFA",0.53322276353955,0.345538614542786,TRUE,"retained"
"PIAS3",0.1768577967758,0.0338679146791232,TRUE,"retained"
"TMEM184B",0.6421680659289,0.404471535618207,TRUE,"retained"
"NISCH",0.4790383267579,0.203998634107591,TRUE,"retained"
"SLC1A5",0.8567974431779,0.997208744829769,TRUE,"retained"
"FEM1A",0.4957610090307,0.397746391409742,TRUE,"retained"
"UTP18",0.6125255834796,0.425201516903228,TRUE,"retained"
"PHC2",0.6750033381035,0.511531098353672,TRUE,"retained"
"GAA",0.7651167821787,0.535806954827659,TRUE,"retained"
"ADCY3",0.7692926607366,1.01595678498029,TRUE,"retained"
"WDR46",0.2992804937115,0.108496973990554,TRUE,"retained"
"C14orf142",0.6495248553738,0.414562010133332,TRUE,"retained"
"TSTA3",1.21111029064935,1.38423292360541,TRUE,"retained"
"B4GALT5",0.447920856224101,0.216615503858614,TRUE,"retained"
"MAD2L1BP",0.439235963336099,0.257848515542228,TRUE,"retained"
"ZZEF1",0.32982663012705,0.106660943865023,TRUE,"retained"
"RAP1B",0.844985939195474,0.708167972743149,TRUE,"retained"
"BANF1",0.247428259439025,0.0676630293671402,TRUE,"retained"
"VPS45",0.4320633528414,0.183421845434698,TRUE,"retained"
"HEXA",0.274396440332438,0.0722197162546496,TRUE,"retained"
"C9orf123",0.4435612709241,0.238051685544947,TRUE,"retained"
"TOX4",0.23279847283875,0.0653862757557939,TRUE,"retained"
"ISG15",1.2744403706391,2.92960293367418,TRUE,"retained"
"PPIE",0.532423026786421,0.321564320265592,TRUE,"retained"
"ARL3",0.620137096206601,0.355369168323936,TRUE,"retained"
"TGOLN2",0.3816663676965,0.177142008243718,TRUE,"retained"
"C1orf128",1.52891309667495,1.86536262928334,TRUE,"retained"
"RNASET2",0.5528589491565,0.399742440246362,TRUE,"retained"
"NR2F6",0.2395425900651,0.0695735229583517,TRUE,"retained"
"NAGK",0.6382592651589,0.463295076749116,TRUE,"retained"
"PDIA5",0.4435820043438,0.287050287082668,TRUE,"retained"
"CLEC11A",0.288455031283125,0.0820867479281931,TRUE,"retained"
"PURB",0.3727788720117,0.153080365978698,TRUE,"retained"
"EXOC3",0.453205956798,0.20859589343244,TRUE,"retained"
"TBC1D5",0.455492812071149,0.228559200919848,TRUE,"retained"
"DGCR2",0.2300964826468,0.0641736653135344,TRUE,"retained"
"SOD1",0.685723287781701,0.538096059252275,TRUE,"retained"
"UNC45A",0.4103092720125,0.196847014078675,TRUE,"retained"
"SEC61B",0.343335868944599,0.136634980491536,TRUE,"retained"
"HMOX1",0.6623119539547,0.588740445692299,TRUE,"retained"
"TRIB2",0.64809474942135,0.504509638895497,TRUE,"retained"
"ADPRHL2",0.4266965617488,0.205631318540873,TRUE,"retained"
"EXOSC5",0.3219577524954,0.10769678736538,TRUE,"retained"
"YIPF3",0.3611393888564,0.119925347434402,TRUE,"retained"
"TWF1",0.5696211105963,0.325277430389614,TRUE,"retained"
"TM9SF3",0.627251258754539,0.366046548345828,TRUE,"retained"
"SRXN1",0.704341145264399,0.531610450069334,TRUE,"retained"
"NANS",0.6172284181077,0.380913994800407,TRUE,"retained"
"DPH1",0.34707269589825,0.12820758239917,TRUE,"retained"
"TMEM126A",0.6827716503594,0.442131339943919,TRUE,"retained"
"CTDSP2",0.4424828963779,0.208904007649616,TRUE,"retained"
"FAM3A",0.3750431076273,0.157368148277992,TRUE,"retained"
"PPM1F",0.5017691061663,0.244601115571456,TRUE,"retained"
"ATN1",0.2762331661068,0.0859941947887145,TRUE,"retained"
"NRP2",0.24116587509105,0.063315838898833,TRUE,"retained"
"NSF",0.2446705953314,0.0691419587107187,TRUE,"retained"
"PDK4",1.0950239971755,1.20976660976326,TRUE,"retained"
"GLRX3",0.4535458287633,0.234801430349421,TRUE,"retained"
"NSFL1C",0.420749598141599,0.244661464494926,TRUE,"retained"
"SLC35A4",0.3810027785991,0.149089449112469,TRUE,"retained"
"C17orf37",0.350913786696899,0.131887104837406,TRUE,"retained"
"CDC34",0.881236770702752,0.727529369363836,TRUE,"retained"
"PNKD",0.347272800567,0.136678401528001,TRUE,"retained"
"GTF2B",0.3721689674367,0.197008177470063,TRUE,"retained"
"PNRC2",0.836873858145499,0.620384527670942,TRUE,"retained"
"KIAA0317",0.2740821877878,0.081639401493192,TRUE,"retained"
"CIC",0.406554348813901,0.164902929998252,TRUE,"retained"
"CSF1R",0.4588494929718,0.218156468251198,TRUE,"retained"
"WSB2",0.54108591225654,0.367057814280403,TRUE,"retained"
"TSPAN4",0.2401368023075,0.070264527182097,TRUE,"retained"
"RHBDD3",0.3826346830908,0.177101733794646,TRUE,"retained"
"RASA1",0.58193042415375,0.310727902349806,TRUE,"retained"
"C22orf13",0.56434498382955,0.29313358340458,TRUE,"retained"
"YTHDC1",0.521931455033099,0.344932560465458,TRUE,"retained"
"FKBP9",0.365699892896099,0.155223200238945,TRUE,"retained"
"POLDIP3",0.2669517958107,0.0761154914467314,TRUE,"retained"
"BNIP3L",0.8870191611386,0.695975734709804,TRUE,"retained"
"MCFD2",0.3508555637594,0.137585453004267,TRUE,"retained"
"ATP6V1E1",0.30977465119335,0.113012361822304,TRUE,"retained"
"VAMP8",0.5583847743033,0.400423059395181,TRUE,"retained"
"SNRPF",0.600368361701851,0.405276622478247,TRUE,"retained"
"ROBLD3",0.50803305224805,0.284085060062008,TRUE,"retained"
"OCIAD2",0.5933212351353,0.487695707551244,TRUE,"retained"
"ATP1A1",0.5293833806961,0.292026592064748,TRUE,"retained"
"TMEM222",0.392787683193151,0.165752822982974,TRUE,"retained"
"SDF2",0.513927927298799,0.269548115399747,TRUE,"retained"
"MRPL23",0.497063186988899,0.28967888134699,TRUE,"retained"
"CXCL5",0.405101818351125,0.413546365697269,TRUE,"retained"
"GLYR1",0.2844597006027,0.0850937708709969,TRUE,"retained"
"PACS1",0.3285632010318,0.108477860539245,TRUE,"retained"
"KIAA0141",0.264086600640099,0.0752528577671604,TRUE,"retained"
"HDAC5",0.415984392014099,0.193633464689615,TRUE,"retained"
"RNF13",0.576666878730599,0.406917330982981,TRUE,"retained"
"GADD45A",1.3102538219883,1.91612602576348,TRUE,"retained"
"MTMR4",0.6569186631168,0.410616800044414,TRUE,"retained"
"C20orf11",0.3189706396674,0.137299820039238,TRUE,"retained"
"TCERG1",0.362367635235899,0.188770094369994,TRUE,"retained"
"CLDND1",0.520171528772699,0.273017825030211,TRUE,"retained"
"DES",0.39978460188135,0.160652724421225,TRUE,"retained"
"SSR1",0.320870201458275,0.121646595511328,TRUE,"retained"
"CORO1C",0.37994180943096,0.170972398723046,TRUE,"retained"
"RPL5",0.713048213771249,0.532409675432326,TRUE,"retained"
"CECR5",0.4573597683375,0.214709219557463,TRUE,"retained"
"DECR1",0.3377528443485,0.138201958754992,TRUE,"retained"
"SMARCD2",0.324730527324,0.101005362791734,TRUE,"retained"
"PGCP",0.60207575796165,0.479624710024267,TRUE,"retained"
"DIP2B",0.5006466764082,0.330254155276075,TRUE,"retained"
"KTN1",0.53507925420663,0.269204210602581,TRUE,"retained"
"AEBP1",0.3140759121213,0.129008837154471,TRUE,"retained"
"LZTS2",0.2257541523398,0.0627779175089523,TRUE,"retained"
"ZFAND6",0.838290493688549,0.671115540507111,TRUE,"retained"
"ATP8B5P",0.699741833551951,0.486955377735118,TRUE,"retained"
"VPS52",0.373257940101901,0.146508556762846,TRUE,"retained"
"TSPAN9",0.669525181264801,0.544829838599258,TRUE,"retained"
"PRPS1",0.48076686625275,0.289346355644027,TRUE,"retained"
"RBM39",0.412186274641201,0.224677529332874,TRUE,"retained"
"HIST2H2BE",0.9037529268348,0.797441878298454,TRUE,"retained"
"CDKN1B",0.6441126500193,0.436178470497714,TRUE,"retained"
"EIF4G2",0.471292856920201,0.244735350136506,TRUE,"retained"
"TCTA",0.357411680016301,0.12548457237563,TRUE,"retained"
"COX6A1",0.309004789275,0.0930154479185807,TRUE,"retained"
"HSPH1",0.766608309932587,1.16867067989417,TRUE,"retained"
"NAA20",0.704373531920101,0.478853964879683,TRUE,"retained"
"RPA2",0.547566216652,0.343361229353346,TRUE,"retained"
"HIST1H2BK",0.6842241928683,0.412088457261332,TRUE,"retained"
"SLC38A1",0.744235357856549,0.671584055688172,TRUE,"retained"
"GRHPR",0.48787110442455,0.259470335681623,TRUE,"retained"
"PSMB5",0.32438485587228,0.130787669393106,TRUE,"retained"
"PDLIM5",0.46872645148665,0.222170886002,TRUE,"retained"
"REPIN1",0.23576566174665,0.0531321675724733,TRUE,"retained"
"ETHE1",0.635132818324201,0.413770412243487,TRUE,"retained"
"SUPT16H",0.4927623460074,0.299877486110739,TRUE,"retained"
"CERK",0.4772720344602,0.232167443688204,TRUE,"retained"
"PDXP",0.3726228194661,0.169858907538873,TRUE,"retained"
"C6orf106",0.341403222156359,0.16113014664977,TRUE,"retained"
"PPP1R12B",1.136301534501,0.920155960921855,TRUE,"retained"
"SH3PXD2A",0.2238684840553,0.0498538027890195,TRUE,"retained"
"ANPEP",0.798558761083651,0.928395580824917,TRUE,"retained"
"CLN6",0.27194479416195,0.0985934912735374,TRUE,"retained"
"SAR1A",0.441862321530701,0.190161444048149,TRUE,"retained"
"MAFG",0.377562369531374,0.183991665946406,TRUE,"retained"
"PCSK1N",0.30167487158445,0.214144981254137,TRUE,"retained"
"CDC42EP4",0.3699142056351,0.16111789279404,TRUE,"retained"
"HARS",0.3503630551589,0.128494267787913,TRUE,"retained"
"COG4",0.393663399415649,0.164045805292151,TRUE,"retained"
"LANCL1",0.5447403442341,0.364592834122897,TRUE,"retained"
"PTPN1",0.512269972042499,0.27889609608052,TRUE,"retained"
"C11orf31",0.563515642593752,0.327762370080628,TRUE,"retained"
"C16orf57",0.26778487875825,0.077440584953571,TRUE,"retained"
"C20orf3",0.593193761001975,0.432193247103282,TRUE,"retained"
"NME1",0.7407193434165,0.742136163595754,TRUE,"retained"
"ACP1",0.763715102486701,0.666660088119433,TRUE,"retained"
"ZNF593",0.4864353253032,0.293243825533959,TRUE,"retained"
"NDUFB3",0.786604946589699,0.68221211589218,TRUE,"retained"
"CLTA",0.375498390273036,0.149081462950478,TRUE,"retained"
"RRAS",0.6293850086685,0.419876009471063,TRUE,"retained"
"SLC29A1",0.25828003097505,0.0745969414621646,TRUE,"retained"
"CDC20",0.4669804768629,0.458146513659759,TRUE,"retained"
"RANGAP1",0.5786823859572,0.352664411659964,TRUE,"retained"
"KDM2A",0.43157388097635,0.241292048794159,TRUE,"retained"
"PER1",0.7029913795527,0.962537830926476,TRUE,"retained"
"TRPC4AP",0.2772440660444,0.0811214572141523,TRUE,"retained"
"BCL2L2",0.3021334045527,0.105417328374249,TRUE,"retained"
"RNF31",0.6537438271833,0.403173067511505,TRUE,"retained"
"SNX27",0.4757768790621,0.229530820070221,TRUE,"retained"
"STAT5A",0.516875592959249,0.316873754357366,TRUE,"retained"
"EDC4",0.255241891132201,0.0715401476450407,TRUE,"retained"
"PDS5A",0.440720466500299,0.182070749836587,TRUE,"retained"
"GTPBP2",0.4801766146527,0.28528723321895,TRUE,"retained"
"MEF2D",0.36718962627774,0.146801400252222,TRUE,"retained"
"DNAJA1",0.510137298496139,0.346294532474239,TRUE,"retained"
"TXNIP",0.708001043439899,0.471161591678801,TRUE,"retained"
"TNNC2",0.22172570661465,0.0673580074186425,TRUE,"retained"
"OST4",0.4604889535344,0.205989715172029,TRUE,"retained"
"RAB5B",0.3724546066353,0.13433397572413,TRUE,"retained"
"MEST",0.2130231681921,0.0710053152985941,TRUE,"retained"
"SCFD1",0.61807916326905,0.384014664636107,TRUE,"retained"
"MRPL14",0.4375023702756,0.21357784875214,TRUE,"retained"
"POLR1D",0.739806532542,0.634105775752767,TRUE,"retained"
"DPM2",1.0462192410873,1.07370148538239,TRUE,"retained"
"DNTTIP1",0.4537627071978,0.281732079270415,TRUE,"retained"
"SEL1L",0.3054240397005,0.121569794551786,TRUE,"retained"
"RSAD1",0.3223953789504,0.116665244556104,TRUE,"retained"
"GOLGA2",0.2879903689376,0.0910331998776893,TRUE,"retained"
"RXRB",0.198204127516501,0.0435019090523283,TRUE,"retained"
"NEO1",0.8612510065383,1.02666792502144,TRUE,"retained"
"NSMAF",0.64983896901735,0.503606364658383,TRUE,"retained"
"ATP9A",1.6205721096138,1.71829149322718,TRUE,"retained"
"STK10",0.4794238763937,0.259714024359754,TRUE,"retained"
"PPP3CB",0.413624504050275,0.203764205856614,TRUE,"retained"
"EXTL3",0.386085868745499,0.162277939223195,TRUE,"retained"
"CBFA2T2",0.3953606365296,0.172548188605792,TRUE,"retained"
"CDR2",0.49027597873485,0.403831273038159,TRUE,"retained"
"EP400",0.2283604477441,0.0697823111380074,TRUE,"retained"
"MKLN1",0.431331084099299,0.216064767451751,TRUE,"retained"
"RPS7",0.945258757873499,0.95470831052022,TRUE,"retained"
"AMD1",0.5506637550459,0.285803671715018,TRUE,"retained"
"RBBP4",0.496057374840299,0.312650242626432,TRUE,"retained"
"MAEA",0.523582427058075,0.295632221204884,TRUE,"retained"
"YTHDF2",0.5820538630823,0.337353748606086,TRUE,"retained"
"LSM4",0.3934160435436,0.174749171918043,TRUE,"retained"
"EIF1B",0.561704529939001,0.326738356924558,TRUE,"retained"
"TMEM66",0.702141685925399,0.535130650827521,TRUE,"retained"
"MRPL20",0.2823464781753,0.0706257510430531,TRUE,"retained"
"NAE1",0.9084002469885,0.659213897642475,TRUE,"retained"
"NDUFB11",0.45960592253415,0.228002214732667,TRUE,"retained"
"HSPA4",0.380695315281401,0.181312508992177,TRUE,"retained"
"PIM1",0.763613779378799,0.620415402856805,TRUE,"retained"
"STX5",0.22880268718545,0.0596719936083989,TRUE,"retained"
"CCDC142",0.468430470041101,0.239983743779575,TRUE,"retained"
"AMFR",0.775942355616749,0.620101183839578,TRUE,"retained"
"C7orf50",0.5058060161784,0.314487860908584,TRUE,"retained"
"ATPAF1",0.4835149672815,0.209168151658504,TRUE,"retained"
"CAMK2G",0.499108768650601,0.245127890934099,TRUE,"retained"
"FPGS",0.308552167309399,0.104986498482022,TRUE,"retained"
"SNAPC2",0.2709258739761,0.0836615847576303,TRUE,"retained"
"COL5A1",0.3052303431996,0.0972690758620738,TRUE,"retained"
"MAPK14",0.678909760659551,0.602814563563343,TRUE,"retained"
"THRAP3",0.334191642855,0.137329077415824,TRUE,"retained"
"URM1",0.2595125911028,0.0709014696923068,TRUE,"retained"
"ASAP1",0.442170235002825,0.270048954544653,TRUE,"retained"
"WASL",0.3781730415372,0.137972603340521,TRUE,"retained"
"HLTF",0.3379983725454,0.15085102617987,TRUE,"retained"
"POGZ",0.324483871053825,0.132926760972628,TRUE,"retained"
"PI4KA",0.4783957222044,0.253376256514686,TRUE,"retained"
"YTHDF3",0.514580052985949,0.299153495829376,TRUE,"retained"
"SQSTM1",0.415488205082998,0.171446544976743,TRUE,"retained"
"MAP2K1",0.7147399331422,0.452275976091613,TRUE,"retained"
"SFRS7",0.650261327101575,0.431848171567355,TRUE,"retained"
"LRPPRC",0.586655138622,0.44168244381983,TRUE,"retained"
"HLA-DPB1",0.93602039417103,0.903020924371293,TRUE,"retained"
"TACSTD2",0.809567488254,1.45422696118955,TRUE,"retained"
"IARS2",0.7035616757274,0.479374917944604,TRUE,"retained"
"WDR75",0.4256007476259,0.23955256377307,TRUE,"retained"
"GNL3",0.294500367068251,0.133114611585355,TRUE,"retained"
"FBXO7",0.983128177715251,0.903486515739922,TRUE,"retained"
"IKBKAP",0.4317967176096,0.262224915639278,TRUE,"retained"
"HAUS1",0.4646021069928,0.286056003193571,TRUE,"retained"
"DTD1",0.3282235062372,0.111926405513942,TRUE,"retained"
"AGPAT6",0.6254257579857,0.402899786728359,TRUE,"retained"
"SEC24D",0.35211813640605,0.135573169006277,TRUE,"retained"
"OAF",0.3043440819846,0.0997292272047042,TRUE,"retained"
"UPF1",0.443881877490799,0.227432516745213,TRUE,"retained"
"EZH1",0.4492131415338,0.231427829008537,TRUE,"retained"
"NUDT16L1",0.31354422396255,0.0970474303622585,TRUE,"retained"
"KLF9",1.05228956257425,0.935622495507066,TRUE,"retained"
"BMS1",0.29321244875685,0.120491378195804,TRUE,"retained"
"HMGXB3",0.2853027106692,0.0957601146437192,TRUE,"retained"
"TRIM27",0.569042858789999,0.401452146726105,TRUE,"retained"
"RBM6",0.4548012274792,0.2027475416823,TRUE,"retained"
"ITGB2",0.501852655124101,0.284229083290561,TRUE,"retained"
"CUX1",0.2820105407833,0.108032535208008,TRUE,"retained"
"SORD",0.368021912599599,0.159514533476054,TRUE,"retained"
"SUPT4H1",0.2687979056091,0.0766513955682086,TRUE,"retained"
"ADD3",0.593518743993841,0.382605883031897,TRUE,"retained"
"NCAPH2",0.3906678190884,0.166407195910546,TRUE,"retained"
"RPRD1A",0.2665825742958,0.0721783420598938,TRUE,"retained"
"EAPP",0.4089766399677,0.208863566133932,TRUE,"retained"
"PCBD1",0.3794595980805,0.175684640442465,TRUE,"retained"
"RTF1",0.446554373456099,0.239421413843257,TRUE,"retained"
"GCN1L1",0.5769561925533,0.353983529066455,TRUE,"retained"
"GPC1",0.2972610234951,0.104620735922217,TRUE,"retained"
"C9orf69",0.3810813593643,0.152446436539162,TRUE,"retained"
"BCL2L12",0.513115523285401,0.282372974894287,TRUE,"retained"
"SNTA1",0.235852934254349,0.0606936391740754,TRUE,"retained"
"ZC3HAV1",0.469499721531751,0.281831691493048,TRUE,"retained"
"ARSD",0.6905733043125,0.515111250459082,TRUE,"retained"
"CHD1L",0.6429412477593,0.471539549516195,TRUE,"retained"
"DNAJC3",0.616847326403,0.364764462964671,TRUE,"retained"
"SLC25A25",0.3257328220041,0.108089749909948,TRUE,"retained"
"SRPRB",0.413041890620099,0.212660710805654,TRUE,"retained"
"PUF60",0.5129500651254,0.290067811028133,TRUE,"retained"
"C16orf63",0.3936580668741,0.169907444260607,TRUE,"retained"
"RNF34",0.397698174113099,0.18622412737907,TRUE,"retained"
"MT1G",0.32711798145495,0.476459225188629,TRUE,"retained"
"Septin 11",0.3502528260728,0.151156531115566,TRUE,"retained"
"LSM2",0.5652437911764,0.373549430088754,TRUE,"retained"
"C3orf37",0.4997218171848,0.239581616951004,TRUE,"retained"
"FN3KRP",0.6393381250095,0.477438233207939,TRUE,"retained"
"ARIH2",0.268055475867899,0.0941620431944455,TRUE,"retained"
"CHTF8",0.4039305841809,0.19388894649986,TRUE,"retained"
"DDB2",0.378516859813049,0.193256016958484,TRUE,"retained"
"ZNF212",0.3664327027872,0.150911906112473,TRUE,"retained"
"TIPARP",0.8557686927363,0.70650298447573,TRUE,"retained"
"FAH",0.8440566004815,0.642855504837598,TRUE,"retained"
"ARF6",0.381513226906701,0.17375525661658,TRUE,"retained"
"SCAMP3",0.581892446984099,0.370541483851139,TRUE,"retained"
"TDP2",0.7734104013594,0.683560439453486,TRUE,"retained"
"FAM120AOS",0.2411851826202,0.0613587342007582,TRUE,"retained"
"C9orf23",0.5969792674587,0.369717927568654,TRUE,"retained"
"SH2B3",0.911024236235401,0.689682984172658,TRUE,"retained"
"ANO6",0.565542740787149,0.392353577455847,TRUE,"retained"
"WIPI1",0.826807140297599,0.654944579237359,TRUE,"retained"
"MLST8",0.2460908216081,0.0671794828551987,TRUE,"retained"
"RHOU",0.888122723081999,0.74374874157778,TRUE,"retained"
"SLC35A2",0.159210907808925,0.0277657283951358,TRUE,"retained"
"RBM8A",0.280422112054001,0.0859610429792789,TRUE,"retained"
"VPS24",0.245773369519999,0.0762519592817277,TRUE,"retained"
"GNB1",0.31423662188415,0.115309366056036,TRUE,"retained"
"PRDX5",0.410705361945899,0.180772646161846,TRUE,"retained"
"SNRPD3",0.25805417984535,0.0758726872227081,TRUE,"retained"
"ECHDC1",0.59475842413512,0.362255964811336,TRUE,"retained"
"CDCA7L",0.6513296873643,0.609218259585137,TRUE,"retained"
"TOP1",0.396257075546501,0.241737417495473,TRUE,"retained"
"ARFGAP3",0.552704411828099,0.286037650499443,TRUE,"retained"
"JAGN1",0.4329878065737,0.201541757830996,TRUE,"retained"
"DHPS",0.31920948593436,0.112813042268725,TRUE,"retained"
"DSTN",0.5660248819365,0.375554066328518,TRUE,"retained"
"MRPS2",0.4108419197841,0.229357737794494,TRUE,"retained"
"ASCC2",1.0697692182765,1.08361283011489,TRUE,"retained"
"NEK7",0.6511273539771,0.466860939043982,TRUE,"retained"
"SPOCK2",0.42926338831488,0.281496142065495,TRUE,"retained"
"NLGN2",0.2735405428581,0.0730730317715948,TRUE,"retained"
"MRPL39",0.320931606117151,0.160445739779272,TRUE,"retained"
"CHPF2",0.2563069546485,0.0636573607985421,TRUE,"retained"
"NSUN2",0.424034442068475,0.201712030627118,TRUE,"retained"
"LXN",0.50345754330795,0.258048278789746,TRUE,"retained"
"NFAT5",0.445842611110575,0.226231462396056,TRUE,"retained"
"TTC38",0.4533206173755,0.20376128803109,TRUE,"retained"
"EPT1",0.4035368864226,0.180697045469627,TRUE,"retained"
"LAMP2",0.524607627630188,0.297202284900685,TRUE,"retained"
"PDHA1",0.441786786273,0.207330621187202,TRUE,"retained"
"C19orf10",0.4785003930231,0.283762547205293,TRUE,"retained"
"HARS2",0.3398858958096,0.111386011592461,TRUE,"retained"
"CORO1B",0.474534456926251,0.197796969753032,TRUE,"retained"
"Septin 5",0.2976777312054,0.117635113145368,TRUE,"retained"
"DYNLRB1",0.376455042834151,0.160945109807429,TRUE,"retained"
"SSNA1",0.311543550766699,0.104621983843301,TRUE,"retained"
"IMPA2",0.6530468176344,0.486984039969139,TRUE,"retained"
"SLC25A36",0.5066307793925,0.263713072023233,TRUE,"retained"
"HAGH",0.9515078113618,0.804695469964363,TRUE,"retained"
"NUB1",0.3767139765767,0.261441950042146,TRUE,"retained"
"CANT1",0.2433761651937,0.0693353963338584,TRUE,"retained"
"TRAM2",0.2451012864307,0.0764627179311105,TRUE,"retained"
"IRF4",0.7515184431783,0.952221714609581,TRUE,"retained"
"EXOSC10",0.5336438727186,0.339728343628782,TRUE,"retained"
"CIRH1A",0.7082240042409,0.54452161512018,TRUE,"retained"
"Septin 8",0.2116576520793,0.0550482403461892,TRUE,"retained"
"ANXA1",0.838886672908725,0.693779111430498,TRUE,"retained"
"HSD17B10",0.4887941278185,0.283289994778916,TRUE,"retained"
"REXO2",0.84945898694685,1.09387229755304,TRUE,"retained"
"OCIAD1",0.4448320286347,0.207711269592434,TRUE,"retained"
"PDXDC1",0.28086470583675,0.0898686392010238,TRUE,"retained"
"PTTG1",0.7704233515419,0.87198643368079,TRUE,"retained"
"TMEM50B",0.55742718779685,0.31664695437828,TRUE,"retained"
"RDX",0.47425040336835,0.248827936863373,TRUE,"retained"
"SLC25A20",0.5270578741645,0.266829038199711,TRUE,"retained"
"UBA2",0.61307211839475,0.379384326402756,TRUE,"retained"
"MAN2A2",0.582946330708002,0.353279122548057,TRUE,"retained"
"C19orf6",0.3116462996416,0.0996097195524388,TRUE,"retained"
"VEGFB",0.4842588870357,0.319654739487746,TRUE,"retained"
"RYBP",0.376853045877525,0.167046026466376,TRUE,"retained"
"WRNIP1",0.6019953065259,0.363022253703157,TRUE,"retained"
"NFKB1",0.387757840008001,0.199159068003924,TRUE,"retained"
"MAPK3",0.4807110793506,0.250677628651601,TRUE,"retained"
"POLR2A",0.3293373332088,0.109055452896117,TRUE,"retained"
"MRPS5",0.3697686825147,0.141841410908177,TRUE,"retained"
"MPRIP",0.4263476918841,0.21488681010905,TRUE,"retained"
"INTS12",0.4945622742984,0.25476663328464,TRUE,"retained"
"BTBD10",0.652249501114576,0.368363832704467,TRUE,"retained"
"LOXL1",0.266275790256,0.0773631485162355,TRUE,"retained"
"DERL2",0.5130231728727,0.299184300924021,TRUE,"retained"
"SETD7",0.4836418637568,0.257041438437883,TRUE,"retained"
"POM121",0.4565503747434,0.280201273458416,TRUE,"retained"
"ABLIM1",0.5271457066008,0.505151175300832,TRUE,"retained"
"DTX3L",0.4802444149391,0.388434880254308,TRUE,"retained"
"EMP1",0.307059976864199,0.167545569256858,TRUE,"retained"
"CPSF3",0.6326327544222,0.43118470753103,TRUE,"retained"
"NECAP1",0.4444596835287,0.18997646684418,TRUE,"retained"
"PFN1",0.46803228704715,0.252850920636157,TRUE,"retained"
"SFN",0.27593372835,0.107487910241928,TRUE,"retained"
"VPS26A",0.547802048150701,0.313986025266419,TRUE,"retained"
"CD52",1.05130744682145,1.20103838650362,TRUE,"retained"
"C13orf15",1.28811008571,1.48332378573969,TRUE,"retained"
"VAPB",0.283895706960599,0.0780998704192838,TRUE,"retained"
"PSMD10",0.6315684996642,0.368988548399,TRUE,"retained"
"SCAP",0.442344682351949,0.210510717325319,TRUE,"retained"
"CLPP",0.6279096393087,0.404157002150989,TRUE,"retained"
"EXOSC8",0.8566477240524,0.659926126774215,TRUE,"retained"
"CNOT1",0.505469198369101,0.295423689245024,TRUE,"retained"
"GNAS",0.355141635129118,0.134717691110266,TRUE,"retained"
"SMPD1",0.4320943666095,0.211959574877121,TRUE,"retained"
"SLC20A2",0.260988764526,0.0858763314532447,TRUE,"retained"
"SECISBP2",0.32804643919565,0.111788067445117,TRUE,"retained"
"TRIP4",0.362463283692299,0.136544090060679,TRUE,"retained"
"RNPS1",0.317547830516175,0.130221708236121,TRUE,"retained"
"VMA21",0.6557280678585,0.491818987877059,TRUE,"retained"
"MEN1",0.3539540966955,0.166240818338044,TRUE,"retained"
"SUCLG2",0.35985338099865,0.159726632833358,TRUE,"retained"
"KLHDC8B",0.9210936981288,0.877820472950716,TRUE,"retained"
"KIF13B",0.32009860323,0.104551315295865,TRUE,"retained"
"OXSR1",0.5275209244914,0.262263834883329,TRUE,"retained"
"PXN",0.445536119010599,0.271315560898248,TRUE,"retained"
"FOXN3",0.548762465558299,0.366615075891553,TRUE,"retained"
"C1orf9",0.5534013983967,0.354314526912712,TRUE,"retained"
"TBL2",0.2701980080618,0.0736169903476451,TRUE,"retained"
"NDUFC2",0.591022119130799,0.36572374145251,TRUE,"retained"
"BIRC2",0.747691056422099,0.548182889980624,TRUE,"retained"
"KIAA1279",0.3471949840821,0.138493155163369,TRUE,"retained"
"KLHL9",0.5048913364866,0.246993300411783,TRUE,"retained"
"COX6C",0.881106793014,0.639788316712809,TRUE,"retained"
"MLH1",0.499702897726199,0.237053841593156,TRUE,"retained"
"RHOG",0.465593161711651,0.25425997263388,TRUE,"retained"
"SDC4",0.2756367109377,0.163108566090167,TRUE,"retained"
"UBE3A",0.3862227702998,0.149062015553811,TRUE,"retained"
"CSTF3",0.3031664327895,0.0985925943160212,TRUE,"retained"
"MRPL24",0.6096831101424,0.37339512582999,TRUE,"retained"
"GPR107",0.238676901901902,0.0539547657100989,TRUE,"retained"
"C10orf119",0.5068731743614,0.34231195892234,TRUE,"retained"
"C19orf61",0.22679997479685,0.0546194703878621,TRUE,"retained"
"SPRY1",0.367540943322,0.263751664214031,TRUE,"retained"
"SPRED2",0.4025203283892,0.302863229466382,TRUE,"retained"
"EZH2",0.2612295254226,0.145496069909377,TRUE,"retained"
"PPP1R16B",0.7636484344125,0.886336074596059,TRUE,"retained"
"FAM38A",0.499513967043,0.2781337641426,TRUE,"retained"
"KLHL12",0.41256564354705,0.173695652812079,TRUE,"retained"
"TSPYL4",0.6629686066374,0.422226813756944,TRUE,"retained"
"POLA2",0.2694282100188,0.0883606658599383,TRUE,"retained"
"POLR2K",0.722875191245551,0.520096317754454,TRUE,"retained"
"IWS1",0.4805851421175,0.226853548916634,TRUE,"retained"
"NDUFB6",0.4396164874521,0.248772329483191,TRUE,"retained"
"SF3B14",0.5710875858387,0.352777476182798,TRUE,"retained"
"EIF2B2",0.378740918849999,0.163308879862854,TRUE,"retained"
"SLC39A3",0.2469063966558,0.0682298597806427,TRUE,"retained"
"CYFIP2",0.6238957866918,0.425185550391343,TRUE,"retained"
"GNA13",0.495393051679399,0.258244650591594,TRUE,"retained"
"EFHA1",0.82210844583,0.760041074814748,TRUE,"retained"
"RBM15B",0.31203929897175,0.10739672042583,TRUE,"retained"
"JAK1",0.4784983979377,0.302090167345228,TRUE,"retained"
"RNF19A",0.5533083481968,0.331718803389208,TRUE,"retained"
"MED27",0.3754366815885,0.152810702714442,TRUE,"retained"
"ANKRD13A",0.400672677428101,0.192461468284882,TRUE,"retained"
"CEBPG",0.49929888292515,0.275706516853635,TRUE,"retained"
"TYSND1",0.2802346649592,0.085182968994514,TRUE,"retained"
"ARIH1",0.3985858252656,0.173544185686534,TRUE,"retained"
"DCAF8",0.252133105275801,0.122673220814731,TRUE,"retained"
"RB1",0.4262330639238,0.194734094277564,TRUE,"retained"
"KIFC3",0.2962464768557,0.0844759747237109,TRUE,"retained"
"VPS13D",0.248246679904999,0.0617412620050737,TRUE,"retained"
"PTPN18",0.3168671734893,0.111726239074541,TRUE,"retained"
"LPCAT4",0.2709357584703,0.0791995538210434,TRUE,"retained"
"MTP18",0.3365075218764,0.120509595259615,TRUE,"retained"
"SDHAF1",0.3778053989913,0.163609024012982,TRUE,"retained"
"FNDC3B",0.687821151073202,0.39760667385641,TRUE,"retained"
"ST6GAL1",0.9281243481909,0.825272606040816,TRUE,"retained"
"ASAH1",0.710587479170101,0.462452953018718,TRUE,"retained"
"RAB1A",0.645538480524,0.41259971989892,TRUE,"retained"
"HN1",0.48428208861375,0.243123202100702,TRUE,"retained"
"HSPB7",0.21220733826075,0.0523704514221503,TRUE,"retained"
"SQLE",0.284157923859074,0.141597142894905,TRUE,"retained"
"PFKFB3",0.783310176902925,0.539881106071746,TRUE,"retained"
"ZCCHC24",0.2907174426212,0.0881853849026268,TRUE,"retained"
"PCYOX1",0.3479139227676,0.146289841529838,TRUE,"retained"
"FUCA2",0.73884555384675,0.532538369484014,TRUE,"retained"
"ACOT7",0.5571481309716,0.475814486356034,TRUE,"retained"
"March 6",0.3237256914675,0.114433665617784,TRUE,"retained"
"MCTS1",0.3729182883027,0.145325899077857,TRUE,"retained"
"CD320",0.3897930235605,0.186030514964783,TRUE,"retained"
"HUWE1",0.6372426708018,0.371539329909804,TRUE,"retained"
"SEC14L1",0.471170984828038,0.216782935901146,TRUE,"retained"
"RALA",0.421566211627051,0.179378915394138,TRUE,"retained"
"NDUFV1",0.5238068046687,0.275976673618927,TRUE,"retained"
"GMFG",0.5164575416427,0.333231494333453,TRUE,"retained"
"G6PC3",0.2999528402094,0.0936153545707736,TRUE,"retained"
"CPVL",1.3580638594824,2.22307653659769,TRUE,"retained"
"MGLL",0.850094766351249,0.71941158597794,TRUE,"retained"
"ATMIN",0.54941357245215,0.307852237006436,TRUE,"retained"
"PDE6G",0.3061553521656,0.108972214104449,TRUE,"retained"
"CTR9",0.6450339836199,0.489509898555057,TRUE,"retained"
"LCMT1",0.386721228327,0.162098289355577,TRUE,"retained"
"OTUB1",0.2218914327546,0.0537047518769943,TRUE,"retained"
"THRA",0.249010367362681,0.0573265776935131,TRUE,"retained"
"PLEKHB1",0.2459904678735,0.0669504103831278,TRUE,"retained"
"GYPC",0.612111766098,0.500534167229266,TRUE,"retained"
"KIF1C",0.3140236148889,0.108350702513908,TRUE,"retained"
"USP15",0.48603190601315,0.281338920113958,TRUE,"retained"
"DHX35",0.2770259783025,0.0889836032712697,TRUE,"retained"
"PHF5A",0.4755070144804,0.238649566968167,TRUE,"retained"
"THYN1",0.6786954892536,0.5052709527016,TRUE,"retained"
"KIAA0664",0.3961200294387,0.183858185897356,TRUE,"retained"
"C20orf4",0.3756841008417,0.152110128742624,TRUE,"retained"
"APPL2",0.269126684205225,0.0914133416526385,TRUE,"retained"
"ZDHHC3",0.518298898410825,0.290741763133877,TRUE,"retained"
"ZER1",0.9287143555326,0.810954355725046,TRUE,"retained"
"ATF5",0.298745038822125,0.271800932493055,TRUE,"retained"
"CASP3",0.5373763150063,0.290918627896371,TRUE,"retained"
"KIAA0913",0.3595097235849,0.160516972948211,TRUE,"retained"
"RNF103",0.556092814809,0.398935377067612,TRUE,"retained"
"KIF3C",0.601574228481449,0.346217613979029,TRUE,"retained"
"ST3GAL4",0.6661602643976,0.447142793894188,TRUE,"retained"
"ZBTB5",0.3762379371912,0.208097461597424,TRUE,"retained"
"TNRC6A",0.505695674600025,0.273542669984642,TRUE,"retained"
"TOB2",0.2795254610253,0.093034626022666,TRUE,"retained"
"TNFAIP2",0.52455090618966,0.217011684866285,TRUE,"retained"
"DBI",0.8164026117926,0.586514455878412,TRUE,"retained"
"LTBR",0.460273849030799,0.233224369492212,TRUE,"retained"
"TSC22D3",0.749403734197302,0.626662754917884,TRUE,"retained"
"EIF4E2",0.255042035416701,0.0832813169293489,TRUE,"retained"
"MIIP",0.44605335436095,0.216836009095057,TRUE,"retained"
"TEX10",0.4460293632984,0.240617921468066,TRUE,"retained"
"GLG1",0.47374185918864,0.223607514667763,TRUE,"retained"
"AIF1",0.617129653967397,0.477271597005156,TRUE,"retained"
"SFRS4",0.3734906749434,0.201479620271718,TRUE,"retained"
"PDCD6",0.2490857610815,0.0715482525095244,TRUE,"retained"
"ETNK1",0.45674997080622,0.235949403502223,TRUE,"retained"
"CDK7",0.559862993961599,0.34444590197551,TRUE,"retained"
"PLEKHJ1",0.4097368127244,0.157612359988615,TRUE,"retained"
"FARSA",0.3564461174925,0.127428203781904,TRUE,"retained"
"QRICH1",0.3547153776957,0.156547507222487,TRUE,"retained"
"C6orf129",0.7169311346463,0.610343076325758,TRUE,"retained"
"ZNF282",0.5344890206943,0.338337878211792,TRUE,"retained"
"NAGLU",0.2935036139763,0.103873981746273,TRUE,"retained"
"ZSCAN18",0.2473431268791,0.0795686856233004,TRUE,"retained"
"TSSC4",0.4001909132298,0.142704085964912,TRUE,"retained"
"PSMG1",0.4179796951092,0.241179513321232,TRUE,"retained"
"DHX29",0.6711078063564,0.396778418074735,TRUE,"retained"
"CD37",0.347578170700601,0.158997804118527,TRUE,"retained"
"EBP",0.57330601986315,0.389820288427189,TRUE,"retained"
"EGR1",0.2391624336339,0.126292768494156,TRUE,"retained"
"DUSP5",0.4219117890078,0.514763273724486,TRUE,"retained"
"PSME4",0.500224913958523,0.375199332103306,TRUE,"retained"
"ZNRD1",0.396618495126,0.185293521777627,TRUE,"retained"
"ZNF263",0.292521316049025,0.113038336387885,TRUE,"retained"
"KANK2",0.81951470199375,1.15598023538005,TRUE,"retained"
"IRF8",0.704994216479699,0.497620702425518,TRUE,"retained"
"PPFIA1",0.367251333967699,0.182854031397213,TRUE,"retained"
"ATXN7L3",0.3265327002714,0.121787017589144,TRUE,"retained"
"ZNF512",0.4118741694088,0.236579277525046,TRUE,"retained"
"PLAU",0.3159170848617,0.13947821605915,TRUE,"retained"
"PTPN12",0.913664865690501,0.789180061826917,TRUE,"retained"
"ZNF828",0.3870749299851,0.168510381365785,TRUE,"retained"
"GNAI2",0.319957122947999,0.119704970334879,TRUE,"retained"
"PTP4A1",0.793199260200001,0.608793594148211,TRUE,"retained"
"MMS19",0.372171475995899,0.147589018236004,TRUE,"retained"
"MAGT1",0.502553666210399,0.260980430299576,TRUE,"retained"
"ASF1B",0.2964105589158,0.114395057700158,TRUE,"retained"
"ZCCHC17",0.443333364725474,0.349610587347447,TRUE,"retained"
"IER3IP1",0.5634718032237,0.318978616537419,TRUE,"retained"
"STAU1",0.3706986053113,0.179678893942552,TRUE,"retained"
"FAM136A",0.5181969487191,0.275587789025089,TRUE,"retained"
"ERCC5",0.407524303046,0.184473319567173,TRUE,"retained"
"SRRT",0.2432467295188,0.0615011424704223,TRUE,"retained"
"FOXK2",0.27892250947365,0.088858055679423,TRUE,"retained"
"FOLR1",0.2542870100001,0.0731144150147266,TRUE,"retained"
"TBK1",0.7238328896883,0.502415681434629,TRUE,"retained"
"DNAL4",0.284592075285,0.0811678975435075,TRUE,"retained"
"ERMP1",0.2594201255415,0.108621812743814,TRUE,"retained"
"C5orf62",0.5421040575615,0.310083612810424,TRUE,"retained"
"U2AF2",0.428118534528301,0.19883745076712,TRUE,"retained"
"EIF2B1",0.4718480197025,0.24368817628153,TRUE,"retained"
"FNBP4",0.507846843989099,0.323313750610181,TRUE,"retained"
"NUMB",0.61122210416925,0.392066701006324,TRUE,"retained"
"C2orf64",0.3030701890692,0.0900402432070849,TRUE,"retained"
"SC5DL",0.3016665686538,0.176259614436655,TRUE,"retained"
"ZDHHC18",0.686562559225201,0.577011433922686,TRUE,"retained"
"DCPS",0.4121467048944,0.199325276067229,TRUE,"retained"
"MOGS",0.3366397823985,0.113826354485479,TRUE,"retained"
"PATL1",0.45400217415525,0.279173538632891,TRUE,"retained"
"TCF3",0.676748622144525,0.480918376329772,TRUE,"retained"
"KCTD2",0.34495592783295,0.122106593782046,TRUE,"retained"
"MED11",0.5253622062591,0.300204757774403,TRUE,"retained"
"KRAS",0.507667425852826,0.253473128916502,TRUE,"retained"
"TYW1",0.1992326261632,0.0519572982737522,TRUE,"retained"
"TMEM216",0.6091252003494,0.415049410803645,TRUE,"retained"
"FAM20B",0.6825663110007,0.643974293174658,TRUE,"retained"
"C15orf17",0.3191025725349,0.112869457381021,TRUE,"retained"
"METTL3",0.35580684528018,0.143710231682813,TRUE,"retained"
"ACP5",0.7813108869111,0.781331057642586,TRUE,"retained"
"FBXL3",0.864029546457001,0.636885684783181,TRUE,"retained"
"GGPS1",0.358216835598302,0.146324021264538,TRUE,"retained"
"PITPNB",0.2703215328576,0.0805511954374632,TRUE,"retained"
"MRPL40",0.4898692011087,0.292108733746841,TRUE,"retained"
"C17orf49",0.4012432901379,0.171839808547256,TRUE,"retained"
"SUN1",0.817826475381301,0.763119898601658,TRUE,"retained"
"SIDT2",0.3126996901539,0.0892067860342909,TRUE,"retained"
"DNAJC7",0.4399148021394,0.233918381552646,TRUE,"retained"
"CBX7",0.8476310097171,0.726581276471703,TRUE,"retained"
"NR4A1",0.2710867462072,0.0733950584774191,TRUE,"retained"
"NUP205",0.5673898168701,0.376411698097926,TRUE,"retained"
"C7orf11",0.5044081445445,0.282689056324641,TRUE,"retained"
"C10orf54",0.4812390369171,0.330776594203561,TRUE,"retained"
"ZMYM3",0.3307976660394,0.112777443312901,TRUE,"retained"
"NCOA5",0.4674489199002,0.24144243341057,TRUE,"retained"
"CDC25B",0.3844638245322,0.183922058972282,TRUE,"retained"
"MYLIP",0.8569725832101,0.802809230999341,TRUE,"retained"
"CPNE2",0.4601811294507,0.262821605021707,TRUE,"retained"
"STX18",0.3183467675178,0.16022696456084,TRUE,"retained"
"SLC25A22",0.4243243431861,0.190058341009028,TRUE,"retained"
"MRPL4",0.268481366802599,0.0773927789376715,TRUE,"retained"
"IRS2",0.90293991606735,0.833481541459018,TRUE,"retained"
"ZMAT5",0.3323206476156,0.125852722675604,TRUE,"retained"
"ADARB1",0.30119139201795,0.111325325561009,TRUE,"retained"
"SSFA2",0.72464171574312,0.46618907046241,TRUE,"retained"
"IFT52",0.34282870002465,0.187463223806592,TRUE,"retained"
"IL1R1",0.8828545827108,1.03990258850434,TRUE,"retained"
"NCOA7",0.59171571610515,0.760651498103644,TRUE,"retained"
"PUS1",0.332235181656,0.149323125940453,TRUE,"retained"
"RAB11A",0.470212033551225,0.225003348611895,TRUE,"retained"
"ATP6V0A1",0.326955438457201,0.126395945823655,TRUE,"retained"
"PPIL1",0.46171854006075,0.241068123707535,TRUE,"retained"
"DCAF12",1.09159839687255,1.24009333739073,TRUE,"retained"
"SNRPE",0.4662585796491,0.283324764249652,TRUE,"retained"
"MED17",0.3804765341769,0.150594212797527,TRUE,"retained"
"RAB11B",0.232941731843625,0.0685226030494413,TRUE,"retained"
"ITPK1",0.59750643813525,0.355665567680364,TRUE,"retained"
"GLRX",0.807693088965001,0.77072055133442,TRUE,"retained"
"BASP1",0.430619299453002,0.342957945010849,TRUE,"retained"
"RPL27",0.6770242019639,0.434813780534041,TRUE,"retained"
"TBC1D23",0.5537618177154,0.282388719172759,TRUE,"retained"
"LSM1",0.435332817943799,0.21260331165683,TRUE,"retained"
"BTBD3",0.32321404213035,0.229011018362951,TRUE,"retained"
"UTP11L",0.414170550634049,0.173142328571627,TRUE,"retained"
"TYMS",0.773924483272501,1.00492417500862,TRUE,"retained"
"TTYH2",0.571581892833,0.350136283052702,TRUE,"retained"
"PVALB",0.4011449477973,0.407052573445741,TRUE,"retained"
"NME3",0.6028101071622,0.338363062068196,TRUE,"retained"
"C11orf48",0.4478089362327,0.211779715134353,TRUE,"retained"
"S100A4",0.382439889713001,0.24406091655493,TRUE,"retained"
"PVRL2",0.61842611835585,0.82431096209254,TRUE,"retained"
"NCOR2",0.5599509714456,0.371504010247438,TRUE,"retained"
"IL4R",0.74887172760078,0.510979582005811,TRUE,"retained"
"MAPKAPK3",0.45723504943095,0.215388223340001,TRUE,"retained"
"BCL2L11",0.307829058842287,0.0988911264928077,TRUE,"retained"
"ATP2B4",0.69861187811625,0.551105194306866,TRUE,"retained"
"LYN",0.399575851924901,0.230434378204503,TRUE,"retained"
"SHKBP1",0.603238559584921,0.354334647646694,TRUE,"retained"
"TNKS",0.2673322606227,0.0827363925304699,TRUE,"retained"
"TPCN1",0.31001542098555,0.106219867059558,TRUE,"retained"
"RAB11FIP1",0.6034072072623,0.363381166912978,TRUE,"retained"
"NPRL2",0.530829946350201,0.291494101762348,TRUE,"retained"
"RNF38",0.5821272834111,0.434061967900317,TRUE,"retained"
"MEF2A",0.854585450988675,0.609585801699369,TRUE,"retained"
"ENDOD1",0.93166250007285,0.935551126947957,TRUE,"retained"
"IFT20",0.4279979442921,0.192655990693516,TRUE,"retained"
"CD59",0.8796580479379,0.884812227406898,TRUE,"retained"
"IPO5",0.51750464308935,0.340408732355696,TRUE,"retained"
"DLD",0.6089685758379,0.363129429259712,TRUE,"retained"
"SF3A3",0.63781986959145,0.412200128589051,TRUE,"retained"
"SRP54",0.562865533613249,0.357414026909384,TRUE,"retained"
"METTL13",0.43159190939235,0.201634729595683,TRUE,"retained"
"NFS1",0.4930627281804,0.248045083340878,TRUE,"retained"
"ATP6V1A",0.616301734545,0.382452374024957,TRUE,"retained"
"AIMP1",0.36965851762518,0.142936555837358,TRUE,"retained"
"TK1",0.49926457407855,0.305091538153019,TRUE,"retained"
"ARL2",0.3503981576907,0.148376317636564,TRUE,"retained"
"OLFM4",3.0231871643169,6.65887170944437,TRUE,"retained"
"CDK5RAP1",0.326592138446699,0.140361926560837,TRUE,"retained"
"PRPS2",0.50978602733835,0.346349859159259,TRUE,"retained"
"PDXK",0.3936401832587,0.159837320888601,TRUE,"retained"
"EMP3",0.5171934857502,0.267471413779513,TRUE,"retained"
"TTC27",0.3617250422961,0.232251739742286,TRUE,"retained"
"DGCR14",0.2675862003507,0.0745462947960941,TRUE,"retained"
"HPCAL1",0.4728589154394,0.241895268111045,TRUE,"retained"
"ATG5",0.459954757681299,0.220448892386112,TRUE,"retained"
"APH1A",0.3001494357228,0.0980131316301592,TRUE,"retained"
"C2orf7",0.36078299936805,0.186528734201363,TRUE,"retained"
"HDAC3",0.2850958227348,0.0757817466022568,TRUE,"retained"
"PPFIBP2",0.3372554083269,0.126853652979219,TRUE,"retained"
"THTPA",0.282654761865,0.103835443429161,TRUE,"retained"
"PTX3",0.7702017480612,1.08146352643611,TRUE,"retained"
"NMI",0.533998237691939,0.378927318804775,TRUE,"retained"
"KLF13",0.44275195183065,0.234585862784061,TRUE,"retained"
"MCRS1",0.3057807510366,0.100558028261673,TRUE,"retained"
"PPP1R15B",0.624325507676501,0.335608447477191,TRUE,"retained"
"RBL2",0.57225572304285,0.328570723267975,TRUE,"retained"
"PRDM4",0.41158445886705,0.16529008522103,TRUE,"retained"
"MYOF",0.61261725745605,0.721864306163879,TRUE,"retained"
"MLL4",0.4685584510383,0.228764619238527,TRUE,"retained"
"RFWD2",0.4202768525991,0.236148882668176,TRUE,"retained"
"KIAA0528",0.53788396886,0.301442022565583,TRUE,"retained"
"C1D",0.543823970115825,0.352739628964047,TRUE,"retained"
"DDX50",0.5665084734393,0.314771840824327,TRUE,"retained"
"CMTM4",0.32641949597775,0.268168411374101,TRUE,"retained"
"CDCA5",0.2974888664979,0.296435982790477,TRUE,"retained"
"FCHSD2",0.6719401743201,0.477854028616562,TRUE,"retained"
"UHRF2",0.6562802407308,0.432622114340973,TRUE,"retained"
"BNIP1",0.2708517261849,0.0817510135581868,TRUE,"retained"
"FOXJ2",0.3011887400172,0.105973342541452,TRUE,"retained"
"C14orf159",1.01485445872702,0.775469192594874,TRUE,"retained"
"VEZF1",0.40273729889316,0.239896474000962,TRUE,"retained"
"ATP6V0D1",0.419278901407499,0.22179150781745,TRUE,"retained"
"LHFP",0.3286345118679,0.244925398528817,TRUE,"retained"
"KPNA3",0.4484893629006,0.246194737497134,TRUE,"retained"
"BTD",0.2653472319456,0.0804148156262103,TRUE,"retained"
"PRICKLE4",0.5257150522099,0.298464682714342,TRUE,"retained"
"REC8",0.7113000456408,0.494668822434404,TRUE,"retained"
"TOE1",0.2573441057488,0.0748251832043065,TRUE,"retained"
"TMEM9B",0.4690541768808,0.263735182765068,TRUE,"retained"
"PYCR1",0.22364290634175,0.0547825480249365,TRUE,"retained"
"SLC27A2",0.265756376172,0.249985371579917,TRUE,"retained"
"DDA1",0.4815333330171,0.274867085581728,TRUE,"retained"
"RAB22A",0.53872399309365,0.258793043331712,TRUE,"retained"
"HNRNPAB",0.551313674712501,0.323962355626609,TRUE,"retained"
"GSPT1",0.963412174103401,0.980074428859726,TRUE,"retained"
"C1orf212",0.37607623112115,0.155311159537608,TRUE,"retained"
"C19orf22",0.556655160788299,0.349209100195198,TRUE,"retained"
"HLA-F",0.541399001730601,0.34170015102723,TRUE,"retained"
"KTI12",0.408050938627501,0.173264690893639,TRUE,"retained"
"PRPF4B",0.43125101376588,0.185501805055305,TRUE,"retained"
"PRUNE2",0.410428779024075,0.514575283010714,TRUE,"retained"
"ITGA7",0.7401337178991,1.2650464837942,TRUE,"retained"
"KIAA0146",0.4164432680807,0.174360255765557,TRUE,"retained"
"KIAA0430",0.3245580211307,0.109150146059342,TRUE,"retained"
"TBC1D13",0.254076500073901,0.0676930133932743,TRUE,"retained"
"HINFP",0.3047323593573,0.099333572847901,TRUE,"retained"
"PPP1R10",0.38171490066045,0.144476124505036,TRUE,"retained"
"ABHD4",0.453744142080601,0.204867027226892,TRUE,"retained"
"URGCP",0.2810931340959,0.0910934244164157,TRUE,"retained"
"CCDC130",0.24106405012305,0.0686841182638311,TRUE,"retained"
"ANKRD27",0.559708124530801,0.326742967601435,TRUE,"retained"
"NOTCH1",0.5491701966198,0.366457883489696,TRUE,"retained"
"ERF",0.3229036930553,0.0980899274715713,TRUE,"retained"
"ACACA",0.3521124643491,0.152827042706187,TRUE,"retained"
"SMAD3",0.5826865142007,0.401773610330378,TRUE,"retained"
"HNRNPUL1",0.3288074356602,0.117084394200189,TRUE,"retained"
"TAX1BP1",0.53308961471766,0.298710208236061,TRUE,"retained"
"EIF3L",0.655582003403775,0.488473633815186,TRUE,"retained"
"IFRD2",0.43984715221335,0.338976002547839,TRUE,"retained"
"NDUFB4",0.3130073326191,0.121138569492744,TRUE,"retained"
"RPRD1B",0.4767129393285,0.236459599395826,TRUE,"retained"
"TRIAP1",0.6784255945257,0.4167141922343,TRUE,"retained"
"NDUFV2",0.3845673685749,0.20084274445505,TRUE,"retained"
"EIF4EBP1",0.4786983734967,0.248699215238725,TRUE,"retained"
"MRPL45",0.41262746277795,0.200597867166976,TRUE,"retained"
"UBL3",0.730777671759099,0.523995117902388,TRUE,"retained"
"APBB3",0.27554963005605,0.0801469872296036,TRUE,"retained"
"FXYD5",0.5308091266926,0.310505493943608,TRUE,"retained"
"HK1",0.647419088941801,0.663798541748724,TRUE,"retained"
"CDKN2A",0.3006798701844,0.216110312698026,TRUE,"retained"
"NME1-NME2",0.6276523785567,0.451955332864845,TRUE,"retained"
"SEMA4B",0.272787089615249,0.0844436928728308,TRUE,"retained"
"TACC3",0.270061325067451,0.0772414364376579,TRUE,"retained"
"CCDC25",0.3260750550099,0.131248225447619,TRUE,"retained"
"PAFAH1B3",0.3617207249649,0.152369738794552,TRUE,"retained"
"MYO18A",0.4108219239579,0.156373411019198,TRUE,"retained"
"PDLIM2",0.6475513872702,0.426553531933666,TRUE,"retained"
"KIAA0182",0.489382351963049,0.344993940071336,TRUE,"retained"
"HEG1",0.317248564185,0.173441207698592,TRUE,"retained"
"TMUB1",0.29325427364415,0.0953298561391644,TRUE,"retained"
"ACADSB",0.2757371756202,0.120947220339426,TRUE,"retained"
"CD93",0.581048886873,0.426319506603839,TRUE,"retained"
"ACAP2",0.56666286065445,0.350186064043821,TRUE,"retained"
"SESN2",0.94705755160485,0.983358265421808,TRUE,"retained"
"WWC3",0.553974097495352,0.380867390741476,TRUE,"retained"
"SGSM2",0.420449008404599,0.195434742296328,TRUE,"retained"
"NAPB",0.29411360936055,0.114487146475817,TRUE,"retained"
"TSPAN3",0.4723477727808,0.309148078781269,TRUE,"retained"
"SCAMP4",0.3118487452122,0.0961519623739239,TRUE,"retained"
"GRB2",0.300412129674301,0.111879549951696,TRUE,"retained"
"NHP2",0.656860445862598,0.517653586254257,TRUE,"retained"
"DAZAP2",0.3952416875316,0.175668537727425,TRUE,"retained"
"RPS9",0.397330620523199,0.160419569920572,TRUE,"retained"
"TUBGCP2",0.1732971643536,0.0302901614559293,TRUE,"retained"
"CNOT7",0.4727745611827,0.243324636488843,TRUE,"retained"
"S100P",0.695215358270999,0.937855695877784,TRUE,"retained"
"TUSC2",0.33363749478885,0.121329292716095,TRUE,"retained"
"NLRP2",0.2598230598978,0.0884263856316097,TRUE,"retained"
"VPS33B",0.42068052121305,0.167348019472155,TRUE,"retained"
"ERP44",0.378146109119801,0.203185481675961,TRUE,"retained"
"USF2",0.28388418893772,0.0855002175379043,TRUE,"retained"
"COIL",0.30212909203995,0.0882825092244811,TRUE,"retained"
"HS6ST1",0.2586570416997,0.0686889218632989,TRUE,"retained"
"ST6GALNAC6",0.2212021001085,0.0535752078307456,TRUE,"retained"
"LYPLA1",0.60263893098465,0.338052607926182,TRUE,"retained"
"FDPS",0.415052097922349,0.220231171141674,TRUE,"retained"
"ZZZ3",0.29577611990535,0.115491092316066,TRUE,"retained"
"LAMA5",0.251026685868,0.0844520483113713,TRUE,"retained"
"GALNT14",1.162460024817,1.25187879923649,TRUE,"retained"
"NRBF2",0.78972891090954,0.725916285231231,TRUE,"retained"
"DHRS7B",0.4179851125296,0.174492962187752,TRUE,"retained"
"WDR5",0.2871430487058,0.0980286119570819,TRUE,"retained"
"LOC401127",0.3028119594381,0.111437292901681,TRUE,"retained"
"PRKAG2",0.581295580949476,0.345356427855306,TRUE,"retained"
"DGKZ",0.421418706826425,0.16930371854632,TRUE,"retained"
"PSD4",0.4543457225979,0.214810824782931,TRUE,"retained"
"PARP4",0.3111121969452,0.109496705309135,TRUE,"retained"
"AIFM1",0.4406315132184,0.194058764577546,TRUE,"retained"
"C2orf68",0.414520934356899,0.211084037586734,TRUE,"retained"
"ZHX2",0.680512812890401,0.500721377657802,TRUE,"retained"
"ZFYVE20",0.2037840905436,0.0476135574161095,TRUE,"retained"
"TRIM26",0.3198852704334,0.115848929602855,TRUE,"retained"
"PREPL",0.3471996802176,0.153883545969521,TRUE,"retained"
"JUN",0.2528907170881,0.215361591131129,TRUE,"retained"
"TGM2",0.6220306951656,0.456488181063649,TRUE,"retained"
"PNP",0.846455525118,1.04439526641972,TRUE,"retained"
"NUDT21",0.562895942851201,0.251547306201562,TRUE,"retained"
"RFC3",0.405090494067,0.22306150482316,TRUE,"retained"
"BZW2",0.4270548886247,0.219583712604616,TRUE,"retained"
"TMBIM6",0.262930950140249,0.0753764391044028,TRUE,"retained"
"STXBP2",0.7154122383744,0.608592728270495,TRUE,"retained"
"NDUFAF3",0.4521716913315,0.231974588114711,TRUE,"retained"
"GPKOW",0.3035175865995,0.106650912625953,TRUE,"retained"
"C14orf166",0.42324315676545,0.189327807359316,TRUE,"retained"
"NONO",0.35396746715295,0.165799310126544,TRUE,"retained"
"ECSIT",0.7383519892644,0.589572003137642,TRUE,"retained"
"TST",0.5822329023525,0.346255680903788,TRUE,"retained"
"FCER1G",0.571773422514001,0.357541588343644,TRUE,"retained"
"CLPTM1L",0.4167724806462,0.206749071328884,TRUE,"retained"
"TMEM115",0.388478980354501,0.141867349797701,TRUE,"retained"
"CCNB1IP1",0.559601335818,0.415772671304158,TRUE,"retained"
"SMARCA5",0.6839905981188,0.486016784947731,TRUE,"retained"
"ACD",0.2610790860006,0.0751219875834837,TRUE,"retained"
"HSDL2",0.687376212082,0.485717105943839,TRUE,"retained"
"SOD3",0.2464617878961,0.0673635412441105,TRUE,"retained"
"EMD",0.477713720274,0.223479437433681,TRUE,"retained"
"ZNF32",0.4018936867428,0.21774904038243,TRUE,"retained"
"SAPS1",0.381163553225699,0.169326735943123,TRUE,"retained"
"SASH1",0.24508005102735,0.12673440022279,TRUE,"retained"
"ATPAF2",0.34664874346305,0.106418502155988,TRUE,"retained"
"NSUN4",0.2999928755985,0.0999180035904065,TRUE,"retained"
"MAPK8IP3",0.2695689057936,0.0807851418696667,TRUE,"retained"
"SH3BGRL2",0.8670286616733,0.76547284156192,TRUE,"retained"
"AGBL5",0.251077205463,0.0827693587870371,TRUE,"retained"
"NAGA",0.588400145107951,0.370193049019744,TRUE,"retained"
"AXIN2",0.281470408352699,0.0871947263196352,TRUE,"retained"
"INPP5K",0.46390305330915,0.236870714952266,TRUE,"retained"
"SLC43A2",0.3582802006868,0.145538334919779,TRUE,"retained"
"STK11IP",0.24916080448665,0.068829106163507,TRUE,"retained"
"SLC39A11",0.33058346258595,0.128560474969392,TRUE,"retained"
"ELMOD3",0.344186630043901,0.12342169810977,TRUE,"retained"
"NCK2",0.301023079729399,0.0952035835699345,TRUE,"retained"
"NECAB3",0.3021155392227,0.0949041366554926,TRUE,"retained"
"USP33",0.48257310226545,0.233355488844497,TRUE,"retained"
"GLIS2",0.21002318231895,0.0526312227676397,TRUE,"retained"
"ABHD2",0.642767897163525,0.421240649355476,TRUE,"retained"
"IDH1",0.824948236649599,0.668882689092001,TRUE,"retained"
"MID1IP1",0.7000727836011,0.44375561758273,TRUE,"retained"
"UBE2N",0.5536305910597,0.305402199435454,TRUE,"retained"
"H1F0",0.350699822065601,0.170110439717794,TRUE,"retained"
"EI24",0.312471372825,0.110911583552762,TRUE,"retained"
"ORC3L",0.33491603120745,0.121418153772026,TRUE,"retained"
"FABP5",0.46178649725565,0.455894030594486,TRUE,"retained"
"SRP68",0.45610269588975,0.220298518558736,TRUE,"retained"
"REEP4",0.258187501538401,0.081211452978044,TRUE,"retained"
"EXOC1",0.6526839982334,0.422177317155783,TRUE,"retained"
"F8A1",0.375092670945298,0.169505423752902,TRUE,"retained"
"MRPL54",0.5272086429708,0.275877242449351,TRUE,"retained"
"UBE2Q1",0.262903668076351,0.075713317126776,TRUE,"retained"
"GPCPD1",0.66585940717485,0.457497866888416,TRUE,"retained"
"SFRS13A",0.540453381994749,0.280102702686906,TRUE,"retained"
"TFF3",1.1448285697779,1.72489706664141,TRUE,"retained"
"PSMG2",0.513885631686,0.300163204682195,TRUE,"retained"
"UBE2L3",0.332807111126399,0.123906406350729,TRUE,"retained"
"TSPAN14",0.448065507761026,0.202955044928084,TRUE,"retained"
"SQRDL",0.594309379139698,0.309329869167305,TRUE,"retained"
"TAF9",0.51662957476305,0.232540535179411,TRUE,"retained"
"KCMF1",0.2678711330904,0.0757915390870017,TRUE,"retained"
"SMG7",0.334062536070199,0.116257006855332,TRUE,"retained"
"NIPA2",0.430517098893,0.227693342687925,TRUE,"retained"
"TOR3A",0.3075906327627,0.107050216757311,TRUE,"retained"
"PCIF1",0.2054474891658,0.0509331705952642,TRUE,"retained"
"CAD",0.2830294556565,0.0984200614131215,TRUE,"retained"
"SIK3",0.445422963960451,0.193438820946052,TRUE,"retained"
"NKTR",0.594079296669598,0.421414684106364,TRUE,"retained"
"FAHD2A",0.29483528937345,0.0936788196258666,TRUE,"retained"
"NRN1",0.5856706618287,0.766040434877513,TRUE,"retained"
"C7orf23",0.9290746673628,0.751320407964356,TRUE,"retained"
"MTSS1",0.5452804265034,0.298217230605172,TRUE,"retained"
"PARP6",0.4190449150398,0.170002588161978,TRUE,"retained"
"ZBTB44",0.535124061640349,0.29299849958414,TRUE,"retained"
"ILF3",0.36015895916574,0.145649437480458,TRUE,"retained"
"NAT15",0.4567625540772,0.210560086261888,TRUE,"retained"
"OTUD4",0.542223927995401,0.338750967152879,TRUE,"retained"
"MCOLN1",0.7089351948588,0.540723804412631,TRUE,"retained"
"CREB3L2",0.279347510292375,0.108453283017344,TRUE,"retained"
"MKRN1",1.0335020909037,0.824495622431619,TRUE,"retained"
"C20orf112",0.8781728892174,0.697621967803769,TRUE,"retained"
"RCOR1",0.552883090332299,0.423942900717584,TRUE,"retained"
"DNMT3A",0.2866981189632,0.0841310174147222,TRUE,"retained"
"ANKRD10",0.495493089126,0.248719828222723,TRUE,"retained"
"KIAA1147",0.3236077002291,0.189766167087076,TRUE,"retained"
"WIPF1",0.482968769498999,0.246398746930159,TRUE,"retained"
"NT5DC3",0.3519838273014,0.152229486442173,TRUE,"retained"
"SERBP1",0.3289480684245,0.117389602634867,TRUE,"retained"
"NET1",0.2122159105304,0.101782313895871,TRUE,"retained"
"GSTM3",0.3364315289895,0.458453820110156,TRUE,"retained"
"COQ9",0.4038753803112,0.176877881815308,TRUE,"retained"
"GPN2",0.3227336178318,0.110580212872365,TRUE,"retained"
"PSMA1",0.31751303148495,0.12131135905279,TRUE,"retained"
"CNPY2",0.4630734673208,0.22924773361597,TRUE,"retained"
"SAP30BP",0.281858796457088,0.0888926090682155,TRUE,"retained"
"BEX4",0.8983979698554,0.669315232607158,TRUE,"retained"
"CHMP6",0.2863282843932,0.093356085638759,TRUE,"retained"
"SDF2L1",0.7360827491325,0.576592357597901,TRUE,"retained"
"RTN4",0.501928959542326,0.247553048922105,TRUE,"retained"
"CCNL1",0.541093784640151,0.431830476991902,TRUE,"retained"
"FAU",0.336822536322999,0.119307968387515,TRUE,"retained"
"CCDC12",0.3928274468958,0.170354935968828,TRUE,"retained"
"DDRGK1",0.424687167282,0.195450887139636,TRUE,"retained"
"TM2D2",0.276086295797201,0.0889595556191712,TRUE,"retained"
"ATXN2",0.2625540113217,0.0621821976959059,TRUE,"retained"
"C7orf41",0.582687088461101,0.40271075343484,TRUE,"retained"
"PPPDE2",0.40377747274305,0.161226182126096,TRUE,"retained"
"UBA7",0.5538111319566,0.307032498443926,TRUE,"retained"
"VPS72",0.30017543073105,0.0845811008813102,TRUE,"retained"
"TP53INP1",0.543407524640401,0.380738257539684,TRUE,"retained"
"ABCD4",0.3235676211033,0.119357675951919,TRUE,"retained"
"RABEP1",0.4841594962498,0.220716206309338,TRUE,"retained"
"DNAJA4",0.8480827053048,0.856016716142633,TRUE,"retained"
"DUSP12",0.5387702920971,0.284889212122125,TRUE,"retained"
"DGUOK",0.3240321834351,0.114944167660227,TRUE,"retained"
"TRAK1",0.256001747168475,0.0657239831946995,TRUE,"retained"
"BOK",0.30876137489505,0.107153696204313,TRUE,"retained"
"SERTAD1",0.4206125043435,0.219360038537643,TRUE,"retained"
"PCBP4",0.2853329015943,0.0880046814729487,TRUE,"retained"
"KIF1B",0.695441483063951,0.500100949407127,TRUE,"retained"
"JMJD1C",0.964292975643901,0.830219325251693,TRUE,"retained"
"C3orf75",0.3405783515526,0.13138797302616,TRUE,"retained"
"NDST2",0.81630439856175,0.587377943178586,TRUE,"retained"
"OSBPL8",0.59355574007765,0.397783223833514,TRUE,"retained"
"ACVR1",0.3189162529574,0.126141979351984,TRUE,"retained"
"SYNE2",0.774506234570775,0.515619826471185,TRUE,"retained"
"TMTC1",0.9706232348407,0.936939927653906,TRUE,"retained"
"STAT2",0.304593738666525,0.165592445460601,TRUE,"retained"
"PKD2",0.316209896879099,0.122240778354925,TRUE,"retained"
"CHMP5",1.0286560494,1.06042744105252,TRUE,"retained"
"SLC16A1",0.3759640898517,0.624498695104856,TRUE,"retained"
"MIR21",0.490385505068549,0.356481108090425,TRUE,"retained"
"MOV10",0.3648514757874,0.406101637561813,TRUE,"retained"
"NENF",0.394987569706275,0.19780416074776,TRUE,"retained"
"SRP14",0.428248288220898,0.199265872150337,TRUE,"retained"
"SFRS9",0.3631983244022,0.154206142537763,TRUE,"retained"
"ENY2",0.726357952697301,0.506724986499343,TRUE,"retained"
"MED9",0.2546546117745,0.075012692018937,TRUE,"retained"
"C11orf49",0.2574183924102,0.0697524996360726,TRUE,"retained"
"IRF3",0.22760082762655,0.0569511324728057,TRUE,"retained"
"C9orf5",0.64399578941166,0.48104369095073,TRUE,"retained"
"PSEN1",0.361440450925051,0.155723021668813,TRUE,"retained"
"CD97",0.642228417385799,0.563648245137264,TRUE,"retained"
"ANP32B",0.698209067186399,0.471954923537607,TRUE,"retained"
"TXNRD2",0.283257983435175,0.103789530114769,TRUE,"retained"
"WDTC1",0.2848199123574,0.093969993371179,TRUE,"retained"
"ACOT8",0.3586287732902,0.125376106633891,TRUE,"retained"
"SBNO2",0.319098868814775,0.111283453401018,TRUE,"retained"
"TMEM60",0.600442962798,0.39966096324148,TRUE,"retained"
"YIF1B",0.3287090429112,0.149591443786921,TRUE,"retained"
"C6orf89",0.257673706508399,0.0705132445321368,TRUE,"retained"
"ARFIP1",0.3310439525862,0.132672251327806,TRUE,"retained"
"INO80E",0.3178024361169,0.102419731404593,TRUE,"retained"
"IGF1R",0.583976655856124,0.359914019487343,TRUE,"retained"
"TBC1D9B",0.2289489245484,0.0517809770391538,TRUE,"retained"
"SLC9A1",0.4510932807087,0.21181051604597,TRUE,"retained"
"SFRS8",0.31464776398818,0.101258614296834,TRUE,"retained"
"B4GALT2",0.2819542766075,0.0876300840313813,TRUE,"retained"
"TOM1L2",0.1979079900273,0.039695305562428,TRUE,"retained"
"KIAA1797",0.3400451915427,0.140629884778766,TRUE,"retained"
"BRD8",0.4556664730863,0.245300334957161,TRUE,"retained"
"ARRDC3",0.835103511431,0.726703513516282,TRUE,"retained"
"ZNF655",0.35520499789488,0.124963885939021,TRUE,"retained"
"CCDC97",0.273994408601549,0.0729650910563827,TRUE,"retained"
"MAPT",0.2561637176973,0.0781721601693571,TRUE,"retained"
"POGK",0.322013484912001,0.107977958124521,TRUE,"retained"
"PCMTD1",0.6870393329919,0.453345724349166,TRUE,"retained"
"ST3GAL1",0.4306832887161,0.209997402524144,TRUE,"retained"
"FAM160B2",0.2703191080653,0.0859959110742444,TRUE,"retained"
"DCTN4",0.300461692436325,0.088709441256162,TRUE,"retained"
"ARHGAP21",0.2914613524914,0.128666356818457,TRUE,"retained"
"C1QL1",0.3896995663869,0.1623572223726,TRUE,"retained"
"SPG11",0.670326181119,0.602659464100306,TRUE,"retained"
"FUK",0.25310127878175,0.0556920110892765,TRUE,"retained"
"CAPN5",0.26514312425685,0.083981587675449,TRUE,"retained"
"MTMR10",0.701965584179999,0.620507664781811,TRUE,"retained"
"HIF1A",0.990668517024638,0.952632397591339,TRUE,"retained"
"WLS",0.8910172215945,0.673281563845594,TRUE,"retained"
"POMP",0.343975723522201,0.134465875664277,TRUE,"retained"
"COX5B",0.350414113431899,0.134073946571706,TRUE,"retained"
"NDUFA6",0.614504305917601,0.384555652560473,TRUE,"retained"
"PRSS23",0.275818951573725,0.233852959461337,TRUE,"retained"
"MAPKSP1",0.5622548221332,0.323271231755496,TRUE,"retained"
"SELK",0.69286146575625,0.520429393249284,TRUE,"retained"
"SMARCE1",0.6913753068985,0.474200165815613,TRUE,"retained"
"KRT222",0.466875728949,0.247676839405816,TRUE,"retained"
"SRRM1",0.3294676681512,0.14323431381445,TRUE,"retained"
"PCMT1",0.70477489805625,0.453968382439692,TRUE,"retained"
"S100A2",0.311196542800499,0.106377140887699,TRUE,"retained"
"SSBP2",0.4855155387957,0.295933000443695,TRUE,"retained"
"TMED1",0.4326009947511,0.179529127516839,TRUE,"retained"
"TCEA2",0.2160242582316,0.0518774620981866,TRUE,"retained"
"R3HCC1",0.4182509360379,0.184077650403333,TRUE,"retained"
"PAN2",0.4728711090831,0.26588837422545,TRUE,"retained"
"NRGN",1.2469485106848,1.45944918656256,TRUE,"retained"
"ADA",0.8074545586401,0.739265732306062,TRUE,"retained"
"ZNF302",0.197635888263975,0.0684758679830737,TRUE,"retained"
"HES6",0.7975264092831,2.00717711391846,TRUE,"retained"
"EXOC4",0.270557836131974,0.070583796739957,TRUE,"retained"
"C4orf27",0.4442448592365,0.238743564111338,TRUE,"retained"
"ZBED1",0.552789268809749,0.399407280151523,TRUE,"retained"
"PAQR4",0.303652511848,0.0957899707096144,TRUE,"retained"
"PPCDC",0.4363457717766,0.204030417484993,TRUE,"retained"
"C1orf216",0.3574939665402,0.143221453976076,TRUE,"retained"
"PDCD10",0.886277403509401,0.838439464685943,TRUE,"retained"
"PUM2",0.328064699267901,0.121794867743255,TRUE,"retained"
"TNFRSF1B",0.5250913898482,0.331790828660924,TRUE,"retained"
"PRKCH",0.9315222618037,0.861372531678547,TRUE,"retained"
"MKNK1",0.9354008081439,0.672177736172813,TRUE,"retained"
"PVRL1",0.2692120840038,0.0863825531660714,TRUE,"retained"
"PLCD1",0.3885086034438,0.171821144880307,TRUE,"retained"
"MADD",0.32921293306125,0.121431137979954,TRUE,"retained"
"SLC26A6",0.47543814313905,0.262012020336576,TRUE,"retained"
"TSC1",0.267848013055351,0.0909570136137459,TRUE,"retained"
"MTIF2",0.7317841305684,0.486694355006523,TRUE,"retained"
"C10orf137",0.60749148449115,0.283808581448303,TRUE,"retained"
"C5orf53",0.3335697173592,0.188979137379893,TRUE,"retained"
"ITM2C",0.3030990897087,0.184836390279066,TRUE,"retained"
"EHD1",0.4343636528079,0.193047536463183,TRUE,"retained"
"NDUFA2",0.353085863155201,0.145063683782335,TRUE,"retained"
"PELP1",0.2814780096429,0.092472746580187,TRUE,"retained"
"NDUFS2",0.3016355190562,0.104965139924923,TRUE,"retained"
"MON1B",0.352480280112101,0.158557804860457,TRUE,"retained"
"PDHX",0.32120865216615,0.136009114449879,TRUE,"retained"
"IL8",0.4891477988362,1.25125326862148,TRUE,"retained"
"C16orf62",0.3313154047854,0.106702127192805,TRUE,"retained"
"DNAJC25-GNG10",0.6856291416933,0.592866640691085,TRUE,"retained"
"PABPN1",0.391864335604,0.174969406880594,TRUE,"retained"
"SH3GLB1",0.6497202054679,0.433344545094774,TRUE,"retained"
"BEX2",0.297620452437,0.20487107907042,TRUE,"retained"
"PTPRCAP",1.018432069452,1.05433355881482,TRUE,"retained"
"SRPK1",0.537511789805201,0.409893265607013,TRUE,"retained"
"ZBED5",0.6494768035665,0.530650369586806,TRUE,"retained"
"MRPS30",0.5660489764104,0.307230744562236,TRUE,"retained"
"TMEM85",0.324546310567501,0.0972340980645533,TRUE,"retained"
"NUDCD3",0.3198618290448,0.12914455820783,TRUE,"retained"
"SUPV3L1",0.3834682008108,0.215225104112267,TRUE,"retained"
"HCK",0.515684922459,0.346611706521222,TRUE,"retained"
"SEC63",0.605409044916901,0.360672147096153,TRUE,"retained"
"FAM192A",0.2822575243992,0.0948607140116203,TRUE,"retained"
"PALMD",0.2940139715982,0.122110222548517,TRUE,"retained"
"DHRS1",0.634821441930901,0.413238052386191,TRUE,"retained"
"ATP2A2",0.461609869372575,0.221032174282333,TRUE,"retained"
"PNMA1",0.6224023095969,0.388513091174787,TRUE,"retained"
"SMC1A",0.492003831168149,0.244660060664668,TRUE,"retained"
"ZCCHC14",0.3693192352899,0.172678166856267,TRUE,"retained"
"PSMC4",0.40267367407785,0.152307785682447,TRUE,"retained"
"ARL5A",0.6537367522161,0.444997339837263,TRUE,"retained"
"TPRKB",0.319690139331675,0.137660731581222,TRUE,"retained"
"TMEM59L",0.2884161046935,0.0862861246398468,TRUE,"retained"
"PIP5K1A",0.2314489928982,0.061908596965221,TRUE,"retained"
"FOXO3",0.945582993319912,0.852995016162168,TRUE,"retained"
"RFC1",0.3137040854311,0.118247270300294,TRUE,"retained"
"SPAG9",0.5514920337164,0.287883096783919,TRUE,"retained"
"POLG",0.3901616527767,0.193414572309855,TRUE,"retained"
"TGFBR3",0.81729067078365,0.976276274633973,TRUE,"retained"
"ADCK2",0.22918187251365,0.0559681183527631,TRUE,"retained"
"CHST2",0.81771883750935,0.746559040085471,TRUE,"retained"
"OTUD5",0.2937995355001,0.092261236144004,TRUE,"retained"
"RGS19",0.4112865070461,0.192156140780024,TRUE,"retained"
"IRF7",0.734016207107401,0.965746668183878,TRUE,"retained"
"PAK4",0.31374942321555,0.0984057998983863,TRUE,"retained"
"IQSEC1",0.3982370725263,0.216328687705879,TRUE,"retained"
"WWP2",0.1709903086476,0.0337160555379968,TRUE,"retained"
"ARID5B",0.7726790244012,0.582460952064488,TRUE,"retained"
"ANKS1A",0.721086741243749,0.49014128248086,TRUE,"retained"
"TGIF2",0.45348504772305,0.260788785309602,TRUE,"retained"
"SLC35D2",0.4933981642065,0.232990963552797,TRUE,"retained"
"LOC100294221",0.258204513632101,0.0746162809079984,TRUE,"retained"
"STK19",0.3443658029952,0.121698588498036,TRUE,"retained"
"MMD",0.7604902399227,0.604165436150768,TRUE,"retained"
"TNFAIP3",0.83883286731615,0.907197284202567,TRUE,"retained"
"LSM14B",0.272364441744501,0.0878981944103069,TRUE,"retained"
"AURKA",0.4032699050037,0.306100911770593,TRUE,"retained"
"PGPEP1",0.2456227156152,0.0889959661513158,TRUE,"retained"
"MPP5",0.3028185607146,0.103128921889865,TRUE,"retained"
"EPB41L5",0.2660381087196,0.0645440926894229,TRUE,"retained"
"PRKAB2",0.4531184077854,0.221937805580897,TRUE,"retained"
"FAM160A2",0.60298996322145,0.312627846001763,TRUE,"retained"
"NUFIP2",0.457635072949251,0.294473808339125,TRUE,"retained"
"DDX6",0.276266387466299,0.0914005103956385,TRUE,"retained"
"CD46",1.03847900766925,0.942641928644188,TRUE,"retained"
"LPL",0.238709786217,0.15743229860926,TRUE,"retained"
"ARPP19",0.3050338151798,0.0962120177905776,TRUE,"retained"
"CAPN2",0.64432501334376,0.369383917981374,TRUE,"retained"
"HTATIP2",0.653605378783,0.367202903265016,TRUE,"retained"
"YKT6",0.2462885347195,0.0703310353661325,TRUE,"retained"
"TAGLN2",0.682392701505902,0.484754508533258,TRUE,"retained"
"CCL4",1.4821719266781,2.11759975657004,TRUE,"retained"
"KLHL21",0.5270810837733,0.385618897735757,TRUE,"retained"
"TMED5",0.48480652952718,0.254860558360367,TRUE,"retained"
"IFI6",1.4105783328126,3.26209728362464,TRUE,"retained"
"RNASE4",0.55899225668055,0.560655118521717,TRUE,"retained"
"OS9",0.4266594260782,0.155585510768213,TRUE,"retained"
"NDUFB7",0.5756274278706,0.327107610813055,TRUE,"retained"
"FKBP2",0.4959916326498,0.285507467822112,TRUE,"retained"
"CRKL",0.454903750628251,0.212397644276135,TRUE,"retained"
"DDX20",0.5249918490726,0.273476819252721,TRUE,"retained"
"MSRB2",0.47958448830495,0.217770206900167,TRUE,"retained"
"AHSP",1.7751845687688,2.68665021819653,TRUE,"retained"
"DHFR",0.49024300697106,0.338343942314902,TRUE,"retained"
"TADA3",0.353543768427675,0.127702583015738,TRUE,"retained"
"ANKH",0.6063587636358,0.356813843597921,TRUE,"retained"
"BTBD6",0.5579195996577,0.343498506835476,TRUE,"retained"
"PAPOLA",0.403395766031161,0.157907153977872,TRUE,"retained"
"PQLC3",0.882304427286451,0.722124138022954,TRUE,"retained"
"CBFB",0.5061446751298,0.215701162698891,TRUE,"retained"
"WDFY1",0.474485299469998,0.336220754232894,TRUE,"retained"
"ZNF652",0.7073491466909,0.492395554765562,TRUE,"retained"
"PIK3AP1",0.787921729887601,0.558722315947374,TRUE,"retained"
"PIP5K1C",0.3541216430976,0.139108662593485,TRUE,"retained"
"FADS3",0.3500141487234,0.12984037637216,TRUE,"retained"
"CCDC94",0.349152270348,0.112906978274844,TRUE,"retained"
"FTSJ3",0.49519142932245,0.261590069168244,TRUE,"retained"
"UVRAG",0.4009267935855,0.162431554246626,TRUE,"retained"
"ARAP1",0.46741099462155,0.336197764198937,TRUE,"retained"
"CYGB",0.2098108335981,0.0593888473818437,TRUE,"retained"
"ACSL4",0.756034241886,0.553297985100278,TRUE,"retained"
"ALKBH5",0.2317759795869,0.0685952233618282,TRUE,"retained"
"SNRK",0.767575104960299,0.754270796174168,TRUE,"retained"
"WEE1",0.4044110288652,0.376256810374347,TRUE,"retained"
"CPNE1",0.39258695249655,0.206777882917458,TRUE,"retained"
"RASSF5",0.3273262512961,0.117626107511275,TRUE,"retained"
"BTN2A1",0.49772744034405,0.27136973229806,TRUE,"retained"
"CEP350",0.39941345273935,0.187156894533379,TRUE,"retained"
"PDE8A",0.40955527169025,0.168435989015496,TRUE,"retained"
"ATRN",0.290060000083351,0.0985898441377601,TRUE,"retained"
"SESN1",0.5283498935946,0.393529070769666,TRUE,"retained"
"GNPAT",0.574379441351625,0.312388594430113,TRUE,"retained"
"EIF2S3",0.44460144047445,0.233834510941796,TRUE,"retained"
"GPATCH3",0.189355022593799,0.0466501500281985,TRUE,"retained"
"HSPA13",0.5484034542154,0.369107740419202,TRUE,"retained"
"WDR18",0.31734016329015,0.125159372580336,TRUE,"retained"
"MOBKL3",0.6375894697214,0.356325648994121,TRUE,"retained"
"REEP1",0.2558170517175,0.157277903313049,TRUE,"retained"
"RPUSD4",0.4126535961975,0.191073098167901,TRUE,"retained"
"AAGAB",0.4118127040251,0.182044997785263,TRUE,"retained"
"CDC5L",0.3789282179319,0.136689831177852,TRUE,"retained"
"GADD45GIP1",0.5055426130146,0.320023889417583,TRUE,"retained"
"TRUB2",0.3135693373533,0.116048473088311,TRUE,"retained"
"SMARCC2",0.273402294670575,0.0779190432808314,TRUE,"retained"
"CCDC124",0.2859868319763,0.123122931447832,TRUE,"retained"
"MMGT1",0.417516018630899,0.205281224573576,TRUE,"retained"
"PCK2",0.3002992282017,0.144155484620897,TRUE,"retained"
"TAB1",0.348469888872,0.134660343435112,TRUE,"retained"
"DUSP26",0.3179821146348,0.112901656935915,TRUE,"retained"
"CYB5B",0.548113795194,0.332165675909619,TRUE,"retained"
"TAF10",0.313001107181701,0.0947297298168652,TRUE,"retained"
"MVK",0.3395840228823,0.128524009568436,TRUE,"retained"
"ISOC1",0.7396554363282,0.576828242197479,TRUE,"retained"
"ITFG3",0.3724894329093,0.149869991948396,TRUE,"retained"
"SENP6",1.0162431921705,0.923961689312396,TRUE,"retained"
"CPNE3",0.6081709871286,0.439651551514692,TRUE,"retained"
"ELMO2",0.4208205724275,0.235041564117069,TRUE,"retained"
"FHL3",0.4597772244856,0.217171258533464,TRUE,"retained"
"C11orf1",0.3219019578096,0.127047634074423,TRUE,"retained"
"PJA2",0.809578454552,0.620006314990841,TRUE,"retained"
"GOT2",0.2858771247654,0.123383118337982,TRUE,"retained"
"NUPL2",0.3438485651209,0.108852927786848,TRUE,"retained"
"KYNU",0.743465546346601,0.625030864082758,TRUE,"retained"
"PPP1R14A",0.3306335866974,0.230333357158007,TRUE,"retained"
"DPCD",1.0782837604245,1.38010112393785,TRUE,"retained"
"C7orf27",0.37146624543,0.128048327871763,TRUE,"retained"
"CGRRF1",0.3982790424613,0.161523329770443,TRUE,"retained"
"LMF2",0.3873245412624,0.152063177747277,TRUE,"retained"
"POLR3D",0.3084769517991,0.104659184576858,TRUE,"retained"
"FAM49B",0.552937366588601,0.328181151200539,TRUE,"retained"
"COMMD9",0.4220986262598,0.181241555211283,TRUE,"retained"
"THOC1",0.567652113273,0.358428512017595,TRUE,"retained"
"C20orf72",0.7461982724427,0.634143404778494,TRUE,"retained"
"INSIG2",0.6280203371435,0.502125922702671,TRUE,"retained"
"TMEM54",0.2235624529292,0.056353970798864,TRUE,"retained"
"FAM117A",0.70704756299415,0.507943835923738,TRUE,"retained"
"ARRDC2",0.5820333821988,0.447553739528128,TRUE,"retained"
"SAP130",0.3186013210422,0.124045645918552,TRUE,"retained"
"LDOC1L",0.6565935963951,0.576258073512548,TRUE,"retained"
"DRAM1",0.94265648834595,0.765643206748277,TRUE,"retained"
"FAM104A",0.622026179165999,0.39276442948642,TRUE,"retained"
"ASRGL1",0.51786413948955,0.296400329128474,TRUE,"retained"
"RAPH1",0.2503734715818,0.0724733582300253,TRUE,"retained"
"TACC1",0.441587194676513,0.195825894813922,TRUE,"retained"
"MOAP1",0.8377876435824,0.667557519000295,TRUE,"retained"
"BRI3",0.400163123375399,0.250024331142464,TRUE,"retained"
"AKR1C1",0.3727169408445,0.741812804871755,TRUE,"retained"
"PAICS",0.347834462820599,0.187141703975362,TRUE,"retained"
"PVR",0.1750329946575,0.0364443547134306,TRUE,"retained"
"EIF3D",0.3965879491182,0.205055902465717,TRUE,"retained"
"CLCN7",0.324483600294,0.1158955610042,TRUE,"retained"
"DEF8",0.3885871510976,0.208066109227292,TRUE,"retained"
"ECD",0.3722956430046,0.129257208421922,TRUE,"retained"
"N4BP2L2",0.510647211733401,0.250637836994216,TRUE,"retained"
"NRAS",0.6741827365476,0.454980387302751,TRUE,"retained"
"STXBP3",0.7734402898341,0.746355409293249,TRUE,"retained"
"FBXO9",0.4591888250236,0.229670558379742,TRUE,"retained"
"CBY1",0.2907675164478,0.0955594471059919,TRUE,"retained"
"POLR1C",0.30666972207375,0.123917194984531,TRUE,"retained"
"FAM127B",0.3337186949376,0.127513686745218,TRUE,"retained"
"CCND2",0.810225231883201,0.639673369801176,TRUE,"retained"
"PDE6D",0.45866968139055,0.244607373389324,TRUE,"retained"
"ANKLE2",0.278933894544375,0.0778266898587516,TRUE,"retained"
"NPTN",0.85861348397034,0.705418485074188,TRUE,"retained"
"VPS18",0.3936166474779,0.167957777830219,TRUE,"retained"
"HSF2",0.26790344784,0.104253749095628,TRUE,"retained"
"NOTCH2NL",0.3500666201613,0.172710720162749,TRUE,"retained"
"NOTCH2",0.449320863666851,0.21582169705121,TRUE,"retained"
"STBD1",0.306502124521951,0.116958887048363,TRUE,"retained"
"TDRD7",0.685736120920199,0.647011172363688,TRUE,"retained"
"SOCS3",0.8632312716216,0.84098544327486,TRUE,"retained"
"UNC119",0.53418465811095,0.284246267357562,TRUE,"retained"
"CD79B",0.3157150652915,0.116043789631477,TRUE,"retained"
"DYSF",0.679482270973801,0.666780296695452,TRUE,"retained"
"COQ10A",0.2882512306779,0.14658133242707,TRUE,"retained"
"MOBKL1A",0.47962006403325,0.382845004288674,TRUE,"retained"
"KCNN4",0.4004603093099,0.210875363126897,TRUE,"retained"
"CAMK1",0.3141299795781,0.117167659248055,TRUE,"retained"
"C19orf2",0.56904618759765,0.382001638623695,TRUE,"retained"
"PCDH1",0.3187015677825,0.27802729683642,TRUE,"retained"
"PTPRS",0.2291464535703,0.0629040628495968,TRUE,"retained"
"ZNF692",0.35584574418225,0.13581431998742,TRUE,"retained"
"INTS1",0.3611964724158,0.139475062591611,TRUE,"retained"
"EFTUD1",0.2733717518133,0.102948007911726,TRUE,"retained"
"PANX1",0.21560421726585,0.0507338180041023,TRUE,"retained"
"NAT9",0.3707501133063,0.138479610062234,TRUE,"retained"
"C2orf29",0.4406684766603,0.223280616780552,TRUE,"retained"
"GSTT1",0.3373745382021,0.141001496141506,TRUE,"retained"
"AIM1",0.3859884797167,0.166041510299175,TRUE,"retained"
"MXD1",0.56369252270415,0.373036456010037,TRUE,"retained"
"PHLPP1",0.3393420047409,0.14013726366912,TRUE,"retained"
"CDK19",0.523220433403501,0.369660698393781,TRUE,"retained"
"TICAM1",0.4216377029697,0.201267027188669,TRUE,"retained"
"LMNA",0.429250945520249,0.234580607122101,TRUE,"retained"
"SPRYD3",0.3042982488882,0.0948518854692082,TRUE,"retained"
"SERINC1",0.509726904586201,0.319333272947244,TRUE,"retained"
"RBM22",0.321456646297501,0.121780382273965,TRUE,"retained"
"GUSB",0.5049980540346,0.307047679472741,TRUE,"retained"
"UBE2D3",0.542730531462301,0.330433697101009,TRUE,"retained"
"PANK4",0.6712128589446,0.391596474888448,TRUE,"retained"
"PSMA2",0.65594844263445,0.394473631586719,TRUE,"retained"
"MRPL17",0.4525168880547,0.251208031913941,TRUE,"retained"
"ZNF444",0.240143667981,0.0675884622570966,TRUE,"retained"
"NAA10",0.3947290726512,0.170300549855023,TRUE,"retained"
"UBE2I",0.382195984963102,0.181520983970905,TRUE,"retained"
"UBR7",0.2918979374199,0.10749813856843,TRUE,"retained"
"PEX11B",0.3530986513215,0.116986038873278,TRUE,"retained"
"TMEM63A",0.3933423143398,0.178086685210135,TRUE,"retained"
"C6orf153",0.4144396280787,0.174924215914314,TRUE,"retained"
"ITGB1BP1",0.5889679019595,0.317056222103001,TRUE,"retained"
"AP3B1",0.4271769434226,0.202873359452335,TRUE,"retained"
"MAPKAP1",0.170653782606038,0.0351581051559835,TRUE,"retained"
"CTDSP1",0.3625771110486,0.141508008610229,TRUE,"retained"
"GRPEL2",0.5514504635892,0.356759151952626,TRUE,"retained"
"PYGL",0.5031741372756,0.434269472486108,TRUE,"retained"
"COX4NB",0.36894730247025,0.134795051355087,TRUE,"retained"
"WRAP53",0.2993742592659,0.102587263495012,TRUE,"retained"
"RASSF4",0.6113747752749,0.337102239731639,TRUE,"retained"
"CRY2",0.2745238691538,0.0785579156288345,TRUE,"retained"
"MAP2K5",0.2167685894073,0.0533886861388056,TRUE,"retained"
"FAM111A",0.464706369108101,0.244573550613805,TRUE,"retained"
"C9orf95",0.6134086867566,0.413906228502112,TRUE,"retained"
"PIBF1",0.2003772551382,0.0444648290616823,TRUE,"retained"
"GOLGA4",0.42050908026785,0.179800803401694,TRUE,"retained"
"PTEN",0.566921739664351,0.320053117933426,TRUE,"retained"
"KDM1A",0.5308755842376,0.273384747993233,TRUE,"retained"
"DMTF1",0.3507108817674,0.119773300812808,TRUE,"retained"
"CRELD2",0.5288686775736,0.317641194605617,TRUE,"retained"
"ALAS1",0.6493947549999,0.460606567074336,TRUE,"retained"
"FNDC4",0.3350980385193,0.121899404554404,TRUE,"retained"
"KIAA0907",0.3714679719177,0.16117413214375,TRUE,"retained"
"ARHGAP15",0.47704656102285,0.287868030398738,TRUE,"retained"
"RCBTB1",0.3938509353429,0.216155872478868,TRUE,"retained"
"DCP1B",0.2681949818562,0.0863564044309605,TRUE,"retained"
"SLC23A2",0.4407851016828,0.281312109995544,TRUE,"retained"
"TMEM41A",0.29598367797495,0.10700424140528,TRUE,"retained"
"UBTD1",0.351175460407801,0.142052094875996,TRUE,"retained"
"ARHGAP19",0.51433221415695,0.257818591767862,TRUE,"retained"
"PIK3R4",0.4912268868696,0.244258764616256,TRUE,"retained"
"GCC2",0.50975082648546,0.323247146884145,TRUE,"retained"
"SH3BP5",0.765871025276699,0.536865128163181,TRUE,"retained"
"ALDH5A1",0.70019974494015,0.625142272076779,TRUE,"retained"
"FAM178A",0.41399495742045,0.169131121856201,TRUE,"retained"
"SPATS2L",0.34147454878215,0.873697874501415,TRUE,"retained"
"CXCL1",0.4140030384553,0.207692081335379,TRUE,"retained"
"PLEKHO2",0.5312645102478,0.350638948818896,TRUE,"retained"
"MAPKAPK2",0.479890830529949,0.219360827865174,TRUE,"retained"
"SLC25A44",0.3795063162891,0.176599035775736,TRUE,"retained"
"GYS1",0.6130371420075,0.473043362541181,TRUE,"retained"
"NGFRAP1",1.0531788175293,1.13806492771487,TRUE,"retained"
"DYNLT3",0.7516924878162,0.612390748796279,TRUE,"retained"
"EDEM2",0.4191939496983,0.172678259624621,TRUE,"retained"
"METTL7A",0.598127393887101,0.39976079660328,TRUE,"retained"
"DAXX",0.4094665779869,0.151305198075515,TRUE,"retained"
"CAP1",0.364374575629049,0.1477089605705,TRUE,"retained"
"RAP1GDS1",0.4502123373328,0.188773805461359,TRUE,"retained"
"THOC7",0.5435924545275,0.329478176122185,TRUE,"retained"
"PSENEN",0.3908137106349,0.179869866296445,TRUE,"retained"
"PPIH",0.561437052219751,0.373763492515973,TRUE,"retained"
"GOLGA5",0.4326296237571,0.211193178324489,TRUE,"retained"
"MAFK",0.3624882714327,0.168857494444582,TRUE,"retained"
"PRKDC",0.9671893713902,0.955615491926967,TRUE,"retained"
"RNF14",0.58237529978145,0.75538297764073,TRUE,"retained"
"FBXO32",0.3707062453962,0.251256363831795,TRUE,"retained"
"RRAGC",0.4176561287787,0.184595550533238,TRUE,"retained"
"DOCK6",0.2842402335486,0.0996491751115386,TRUE,"retained"
"C1orf122",0.5619554347848,0.298835384553779,TRUE,"retained"
"RAP2A",0.67201981699755,0.555110112771589,TRUE,"retained"
"HIPK2",0.628950313221037,0.332073456503042,TRUE,"retained"
"RAB32",0.634570966297801,0.431576213648383,TRUE,"retained"
"PBX1",0.6520767787176,0.620494509281639,TRUE,"retained"
"YES1",0.2791774814619,0.163354468937542,TRUE,"retained"
"MSH2",0.28404040909125,0.156640401248851,TRUE,"retained"
"ANKRA2",0.516026973105,0.308441976580579,TRUE,"retained"
"C14orf109",0.7654046771532,0.487393416823938,TRUE,"retained"
"ABCC1",0.416094426879601,0.201955773237314,TRUE,"retained"
"PHF8",0.3119296269726,0.111773831157746,TRUE,"retained"
"C7orf70",0.3996195970263,0.183657420048949,TRUE,"retained"
"CHST14",0.3814227435816,0.175643807817258,TRUE,"retained"
"BTBD7",0.3535936492074,0.14509176722012,TRUE,"retained"
"SOS2",0.657039204921401,0.40201119662779,TRUE,"retained"
"TMC6",0.25751385368835,0.056663446409533,TRUE,"retained"
"KIAA0513",0.3410736659736,0.147797478507421,TRUE,"retained"
"HECA",0.5373097680111,0.371374301815013,TRUE,"retained"
"ETV4",0.3043038234642,0.0933056040508894,TRUE,"retained"
"ZNF746",0.3633386440908,0.175814273322593,TRUE,"retained"
"SRGAP2",0.3162567776795,0.152486786325868,TRUE,"retained"
"GBP2",0.764763044938199,0.772497793599659,TRUE,"retained"
"RAB14",0.493017630947801,0.231888825693842,TRUE,"retained"
"SLC30A9",0.7517635910883,0.504567134304357,TRUE,"retained"
"BBS1",0.1828134531139,0.0343187104964785,TRUE,"retained"
"EXOC5",0.39290343933792,0.144454065746318,TRUE,"retained"
"WDR41",0.4159705447419,0.20460723146043,TRUE,"retained"
"HNRNPA1",0.6126889536093,0.466804596122969,TRUE,"retained"
"LSR",0.442912729051799,0.191639119475764,TRUE,"retained"
"RPS6",0.591992034074,0.388734435127181,TRUE,"retained"
"C1QB",1.04539010704485,1.65529022650305,TRUE,"retained"
"PRPF31",0.3699316009809,0.139249111342206,TRUE,"retained"
"DCP1A",0.42635011630575,0.206915394273169,TRUE,"retained"
"IRF2BP2",0.64828870604442,0.412303870876851,TRUE,"retained"
"IMP4",0.5097019924584,0.284667834406021,TRUE,"retained"
"BEX1",0.5691810341448,1.30708484653665,TRUE,"retained"
"C20orf108",1.2127249432368,1.21241389990236,TRUE,"retained"
"FASTKD5",0.5068798270347,0.221340804098581,TRUE,"retained"
"FKBP3",0.648639157546799,0.389244457003116,TRUE,"retained"
"ALOX5AP",0.527144723636999,0.290323270811674,TRUE,"retained"
"CSTA",0.6910175031333,0.537919096096797,TRUE,"retained"
"MRPL21",0.542707305262499,0.316280141076524,TRUE,"retained"
"P2RX4",0.3780712388082,0.184421891605646,TRUE,"retained"
"EPS15",0.47501342041902,0.234205354649408,TRUE,"retained"
"IFI35",0.845857599580349,0.951836264628586,TRUE,"retained"
"CLK2",0.463289993390699,0.246118647103838,TRUE,"retained"
"PIK3CD",0.319093681135599,0.117772107694967,TRUE,"retained"
"ZNF259",0.34011376661115,0.118288385636433,TRUE,"retained"
"MAOB",0.327168401345101,0.337541233746625,TRUE,"retained"
"SMN1",0.6419672781522,0.408697873787316,TRUE,"retained"
"NFATC3",0.6902936906474,0.534004527860709,TRUE,"retained"
"DHX36",0.481054883615881,0.243624741298107,TRUE,"retained"
"CSRP2BP",0.3011874731355,0.138648271790032,TRUE,"retained"
"HELZ",0.4085699427726,0.167074526978501,TRUE,"retained"
"PHC1",0.282587880049301,0.108877527600703,TRUE,"retained"
"ADAM15",0.29755165772136,0.105456837663043,TRUE,"retained"
"ADNP2",0.3997245710367,0.179507996512799,TRUE,"retained"
"SLC9A6",0.808609720499701,0.666334375660603,TRUE,"retained"
"TOR1B",0.6794929145592,0.71427329618385,TRUE,"retained"
"GATSL3",0.3059451617397,0.0938122991646086,TRUE,"retained"
"DICER1",0.6027875308707,0.467353682497496,TRUE,"retained"
"LZTR1",0.2760302789685,0.0750753716769903,TRUE,"retained"
"FBXL16",0.5220949450416,0.515217289622147,TRUE,"retained"
"KLF16",0.243856587083025,0.065491603693105,TRUE,"retained"
"MMP19",0.26392349894925,0.0805961959687577,TRUE,"retained"
"STX3",0.6578300899842,0.42935613369367,TRUE,"retained"
"AP3M2",0.3747717651405,0.205631902854195,TRUE,"retained"
"TMEM194A",0.2715318867261,0.0951842610166057,TRUE,"retained"
"GCFC1",0.48820503190515,0.285802829347712,TRUE,"retained"
"ZFAND2B",0.25830214328688,0.0821052843722843,TRUE,"retained"
"GOLGA1",0.417493767028801,0.242154128687647,TRUE,"retained"
"RHOBTB1",0.402918833663325,0.297788003505047,TRUE,"retained"
"C2CD2L",0.289142622800851,0.0841565651997055,TRUE,"retained"
"CTSS",0.537996371931898,0.312287074319859,TRUE,"retained"
"SYS1",0.31740514787205,0.104811542360964,TRUE,"retained"
"SOX4",0.44224758366565,0.227112846010143,TRUE,"retained"
"CHCHD8",0.530083518531,0.323038266338856,TRUE,"retained"
"PNPLA6",0.4248908280904,0.36140905847955,TRUE,"retained"
"MRPS15",0.5224419824127,0.306018735913157,TRUE,"retained"
"KIAA2013",0.5022468643794,0.278186440455957,TRUE,"retained"
"QARS",0.38041917571875,0.173860760585829,TRUE,"retained"
"RCHY1",0.77411261891145,0.581036549489092,TRUE,"retained"
"TRUB1",0.3072218982819,0.187898301684032,TRUE,"retained"
"RINT1",0.3897185577516,0.169813504629163,TRUE,"retained"
"AMT",0.2348941097769,0.0498630663471996,TRUE,"retained"
"TACO1",0.3207030325632,0.112609780178887,TRUE,"retained"
"HIGD2A",0.4868967193188,0.264094173828665,TRUE,"retained"
"BPGM",2.1922113034542,3.64540050407523,TRUE,"retained"
"CNNM3",0.369285358621199,0.165214016642027,TRUE,"retained"
"MICALL1",0.3880437208704,0.172358450777429,TRUE,"retained"
"OAS1",1.0541786666607,1.92011779880415,TRUE,"retained"
"SFRS14",0.2787800250655,0.0799938178015931,TRUE,"retained"
"GLTP",0.451929578303701,0.23425386742832,TRUE,"retained"
"RPRD2",0.2720769935268,0.0853254148368471,TRUE,"retained"
"GMEB2",0.4274997528858,0.201759500738901,TRUE,"retained"
"EHD3",0.4164638033262,0.202109709411274,TRUE,"retained"
"PTPN9",0.2633969487408,0.08184202213992,TRUE,"retained"
"RRN3",0.281926612527,0.119429700236968,TRUE,"retained"
"ADO",0.415920311324001,0.186131312376215,TRUE,"retained"
"LARP4",0.37701810169695,0.164571541776317,TRUE,"retained"
"ZNF12",0.7990108684635,0.52585166707707,TRUE,"retained"
"UCK1",0.170283654821,0.0330099123238264,TRUE,"retained"
"PEX5",0.5205585118356,0.254925494014333,TRUE,"retained"
"TMEM187",0.4476273688824,0.205137886776591,TRUE,"retained"
"GTPBP1",0.2893639837529,0.0916317452919254,TRUE,"retained"
"PLEKHM1",0.3811662537816,0.174562752717376,TRUE,"retained"
"HDHD1A",0.50544928964565,0.281864135862909,TRUE,"retained"
"BRD2",0.33259775482185,0.11173422487219,TRUE,"retained"
"BIN1",0.58005863720595,0.441911481815324,TRUE,"retained"
"ABCC4",0.3532887680847,0.28905476550645,TRUE,"retained"
"KLF4",0.5711980061802,0.337772786799363,TRUE,"retained"
"NUP153",0.59135530790595,0.35426370654075,TRUE,"retained"
"DUSP22",0.3412219697103,0.123771650808586,TRUE,"retained"
"NEK3",0.291066389334,0.0881206545297989,TRUE,"retained"
"GATAD2A",0.2367148938021,0.0569038298509007,TRUE,"retained"
"EHBP1",0.3167615738217,0.154753990384909,TRUE,"retained"
"CASP7",0.4355254714356,0.315286820815905,TRUE,"retained"
"ALS2",0.4581547377162,0.202094604298815,TRUE,"retained"
"MMP9",0.969260113374,1.56280660483588,TRUE,"retained"
"FAM188A",0.6148005064173,0.379288174004852,TRUE,"retained"
"GDI1",0.390258261957901,0.160144371810563,TRUE,"retained"
"GFM1",0.35817786879315,0.187627747783795,TRUE,"retained"
"STMN1",0.91807022045865,0.948180742493643,TRUE,"retained"
"THBD",0.6447301106652,0.391681186843981,TRUE,"retained"
"MAOA",0.625943927674099,1.17219393128971,TRUE,"retained"
"MED21",0.4548699706992,0.238028409272373,TRUE,"retained"
"TNFRSF10B",0.8954532415962,0.744666987135443,TRUE,"retained"
"NSA2",0.683908975058399,0.503157156522944,TRUE,"retained"
"BRP44L",0.6421506038661,0.381639854309412,TRUE,"retained"
"MICAL1",0.637299071129699,0.493233174414458,TRUE,"retained"
"SETDB1",0.396569352866401,0.167287055567193,TRUE,"retained"
"TCF25",0.49212531541215,0.235866790041783,TRUE,"retained"
"TWSG1",0.33293977248,0.256553260509347,TRUE,"retained"
"RARRES3",1.324610748846,1.80978327338783,TRUE,"retained"
"LARP7",0.449880938377081,0.219016734603927,TRUE,"retained"
"HSPB11",0.3680980843869,0.163913177147168,TRUE,"retained"
"FARP1",0.227655328620301,0.0536082580813696,TRUE,"retained"
"CD2BP2",0.36601557587175,0.122501588984073,TRUE,"retained"
"BCKDK",0.4167245400339,0.192421601668843,TRUE,"retained"
"RNF113A",0.407554061546099,0.190491907586889,TRUE,"retained"
"DHRS13",0.854006423226599,0.884752066338152,TRUE,"retained"
"PDPK1",0.399684427603125,0.201964921381996,TRUE,"retained"
"PPM1B",0.63804052739574,0.333219821023193,TRUE,"retained"
"FXR1",0.47645627346975,0.228445317056394,TRUE,"retained"
"CD79A",0.3758379045302,0.26995512876863,TRUE,"retained"
"PPP1R14B",0.6396700917516,0.389109252260519,TRUE,"retained"
"SYK",0.4000999371873,0.203714738810816,TRUE,"retained"
"LSM7",0.559931898167251,0.3637281849414,TRUE,"retained"
"CCDC93",0.410042861098079,0.218359230875029,TRUE,"retained"
"KIAA0020",0.3796952143551,0.156660154787216,TRUE,"retained"
"POLD4",0.352584108566902,0.135795474093638,TRUE,"retained"
"SIRPA",0.422354670291398,0.198091208898599,TRUE,"retained"
"C12orf5",0.44236555661865,0.199349199150297,TRUE,"retained"
"SENP3",0.2819673165687,0.0743338019576344,TRUE,"retained"
"C19orf28",0.29683565109975,0.111555508159486,TRUE,"retained"
"BAT3",0.6787352352886,0.446952007610577,TRUE,"retained"
"FAM134B",0.5863493192606,0.44877955800937,TRUE,"retained"
"DCP2",0.6234500961283,0.386384368946758,TRUE,"retained"
"C8orf76",0.3049253098633,0.101714282128768,TRUE,"retained"
"ARHGAP27",0.317671236148,0.131109191171529,TRUE,"retained"
"NF2",0.4997169690828,0.28234029980193,TRUE,"retained"
"EBPL",0.6090498568413,0.357960068138205,TRUE,"retained"
"POLE",0.4085184646767,0.269620743487312,TRUE,"retained"
"VAC14",0.3360496631205,0.125528610306969,TRUE,"retained"
"ADAMTS9",0.235308405297,0.0752549172919447,TRUE,"retained"
"IL1RN",0.754580562593549,0.85418800642162,TRUE,"retained"
"C1orf31",0.56061989499075,0.319628000660284,TRUE,"retained"
"SMCR8",0.557261318586,0.38118595184352,TRUE,"retained"
"ARRDC4",0.871068286326001,0.768006023321125,TRUE,"retained"
"GPSM1",0.2401915967325,0.0668056594892848,TRUE,"retained"
"VPS13C",0.8096129944371,0.671449634144271,TRUE,"retained"
"RNF111",0.578277468129201,0.347422360985028,TRUE,"retained"
"EXOC7",0.31424360189082,0.101576169282392,TRUE,"retained"
"C5orf24",0.68893700947155,0.385195376030734,TRUE,"retained"
"NDST1",0.375804232460299,0.156670965564241,TRUE,"retained"
"TNFAIP8L2",0.370335866712,0.222784801006923,TRUE,"retained"
"RPS23",0.689244012565501,0.500259923978639,TRUE,"retained"
"B4GALT4",0.4565333115,0.272550814619408,TRUE,"retained"
"SMCR7L",0.2962698675888,0.0945210652753338,TRUE,"retained"
"TUBB2A",2.79295429000665,4.44226077890804,TRUE,"retained"
"GPRC5A",0.2737942038573,0.0820083636748637,TRUE,"retained"
"MAP3K11",0.3436396729584,0.124716837488228,TRUE,"retained"
"PPP2R5D",0.31006353728595,0.100638204431877,TRUE,"retained"
"ASMTL",0.5267107347411,0.287193679455226,TRUE,"retained"
"MBD4",0.3857957953374,0.206184478116067,TRUE,"retained"
"C6orf62",0.348928165473999,0.166746570433651,TRUE,"retained"
"ELF1",0.5090337409017,0.284211811876268,TRUE,"retained"
"UBL4A",0.442553045843999,0.195471485335142,TRUE,"retained"
"PLDN",0.3454946605656,0.128852873650494,TRUE,"retained"
"RRS1",0.6417060136389,0.440558622681158,TRUE,"retained"
"TRIB3",0.4788643335168,0.345001732098085,TRUE,"retained"
"SLC48A1",0.5027529301214,0.251418985218528,TRUE,"retained"
"BET1",0.4956771457617,0.241461980898812,TRUE,"retained"
"C19orf63",0.455657660511901,0.230286063649997,TRUE,"retained"
"CLN5",0.4569195725367,0.263010037905358,TRUE,"retained"
"ZAK",0.412998076546912,0.192346152148637,TRUE,"retained"
"QPCT",0.5877033709218,0.51520275337571,TRUE,"retained"
"SLC26A11",0.5124855057588,0.256590630608143,TRUE,"retained"
"ERCC1",0.50736420468615,0.257126358915085,TRUE,"retained"
"SETD8",0.2544492776049,0.0717998316905297,TRUE,"retained"
"MPZL2",0.3530551058769,0.213660313266688,TRUE,"retained"
"LGALS8",0.890875159064673,0.718002603957937,TRUE,"retained"
"PHLDA3",0.31775938252485,0.111036589248446,TRUE,"retained"
"SMAP2",0.88489608844035,0.754321539249865,TRUE,"retained"
"TFPT",0.358930413202199,0.150921405811252,TRUE,"retained"
"C7orf25",0.4336413729774,0.263955972143965,TRUE,"retained"
"UBE2S",0.530442120923399,0.434074454043437,TRUE,"retained"
"RNF139",0.7860634197738,0.670972911480416,TRUE,"retained"
"TBCE",0.2794604682891,0.104209961185312,TRUE,"retained"
"FAAH",0.2816359169211,0.0974746518493842,TRUE,"retained"
"ARID1A",0.3332727629574,0.109050173448499,TRUE,"retained"
"SLC2A4RG",0.34119453456795,0.111914381715733,TRUE,"retained"
"TREM1",0.964454660586901,1.49120700933952,TRUE,"retained"
"TTLL12",0.2637409660557,0.0773595014466989,TRUE,"retained"
"SMAGP",0.18964493946405,0.0505920130249707,TRUE,"retained"
"ENO1",0.4179438903192,0.168457525118149,TRUE,"retained"
"TMEM176B",1.4184966562662,1.76280983672946,TRUE,"retained"
"LTV1",0.3357791457006,0.138809785761352,TRUE,"retained"
"PPP2R5B",0.6466737154983,0.451739292481103,TRUE,"retained"
"MTX1",0.4950207186813,0.271708521415941,TRUE,"retained"
"UBXN2B",0.570257411381701,0.426231232845805,TRUE,"retained"
"OSTM1",0.5741076697139,0.334272755732617,TRUE,"retained"
"KAZ",0.531634846677899,0.300116751670058,TRUE,"retained"
"IFI44",0.70209387392865,2.99156488144404,TRUE,"retained"
"GIGYF2",0.28706859727812,0.073789250330032,TRUE,"retained"
"March 7",0.663288640858725,0.469406431713367,TRUE,"retained"
"CRYZ",0.2959663119105,0.171919832454162,TRUE,"retained"
"VASH1",0.2967143948055,0.0933015863345973,TRUE,"retained"
"FAM91A1",0.58494373897155,0.298442698009184,TRUE,"retained"
"HBEGF",0.2901062434893,0.480758218274343,TRUE,"retained"
"TRRAP",0.467084464203,0.2639755053807,TRUE,"retained"
"PHF11",0.4707786717193,0.423494125644543,TRUE,"retained"
"ANKRD40",0.4234549769394,0.192770645134597,TRUE,"retained"
"GBA",0.659708867930128,0.509314049829229,TRUE,"retained"
"MLLT10",0.224925826993875,0.0606910890386202,TRUE,"retained"
"PICALM",0.6435104710258,0.437214304055865,TRUE,"retained"
"TNFSF12",0.4216628011638,0.185672556641882,TRUE,"retained"
"KDM1B",0.4977955580304,0.306857117247014,TRUE,"retained"
"POMT1",0.247474497285226,0.0602547395682591,TRUE,"retained"
"IL1B",1.1170260673173,1.32307074091473,TRUE,"retained"
"PELO",0.6858587037708,0.435941202346474,TRUE,"retained"
"FXC1",0.242681426246699,0.0774471577409388,TRUE,"retained"
"GM2A",0.5304010825554,0.317609015355736,TRUE,"retained"
"RBM12",0.3638965743931,0.129775294326818,TRUE,"retained"
"PSMD13",0.411332951962098,0.172034972223035,TRUE,"retained"
"KDM5B",0.3770394633684,0.173527230289276,TRUE,"retained"
"ARGLU1",0.496528598308575,0.29960938350067,TRUE,"retained"
"KIAA0319L",0.728230820213399,0.577859521837958,TRUE,"retained"
"TKT",0.4356424013795,0.214101783589268,TRUE,"retained"
"EDC3",0.3839825303181,0.145126427502805,TRUE,"retained"
"CAND1",0.46064274993345,0.208900627188256,TRUE,"retained"
"DSCR3",0.4259370035298,0.21937865206453,TRUE,"retained"
"C1orf151",0.23806066057095,0.0578425050691288,TRUE,"retained"
"RARG",0.35581532345415,0.128221922697645,TRUE,"retained"
"PKNOX1",0.26879181620025,0.0788241380887181,TRUE,"retained"
"GCC1",0.5316596616954,0.279167143765927,TRUE,"retained"
"FKBP15",0.6062932569316,0.342973248152165,TRUE,"retained"
"ZC3H11A",0.52509669076095,0.266646237496584,TRUE,"retained"
"SGPL1",0.29089194031695,0.0877204192887778,TRUE,"retained"
"CTBP1",0.33581484633795,0.169621049459455,TRUE,"retained"
"ABP1",0.3846778385835,0.265615170286728,TRUE,"retained"
"HOMER3",0.45254684213445,0.243144505890002,TRUE,"retained"
"UBE2E2",0.5668129809468,0.317761546323559,TRUE,"retained"
"LOC441722",0.332867723309099,0.156194668394954,TRUE,"retained"
"U2AF1",0.349612950491698,0.168162404167693,TRUE,"retained"
"HTT",0.2753687361768,0.0770699801157914,TRUE,"retained"
"NVL",0.2396235733836,0.0743838874726164,TRUE,"retained"
"SCO2",0.8568827539587,0.916298567656079,TRUE,"retained"
"SFRS17A",0.3365333969529,0.158163164651555,TRUE,"retained"
"WASF3",0.3100559615706,0.210511678860364,TRUE,"retained"
"RAI1",0.24569430332685,0.0655222968229738,TRUE,"retained"
"FMNL2",0.2632531810188,0.157016467094567,TRUE,"retained"
"INPP5A",0.4595725532853,0.32179677257894,TRUE,"retained"
"BLOC1S2",0.80797417324575,0.550205056639028,TRUE,"retained"
"CCDC117",0.460146845067,0.246236072643677,TRUE,"retained"
"SNX19",0.484905201301499,0.233037108013562,TRUE,"retained"
"NLK",0.7681543597455,0.531673866942771,TRUE,"retained"
"TLE4",0.3673611358179,0.159924812430299,TRUE,"retained"
"SYNJ2BP",0.3378905299511,0.160625069497875,TRUE,"retained"
"NRARP",0.3227697065397,0.110653948388477,TRUE,"retained"
"STEAP4",0.7947304325058,0.639228174927719,TRUE,"retained"
"ZNF174",0.3327989484603,0.109699595625055,TRUE,"retained"
"JARID2",0.662658266766825,0.406835922360125,TRUE,"retained"
"ATM",0.476909618635275,0.254997557843438,TRUE,"retained"
"SMAP1",0.298252690305361,0.0902541652853942,TRUE,"retained"
"RTEL1",0.229874113279649,0.0614873483923595,TRUE,"retained"
"MME",1.32295049541144,1.35378172568924,TRUE,"retained"
"FAM118A",0.353410538655825,0.269960160281905,TRUE,"retained"
"LDLR",0.7757737589161,0.691127921136942,TRUE,"retained"
"CASP2",0.370563018081899,0.180586933317747,TRUE,"retained"
"VTA1",0.5259495113152,0.257617167517336,TRUE,"retained"
"RRP7A",0.28726640411455,0.104905271545713,TRUE,"retained"
"BAT5",0.356312411991376,0.12923069968304,TRUE,"retained"
"SKAP2",0.6232097767994,0.395847027376671,TRUE,"retained"
"DNAJC10",0.3306422050512,0.149017654860138,TRUE,"retained"
"GBE1",0.7340732249382,0.484908159210057,TRUE,"retained"
"PTPRN",0.2123878839761,0.0449399481678023,TRUE,"retained"
"EMG1",0.6076278195687,0.370797135123793,TRUE,"retained"
"CCNH",0.6384109128999,0.436686814673977,TRUE,"retained"
"METAP1",0.6508104993768,0.478030686183164,TRUE,"retained"
"ATG16L1",0.2797970733453,0.0851336568592083,TRUE,"retained"
"WBP2",0.2288812445997,0.0595423308550288,TRUE,"retained"
"IER3",0.7596934980957,0.753543832431213,TRUE,"retained"
"GLIPR2",0.309202218962699,0.153663808219033,TRUE,"retained"
"C12orf4",0.25984646829855,0.154705517431241,TRUE,"retained"
"APH1B",0.686707981232279,0.39498197928384,TRUE,"retained"
"COMMD8",0.9767375716329,0.963650167015305,TRUE,"retained"
"LOC10431",0.364691076011498,0.204445888983061,TRUE,"retained"
"RING1",0.374786817237001,0.132115704255846,TRUE,"retained"
"EIF3B",0.530153421320699,0.324486053154243,TRUE,"retained"
"SLC35F5",0.5657301632955,0.427917884279931,TRUE,"retained"
"C17orf106",0.4662197785245,0.208741595326675,TRUE,"retained"
"EXOSC4",1.6543476486852,1.8834051532336,TRUE,"retained"
"CBX6",0.4564454340915,0.211790635861161,TRUE,"retained"
"NUDT22",0.3349279220301,0.110629157862956,TRUE,"retained"
"KIAA0368",0.5212977443499,0.323785928625404,TRUE,"retained"
"NUCB2",0.6596529681819,0.556935170055803,TRUE,"retained"
"NRSN2",0.2392474177485,0.0799052359556283,TRUE,"retained"
"MINPP1",0.7969545111591,0.96746536401376,TRUE,"retained"
"RPUSD1",0.2226072023826,0.0608195796726037,TRUE,"retained"
"CPSF1",0.28319205128655,0.0794580420904063,TRUE,"retained"
"CUL4B",0.4143446836102,0.177222704890942,TRUE,"retained"
"LIMD2",0.48828188173485,0.257282854812991,TRUE,"retained"
"SPIN1",0.315316382599575,0.115726715639572,TRUE,"retained"
"PAK1",0.65849179623255,0.470078383737848,TRUE,"retained"
"SLC26A2",0.3416884621402,0.133182406667397,TRUE,"retained"
"KIF2A",0.4586377586651,0.23185638386422,TRUE,"retained"
"THAP11",0.4926863990811,0.254557524191438,TRUE,"retained"
"SNTB2",0.565972866645199,0.292405098618502,TRUE,"retained"
"MST4",0.7702451739094,0.637848497005665,TRUE,"retained"
"SIPA1",0.4891864912368,0.336058941011088,TRUE,"retained"
"GIGYF1",0.2441405754683,0.062297208789483,TRUE,"retained"
"SRD5A3",0.625672807330199,0.47600548842103,TRUE,"retained"
"ITPKC",1.0857393570051,1.04054165548986,TRUE,"retained"
"COMTD1",0.2609320320957,0.0851979619282595,TRUE,"retained"
"PROS1",0.4802126378791,0.448786778728484,TRUE,"retained"
"ATP13A3",0.899103549573601,0.840955747744333,TRUE,"retained"
"ANAPC4",0.6632885769216,0.426497310628457,TRUE,"retained"
"RILP",0.956150183585099,0.870106246189283,TRUE,"retained"
"C1orf96",0.7539449152641,0.52978171418139,TRUE,"retained"
"DAPK1",0.9061720074183,0.791836376404775,TRUE,"retained"
"C1orf116",0.2678220575478,0.167555322124632,TRUE,"retained"
"DENND4B",0.3487162258272,0.130565360125075,TRUE,"retained"
"NRIP1",0.56340361807905,0.319967887416736,TRUE,"retained"
"ZC3H7A",0.454068423320819,0.211388218007652,TRUE,"retained"
"ACAD10",0.1980123131763,0.042050771551247,TRUE,"retained"
"DENND3",0.458034626174475,0.287933573022787,TRUE,"retained"
"FKBPL",0.226849536261601,0.0721641521254736,TRUE,"retained"
"ASXL1",0.19005165741555,0.040678055316712,TRUE,"retained"
"SELL",0.356085286010997,0.190120990304875,TRUE,"retained"
"MRPS16",0.4459475942019,0.210015549502563,TRUE,"retained"
"SF1",0.358539761630925,0.131592519712599,TRUE,"retained"
"NOL6",0.2742849852288,0.08321877926191,TRUE,"retained"
"DDX28",0.24168242405055,0.0668071362924565,TRUE,"retained"
"DRG1",0.4160016783888,0.210858387013068,TRUE,"retained"
"C17orf71",0.548268285820501,0.318294397331644,TRUE,"retained"
"EEF1B2",0.84394302405525,0.762275190492291,TRUE,"retained"
"MAD2L1",0.1897367770207,0.123422961365606,TRUE,"retained"
"SLC27A3",0.5363203637967,0.353976058363706,TRUE,"retained"
"NDUFA7",0.523103101180801,0.292745361957278,TRUE,"retained"
"AP3S2",0.5366487695807,0.273112530721668,TRUE,"retained"
"NDUFAF4",0.2667009361842,0.0889763312425589,TRUE,"retained"
"CLPB",0.4203408045501,0.206401664851565,TRUE,"retained"
"KIAA1737",0.2822049454728,0.103501342863247,TRUE,"retained"
"TOMM40L",0.3465803996802,0.171768128284713,TRUE,"retained"
"RNF6",0.5270259644118,0.261416002515169,TRUE,"retained"
"LASS2",0.4160557651194,0.197798190060955,TRUE,"retained"
"MGMT",0.581632986795,0.362678891702855,TRUE,"retained"
"GMPR",1.5039522584226,2.00869629094149,TRUE,"retained"
"AURKB",0.3438742202784,0.159093788434902,TRUE,"retained"
"NT5DC1",0.3897246964569,0.158188023802569,TRUE,"retained"
"IL2RG",0.5439723979585,0.328865575633069,TRUE,"retained"
"IRF9",0.6984859242039,0.449118309360291,TRUE,"retained"
"TP53BP2",0.4312001774381,0.179142680014248,TRUE,"retained"
"PPAN",0.3149231008959,0.120514190036955,TRUE,"retained"
"PIGU",0.2083537073842,0.0607967907198437,TRUE,"retained"
"TMEM176A",1.3647953067798,1.54085281570723,TRUE,"retained"
"MAP3K3",0.395757369170101,0.198168156189876,TRUE,"retained"
"GFPT1",0.25625528640915,0.0800315776416607,TRUE,"retained"
"TBC1D1",0.418735429517476,0.188287000722399,TRUE,"retained"
"YDJC",0.34453996809435,0.132940022423433,TRUE,"retained"
"STAT5B",0.548252180892674,0.38966373670464,TRUE,"retained"
"TES",0.452983915579651,0.239888032931107,TRUE,"retained"
"UCHL3",0.6759473433762,0.417831676390184,TRUE,"retained"
"RHOBTB2",0.2619007681248,0.0751431242218305,TRUE,"retained"
"MYST1",0.476861872428899,0.297208263790886,TRUE,"retained"
"MAPK9",0.3764078438925,0.144488852731935,TRUE,"retained"
"TCN2",0.473228418648301,0.290013150797538,TRUE,"retained"
"PLCG2",0.434664647930101,0.261700239043374,TRUE,"retained"
"C22orf40",0.2522304770076,0.0799561323843408,TRUE,"retained"
"CEP55",0.31993634415015,0.46001699738469,TRUE,"retained"
"FBXL15",0.337104610857001,0.112729617952313,TRUE,"retained"
"RWDD1",0.685780240130999,0.446088633187294,TRUE,"retained"
"C20orf194",0.4122828364851,0.164299688957817,TRUE,"retained"
"TOB1",0.7216357906485,0.658198842705936,TRUE,"retained"
"TRAPPC6B",0.5022271183713,0.246481273543303,TRUE,"retained"
"TRIM33",0.426984878523,0.199742690831368,TRUE,"retained"
"MITF",0.2735873544705,0.088176887759829,TRUE,"retained"
"ASCC3",0.344818645374,0.155888789476805,TRUE,"retained"
"SLC24A6",0.2026089528729,0.0404079649441347,TRUE,"retained"
"TBCK",0.5697626336619,0.331792344895577,TRUE,"retained"
"KLC4",0.2543759363481,0.067930325976225,TRUE,"retained"
"IBTK",0.457080650355,0.233073412772807,TRUE,"retained"
"SFT2D3",0.3188149444284,0.113135313194099,TRUE,"retained"
"ALKBH6",0.3007053978383,0.105881639385781,TRUE,"retained"
"CFLAR",0.414907584246633,0.233643825052774,TRUE,"retained"
"TREX1",0.709174762262399,0.591802554106532,TRUE,"retained"
"OLFML2A",0.2729644512,0.0860712264846764,TRUE,"retained"
"KCNMA1",0.67778655266,1.15327200700887,TRUE,"retained"
"C21orf63",0.268935611721,0.103312361882859,TRUE,"retained"
"JMY",0.4172648306085,0.316698459120995,TRUE,"retained"
"CDC42BPA",0.831491962077,0.758306540584471,TRUE,"retained"
"IQCE",0.5074060848003,0.284549935802572,TRUE,"retained"
"PLEKHF2",0.8822760818277,0.622828859067774,TRUE,"retained"
"C1orf77",0.3770776054773,0.150057414207321,TRUE,"retained"
"SLA",0.658864138435124,0.359449454511539,TRUE,"retained"
"RTN3",0.604912636654798,0.405431008800668,TRUE,"retained"
"SERP1",0.518836215001021,0.297095407159433,TRUE,"retained"
"XRCC5",0.31658225223975,0.1429779279721,TRUE,"retained"
"ATP6V0B",0.3303868187998,0.141217393576412,TRUE,"retained"
"SLC44A2",0.440723900696099,0.221934714336896,TRUE,"retained"
"DAD1",0.3286390182306,0.114691972115605,TRUE,"retained"
"SPAG5",0.2922608712282,0.154528878198823,TRUE,"retained"
"AK2",0.3275317544821,0.113464522568827,TRUE,"retained"
"POLR2F",0.368592240156,0.187300575891358,TRUE,"retained"
"POLR2C",0.266332006926825,0.0687255136789638,TRUE,"retained"
"ATP5O",0.4981698730176,0.261621217988384,TRUE,"retained"
"RNMTL1",0.3303532959783,0.133679145521411,TRUE,"retained"
"BRIX1",0.4225390471687,0.234504457755263,TRUE,"retained"
"SELM",0.372972900615,0.225736223390334,TRUE,"retained"
"SLC5A6",0.3230147966283,0.130887077759561,TRUE,"retained"
"ZMIZ1",0.69743427932955,0.431677483619243,TRUE,"retained"
"C19orf43",0.373517875093651,0.14867932026177,TRUE,"retained"
"STX1A",0.21740962672905,0.0488061386968543,TRUE,"retained"
"NDUFA13",0.250333242713401,0.063881011195159,TRUE,"retained"
"USP4",0.415747113744899,0.205949086196882,TRUE,"retained"
"GGNBP2",0.26443683163044,0.0790657022143566,TRUE,"retained"
"ROPN1L",0.6762186213699,0.745747322012634,TRUE,"retained"
"FAM129B",0.4227744034941,0.210680586713913,TRUE,"retained"
"INTS3",0.262348513571899,0.0734820849468557,TRUE,"retained"
"PHIP",0.39920790628614,0.192783266139006,TRUE,"retained"
"GIMAP5",0.8829089103639,0.85213746664395,TRUE,"retained"
"TMEM2",0.539198103740101,0.271985915874389,TRUE,"retained"
"RANBP6",0.4259580987039,0.23101066900473,TRUE,"retained"
"RTCD1",0.494474377368999,0.263875402724881,TRUE,"retained"
"TESC",0.692653349858399,0.519761876221155,TRUE,"retained"
"PRUNE",0.251558079174674,0.0714932095982966,TRUE,"retained"
"SAP30L",0.424840268897626,0.208521773014626,TRUE,"retained"
"GALNS",0.47379781785,0.272145804602126,TRUE,"retained"
"IMPDH1",0.405649560473326,0.189325849597867,TRUE,"retained"
"NFU1",0.612837837572099,0.36022490215124,TRUE,"retained"
"STX6",0.2345966223804,0.0699001368931837,TRUE,"retained"
"MRC2",0.8911300304046,0.650892750979091,TRUE,"retained"
"C1QC",0.267645734895,0.211792071563561,TRUE,"retained"
"SLC39A10",0.711928560552299,0.554234195856181,TRUE,"retained"
"RAB11FIP4",0.5298172183668,0.237308877077897,TRUE,"retained"
"NBN",0.68397751817682,0.575785187694326,TRUE,"retained"
"NCS1",0.208922832799099,0.0497799108642198,TRUE,"retained"
"SAPS2",0.24589875386685,0.0651755546697525,TRUE,"retained"
"CYP1B1",1.1905688472636,1.58110940557347,TRUE,"retained"
"SLC41A1",0.3072154534197,0.115583747738788,TRUE,"retained"
"CAMSAP1",0.229411348971,0.0703031499985976,TRUE,"retained"
"CUL2",0.577394470240349,0.346553984800583,TRUE,"retained"
"NCKIPSD",0.4251496658346,0.189707015013186,TRUE,"retained"
"AFF4",0.44938143331305,0.239022429419818,TRUE,"retained"
"WDR7",0.3757625622576,0.176267916538268,TRUE,"retained"
"CDC40",0.4515277583684,0.217054645386613,TRUE,"retained"
"ORMDL1",0.5100438162666,0.257384288548047,TRUE,"retained"
"TFEB",0.5348929380144,0.28857641038867,TRUE,"retained"
"CLCN6",0.3101842405704,0.0940789838025006,TRUE,"retained"
"ACVR1B",0.595948023778101,0.339322722954143,TRUE,"retained"
"OLFML2B",0.3555452949216,0.126706719334926,TRUE,"retained"
"PRR24",0.4687540734366,0.228389027082303,TRUE,"retained"
"BAZ1A",0.780444684718125,0.496434158438833,TRUE,"retained"
"ERLIN1",0.945046671696399,0.777349853016022,TRUE,"retained"
"NSD1",0.34065099487545,0.120999702590911,TRUE,"retained"
"RNF43",0.2990405067321,0.0983673725741451,TRUE,"retained"
"YME1L1",0.305146562214901,0.101262539927317,TRUE,"retained"
"CAPRIN1",0.40313310587235,0.170342289039949,TRUE,"retained"
"F11R",0.493144236153975,0.273447350683337,TRUE,"retained"
"SKIV2L2",0.48687497884305,0.226952724792421,TRUE,"retained"
"ARL6IP1",0.658483309212399,0.526280152341287,TRUE,"retained"
"DPAGT1",0.2924971697459,0.0943586163287619,TRUE,"retained"
"TSTD1",0.5170605699189,0.29060426304083,TRUE,"retained"
"MED20",0.25726849895565,0.0709918217939645,TRUE,"retained"
"SFPQ",0.6867191032527,0.440017454449014,TRUE,"retained"
"BCCIP",0.307931633233699,0.105211798523671,TRUE,"retained"
"ABCD3",0.5742601815636,0.338754912627805,TRUE,"retained"
"MRPL9",0.43873170772515,0.189507833827956,TRUE,"retained"
"SENP2",0.23837005102155,0.0657900939770259,TRUE,"retained"
"HEBP2",0.504884751518699,0.339098156014474,TRUE,"retained"
"PARN",0.5961330920412,0.369669501626863,TRUE,"retained"
"MOBKL2A",0.569546828629801,0.409161087207179,TRUE,"retained"
"CTNNAL1",0.9131577364301,1.26737412962441,TRUE,"retained"
"GZMA",1.3707033350871,1.73243135284258,TRUE,"retained"
"MED4",0.6418353349065,0.378243583140626,TRUE,"retained"
"CDC42EP3",0.674695054908001,0.450250879510508,TRUE,"retained"
"LYRM5",0.4980867873723,0.267191356123634,TRUE,"retained"
"UBE4B",0.3036795389047,0.0979757243717057,TRUE,"retained"
"ALDH3A2",0.370417298887649,0.140979463651457,TRUE,"retained"
"RAB6B",0.368705787548,0.211926964303702,TRUE,"retained"
"APOBEC3G",0.6539521102443,0.47975526796876,TRUE,"retained"
"CARHSP1",0.467419948784251,0.205653273714934,TRUE,"retained"
"ZBTB4",0.355342240249501,0.173688680826787,TRUE,"retained"
"PDE4DIP",0.4051612548585,0.224002276745869,TRUE,"retained"
"ARHGEF17",0.3454256499834,0.131318098207731,TRUE,"retained"
"NSDHL",0.2999271726969,0.109796156197008,TRUE,"retained"
"RRP9",0.266314752984,0.0833838437153818,TRUE,"retained"
"PEBP1",0.797744175795,0.797968587336293,TRUE,"retained"
"LTBP2",0.5905167934533,0.471350767578036,TRUE,"retained"
"JAZF1",0.863573847108,0.733757060132915,TRUE,"retained"
"C9orf72",0.700119612634051,0.478640688826131,TRUE,"retained"
"MFSD5",0.5335898845809,0.282683330696781,TRUE,"retained"
"MMAB",0.23228412331635,0.0642704697579162,TRUE,"retained"
"FLVCR2",0.4544956992016,0.289926109986382,TRUE,"retained"
"HSPC159",0.6313106480961,0.397029869302391,TRUE,"retained"
"B3GALNT2",0.433880304345599,0.223540711602374,TRUE,"retained"
"AGPAT2",0.420401271279151,0.17390379147336,TRUE,"retained"
"ANGEL1",0.2489837186655,0.0744758605906383,TRUE,"retained"
"PDSS1",0.9294843119667,0.7590394536154,TRUE,"retained"
"HNRNPUL2",0.463599933144601,0.219380988878794,TRUE,"retained"
"PEX6",0.3436115991861,0.148109387310439,TRUE,"retained"
"NCAPD3",0.3706810056138,0.221767607613015,TRUE,"retained"
"IFFO1",0.39360921779865,0.128514733509931,TRUE,"retained"
"ZXDC",0.252075880128099,0.071626492135593,TRUE,"retained"
"ARHGEF18",0.545103375152699,0.365601572931376,TRUE,"retained"
"TSEN15",0.3614349926096,0.179033681779397,TRUE,"retained"
"PLXNA2",0.3268914175653,0.152561828323009,TRUE,"retained"
"NAV2",0.2742511352469,0.0960676903429047,TRUE,"retained"
"BCAT1",0.536962134140599,0.309835588547763,TRUE,"retained"
"PHF15",0.290880628943801,0.0931308749579536,TRUE,"retained"
"CRAT",0.5909328169437,0.391430430094662,TRUE,"retained"
"ARFGEF1",0.549186850294951,0.324200455149176,TRUE,"retained"
"PDE5A",0.8839462922556,0.863142729203192,TRUE,"retained"
"TCF12",0.4051054764813,0.176936473917995,TRUE,"retained"
"SMCHD1",0.854431787591199,0.78649476161136,TRUE,"retained"
"PHF21A",0.468697029474975,0.233885226491512,TRUE,"retained"
"CSRNP2",0.456514055491201,0.211595989758409,TRUE,"retained"
"SUB1",0.701443786445849,0.51576138851397,TRUE,"retained"
"CAPZB",0.4720462638318,0.255609300297934,TRUE,"retained"
"SYT11",0.3960701132619,0.263513655284161,TRUE,"retained"
"POLD2",0.55735673835135,0.362355557182868,TRUE,"retained"
"SFRP2",0.473696519205,0.426343958042531,TRUE,"retained"
"S100B",0.2597699679918,0.245734567657446,TRUE,"retained"
"PHB",0.3778915854945,0.161241703951789,TRUE,"retained"
"ELP3",0.3107110029142,0.111601858889683,TRUE,"retained"
"CLNS1A",0.6241482601284,0.45866716426759,TRUE,"retained"
"TUBG2",0.4511759556738,0.430477084369813,TRUE,"retained"
"C19orf25",0.3868389630756,0.146185237069859,TRUE,"retained"
"ACLY",0.416865896307,0.191784257128218,TRUE,"retained"
"CDK16",0.183346021257525,0.0371053663683357,TRUE,"retained"
"MYD88",0.615111743075549,0.317447808686753,TRUE,"retained"
"MAT2B",0.652375846989301,0.426852818487377,TRUE,"retained"
"HNRPDL",0.637267501534861,0.416450085192054,TRUE,"retained"
"ATP6V1D",0.474669279751799,0.236377318701214,TRUE,"retained"
"KIAA0196",0.4526524162272,0.21655268447671,TRUE,"retained"
"SNRNP25",0.7109676007602,0.527214203211907,TRUE,"retained"
"SDHB",0.343458633907901,0.110723107256937,TRUE,"retained"
"LRRC61",0.264232204068,0.0888214983337686,TRUE,"retained"
"ATP5D",0.5134887142147,0.262996043664491,TRUE,"retained"
"ISCA2",0.4600558994178,0.247390600686737,TRUE,"retained"
"ACBD6",0.27779986992765,0.104538979624711,TRUE,"retained"
"MRPS27",0.312708568703999,0.120691960241503,TRUE,"retained"
"IVD",0.3647420814051,0.162961442716917,TRUE,"retained"
"PECAM1",0.7120911906528,0.641093208441687,TRUE,"retained"
"SPTLC2",0.819306512460098,0.619349057736727,TRUE,"retained"
"IP6K2",0.321664500887101,0.122014044477261,TRUE,"retained"
"DUSP23",0.455006906600399,0.209192593232994,TRUE,"retained"
"BBX",0.47064851957795,0.278549692225825,TRUE,"retained"
"HLA-DRB5",0.768140567117699,2.69956082008218,TRUE,"retained"
"CDK9",0.2709042737296,0.0655448493850467,TRUE,"retained"
"C16orf42",0.3613222117218,0.136447104807335,TRUE,"retained"
"GNA11",0.2759664589689,0.0995171451584955,TRUE,"retained"
"SYNCRIP",0.39762751747425,0.163675034513086,TRUE,"retained"
"KAT2B",0.5845489444599,0.454915837076821,TRUE,"retained"
"PPM1A",0.41105223801012,0.16962922640728,TRUE,"retained"
"CCS",0.5397090039936,0.439345075358223,TRUE,"retained"
"CKLF",0.547905001871501,0.397564658029967,TRUE,"retained"
"DGKA",0.2871509956889,0.0776429589023693,TRUE,"retained"
"TIFA",0.8554284123147,0.976079442215596,TRUE,"retained"
"B3GALT6",0.3720005122008,0.142685779185865,TRUE,"retained"
"HOOK2",0.3005725143771,0.1021738366334,TRUE,"retained"
"FAM195A",0.312926476433549,0.125329835719082,TRUE,"retained"
"C2orf18",0.1904305970028,0.0405378755832099,TRUE,"retained"
"DIRAS1",0.2505530774523,0.083844220603599,TRUE,"retained"
"C1orf59",0.6848108139516,0.425696200831226,TRUE,"retained"
"HDAC7",0.2798140760492,0.0716053335290553,TRUE,"retained"
"RUFY1",0.64051584648135,0.460872440445646,TRUE,"retained"
"PARP16",0.3912723344124,0.228639684543829,TRUE,"retained"
"MYL4",1.25366988075,1.49488726272595,TRUE,"retained"
"USE1",0.5148220359156,0.294486631318966,TRUE,"retained"
"CCDC22",0.5130195249354,0.296069131225984,TRUE,"retained"
"PPARG",0.3318439642875,0.202367021802221,TRUE,"retained"
"NEURL4",0.2839872226695,0.0863279098504985,TRUE,"retained"
"KCNE3",0.541640925444499,0.374990514112308,TRUE,"retained"
"NIPA1",0.2572094733138,0.0805459002698573,TRUE,"retained"
"FGF13",0.639317886284,0.695206552485188,TRUE,"retained"
"C22orf29",0.2864824184544,0.0901418712766306,TRUE,"retained"
"REXO1",0.317184575169,0.103019398542176,TRUE,"retained"
"ZNF408",0.3293857045164,0.118306757948102,TRUE,"retained"
"ZYG11B",0.559870379904149,0.316058659451379,TRUE,"retained"
"UBR1",0.2865981808508,0.0953537630213921,TRUE,"retained"
"CSDC2",0.2318803064424,0.0586148621515847,TRUE,"retained"
"SUMF1",0.618657871716149,0.34840604690042,TRUE,"retained"
"INPPL1",0.2869552247835,0.0946284969410845,TRUE,"retained"
"LRRC14",0.3148892412771,0.110843546858868,TRUE,"retained"
"ZNF559",0.3920559918002,0.213809049371508,TRUE,"retained"
"ITPKB",0.411627022089149,0.186212858894574,TRUE,"retained"
"ZNF605",0.2886158212917,0.0857830355204331,TRUE,"retained"
"BCL6",0.627825756765899,0.553964617309591,TRUE,"retained"
"ADCY7",0.5625655802823,0.337239282450292,TRUE,"retained"
"INPP1",0.5826421681521,0.375879442646956,TRUE,"retained"
"OGDH",0.22817026710555,0.0567346879807995,TRUE,"retained"
"STAT3",0.408004783065603,0.192180147196411,TRUE,"retained"
"IVNS1ABP",0.68980058097615,0.633793241309219,TRUE,"retained"
"FBXO3",0.414385590521,0.193139032572457,TRUE,"retained"
"SELPLG",0.57640397557365,0.374240689596019,TRUE,"retained"
"TOR1A",0.4549402254299,0.186044241543492,TRUE,"retained"
"METTL9",0.722797271052781,0.563196545747581,TRUE,"retained"
"PPIF",0.472168591860524,0.226213303491849,TRUE,"retained"
"DNAJC19",0.24663264012555,0.0847276989462648,TRUE,"retained"
"RNF8",0.3894908422524,0.154451047000126,TRUE,"retained"
"POLL",0.5557352074883,0.365595013969399,TRUE,"retained"
"KLHL22",0.2555653507155,0.0984498539051173,TRUE,"retained"
"KIAA1324",0.7048028021944,0.540398286925962,TRUE,"retained"
"CDK2",0.2508042454596,0.0867216708569998,TRUE,"retained"
"EDF1",0.275074483257525,0.0765041649430421,TRUE,"retained"
"ACTL6A",0.5843609730189,0.356147638965637,TRUE,"retained"
"SFRS16",0.4116635967192,0.230415225899218,TRUE,"retained"
"DYNC1LI1",0.559407202320749,0.305772742492317,TRUE,"retained"
"ASF1A",0.4825062284805,0.271112651545153,TRUE,"retained"
"RHOC",0.7324926290318,0.510017357580348,TRUE,"retained"
"AACS",0.2031526222929,0.0431552677817959,TRUE,"retained"
"NUPL1",0.569902837398825,0.314071020556022,TRUE,"retained"
"TIMM9",0.347194221284401,0.193886516190216,TRUE,"retained"
"RAB8B",0.512842819586475,0.262675474625782,TRUE,"retained"
"BIN3",0.42756117737445,0.221373439784407,TRUE,"retained"
"C16orf53",0.28705483289385,0.0921425138749604,TRUE,"retained"
"ING4",0.2458464229053,0.0599550399035827,TRUE,"retained"
"EIF1AY",3.3874777413897,5.02002078438958,TRUE,"retained"
"RABEPK",0.4030334073234,0.168413503917067,TRUE,"retained"
"FAM128B",0.627970458525899,0.391880092626157,TRUE,"retained"
"FAM128A",0.72956106416025,0.550060223002181,TRUE,"retained"
"C9orf16",0.7009833475953,0.461178063531618,TRUE,"retained"
"INTS10",0.453679738307251,0.234882655553423,TRUE,"retained"
"FUNDC2",0.934097577539701,0.835407898142706,TRUE,"retained"
"ASL",0.310471609963201,0.0982784882414451,TRUE,"retained"
"JAG1",0.2907502678794,0.18196968823945,TRUE,"retained"
"CENPW",0.5240653812282,0.498638234305617,TRUE,"retained"
"S100PBP",0.4209280290516,0.176511317248535,TRUE,"retained"
"YEATS4",0.4075762427247,0.263772405700838,TRUE,"retained"
"APIP",0.58080678014625,0.368359060064522,TRUE,"retained"
"RIN2",0.9147151125966,0.855204006451421,TRUE,"retained"
"HIRA",0.52888983983535,0.271941086656842,TRUE,"retained"
"RAD17",0.4131305711036,0.196943410770917,TRUE,"retained"
"SMNDC1",0.605704841593426,0.366410229343332,TRUE,"retained"
"RHOD",0.2790545546481,0.0870053100607063,TRUE,"retained"
"N4BP1",0.49186425179115,0.271050840310932,TRUE,"retained"
"CD248",0.2857455914586,0.0904442668957274,TRUE,"retained"
"PHF6",0.6484744903539,0.392051399533015,TRUE,"retained"
"NFIA",0.30081588576165,0.144413323435523,TRUE,"retained"
"INSR",0.346362883171725,0.168755505532676,TRUE,"retained"
"ABHD3",0.841119117688499,0.746773340058319,TRUE,"retained"
"ARHGEF3",0.493711757272126,0.358476892190928,TRUE,"retained"
"PNPLA4",0.3127701588732,0.113244920720111,TRUE,"retained"
"SLC25A24",0.628471511720849,0.438280646797223,TRUE,"retained"
"IFT27",0.4421989171971,0.224141648579337,TRUE,"retained"
"EIF2C1",0.465304119575401,0.217208235183887,TRUE,"retained"
"PLAC8",1.12670400679725,1.15262339007619,TRUE,"retained"
"PDE7A",0.4800025336911,0.237080393735084,TRUE,"retained"
"MINK1",0.246346487206051,0.0696587359469784,TRUE,"retained"
"ABTB2",0.18768669099075,0.0437473874511532,TRUE,"retained"
"CABIN1",0.4011545216868,0.15940418884094,TRUE,"retained"
"EHD4",0.6613558528899,0.395222305114183,TRUE,"retained"
"BOLA1",0.3793655122845,0.186361428587802,TRUE,"retained"
"FAM100A",0.4100446457037,0.250150152853151,TRUE,"retained"
"HMBS",1.0163130278196,1.27084575630367,TRUE,"retained"
"PLXNA3",0.3370263458856,0.118080463826902,TRUE,"retained"
"AGL",0.71414792564955,0.432227322397556,TRUE,"retained"
"USP20",0.4292259373941,0.180969295492713,TRUE,"retained"
"SOS1",0.351240656260201,0.134399187983312,TRUE,"retained"
"SEMA4C",0.378037958886001,0.156109649150428,TRUE,"retained"
"MTM1",0.487172027760599,0.233145750889184,TRUE,"retained"
"QSER1",0.5394108694422,0.316564448910395,TRUE,"retained"
"SEMA3F",0.3654000570612,0.153082582189854,TRUE,"retained"
"NELL2",0.476302218357,0.600068585137743,TRUE,"retained"
"ACP2",0.200898700940175,0.0468750825025232,TRUE,"retained"
"PGAM1",0.371943222127574,0.172095433818063,TRUE,"retained"
"HSPA8",0.768361149531779,0.715170757614416,TRUE,"retained"
"EIF1",0.278194596980998,0.0965651655119147,TRUE,"retained"
"ACAA1",0.387082387463101,0.14653562357266,TRUE,"retained"
"HCP5",0.50444965178475,0.331251486148019,TRUE,"retained"
"TCAP",0.278525786470051,0.0783876566482033,TRUE,"retained"
"POLR2G",0.4337528148303,0.210454826670444,TRUE,"retained"
"SRM",0.5863955991138,0.415328764968569,TRUE,"retained"
"DLST",0.231871946246326,0.0568301756900413,TRUE,"retained"
"DAGLB",0.2785428960447,0.0911606493454529,TRUE,"retained"
"SNRPB",0.439007611677951,0.189742036330937,TRUE,"retained"
"C9orf7",0.2297139972981,0.0587173986373668,TRUE,"retained"
"YARS2",0.3807356896917,0.186452648525075,TRUE,"retained"
"TIMM17B",0.3823922046021,0.148108015291007,TRUE,"retained"
"DDX54",0.2573145170064,0.0706954813007228,TRUE,"retained"
"RGS16",0.2210976679884,0.433214893817027,TRUE,"retained"
"SNRPA1",0.4122234230198,0.201014936788912,TRUE,"retained"
"CA12",0.2506179345306,0.0745237169033309,TRUE,"retained"
"PFDN4",0.3165440934516,0.243706469641255,TRUE,"retained"
"DCUN1D4",0.2630139323742,0.0833626417238823,TRUE,"retained"
"PDCD5",0.33936117587085,0.2288467938751,TRUE,"retained"
"RPL30",0.426756702120525,0.219214544482602,TRUE,"retained"
"CWC22",0.4911391873731,0.257136084943227,TRUE,"retained"
"IKBKE",0.29206267540695,0.096144016608071,TRUE,"retained"
"SAT2",0.4655765176734,0.207972693408525,TRUE,"retained"
"ABCF1",0.63402160332315,0.377623050872995,TRUE,"retained"
"NBAS",0.3182998797986,0.122971662207649,TRUE,"retained"
"ATF6B",0.1886000760021,0.0397062081640314,TRUE,"retained"
"DCK",0.84502613666982,0.69389208881953,TRUE,"retained"
"GPSM2",0.3631785440472,0.252431057768652,TRUE,"retained"
"GART",0.3510074128869,0.146846869162667,TRUE,"retained"
"TOP2A",0.494205510577101,0.441021031985921,TRUE,"retained"
"ASB8",0.349706048134801,0.13111370933541,TRUE,"retained"
"WIPF2",0.4035551639154,0.193583906317707,TRUE,"retained"
"ALKBH3",0.2617859059137,0.0878283070222579,TRUE,"retained"
"PTK2B",0.2646593505178,0.0769215558092104,TRUE,"retained"
"PSMC6",1.0383853235343,1.11483839342906,TRUE,"retained"
"YRDC",0.291356237634,0.103908040987972,TRUE,"retained"
"SEC22A",0.3504704892969,0.120951377368967,TRUE,"retained"
"SLC7A7",0.9661693934928,1.08866628747839,TRUE,"retained"
"MED8",0.371340275209051,0.138062084324542,TRUE,"retained"
"CCL3",0.3233299877514,0.359462993587654,TRUE,"retained"
"BIN2",0.381406721123402,0.214084618792304,TRUE,"retained"
"HEXIM1",0.44722836311958,0.360346319086217,TRUE,"retained"
"TMCO3",1.07888838286635,0.934081872265985,TRUE,"retained"
"MED1",0.4072121977077,0.191111951507259,TRUE,"retained"
"GDPD5",0.4935205684038,0.331694377502524,TRUE,"retained"
"WTAP",0.6046100223569,0.320513640251637,TRUE,"retained"
"LOC646517",0.8231191149762,0.569356560263594,TRUE,"retained"
"USP5",0.2502977366673,0.0897893990342088,TRUE,"retained"
"FBRSL1",0.32985302114835,0.121498154358628,TRUE,"retained"
"MTMR3",0.349936030158749,0.12031053235688,TRUE,"retained"
"IL11RA",0.3701136805695,0.248915045604711,TRUE,"retained"
"TRAPPC6A",0.5279558874555,0.294236970827408,TRUE,"retained"
"OCEL1",0.431256375144,0.177224467357208,TRUE,"retained"
"GAK",0.3868361920962,0.160072663905688,TRUE,"retained"
"MLYCD",0.3066694444569,0.106333362922567,TRUE,"retained"
"PIP5K1B",0.5197932675985,0.549629222003312,TRUE,"retained"
"FAM107A",0.2925710511633,0.214847599367241,TRUE,"retained"
"PPP1R3B",0.626099900282849,0.549753590749596,TRUE,"retained"
"SUFU",0.2183311717237,0.0482016155799578,TRUE,"retained"
"SOLH",0.3834222913605,0.163335326198197,TRUE,"retained"
"C4orf41",0.4620839210239,0.195347000575862,TRUE,"retained"
"NSMCE2",0.6532425845862,0.380465211841269,TRUE,"retained"
"ERI1",0.993810857794649,0.889078040494979,TRUE,"retained"
"UNC50",0.496599543869101,0.30653858710579,TRUE,"retained"
"SERINC2",0.28409926979385,0.111210336616414,TRUE,"retained"
"TUBGCP6",0.2823742183626,0.113828998331781,TRUE,"retained"
"C5orf51",0.413824661907301,0.164616998230923,TRUE,"retained"
"KLHDC5",0.3625431861954,0.167068284970017,TRUE,"retained"
"PRKX",0.2986065697272,0.11685544709964,TRUE,"retained"
"ANO10",0.4145635423041,0.182505256992279,TRUE,"retained"
"ZNF189",0.3769623083702,0.166469486746555,TRUE,"retained"
"PPAPDC1B",0.4012814769719,0.233443383514475,TRUE,"retained"
"IQGAP2",0.737333459373,0.490297306228233,TRUE,"retained"
"ARFGEF2",0.6986670156396,0.545160123544769,TRUE,"retained"
"ELP4",0.284305048372801,0.0834221457450836,TRUE,"retained"
"ADCY9",0.20002294079565,0.040721662534303,TRUE,"retained"
"MGRN1",0.4619549172798,0.266483093425823,TRUE,"retained"
"DGKD",0.404525848080901,0.21346489472251,TRUE,"retained"
"SF3A1",0.457865856812701,0.227114318965212,TRUE,"retained"
"MTCH2",0.40153315066935,0.159571265784951,TRUE,"retained"
"ESD",0.434034321281399,0.209811342546542,TRUE,"retained"
"SFRS18",0.385669399906771,0.167493006565148,TRUE,"retained"
"TRIM37",0.3189650435937,0.136796694407894,TRUE,"retained"
"YLPM1",0.448572690951,0.222682439845998,TRUE,"retained"
"THBS1",1.01072219381332,1.17725153898528,TRUE,"retained"
"SLC39A7",0.196183582168,0.0415624129540645,TRUE,"retained"
"TMX1",0.8391156140857,0.56992642861581,TRUE,"retained"
"C3AR1",1.0652851405371,1.1727823133721,TRUE,"retained"
"SGSH",0.365588812056301,0.18291672222039,TRUE,"retained"
"RAB3GAP1",0.3861738882365,0.140756302088044,TRUE,"retained"
"TRABD",0.30506864061366,0.0967564199191394,TRUE,"retained"
"ZNF627",0.2711757046782,0.0846863105383493,TRUE,"retained"
"ACOT13",0.5774337906456,0.34350231510573,TRUE,"retained"
"ACP6",0.6901766546976,0.527190510284426,TRUE,"retained"
"RPL41",0.617919799707002,0.401597016412994,TRUE,"retained"
"DERA",0.4886876007846,0.240793453682368,TRUE,"retained"
"SPCS3",0.5613407006403,0.310797322589175,TRUE,"retained"
"ANKHD1-EIF4EBP3",0.3964628139717,0.149894311643153,TRUE,"retained"
"ANKHD1",0.346831537170651,0.150564310321133,TRUE,"retained"
"NUDT5",0.552501732624449,0.425384640553065,TRUE,"retained"
"SPNS1",0.2328617666389,0.063356621889923,TRUE,"retained"
"SPPL2A",0.650008630719,0.433393789072986,TRUE,"retained"
"DNAJC2",0.5462036667276,0.338707715437979,TRUE,"retained"
"HCFC1",0.260503988425801,0.0669721181215843,TRUE,"retained"
"C16orf61",0.6898368865143,0.52092788165965,TRUE,"retained"
"LSM6",0.510704923173901,0.279960666985506,TRUE,"retained"
"UCKL1",0.3221757391734,0.128602818017906,TRUE,"retained"
"TCEA3",0.2271049832996,0.0850849952928151,TRUE,"retained"
"MKI67",0.31299863531685,0.254829062832926,TRUE,"retained"
"SYNGR1",0.269531260170376,0.0980567544288308,TRUE,"retained"
"LYSMD2",1.2077988453573,1.29167034355437,TRUE,"retained"
"RAB40C",0.26628327479145,0.0847690512611242,TRUE,"retained"
"STK3",0.656544374322199,0.472518515959112,TRUE,"retained"
"USP38",0.6340974379425,0.353061162546336,TRUE,"retained"
"NTHL1",0.2971362375009,0.0971584292917476,TRUE,"retained"
"DRAM2",0.5305892600778,0.347932696041867,TRUE,"retained"
"TARBP2",0.312466382287499,0.111921109407867,TRUE,"retained"
"CTDSPL",0.707709626054899,0.574130098886871,TRUE,"retained"
"KHNYN",0.3108778267959,0.0985413462873696,TRUE,"retained"
"APOM",0.281477792442,0.0904411117953508,TRUE,"retained"
"PYCARD",0.475124972429101,0.295325876436502,TRUE,"retained"
"TRIM32",0.2860888815582,0.128251740337677,TRUE,"retained"
"VPS8",0.6134092923987,0.437896135149553,TRUE,"retained"
"WIBG",0.4118246545224,0.183335285182559,TRUE,"retained"
"FAM175B",0.39193035195195,0.162769719243756,TRUE,"retained"
"TSPAN33",0.8203105998507,0.724471907745935,TRUE,"retained"
"MEGF8",0.291528812274,0.0952083782225878,TRUE,"retained"
"RABGGTA",0.2778398888846,0.079205665571922,TRUE,"retained"
"TTC9C",0.59520874728,0.400217995804087,TRUE,"retained"
"RRP1B",1.0023296116386,1.00791917446428,TRUE,"retained"
"C6orf192",0.5492268475071,0.323088785486479,TRUE,"retained"
"TMEM119",0.2730104851887,0.129186562773565,TRUE,"retained"
"IFT122",0.2956081090788,0.104871966963655,TRUE,"retained"
"RNASE6",1.1079506405394,1.41406467064595,TRUE,"retained"
"SCARF2",0.2744578941951,0.0889273004817228,TRUE,"retained"
"ANK3",0.36036859191165,0.209590490718218,TRUE,"retained"
"FAM160B1",0.45620168612655,0.244922221412195,TRUE,"retained"
"IFFO2",0.3628365764268,0.185366737750094,TRUE,"retained"
"EXO1",0.2495675146545,0.0954429708883979,TRUE,"retained"
"SCRIB",0.4292498205975,0.192972861203314,TRUE,"retained"
"TMEM106B",0.64758492308916,0.354064848924418,TRUE,"retained"
"MSRB3",0.31766764516725,0.140179267634333,TRUE,"retained"
"ZNF318",0.415754003016449,0.186120280537904,TRUE,"retained"
"ACOX2",0.294474928988101,0.116216915171531,TRUE,"retained"
"LEMD3",0.7440513853584,0.477916488414902,TRUE,"retained"
"BEND7",0.3597612355554,0.196833679955566,TRUE,"retained"
"C14orf138",0.7455367845072,0.64162804816081,TRUE,"retained"
"ZNF75D",0.3849543664638,0.150398716012996,TRUE,"retained"
"LHFPL2",0.946306114698,0.898764919157252,TRUE,"retained"
"ATP5L",0.530781001276401,0.254288336562597,TRUE,"retained"
"ZNF787",0.5002420526292,0.229464489092472,TRUE,"retained"
"OLIG1",0.8392876834062,0.845284819139211,TRUE,"retained"
"FDFT1",0.3267124015225,0.162501167609426,TRUE,"retained"
"LAP3",0.9906668180577,1.34243987099174,TRUE,"retained"
"BGN",0.276739336680975,0.0830995356436988,TRUE,"retained"
"MRGPRF",0.403809586971,0.169963269210862,TRUE,"retained"
"GNG2",0.4105028447163,0.187167674708763,TRUE,"retained"
"LOC150776",0.4876224890838,0.26473872381173,TRUE,"retained"
"MFAP1",0.512228464431601,0.341022778510919,TRUE,"retained"
"MYLPF",0.3782718130905,0.15584393298521,TRUE,"retained"
"ARMCX3",0.4608328821404,0.246655920513625,TRUE,"retained"
"WDR47",0.34182529784235,0.134253429831724,TRUE,"retained"
"MRPL50",0.3663635950947,0.168644595385012,TRUE,"retained"
"PET112L",0.29853225885,0.0877144091345366,TRUE,"retained"
"TMPRSS4",0.280969262680575,0.0758675759581543,TRUE,"retained"
"LRRC59",0.39924505557195,0.18722826761215,TRUE,"retained"
"NR2C1",0.367836627506251,0.169321912666958,TRUE,"retained"
"TADA1",0.2790612863934,0.119246399651615,TRUE,"retained"
"SUV39H1",0.28528965897075,0.0764368760964111,TRUE,"retained"
"CELA3A",0.2959280445219,0.104562294705183,TRUE,"retained"
"POLR2H",0.5286053566941,0.278907020227069,TRUE,"retained"
"CDS2",0.6771550975056,0.508155237504714,TRUE,"retained"
"TBPL1",0.555977667197401,0.430984369486883,TRUE,"retained"
"PREP",0.50012729457075,0.260097190171346,TRUE,"retained"
"WWOX",0.2907267634803,0.114635381414278,TRUE,"retained"
"GIT2",0.411952563931199,0.215906285075928,TRUE,"retained"
"STAM",0.5718726818427,0.317537401421093,TRUE,"retained"
"NDUFB1",0.7848310359519,0.618320504993245,TRUE,"retained"
"C6orf115",0.5743713691506,0.315272106941672,TRUE,"retained"
"ROMO1",0.651437731098,0.406677720196686,TRUE,"retained"
"RAB4A",0.6635139706692,0.51481249796674,TRUE,"retained"
"CLEC2B",0.93747448777605,0.90872994150598,TRUE,"retained"
"RAMP1",0.3051052050879,0.117805824623334,TRUE,"retained"
"ATOX1",0.616088384327849,0.352234741576401,TRUE,"retained"
"ESYT2",0.6459605218878,0.459697043564926,TRUE,"retained"
"FBXL5",0.403214671111348,0.210642760816328,TRUE,"retained"
"LYRM4",0.3090448461618,0.127000245322911,TRUE,"retained"
"UNC93B1",0.3696405628944,0.195826365376678,TRUE,"retained"
"TBC1D10B",0.4653173814324,0.199598303260113,TRUE,"retained"
"GCAT",0.324081578478,0.134019494308597,TRUE,"retained"
"C3orf14",0.4038774811554,0.28120716310614,TRUE,"retained"
"RNGTT",0.32222904131208,0.1112228799007,TRUE,"retained"
"BRE",0.5468047441493,0.293751926731226,TRUE,"retained"
"PLOD2",0.294331832327925,0.21426056948092,TRUE,"retained"
"WDR26",0.511821677094421,0.326636896466179,TRUE,"retained"
"NCOA1",0.482336064053899,0.278784878034638,TRUE,"retained"
"PLEK2",1.7612137176228,2.46756091030956,TRUE,"retained"
"MPEG1",0.79127303784585,0.684265985651566,TRUE,"retained"
"SSH3",0.3055896490857,0.0957560235222578,TRUE,"retained"
"USP18",0.2903810537775,0.816418333176326,TRUE,"retained"
"ANAPC11",0.309378035159339,0.115492102917477,TRUE,"retained"
"GALNT3",0.898106928803699,0.793011543947451,TRUE,"retained"
"YPEL3",0.5774745354588,0.377254484013731,TRUE,"retained"
"FAM172A",0.55821818010105,0.302548085313658,TRUE,"retained"
"MAP4K3",0.2896943735028,0.10285191526223,TRUE,"retained"
"IREB2",0.528653742271725,0.2488067710273,TRUE,"retained"
"TRIM47",0.2472314833926,0.0681173596723067,TRUE,"retained"
"WDR83",0.273483410125801,0.0776375283405207,TRUE,"retained"
"CRLF1",0.3201621037293,0.108647808826703,TRUE,"retained"
"TRAPPC9",0.2681595862638,0.0891373402376119,TRUE,"retained"
"TCF7L1",0.2909490511809,0.0935384924459013,TRUE,"retained"
"BCL2",0.33835211905215,0.182251420836148,TRUE,"retained"
"GNPTAB",0.3720345964335,0.173436523401649,TRUE,"retained"
"ATG2B",0.2594986719598,0.077343167415244,TRUE,"retained"
"CUL7",0.2810997702135,0.0783996471452751,TRUE,"retained"
"LACTB",0.7356555068079,0.635583929856881,TRUE,"retained"
"P2RX5",0.79269612776445,0.708614098968574,TRUE,"retained"
"TBKBP1",0.5266783910808,0.255357986654153,TRUE,"retained"
"LOXL3",0.2950496922366,0.0984574373434422,TRUE,"retained"
"NINJ2",0.398055899918249,0.18389987330689,TRUE,"retained"
"DTNBP1",0.4251538578861,0.201814006926511,TRUE,"retained"
"MUM1",0.24750341854875,0.0805428101787334,TRUE,"retained"
"ELOF1",0.667942788200099,0.486549201068266,TRUE,"retained"
"NCOA3",0.31493237147015,0.147819302241854,TRUE,"retained"
"FLYWCH1",0.2784533959305,0.0791564143117962,TRUE,"retained"
"PAOX",0.2926093823037,0.0998399241012782,TRUE,"retained"
"STK16",0.4330412854383,0.17720504645728,TRUE,"retained"
"MBTD1",0.6172365405318,0.316530387880511,TRUE,"retained"
"TMEM62",0.2767181319798,0.109262486686639,TRUE,"retained"
"SUV420H1",0.354923990931722,0.148616602127195,TRUE,"retained"
"SH3RF3",0.5641160107149,0.560672675684511,TRUE,"retained"
"RAP1GAP2",0.453012017892001,0.239611431983009,TRUE,"retained"
"AMZ2",0.301845818700299,0.0943706375705177,TRUE,"retained"
"FZD5",0.2197518964011,0.050957590598713,TRUE,"retained"
"MAP1S",0.4006092473523,0.187358456346104,TRUE,"retained"
"CRBN",0.697195069850299,0.44775428455501,TRUE,"retained"
"DEFA1",0.9037169789739,1.06741662311855,TRUE,"retained"
"TOR1AIP1",0.4981582694487,0.266694372565687,TRUE,"retained"
"C1orf63",0.66312529210494,0.559423536381482,TRUE,"retained"
"RNASEH2C",0.370256625695599,0.164695679161415,TRUE,"retained"
"SNX4",0.6360835133352,0.402455936152752,TRUE,"retained"
"ETF1",0.477078908574975,0.244378753944852,TRUE,"retained"
"ACTR6",0.3206405906403,0.151672474952806,TRUE,"retained"
"MRPL44",0.5577175190538,0.386664924850719,TRUE,"retained"
"SERPINA1",0.459360595970851,0.272910839701348,TRUE,"retained"
"MAN1B1",0.273966972903225,0.0890535900486169,TRUE,"retained"
"TAPBPL",0.58179386779815,0.315783429547719,TRUE,"retained"
"COPS5",0.566965751015998,0.314441816041462,TRUE,"retained"
"OSBPL2",0.28848854200908,0.108903743041927,TRUE,"retained"
"COX7A2",0.619452164843924,0.388422203527224,TRUE,"retained"
"CD276",0.2669349438378,0.0870488657730213,TRUE,"retained"
"EIF3A",0.5233091136399,0.343724091937086,TRUE,"retained"
"HCCS",0.375559850066101,0.134793055695762,TRUE,"retained"
"KIAA0406",0.3656414280477,0.134647511373366,TRUE,"retained"
"GOLPH3L",0.3754324714987,0.141881534010584,TRUE,"retained"
"CCDC85B",0.35072152424085,0.147653848539804,TRUE,"retained"
"TP53RK",0.4891098474885,0.233960780224713,TRUE,"retained"
"DLC1",0.2764911854558,0.398839055182692,TRUE,"retained"
"FBP1",0.9627094328229,0.880061760602268,TRUE,"retained"
"SULF2",1.669653592992,2.47034241026832,TRUE,"retained"
"WDR33",0.2752946602917,0.0828062989682604,TRUE,"retained"
"TPST2",0.7144728652383,0.446690967799469,TRUE,"retained"
"CTSA",0.632498264811,0.394301604234354,TRUE,"retained"
"SWAP70",0.6722827562311,0.455801449533013,TRUE,"retained"
"A4GALT",0.259066417953,0.0844004692872368,TRUE,"retained"
"DVL3",0.1953848894865,0.0392203336317993,TRUE,"retained"
"NUS1",0.68190593390325,0.439334318694204,TRUE,"retained"
"C18orf55",0.32583447313725,0.146297574654642,TRUE,"retained"
"NDEL1",0.608431545183001,0.443769170419663,TRUE,"retained"
"NIT2",0.3708325651401,0.202729523158241,TRUE,"retained"
"TM9SF1",0.271750534829026,0.0776327436909208,TRUE,"retained"
"SUDS3",0.2711264460345,0.0832757525694573,TRUE,"retained"
"ZDHHC17",0.5714008011502,0.296220175263837,TRUE,"retained"
"APEX2",0.3084919445916,0.113273788199723,TRUE,"retained"
"ZNF706",0.5256328185654,0.300622174055461,TRUE,"retained"
"C13orf23",0.710607143882301,0.483032965515019,TRUE,"retained"
"ZDHHC2",0.6227807738873,0.425472005120472,TRUE,"retained"
"AQP5",0.3617123201055,0.17965103543272,TRUE,"retained"
"EIF4G3",0.465083093122621,0.207374671918405,TRUE,"retained"
"TAF2",0.40611397547175,0.141206327663005,TRUE,"retained"
"SURF1",0.3426696396543,0.112604147156843,TRUE,"retained"
"COL4A3BP",0.62405653351965,0.408675448694799,TRUE,"retained"
"MAPK13",0.3114249973758,0.108768687062398,TRUE,"retained"
"GMEB1",0.3928230443151,0.150869110906815,TRUE,"retained"
"March 9",0.3495934854363,0.222626091691334,TRUE,"retained"
"CSRNP1",0.623945820735299,0.395141097873169,TRUE,"retained"
"TMEM186",0.3398260009935,0.126183865603845,TRUE,"retained"
"ZEB1",0.50284440122875,0.256210423313445,TRUE,"retained"
"POLR3C",0.272215233127601,0.0948385630782577,TRUE,"retained"
"SRCAP",0.2662277406726,0.0909547130815102,TRUE,"retained"
"GABBR1",0.584761769466,0.430121033747921,TRUE,"retained"
"GLT25D1",0.4832821612752,0.214674746794807,TRUE,"retained"
"ROM1",0.2955272028555,0.0982600536844426,TRUE,"retained"
"FBXO41",0.2755441625979,0.0798948430680222,TRUE,"retained"
"ZNF638",0.31476875173415,0.0938680544385826,TRUE,"retained"
"AHCYL2",0.3887843373918,0.169090389720296,TRUE,"retained"
"FAM189B",0.33936669522,0.115693414400024,TRUE,"retained"
"OSTC",0.691702530679649,0.466571571873445,TRUE,"retained"
"KBTBD11",0.3465376956111,0.121479622484462,TRUE,"retained"
"ANG",0.3402835958466,0.153365743357521,TRUE,"retained"
"FAM173B",0.2612093316693,0.0867607052936373,TRUE,"retained"
"ACVRL1",0.2653783013112,0.0824347780904228,TRUE,"retained"
"ELF4",0.3735682912773,0.198576855058998,TRUE,"retained"
"C1orf131",0.387920300845001,0.156124837315161,TRUE,"retained"
"TNF",0.4101781812618,0.256927315108553,TRUE,"retained"
"WTIP",0.356768910647099,0.150445212734902,TRUE,"retained"
"CAMKK1",0.7929188109486,0.584586280480333,TRUE,"retained"
"LRMP",0.605936309862101,0.377453718622467,TRUE,"retained"
"TMCC1",0.5598777693061,0.306213183553001,TRUE,"retained"
"TRAF1",0.26355113728755,0.0994554982665513,TRUE,"retained"
"SLC17A9",0.209479710455401,0.0494157620373195,TRUE,"retained"
"CDYL",0.3437494965534,0.115789368719164,TRUE,"retained"
"BRPF3",0.294101998008,0.089264610165178,TRUE,"retained"
"ZNF238",0.8176168261044,0.767976980142032,TRUE,"retained"
"ZFYVE26",0.2897865675012,0.0908111627151037,TRUE,"retained"
"RAPGEF2",0.31051463205,0.14003768881938,TRUE,"retained"
"PABPC1L",0.489037325368199,0.278647921679652,TRUE,"retained"
"IPO11",0.8987390864634,0.758166977783902,TRUE,"retained"
"C1orf38",0.324221640441302,0.123568668498856,TRUE,"retained"
"FOXJ1",0.2671329799089,0.0981341536353629,TRUE,"retained"
"WSB1",0.859947278945399,0.641434197261584,TRUE,"retained"
"GLUL",0.346147524587549,0.126249104458783,TRUE,"retained"
"Septin 6",0.522976832998434,0.355259374131742,TRUE,"retained"
"MAFB",0.8567788190038,0.773772319587779,TRUE,"retained"
"TMEM97",0.194256609388799,0.0475441599356328,TRUE,"retained"
"DERL1",0.3640725016859,0.151716001809204,TRUE,"retained"
"CES1",1.6313763043305,1.98644521281085,TRUE,"retained"
"ABHD8",0.2835743333955,0.101397050400182,TRUE,"retained"
"ARL1",0.3042076719122,0.12386900035963,TRUE,"retained"
"GPATCH4",0.32103844820355,0.135818025961576,TRUE,"retained"
"PI3",2.4197018381193,4.32376103626175,TRUE,"retained"
"AGPAT4",0.2160777232586,0.0556852567021213,TRUE,"retained"
"CISD2",1.4904092567259,1.96225197793819,TRUE,"retained"
"LMO4",0.4136655300015,0.226477292665198,TRUE,"retained"
"TBXAS1",0.442455088089842,0.218488411145094,TRUE,"retained"
"TP53I13",0.3036734864373,0.108068629681351,TRUE,"retained"
"PLA2G16",0.449650845084,0.200185307148553,TRUE,"retained"
"CDT1",0.2836549935072,0.126930307935748,TRUE,"retained"
"KLHDC4",0.4097806161414,0.215039797363847,TRUE,"retained"
"RPS6KA4",0.27855195658395,0.0782160094002872,TRUE,"retained"
"NXT1",0.757191937508999,0.568418032387665,TRUE,"retained"
"GLRX5",1.4327830644904,1.73883361018238,TRUE,"retained"
"C12orf10",0.3654133930482,0.151168974160793,TRUE,"retained"
"RBM17",0.4284819835401,0.198510085288623,TRUE,"retained"
"TM2D1",0.6706925856939,0.423151073228531,TRUE,"retained"
"RBMX2",0.31405393665345,0.106234786874832,TRUE,"retained"
"MRPS9",0.4646150612103,0.252873367623461,TRUE,"retained"
"ZW10",0.4342709257089,0.189460950745479,TRUE,"retained"
"CYB561",0.3280559034963,0.22424818339298,TRUE,"retained"
"DUSP2",0.5307584521659,0.756277732434758,TRUE,"retained"
"MRPL18",0.421854113891,0.222142402737089,TRUE,"retained"
"PMS1",0.5057214812916,0.386628647738226,TRUE,"retained"
"MAP1LC3A",0.4309365694284,0.172017104310801,TRUE,"retained"
"CMTM7",0.4068136362801,0.226867759845608,TRUE,"retained"
"TNRC18",0.33653344624935,0.133334830138969,TRUE,"retained"
"CRIP1",1.1527317025119,1.26407637783023,TRUE,"retained"
"COL7A1",0.2468771560773,0.0749090368398641,TRUE,"retained"
"GPAM",0.3178630381332,0.122852272179417,TRUE,"retained"
"UBN1",0.47828039408625,0.24677882515739,TRUE,"retained"
"EID2",0.3483996796077,0.167279098471576,TRUE,"retained"
"ATRX",0.3261280700678,0.130957421398352,TRUE,"retained"
"NAAA",0.63276074987475,0.376771244599888,TRUE,"retained"
"GLB1L2",0.298217624443199,0.109278905043919,TRUE,"retained"
"PSKH1",0.3058660005366,0.1058525212799,TRUE,"retained"
"IFT88",0.2938316481219,0.0977689663478886,TRUE,"retained"
"TAF6",0.3093132857178,0.102909144624784,TRUE,"retained"
"ARHGAP30",0.493994943323701,0.286173013731748,TRUE,"retained"
"TMX3",0.63600044436915,0.421911692338897,TRUE,"retained"
"GCH1",1.04810142069045,1.15420254544349,TRUE,"retained"
"DHTKD1",0.50689131384885,0.325947096426109,TRUE,"retained"
"LATS2",0.588288993103351,0.358452182916825,TRUE,"retained"
"TMEM150A",0.3271235578842,0.123347207243215,TRUE,"retained"
"ANKRD12",0.551809975371375,0.308653901749799,TRUE,"retained"
"INF2",0.26312949103665,0.0791693811788337,TRUE,"retained"
"ALG13",0.3727785599244,0.127880397463924,TRUE,"retained"
"TSEN54",0.4565022347214,0.359371522949679,TRUE,"retained"
"PIK3R5",0.3840708569544,0.157718685860555,TRUE,"retained"
"ADRBK2",0.39541745079942,0.179063608140691,TRUE,"retained"
"ATAD3A",0.3435243736274,0.113368360874396,TRUE,"retained"
"ATAD3B",0.2970770713827,0.112056220449499,TRUE,"retained"
"GNE",0.4635998597559,0.256229011182643,TRUE,"retained"
"INO80D",0.584536942812899,0.314225300564982,TRUE,"retained"
"ASPH",0.8790699368769,0.59491846260079,TRUE,"retained"
"SSH2",0.43074271414104,0.207972337055802,TRUE,"retained"
"ACBD5",0.5724895664985,0.302489440904014,TRUE,"retained"
"LLGL2",0.4095051349767,0.221498931080217,TRUE,"retained"
"ITGAE",0.567728851166399,0.352455345382624,TRUE,"retained"
"SLC9A8",0.5633643065694,0.340800239256115,TRUE,"retained"
"C1orf226",0.2789354433054,0.102905811855075,TRUE,"retained"
"ALDH9A1",0.507001773602799,0.279691951666298,TRUE,"retained"
"SUMO3",0.448411524176699,0.197550439075942,TRUE,"retained"
"NAA50",0.45103780441125,0.187532730245741,TRUE,"retained"
"ARL8B",0.599883787605899,0.323970495413008,TRUE,"retained"
"BUB3",0.4278339005325,0.229019004630377,TRUE,"retained"
"KLF2",0.450445195847849,0.242552067764634,TRUE,"retained"
"KIAA0174",0.5068420417029,0.252758440728644,TRUE,"retained"
"PIM2",0.9371801987184,0.794257063895471,TRUE,"retained"
"SF3A2",0.3857129165148,0.14071795326391,TRUE,"retained"
"VWA1",0.26917164497685,0.0890045495463689,TRUE,"retained"
"FAIM3",0.70781851328916,0.717949899006844,TRUE,"retained"
"SH3BP5L",0.271673461126725,0.0760098537590553,TRUE,"retained"
"SRPK2",0.587390423960899,0.402386043808057,TRUE,"retained"
"ARPC5L",0.559439026552141,0.332718012440053,TRUE,"retained"
"C9orf78",1.1296396078002,1.1600889044802,TRUE,"retained"
"CHURC1",0.8449005112275,0.686586679544645,TRUE,"retained"
"GET4",0.2853618468883,0.0957837157722906,TRUE,"retained"
"TMEM14B",0.534346899399599,0.340647223519563,TRUE,"retained"
"MYLK",0.8178297820735,0.80912280915727,TRUE,"retained"
"GLIPR1",0.7541105948257,0.793235342996041,TRUE,"retained"
"ATL3",0.54997879665225,0.32764316561372,TRUE,"retained"
"REEP2",0.28173100606665,0.0775839269511922,TRUE,"retained"
"CHCHD6",0.2818730432238,0.0916982655796124,TRUE,"retained"
"NCAPH",0.3290979533541,0.122966592488774,TRUE,"retained"
"PIGK",0.32753469635586,0.176085966313283,TRUE,"retained"
"STX12",0.433194340908001,0.217415726662505,TRUE,"retained"
"SLC37A3",0.585457877347,0.345883033361252,TRUE,"retained"
"ZNF689",0.3442329798264,0.136783925158312,TRUE,"retained"
"GNPDA2",0.2657017453272,0.0802364530244079,TRUE,"retained"
"POP5",0.5819976574692,0.3790759787717,TRUE,"retained"
"HIF1AN",0.2309070035111,0.0572138594301626,TRUE,"retained"
"FAM110A",0.564084587007901,0.304515240962793,TRUE,"retained"
"IFIT2",1.86826859752365,3.21874509725053,TRUE,"retained"
"SLC7A11",0.215090454482401,0.0632250070331429,TRUE,"retained"
"MT1F",0.52820642350455,0.336939320153412,TRUE,"retained"
"ARID4B",0.537301417822575,0.306121976737285,TRUE,"retained"
"TUBGCP3",0.42538935570096,0.217772879552728,TRUE,"retained"
"CDC42",0.42690032473305,0.179439267804254,TRUE,"retained"
"CRYM",0.3590219029656,0.344426164503199,TRUE,"retained"
"HSBP1L1",0.4346758830729,0.332605089719145,TRUE,"retained"
"LPHN1",0.3979758665757,0.184649016856718,TRUE,"retained"
"ANAPC1",0.4256951225289,0.303370766811866,TRUE,"retained"
"DHX58",0.4082843873409,0.648631659476986,TRUE,"retained"
"C12orf24",0.3412008886209,0.152227622714905,TRUE,"retained"
"FCN1",0.624608497716002,0.476372256819813,TRUE,"retained"
"NMRAL1",0.7421750075397,0.477235324379696,TRUE,"retained"
"SERPINI1",0.3322775054382,0.284515475433189,TRUE,"retained"
"JOSD2",0.2870603900493,0.0979720088123165,TRUE,"retained"
"PSMA4",0.725837522538101,0.52336868746126,TRUE,"retained"
"SGPP1",0.538395316982251,0.321863900023954,TRUE,"retained"
"CRAMP1L",0.2825117421147,0.0800661764382508,TRUE,"retained"
"MDM4",0.3021999132474,0.110727453995506,TRUE,"retained"
"ANKRD37",0.3617088582345,0.219346590092421,TRUE,"retained"
"BCL7C",0.34744790304,0.128373240118006,TRUE,"retained"
"ATP13A2",0.27126622963965,0.082009961351007,TRUE,"retained"
"PRKCB",0.450329900594,0.233158109580347,TRUE,"retained"
"TMC8",0.43116809780415,0.210314040872427,TRUE,"retained"
"TMCC2",0.77788909466625,1.1000638017944,TRUE,"retained"
"DNAJC27",0.2456155608347,0.0985584827456817,TRUE,"retained"
"CHN2",0.19123637861265,0.0362265476878547,TRUE,"retained"
"RNF169",0.3910952252403,0.188538433887003,TRUE,"retained"
"ADORA2A",0.476046598101901,0.260525049724393,TRUE,"retained"
"ZFAT",0.3318602276682,0.17771201130316,TRUE,"retained"
"RABL2B",0.4374708679908,0.297028808315029,TRUE,"retained"
"MRVI1",0.99396844268148,0.911940806557139,TRUE,"retained"
"RAB3GAP2",0.4759311218473,0.238823036494786,TRUE,"retained"
"RNF41",0.2629519554935,0.0764297653515424,TRUE,"retained"
"RFX7",0.321229004187,0.137588228101081,TRUE,"retained"
"YPEL2",0.40790478503145,0.19161683811306,TRUE,"retained"
"SNX30",0.649057483515,0.418679805998544,TRUE,"retained"
"RC3H2",0.36499322309625,0.153457983186688,TRUE,"retained"
"C3orf23",0.3421130671665,0.157305486360701,TRUE,"retained"
"BDP1",0.706459656867299,0.534944617696048,TRUE,"retained"
"SUOX",0.3511326340242,0.138557167524422,TRUE,"retained"
"TPSAB1",0.6805944366921,0.426018874274577,TRUE,"retained"
"SLC36A1",0.34268362264794,0.122463789806091,TRUE,"retained"
"PID1",0.4522984988508,0.633379299126993,TRUE,"retained"
"C7orf29",0.3749093867442,0.159145829926459,TRUE,"retained"
"FAM131A",0.2896284237483,0.0994293898996065,TRUE,"retained"
"SLC6A6",0.37848459473055,0.162117902078036,TRUE,"retained"
"UBE2L6",1.1231966129349,1.14114396306163,TRUE,"retained"
"PARP14",0.887450939354349,1.07610113303005,TRUE,"retained"
"HNRNPU",0.332496910470201,0.142098407533852,TRUE,"retained"
"CYCS",0.6212347910076,0.457741655803081,TRUE,"retained"
"NASP",0.38837418166155,0.171608361141229,TRUE,"retained"
"PRKAR1A",0.5536737868578,0.267354416002271,TRUE,"retained"
"CLIC1",0.287003257316999,0.124340719784703,TRUE,"retained"
"AZI2",0.8097026954436,0.655877670516109,TRUE,"retained"
"GIMAP4",0.947481332676199,1.17769660147606,TRUE,"retained"
"CWC15",0.374955765437399,0.154168677674709,TRUE,"retained"
"OLR1",0.562462916904,2.15352606372187,TRUE,"retained"
"TCP1",0.428513012875498,0.254565732553719,TRUE,"retained"
"CDK5R1",0.675175172679,0.663075859263956,TRUE,"retained"
"ABCF2",0.2193201689644,0.0481767771404252,TRUE,"retained"
"TBL3",0.2897699312466,0.0903732753422838,TRUE,"retained"
"UBE2G1",0.44269055514075,0.227498001293981,TRUE,"retained"
"UBE3C",0.270757703028751,0.0858695833073584,TRUE,"retained"
"RNF11",1.0127449337187,1.15072077162522,TRUE,"retained"
"SLC12A4",0.2007852693763,0.0400665714158966,TRUE,"retained"
"SND1",0.5668938982896,0.362941864393506,TRUE,"retained"
"FES",0.5476712941973,0.367502555222164,TRUE,"retained"
"EIF2B3",0.4818447316494,0.265501165830128,TRUE,"retained"
"TEX2",0.6064422747873,0.38091414556836,TRUE,"retained"
"PDSS2",0.2604264617892,0.0710007184954162,TRUE,"retained"
"THBS3",0.3637466785911,0.142148942060393,TRUE,"retained"
"LOC731602",0.4761542748921,0.286392470870453,TRUE,"retained"
"C2orf43",0.2762636253825,0.123696205729033,TRUE,"retained"
"DUSP6",0.880108312137076,0.808484917014594,TRUE,"retained"
"NQO2",0.895946450725201,0.929887552232041,TRUE,"retained"
"PLSCR3",0.4753619408349,0.279156084919352,TRUE,"retained"
"SNRNP40",0.7540255464651,0.604840755547278,TRUE,"retained"
"ATL2",0.5998614144306,0.350439287463455,TRUE,"retained"
"ZG16",0.305707286724,0.100936571721857,TRUE,"retained"
"PPP1R1A",0.3603087486159,0.171124479273374,TRUE,"retained"
"REEP3",0.32558385369195,0.142958418617844,TRUE,"retained"
"CTNND1",0.2684583316464,0.0707236685480912,TRUE,"retained"
"SKA1",0.3934108277568,0.290670758798928,TRUE,"retained"
"CHPT1",0.8493976351056,0.69760975650301,TRUE,"retained"
"MESDC1",0.2160547234377,0.0492087870623289,TRUE,"retained"
"DONSON",0.3547444247949,0.175677584941484,TRUE,"retained"
"RUFY3",0.33763191711732,0.132069357104925,TRUE,"retained"
"INTS5",0.2987512774176,0.106071070770869,TRUE,"retained"
"Septin 1",0.3536075122587,0.208430139008768,TRUE,"retained"
"NR1D2",0.31726187904495,0.232227314342317,TRUE,"retained"
"EML3",0.525119328209699,0.265106812596097,TRUE,"retained"
"EFNA4",0.280033428696,0.102939359958668,TRUE,"retained"
"PRR5",0.437829051425149,0.230165607503023,TRUE,"retained"
"KIF21B",0.303400350004501,0.0985433753658438,TRUE,"retained"
"EIF4ENIF1",0.5190624246234,0.252530962524375,TRUE,"retained"
"ZNF131",0.2388891949017,0.0624485804570031,TRUE,"retained"
"RICTOR",0.645074131538339,0.441646475748486,TRUE,"retained"
"PIGF",0.33074713273035,0.123321423849771,TRUE,"retained"
"PCNX",0.590513160341999,0.388315471588962,TRUE,"retained"
"HLX",0.7407806244636,0.687236492861186,TRUE,"retained"
"ZNF232",0.3228689021166,0.137066643235014,TRUE,"retained"
"RPS6KC1",0.266450220864099,0.103784180698464,TRUE,"retained"
"KNTC1",0.2943354207759,0.130699820520982,TRUE,"retained"
"CYP27B1",0.2518979542905,0.0754093266782038,TRUE,"retained"
"C3orf19",0.32373151623225,0.113178372435903,TRUE,"retained"
"FAM102B",0.7006816481322,0.439322049859884,TRUE,"retained"
"ECHDC2",0.28554014893565,0.0938559498269207,TRUE,"retained"
"PLCB2",0.3400846405635,0.106537275933088,TRUE,"retained"
"MGAT3",0.3234543400851,0.126826744355841,TRUE,"retained"
"TNFRSF25",0.48098861725215,0.329577880851493,TRUE,"retained"
"GUCY1A3",0.3815643909738,0.336027414477331,TRUE,"retained"
"RELB",0.791668411312799,0.64996985662818,TRUE,"retained"
"PITPNM1",0.434685104844901,0.193696670251309,TRUE,"retained"
"TRANK1",0.8022096157698,0.604808114144155,TRUE,"retained"
"USP37",0.24554823238575,0.0699669656962486,TRUE,"retained"
"YTHDC2",0.6627805877532,0.424531387748925,TRUE,"retained"
"EIF2AK3",0.335771846860799,0.165232519068693,TRUE,"retained"
"SGMS2",0.5897585147181,0.397177662158272,TRUE,"retained"
"PRKRA",0.38935752797235,0.18845478677845,TRUE,"retained"
"GRB10",1.2273116177441,1.48853900739561,TRUE,"retained"
"TAF4",0.6457184555619,0.440827570661187,TRUE,"retained"
"CTNNB1",0.428112664080938,0.208304759482645,TRUE,"retained"
"CSE1L",0.5616719708075,0.319524644461219,TRUE,"retained"
"CORO7",0.261707807290022,0.0794698676332374,TRUE,"retained"
"TOLLIP",0.274431261509999,0.0824336890455516,TRUE,"retained"
"SF3B3",0.3042520444005,0.139844520501101,TRUE,"retained"
"MAN2C1",0.3468663662863,0.143977268459376,TRUE,"retained"
"DR1",0.7779646626647,0.573513910325866,TRUE,"retained"
"ATP6V1C1",1.1260462412997,0.955102577561395,TRUE,"retained"
"C14orf147",0.59790995144685,0.457060269503723,TRUE,"retained"
"MTDH",0.4936558749276,0.245845175188161,TRUE,"retained"
"TTC37",0.475901345556,0.257422764482182,TRUE,"retained"
"UBE2M",0.575408327018699,0.311626086300908,TRUE,"retained"
"C12orf75",0.6854448033636,0.496363028587662,TRUE,"retained"
"NDUFS8",0.29910850803435,0.0973961970345067,TRUE,"retained"
"NMT1",0.393541051557149,0.174739574640841,TRUE,"retained"
"EIF6",0.4172308649838,0.149119971150359,TRUE,"retained"
"FBXO22",0.270403854037275,0.0881354764266224,TRUE,"retained"
"CDC42EP1",0.29995310448285,0.121946723759558,TRUE,"retained"
"MMADHC",0.638885201828999,0.39614152515475,TRUE,"retained"
"PTGS1",0.7964574042747,0.668109319026183,TRUE,"retained"
"PQLC1",0.46826271792825,0.287397531818254,TRUE,"retained"
"NPM3",0.3458567277942,0.153926369169665,TRUE,"retained"
"QTRT1",0.27005719602645,0.0874263981069915,TRUE,"retained"
"POLE4",0.6332682686883,0.410078893530151,TRUE,"retained"
"GPR108",0.36681129322215,0.154594393885005,TRUE,"retained"
"WBP4",0.425541470312699,0.185107616853125,TRUE,"retained"
"TMEM160",0.4346548968699,0.176182032494829,TRUE,"retained"
"ADAM8",0.4204324284888,0.209177004563002,TRUE,"retained"
"ACN9",1.0424864301264,0.934270196609798,TRUE,"retained"
"DNAJC30",0.3194612102626,0.150623270022094,TRUE,"retained"
"PPA2",0.561186909356219,0.318033340888921,TRUE,"retained"
"PDP1",0.4952572521911,0.225695329870227,TRUE,"retained"
"PIAS4",0.22189290534705,0.0615464362083681,TRUE,"retained"
"FBXO2",0.3327323167098,0.123200781835384,TRUE,"retained"
"CNO",0.3400542146463,0.140638100472355,TRUE,"retained"
"DPM3",0.5180299101075,0.290320129475972,TRUE,"retained"
"HIPK1",0.40829818701105,0.188068646660162,TRUE,"retained"
"PTDSS2",0.2285571348963,0.0593287472655114,TRUE,"retained"
"RASSF1",0.440859422196899,0.221444136782223,TRUE,"retained"
"C10orf11",0.3268352596425,0.140135215035414,TRUE,"retained"
"MBD6",0.4409896485918,0.224247962871589,TRUE,"retained"
"NEK2",0.277135620279,0.175166485882784,TRUE,"retained"
"C11orf83",0.3370455796554,0.149515165000224,TRUE,"retained"
"SCRN2",0.237918915486,0.0823841177528704,TRUE,"retained"
"FAM174A",0.55243349521815,0.37514142163175,TRUE,"retained"
"EDEM1",0.229329539658975,0.11851449994617,TRUE,"retained"
"MRPS10",0.413115229405901,0.188148631107044,TRUE,"retained"
"EXOC2",0.3510862464354,0.124043447509256,TRUE,"retained"
"NFRKB",0.35115661841505,0.121124983631462,TRUE,"retained"
"SASH3",0.354815587185674,0.138396737013372,TRUE,"retained"
"KIAA1826",0.3324682174653,0.136978457071925,TRUE,"retained"
"ZBED4",0.26213264861805,0.0833270338242601,TRUE,"retained"
"SMUG1",0.2515423185807,0.0570556179795066,TRUE,"retained"
"PHC3",0.4520030448402,0.209846191809914,TRUE,"retained"
"NAA35",0.3146125332609,0.12690410846818,TRUE,"retained"
"SLC30A7",0.3918836296662,0.181682550070279,TRUE,"retained"
"ZBTB43",0.3023939922591,0.111881420352235,TRUE,"retained"
"NAPSA",0.31591241726625,0.104813440993753,TRUE,"retained"
"PCF11",0.9539750210949,0.682278148588891,TRUE,"retained"
"LRFN4",0.2319777429144,0.0725985098787649,TRUE,"retained"
"RAB7L1",0.661239843442919,0.474412600962164,TRUE,"retained"
"ETS1",0.67171886402355,0.647474671324689,TRUE,"retained"
"LRRFIP1",0.434554644199202,0.215821017393959,TRUE,"retained"
"TMC4",0.380943817821,0.184642699438314,TRUE,"retained"
"COQ2",0.4158778049349,0.173240746853432,TRUE,"retained"
"RAPGEF6",0.49804814518242,0.266551833095015,TRUE,"retained"
"SNX13",0.821322350368274,0.523629059746285,TRUE,"retained"
"EFNB3",0.2724135044379,0.0883468919186,TRUE,"retained"
"HHEX",0.8452358004762,0.711438331458286,TRUE,"retained"
"ZNF84",0.3423826394289,0.181629642487913,TRUE,"retained"
"ZBTB34",0.6189645041601,0.442059527531403,TRUE,"retained"
"PGBD5",0.2496028939383,0.0669645361986444,TRUE,"retained"
"INO80",0.2386738650429,0.0618269612558805,TRUE,"retained"
"FNDC5",0.2352561792294,0.0647274494462277,TRUE,"retained"
"PEX7",0.2947660968021,0.0915205620288499,TRUE,"retained"
"DIAPH2",0.4656613008957,0.235482669369649,TRUE,"retained"
"PRR12",0.2422473239319,0.057699848288664,TRUE,"retained"
"ZNF558",0.384962627511,0.16610948870362,TRUE,"retained"
"GNB5",0.2928170127736,0.111365851722202,TRUE,"retained"
"CELSR3",0.298872537789,0.103002910646635,TRUE,"retained"
"ACSS2",0.5288871611478,0.378176694905648,TRUE,"retained"
"REPS2",0.690936411585,0.602425857610003,TRUE,"retained"
"LIME1",0.370922211290399,0.151843800139948,TRUE,"retained"
"SFRS2B",0.6842422472298,0.673599320274558,TRUE,"retained"
"ACTA2",0.800580884783401,0.667104580415357,TRUE,"retained"
"SEC23A",0.597051638909775,0.307380068652988,TRUE,"retained"
"DAB2",0.3886936904865,0.219943736790207,TRUE,"retained"
"ACADM",0.4931250067702,0.269350707225062,TRUE,"retained"
"SAFB",0.3353400158892,0.124029231079202,TRUE,"retained"
"LMBR1L",0.2386094683119,0.0610851683033791,TRUE,"retained"
"COX6A2",0.3232520215239,0.126709369316464,TRUE,"retained"
"SLC4A1AP",0.5122791572437,0.318265560073201,TRUE,"retained"
"HIRIP3",0.3332241966879,0.126508725404168,TRUE,"retained"
"DLGAP5",0.2771101847934,0.37207662994053,TRUE,"retained"
"TRIM22",1.0049848269125,1.13801252827536,TRUE,"retained"
"GGA2",0.353489437438725,0.178920893429072,TRUE,"retained"
"PNPO",0.25408128701865,0.0693818219307575,TRUE,"retained"
"GNG11",0.985949250092101,0.968882258352393,TRUE,"retained"
"NUDT3",0.564283477056599,0.332986189887487,TRUE,"retained"
"TXNL4B",0.36210188548695,0.151048222003176,TRUE,"retained"
"MDM1",0.7684660393305,0.592888926866154,TRUE,"retained"
"UBTF",0.2392952404941,0.0660275166602427,TRUE,"retained"
"MIDN",0.468010462063199,0.31462805082119,TRUE,"retained"
"MTF1",0.67281839658138,0.436498127459562,TRUE,"retained"
"TMEM126B",0.523135455960601,0.373616150713126,TRUE,"retained"
"P4HTM",0.2334364574871,0.0585962663973186,TRUE,"retained"
"RWDD4A",0.313864574348325,0.108088632952689,TRUE,"retained"
"DAPK3",0.3288674787363,0.108362503332437,TRUE,"retained"
"PLEKHO1",0.8708377012545,0.776204961828523,TRUE,"retained"
"MTHFS",0.740336834099099,0.539248573245796,TRUE,"retained"
"PFKFB4",0.400181774977599,0.172060762606731,TRUE,"retained"
"GALNT7",0.590818944120999,0.388243219666413,TRUE,"retained"
"SLC7A1",0.3536327883648,0.244855734776674,TRUE,"retained"
"HBS1L",0.565224902852399,0.343696272770038,TRUE,"retained"
"UTP3",0.60038179628175,0.408561347903158,TRUE,"retained"
"PPP3CC",0.6686651264874,0.586588089930417,TRUE,"retained"
"TMEM168",0.864631702964399,0.634151425435001,TRUE,"retained"
"C2orf79",0.5276985014238,0.326409150745597,TRUE,"retained"
"NEDD4L",0.745452535169161,0.673048033692208,TRUE,"retained"
"FGL2",1.0629326432725,1.30949196823398,TRUE,"retained"
"PEX16",0.4241806696092,0.182094987215324,TRUE,"retained"
"MAD2L2",0.6134983136331,0.371329332567473,TRUE,"retained"
"GOSR2",0.27893780419764,0.0895296758879261,TRUE,"retained"
"FLYWCH2",0.2888091849489,0.0936000027709659,TRUE,"retained"
"SEMA4F",0.263377922535,0.0861698626327598,TRUE,"retained"
"CCDC43",0.509432820498,0.256111390612725,TRUE,"retained"
"C17orf81",0.243515774964,0.0666627575397081,TRUE,"retained"
"TRAPPC5",0.4859685005238,0.238582795615107,TRUE,"retained"
"SIRT3",0.228529461240675,0.0818307664899761,TRUE,"retained"
"TYMP",0.411390470911699,0.175028027262288,TRUE,"retained"
"POLR2D",0.3623583882597,0.113819562206359,TRUE,"retained"
"QKI",0.550186540046851,0.297356449315126,TRUE,"retained"
"L3MBTL2",0.3952629991653,0.194136493926064,TRUE,"retained"
"TMEM206",0.42827701297815,0.243417404492663,TRUE,"retained"
"TNKS2",0.4041209043074,0.197348880989456,TRUE,"retained"
"C17orf80",0.4173066199134,0.187042926260353,TRUE,"retained"
"CACNG4",0.2690812149018,0.0850513821162536,TRUE,"retained"
"ACSL6",0.8265737150587,1.3626187900927,TRUE,"retained"
"DGKQ",0.5906255347503,0.383392668805557,TRUE,"retained"
"ARID3B",0.3411503349261,0.141980846829954,TRUE,"retained"
"CMC1",0.5601722939736,0.359469645128608,TRUE,"retained"
"CUL5",0.7897584689127,0.529737475838888,TRUE,"retained"
"FGR",0.47932934692965,0.225075829401991,TRUE,"retained"
"MFF",0.51291849271362,0.230864702900394,TRUE,"retained"
"FAM57B",0.3094454291145,0.0870223731700964,TRUE,"retained"
"C8orf82",0.3684314158623,0.146306050883638,TRUE,"retained"
"UTP14C",0.2860271596847,0.0863013416096047,TRUE,"retained"
"ALG11",0.22841414961645,0.0593225214076946,TRUE,"retained"
"HS1BP3",0.3778679869503,0.160777153731094,TRUE,"retained"
"SEZ6L2",0.2190445019805,0.0490998376634434,TRUE,"retained"
"HIP1R",0.4586197885647,0.297694796292092,TRUE,"retained"
"CYYR1",0.24176724359655,0.182404501598769,TRUE,"retained"
"LPPR2",0.4899167695884,0.278308746413873,TRUE,"retained"
"CRTC3",0.738981885217799,0.603120118707743,TRUE,"retained"
"SP110",0.55603532269446,0.423629970130461,TRUE,"retained"
"EMID1",0.3411872916963,0.153336559665996,TRUE,"retained"
"C9orf103",1.4063398240416,2.08182449130541,TRUE,"retained"
"SMC5",0.42513739694895,0.191293716444561,TRUE,"retained"
"HKDC1",0.29174290601505,0.0921841625993181,TRUE,"retained"
"SUSD1",0.48761326249335,0.237785847362777,TRUE,"retained"
"TMCO4",0.2777824608678,0.0955449241740752,TRUE,"retained"
"CCNYL1",0.4612227204438,0.214998897411955,TRUE,"retained"
"TMCO6",0.216167037800699,0.0544942738060033,TRUE,"retained"
"CLDN15",0.24283088159295,0.0658499874738711,TRUE,"retained"
"LCLAT1",0.612194250548999,0.364050646096007,TRUE,"retained"
"HIVEP2",0.4756398166457,0.354502907189985,TRUE,"retained"
"DHRS11",0.2297379101535,0.067697498248926,TRUE,"retained"
"HIVEP1",0.4604802514137,0.272576683061586,TRUE,"retained"
"ARHGEF11",0.3223675349811,0.104891593607177,TRUE,"retained"
"ITSN1",0.351189511008,0.243476783375344,TRUE,"retained"
"NUP88",0.534452969792701,0.320923762830763,TRUE,"retained"
"HADH",0.4718251362657,0.29976779325861,TRUE,"retained"
"MPP1",0.80261454763308,0.598068475682218,TRUE,"retained"
"CDK4",0.409730070786225,0.232724860093908,TRUE,"retained"
"CYP51A1",0.42131191533375,0.308258981961927,TRUE,"retained"
"GOLPH3",0.711728291685599,0.419136432585117,TRUE,"retained"
"NT5C2",0.4734343920656,0.235214130105549,TRUE,"retained"
"VEZT",0.276449574804201,0.124410256866786,TRUE,"retained"
"CCNA2",0.30565441683735,0.376219837321627,TRUE,"retained"
"ERAP2",1.26681639184065,1.39478923908439,TRUE,"retained"
"AP1G1",0.307210649981025,0.106023038459855,TRUE,"retained"
"LEPRE1",0.30762547645725,0.10256060362375,TRUE,"retained"
"CHMP4A",0.486222509934,0.226612012055981,TRUE,"retained"
"PRKRIP1",0.257105827713001,0.068058762239388,TRUE,"retained"
"IGFBP2",0.4133867915646,0.297701861589744,TRUE,"retained"
"CAST",0.472124874693779,0.256811470665773,TRUE,"retained"
"G3BP1",0.4724182395233,0.245493824851286,TRUE,"retained"
"EXOSC3",0.5184460003149,0.26046789076103,TRUE,"retained"
"BCAP29",0.410240625408599,0.223481553137322,TRUE,"retained"
"AKAP13",0.554155345530675,0.321576867716104,TRUE,"retained"
"ACAT2",0.5029687045131,0.312924536751519,TRUE,"retained"
"PLEKHF1",0.444482248700701,0.23550539613121,TRUE,"retained"
"CDC37L1",0.278069565863601,0.0929037033353566,TRUE,"retained"
"MT3",0.3235259867301,0.11535002668723,TRUE,"retained"
"CDC42SE1",0.3719030228494,0.171202180748607,TRUE,"retained"
"TBC1D25",0.27350365762335,0.0863002466002184,TRUE,"retained"
"KAT5",0.3681509227683,0.155727108501707,TRUE,"retained"
"GPR109A",1.1968957337925,2.79359876142345,TRUE,"retained"
"UBLCP1",0.4887911477925,0.254301438246786,TRUE,"retained"
"TMEM8A",0.440846953901549,0.198821529665486,TRUE,"retained"
"FASTKD1",0.6024210721809,0.363905148231318,TRUE,"retained"
"KIAA1033",0.713112542920399,0.511625164562261,TRUE,"retained"
"NGDN",0.5125509388272,0.27582471285874,TRUE,"retained"
"NARG2",0.417431530445999,0.208968097692643,TRUE,"retained"
"IL2RB",1.2729138604749,1.77612703340033,TRUE,"retained"
"ANKRD28",0.53755630252275,0.412417733554412,TRUE,"retained"
"SSBP3",1.0263944483646,0.979564353523011,TRUE,"retained"
"DGAT2",0.6340428723321,0.71487997107907,TRUE,"retained"
"BRPF1",0.3747715049442,0.149808752759244,TRUE,"retained"
"ZNHIT6",0.3718441631352,0.255724334999629,TRUE,"retained"
"RUNDC1",0.2644819228338,0.0676500644880062,TRUE,"retained"
"OBFC1",0.840454706065801,0.804605408419585,TRUE,"retained"
"STK17A",0.355243148207499,0.132346846015804,TRUE,"retained"
"SMN2",0.3942776602401,0.172273287981404,TRUE,"retained"
"HPSE",1.0637868279423,1.04424099692945,TRUE,"retained"
"AKAP11",0.9306170865663,0.779052298623544,TRUE,"retained"
"HIF3A",0.2809965004518,0.0870984501828428,TRUE,"retained"
"KIAA1967",0.4614185400279,0.243616532169135,TRUE,"retained"
"STEAP3",0.571495252654199,0.4323628712204,TRUE,"retained"
"PARP8",0.513788971355099,0.310161311202737,TRUE,"retained"
"HCST",0.498246802166399,0.278602240263026,TRUE,"retained"
"RBP7",1.2719436929955,1.77991913007348,TRUE,"retained"
"MECP2",0.316703914025099,0.0969047139789785,TRUE,"retained"
"AVEN",0.3811992942639,0.186036297325154,TRUE,"retained"
"GIYD1",0.42503417685435,0.189778223728566,TRUE,"retained"
"ZMYM4",0.4001055221415,0.161182101287605,TRUE,"retained"
"SFI1",0.2748577180566,0.0835490208720888,TRUE,"retained"
"STUB1",0.4084494088752,0.166791514008731,TRUE,"retained"
"KIAA1109",0.531292027550899,0.382805114034715,TRUE,"retained"
"B3GNT5",1.6089079075629,2.11512273784296,TRUE,"retained"
"FAM190B",0.3501058947295,0.154612544610558,TRUE,"retained"
"PPOX",0.57885280526745,0.66400301896325,TRUE,"retained"
"XPA",0.3192747283404,0.132412028821771,TRUE,"retained"
"STK35",0.305948928655651,0.10452125103516,TRUE,"retained"
"BAIAP2",0.228931401513675,0.0489806476256699,TRUE,"retained"
"CENPV",0.2940685972539,0.124418982731955,TRUE,"retained"
"UNC13D",0.3969285940123,0.164271968230357,TRUE,"retained"
"CSF2RB",0.420014711375001,0.248108883360361,TRUE,"retained"
"ZNF286A",0.3691137484125,0.228292271025579,TRUE,"retained"
"C17orf95",0.6868431768576,0.462676118654477,TRUE,"retained"
"APPL1",0.412540782692499,0.17405986921176,TRUE,"retained"
"CEP250",0.3155483021964,0.104412835355373,TRUE,"retained"
"DDC",0.3379317452427,0.136647260735727,TRUE,"retained"
"LOC729991",0.398329249660125,0.167767496211512,TRUE,"retained"
"HOOK3",0.566282690015,0.295584519513279,TRUE,"retained"
"AKAP8",0.40374175320255,0.164806183468845,TRUE,"retained"
"C14orf43",0.9261610699971,0.652461111265203,TRUE,"retained"
"RAB43",0.56962299312765,0.382136844461966,TRUE,"retained"
"SHPRH",0.4825431244641,0.259306040490103,TRUE,"retained"
"TMEM37",0.2561784273132,0.0849646762157381,TRUE,"retained"
"GATA2",0.2804596868213,0.308102228279096,TRUE,"retained"
"WDR62",0.2713762166913,0.075065653691727,TRUE,"retained"
"MBNL2",0.6340666621317,0.643229200590078,TRUE,"retained"
"MMP24",0.3223650953628,0.114550228448448,TRUE,"retained"
"DIDO1",0.3819382154322,0.149637234649872,TRUE,"retained"
"SLC6A19",0.3629277051771,0.238630498649651,TRUE,"retained"
"FGFBP2",1.32586968381,1.65167673093623,TRUE,"retained"
"GRWD1",0.2345610523354,0.0523340135651018,TRUE,"retained"
"TIMP2",0.4881035616492,0.326340167624893,TRUE,"retained"
"PKM2",0.5275787626942,0.293444483851545,TRUE,"retained"
"ENG",0.251783909239099,0.0720957350935514,TRUE,"retained"
"RAB5A",0.698475175353901,0.443845809790353,TRUE,"retained"
"ZNHIT3",0.658563388392,0.40507326262935,TRUE,"retained"
"GDE1",0.50004591539805,0.282151299393644,TRUE,"retained"
"MAPK6",0.3107433809214,0.162437936750265,TRUE,"retained"
"C12orf23",0.4235377171389,0.357898355012501,TRUE,"retained"
"SS18",0.2408225475558,0.0672574383858578,TRUE,"retained"
"PTBP2",0.6621017808258,0.469392132545689,TRUE,"retained"
"RAB35",0.3194796681384,0.115668703906674,TRUE,"retained"
"WDR54",0.5853900908982,0.506013259851665,TRUE,"retained"
"SP1",0.403753861967399,0.186735086823867,TRUE,"retained"
"RAB7A",0.436492734995801,0.18370049331649,TRUE,"retained"
"PABPC4",0.66670275749805,0.459197387106966,TRUE,"retained"
"RANBP2",0.43524731877396,0.197283096503146,TRUE,"retained"
"ZNF3",0.2989764517404,0.0956425186157474,TRUE,"retained"
"GGH",0.8970874856307,1.10455251958531,TRUE,"retained"
"COCH",0.2304625724163,0.361659840484155,TRUE,"retained"
"NCAPG",0.4989134525151,0.5877864377846,TRUE,"retained"
"SDAD1",0.373963771615,0.196925873756492,TRUE,"retained"
"PEX12",0.2605040714514,0.0860132033008281,TRUE,"retained"
"CCNY",0.524445095968149,0.256086313121861,TRUE,"retained"
"KPTN",0.3552268228047,0.151896606991777,TRUE,"retained"
"FUBP1",0.288255206455125,0.0989916694912497,TRUE,"retained"
"LYAR",0.6310424576169,0.465564515987782,TRUE,"retained"
"TFB2M",0.4835278258713,0.266915662027453,TRUE,"retained"
"UBE2R2",0.37988426253435,0.161619716129659,TRUE,"retained"
"PPP3CA",0.520315645832324,0.347786245613913,TRUE,"retained"
"BIRC3",0.865656433089,0.936157258919076,TRUE,"retained"
"HABP4",0.2921885981847,0.13544838141194,TRUE,"retained"
"ZNF395",0.7694218248486,0.622266541519422,TRUE,"retained"
"NETO2",0.4018218125187,0.232012141671981,TRUE,"retained"
"RAD1",0.270909128935725,0.0949089099237257,TRUE,"retained"
"RFC4",0.4860009983745,0.371015603433173,TRUE,"retained"
"MSL3",0.69252270714942,0.420664071485959,TRUE,"retained"
"LRBA",0.24979046767185,0.0678480715559863,TRUE,"retained"
"NDUFAF1",0.602602860067949,0.362948966391399,TRUE,"retained"
"TBC1D17",0.3100919190684,0.114375686956514,TRUE,"retained"
"PPP2R2B",0.2747764649049,0.17401939023443,TRUE,"retained"
"PHF19",0.38607116716035,0.186203649465946,TRUE,"retained"
"C5orf41",0.601631237363701,0.418311223425739,TRUE,"retained"
"EMB",0.998129992701099,0.912105432979518,TRUE,"retained"
"PIK3C2A",0.5103910256193,0.242755213177684,TRUE,"retained"
"REV1",0.3403956117128,0.130645164574962,TRUE,"retained"
"RARA",0.2201865924972,0.0511021818547366,TRUE,"retained"
"CCDC76",0.463391089872599,0.290100121723809,TRUE,"retained"
"TBC1D9",1.0874919228978,1.16273438230189,TRUE,"retained"
"MIA3",0.364503816218499,0.182008262387799,TRUE,"retained"
"GATS",0.226786248700725,0.0561584271212804,TRUE,"retained"
"CYP2R1",0.3316172732649,0.138719182598326,TRUE,"retained"
"USP13",0.3213330493485,0.136770988792661,TRUE,"retained"
"FAM122B",0.333570848583,0.101628620846327,TRUE,"retained"
"MMRN1",0.614212158660974,0.633665077979211,TRUE,"retained"
"CCDC137",0.3116554586502,0.107830758843493,TRUE,"retained"
"KIAA0415",0.2722301609328,0.0707018976029324,TRUE,"retained"
"CHML",0.300053384211,0.12031259520705,TRUE,"retained"
"C3orf59",0.2863185681741,0.0880386909591956,TRUE,"retained"
"ATXN1",0.697982491065299,0.471793885487482,TRUE,"retained"
"PALB2",0.2626288062678,0.0860342465702413,TRUE,"retained"
"GLT1D1",0.368388917503949,0.20725114763902,TRUE,"retained"
"CDRT4",0.2604849644439,0.0865588594337305,TRUE,"retained"
"SLC27A1",0.4735133721444,0.205994016292456,TRUE,"retained"
"BIK",0.4161146836434,0.20517731361973,TRUE,"retained"
"SMURF1",0.3634354541643,0.124283197041062,TRUE,"retained"
"CYB561D1",0.166585756866199,0.0325987788731049,TRUE,"retained"
"LINS1",0.4163541057522,0.205103418570723,TRUE,"retained"
"AMMECR1",0.406961475592349,0.183738325421203,TRUE,"retained"
"PLEKHA1",0.5632248376461,0.477962340505557,TRUE,"retained"
"ZDHHC8",0.2503017382047,0.0596336938648485,TRUE,"retained"
"CREB5",0.598055191761297,0.703760624978437,TRUE,"retained"
"FOXK1",0.3689100955113,0.163689566007864,TRUE,"retained"
"TAZ",0.4502067214911,0.207474181457268,TRUE,"retained"
"F8",0.4509142812216,0.20594595182031,TRUE,"retained"
"LYST",0.4243291685549,0.243342729814262,TRUE,"retained"
"UBOX5",0.2667122054268,0.0672605851394483,TRUE,"retained"
"BTAF1",0.692286190145901,0.442721621259139,TRUE,"retained"
"PLIN3",0.626783316243,0.444818271372415,TRUE,"retained"
"NOL11",0.5811959192802,0.384640140645836,TRUE,"retained"
"ALDH6A1",0.3118622124093,0.121182152916822,TRUE,"retained"
"RANBP1",0.5975127758796,0.396068467980721,TRUE,"retained"
"F2",0.3316817359716,0.160788898187309,TRUE,"retained"
"CCPG1",0.763284394213948,0.560560289477045,TRUE,"retained"
"KIF20A",0.2683967726118,0.142781516961238,TRUE,"retained"
"CAPZA2",0.957149333818859,0.829958188323453,TRUE,"retained"
"EXT2",0.275406279068199,0.100582532873051,TRUE,"retained"
"LCMT2",0.2823467324412,0.0906022704937903,TRUE,"retained"
"RIPK3",0.315064077438075,0.0951678221764824,TRUE,"retained"
"BCKDHB",0.3522380035041,0.223193501691878,TRUE,"retained"
"CREB3",0.3312948515016,0.127731514723421,TRUE,"retained"
"FAM26F",0.589915376022,0.510807776454639,TRUE,"retained"
"ITLN1",0.5544298809819,0.678370109885638,TRUE,"retained"
"CRISPLD2",0.39281729820228,0.171676073908237,TRUE,"retained"
"PLP2",0.532308084959699,0.384531666375021,TRUE,"retained"
"NOV",0.30250383698115,0.233187303390072,TRUE,"retained"
"GTF2A2",0.444794031820599,0.223429325600967,TRUE,"retained"
"TRMT12",0.3192881562486,0.117850540910565,TRUE,"retained"
"STX8",0.506157705206999,0.297766860893263,TRUE,"retained"
"SFRS3",0.590735184139799,0.312799167251294,TRUE,"retained"
"UBE2D1",0.76814313461025,0.602189594655483,TRUE,"retained"
"SMAD1",0.46550757566145,0.417754452153225,TRUE,"retained"
"FRG1",0.4662036196671,0.226802574842883,TRUE,"retained"
"C7orf30",0.3722287606947,0.169890760841369,TRUE,"retained"
"CX3CR1",1.3843543642089,2.09101255083604,TRUE,"retained"
"HSPA6",0.70867387808385,0.673719825398823,TRUE,"retained"
"KIAA0467",0.34657329617295,0.111814877793675,TRUE,"retained"
"MRPL33",0.661076362774799,0.403485116935085,TRUE,"retained"
"TAP2",0.914100845285775,0.962055772412321,TRUE,"retained"
"RILPL2",0.528405901033499,0.291506746319609,TRUE,"retained"
"NDUFS7",0.4952397041375,0.270186628941593,TRUE,"retained"
"GCHFR",0.4745102078913,0.318411105678103,TRUE,"retained"
"TMEM18",0.2607005663598,0.0744996150461511,TRUE,"retained"
"ENDOG",0.3480571018974,0.15072573042017,TRUE,"retained"
"NAIF1",0.3748259853051,0.147687579452129,TRUE,"retained"
"FAM21A",0.6177063270518,0.332202882934911,TRUE,"retained"
"NDUFV3",0.3076657506685,0.104372300215264,TRUE,"retained"
"BCL9L",0.3996030704841,0.195664829967215,TRUE,"retained"
"CXorf26",0.530224644630451,0.337826630364866,TRUE,"retained"
"C2orf47",0.4753467812499,0.23772093888877,TRUE,"retained"
"DVL1",0.4334661437421,0.181598618292584,TRUE,"retained"
"HEMK1",0.2910287438961,0.100599614559747,TRUE,"retained"
"SCN1B",0.2282967989848,0.0577001767545869,TRUE,"retained"
"GAS2L1",0.4139680819596,0.175035281619418,TRUE,"retained"
"CXorf40A",0.203267846073076,0.0462434193231394,TRUE,"retained"
"FNIP2",0.49492525443795,0.263524489496192,TRUE,"retained"
"CYLD",0.435000747605025,0.186231580838914,TRUE,"retained"
"GNB4",0.4613606192937,0.329100798371453,TRUE,"retained"
"CMPK2",0.9748152169056,2.32814407915877,TRUE,"retained"
"NCF4",0.468062171444702,0.315457473001145,TRUE,"retained"
"C18orf22",0.2931559420524,0.0942524771465224,TRUE,"retained"
"GPBP1",0.446203092142499,0.225791783867706,TRUE,"retained"
"PLEKHB2",0.339665516709399,0.123006160363039,TRUE,"retained"
"EMILIN2",0.981389994895799,0.901730734487338,TRUE,"retained"
"CCDC84",0.4701597331683,0.267182532545728,TRUE,"retained"
"CENPC1",0.3868537401498,0.190527419768944,TRUE,"retained"
"MTX3",0.5083178667504,0.407326924533833,TRUE,"retained"
"RFFL",0.460267679932201,0.273574363727545,TRUE,"retained"
"PCNT",0.4693160107125,0.277436370367834,TRUE,"retained"
"DSTYK",0.27280681938888,0.0952786382215538,TRUE,"retained"
"TRPM7",0.5348019805044,0.356062070477061,TRUE,"retained"
"SH3PXD2B",0.4700978850267,0.397476279479491,TRUE,"retained"
"MORC3",0.866441261113051,0.602214299914193,TRUE,"retained"
"HERC6",0.399571908456,0.545777664831928,TRUE,"retained"
"ARHGEF7",0.4135646976342,0.190316171527074,TRUE,"retained"
"WDR70",0.4653328575525,0.218452834047888,TRUE,"retained"
"CTXN1",0.3086481535515,0.130026526004313,TRUE,"retained"
"ZBTB11",0.578241872509351,0.310744444308622,TRUE,"retained"
"CARD11",0.3693977248752,0.210773652977405,TRUE,"retained"
"GON4L",0.28871156525225,0.0821383057867107,TRUE,"retained"
"LSP1",0.4761415578906,0.277935957698836,TRUE,"retained"
"TMEM229B",0.4412123165793,0.253965262772809,TRUE,"retained"
"ZNF776",0.7272766877943,0.450007314919121,TRUE,"retained"
"SPI1",0.4006854122208,0.180305955484759,TRUE,"retained"
"FOXN2",0.790277034949498,0.662429302907331,TRUE,"retained"
"SLC15A4",0.874859150713799,0.886413534655548,TRUE,"retained"
"ITSN2",0.4661434438983,0.280375981699226,TRUE,"retained"
"CNOT6L",0.514229611639379,0.306310527274743,TRUE,"retained"
"FGD6",0.3368223267822,0.154504142163629,TRUE,"retained"
"ADAM19",0.35432303318055,0.138995368670379,TRUE,"retained"
"UHRF1",0.25444233347715,0.0755781182918332,TRUE,"retained"
"LTF",2.44993114143225,3.85435811270374,TRUE,"retained"
"HLA-DRB1",1.07193544031805,1.35665622348798,TRUE,"retained"
"HLA-E",0.444725237945098,0.227778854678233,TRUE,"retained"
"HNRNPA3",0.386668944808652,0.174959864530468,TRUE,"retained"
"MTMR6",0.5209295191422,0.30467431496528,TRUE,"retained"
"NOL7",0.4400904746721,0.198804676196847,TRUE,"retained"
"PGD",0.734735642834549,0.682804490139129,TRUE,"retained"
"TCL1A",0.7775624646664,0.884024643164351,TRUE,"retained"
"MBTPS2",0.3570103972764,0.133394345020082,TRUE,"retained"
"KBTBD6",0.5663246955324,0.796602816260385,TRUE,"retained"
"PICK1",0.3052637157843,0.0990337968829512,TRUE,"retained"
"MEF2C",0.775889702189699,0.53225135753915,TRUE,"retained"
"SFXN3",0.547259839832999,0.275924731155581,TRUE,"retained"
"GPN1",0.3837828769775,0.14741381079388,TRUE,"retained"
"EXOC6",0.779482187655151,0.616909808852255,TRUE,"retained"
"C6orf211",0.6999932584197,0.445674192100241,TRUE,"retained"
"PHF23",0.401345384939101,0.171212206565497,TRUE,"retained"
"RNF138",0.9342781891072,0.799495694708935,TRUE,"retained"
"LEO1",0.2839232618229,0.0957008841668168,TRUE,"retained"
"IFI44L",0.4533383490244,2.68369490481116,TRUE,"retained"
"POC5",0.3417323399343,0.127657606490863,TRUE,"retained"
"GNG7",0.4271038206022,0.226665327799022,TRUE,"retained"
"RBM34",0.6695998057119,0.445627157136228,TRUE,"retained"
"CDK6",0.3457695143434,0.219823526663488,TRUE,"retained"
"LRRC40",0.7182277091178,0.568768602646462,TRUE,"retained"
"EML2",0.2528155606347,0.081919286543094,TRUE,"retained"
"RPS15A",0.46115731640965,0.247712658300788,TRUE,"retained"
"SCNM1",0.3439416148266,0.134005508968134,TRUE,"retained"
"HAT1",1.00171450350825,0.859819872662424,TRUE,"retained"
"PKMYT1",0.24240682915638,0.0576650114328731,TRUE,"retained"
"ZNF24",0.24189660318936,0.0739263826517192,TRUE,"retained"
"AMN1",0.6705288510564,0.428815057702234,TRUE,"retained"
"CD3D",1.2275477778858,1.45792451583442,TRUE,"retained"
"C6orf64",0.2585859436167,0.0726609117132066,TRUE,"retained"
"KPNA6",0.27289076390436,0.0757123939383093,TRUE,"retained"
"FEM1C",0.865239300984449,0.671495553119831,TRUE,"retained"
"CREBZF",0.3351234006162,0.125439104584324,TRUE,"retained"
"CEACAM1",1.86730449161317,2.18578797711514,TRUE,"retained"
"FIS1",0.9583681709763,0.814872638872062,TRUE,"retained"
"TYROBP",0.2902827055065,0.154637724560056,TRUE,"retained"
"NDUFA1",0.448304372473998,0.215965930841376,TRUE,"retained"
"ORAI1",0.469249147676399,0.232479380991475,TRUE,"retained"
"GPX7",0.6974027440569,0.521396816025404,TRUE,"retained"
"SP3",0.5815503360457,0.280192161551941,TRUE,"retained"
"PIGB",0.7356814256211,0.542508840188259,TRUE,"retained"
"AKAP2",0.3852962389507,0.285881329278476,TRUE,"retained"
"RPS6KB1",0.380252726366521,0.155968195742949,TRUE,"retained"
"PDZK1IP1",1.184106303576,1.79048388900399,TRUE,"retained"
"TRAPPC1",0.5194666910958,0.286702008846565,TRUE,"retained"
"PYGO2",0.23036320041,0.054992459199818,TRUE,"retained"
"RBM16",0.42329920075044,0.201221317016978,TRUE,"retained"
"TNFRSF10D",0.38677224496365,0.282608107115688,TRUE,"retained"
"C6orf136",0.4618321001784,0.227874953729743,TRUE,"retained"
"PXMP2",0.286889961967,0.209151337403241,TRUE,"retained"
"CAPN3",0.6277054971495,0.524016399289052,TRUE,"retained"
"DUSP16",0.29555532444165,0.136834438549112,TRUE,"retained"
"KIAA1467",0.2649956474403,0.0752108953810281,TRUE,"retained"
"FBXO30",0.9276904786443,0.918110275907337,TRUE,"retained"
"DDX11",0.3328729620762,0.120401369073852,TRUE,"retained"
"TDP1",0.387196246509975,0.183359281385491,TRUE,"retained"
"HOXC10",0.2576940299892,0.0766839596681103,TRUE,"retained"
"KCNQ1",0.5350241888859,0.375333270828797,TRUE,"retained"
"PTRH1",0.2903182901304,0.10826518677385,TRUE,"retained"
"GSN",0.6382373834655,0.413696740049991,TRUE,"retained"
"DNAJB12",0.28164016642335,0.0914373450206377,TRUE,"retained"
"GMIP",0.439608469304201,0.220014119649042,TRUE,"retained"
"PDGFC",0.7509288361386,0.68895659292121,TRUE,"retained"
"CTSG",1.2986791148625,3.5730016996498,TRUE,"retained"
"OXR1",0.592691832640601,0.297286841584856,TRUE,"retained"
"TRIM35",0.1872736241754,0.0418808464085948,TRUE,"retained"
"TMUB2",0.3934823483808,0.143776449490084,TRUE,"retained"
"LYL1",0.8116209678318,0.662752917949759,TRUE,"retained"
"MTERFD1",0.4048791131133,0.220584096850952,TRUE,"retained"
"GAPVD1",0.247029352194975,0.0857949729668126,TRUE,"retained"
"CHD7",0.5604256337428,0.328405488092596,TRUE,"retained"
"SFRS2IP",0.420896856398201,0.21269472615505,TRUE,"retained"
"MAP4K2",0.227114512958201,0.0550635595929497,TRUE,"retained"
"MED12",0.5649919004016,0.296522396968758,TRUE,"retained"
"COPS7A",0.349184096580899,0.126633630305145,TRUE,"retained"
"ARHGEF6",0.486569144037899,0.267331949767853,TRUE,"retained"
"SHANK3",0.25331525688,0.0805780688268776,TRUE,"retained"
"DOCK11",0.6211483939752,0.49327207586112,TRUE,"retained"
"GLI3",0.2821527371964,0.0784282447066931,TRUE,"retained"
"GCOM1",0.327717718544475,0.112342773043515,TRUE,"retained"
"CEP110",0.4250750184072,0.19269670664908,TRUE,"retained"
"KIAA0284",0.2770787366235,0.0944748110161031,TRUE,"retained"
"PCSK6",0.4852626872961,0.391182598323177,TRUE,"retained"
"PTAR1",0.756187332938101,0.587341130540982,TRUE,"retained"
"CORO2A",0.702512778110851,0.525397042240963,TRUE,"retained"
"ALPK3",0.2612239293489,0.072002968854371,TRUE,"retained"
"NEIL2",0.4610028642072,0.347484121496989,TRUE,"retained"
"B9D2",0.450523887437401,0.177788538039044,TRUE,"retained"
"NGFR",0.3959007269532,0.16030523041984,TRUE,"retained"
"STK4",0.369289466658701,0.188627014173705,TRUE,"retained"
"MKKS",0.416207270345475,0.160889689888357,TRUE,"retained"
"PLP1",0.2846580465372,0.0903864720219916,TRUE,"retained"
"PA2G4",0.839294432201399,0.753482420281496,TRUE,"retained"
"CNN2",0.533521412676699,0.292661924008318,TRUE,"retained"
"HSP90AB1",0.77971070301705,0.743171184477425,TRUE,"retained"
"COL9A3",0.5885100824925,0.535403406721312,TRUE,"retained"
"BTF3L4",0.3132751131594,0.101250562065303,TRUE,"retained"
"IFNAR1",0.639371633437426,0.455162434215787,TRUE,"retained"
"ETFB",0.431647634025301,0.203946069710587,TRUE,"retained"
"RPL13",0.6306425655558,0.395113757974713,TRUE,"retained"
"TPP2",0.43577138918565,0.245534766147916,TRUE,"retained"
"ZFP91",0.4035874010756,0.175407604510038,TRUE,"retained"
"LOC100289420",0.380213253327601,0.146939999288924,TRUE,"retained"
"TBC1D22A",0.2216676982835,0.0571468357127499,TRUE,"retained"
"TTK",0.2624715757965,0.213959184387269,TRUE,"retained"
"AK3",0.355053351377026,0.129831041270307,TRUE,"retained"
"EPHA4",0.2895526221168,0.119761593659705,TRUE,"retained"
"TMEM132A",0.2510005046346,0.0777645260165568,TRUE,"retained"
"FTO",0.5275591192326,0.354979276185891,TRUE,"retained"
"RIOK2",0.252577632739599,0.0707959042372972,TRUE,"retained"
"PI16",0.29139055789662,0.0864194252333383,TRUE,"retained"
"MON1A",0.2622372782946,0.0735839508552638,TRUE,"retained"
"C7orf64",0.271364748039,0.0826749229864894,TRUE,"retained"
"PHKB",0.4748912672259,0.206037394094079,TRUE,"retained"
"C14orf80",0.3347465407461,0.121821653013148,TRUE,"retained"
"CELF2",0.509611187656201,0.303034111921931,TRUE,"retained"
"MRPS11",0.3961347879804,0.163150534659067,TRUE,"retained"
"NDUFA3",0.411173258892203,0.174310293052335,TRUE,"retained"
"LPGAT1",0.490239109067399,0.308171054100333,TRUE,"retained"
"CHM",0.6779273838456,0.446691291284485,TRUE,"retained"
"LYPLAL1",0.5324731502307,0.290354728705772,TRUE,"retained"
"TRMT61B",0.33583489553775,0.124380433283297,TRUE,"retained"
"SLC17A5",0.4070750883423,0.156721965057915,TRUE,"retained"
"CDC123",0.640101519456,0.560003633312902,TRUE,"retained"
"NFKBIL1",0.3245747898309,0.124280420075658,TRUE,"retained"
"SAAL1",0.3401812934814,0.167576083265682,TRUE,"retained"
"TIA1",0.515635371557775,0.227500351969448,TRUE,"retained"
"PDCL3",0.4416950911695,0.190056326511376,TRUE,"retained"
"GTSF1",0.4959303805134,0.379957741689666,TRUE,"retained"
"WDR20",0.3209172719697,0.0910633333478388,TRUE,"retained"
"GNAZ",0.8582184750006,0.80749247107005,TRUE,"retained"
"GCLM",0.726316213183051,0.507969801790176,TRUE,"retained"
"RNF166",0.463652067291,0.225380947878244,TRUE,"retained"
"C21orf57",0.3684110493861,0.197383327234144,TRUE,"retained"
"PCSK9",0.263472223308,0.0992610481755475,TRUE,"retained"
"ZBTB45",0.300521670834,0.0924405496918478,TRUE,"retained"
"PDPR",0.3744342215985,0.157120318666348,TRUE,"retained"
"ZNF609",0.526415754174099,0.320129843686223,TRUE,"retained"
"PLEKHH3",0.2747728058481,0.0921009565302679,TRUE,"retained"
"CDC14B",0.445771631079599,0.299730956525908,TRUE,"retained"
"ZNF385A",0.305595547609801,0.0889267461959306,TRUE,"retained"
"TBC1D8",1.1904996335652,1.05618822118393,TRUE,"retained"
"HOXB9",0.3516411873219,0.154282623607551,TRUE,"retained"
"LENG8",0.3632852638191,0.123383727122291,TRUE,"retained"
"GOSR1",0.2954307525596,0.0909471776378573,TRUE,"retained"
"HMHA1",0.522425517101879,0.287982430197687,TRUE,"retained"
"C16orf88",0.37996184402715,0.199958379820049,TRUE,"retained"
"TMEM80",0.345278618317501,0.148636357647342,TRUE,"retained"
"ABHD14A",0.2900092555038,0.10601634507652,TRUE,"retained"
"PLD1",0.2859555073564,0.108072996265006,TRUE,"retained"
"PEX1",0.3880994273415,0.163722604279499,TRUE,"retained"
"UPF3B",0.4496953831293,0.220352704732998,TRUE,"retained"
"SH2D3A",0.3271764451914,0.143004296917684,TRUE,"retained"
"F5",0.719015142440699,0.637040778346595,TRUE,"retained"
"DCAF16",0.290229257220525,0.154570999359405,TRUE,"retained"
"MORF4L2",0.59578822482585,0.364755476206391,TRUE,"retained"
"C11orf75",0.790435980789,0.722301173704937,TRUE,"retained"
"VWA5A",0.357006774839819,0.427664156926383,TRUE,"retained"
"NR2C2",0.41634325793865,0.188015721681623,TRUE,"retained"
"CAPN7",0.3590416208043,0.136696942684201,TRUE,"retained"
"OTUD3",0.3185662708956,0.142989487992565,TRUE,"retained"
"LOC221710",0.4496028978,0.215338525480499,TRUE,"retained"
"SMPDL3A",1.6112387816007,2.46039346593613,TRUE,"retained"
"RC3H1",0.4866057887208,0.264525292476047,TRUE,"retained"
"TTC13",0.553133556328501,0.376841303670484,TRUE,"retained"
"LRRC8C",0.544709740652,0.3356918410069,TRUE,"retained"
"TNK2",0.4668060623163,0.243530839440008,TRUE,"retained"
"MAP2K7",0.535873366568399,0.296238397134617,TRUE,"retained"
"ATG2A",0.4869991360913,0.327901522663838,TRUE,"retained"
"INPP5J",0.2212217924959,0.0484864728189535,TRUE,"retained"
"FAM113B",0.9716776201776,1.07738774354608,TRUE,"retained"
"AGFG1",1.10322889374215,0.900693632884956,TRUE,"retained"
"PLTP",0.3786341975955,0.167249473559277,TRUE,"retained"
"C7orf60",1.1960308272066,1.07017407815488,TRUE,"retained"
"TRIM21",0.667630325061,0.49763247716084,TRUE,"retained"
"ERP27",0.763267115622899,0.519185549739772,TRUE,"retained"
"TAF1",0.33205234408815,0.130827871351206,TRUE,"retained"
"CRYBG3",0.4417091788347,0.199575706910551,TRUE,"retained"
"NKIRAS2",0.222578072443125,0.0531346026623591,TRUE,"retained"
"C14orf4",0.724046481569249,0.672305553166543,TRUE,"retained"
"C11orf58",0.55509894883345,0.345183508880533,TRUE,"retained"
"FUCA1",0.7988381428454,0.562269408165738,TRUE,"retained"
"ANXA7",0.334981788223951,0.139720172801369,TRUE,"retained"
"TAF15",0.4759169182922,0.303638226458377,TRUE,"retained"
"DNAJA2",0.3881332513779,0.162425464761829,TRUE,"retained"
"CIAO1",0.41091966695745,0.182666669201497,TRUE,"retained"
"MUT",0.402495098490801,0.178395595931763,TRUE,"retained"
"DNAJB11",0.7019641653318,0.604100675356963,TRUE,"retained"
"DDX19A",0.410608508877,0.201598446158526,TRUE,"retained"
"UBIAD1",0.2986850155758,0.132255567620794,TRUE,"retained"
"SPHK2",0.251071860875325,0.0705462201836492,TRUE,"retained"
"SREBF2",0.28949425326675,0.0913718341760347,TRUE,"retained"
"PPAP2A",0.24023300463855,0.084844902696704,TRUE,"retained"
"SEMA3C",0.2898263886546,0.141882220422637,TRUE,"retained"
"BNIP2",1.0238487940184,0.91636348280507,TRUE,"retained"
"PSEN2",0.2199862176246,0.0503680056692616,TRUE,"retained"
"CKAP2",0.2728585508117,0.142728593973432,TRUE,"retained"
"CD69",0.4483231715949,0.759286646022596,TRUE,"retained"
"CNOT4",0.252736141706301,0.0760665280861644,TRUE,"retained"
"USP34",0.36649865365365,0.146263859329188,TRUE,"retained"
"THOC4",0.6954322493076,0.395379870940542,TRUE,"retained"
"RPUSD2",0.2675999981676,0.085539744336909,TRUE,"retained"
"FAM46A",0.57965686468914,0.380143846514086,TRUE,"retained"
"CREBL2",0.508721999974125,0.280959677548725,TRUE,"retained"
"CD302",0.65048857910295,0.583494085070082,TRUE,"retained"
"TMEM183A",0.359663247741524,0.15655303961834,TRUE,"retained"
"HSF1",0.322855312605,0.123751634635162,TRUE,"retained"
"FLI1",0.676200753816001,0.405878205787754,TRUE,"retained"
"OAS3",1.1359730407494,3.12123419032649,TRUE,"retained"
"ABHD5",0.557513083710451,0.37998495340751,TRUE,"retained"
"CRY1",0.4330658076423,0.330120360203181,TRUE,"retained"
"COMMD3",0.570603572165551,0.364077810762865,TRUE,"retained"
"SLC24A3",0.3808854189483,0.252392536802052,TRUE,"retained"
"MLXIP",0.447608719257,0.207893885136484,TRUE,"retained"
"E2F1",0.364595292144299,0.18080415721486,TRUE,"retained"
"CYB5D1",0.363921978991201,0.140943078229266,TRUE,"retained"
"FTSJ2",0.3946201660443,0.168797744606233,TRUE,"retained"
"CSNK2B",0.337273699348425,0.115352546471728,TRUE,"retained"
"C12orf45",0.377511437958901,0.168530521571978,TRUE,"retained"
"SLAIN2",0.310343459393625,0.0917305090336186,TRUE,"retained"
"USP32",0.3799526814356,0.230048816674209,TRUE,"retained"
"LOC162632",0.627708206415673,0.421410300485476,TRUE,"retained"
"KREMEN1",1.0354289198001,1.13590657435952,TRUE,"retained"
"GNPNAT1",0.345889127052,0.188463332721776,TRUE,"retained"
"OTUD6B",0.30249450735,0.109485878472153,TRUE,"retained"
"RNF216",0.24016933756914,0.0624065547543508,TRUE,"retained"
"WDR36",0.3403814284199,0.129141400627861,TRUE,"retained"
"CADM3",0.3189518647623,0.127706189984183,TRUE,"retained"
"C9orf156",0.3114482148918,0.101819044121179,TRUE,"retained"
"ZFAND2A",0.5463361088682,0.413826634880831,TRUE,"retained"
"ZFR",0.31474997435805,0.105418761525967,TRUE,"retained"
"PLCG1",0.3352690838574,0.206721912253716,TRUE,"retained"
"MCM3AP",0.408993263373099,0.170017898050454,TRUE,"retained"
"KCTD7",0.3788655121062,0.219188553117507,TRUE,"retained"
"GFER",0.2887934634585,0.0982070673364106,TRUE,"retained"
"SNX24",0.2755184565378,0.0867745293629819,TRUE,"retained"
"MASTL",0.3203526860289,0.192209443897453,TRUE,"retained"
"SMPD2",0.2893519529481,0.0944155319674551,TRUE,"retained"
"BRD3",0.3937473223593,0.18250278499053,TRUE,"retained"
"DYRK1B",0.334821592182,0.125073481558989,TRUE,"retained"
"AGPS",0.31604338043922,0.126949785163847,TRUE,"retained"
"ZNF766",0.307098736476,0.121115624765767,TRUE,"retained"
"APOC3",0.2814871565436,0.181371723827439,TRUE,"retained"
"OSBPL11",0.60646010416425,0.45264659254553,TRUE,"retained"
"SLC29A2",0.2860879452963,0.0938513789397894,TRUE,"retained"
"SFMBT1",0.3466914486441,0.253379076019584,TRUE,"retained"
"ZDHHC12",0.397933909737,0.186382678333667,TRUE,"retained"
"PYROXD1",0.59832502829715,0.332849680409287,TRUE,"retained"
"STX17",0.2771986145763,0.140579555063092,TRUE,"retained"
"ARHGAP29",0.2743023694551,0.0874094818108967,TRUE,"retained"
"SMURF2",0.5357746891602,0.458064104690487,TRUE,"retained"
"ZNF862",0.5134988576697,0.236278650097609,TRUE,"retained"
"AGXT2L2",0.5156692528596,0.237619707254671,TRUE,"retained"
"C2orf88",1.0081286525373,0.990558558482834,TRUE,"retained"
"RNF157",0.40297453957845,0.241647981607802,TRUE,"retained"
"TAPT1",0.2385417097854,0.0666487729206277,TRUE,"retained"
"C2orf42",0.4624467127497,0.270609340588918,TRUE,"retained"
"FKBP1B",1.1142287940063,1.09264343378333,TRUE,"retained"
"RMI1",0.507441246636099,0.256610194653325,TRUE,"retained"
"SNX11",0.3432371421164,0.131095762672194,TRUE,"retained"
"ATP11C",0.7796304687822,0.583276834799128,TRUE,"retained"
"ZNF18",0.5711622918288,0.353343027354507,TRUE,"retained"
"BCL11A",0.39432955450182,0.256567447299378,TRUE,"retained"
"SAMD9",0.637351575184799,0.691707844050649,TRUE,"retained"
"TXNDC16",0.371712432642601,0.188768236512532,TRUE,"retained"
"DOCK10",0.7590434447127,0.709513181076212,TRUE,"retained"
"MTMR11",0.731391352516299,0.419241746776089,TRUE,"retained"
"SYNJ1",0.851077141435501,0.661113760727003,TRUE,"retained"
"ASB7",0.242897471460001,0.0706647541297107,TRUE,"retained"
"DOCK2",0.3104320630908,0.120441194313325,TRUE,"retained"
"TMEM104",0.23896266922185,0.0632042440115837,TRUE,"retained"
"KCNC4",0.24479929921965,0.0753461646070053,TRUE,"retained"
"NFE2",0.4850694741228,0.317558397293921,TRUE,"retained"
"CECR1",1.1651842711824,1.53268497086134,TRUE,"retained"
"ANKRD57",0.3254083809396,0.141787611105058,TRUE,"retained"
"C17orf103",0.40590211563825,0.248082388898628,TRUE,"retained"
"TRMU",0.230478423634201,0.0575469931932942,TRUE,"retained"
"ZNF251",0.2635792366347,0.0753495890404545,TRUE,"retained"
"HELQ",0.3418762989117,0.149979437064061,TRUE,"retained"
"CREBBP",0.453047979541079,0.220038154635102,TRUE,"retained"
"TEP1",0.5124206130981,0.259516670833015,TRUE,"retained"
"JAG2",0.3828105009183,0.168528508244272,TRUE,"retained"
"TESK2",0.3991017174333,0.193811528757053,TRUE,"retained"
"CCBL1",0.3609003742155,0.137595918688962,TRUE,"retained"
"DHRS9",1.8231689466795,2.63093033146333,TRUE,"retained"
"KIAA2018",0.50187038590815,0.291026038272937,TRUE,"retained"
"PLEKHG1",0.3072099233217,0.408084116455977,TRUE,"retained"
"ZNF75A",0.3654443734578,0.16403333737149,TRUE,"retained"
"CMKLR1",0.23954548817745,0.0590534931595292,TRUE,"retained"
"GAB3",0.5732069202846,0.371195967427495,TRUE,"retained"
"C19orf29",0.3218960251857,0.137302571591107,TRUE,"retained"
"EIF2S2",0.26078793560715,0.0864149575211328,TRUE,"retained"
"CCNI",0.377405564936927,0.140995647590783,TRUE,"retained"
"LMAN2",0.3542968426809,0.152084469472938,TRUE,"retained"
"NUP133",0.3972979736712,0.213817871478672,TRUE,"retained"
"CCT5",0.455173750806074,0.244838409209794,TRUE,"retained"
"PNMA3",0.2805420101631,0.0885135018152669,TRUE,"retained"
"SNX1",0.38534260862475,0.178294069145875,TRUE,"retained"
"GLOD4",0.504924525970201,0.32683399666425,TRUE,"retained"
"CCNB1",0.501044062134,0.883531098994392,TRUE,"retained"
"PTTG1IP",0.43808484761545,0.179524969064888,TRUE,"retained"
"ACSL5",0.662797423417501,0.478072869084425,TRUE,"retained"
"C4BPA",0.30204866247255,1.15336512346579,TRUE,"retained"
"TFPI",0.4159476272406,0.3440924976893,TRUE,"retained"
"KRT1",2.0414995856556,3.97848715044427,TRUE,"retained"
"CLINT1",0.853283019320551,0.799423327184658,TRUE,"retained"
"APOBEC3C",0.5191603837119,0.272287371395409,TRUE,"retained"
"LSM5",0.7032023527914,0.555397700911452,TRUE,"retained"
"SCFD2",0.450097542827101,0.227300727487993,TRUE,"retained"
"KIAA1143",0.43694773072755,0.213654307287378,TRUE,"retained"
"AGA",0.503306751212474,0.294494915656313,TRUE,"retained"
"TNNT3",0.328851322844101,0.151745015818523,TRUE,"retained"
"PPCS",0.5118739179386,0.299753747357384,TRUE,"retained"
"MAPKAPK5",0.3778615583967,0.147885097376473,TRUE,"retained"
"APTX",0.218255605084301,0.0457603106514223,TRUE,"retained"
"CHST12",0.5171959817073,0.302373786673785,TRUE,"retained"
"APOL3",0.7534592370018,0.647049453169358,TRUE,"retained"
"ABCC8",0.3365391924363,0.139293178689913,TRUE,"retained"
"RAB3A",0.2771297580786,0.0789290970764899,TRUE,"retained"
"PHKA2",0.583785475883399,0.319074261310989,TRUE,"retained"
"PDCD11",0.2600870516538,0.0806309937936406,TRUE,"retained"
"NR1D1",0.3486977185314,0.146546386197013,TRUE,"retained"
"ALG6",0.6418271709696,0.383746385095353,TRUE,"retained"
"PDCL",0.2598329569941,0.0835841245099471,TRUE,"retained"
"STYXL1",0.6005929127149,0.381862511551273,TRUE,"retained"
"GLCCI1",0.65107052628975,0.450633087213637,TRUE,"retained"
"NRAP",0.2659925714019,0.0934029528774942,TRUE,"retained"
"ZNF581",0.5296647329568,0.291955659466775,TRUE,"retained"
"FYB",0.427223015662379,0.282095806838793,TRUE,"retained"
"ENTPD1",0.61170777131205,0.384618773585021,TRUE,"retained"
"GPR162",0.3216332032011,0.115240724807216,TRUE,"retained"
"SIKE1",0.41041819826385,0.162838987615712,TRUE,"retained"
"SOAT1",0.795551940918699,0.598212297642776,TRUE,"retained"
"C10orf4",0.3879047478768,0.184600086777856,TRUE,"retained"
"C21orf2",0.2503054385272,0.0617793358979109,TRUE,"retained"
"HIST1H2BD",0.988593081716101,0.996319057420765,TRUE,"retained"
"TRIM13",0.362219185314841,0.138145643560905,TRUE,"retained"
"TCF19",0.2424738941226,0.078906328808357,TRUE,"retained"
"SAPS3",0.4020953336862,0.199409033333336,TRUE,"retained"
"HIC2",0.2824476174408,0.0844545308365589,TRUE,"retained"
"FST",0.2849130819066,0.112526958785614,TRUE,"retained"
"CD2AP",0.263219773593,0.146998067493599,TRUE,"retained"
"PTGS2",0.87231587977065,0.908367154870503,TRUE,"retained"
"BID",0.498968199558675,0.299712570810765,TRUE,"retained"
"COG6",0.4322101450674,0.211361844730286,TRUE,"retained"
"TRIM68",0.3685795498413,0.166489338061025,TRUE,"retained"
"PIGQ",0.3648761264834,0.152732171081302,TRUE,"retained"
"CAMTA2",0.449992484308501,0.199958043829132,TRUE,"retained"
"GLTPD1",0.3733149979629,0.142750352762205,TRUE,"retained"
"TECPR2",0.385293184448759,0.167981706541584,TRUE,"retained"
"OSBPL1A",1.16680423814955,0.982099350991545,TRUE,"retained"
"SLC25A19",0.32325387217935,0.104865128797183,TRUE,"retained"
"HCFC1R1",0.4180850239552,0.272493327075313,TRUE,"retained"
"PELI2",0.472659454960351,0.257617327226984,TRUE,"retained"
"PHF10",0.358008923434401,0.168354383381336,TRUE,"retained"
"PPP2R3B",0.3329784253446,0.132598061129471,TRUE,"retained"
"SMARCAD1",0.2981344794939,0.143969737166172,TRUE,"retained"
"DDX3Y",1.45990134553751,1.45029151236961,TRUE,"retained"
"E2F2",0.8955569472423,0.851614509967161,TRUE,"retained"
"TOR2A",0.26309754026535,0.0659244768343885,TRUE,"retained"
"ZNF187",0.2734729355568,0.0962619035974806,TRUE,"retained"
"RAB24",0.6541609759671,0.466542031499809,TRUE,"retained"
"SLC35E2",0.238321083090999,0.0610238354832743,TRUE,"retained"
"PDE4B",0.8959505604924,0.810818110267555,TRUE,"retained"
"C8orf44",0.2412711252357,0.0667931864978864,TRUE,"retained"
"SGK3",0.5937433120815,0.396825156495534,TRUE,"retained"
"BATF2",0.3499508224296,0.662012879626647,TRUE,"retained"
"FAM58A",0.4020065363244,0.197673724273161,TRUE,"retained"
"ARHGAP4",0.382976890151099,0.159451081267727,TRUE,"retained"
"ZNF512B",0.2594449160961,0.0781120688213267,TRUE,"retained"
"SAMD9L",0.9745633906239,1.47299879114118,TRUE,"retained"
"TRIM59",0.2923949457114,0.121654214637091,TRUE,"retained"
"LRDD",0.2569203010794,0.0785834132370764,TRUE,"retained"
"SLC12A2",0.2718892466997,0.089244640172497,TRUE,"retained"
"ST3GAL3",0.21802794061125,0.0642320886259304,TRUE,"retained"
"SACS",0.3170661221007,0.169338066085699,TRUE,"retained"
"CRIPAK",0.67040323369425,0.571420041531626,TRUE,"retained"
"RAB11FIP2",0.372018848997599,0.166877398993544,TRUE,"retained"
"SLC37A1",0.2893259266464,0.0891838222571329,TRUE,"retained"
"SKAP1",0.8147082488223,0.749334018549626,TRUE,"retained"
"C9orf119",0.497244609785701,0.274708434977357,TRUE,"retained"
"GXYLT1",0.261361705143,0.075707001210475,TRUE,"retained"
"HLA-DOB",0.3055371517023,0.177645855125397,TRUE,"retained"
"KIAA0226",0.4381083726474,0.246188154259013,TRUE,"retained"
"GPR146",1.3924583032521,1.66048400679287,TRUE,"retained"
"GLT25D2",0.4972623831945,0.256140065209913,TRUE,"retained"
"FCHO2",0.49719773694192,0.233734025874603,TRUE,"retained"
"SDSL",0.3043302634113,0.120226596299226,TRUE,"retained"
"DAAM2",2.0150493960135,2.75906293651141,TRUE,"retained"
"SART3",0.4310289472692,0.255022750221333,TRUE,"retained"
"PARP10",0.2828870741655,0.122947619127743,TRUE,"retained"
"ATP5B",0.297367891156351,0.114825967361624,TRUE,"retained"
"COPS2",0.61082968811865,0.316679297065867,TRUE,"retained"
"SERF2",0.279349194464202,0.0773830277385887,TRUE,"retained"
"LSS",0.2803743622029,0.08681859486365,TRUE,"retained"
"SNRPD1",0.554018435019,0.376081414828462,TRUE,"retained"
"SUMO1",0.34986823382595,0.115275003522909,TRUE,"retained"
"MAD1L1",0.653571847560101,0.650618528217715,TRUE,"retained"
"DPH2",0.3401034273294,0.124475925863799,TRUE,"retained"
"KIFC1",0.2454225868542,0.130250315304928,TRUE,"retained"
"LMAN1",0.395535521616375,0.412828823530947,TRUE,"retained"
"GPATCH2",0.6654684651993,0.433820814413555,TRUE,"retained"
"YIPF4",0.4070623293338,0.176926461865444,TRUE,"retained"
"AMPD2",0.401849354593576,0.189682542299681,TRUE,"retained"
"GGCT",0.2884630282422,0.0967879217526277,TRUE,"retained"
"TMEM179B",0.4418785265958,0.209480227228331,TRUE,"retained"
"FAM48A",0.48027490554708,0.277825697780905,TRUE,"retained"
"RBMS1",0.6028605798082,0.329243661375867,TRUE,"retained"
"AP2M1",0.4834802292222,0.286682230028452,TRUE,"retained"
"HGSNAT",0.2863413386862,0.0789541025290832,TRUE,"retained"
"RIPK2",0.5227260774834,0.360313829947841,TRUE,"retained"
"LAT2",0.507504552791251,0.293786559073713,TRUE,"retained"
"CYB5R4",0.62039500782,0.415340759405993,TRUE,"retained"
"TCF4",0.47371907503662,0.328146405343579,TRUE,"retained"
"TMEM127",0.322204238081249,0.123439341781107,TRUE,"retained"
"SLC39A8",0.83651162647185,1.10886231599255,TRUE,"retained"
"COQ10B",0.5857336303217,0.302732545450806,TRUE,"retained"
"TRIO",0.22268274641235,0.0569082832074326,TRUE,"retained"
"SHARPIN",0.71141724035235,0.505932554425034,TRUE,"retained"
"C2orf72",0.2609362982772,0.0849584871862746,TRUE,"retained"
"TMEM185A",0.3892898743398,0.182157055582594,TRUE,"retained"
"CACNB1",0.2583852403482,0.0784986238310584,TRUE,"retained"
"TMEM158",1.5395063889471,2.12753124106473,TRUE,"retained"
"NCDN",0.252968654652,0.0767663284080605,TRUE,"retained"
"ING3",0.2874863558553,0.0926829377046987,TRUE,"retained"
"SUGT1",0.3116801098404,0.129376936044615,TRUE,"retained"
"ANXA3",0.977916449532751,1.63942012345966,TRUE,"retained"
"FRMD4A",0.4869477363261,0.506960783694048,TRUE,"retained"
"PRMT10",0.3057567811011,0.111124367940563,TRUE,"retained"
"C17orf61",0.67943807022,0.428558844172285,TRUE,"retained"
"ZNF641",0.574671884016299,0.350962900511019,TRUE,"retained"
"TRIT1",0.4562797631784,0.280657076267661,TRUE,"retained"
"RABGGTB",0.63099354404835,0.365493954370879,TRUE,"retained"
"EEA1",0.26241767105505,0.0840515716452709,TRUE,"retained"
"COG8",0.26635222458705,0.0745993544230128,TRUE,"retained"
"TEF",0.2771248617921,0.0935207653579389,TRUE,"retained"
"ORAOV1",0.2657758241775,0.0773703970535453,TRUE,"retained"
"MED30",0.4303497889656,0.186235782080584,TRUE,"retained"
"SH3BP2",0.331054499246623,0.130897892699172,TRUE,"retained"
"ALDH16A1",0.3111963863862,0.107383447725094,TRUE,"retained"
"LUZP1",0.3356700923163,0.149715936496362,TRUE,"retained"
"C1orf103",0.573385105083,0.356061513843987,TRUE,"retained"
"EPB49",1.08884818375655,1.05164286267867,TRUE,"retained"
"C11orf54",0.5389354028345,0.279973234688253,TRUE,"retained"
"SLC12A6",0.487857645752401,0.24232280338519,TRUE,"retained"
"RABGAP1L",0.514497909162301,0.307101461308847,TRUE,"retained"
"ARHGAP25",0.5444669868939,0.29053922400231,TRUE,"retained"
"FASTKD3",0.3754860277056,0.303890313494389,TRUE,"retained"
"UBE2C",0.582785179933425,0.521901259163967,TRUE,"retained"
"DGCR8",0.317759015952,0.125342418309022,TRUE,"retained"
"C6orf226",0.4404403134159,0.197448992300918,TRUE,"retained"
"USP8",0.364477025512951,0.208929182474049,TRUE,"retained"
"LGALS7",0.26615562219015,0.0834958942406497,TRUE,"retained"
"ITGA4",0.6418174406658,0.478493119022184,TRUE,"retained"
"IFIH1",1.6608781629111,2.45423465219851,TRUE,"retained"
"SMC6",0.32152095147795,0.136131326251951,TRUE,"retained"
"ATG16L2",0.5209001305508,0.347996184697841,TRUE,"retained"
"LOC339047",0.4802787094539,0.284724779125662,TRUE,"retained"
"MYO5A",0.52585076632515,0.297872574688416,TRUE,"retained"
"BTRC",0.20283694969545,0.0558377314250698,TRUE,"retained"
"PIKFYVE",0.36973966024905,0.153449204217798,TRUE,"retained"
"GSK3A",0.358692387949699,0.135284176813624,TRUE,"retained"
"BATF",1.0369373726376,0.897777705239112,TRUE,"retained"
"PAG1",0.834375685979325,0.525360925411305,TRUE,"retained"
"FAM65B",0.499142865714851,0.315256016090851,TRUE,"retained"
"RAP2C",1.02750428603025,1.01288460249274,TRUE,"retained"
"HYLS1",0.457521805398,0.201523623186484,TRUE,"retained"
"C20orf196",0.2565949934352,0.0710970745203977,TRUE,"retained"
"HOXB2",0.4388577972954,0.340193495541573,TRUE,"retained"
"ZNF721",0.3295437519003,0.172042295803058,TRUE,"retained"
"ZDHHC16",0.2409307232409,0.073128551129742,TRUE,"retained"
"ASPHD2",0.45981734351805,0.288888534788491,TRUE,"retained"
"C2orf55",0.2400891979983,0.0635183752676099,TRUE,"retained"
"ZNF83",1.0995116294484,0.965370285568102,TRUE,"retained"
"DDX60L",0.764740428616501,0.692776035804408,TRUE,"retained"
"March 2",0.711849730216101,0.52651844231189,TRUE,"retained"
"PPARA",0.205591702162,0.0449056935800335,TRUE,"retained"
"C7orf43",0.302321188074151,0.0919321692776616,TRUE,"retained"
"UNKL",0.3069878641886,0.110314390849106,TRUE,"retained"
"ZC3H6",0.6137427773232,0.332397055431337,TRUE,"retained"
"EPHB3",0.355035486603,0.144631781399416,TRUE,"retained"
"GPR68",0.3676777828542,0.206295164926955,TRUE,"retained"
"FAM98A",0.5488599781371,0.337542226940298,TRUE,"retained"
"CNIH2",0.2930212648923,0.0853257945482972,TRUE,"retained"
"TMPRSS5",0.36218768503155,0.155362151597251,TRUE,"retained"
"ZNF337",0.3863179870725,0.148785854185252,TRUE,"retained"
"TRAPPC2",0.338941920683101,0.120732922311469,TRUE,"retained"
"TPK1",1.1620057621074,1.20736996656744,TRUE,"retained"
"GABPB1",0.34922764017225,0.13131499625089,TRUE,"retained"
"LNX2",0.4252389354045,0.480978936672476,TRUE,"retained"
"PDE4D",0.587193586510125,0.513655667320413,TRUE,"retained"
"DNMBP",0.4307427884193,0.465772454750037,TRUE,"retained"
"ZDHHC22",0.308134643922,0.12625724941374,TRUE,"retained"
"PATZ1",0.27178405660035,0.119747014745178,TRUE,"retained"
"SLC22A4",0.5652787390236,0.505018171323025,TRUE,"retained"
"FBXW4",0.4646081256075,0.259494883822566,TRUE,"retained"
"ALDOC",0.3096595728933,0.104258256055315,TRUE,"retained"
"ANLN",0.2613055316529,0.262611240560459,TRUE,"retained"
"RPA3",0.3653415166002,0.217505652510872,TRUE,"retained"
"SLU7",0.444911913223051,0.259751110890467,TRUE,"retained"
"MGST1",0.7843274127934,0.720959802443006,TRUE,"retained"
"SART1",0.360862779741975,0.143246231303609,TRUE,"retained"
"AMPH",0.7683236348592,0.867318615294712,TRUE,"retained"
"TXNDC15",0.4549540704429,0.210329584895608,TRUE,"retained"
"C5orf13",0.31827437327175,0.103336655186166,TRUE,"retained"
"SHOC2",0.5456617111932,0.308593692221025,TRUE,"retained"
"CSK",0.460383738230851,0.273374973218549,TRUE,"retained"
"BFAR",0.3212488979609,0.113252920677918,TRUE,"retained"
"AKR1B10",0.2577056698818,0.0743990288251642,TRUE,"retained"
"NUDCD2",0.476230969048799,0.267739677951809,TRUE,"retained"
"LIG1",0.2860569530259,0.0772523813619606,TRUE,"retained"
"FAM71D",0.309763391217,0.0977347909168208,TRUE,"retained"
"SF3B4",0.285420126658801,0.0821345571158261,TRUE,"retained"
"TMED4",0.286706809408425,0.0951533442813206,TRUE,"retained"
"NPRL3",1.22232591212928,1.28651670212054,TRUE,"retained"
"MFNG",0.4342480580865,0.202985076971432,TRUE,"retained"
"CRYBB1",0.2669537031756,0.0989514623864166,TRUE,"retained"
"C21orf45",0.2611848717345,0.101460476591466,TRUE,"retained"
"DUS2L",0.4689497039892,0.246218440801946,TRUE,"retained"
"PMAIP1",0.3710396324691,0.270494662205521,TRUE,"retained"
"GPD1L",0.2885175152748,0.114902553230416,TRUE,"retained"
"GUF1",0.2685778848039,0.0805462612415985,TRUE,"retained"
"DNAJC5",0.441244231397549,0.179296542265238,TRUE,"retained"
"CDK5RAP2",1.57544776614078,1.90895195796947,TRUE,"retained"
"FAHD1",0.603552496873201,0.405439919023781,TRUE,"retained"
"GCNT3",0.2562900885909,0.0769208749513938,TRUE,"retained"
"FBXO8",0.6259476991614,0.357129993583395,TRUE,"retained"
"HAUS4",0.6757841476638,0.454220621576716,TRUE,"retained"
"UBA5",0.26807849582745,0.0930186212213682,TRUE,"retained"
"ABCG2",0.6480231943269,1.35880610288981,TRUE,"retained"
"VWF",0.31562863873065,0.13511405382933,TRUE,"retained"
"RSBN1",0.62219565976806,0.376809697943961,TRUE,"retained"
"TMEM55A",0.9684549192444,0.910218000298119,TRUE,"retained"
"PCGF5",0.60791836424592,0.428971496496131,TRUE,"retained"
"NEUROD1",0.281137817436,0.177890484588336,TRUE,"retained"
"GNA15",0.50426612962635,0.325860238077384,TRUE,"retained"
"TSR2",0.2563870172724,0.0760400397139944,TRUE,"retained"
"RHOF",0.4257752926413,0.214873389713483,TRUE,"retained"
"CHCHD1",0.586304629743,0.309895647019207,TRUE,"retained"
"USP48",0.422835990253319,0.189533034011364,TRUE,"retained"
"APPBP2",0.3660766630689,0.122415261280613,TRUE,"retained"
"L1CAM",0.2728587796263,0.0933286417228516,TRUE,"retained"
"TPRG1L",0.40131925819125,0.182696603236982,TRUE,"retained"
"HDAC10",0.3439713757977,0.145026825569098,TRUE,"retained"
"ZKSCAN4",0.2849457762018,0.0842361203966634,TRUE,"retained"
"ANKRD35",0.3014674858671,0.109858748088124,TRUE,"retained"
"TCP10L",0.2795798250021,0.0922254399743908,TRUE,"retained"
"NUP37",0.34364014405455,0.158680437613157,TRUE,"retained"
"HRASLS",0.2931953295453,0.117657582767499,TRUE,"retained"
"RP2",0.995949624308099,0.964933306560487,TRUE,"retained"
"TANK",0.645010419360825,0.404980010913321,TRUE,"retained"
"ASPRV1",1.1502559888323,1.12585373763923,TRUE,"retained"
"DCAF10",0.505536895738351,0.273106760050779,TRUE,"retained"
"ERAP1",0.302488258746975,0.107669952196377,TRUE,"retained"
"MAP2K6",0.821062865901601,0.74027165212566,TRUE,"retained"
"FUZ",0.239545564902,0.0771418697150746,TRUE,"retained"
"E2F5",0.441363097740601,0.437592175161479,TRUE,"retained"
"DYRK2",0.5773109802159,0.565388395185613,TRUE,"retained"
"LIMK1",0.2483294094792,0.0770899937727213,TRUE,"retained"
"MOCS1",0.2678778337011,0.0965727298830467,TRUE,"retained"
"CLEC1A",0.24451285422795,0.075435189550675,TRUE,"retained"
"IFT74",0.2491594000938,0.0972004656937668,TRUE,"retained"
"BRAP",0.2626009860201,0.0752773225385348,TRUE,"retained"
"ABCB10",0.8558197505151,0.884787394644189,TRUE,"retained"
"YOD1",1.330306690482,2.02836445022619,TRUE,"retained"
"ABCC10",0.3524711253042,0.127999271444641,TRUE,"retained"
"PAFAH2",0.3692876010537,0.201102408287612,TRUE,"retained"
"TMEM88",0.4754543253474,0.2390897572057,TRUE,"retained"
"SPOPL",0.704530573545225,0.487070342365836,TRUE,"retained"
"VANGL1",0.3752250241299,0.171711297966558,TRUE,"retained"
"ZBTB47",0.2052238678665,0.0573575879764491,TRUE,"retained"
"SON",0.296438464165901,0.119034343369031,TRUE,"retained"
"MAP4K1",0.325516606044699,0.156966074934346,TRUE,"retained"
"TMEM120B",0.2667456528828,0.0857773350695582,TRUE,"retained"
"ZC3H4",0.374508698526901,0.147764624970498,TRUE,"retained"
"MRPS22",0.48889064322525,0.253699575310455,TRUE,"retained"
"FAM149B1",0.4464758816469,0.176199936195429,TRUE,"retained"
"KLHL2",1.5409900045281,1.73229941682395,TRUE,"retained"
"LY86",1.1791540059306,1.36073650022609,TRUE,"retained"
"TMEM131",0.490989256482901,0.290918138825469,TRUE,"retained"
"TGFBR2",0.419553161068651,0.187739343524003,TRUE,"retained"
"CD300A",0.4743095950614,0.297416924474271,TRUE,"retained"
"ARL6IP4",0.35435409958095,0.118207361108239,TRUE,"retained"
"IFNAR2",0.339328740660001,0.136982221621587,TRUE,"retained"
"PCSK5",0.4380495527163,0.214088130521387,TRUE,"retained"
"CD58",0.7715146719042,0.667156439851409,TRUE,"retained"
"ETV7",0.31614743187,0.879784558155736,TRUE,"retained"
"ZNF227",0.3643393368216,0.176897487218948,TRUE,"retained"
"ARHGEF37",0.2451134825454,0.121805865827705,TRUE,"retained"
"DMXL1",0.401350642980001,0.156125003717656,TRUE,"retained"
"C3orf54",0.3506966762355,0.185139744423876,TRUE,"retained"
"PJA1",0.3586000387725,0.254663977162733,TRUE,"retained"
"BCOR",0.233766183279299,0.10882213019824,TRUE,"retained"
"DMAP1",0.41598131524845,0.173493199678767,TRUE,"retained"
"DEXI",0.3717572857404,0.137072830266827,TRUE,"retained"
"HAGHL",0.2490800053812,0.0743862755079922,TRUE,"retained"
"EIF5",0.4186063295544,0.208445291926137,TRUE,"retained"
"CD8A",1.1235845003838,1.21239636526361,TRUE,"retained"
"YY1",0.378784675459201,0.143117928678041,TRUE,"retained"
"TUBB",0.502760502871551,0.293832210851577,TRUE,"retained"
"CD36",0.995017413118401,0.959521512198345,TRUE,"retained"
"TMEM204",0.3088352487759,0.121603653725873,TRUE,"retained"
"HMGN2",0.3504516743616,0.133366062508455,TRUE,"retained"
"ZBTB17",0.21050446318965,0.0472306656228652,TRUE,"retained"
"CHMP2B",0.771841722591799,0.542794914306287,TRUE,"retained"
"CSTF2T",0.52227758394105,0.244926717516915,TRUE,"retained"
"MRTO4",0.25561978993425,0.078631689279283,TRUE,"retained"
"TMF1",0.5547435366256,0.264162034364454,TRUE,"retained"
"ALG2",0.323022071005201,0.10014524114615,TRUE,"retained"
"FAM53C",0.5035047511452,0.30833593316774,TRUE,"retained"
"GPBP1L1",0.42891759551235,0.175500977919596,TRUE,"retained"
"CALM1",0.348709087478849,0.125277488340127,TRUE,"retained"
"TFCP2",0.39792982702725,0.153140376528429,TRUE,"retained"
"FASTKD2",0.4505990545161,0.23552698039773,TRUE,"retained"
"PMM1",0.4025820786792,0.157993322578761,TRUE,"retained"
"FCGR2A",0.413478657661298,0.294446991038069,TRUE,"retained"
"ITIH4",0.3123383286429,0.142570699394887,TRUE,"retained"
"PGM2L1",0.569662488665025,0.382902216000138,TRUE,"retained"
"MRPS17",0.39116871883425,0.203585459357828,TRUE,"retained"
"HERC4",0.5682519117051,0.302176681305994,TRUE,"retained"
"MRPS18C",0.579391090749101,0.340228482167337,TRUE,"retained"
"C14orf129",1.0665897447702,1.11908583715918,TRUE,"retained"
"PKP3",0.2596110377196,0.0842263981461628,TRUE,"retained"
"PGS1",0.72061924314156,0.574643569337998,TRUE,"retained"
"MAGOH",0.338084124276151,0.109229033894891,TRUE,"retained"
"HLA-DQA1",0.8797364362122,0.884633119943404,TRUE,"retained"
"CCDC55",0.5896002612528,0.320354391581073,TRUE,"retained"
"TMEM55B",0.2873250237711,0.0844730189739189,TRUE,"retained"
"LAIR1",0.94214243386095,1.1874522073211,TRUE,"retained"
"CIR1",0.5028709507647,0.33504043703974,TRUE,"retained"
"CBL",0.452131587186826,0.264671283377802,TRUE,"retained"
"ZNF346",0.3536103462486,0.274880250512277,TRUE,"retained"
"MED13L",0.39252789164295,0.209258932173414,TRUE,"retained"
"SH3KBP1",0.474415696959751,0.265299233438352,TRUE,"retained"
"NEK6",0.347918290013,0.130300556848938,TRUE,"retained"
"CWF19L2",0.3883665985332,0.173790738761479,TRUE,"retained"
"LSM12",0.23521504716108,0.071248933643849,TRUE,"retained"
"DOLK",0.2879345576961,0.0818899385870597,TRUE,"retained"
"C17orf59",0.3651149634594,0.146188438616406,TRUE,"retained"
"STS",0.3908364173952,0.223140201193895,TRUE,"retained"
"NCEH1",0.3511147887093,0.264688552005896,TRUE,"retained"
"PKN2",0.7203441463162,0.562158047838791,TRUE,"retained"
"CISH",0.8048103148533,0.7823960945337,TRUE,"retained"
"NR2C2AP",0.326811310463401,0.123433851235529,TRUE,"retained"
"LRP3",0.34229272381605,0.121742111832069,TRUE,"retained"
"CEP63",0.600507617501399,0.328862819191421,TRUE,"retained"
"ACER3",0.6880808011763,0.544482898340448,TRUE,"retained"
"GAB2",0.694702071031501,0.609171271443839,TRUE,"retained"
"IPO8",0.45650674367865,0.227883204815306,TRUE,"retained"
"NFYC",0.30357938643305,0.0948557598597734,TRUE,"retained"
"RAD9A",0.3072008386902,0.102711270817348,TRUE,"retained"
"AEBP2",0.5095395810414,0.268102322234888,TRUE,"retained"
"ZNF217",0.710061618000001,0.63543931175529,TRUE,"retained"
"TUFT1",0.4147533506865,0.231917426367884,TRUE,"retained"
"HAPLN3",0.2147641072885,0.0688881776876482,TRUE,"retained"
"CLIC3",0.6778968756441,1.06940526016495,TRUE,"retained"
"LRRN3",0.3209744647473,0.708146779638194,TRUE,"retained"
"POLRMT",0.4528998102762,0.262284305563937,TRUE,"retained"
"GATAD2B",0.3241944451095,0.114266476959319,TRUE,"retained"
"FZR1",0.3739136629473,0.210952385845913,TRUE,"retained"
"SNPH",0.3359625663009,0.132681599083119,TRUE,"retained"
"GZMB",1.6292198455806,2.48289245920308,TRUE,"retained"
"MAP3K14",0.3339930952869,0.145119002911851,TRUE,"retained"
"MAP4K5",0.5556154502262,0.463122968202957,TRUE,"retained"
"ILK",0.478691007939901,0.26697648603943,TRUE,"retained"
"TMTC3",0.3403911755265,0.120573191895064,TRUE,"retained"
"HSD17B8",0.4110836540076,0.249113051556185,TRUE,"retained"
"VPS13B",0.400599822093451,0.166516261566217,TRUE,"retained"
"RNF160",0.51628343362365,0.250957195463164,TRUE,"retained"
"PPP1R3D",0.7669891851468,0.548604018017328,TRUE,"retained"
"EVI5L",0.3172398954228,0.117068629340865,TRUE,"retained"
"DTX1",0.3101692285041,0.106332355808704,TRUE,"retained"
"MERTK",0.554486795772,0.893959195039058,TRUE,"retained"
"CREM",0.413943215915949,0.585160998707014,TRUE,"retained"
"FAM173A",0.4603578138579,0.23004066478779,TRUE,"retained"
"THAP7",0.29267513376045,0.0961754868893818,TRUE,"retained"
"C10orf76",0.4384956766932,0.184005225373263,TRUE,"retained"
"LIG4",0.5281065025656,0.415021966262934,TRUE,"retained"
"CITED4",0.3657482738406,0.171085405891079,TRUE,"retained"
"CPEB2",0.539716461100951,0.263732485904657,TRUE,"retained"
"PDIK1L",0.372498155786399,0.163263793545274,TRUE,"retained"
"C14orf169",0.3545833729221,0.156908141002336,TRUE,"retained"
"NT5M",0.959110848311701,1.00545304858138,TRUE,"retained"
"CDK14",0.353419156453651,0.15534052064126,TRUE,"retained"
"SRGAP3",0.3278179461963,0.113458636556889,TRUE,"retained"
"FBXO5",0.4445228763885,0.41162121315643,TRUE,"retained"
"SAMD10",0.2457795487497,0.0665103069609853,TRUE,"retained"
"RDH5",0.3443334711957,0.12444887143755,TRUE,"retained"
"CPT1A",0.294549241595,0.0840704584216277,TRUE,"retained"
"USP31",0.3452230037676,0.143045338134302,TRUE,"retained"
"PIGN",0.204418071801299,0.04714850508675,TRUE,"retained"
"ZNF579",0.3512725529166,0.134213415116687,TRUE,"retained"
"ITGB4",0.2683280580554,0.0850331781226278,TRUE,"retained"
"DPEP2",1.1139114464415,1.55476593624756,TRUE,"retained"
"CLTCL1",0.3019085408346,0.118525721259955,TRUE,"retained"
"GTPBP3",0.4034959837125,0.271502251277397,TRUE,"retained"
"FAM101B",0.828355460990401,0.775930664035772,TRUE,"retained"
"C20orf103",0.2782437258972,0.0933202172536438,TRUE,"retained"
"CD86",0.65505850434906,0.357465991134748,TRUE,"retained"
"GLTSCR1",0.2971742276433,0.0989578173564748,TRUE,"retained"
"C8orf58",0.1942160528658,0.0362954978710398,TRUE,"retained"
"EPB42",1.5202941064689,2.50350500543666,TRUE,"retained"
"CEP78",0.4536987530229,0.392880261105268,TRUE,"retained"
"SOD2",0.482817514620526,0.274352180016062,TRUE,"retained"
"PSPC1",0.3600483141115,0.130929616462184,TRUE,"retained"
"PNN",0.597687637800749,0.333353252823926,TRUE,"retained"
"TPP1",0.2780119609232,0.0901104149017666,TRUE,"retained"
"SYP",0.372170072715,0.141809276027832,TRUE,"retained"
"LMBRD1",0.690941702984401,0.569049729633696,TRUE,"retained"
"SEC23IP",0.3434153022048,0.116795652971965,TRUE,"retained"
"HADHB",0.38272002658764,0.158716798245118,TRUE,"retained"
"YWHAB",0.34509648935832,0.143289171425395,TRUE,"retained"
"UAP1",0.502560591435,0.496872551519528,TRUE,"retained"
"ANP32E",0.555923440064579,0.374234230467674,TRUE,"retained"
"ARHGDIA",0.3553299331869,0.143141456298457,TRUE,"retained"
"FAIM2",0.2901010921956,0.10800929815078,TRUE,"retained"
"TOP1MT",0.216075221309325,0.0743325866616255,TRUE,"retained"
"HNMT",0.350638273841625,0.214143327621346,TRUE,"retained"
"NEDD9",0.671900696203275,0.47462799586385,TRUE,"retained"
"USP7",0.28063749538524,0.111189960723921,TRUE,"retained"
"CNOT10",0.3501919468103,0.142710350277916,TRUE,"retained"
"TCOF1",0.29241576623385,0.1132267076493,TRUE,"retained"
"CAMK2B",0.2628858965208,0.0739245952669755,TRUE,"retained"
"PHF17",0.49461017132226,0.307005528267604,TRUE,"retained"
"FAM126A",0.7981930062582,0.50000693246262,TRUE,"retained"
"RIT1",0.6662114783436,0.406638951190658,TRUE,"retained"
"RNFT1",0.7677841957912,0.486946242229335,TRUE,"retained"
"HDAC6",0.226034001552975,0.0588991754396538,TRUE,"retained"
"UCHL5",0.27660517083255,0.0828632182739551,TRUE,"retained"
"LANCL2",0.2815135327389,0.0905571717323336,TRUE,"retained"
"RFX5",0.4528967551318,0.256899700089076,TRUE,"retained"
"TTC33",0.5106296545371,0.249812944243424,TRUE,"retained"
"RABL3",0.20092502505915,0.0430512855484736,TRUE,"retained"
"ESF1",0.533649979548,0.344267423077433,TRUE,"retained"
"RAI2",0.30688463828715,0.128168333828186,TRUE,"retained"
"AZIN1",0.832612829545349,0.654015884397606,TRUE,"retained"
"CDKN2D",0.440798883191099,0.229858263553326,TRUE,"retained"
"POLR3GL",0.5256596462124,0.292719919018473,TRUE,"retained"
"FAM98C",0.3892676331159,0.14708748374492,TRUE,"retained"
"NDE1",0.555046726348801,0.290293535600959,TRUE,"retained"
"SLC38A3",0.261200696265599,0.0795861285482803,TRUE,"retained"
"NCOR1",0.384604929875251,0.160368371914591,TRUE,"retained"
"LOH12CR1",0.2841844892712,0.0938971177041845,TRUE,"retained"
"GATAD1",0.545436043164599,0.265822439110458,TRUE,"retained"
"POLB",1.1563226901807,1.12172586554648,TRUE,"retained"
"CST7",0.855685896197999,0.88511079950925,TRUE,"retained"
"TMEM147",0.5787117325416,0.37432942931598,TRUE,"retained"
"EP300",0.4395209153496,0.260550886932565,TRUE,"retained"
"TCEAL3",0.4357154221476,0.228442011033396,TRUE,"retained"
"VPS16",0.418161341778601,0.207061665054416,TRUE,"retained"
"MYOM2",0.4597470338076,0.861722824589732,TRUE,"retained"
"S100A12",0.639931131651,0.999740693967641,TRUE,"retained"
"FUBP3",0.6691991997789,0.417305478034379,TRUE,"retained"
"TGS1",0.325919271926849,0.151544877972218,TRUE,"retained"
"ZNF784",0.374134855006501,0.159590673110005,TRUE,"retained"
"MIS12",0.3992572649065,0.170491952166103,TRUE,"retained"
"MCHR1",0.2700314984913,0.0798926835572954,TRUE,"retained"
"C9orf40",0.4562254881576,0.423150212028168,TRUE,"retained"
"HR",0.3343876915008,0.158881115602464,TRUE,"retained"
"MYBPC3",0.3942703673307,0.18650251977603,TRUE,"retained"
"NFKB2",0.2965943168076,0.115252729155042,TRUE,"retained"
"TDRD9",1.5124451471976,1.93719146565751,TRUE,"retained"
"CCDC91",0.331888808119049,0.125641958601306,TRUE,"retained"
"FBXW2",0.6259915670715,0.386794805925146,TRUE,"retained"
"C11orf82",0.8296575025494,0.736442660383884,TRUE,"retained"
"C7orf31",0.2700037338411,0.0957965098590158,TRUE,"retained"
"MED23",0.657121915716,0.415643213217824,TRUE,"retained"
"MOBKL2B",0.4553390660805,0.239036754290079,TRUE,"retained"
"DMWD",0.336232426929,0.119016669945352,TRUE,"retained"
"ADAP2",0.76220466259455,0.565689352685251,TRUE,"retained"
"KCTD11",0.2746596745725,0.0872563652862162,TRUE,"retained"
"RUNX2",1.0652382162471,1.08492614040522,TRUE,"retained"
"KLF12",0.276946501157339,0.148693335784663,TRUE,"retained"
"TTPAL",0.4392974311908,0.223099296226402,TRUE,"retained"
"FCHO1",0.359509928925,0.146027708428047,TRUE,"retained"
"ESCO1",0.6681636844806,0.412540421445241,TRUE,"retained"
"RPH3AL",0.24133349636445,0.062082787695021,TRUE,"retained"
"LETM1",0.3037369476477,0.0960217536638321,TRUE,"retained"
"NFXL1",0.4458214538526,0.587983265053758,TRUE,"retained"
"PLCXD1",0.347634352592101,0.161084116079066,TRUE,"retained"
"METTL7B",1.4408363403735,2.07663791629516,TRUE,"retained"
"HAAO",0.2690738708427,0.0837460116113789,TRUE,"retained"
"FCN3",0.2652712738998,0.0829648601514168,TRUE,"retained"
"WDSUB1",0.4852373985879,0.255720876403924,TRUE,"retained"
"SLK",0.785945326235999,0.559781996052216,TRUE,"retained"
"SNTB1",0.4872939604911,0.431892287115941,TRUE,"retained"
"ZNF193",0.4036870619418,0.163139349920313,TRUE,"retained"
"HEATR5A",0.43322285686575,0.215381815074958,TRUE,"retained"
"ATP8B2",0.54261737037585,0.33056345403116,TRUE,"retained"
"RBPMS2",0.6759482455383,1.19595166646316,TRUE,"retained"
"RTP4",0.6123031304691,1.47685958892667,TRUE,"retained"
"PNOC",0.3580471535109,0.261856279385987,TRUE,"retained"
"SPAST",0.6902498514009,0.557204444261722,TRUE,"retained"
"LY75",1.2352474111677,1.39365303748303,TRUE,"retained"
"IL15",0.46228472646825,0.394953178786732,TRUE,"retained"
"PIGA",0.3289512656514,0.142018278531585,TRUE,"retained"
"PRDM8",0.39150867679035,0.258693330320998,TRUE,"retained"
"YJEFN3",0.242922353379825,0.0579868038594298,TRUE,"retained"
"ZFP90",0.399993591771899,0.20561392568109,TRUE,"retained"
"ANKS6",0.2525758219908,0.0724802063439339,TRUE,"retained"
"FUT1",0.2691170678763,0.0788251519064042,TRUE,"retained"
"USP9Y",0.317357907911799,0.11810576783386,TRUE,"retained"
"MAPRE2",0.28452906639115,0.108963906107596,TRUE,"retained"
"AOC3",0.2855256825897,0.103241848688638,TRUE,"retained"
"CPSF6",0.5909619663423,0.341344433097941,TRUE,"retained"
"CALU",0.3111152785293,0.124227792565754,TRUE,"retained"
"CRISP3",1.8584175563394,2.63241376446162,TRUE,"retained"
"TMED7",0.687422504475525,0.37439326704355,TRUE,"retained"
"GBAS",0.6426275681469,0.393236997351773,TRUE,"retained"
"PRELID1",0.448061445993001,0.226090919821021,TRUE,"retained"
"VAPA",0.477628705236599,0.211291354173417,TRUE,"retained"
"CRK",0.392045724300999,0.155705500511894,TRUE,"retained"
"TSPAN31",0.32912721654225,0.123951935734071,TRUE,"retained"
"CAMK2D",0.3583062190813,0.216472677629877,TRUE,"retained"
"USP9X",0.343735485056776,0.12880328985908,TRUE,"retained"
"CTSL1",0.5945875074867,0.867312550374054,TRUE,"retained"
"C13orf37",0.271722336333,0.123125423139157,TRUE,"retained"
"RLIM",0.394947888349701,0.148615023757417,TRUE,"retained"
"NOL12",0.260844532305419,0.0727440184841702,TRUE,"retained"
"RNASEH1",0.3599835180669,0.158325978553978,TRUE,"retained"
"SAR1B",1.0438312434599,0.915057259537944,TRUE,"retained"
"VPS37A",0.2686846226141,0.0745213538733226,TRUE,"retained"
"GPX1",0.56748613064325,0.359603469214345,TRUE,"retained"
"TFDP1",1.07940136747012,1.10467852193144,TRUE,"retained"
"C22orf9",0.516255277011074,0.270324347429135,TRUE,"retained"
"EPM2AIP1",0.3928608014422,0.169254338844888,TRUE,"retained"
"ACAN",0.2592228515268,0.0809880322591791,TRUE,"retained"
"SMAD4",0.39108976717195,0.144464904227979,TRUE,"retained"
"GAS7",0.81433150891925,0.602669733171862,TRUE,"retained"
"IER5L",0.3640297187919,0.19775007660961,TRUE,"retained"
"LRG1",0.808808186524799,0.79880019457472,TRUE,"retained"
"VEGFA",0.35082457287276,0.170320958091028,TRUE,"retained"
"TRADD",0.22459039300635,0.0531270198770815,TRUE,"retained"
"LIG3",0.1881918354204,0.0352508397289127,TRUE,"retained"
"GSTO1",0.571661699708397,0.36869231048644,TRUE,"retained"
"KTELC1",0.479947847619451,0.265325157857108,TRUE,"retained"
"RAPGEF3",0.2553356930103,0.0691241755535904,TRUE,"retained"
"C15orf39",0.5077636728472,0.265335359970093,TRUE,"retained"
"UGCG",1.2800402894622,1.49361360896723,TRUE,"retained"
"CD6",0.5684454547569,0.544539532901071,TRUE,"retained"
"MAK16",0.3474026829987,0.159349561799483,TRUE,"retained"
"LRCH4",0.35361313316595,0.131164392096932,TRUE,"retained"
"TWISTNB",0.3181559462725,0.137707240249951,TRUE,"retained"
"MLLT1",0.3260962430936,0.101103124612413,TRUE,"retained"
"C11orf57",0.277719213151799,0.0849330959155657,TRUE,"retained"
"GMPR2",0.4867970507925,0.255473527750195,TRUE,"retained"
"HERC3",0.292884380882099,0.0906696632498959,TRUE,"retained"
"NAV1",0.2195901951495,0.0589872599897636,TRUE,"retained"
"TRIM14",0.453430538575,0.247370051363345,TRUE,"retained"
"USP16",0.50340433057005,0.237797427088581,TRUE,"retained"
"NKG7",1.2207007952769,1.32220161222155,TRUE,"retained"
"LPCAT2",0.8298496067379,0.712954630812082,TRUE,"retained"
"GRLF1",0.3023923762251,0.0861454222880674,TRUE,"retained"
"RAB27A",0.61254046967316,0.361347362679148,TRUE,"retained"
"ABLIM3",0.4485776168895,0.293154778479726,TRUE,"retained"
"LAMP3",0.3180022342581,0.938749550294465,TRUE,"retained"
"PBX2",0.4474442737128,0.216816421108163,TRUE,"retained"
"RUNDC3A",0.8826370383418,1.01842719610353,TRUE,"retained"
"HBD",1.8250434564222,2.73535544528199,TRUE,"retained"
"LPAR2",0.7674200049852,0.715611384948556,TRUE,"retained"
"CCR1",0.9070539149784,0.953458711380377,TRUE,"retained"
"BCL3",0.3720047791236,0.156873520458805,TRUE,"retained"
"PLD6",0.3066884891952,0.306254716366386,TRUE,"retained"
"C2orf49",0.52503075434985,0.228285341134151,TRUE,"retained"
"TMEM45B",0.47844568248855,0.281953930067723,TRUE,"retained"
"CCDC90A",0.761601209924099,0.571758374593279,TRUE,"retained"
"CD247",0.7283975608224,0.78366625473224,TRUE,"retained"
"FBXO33",0.55624435913865,0.358713314362253,TRUE,"retained"
"KIAA0892",0.486316476380701,0.314990420166877,TRUE,"retained"
"LRRC28",0.2915654450961,0.0952113144037511,TRUE,"retained"
"IRF2BP1",0.2616527120949,0.0745332525452517,TRUE,"retained"
"MAN2A1",0.6193667735703,0.43642787850369,TRUE,"retained"
"PAQR8",0.4151380033493,0.25505850526082,TRUE,"retained"
"MAP3K5",0.47137723798725,0.280396504553803,TRUE,"retained"
"ZNF354A",1.3247055848376,1.37288287119905,TRUE,"retained"
"ACAP1",0.716164356165301,0.53903185626018,TRUE,"retained"
"XRCC1",0.2017845528958,0.042853879932536,TRUE,"retained"
"CD27",1.1172508835922,1.34082640946005,TRUE,"retained"
"DIRC2",0.65273913847485,0.408102379510719,TRUE,"retained"
"KIAA0831",0.2950298291031,0.262862990487853,TRUE,"retained"
"CNTFR",0.2712129905856,0.0914397373309435,TRUE,"retained"
"RAB20",1.271083069641,1.30902935963659,TRUE,"retained"
"RSPH9",0.2894063777115,0.147124583338765,TRUE,"retained"
"AGPAT9",0.7070994677082,0.679191091369957,TRUE,"retained"
"RAP1GAP",1.4869654356396,3.17171719258419,TRUE,"retained"
"AHNAK",0.670831258461001,0.48834986650486,TRUE,"retained"
"GDF11",0.2659693983639,0.090178104467217,TRUE,"retained"
"SPTBN2",0.4419953703018,0.209419375480303,TRUE,"retained"
"SLC7A6",0.4317173718228,0.315078058962,TRUE,"retained"
"SMAD7",0.3249544495911,0.154764340094321,TRUE,"retained"
"ABCG1",1.07343670617792,0.91241308331574,TRUE,"retained"
"FRAT2",0.4495023234051,0.359624891629942,TRUE,"retained"
"ICA1",0.3614176889379,0.144012547605057,TRUE,"retained"
"MESP1",0.3266120482821,0.126634673383843,TRUE,"retained"
"DSC2",1.0149488883009,0.878323255922153,TRUE,"retained"
"SP6",0.2742941617815,0.0870669935913413,TRUE,"retained"
"PDE4A",0.6968669198148,0.564663905705787,TRUE,"retained"
"PRRX2",0.3177687062256,0.106364403967798,TRUE,"retained"
"C17orf101",0.23129341219005,0.0517826919746941,TRUE,"retained"
"MANEA",0.3171515480301,0.178200724876873,TRUE,"retained"
"ATP8A1",0.8574572362545,0.746585151025271,TRUE,"retained"
"KLHL15",0.549767613255,0.471954292411252,TRUE,"retained"
"TAOK2",0.3225706815744,0.116413545062478,TRUE,"retained"
"NEDD4",0.4702868957703,0.41698721914557,TRUE,"retained"
"CDC14A",0.35359319441985,0.147439354197471,TRUE,"retained"
"ASTE1",0.5653009557846,0.372058684292783,TRUE,"retained"
"BEND3",0.2666362303311,0.0859696424793649,TRUE,"retained"
"RAB36",0.2892009493968,0.11997928451446,TRUE,"retained"
"RAB5C",0.283841615288,0.085323819448625,TRUE,"retained"
"HOXA9",0.2542315222125,0.135566420598184,TRUE,"retained"
"TMEM200B",0.6233868612615,0.58482566805693,TRUE,"retained"
"ATP5J2",0.47490224024502,0.233430088814275,TRUE,"retained"
"PITRM1",0.312731371339099,0.110472158800247,TRUE,"retained"
"PPP1CB",0.749692913202239,0.552829110017071,TRUE,"retained"
"HNRNPR",0.622170836447999,0.453991528780836,TRUE,"retained"
"PDHB",0.477042095802301,0.280833886692434,TRUE,"retained"
"TRMT2A",0.2134274027886,0.0507207700600703,TRUE,"retained"
"JMJD4",0.3165589987707,0.100838429341882,TRUE,"retained"
"NIPAL3",0.784847735217,0.638893422389465,TRUE,"retained"
"CNP",0.27052741232748,0.0772432419747065,TRUE,"retained"
"MRPS25",0.2222998930082,0.0543871043190925,TRUE,"retained"
"MOBKL1B",0.30169546927212,0.118297296126884,TRUE,"retained"
"EIF3J",0.49878635181165,0.347775483783968,TRUE,"retained"
"NSL1",0.24449872208475,0.0648066840420141,TRUE,"retained"
"EFHD2",0.477107274234149,0.314884375181659,TRUE,"retained"
"MRPS26",0.5489361089058,0.316632892900186,TRUE,"retained"
"TET2",0.733667948444551,0.527934299679342,TRUE,"retained"
"WDR13",0.42358383378255,0.175686645183131,TRUE,"retained"
"ASPSCR1",0.27294283452135,0.0809214285227543,TRUE,"retained"
"DCAF5",0.332414161683974,0.115464270242611,TRUE,"retained"
"GTF2H5",0.6261092047098,0.361319049045903,TRUE,"retained"
"ZUFSP",0.5268918120921,0.344008392333154,TRUE,"retained"
"DPP8",0.4075346476404,0.194612488421654,TRUE,"retained"
"HS2ST1",0.30609438498492,0.186284676605183,TRUE,"retained"
"IPO7",0.5616243786062,0.285429939183921,TRUE,"retained"
"HINT3",0.312256969114649,0.132120857576513,TRUE,"retained"
"RORA",0.8456819447153,0.952245929194249,TRUE,"retained"
"STX4",0.4472779549035,0.194690538836841,TRUE,"retained"
"LEPROT",0.4211973099831,0.173328779047454,TRUE,"retained"
"SMC3",0.6312289556006,0.380812512706441,TRUE,"retained"
"MRS2",0.2227270550253,0.0596410049518475,TRUE,"retained"
"PTPRO",0.256657063966799,0.113763798476747,TRUE,"retained"
"ZNF410",0.307709589008966,0.0867927920149281,TRUE,"retained"
"BOC",0.3117887821965,0.114719911724085,TRUE,"retained"
"SDPR",1.1502483719748,1.22717928814363,TRUE,"retained"
"PRR14",0.4104161296662,0.207628976928922,TRUE,"retained"
"TRIM56",0.696715938502499,0.538042671060831,TRUE,"retained"
"XIAP",0.413477202983601,0.223338649543142,TRUE,"retained"
"AQP9",0.6377744077628,0.484305192050228,TRUE,"retained"
"AMOTL1",0.2519291941551,0.0952666711966568,TRUE,"retained"
"PPIA",0.409738369825049,0.192364988731385,TRUE,"retained"
"KIF21A",0.2915200938447,0.223010283081047,TRUE,"retained"
"MRM1",0.2792465335569,0.0911673416281755,TRUE,"retained"
"SDCCAG8",0.2238299952651,0.0672049393938869,TRUE,"retained"
"C1orf56",0.3555920435235,0.164908581897039,TRUE,"retained"
"LUC7L",0.271987006563825,0.0932954254271336,TRUE,"retained"
"LOC399491",0.3810025324875,0.182497542881774,TRUE,"retained"
"NFYA",0.3513750070012,0.127331937727736,TRUE,"retained"
"UBR3",0.2702598300108,0.110430935024364,TRUE,"retained"
"March 3",0.430002574423801,0.434669481235335,TRUE,"retained"
"PITPNC1",0.5616420524337,0.419199367925312,TRUE,"retained"
"ATP2C1",0.48978124690152,0.238331570240896,TRUE,"retained"
"MXD3",0.5263534266585,0.321542689187455,TRUE,"retained"
"FBXW7",0.434352717044401,0.193133345957561,TRUE,"retained"
"LRRC47",0.5113178188944,0.35616453567221,TRUE,"retained"
"C6orf203",0.2987389992657,0.119143990128763,TRUE,"retained"
"MIER3",0.3777009683538,0.192931424655724,TRUE,"retained"
"TBC1D24",0.2765976425604,0.0900498592366044,TRUE,"retained"
"PRDM2",0.318351779632425,0.136783200162992,TRUE,"retained"
"ZC3H8",0.2776546577826,0.123865464130764,TRUE,"retained"
"C5orf39",0.5192311793445,0.293608868648079,TRUE,"retained"
"ERI2",0.3138078335784,0.136058133795705,TRUE,"retained"
"CENPN",0.2668151957184,0.115135600028122,TRUE,"retained"
"DPYD",0.670233745951,0.47517159420426,TRUE,"retained"
"MRE11A",0.35344074310965,0.146060295178718,TRUE,"retained"
"PTGER4",1.3686877122177,1.64650656038867,TRUE,"retained"
"C21orf91",0.65345381913315,0.474513592777959,TRUE,"retained"
"GUCA1B",0.2512092450777,0.0767924632462626,TRUE,"retained"
"KLC1",0.279838893043501,0.0881892946602427,TRUE,"retained"
"MAST3",0.5901162994566,0.424501607387677,TRUE,"retained"
"PAQR3",0.18092923666545,0.0375508089233219,TRUE,"retained"
"CD1D",0.931980507024,0.903284934518175,TRUE,"retained"
"PLCL2",0.530292299004299,0.334495333140829,TRUE,"retained"
"ALKBH1",0.342557383854,0.11172017651314,TRUE,"retained"
"ZSCAN16",0.4623925807998,0.23533515700025,TRUE,"retained"
"SFRS12IP1",0.339146793578775,0.110951199738671,TRUE,"retained"
"FAM76B",0.4914897600039,0.220668150425955,TRUE,"retained"
"BCORL1",0.3725143939629,0.149540056437663,TRUE,"retained"
"SENP7",0.826774919693099,0.58697134438086,TRUE,"retained"
"ZNF319",0.383238620942099,0.156701217551792,TRUE,"retained"
"XRCC4",0.3435712643118,0.189947267503347,TRUE,"retained"
"KIAA0564",0.52115480466,0.368228311969894,TRUE,"retained"
"DNAH1",0.4232295075792,0.167475822162044,TRUE,"retained"
"MYBL1",0.7814107978425,1.24834357248665,TRUE,"retained"
"FAM13B",0.4110379536039,0.178809536560098,TRUE,"retained"
"EBF3",0.2740486454454,0.101327480440303,TRUE,"retained"
"SSC5D",0.2524628256318,0.073231822983078,TRUE,"retained"
"GPIHBP1",0.264203256303,0.0951373351845906,TRUE,"retained"
"UBR2",0.5771980972758,0.330855278646732,TRUE,"retained"
"TMEM188",0.753384946510349,0.496781672987033,TRUE,"retained"
"C19orf59",1.34503559167215,2.29621013572408,TRUE,"retained"
"RIN1",0.2367041412456,0.0729837305546367,TRUE,"retained"
"TUBB1",0.895290271238999,1.02845699435842,TRUE,"retained"
"TAL1",0.939754523089199,1.03848736569989,TRUE,"retained"
"LRRC8D",0.6337051523607,0.356690192890542,TRUE,"retained"
"ZNF502",0.3072633413997,0.120614093132344,TRUE,"retained"
"S1PR3",0.4810807604715,0.341077627671299,TRUE,"retained"
"SIX2",0.307653547635,0.113558717685628,TRUE,"retained"
"RNF19B",0.5453828267202,0.302542940153541,TRUE,"retained"
"C20orf117",0.2687885326119,0.0904946504219731,TRUE,"retained"
"HEXIM2",0.4240014269757,0.218991654705623,TRUE,"retained"
"ASAP2",0.2727248786073,0.17050707667588,TRUE,"retained"
"CLIC4",0.4417147519281,0.305374337417972,TRUE,"retained"
"HSPA5",0.6187224437646,0.370446849919807,TRUE,"retained"
"CAMK2A",0.2496435957561,0.0790525441539256,TRUE,"retained"
"LGALS3",0.653477284614001,0.401166851035122,TRUE,"retained"
"STT3A",0.7120819058703,0.492635201573654,TRUE,"retained"
"KRI1",0.477783997490799,0.272280435889763,TRUE,"retained"
"RIOK3",1.11964492565625,1.12678523481748,TRUE,"retained"
"RNF10",0.667455224070601,0.458814913304242,TRUE,"retained"
"TIMM17A",0.465955400551199,0.242867393574921,TRUE,"retained"
"CALM3",0.3185532511966,0.116702682925026,TRUE,"retained"
"LONP1",0.4048552175549,0.207704767763609,TRUE,"retained"
"CAV2",0.3335726758875,0.349670651503867,TRUE,"retained"
"ITGB7",0.4924035019512,0.274516539886528,TRUE,"retained"
"THUMPD1",0.588601833440599,0.368992241642152,TRUE,"retained"
"HNRNPF",0.559212900866102,0.340995592987838,TRUE,"retained"
"WDR91",0.2626918056483,0.0835937421684521,TRUE,"retained"
"NCBP1",0.3364918404162,0.115604887493803,TRUE,"retained"
"CFD",1.9856899782279,2.78981955984713,TRUE,"retained"
"CCR7",1.455957744717,2.10883103884344,TRUE,"retained"
"BHLHE40",0.4476258833172,0.264272075142167,TRUE,"retained"
"FBXO28",0.4567934566503,0.179812196135241,TRUE,"retained"
"MMP14",0.3492832002366,0.119152819071059,TRUE,"retained"
"MARK3",0.330635770381875,0.128754349557064,TRUE,"retained"
"FAM82B",0.5615385810384,0.313567710384162,TRUE,"retained"
"C3orf21",0.2109489396273,0.0481392023434008,TRUE,"retained"
"FAS",0.953561787857701,0.950068059883514,TRUE,"retained"
"TRA2A",0.518165265408839,0.302672502063073,TRUE,"retained"
"KRCC1",0.5772628023876,0.337977148227571,TRUE,"retained"
"SLC30A1",0.724242079133999,0.504378764131838,TRUE,"retained"
"CBR4",0.2972130045521,0.0849805035936755,TRUE,"retained"
"KIAA1683",0.33359485929,0.126419355742425,TRUE,"retained"
"C17orf63",0.254134249073599,0.0689750550190891,TRUE,"retained"
"EEPD1",0.320942636105175,0.120005524753253,TRUE,"retained"
"FAM177A1",0.729153184962299,0.48466360300882,TRUE,"retained"
"STAG3L4",0.26049579965535,0.0726655080535129,TRUE,"retained"
"CSNK1G3",0.73157538308295,0.460395891753786,TRUE,"retained"
"PTPN6",0.395433156178901,0.191221963298147,TRUE,"retained"
"TRNAU1AP",0.4855425515206,0.227784376162598,TRUE,"retained"
"C3orf38",0.658036320941475,0.441785146238923,TRUE,"retained"
"STK17B",0.749189376924101,0.487734208990102,TRUE,"retained"
"PCCB",0.25741256764545,0.0858273576477082,TRUE,"retained"
"AGER",0.25302003667542,0.0682125426778286,TRUE,"retained"
"FCGR2B",0.9331918890756,0.785846937646622,TRUE,"retained"
"FAM35A",0.8538802791708,0.679111220328688,TRUE,"retained"
"C19orf24",0.4649479056516,0.216774282632546,TRUE,"retained"
"B3GALT4",0.532950120441899,0.296755680154455,TRUE,"retained"
"SMEK2",0.441394722092799,0.184130874426608,TRUE,"retained"
"C10orf28",0.404815064793301,0.165276690192938,TRUE,"retained"
"LRRC4",0.8355845770776,0.655752573717397,TRUE,"retained"
"PTGIR",0.4572914516121,0.288489317595229,TRUE,"retained"
"RPE",0.244420576277325,0.0666466278193655,TRUE,"retained"
"BUD13",0.4227624070362,0.174501033960368,TRUE,"retained"
"PDDC1",0.218949987713099,0.0461985920571567,TRUE,"retained"
"MAP4K4",0.47651324630364,0.273091900290494,TRUE,"retained"
"TTC35",1.0755174074778,0.987205929941383,TRUE,"retained"
"PDCD2",0.385124451633075,0.14400708516193,TRUE,"retained"
"C11orf51",0.5510911984746,0.309876244638847,TRUE,"retained"
"CCNT2",0.351097115376,0.166321114518259,TRUE,"retained"
"FAM69B",0.2982188705685,0.0943971118166429,TRUE,"retained"
"C12orf65",0.36183356379765,0.215779368350535,TRUE,"retained"
"VPS53",0.31594302084835,0.0965304950217047,TRUE,"retained"
"PLBD2",0.2619841977333,0.0835011651772082,TRUE,"retained"
"KANK3",0.3174152047185,0.122359049696843,TRUE,"retained"
"RBMXL1",0.66139307381,0.431552588958955,TRUE,"retained"
"BAZ2B",0.630639664601801,0.448082732759748,TRUE,"retained"
"PRODH",0.4059813483768,0.197049538812903,TRUE,"retained"
"LRFN3",0.324913294839,0.116049830778758,TRUE,"retained"
"FBXL19",0.256402096797,0.0802086352244403,TRUE,"retained"
"C12orf26",0.267469757688,0.0818479897406597,TRUE,"retained"
"FAM46B",0.2770012122108,0.0948702738239774,TRUE,"retained"
"RPGR",1.0633638755208,0.829240296864426,TRUE,"retained"
"BMP2K",0.4999532962641,0.334126938234055,TRUE,"retained"
"MYO1F",0.481402587341551,0.375809776351976,TRUE,"retained"
"TCN1",2.0653972859184,3.2505496217098,TRUE,"retained"
"HBZ",0.662301467772,0.825033704360603,TRUE,"retained"
"MYOM1",0.2275023910173,0.0591536719734027,TRUE,"retained"
"LDB3",0.257048236486649,0.0708837540506026,TRUE,"retained"
"MTMR9",0.4183312351365,0.204136618898863,TRUE,"retained"
"SIRT1",0.670611684659701,0.461584430254532,TRUE,"retained"
"NUDT18",0.3842266144626,0.136575169034994,TRUE,"retained"
"PPIP5K2",0.72074398932795,0.519206425088946,TRUE,"retained"
"ZNF295",0.29503413049635,0.115932678087097,TRUE,"retained"
"POU2AF1",1.4313712055139,1.96865897960275,TRUE,"retained"
"POLA1",0.3589079992554,0.15972067760576,TRUE,"retained"
"SPIN4",0.273296693705699,0.147096490745553,TRUE,"retained"
"ZNF518B",0.27917356257945,0.0717085522724333,TRUE,"retained"
"SCARA3",0.2945551628523,0.0965126008005888,TRUE,"retained"
"C17orf58",0.2575607865033,0.0936736991187748,TRUE,"retained"
"SOX6",0.3563313993407,0.471471295295662,TRUE,"retained"
"SMYD4",0.4086847516101,0.221499244783607,TRUE,"retained"
"DOCK4",1.1146484535732,1.31814626704309,TRUE,"retained"
"ZNF45",0.3247449774849,0.115845114958782,TRUE,"retained"
"RTN2",0.2659103745753,0.0902726005486505,TRUE,"retained"
"SYN2",0.4828944235689,0.271092025674413,TRUE,"retained"
"AGAP4",0.4279319737812,0.220749561515734,TRUE,"retained"
"OAS2",0.4438364681709,1.04822589905444,TRUE,"retained"
"BANK1",0.6245731656283,0.600171821329614,TRUE,"retained"
"CCNJL",0.52041632352738,0.303627902483558,TRUE,"retained"
"SH2D5",0.2942901555153,0.100277945040621,TRUE,"retained"
"C17orf76",0.474674368035,0.29188378355502,TRUE,"retained"
"DENND1A",0.4417603967343,0.186067874599741,TRUE,"retained"
"C18orf25",0.4968773149095,0.349556280951749,TRUE,"retained"
"PRDM1",0.56124779973822,0.296526225411013,TRUE,"retained"
"HNRNPL",0.4795932389808,0.222653643379942,TRUE,"retained"
"KEL",0.500402415093,0.491459535387425,TRUE,"retained"
"ACY3",0.2570691830301,0.0769717458891994,TRUE,"retained"
"TRIM36",0.3019581567849,0.0998555172984064,TRUE,"retained"
"TKTL1",0.3703549285002,0.391762449082442,TRUE,"retained"
"ANKDD1A",0.3463773524211,0.239559101588251,TRUE,"retained"
"HIST1H4C",0.760609610349751,0.643383078239545,TRUE,"retained"
"PARP1",0.491107475485725,0.32180787550794,TRUE,"retained"
"SLC1A3",0.3203400849173,0.237080430972821,TRUE,"retained"
"AKIRIN2",0.3098135238534,0.0903290531878787,TRUE,"retained"
"CD74",0.905040544178399,0.999789567181684,TRUE,"retained"
"RNF141",0.643707661224179,0.424185853492475,TRUE,"retained"
"DFFA",0.26186178649365,0.0963670808376539,TRUE,"retained"
"STRADB",1.3266044663004,1.91889489217637,TRUE,"retained"
"IDH3G",0.3663270957066,0.131278366458574,TRUE,"retained"
"KDM4C",0.158056118823225,0.0308897868833341,TRUE,"retained"
"ITFG1",0.5327819031633,0.406295366241674,TRUE,"retained"
"ATP1B1",0.2840123801676,0.114769303968629,TRUE,"retained"
"C12orf44",0.3616237154817,0.138636578251861,TRUE,"retained"
"SNN",0.4611482857695,0.2493160431693,TRUE,"retained"
"RAN",0.5527956317583,0.346275935230367,TRUE,"retained"
"BCR",0.4717346269951,0.238956638840578,TRUE,"retained"
"IGHMBP2",0.39471378408,0.183426117811362,TRUE,"retained"
"WARS",0.799695102695301,0.886393893555496,TRUE,"retained"
"CD22",0.5179289354106,0.305958658372367,TRUE,"retained"
"WDR44",0.435738823802521,0.190826895461328,TRUE,"retained"
"CEBPA",0.697367114955,0.674089977123383,TRUE,"retained"
"ZNF500",0.3329079455058,0.113616487064109,TRUE,"retained"
"ATG4A",0.32894945354355,0.165611516700712,TRUE,"retained"
"C10orf84",0.42385808068275,0.179680660130952,TRUE,"retained"
"TBL1X",0.5371058217669,0.314444659104167,TRUE,"retained"
"C16orf68",0.4485379173093,0.251693612421699,TRUE,"retained"
"EEF1G",0.457860276059199,0.274702552884756,TRUE,"retained"
"WWP1",0.3599229457026,0.172170075679675,TRUE,"retained"
"ERO1L",0.783029934553649,0.571258715402276,TRUE,"retained"
"ACOX1",0.581340522941501,0.430387486623479,TRUE,"retained"
"CRLF3",0.649974051668551,0.392962844918922,TRUE,"retained"
"DCUN1D1",0.76512860257785,0.733723189948189,TRUE,"retained"
"GBP1",1.74874078885128,3.29917367459627,TRUE,"retained"
"CEP170",0.343130938227525,0.127741692180059,TRUE,"retained"
"LEF1",0.5823370912203,0.634387205577359,TRUE,"retained"
"CRLS1",0.74234177891265,0.549623581105509,TRUE,"retained"
"ALOX5",0.7086738221157,0.575049265000172,TRUE,"retained"
"DPEP3",0.387497295296999,0.19458394064451,TRUE,"retained"
"DNAJB14",0.595141811843601,0.413867821094595,TRUE,"retained"
"GPA33",0.2715752275719,0.0857361858936795,TRUE,"retained"
"C11orf30",0.285718171512899,0.0825488512309022,TRUE,"retained"
"CD180",0.6033968705751,0.3767848044367,TRUE,"retained"
"MLL5",0.522260129497166,0.28266073437498,TRUE,"retained"
"ATXN3",0.247408902675199,0.0740844314332321,TRUE,"retained"
"OASL",1.6441698791553,2.82602356878742,TRUE,"retained"
"ERICH1",0.514283539842975,0.286874034937619,TRUE,"retained"
"BACH1",0.3430207759202,0.138425055507461,TRUE,"retained"
"EXOSC9",0.4091800376146,0.238117653389165,TRUE,"retained"
"STAU2",0.2652031872245,0.0836840757060954,TRUE,"retained"
"HAUS8",0.325012925559,0.114320782198598,TRUE,"retained"
"GPR34",0.38579456589135,0.419126507688716,TRUE,"retained"
"MPV17L2",0.2639382682398,0.0729320925279354,TRUE,"retained"
"FAM50B",0.2739731929662,0.133596624948615,TRUE,"retained"
"WHSC1",0.210167344783199,0.0806009698516409,TRUE,"retained"
"SLAMF1",0.3226370709198,0.155519207566612,TRUE,"retained"
"FRY",0.63392173093935,0.361426920086294,TRUE,"retained"
"MT1X",0.57131555671575,0.397400510018439,TRUE,"retained"
"PDZD8",0.6555922149966,0.451363532623082,TRUE,"retained"
"ZFP82",0.3143217501816,0.121211101613029,TRUE,"retained"
"MZF1",0.3554502424704,0.132415926836369,TRUE,"retained"
"GIMAP2",0.921406704640801,1.01034950891383,TRUE,"retained"
"FGD4",0.558237945901861,0.323870401376043,TRUE,"retained"
"ALG9",0.2575320566805,0.0841889440405655,TRUE,"retained"
"IL17RC",0.46970343299565,0.235140906355659,TRUE,"retained"
"SRRD",1.20226480845975,1.30638722533832,TRUE,"retained"
"C17orf39",0.52554866952525,0.356854641837464,TRUE,"retained"
"ZBTB7C",0.26324725543725,0.0697234503416667,TRUE,"retained"
"ANKRD6",0.3807650629629,0.17179813260527,TRUE,"retained"
"ABI1",0.553688927514938,0.300876209923521,TRUE,"retained"
"APBB1IP",0.383291502318899,0.172390851881619,TRUE,"retained"
"DENND4C",0.53453412916995,0.256746702034209,TRUE,"retained"
"DCAF6",0.5292493282048,0.314463389702887,TRUE,"retained"
"YPEL1",0.29462796851985,0.132963224445286,TRUE,"retained"
"OSBPL3",0.263096129695,0.13958583830468,TRUE,"retained"
"CMTM8",0.329256569315101,0.155879524179887,TRUE,"retained"
"MALT1",0.35555822504685,0.209113438748491,TRUE,"retained"
"YBX2",0.3126303726735,0.117992678205349,TRUE,"retained"
"KCTD6",0.7272473278665,0.548773055751104,TRUE,"retained"
"ZNF614",0.2897487256188,0.109839958503513,TRUE,"retained"
"B3GAT1",0.2258955654459,0.0577790953972572,TRUE,"retained"
"GSPT2",0.2398924036047,0.0858781077059373,TRUE,"retained"
"FAM117B",1.1922085235445,1.27492759746254,TRUE,"retained"
"ZCCHC10",0.418073225856824,0.201692196812013,TRUE,"retained"
"TMEM149",0.6104659251663,0.417564909562238,TRUE,"retained"
"ADORA3",0.51509025715875,0.435182156120814,TRUE,"retained"
"C20orf141",0.2801103563622,0.076903509049333,TRUE,"retained"
"C1orf106",0.4400612607804,0.224972983984373,TRUE,"retained"
"TAF5L",0.26064320493645,0.0651295258124729,TRUE,"retained"
"DOK3",0.5079080130999,0.298380380138565,TRUE,"retained"
"HES4",0.2869813778475,0.153327090663878,TRUE,"retained"
"TMEM52",0.4344903549567,0.213586568812613,TRUE,"retained"
"MX2",0.62858801146365,0.595137494474976,TRUE,"retained"
"ZNF260",0.3605662265688,0.149078818495678,TRUE,"retained"
"SLC4A1",1.62301666886362,2.3143489536282,TRUE,"retained"
"ZNF775",0.273546134484,0.0897599643568154,TRUE,"retained"
"C6orf81",0.2752023121029,0.113023005511289,TRUE,"retained"
"MYPOP",0.2224797440019,0.0548367234359111,TRUE,"retained"
"ARSA",0.26820325365225,0.0821696679561349,TRUE,"retained"
"CDKN2B",0.223529689446,0.0582001620772696,TRUE,"retained"
"SMPD3",0.3364991044149,0.231459644552339,TRUE,"retained"
"TCHP",0.47576542412385,0.219112701334454,TRUE,"retained"
"ZNF407",0.4399748074092,0.189254246959475,TRUE,"retained"
"CLK4",0.57018907797705,0.317700156801383,TRUE,"retained"
"WDR11",0.856386350568,0.676874468299342,TRUE,"retained"
"PBX4",0.3562297260921,0.191363224500445,TRUE,"retained"
"ZFHX3",0.3234371604576,0.116252648484097,TRUE,"retained"
"MFAP3L",0.8476822617165,0.839951980237549,TRUE,"retained"
"BRCC3",0.283071850418175,0.0836091359402062,TRUE,"retained"
"CYTH4",0.46171312931205,0.245776800879402,TRUE,"retained"
"OSBPL9",0.7737217770114,0.53948958681078,TRUE,"retained"
"NGLY1",0.476229098192926,0.244184473828026,TRUE,"retained"
"TMEM132C",0.2557753432143,0.0839296397545615,TRUE,"retained"
"PCNXL3",0.2870822124387,0.0857180626716942,TRUE,"retained"
"GSDMB",0.485095456687801,0.355859824270236,TRUE,"retained"
"SAP18",0.3326795092159,0.10539052486539,TRUE,"retained"
"MRPL49",0.3836845477332,0.182524337415339,TRUE,"retained"
"COL17A1",0.96746379929115,1.50644562140617,TRUE,"retained"
"EIF4G1",0.4462342670198,0.206081761073558,TRUE,"retained"
"SEMA7A",0.3843827322426,0.173302499181367,TRUE,"retained"
"PSME1",0.5826711164113,0.283405076720928,TRUE,"retained"
"GUCY1B3",0.54155824022475,0.442308684266788,TRUE,"retained"
"CKAP4",0.7707123718098,0.69206172770823,TRUE,"retained"
"ARMC1",0.446276075722051,0.216833538145201,TRUE,"retained"
"PIGH",0.2671918621092,0.0773724380918488,TRUE,"retained"
"CTSZ",0.56668448697,0.366532879006364,TRUE,"retained"
"DUT",0.611492053382699,0.416343520970296,TRUE,"retained"
"ZMPSTE24",0.617978025115499,0.374409817698947,TRUE,"retained"
"DARS2",0.3585382751391,0.128365131969209,TRUE,"retained"
"MTF2",0.374934649321575,0.163882709408054,TRUE,"retained"
"MAFF",0.3460020707787,0.295547220495796,TRUE,"retained"
"MARCO",1.1083355553753,1.15908654714965,TRUE,"retained"
"CDK1",0.2886170355411,0.328476169263094,TRUE,"retained"
"C1GALT1C1",0.901714584108799,0.769405118548823,TRUE,"retained"
"TMEM106C",0.527788969490474,0.422980137425268,TRUE,"retained"
"DIS3",0.3963591530507,0.160363001536653,TRUE,"retained"
"CCNG2",0.58914652523685,0.275430232828836,TRUE,"retained"
"ZC3H10",0.3026613636018,0.102469931447773,TRUE,"retained"
"SEMA4A",0.675791724120451,0.550663605170086,TRUE,"retained"
"CDK11A",0.3230076303753,0.106946070659673,TRUE,"retained"
"HTRA2",0.309028534411275,0.111417262274349,TRUE,"retained"
"TRIM8",0.628355975297401,0.502723106884794,TRUE,"retained"
"MYST3",0.46791321351075,0.28718851600311,TRUE,"retained"
"MIB1",0.3671221303197,0.127932004003581,TRUE,"retained"
"PEX3",0.3192453068847,0.149332232542238,TRUE,"retained"
"CDHR5",0.23227247156295,0.0667795688535742,TRUE,"retained"
"BTN3A1",0.560701349776051,0.443964153785913,TRUE,"retained"
"ZHX1",0.34842424740165,0.133787356645609,TRUE,"retained"
"GDAP1L1",0.23812566294405,0.0668385635362895,TRUE,"retained"
"PARVB",0.3492864649218,0.159684727472876,TRUE,"retained"
"IFIT5",0.696422194300349,1.31088375279584,TRUE,"retained"
"ATG4C",0.3606998332917,0.152572347662446,TRUE,"retained"
"GPN3",0.5955005491526,0.302124248800524,TRUE,"retained"
"APOO",0.4162417758219,0.237277897652572,TRUE,"retained"
"ZMIZ2",0.21505007201664,0.0519095071142366,TRUE,"retained"
"TLE3",0.7049071448643,0.593162274256497,TRUE,"retained"
"MFSD8",0.5606398785855,0.343998514077171,TRUE,"retained"
"PPIL4",0.7098485001804,0.461030529337737,TRUE,"retained"
"DCLRE1B",0.296043781837649,0.116099107161006,TRUE,"retained"
"ACCS",0.3933384791007,0.354215858668446,TRUE,"retained"
"PSMB9",0.845721734981199,0.641427865273472,TRUE,"retained"
"HNRNPK",0.39359770713935,0.172545637818882,TRUE,"retained"
"MEIS1",0.2507407086366,0.0932487305266814,TRUE,"retained"
"C16orf5",0.303095782637025,0.0862655926893894,TRUE,"retained"
"IRF5",0.3190538458975,0.0903970220023176,TRUE,"retained"
"CAMP",1.4939120289534,2.19907068271404,TRUE,"retained"
"STAT1",1.1668303424113,1.23725569873654,TRUE,"retained"
"ANGPT1",0.2593449473433,0.0945541465121302,TRUE,"retained"
"C1orf35",0.296016568344,0.0891799914490833,TRUE,"retained"
"ZBTB7A",0.2851878113931,0.109135944403135,TRUE,"retained"
"AFTPH",0.3446203313154,0.144304728038853,TRUE,"retained"
"BCL10",0.4202350212872,0.186093587631689,TRUE,"retained"
"IL34",0.2612361244752,0.0790864687179443,TRUE,"retained"
"FAM195B",0.3148716143986,0.116107138049457,TRUE,"retained"
"PFAS",0.25660150983285,0.0690039146471998,TRUE,"retained"
"TFIP11",0.5175761826165,0.277099521941135,TRUE,"retained"
"DDX59",0.53411660825355,0.264486855922124,TRUE,"retained"
"GEMIN7",0.400573745754,0.164231265407891,TRUE,"retained"
"MPG",0.35522718715365,0.158182919609169,TRUE,"retained"
"WDFY2",0.3858378796797,0.157188154040315,TRUE,"retained"
"OBFC2A",0.961869476356424,0.804862931533567,TRUE,"retained"
"KDM4A",0.3839291641311,0.142980101700791,TRUE,"retained"
"AGGF1",0.4015340030055,0.151435479250248,TRUE,"retained"
"TLK2",0.233996701077825,0.0619010155330843,TRUE,"retained"
"PDLIM7",0.2092689047505,0.0486958047064314,TRUE,"retained"
"OXNAD1",0.4139441671274,0.287941955646818,TRUE,"retained"
"TMEM57",0.3049439975421,0.236311503155379,TRUE,"retained"
"C9orf91",0.365349564153,0.240336192707099,TRUE,"retained"
"CLASP1",0.3875867442615,0.191099408200376,TRUE,"retained"
"PRMT3",0.3520394099754,0.14150611172834,TRUE,"retained"
"RCE1",0.2931666353049,0.103441859821959,TRUE,"retained"
"SLCO3A1",0.450809666556375,0.283102154257949,TRUE,"retained"
"TIPRL",0.3687154155524,0.144804311181953,TRUE,"retained"
"XAF1",1.220160347229,2.18046042096405,TRUE,"retained"
"PRKCI",0.42327333805365,0.180178734774326,TRUE,"retained"
"POU2F1",0.4699834742673,0.244667760811356,TRUE,"retained"
"WNT10B",0.2733468122574,0.0917801903399287,TRUE,"retained"
"LAT",0.7072080881733,0.555971140939498,TRUE,"retained"
"IKBIP",0.493442373361699,0.274024776988301,TRUE,"retained"
"C15orf29",0.652156500581775,0.441377570575741,TRUE,"retained"
"NKAPL",0.3114044040618,0.113210283451807,TRUE,"retained"
"CNTN2",0.3808773988236,0.176471682224011,TRUE,"retained"
"ALS2CL",0.3079032953115,0.105164506797286,TRUE,"retained"
"NEXN",0.42034964838265,0.378957006976753,TRUE,"retained"
"EBF1",0.3302791978542,0.257255410268237,TRUE,"retained"
"PRIC285",0.401833828621049,0.31863149104967,TRUE,"retained"
"PTPMT1",0.257984131257825,0.0820974990748428,TRUE,"retained"
"C19orf77",1.137028156761,1.36104560553933,TRUE,"retained"
"KDM5D",1.38121884775403,0.917540613894618,TRUE,"retained"
"TMEM201",0.2835154689864,0.0977667928295958,TRUE,"retained"
"ARHGAP9",0.383205577494599,0.145692418472213,TRUE,"retained"
"VPS37D",0.2580425877666,0.0725192238808161,TRUE,"retained"
"STAP1",0.560255347743,0.741917043794628,TRUE,"retained"
"TYW1B",0.2340637092234,0.0630605551272471,TRUE,"retained"
"HSPB2",0.3293728696482,0.137237764476552,TRUE,"retained"
"DNAJC21",0.4668532245636,0.22535770295875,TRUE,"retained"
"SCAI",0.2887311942585,0.276899256517876,TRUE,"retained"
"RELL1",0.861154869565199,0.979685228967111,TRUE,"retained"
"AVL9",0.5362618626246,0.271858288047701,TRUE,"retained"
"SEMA5B",0.2536839038874,0.0714290164277728,TRUE,"retained"
"ZC3H3",0.2864270085033,0.0973943756117591,TRUE,"retained"
"CECR6",0.9745028545833,0.842989525398246,TRUE,"retained"
"TAF5",0.3620648171511,0.162509260657137,TRUE,"retained"
"DCAKD",0.3786201151194,0.157177458573222,TRUE,"retained"
"FOXO4",0.389382051535401,0.186334152654501,TRUE,"retained"
"ERCC8",0.2303892141096,0.0542821983918484,TRUE,"retained"
"LEPR",0.2926097744514,0.177382600590069,TRUE,"retained"
"LIPE",0.237765629472,0.0536335212099109,TRUE,"retained"
"PML",0.25730796280245,0.140901077334476,TRUE,"retained"
"LOC652346",0.30485939186115,0.193138179645576,TRUE,"retained"
"IDS",0.546851927498942,0.346785478080689,TRUE,"retained"
"ATAD2B",0.58120459656735,0.317851037612091,TRUE,"retained"
"LDHD",0.3013017645456,0.096464977378403,TRUE,"retained"
"C14orf181",0.343597424788801,0.124792421877405,TRUE,"retained"
"OSTalpha",0.7676898685785,1.11884606339465,TRUE,"retained"
"ST7",0.27593441664705,0.0903497659415732,TRUE,"retained"
"IRAK3",0.9977796627225,1.21478889922112,TRUE,"retained"
"PIGO",0.3235517431986,0.105582951003335,TRUE,"retained"
"TRIM15",0.245724834138,0.0805099802285723,TRUE,"retained"
"MRI1",0.5670489641649,0.365525539607407,TRUE,"retained"
"ZNF182",0.2618866167078,0.0653205252600424,TRUE,"retained"
"SLCO4C1",0.806401742141099,0.561273398058479,TRUE,"retained"
"KCNH3",0.3267799460604,0.115515708626926,TRUE,"retained"
"ARSG",0.5827926483456,0.3065513751923,TRUE,"retained"
"ASB6",0.2406797160957,0.0598566616878173,TRUE,"retained"
"IL18BP",0.3007291073304,0.124674277646876,TRUE,"retained"
"CACNA2D4",0.2826432455224,0.0849180763222374,TRUE,"retained"
"HOXB4",0.2690481514392,0.0767926030140899,TRUE,"retained"
"PHPT1",0.7015324099728,0.527273593731658,TRUE,"retained"
"TLR8",0.73142551742715,0.679424359118357,TRUE,"retained"
"RBM15",0.3247073943162,0.119573118036336,TRUE,"retained"
"CASZ1",0.2530523355612,0.0611858032554,TRUE,"retained"
"TMEM81",0.2603206908813,0.074255858900203,TRUE,"retained"
"SGTB",0.8616392685908,0.749709972586094,TRUE,"retained"
"CXCR5",0.5093287367889,0.520567847629789,TRUE,"retained"
"BCAS4",0.3050243203623,0.110222622105036,TRUE,"retained"
"TRIM41",0.2860375702548,0.0859582297528105,TRUE,"retained"
"PERP",0.2705581328373,0.0802292027362769,TRUE,"retained"
"EIF4A2",0.332120921083981,0.10495101187568,TRUE,"retained"
"PAQR6",0.31262652569715,0.103574932245092,TRUE,"retained"
"CCNC",0.5365094857353,0.272017066462994,TRUE,"retained"
"ATP1B2",0.3062984052744,0.121891669164281,TRUE,"retained"
"EIF2AK1",0.827616058996387,0.598695655166986,TRUE,"retained"
"PINK1",0.6918140729787,0.500074792260133,TRUE,"retained"
"FIBP",0.3451665891079,0.1365884296868,TRUE,"retained"
"TSNAX",0.8073045298983,0.67426898725851,TRUE,"retained"
"CSNK1E",0.364434842701299,0.167376571690145,TRUE,"retained"
"TAGAP",0.77931679547085,0.633327458755644,TRUE,"retained"
"SORT1",1.2205707621142,1.14224217716228,TRUE,"retained"
"ABI2",0.423314346399,0.270942455356079,TRUE,"retained"
"TMEM64",0.6843695988633,0.468025326351744,TRUE,"retained"
"SPATA2",0.24080213252445,0.0591417255281713,TRUE,"retained"
"FLAD1",0.4206415032582,0.165674454257521,TRUE,"retained"
"NDUFB5",0.575843489392499,0.340848200974951,TRUE,"retained"
"ATG7",0.2708630025934,0.105203006452416,TRUE,"retained"
"MAP1A",0.2784025145811,0.11264043155779,TRUE,"retained"
"PAPSS2",0.4017517908033,0.226673644965531,TRUE,"retained"
"USP11",0.6665604082536,0.631895245669378,TRUE,"retained"
"NHEDC2",0.2599045776936,0.0751689929630401,TRUE,"retained"
"MAVS",0.2052385446181,0.0452530649149469,TRUE,"retained"
"C8orf41",0.3785455833348,0.150223731658874,TRUE,"retained"
"TMEM173",0.4212485249175,0.209766162092996,TRUE,"retained"
"PPP6C",0.3090663285063,0.111763148821134,TRUE,"retained"
"SERPIND1",0.2711238270216,0.0781533395874664,TRUE,"retained"
"MRPS36",0.5020253913675,0.278596218066199,TRUE,"retained"
"ALG3",0.2966050589859,0.0945290669088076,TRUE,"retained"
"UCK2",0.225444800931,0.0598600262358334,TRUE,"retained"
"ANKRD11",0.383600070420701,0.232870924228526,TRUE,"retained"
"ORC5L",0.4089927506406,0.206478146127207,TRUE,"retained"
"NUFIP1",0.211047552048201,0.0593492586207497,TRUE,"retained"
"NPEPL1",0.4420321031994,0.183834598323913,TRUE,"retained"
"MINA",0.51305081113125,0.353420103318307,TRUE,"retained"
"DACH1",1.30303094431125,1.34002384314419,TRUE,"retained"
"ING2",0.6489774483192,0.424537608834092,TRUE,"retained"
"IL18",0.4636896845595,0.29217190504514,TRUE,"retained"
"UBE2V2",0.5702862375735,0.310675062422278,TRUE,"retained"
"TMEM19",0.47538243370275,0.281415181795584,TRUE,"retained"
"RDH14",0.5339395965624,0.382144543353397,TRUE,"retained"
"BAD",0.3557831743851,0.136723602321151,TRUE,"retained"
"RNASEN",0.395785156615275,0.214750428043992,TRUE,"retained"
"FNBP1",0.466454219838601,0.306639682625068,TRUE,"retained"
"SIT1",0.716929144997101,0.577033802749366,TRUE,"retained"
"EGF",0.367062262561049,0.253793022326858,TRUE,"retained"
"MARK2",0.5256674394993,0.290155804446682,TRUE,"retained"
"CFP",0.542987364696,0.373579137273558,TRUE,"retained"
"MYCBP2",0.54367669919535,0.377231820258652,TRUE,"retained"
"CPD",0.803117267010975,0.694569548889745,TRUE,"retained"
"PUS7L",0.2847676032642,0.0952049043263058,TRUE,"retained"
"HSPA1L",0.4200312858546,0.23667319759275,TRUE,"retained"
"MUSTN1",0.459285736161,0.340595255034038,TRUE,"retained"
"EPB41L3",0.4872765923263,0.279460962434407,TRUE,"retained"
"KLF11",0.5497263762186,0.342896504938478,TRUE,"retained"
"GPR160",1.0657410837738,1.21304552919947,TRUE,"retained"
"ZNF564",0.426088401823349,0.177570694210056,TRUE,"retained"
"PRICKLE1",0.347825469369,0.181590604283044,TRUE,"retained"
"TRIOBP",0.375054564048149,0.176316317027791,TRUE,"retained"
"STRBP",0.395618010206301,0.297728909686133,TRUE,"retained"
"NFIX",0.713928309223499,0.561544790163727,TRUE,"retained"
"ACVR2A",0.3255780837834,0.15671581899278,TRUE,"retained"
"KIAA1731",0.3924251026143,0.181313898911745,TRUE,"retained"
"TRPS1",0.69932026461864,0.457006479314363,TRUE,"retained"
"EPC2",0.503721356781299,0.242399607886391,TRUE,"retained"
"ENTPD5",0.2517822677538,0.135418714283097,TRUE,"retained"
"MTHFR",0.547364422066351,0.29245661049036,TRUE,"retained"
"PHTF1",0.67363095908472,0.414106161518533,TRUE,"retained"
"THAP6",0.35599526513355,0.152323283909998,TRUE,"retained"
"ZNF202",0.250665007821899,0.101969171038492,TRUE,"retained"
"ZRANB2",0.7176149829079,0.48561891897289,TRUE,"retained"
"ZNF230",0.3127558354746,0.129711929425973,TRUE,"retained"
"CBX4",0.4060885492524,0.157280072542998,TRUE,"retained"
"DDHD1",0.258577248909,0.119086140673063,TRUE,"retained"
"GLRX2",0.5852259203763,0.327928856349364,TRUE,"retained"
"PCP2",0.2539719752913,0.0817824180306369,TRUE,"retained"
"HEATR5B",0.6160702095051,0.39564052572574,TRUE,"retained"
"DTWD1",0.2940563087238,0.116606735148182,TRUE,"retained"
"NRG1",0.37447460806728,0.276300847425707,TRUE,"retained"
"FRS3",0.2879608886721,0.107861130138232,TRUE,"retained"
"CETP",0.4917493210098,0.38124050005754,TRUE,"retained"
"DSE",0.848642242004199,0.607836509444361,TRUE,"retained"
"FITM1",0.3118946331648,0.115469569489423,TRUE,"retained"
"XYLT1",0.6709053780828,0.466109020962563,TRUE,"retained"
"EVI5",0.3865857068262,0.146359330852285,TRUE,"retained"
"CSGALNACT1",1.1340465826795,1.17376227193244,TRUE,"retained"
"FBXL8",0.261262950639601,0.0723296073118759,TRUE,"retained"
"KIAA1632",0.357181533053099,0.165063452774629,TRUE,"retained"
"WNT4",0.265348105197,0.0826839467422795,TRUE,"retained"
"CCDC66",0.2958056573745,0.102120933346052,TRUE,"retained"
"CHRNB1",0.3524750764332,0.157889162835271,TRUE,"retained"
"TMEM51",0.2760692024076,0.0998080170042229,TRUE,"retained"
"ZNF20",0.3981081990039,0.164125171197967,TRUE,"retained"
"JAK3",0.292198941395338,0.0916503430894463,TRUE,"retained"
"ENTPD7",0.6931614156278,0.624157138597754,TRUE,"retained"
"HAUS3",0.2417418499944,0.0648978797121375,TRUE,"retained"
"TMEM169",0.4973719465932,0.41530316139865,TRUE,"retained"
"SLC4A7",0.46308182263665,0.326859616300863,TRUE,"retained"
"KCNH2",0.6286569282714,0.460501845115553,TRUE,"retained"
"MMP28",0.3706384201527,0.157791841166791,TRUE,"retained"
"CDK3",0.4074629772738,0.182834929064338,TRUE,"retained"
"C1orf162",0.700556587857,0.443778491177021,TRUE,"retained"
"ZNF434",0.31454357197515,0.104201319615601,TRUE,"retained"
"FGFR1",0.23331871347225,0.0633227751130541,TRUE,"retained"
"TMEM71",0.678798701193901,0.608291819394276,TRUE,"retained"
"TIGD3",0.5630529872562,0.6524154012957,TRUE,"retained"
"PLIN4",0.3112951564569,0.101361858679227,TRUE,"retained"
"ABCC5",0.5227894986636,0.282136713955388,TRUE,"retained"
"EFCAB1",0.283809751743,0.0878727993686369,TRUE,"retained"
"KCNE1L",0.2518112392404,0.0788818993910174,TRUE,"retained"
"EMILIN3",0.3732242635842,0.205769833541488,TRUE,"retained"
"NAGS",0.21780672186525,0.0503510241833115,TRUE,"retained"
"GFI1",0.387528118551,0.233133858707501,TRUE,"retained"
"C7orf61",0.3483817964865,0.187620862667253,TRUE,"retained"
"ACMSD",0.2570458995384,0.0719185333526277,TRUE,"retained"
"ZBTB2",0.28442100511335,0.0973137665222316,TRUE,"retained"
"BLK",0.4321972138302,0.358665986681505,TRUE,"retained"
"BAIAP2L2",0.3114764295111,0.107148941129126,TRUE,"retained"
"CENPM",0.5318516391216,0.329293745188414,TRUE,"retained"
"TUBA1A",0.45294484610445,0.307611535892861,TRUE,"retained"
"SHC1",0.248546079608399,0.0662130533614567,TRUE,"retained"
"MED29",0.16160587861068,0.0282698572276264,TRUE,"retained"
"TSN",0.352428351738225,0.127647380211395,TRUE,"retained"
"PAPSS1",0.7628198438665,0.585303576842572,TRUE,"retained"
"HMGCR",0.5531800439928,0.313651267438722,TRUE,"retained"
"TBC1D15",0.768481999890151,0.524116349773904,TRUE,"retained"
"FYTTD1",0.5668605892096,0.313425369645823,TRUE,"retained"
"DYM",0.3134580835435,0.0904314571849772,TRUE,"retained"
"PCCA",0.344922286527,0.17598924386579,TRUE,"retained"
"RSU1",0.4560350808048,0.233096285176774,TRUE,"retained"
"COX15",0.3154956602595,0.100175660105159,TRUE,"retained"
"CTNNA1",0.56375021536505,0.289801446357336,TRUE,"retained"
"GSTZ1",0.25358265750405,0.0746680819774324,TRUE,"retained"
"HOPX",0.957023629947,0.957136852311706,TRUE,"retained"
"ERGIC2",0.298492251074325,0.10938734990931,TRUE,"retained"
"PLEKHA3",0.8366858975769,0.575402204948783,TRUE,"retained"
"NCLN",0.2312991265011,0.0555643044811981,TRUE,"retained"
"MRPL19",0.3357384624153,0.123689909163249,TRUE,"retained"
"CLN8",0.206379660387074,0.0687034340268649,TRUE,"retained"
"CRYL1",0.35201852125335,0.141860739836747,TRUE,"retained"
"ATP5SL",0.2248201830336,0.0649547035896194,TRUE,"retained"
"CNBP",0.532810051930451,0.309708737343171,TRUE,"retained"
"CANX",0.495288018941567,0.242042535404766,TRUE,"retained"
"ACSM3",0.20853640805865,0.260335706482922,TRUE,"retained"
"GPR183",0.9399477829644,1.02108008720636,TRUE,"retained"
"C6orf162",0.3428318813136,0.139711597543832,TRUE,"retained"
"NUTF2",0.3696992842326,0.14550613289923,TRUE,"retained"
"AIPL1",0.246404124393,0.0785088782314146,TRUE,"retained"
"RALGAPB",0.2534851144084,0.063248975677806,TRUE,"retained"
"MPO",1.06674344480025,2.27455331370625,TRUE,"retained"
"FAM21C",0.600052680950101,0.541796945908706,TRUE,"retained"
"C17orf79",0.3283801963008,0.141057202230189,TRUE,"retained"
"OFD1",0.402877902598499,0.203605307485664,TRUE,"retained"
"IL10RB",0.425064927090301,0.236196264217451,TRUE,"retained"
"ZNF544",0.3396796728213,0.126341923696485,TRUE,"retained"
"CLC",1.7698322878824,2.97888588763037,TRUE,"retained"
"C14orf101",0.735414579613001,0.453142378388902,TRUE,"retained"
"SAP30",0.7177131073063,0.48463182206073,TRUE,"retained"
"AGTRAP",0.664495437228525,0.429461764746701,TRUE,"retained"
"HECTD1",0.7118422665606,0.411560552807492,TRUE,"retained"
"TPR",0.3618882261477,0.170227067574936,TRUE,"retained"
"HAUS6",0.2312289211904,0.0700550073021089,TRUE,"retained"
"KIF11",0.514782021282901,0.763439586444457,TRUE,"retained"
"ZNF350",0.5317778478957,0.289914696918252,TRUE,"retained"
"TCEB3",0.2893114231119,0.0917256704136796,TRUE,"retained"
"NCRNA00188",0.665850631665449,0.435018117446208,TRUE,"retained"
"ZRANB1",0.458783445958739,0.263167232837609,TRUE,"retained"
"RAB21",0.75934018006035,0.50079926259075,TRUE,"retained"
"CLDN12",0.3854376340185,0.166516166923458,TRUE,"retained"
"UBN2",0.385199836839299,0.171578491180369,TRUE,"retained"
"TTC9",0.6958286713434,0.668149574135275,TRUE,"retained"
"TMEM79",0.3285210514551,0.124581839866907,TRUE,"retained"
"INTS6",0.50743273572138,0.251189572766841,TRUE,"retained"
"ZNF267",1.2684162747669,1.25579723906457,TRUE,"retained"
"C12orf29",0.46786670879655,0.297537516778368,TRUE,"retained"
"PHF20L1",0.428088718453901,0.184188027906578,TRUE,"retained"
"FEZ2",0.272772613385301,0.10302905469494,TRUE,"retained"
"CCNF",0.334999140945,0.163284075030938,TRUE,"retained"
"CPA3",0.331097879196,0.481900736776558,TRUE,"retained"
"ISCU",0.303293647838475,0.147280386839743,TRUE,"retained"
"INTS7",0.23940835879695,0.0792829603979482,TRUE,"retained"
"OIP5",0.3300069695139,0.241983995678822,TRUE,"retained"
"BCAT2",0.3968838271524,0.173449970574817,TRUE,"retained"
"PANK3",0.4218182265696,0.257016602534957,TRUE,"retained"
"RBBP8",0.6332656948947,0.443658490467637,TRUE,"retained"
"FZD2",0.4543955550078,0.26320754496139,TRUE,"retained"
"TK2",0.3674404030269,0.14144098183001,TRUE,"retained"
"TCF7",0.72256489841046,0.617802548059597,TRUE,"retained"
"ABHD15",0.322248528903,0.180877894023083,TRUE,"retained"
"TNFSF13B",0.79034924609445,0.758241889724414,TRUE,"retained"
"FAM105B",0.320989453092,0.102119195551647,TRUE,"retained"
"KLHL6",0.9161242964685,0.68089701501415,TRUE,"retained"
"ZNF48",0.2705190678099,0.0924348402763552,TRUE,"retained"
"IL20RB",0.3060756157137,0.110841475804275,TRUE,"retained"
"OSGEPL1",0.3431106961044,0.267053450743885,TRUE,"retained"
"KIAA2026",0.411483717803199,0.19526827872166,TRUE,"retained"
"PADI2",0.547193472541275,0.261258365043089,TRUE,"retained"
"C9orf64",0.4024087308633,0.171199952062464,TRUE,"retained"
"WFDC1",0.6343337992236,1.64418460755304,TRUE,"retained"
"PF4",0.82324175379495,0.839971952367784,TRUE,"retained"
"TMEM92",0.293454568827,0.138496915431328,TRUE,"retained"
"OGG1",0.250909949465175,0.0585520932894762,TRUE,"retained"
"KLRB1",1.2801190896522,1.49886142770836,TRUE,"retained"
"SCN2B",0.2303581971292,0.0544394908723974,TRUE,"retained"
"EFNA3",0.2457777182329,0.0698173559791863,TRUE,"retained"
"ASCC1",0.400865426300501,0.174553685913213,TRUE,"retained"
"CLOCK",0.3422467769301,0.142884806124242,TRUE,"retained"
"APBA2",0.3060387276373,0.177392723786482,TRUE,"retained"
"C22orf30",0.2862814638852,0.0948981942965403,TRUE,"retained"
"AHI1",0.5133552322773,0.433308570935873,TRUE,"retained"
"ZNF335",0.3962716497516,0.153033288139804,TRUE,"retained"
"TRERF1",0.5220969804043,0.309551975193157,TRUE,"retained"
"DNAJC25",0.339877165519499,0.155656563351924,TRUE,"retained"
"TOMM5",0.6287224626508,0.402141311760238,TRUE,"retained"
"MFSD7",0.3202852507092,0.1309690264189,TRUE,"retained"
"EPHB1",0.46925576414955,0.242694158855642,TRUE,"retained"
"MTA1",0.3886645173663,0.206789768379778,TRUE,"retained"
"SYT17",0.2476730728374,0.0776449880949506,TRUE,"retained"
"MICAL2",0.73042201420566,0.542020903045373,TRUE,"retained"
"RFXAP",0.2938994933805,0.111709428106988,TRUE,"retained"
"BLOC1S3",0.2606855476218,0.0692740318273822,TRUE,"retained"
"MTMR14",0.351340021224151,0.129448255198613,TRUE,"retained"
"ADSL",0.5473953502143,0.364741705917338,TRUE,"retained"
"NTRK3",0.2782565125809,0.0813921945460855,TRUE,"retained"
"KCTD18",0.640254268274599,0.354571463065175,TRUE,"retained"
"KLRK1",1.12798561961085,1.34641237251147,TRUE,"retained"
"BBC3",0.4471942295163,0.197291847249021,TRUE,"retained"
"LIPT1",0.4570347557307,0.27782001902498,TRUE,"retained"
"KCNJ12",0.2705648290002,0.0821667798063706,TRUE,"retained"
"ITGA10",0.349496863653,0.149787693741188,TRUE,"retained"
"MYB",0.2989945987644,0.237367775858666,TRUE,"retained"
"DDN",0.2557434421101,0.0801100336807877,TRUE,"retained"
"RASGEF1A",1.2373147293339,1.27185088429241,TRUE,"retained"
"LCN10",0.2602854761661,0.124450103656321,TRUE,"retained"
"TMEM91",0.4832635272171,0.279318341078535,TRUE,"retained"
"AKAP7",0.21148058849715,0.0634134240944526,TRUE,"retained"
"CD300LF",0.61460737664025,0.529531453016138,TRUE,"retained"
"TMEM63C",0.3505504814973,0.130407805069425,TRUE,"retained"
"PLA2G4A",0.3536632632078,0.170480362409382,TRUE,"retained"
"ZNF653",0.299615861538,0.191768400838482,TRUE,"retained"
"OSM",0.5981351787726,0.328994479031385,TRUE,"retained"
"CMTM1",0.3156147716022,0.136984874698952,TRUE,"retained"
"NIN",0.38911178158615,0.161994867400985,TRUE,"retained"
"ARL13B",0.2562098176617,0.0855850306388084,TRUE,"retained"
"GNAI3",0.547985192060775,0.333172787846329,TRUE,"retained"
"TPM4",0.6791708624575,0.425144498505765,TRUE,"retained"
"LOC643634",0.6882754299855,0.485756993051779,TRUE,"retained"
"CACYBP",0.45888038405475,0.376777022365998,TRUE,"retained"
"PIGS",0.3068330515908,0.103314463798546,TRUE,"retained"
"USP1",0.71024049924975,0.567257767564246,TRUE,"retained"
"SPP1",0.294340961808075,0.506076451495844,TRUE,"retained"
"DLAT",0.3413633761447,0.159859287926505,TRUE,"retained"
"EIF3E",0.5744424487011,0.360494120178759,TRUE,"retained"
"POP4",0.5283132933897,0.286177673467122,TRUE,"retained"
"MYCBP",0.57249294052545,0.356122634357519,TRUE,"retained"
"PRDX3",0.7457756921538,0.561324181120804,TRUE,"retained"
"UBE2W",0.739372762082499,0.527443915824982,TRUE,"retained"
"FECH",1.57285925451112,1.8302899597654,TRUE,"retained"
"ELP2",0.5904815298123,0.366739006845747,TRUE,"retained"
"SFRS1",0.5001925839505,0.215978709844588,TRUE,"retained"
"UBASH3B",0.35129472779415,0.130157030734012,TRUE,"retained"
"DDX46",0.34451535471045,0.151942137699169,TRUE,"retained"
"CISD1",0.498163549728599,0.259763333866515,TRUE,"retained"
"TPMT",0.325483766331151,0.124581464675747,TRUE,"retained"
"C2orf56",0.3871716382534,0.168716688283696,TRUE,"retained"
"SNAP29",0.272528336811675,0.0780286913120943,TRUE,"retained"
"DDX42",0.439233181484299,0.187207536411228,TRUE,"retained"
"WDR43",0.2573855402181,0.0772869293725593,TRUE,"retained"
"EVL",0.7920916217067,0.736693640406937,TRUE,"retained"
"HPD",0.2779187288577,0.113633292950145,TRUE,"retained"
"PRKCD",0.47245173306345,0.279563028803367,TRUE,"retained"
"SLC11A1",0.7060894412691,0.549583520256502,TRUE,"retained"
"KRT81",0.2972283380955,0.101386229260142,TRUE,"retained"
"HSPA14",0.257761792036875,0.0664998254012079,TRUE,"retained"
"CDKN2AIP",0.2947383188085,0.0957926777592508,TRUE,"retained"
"GNA12",0.5377844456285,0.358946655311006,TRUE,"retained"
"NIP7",0.3975737698884,0.179323326363683,TRUE,"retained"
"TEX264",0.3556590622326,0.139859527568464,TRUE,"retained"
"NUP50",0.3977068398042,0.177880807574252,TRUE,"retained"
"NAA40",0.3138043116621,0.121790901502603,TRUE,"retained"
"TMEM209",0.3852011422686,0.198760925877147,TRUE,"retained"
"CLEC3B",0.4842379801518,0.288946854349478,TRUE,"retained"
"GALK2",0.2427150486495,0.0698524569967633,TRUE,"retained"
"PPM1K",0.4589233101432,0.489222496252265,TRUE,"retained"
"NHEJ1",0.2599832333301,0.0775011716952132,TRUE,"retained"
"ZFYVE21",0.282102886254,0.0888940336037185,TRUE,"retained"
"CYBB",0.676140635683275,0.514966950011335,TRUE,"retained"
"RAB4B",0.440356938663601,0.210929849108716,TRUE,"retained"
"CHAF1A",0.208660007108,0.0525155654170021,TRUE,"retained"
"ZNF25",0.258815843727,0.0827931709239337,TRUE,"retained"
"CPNE5",0.9815069942748,0.953449965031969,TRUE,"retained"
"PFDN6",0.3328991559117,0.153049680479218,TRUE,"retained"
"PRELP",0.3018894849768,0.100338038189449,TRUE,"retained"
"GKAP1",0.2749524636096,0.152997558987282,TRUE,"retained"
"NAA38",0.5508077008917,0.43074566241411,TRUE,"retained"
"CLMN",0.26090424928365,0.080562086673947,TRUE,"retained"
"HPS1",0.564486121604475,0.435084285656094,TRUE,"retained"
"IL13RA1",0.734886190671674,0.642024369015955,TRUE,"retained"
"RELT",0.301477999724999,0.104149852565882,TRUE,"retained"
"ANKRD23",0.2579297181699,0.0772877629007087,TRUE,"retained"
"FMNL1",0.187345215058166,0.0387887032357412,TRUE,"retained"
"NCAM1",0.2414210791062,0.0654543829599437,TRUE,"retained"
"ACTL7B",0.2539683058563,0.0787837529293449,TRUE,"retained"
"OSTF1",0.352214324158201,0.148875613227557,TRUE,"retained"
"PURA",0.630350264047,0.474569000058126,TRUE,"retained"
"ADAP1",0.193695801112801,0.0440405248499722,TRUE,"retained"
"FOXO1",0.503580676573799,0.346282973530232,TRUE,"retained"
"ATP2B1",0.730725996539175,0.590253129487947,TRUE,"retained"
"VTI1A",0.4331664517194,0.181213924948588,TRUE,"retained"
"ACTR5",0.3960295552563,0.188593165118957,TRUE,"retained"
"SLC9A3R1",0.5349282535464,0.289194201403207,TRUE,"retained"
"C9orf30",0.3064943582925,0.127933388894576,TRUE,"retained"
"ARHGAP8",0.2743365923109,0.185010601710253,TRUE,"retained"
"SHPK",0.2751815023293,0.097885021349379,TRUE,"retained"
"MEGF6",0.4322854337193,0.190075857247166,TRUE,"retained"
"RAB28",0.7406656658835,0.442741581763065,TRUE,"retained"
"DHX33",0.4178355745284,0.184428293806418,TRUE,"retained"
"PACS2",0.227506400709,0.0498487036140189,TRUE,"retained"
"ABCD1",0.2816994285399,0.0969910618409452,TRUE,"retained"
"C12orf53",0.3274254686178,0.130392770775896,TRUE,"retained"
"ING1",0.33939947142885,0.109299953758186,TRUE,"retained"
"CYP4F2",0.43207939543825,0.189060567976453,TRUE,"retained"
"ELANE",1.6509684919392,3.4200157832545,TRUE,"retained"
"SLC14A1",1.4685468514577,2.11463681206197,TRUE,"retained"
"SRGAP1",0.2696848273224,0.0700044313169265,TRUE,"retained"
"MAN2B2",0.4764894966825,0.288649925695328,TRUE,"retained"
"SCML1",0.3712661129625,0.195151543753159,TRUE,"retained"
"STX11",0.736981034789475,0.547995621989366,TRUE,"retained"
"MYEF2",0.2434719107604,0.174590047916762,TRUE,"retained"
"TMEM114",0.3382954196097,0.121585441110521,TRUE,"retained"
"C4orf48",0.5747259900207,0.349181671130647,TRUE,"retained"
"RALGPS2",0.31704877827525,0.162121370611758,TRUE,"retained"
"VPREB3",0.575397624870599,0.693319690748325,TRUE,"retained"
"TRIM66",0.28995306088665,0.101866630321953,TRUE,"retained"
"CHCHD4",0.308754793263,0.101182269803677,TRUE,"retained"
"TMEM45A",0.2673419308812,0.239091026841461,TRUE,"retained"
"TFR2",0.411119190447,0.524591399410344,TRUE,"retained"
"KLK5",0.2614172907822,0.0707777809023174,TRUE,"retained"
"PWWP2A",0.44459646116235,0.207813811438187,TRUE,"retained"
"SFT2D2",0.8041168761465,0.748956255482523,TRUE,"retained"
"TBC1D7",0.6022130878638,0.373488971605522,TRUE,"retained"
"CMTM5",1.22950544573587,1.3870044849777,TRUE,"retained"
"PANX2",0.3150621561738,0.112045794122584,TRUE,"retained"
"C14orf126",0.322734463655099,0.140430653343056,TRUE,"retained"
"RAB3IP",0.207716394044775,0.0549197616966861,TRUE,"retained"
"HIST1H4J",0.8360742101754,0.701253642417182,TRUE,"retained"
"FAM126B",0.779011769918199,0.780641958288299,TRUE,"retained"
"CASP10",0.284974690237649,0.110915416660598,TRUE,"retained"
"SERTAD3",0.3580380162471,0.133411035570518,TRUE,"retained"
"ZNF608",0.5729990553168,0.55487809839081,TRUE,"retained"
"SH3BP1",0.47633137924575,0.190165757621845,TRUE,"retained"
"GPER",0.280365658506938,0.0732318516500099,TRUE,"retained"
"GPR44",0.3178810576536,0.158064028631201,TRUE,"retained"
"LHFPL4",0.25983733177605,0.0765820832096051,TRUE,"retained"
"NCAPG2",0.38778471917535,0.302760275198567,TRUE,"retained"
"ITPRIP",0.5042991956835,0.293820776015292,TRUE,"retained"
"PLEKHM3",0.23284389970275,0.0582649340638705,TRUE,"retained"
"HDAC9",0.431591576178,0.329598368598062,TRUE,"retained"
"PRKCQ",0.5477216830764,0.515523450502872,TRUE,"retained"
"TBC1D22B",0.5723757836202,0.451114049029282,TRUE,"retained"
"SHISA7",0.25408322551815,0.0714805393402428,TRUE,"retained"
"MAP3K1",0.42473260711875,0.249903435231967,TRUE,"retained"
"CROCC",0.312979520525699,0.0927357555884589,TRUE,"retained"
"SLC23A3",0.2737386486114,0.0914611276513175,TRUE,"retained"
"GHRL",0.7776426824691,0.689990747568711,TRUE,"retained"
"SARM1",0.2730304128153,0.0873741988728851,TRUE,"retained"
"ZNF213",0.262231658252201,0.0710214739014265,TRUE,"retained"
"DNAH10",0.3750038587575,0.161926704051547,TRUE,"retained"
"KCTD13",0.2920908310929,0.109935661592092,TRUE,"retained"
"C16orf79",0.3036896260209,0.10870405599229,TRUE,"retained"
"GZMH",2.1023384873358,3.55276267322549,TRUE,"retained"
"HEATR2",0.4231812697056,0.272944911255096,TRUE,"retained"
"EXOC8",0.848737585662751,0.632810999981571,TRUE,"retained"
"NIPAL4",0.240479522100299,0.0755477000598363,TRUE,"retained"
"XK",0.9766746320506,1.08039452780211,TRUE,"retained"
"MAX",0.2663353818804,0.0711009255942273,TRUE,"retained"
"FUT4",0.37116233874615,0.198929837239215,TRUE,"retained"
"C13orf31",0.2934898895481,0.133001833441093,TRUE,"retained"
"CUTC",0.63319936744785,0.347293911618962,TRUE,"retained"
"PRDM10",0.6334503023163,0.39650992634035,TRUE,"retained"
"MOBKL2C",0.3566130434265,0.149931504186446,TRUE,"retained"
"AMIGO3",0.290039355249,0.11808729370205,TRUE,"retained"
"CHIC1",0.2992975302681,0.149330531360037,TRUE,"retained"
"CXCR4",0.800707687669574,0.646217055781355,TRUE,"retained"
"PSMB2",0.526771605108,0.261996535670859,TRUE,"retained"
"CPSF3L",0.2956822746612,0.0989899148489104,TRUE,"retained"
"LOX",0.4206480785892,0.215507449828638,TRUE,"retained"
"DNTTIP2",0.6741630654108,0.449501359933069,TRUE,"retained"
"PHGDH",0.3150237798141,0.199168429393523,TRUE,"retained"
"FAM120A",0.382654857076101,0.172651088845661,TRUE,"retained"
"XPC",0.5300315778639,0.30876507377513,TRUE,"retained"
"ISY1",0.28293536430075,0.0846947905449338,TRUE,"retained"
"C1orf25",0.487030302876075,0.258969909208493,TRUE,"retained"
"BCLAF1",0.415165931662067,0.175941250261154,TRUE,"retained"
"TRAPPC3",0.2828984234685,0.0910614100495663,TRUE,"retained"
"UBE2J1",0.83779498652955,0.663326824878771,TRUE,"retained"
"WDR45",0.6249468744792,0.386827009258489,TRUE,"retained"
"HAVCR2",0.4441519906551,0.247861666467113,TRUE,"retained"
"RNF2",0.4352366839359,0.248032397644187,TRUE,"retained"
"CD5",0.8410335212601,0.861393144541623,TRUE,"retained"
"SMG1",0.3597761727504,0.195865754217523,TRUE,"retained"
"RRAGD",0.612626318736599,0.39421052215833,TRUE,"retained"
"SCO1",0.3269160546708,0.123487972158247,TRUE,"retained"
"FAM134A",0.38835009385935,0.152532066163953,TRUE,"retained"
"TOP3A",0.375172678713,0.15344735314438,TRUE,"retained"
"TSFM",0.5203376911677,0.2636871533974,TRUE,"retained"
"GLTSCR2",0.807047802141001,0.690551074370087,TRUE,"retained"
"C1orf107",0.21517772291295,0.0758227329981468,TRUE,"retained"
"NEK4",0.35669159120385,0.163401759328981,TRUE,"retained"
"LILRB2",0.472566065986351,0.317509250905262,TRUE,"retained"
"LILRB1",0.514871579403825,0.31043603026129,TRUE,"retained"
"MS4A1",1.1127647571467,1.43346478428883,TRUE,"retained"
"ZNF330",0.64171877845425,0.370349961686165,TRUE,"retained"
"C6orf72",0.415514933025151,0.198442019702032,TRUE,"retained"
"PLA2G12A",0.4285175933682,0.26189649961008,TRUE,"retained"
"HSPBAP1",0.5314209104631,0.331418090207336,TRUE,"retained"
"RBMS2",0.1978858612339,0.0436656163332506,TRUE,"retained"
"RHOQ",0.661006132939424,0.437135332789358,TRUE,"retained"
"TBC1D2",0.562997399393101,0.390566760553461,TRUE,"retained"
"SH2D1A",0.3094723511537,0.262009839150157,TRUE,"retained"
"ICT1",0.4518447135384,0.214764264753356,TRUE,"retained"
"PKIG",0.336309062523,0.146893742861075,TRUE,"retained"
"RNMT",0.4306711462221,0.212948164660657,TRUE,"retained"
"AP2A1",0.3416342199837,0.134267362536021,TRUE,"retained"
"CCNE2",0.285198933117,0.246910458391929,TRUE,"retained"
"TGFA",1.063340445993,0.989924190236295,TRUE,"retained"
"FTSJD1",0.47591616599625,0.291027479437878,TRUE,"retained"
"ZNF148",0.323908311381433,0.147455906767588,TRUE,"retained"
"CD274",0.2530877578404,0.17845193790447,TRUE,"retained"
"FAM122A",0.25879391792625,0.0865411196509576,TRUE,"retained"
"CSTB",0.439533832687425,0.224571901403221,TRUE,"retained"
"MTERF",0.3227932909992,0.125824772075059,TRUE,"retained"
"ELL",0.463179084532499,0.228171807508842,TRUE,"retained"
"LINGO1",0.259239452199,0.0867396360571721,TRUE,"retained"
"CENPBD1",0.40567809551955,0.15623046095194,TRUE,"retained"
"SYNPO",0.2720028746463,0.09136819389706,TRUE,"retained"
"GTF2E1",0.7338700931709,0.493246152039263,TRUE,"retained"
"ABI3",0.7929353137692,0.54091500094872,TRUE,"retained"
"STIM2",0.408631221410474,0.214954425763118,TRUE,"retained"
"EFEMP2",0.347268938641099,0.109075382958913,TRUE,"retained"
"CHCHD5",0.3049850944728,0.111855010677907,TRUE,"retained"
"BBS10",0.3832071935286,0.181692962505705,TRUE,"retained"
"BCDIN3D",0.309658927221,0.097830878283822,TRUE,"retained"
"CHCHD7",0.8666690036697,0.784823055337959,TRUE,"retained"
"KLHL28",0.47931465065715,0.239167297858385,TRUE,"retained"
"CP110",0.3904441542995,0.180670790942513,TRUE,"retained"
"DNAJC16",0.414169300802251,0.184878777659574,TRUE,"retained"
"ERG",0.2834339971512,0.229599561691717,TRUE,"retained"
"ACTN1",0.567252265689899,0.382130463915802,TRUE,"retained"
"EED",0.633994943333501,0.338146464273951,TRUE,"retained"
"EFCAB2",0.3260014624524,0.204025570449358,TRUE,"retained"
"NACA2",0.3357403067697,0.135757877374048,TRUE,"retained"
"CRX",0.4351641566265,0.259930441903488,TRUE,"retained"
"SNAPC4",0.204364576751651,0.0421280803396515,TRUE,"retained"
"SIX5",0.2638118691768,0.0817963434381982,TRUE,"retained"
"TSPAN2",0.961219867568099,0.886623177940315,TRUE,"retained"
"SNX14",0.8600161430679,0.715971446498628,TRUE,"retained"
"MDFIC",0.40704929814465,0.250556368592414,TRUE,"retained"
"ATP6V0A2",0.3374630605416,0.1159182144422,TRUE,"retained"
"SHCBP1",0.26248333911555,0.221489326483774,TRUE,"retained"
"LRRC33",0.6418759410966,0.426234929639348,TRUE,"retained"
"DERL3",0.2344097962479,0.0844034698110765,TRUE,"retained"
"INO80C",0.3957393259281,0.1599729531051,TRUE,"retained"
"SERPINB8",0.5809252689205,0.285676758266983,TRUE,"retained"
"POMZP3",0.3262691747931,0.122769378187321,TRUE,"retained"
"PLA2G7",0.634995938761799,0.781522294729904,TRUE,"retained"
"GRASP",0.413814572443649,0.194445005620565,TRUE,"retained"
"PILRA",0.9215708044921,1.23014421944519,TRUE,"retained"
"BOLA3",0.5186404729569,0.385026911602223,TRUE,"retained"
"UHRF1BP1",0.4659806692443,0.216196174576362,TRUE,"retained"
"LCOR",0.5203743892242,0.317303260280734,TRUE,"retained"
"GH2",0.3255098738052,0.127888415361248,TRUE,"retained"
"ATP5S",0.32230088210355,0.143020628285459,TRUE,"retained"
"BRWD1",0.2847219839093,0.0858172598373935,TRUE,"retained"
"TAOK1",0.5117742106176,0.253600354511359,TRUE,"retained"
"TGFBRAP1",0.3834379194471,0.179583748773193,TRUE,"retained"
"ADCK5",0.270421160612399,0.0725400717991127,TRUE,"retained"
"PCOLCE2",0.7616849797893,1.90596494542783,TRUE,"retained"
"DOCK9",0.24081466812984,0.106589569660707,TRUE,"retained"
"RAB33B",0.60707014365585,0.305618633959834,TRUE,"retained"
"STK32C",0.273695860219425,0.0745055416356768,TRUE,"retained"
"HSCB",0.3608550852333,0.147358288374257,TRUE,"retained"
"DNLZ",0.4958162907369,0.318136048136965,TRUE,"retained"
"ZNF562",0.4766303614737,0.265574406505816,TRUE,"retained"
"BTBD11",0.4465170742053,0.317517287540392,TRUE,"retained"
"ZNF181",0.4262734647738,0.268503401906959,TRUE,"retained"
"LIMD1",0.296351351284799,0.137688876888034,TRUE,"retained"
"CLEC4A",0.705738869379601,0.680811737904177,TRUE,"retained"
"LSMD1",0.596525581480501,0.372883114,TRUE,"retained"
"SVIL",0.537288231887051,0.352267670952115,TRUE,"retained"
"IL1R2",1.397200994616,2.28998330336214,TRUE,"retained"
"LRRN2",0.2895820902744,0.105069067263614,TRUE,"retained"
"CD300C",0.39661556736165,0.162445535248081,TRUE,"retained"
"ZNF524",0.347014123932,0.130645534261392,TRUE,"retained"
"LY96",1.0753692638619,1.4333288063478,TRUE,"retained"
"TRAF5",0.8706781371708,1.00772302127991,TRUE,"retained"
"C8orf38",0.3461410000356,0.158702681836953,TRUE,"retained"
"SP140",0.435289143513,0.328227100683864,TRUE,"retained"
"NSUN5P1",0.43536741997455,0.214126850175251,TRUE,"retained"
"MYCL1",0.6043633967889,0.532336505749692,TRUE,"retained"
"SPOCD1",0.353989623498,0.220600781604909,TRUE,"retained"
"BLNK",0.6075978221229,0.861217892359449,TRUE,"retained"
"FCER1A",0.7739435717475,1.89641425500525,TRUE,"retained"
"SPSB2",0.410593823353349,0.162392246346887,TRUE,"retained"
"MDGA1",0.2464889343021,0.0788069864659511,TRUE,"retained"
"SMYD1",0.2934082827963,0.114515081688921,TRUE,"retained"
"ZNF536",0.2710975034586,0.0826746896217339,TRUE,"retained"
"MMP25",0.53277411840135,0.446977613146207,TRUE,"retained"
"ATP6V1E2",0.360116371629,0.122288983058441,TRUE,"retained"
"GOLGA6L4",0.359029277418,0.438758963447812,TRUE,"retained"
"ASGR1",0.63876258080145,0.368687575600515,TRUE,"retained"
"GZMK",1.6941402776025,2.3712911372264,TRUE,"retained"
"DUSP13",0.7439080676055,0.711912124951413,TRUE,"retained"
"C18orf19",0.2728162467975,0.0853491717422885,TRUE,"retained"
"PLCL1",0.30281879681865,0.194812352130994,TRUE,"retained"
"MBNL1",0.5828273411856,0.357943656457281,TRUE,"retained"
"C2CD4C",0.3101991518199,0.10978052989711,TRUE,"retained"
"ZMAT1",0.48903738133635,0.281270351349163,TRUE,"retained"
"TMEM180",0.3010675441389,0.118457038746511,TRUE,"retained"
"ZNF222",0.3865995506037,0.209867198674975,TRUE,"retained"
"PHOSPHO2",0.2563252773606,0.0933891026437582,TRUE,"retained"
"CIB2",0.2721229904505,0.0940071630478381,TRUE,"retained"
"LIMS1",0.5282308768206,0.265380588705405,TRUE,"retained"
"FAM159A",0.3273199986777,0.114976016014711,TRUE,"retained"
"TRIM10",0.3942139936896,0.294649705190911,TRUE,"retained"
"CARD6",0.64605203574345,0.435150464622587,TRUE,"retained"
"SLC1A7",0.211932467556599,0.044899350184727,TRUE,"retained"
"KLHL17",0.259899332501901,0.0670085201011052,TRUE,"retained"
"AP4E1",0.3363636733527,0.133626845735196,TRUE,"retained"
"ATP5A1",0.554194279347975,0.322217112704074,TRUE,"retained"
"ADH1A",0.2928274623855,0.12265639909894,TRUE,"retained"
"EDARADD",0.611276561179201,0.400343796065517,TRUE,"retained"
"ACTR3",0.5236520545872,0.2957159148565,TRUE,"retained"
"MLC1",0.2173903051152,0.0479673048838429,TRUE,"retained"
"NUCKS1",0.52878543390785,0.312402308656087,TRUE,"retained"
"IGFBP5",0.2650730221104,0.0887871159210193,TRUE,"retained"
"RPL22",0.719504062655,0.575353909820662,TRUE,"retained"
"HN1L",0.3126228588567,0.108725689170599,TRUE,"retained"
"GABARAPL2",0.5463022277517,0.305540926215442,TRUE,"retained"
"PCBP2",0.2829049266816,0.081438576359991,TRUE,"retained"
"TRIM16",0.24520431662895,0.0700020103517242,TRUE,"retained"
"UBE2H",0.89908640612154,0.640127885471841,TRUE,"retained"
"KIF22",0.2930047131459,0.114481723355535,TRUE,"retained"
"MRFAP1",0.400737853759599,0.188965268671528,TRUE,"retained"
"MED14",0.3819661038795,0.150448950971276,TRUE,"retained"
"CES2",0.2919085239252,0.0881308358957844,TRUE,"retained"
"HNRNPD",0.431821743526949,0.202618088015936,TRUE,"retained"
"CD163",1.8032886624627,2.8433148041913,TRUE,"retained"
"PAIP1",0.4133268033447,0.186445848443896,TRUE,"retained"
"KRR1",0.45259255884675,0.227992079389827,TRUE,"retained"
"FAM83A",0.2886005771985,0.512402071299636,TRUE,"retained"
"SFXN1",0.6433834549541,0.769372063077137,TRUE,"retained"
"RABIF",0.36343002080595,0.134136923418714,TRUE,"retained"
"ARG2",0.3563508463578,0.675691725876419,TRUE,"retained"
"BMPR2",0.3817187090892,0.183197888328081,TRUE,"retained"
"CD55",0.639354547875601,0.440357086287802,TRUE,"retained"
"KIAA0232",0.434533199625701,0.215381038211239,TRUE,"retained"
"COPG2",0.32374150006065,0.130105938360606,TRUE,"retained"
"NFATC2IP",0.4440201944339,0.220991797117269,TRUE,"retained"
"ZFP64",0.4528656800829,0.262295171403991,TRUE,"retained"
"SEC22B",0.579402188998499,0.325584538920249,TRUE,"retained"
"THOC6",0.4174227482649,0.177001578580858,TRUE,"retained"
"LTBP1",0.3989017384149,0.309976169427587,TRUE,"retained"
"RHOH",1.0098470052111,0.96370425409096,TRUE,"retained"
"PDE1B",0.2616158487285,0.086354518776878,TRUE,"retained"
"VPS29",0.5527988996205,0.275138139692123,TRUE,"retained"
"ADRB2",0.7337471404116,0.524624949719446,TRUE,"retained"
"STRA13",0.4454718819768,0.23771653418499,TRUE,"retained"
"ZBTB38",0.673446521865599,0.460027311241787,TRUE,"retained"
"C7orf16",0.3080171159961,0.0834806503605096,TRUE,"retained"
"TBC1D20",0.2876448981805,0.10107593186305,TRUE,"retained"
"COQ3",0.2887391246859,0.105230704845585,TRUE,"retained"
"ARAP3",0.7541507653785,0.595834006713643,TRUE,"retained"
"ARAF",0.288763049216776,0.0976259377430706,TRUE,"retained"
"OSBP",0.2384033132761,0.0585668858835175,TRUE,"retained"
"NHLRC3",0.3705235399033,0.202347781381443,TRUE,"retained"
"CHIC2",0.577116260721,0.342507053716301,TRUE,"retained"
"PPHLN1",0.420204418841759,0.191664222692656,TRUE,"retained"
"SSBP1",0.623146890961351,0.409045411300246,TRUE,"retained"
"RUNX1",0.4718726091177,0.223024464900782,TRUE,"retained"
"GAL3ST4",0.3533610062871,0.282857978817256,TRUE,"retained"
"KLHL5",0.3469876353062,0.157988826973672,TRUE,"retained"
"ST6GALNAC3",1.2056365577655,1.10334450593941,TRUE,"retained"
"C9orf82",0.31651923655065,0.140744841921642,TRUE,"retained"
"CYorf15B",0.539007179701199,0.256124352131722,TRUE,"retained"
"VDR",0.48926830888845,0.253549306348653,TRUE,"retained"
"ZAP70",0.38490045653325,0.231000692025288,TRUE,"retained"
"CD1C",0.3348667217847,0.158565957398935,TRUE,"retained"
"DGCR6L",0.3385609866282,0.117130874782423,TRUE,"retained"
"EEF2K",0.3340334442459,0.181939234047644,TRUE,"retained"
"LDLRAD3",0.4229237835984,0.243802476136649,TRUE,"retained"
"LSM14A",0.35691538720285,0.14017700389004,TRUE,"retained"
"FBXL4",0.49176392647305,0.317202732578384,TRUE,"retained"
"PRSS54",0.2607395061075,0.0822671219337366,TRUE,"retained"
"PAPD5",0.4237889133156,0.211101809916843,TRUE,"retained"
"SIRT5",0.5429564816438,0.293172264824779,TRUE,"retained"
"CHAC2",0.2819961160737,0.225526322428563,TRUE,"retained"
"ECHDC3",1.6034876546556,1.94394612881331,TRUE,"retained"
"AARS2",0.2820648709074,0.125934571626586,TRUE,"retained"
"USP28",0.2916062662632,0.132537699216591,TRUE,"retained"
"HAUS2",0.23547275558415,0.0664969887721175,TRUE,"retained"
"HEPACAM2",0.47918378229645,1.04238272968712,TRUE,"retained"
"SLC25A3",0.39347506152535,0.196289840090785,TRUE,"retained"
"F2RL1",0.5721084760293,0.416397551649523,TRUE,"retained"
"INHBB",0.5690078390367,0.674201309810842,TRUE,"retained"
"C4orf32",0.6672030093477,0.498670230321106,TRUE,"retained"
"GLMN",0.3071626395012,0.121237028457963,TRUE,"retained"
"TMCC3",0.8382453071293,0.935620800254199,TRUE,"retained"
"C10orf47",0.3725871073386,0.174606280510884,TRUE,"retained"
"FAM179A",0.300774847023,0.110721231174202,TRUE,"retained"
"RAB39B",0.209659724288,0.0648726641723871,TRUE,"retained"
"C3orf34",0.949222870743,0.992873329590948,TRUE,"retained"
"RPL10L",0.2895364039554,0.0937142862466483,TRUE,"retained"
"GINS1",0.3184172636652,0.215907488825241,TRUE,"retained"
"ZMYND19",0.2823455545155,0.0781389775521198,TRUE,"retained"
"ELAVL3",0.23797284765555,0.0664354525580319,TRUE,"retained"
"ARID1B",0.4654744073049,0.239183781693061,TRUE,"retained"
"PPP3R1",0.571744137828151,0.354237321911003,TRUE,"retained"
"TM6SF1",0.755683807137,0.578388440838392,TRUE,"retained"
"SERF1A",0.32497000836615,0.134291687581153,TRUE,"retained"
"ARHGAP6",0.34852388553465,0.145531752921502,TRUE,"retained"
"DAPP1",0.676269350258601,0.568827175848629,TRUE,"retained"
"SLC7A4",0.3334586194695,0.135437880680755,TRUE,"retained"
"RASGRP1",0.63809095788648,0.501177675624043,TRUE,"retained"
"NFAM1",0.4985766819019,0.303736279584376,TRUE,"retained"
"CPNE7",0.296853353343749,0.092553756028695,TRUE,"retained"
"GFRA2",0.2470085863434,0.0778374213904831,TRUE,"retained"
"LST1",0.528581154879958,0.361373666548552,TRUE,"retained"
"BCMO1",0.324239764485,0.122593601668734,TRUE,"retained"
"SLC38A10",0.32811589727595,0.121146370930242,TRUE,"retained"
"DISC1",0.8052336364422,0.615333413038103,TRUE,"retained"
"P2RY11",0.2561550548655,0.0751273955641178,TRUE,"retained"
"ZNF585A",0.3718173940509,0.138001068332056,TRUE,"retained"
"ZNF468",0.31577292165615,0.124974755489296,TRUE,"retained"
"AASDHPPT",0.5143434565892,0.273136198988695,TRUE,"retained"
"PTPRJ",0.50469558250755,0.300822566554751,TRUE,"retained"
"ACYP1",0.3584896377048,0.20156946581663,TRUE,"retained"
"CASP8",0.465839851432989,0.24124788099619,TRUE,"retained"
"GPR97",0.780608427695251,0.738334225043383,TRUE,"retained"
"MTHFD1L",0.2682338052198,0.148814295039089,TRUE,"retained"
"RNPC3",0.3131335769975,0.128211515243625,TRUE,"retained"
"MSL1",0.48664182909594,0.268235277615922,TRUE,"retained"
"GCNT2",0.3851512194201,0.284921477990336,TRUE,"retained"
"CD84",0.441963390125601,0.192228608734323,TRUE,"retained"
"CDK13",0.2629541687682,0.0853762517665244,TRUE,"retained"
"ADAD2",0.2455668949839,0.0838173927814105,TRUE,"retained"
"CCDC108",0.2614485573336,0.0714646186901657,TRUE,"retained"
"ACPP",0.42112622257482,0.257415416627975,TRUE,"retained"
"CACNA1E",0.37905909555885,0.194990167135994,TRUE,"retained"
"RNF175",0.2813814449397,0.127592714329897,TRUE,"retained"
"RPGRIP1",0.2959896206064,0.13639530045672,TRUE,"retained"
"ITPRIPL2",0.576468832651949,0.427273895663161,TRUE,"retained"
"PRKY",0.3783078669573,0.180761656742454,TRUE,"retained"
"OR51E1",0.2865660074424,0.0999944082339065,TRUE,"retained"
"B3GNT8",0.6625152712941,0.457781712318104,TRUE,"retained"
"C9orf167",0.5836456133298,0.314760151324414,TRUE,"retained"
"PDGFA",0.496642601538299,0.355357342131411,TRUE,"retained"
"ZNF211",0.4081636703424,0.186638391536645,TRUE,"retained"
"AASDH",0.39652633263285,0.157606416780246,TRUE,"retained"
"LTC4S",0.3958189296873,0.161452658166342,TRUE,"retained"
"ZFY",0.3015759017334,0.103474142966441,TRUE,"retained"
"TBX19",0.362423062978199,0.156714857099971,TRUE,"retained"
"ZDHHC19",2.4202259987472,3.77944818287878,TRUE,"retained"
"IGF2AS",0.2758527650466,0.0956518608281943,TRUE,"retained"
"IL1RAP",1.02862364606505,1.09448740776372,TRUE,"retained"
"RARS",0.56994326734485,0.320147128977536,TRUE,"retained"
"UBA52",0.206646538950601,0.0510229912519081,TRUE,"retained"
"GP2",0.3248803707408,0.131623733243549,TRUE,"retained"
"PSMD7",0.4667477951479,0.235142089890125,TRUE,"retained"
"PRKCG",0.2957310351513,0.111088992187918,TRUE,"retained"
"CDKN1C",0.789028222251675,0.899242372574773,TRUE,"retained"
"HSPA1A",0.606912154834649,0.523604420328566,TRUE,"retained"
"HSPA1B",0.8940750455469,1.11173246916432,TRUE,"retained"
"RCN2",0.39406868665815,0.217120870790712,TRUE,"retained"
"CPA4",0.2718460711638,0.088962133954963,TRUE,"retained"
"ANAPC16",0.360111284457749,0.159330576754651,TRUE,"retained"
"PSME3",0.2798952409862,0.0911721871602702,TRUE,"retained"
"STK24",0.2260269643303,0.0458191040745584,TRUE,"retained"
"UGT2B7",0.2682138761106,0.0859626719681244,TRUE,"retained"
"SLAMF7",0.63618686597424,0.673769956764765,TRUE,"retained"
"KDM5C",0.2196074007225,0.0538704937713195,TRUE,"retained"
"C22orf32",0.335029915273199,0.11325593465159,TRUE,"retained"
"MRPS23",0.7496626809126,0.499033522939826,TRUE,"retained"
"PIGM",0.5427049968543,0.287439716972245,TRUE,"retained"
"EIF3M",0.6788429484025,0.413885274860133,TRUE,"retained"
"CEACAM6",0.8332486738135,1.18430271827692,TRUE,"retained"
"SLC25A32",0.5371777432224,0.342879220374537,TRUE,"retained"
"UBE2T",0.3362337946275,0.208659585932905,TRUE,"retained"
"UCP2",0.5184782698452,0.322035540939511,TRUE,"retained"
"RPF2",0.4054032322284,0.201614254526573,TRUE,"retained"
"BTG3",0.4796189005629,0.383863799466813,TRUE,"retained"
"DCTD",0.436316488944,0.2221772358189,TRUE,"retained"
"DUSP10",0.2123479469328,0.0537251083257592,TRUE,"retained"
"MKI67IP",0.53547973515645,0.305582009139114,TRUE,"retained"
"SKA2",0.5661754762902,0.359732164324577,TRUE,"retained"
"FBXO38",0.590460585678075,0.331284376220647,TRUE,"retained"
"DHRSX",0.5924183220984,0.410931427777425,TRUE,"retained"
"RPAP3",0.295112693841,0.103134212157657,TRUE,"retained"
"PNO1",0.4528423076352,0.313131329631499,TRUE,"retained"
"MYNN",0.423546952007201,0.214491545659673,TRUE,"retained"
"STX16",0.284926126439151,0.0995874041380609,TRUE,"retained"
"C6orf120",0.508282092539025,0.243205832965783,TRUE,"retained"
"KAZALD1",0.2638147224405,0.0729272414627569,TRUE,"retained"
"PLXND1",0.346935747024299,0.159236806463127,TRUE,"retained"
"PTPN11",0.5893559747334,0.3289631846818,TRUE,"retained"
"ORC2L",0.25468802401875,0.0802819846367958,TRUE,"retained"
"SUPT5H",0.218282147825,0.047034748304113,TRUE,"retained"
"PIGX",0.8597681268211,0.69275451477667,TRUE,"retained"
"GCLC",0.4617378275748,0.519844210702956,TRUE,"retained"
"NCK1",0.539715522244499,0.238079738554558,TRUE,"retained"
"CMBL",0.3739088860101,0.282114480936344,TRUE,"retained"
"GATA3",0.3289364048103,0.252987372426179,TRUE,"retained"
"ZNF598",0.3050660266416,0.104769391966013,TRUE,"retained"
"SLC33A1",0.26923557543015,0.0954701718967781,TRUE,"retained"
"ITGAL",0.479880423233924,0.25530080764268,TRUE,"retained"
"GRK5",0.4612629233667,0.24834829657369,TRUE,"retained"
"KLF3",0.505008165922574,0.366222349356135,TRUE,"retained"
"MCCC2",0.426686809947299,0.237412951357173,TRUE,"retained"
"SLC35E3",0.5889233646555,0.358921272778671,TRUE,"retained"
"FBN2",0.4697506363851,0.287531662757871,TRUE,"retained"
"DDX18",0.5376402017448,0.341642632808285,TRUE,"retained"
"RNF24",0.607489623951699,0.463696446625542,TRUE,"retained"
"ZNF205",0.2889584538582,0.103201388100489,TRUE,"retained"
"GEMIN8",0.283156355097,0.0867443303337459,TRUE,"retained"
"GIPC1",0.2804500197751,0.0773344899426097,TRUE,"retained"
"KIAA1310",0.455199629774399,0.234401212793157,TRUE,"retained"
"ZNF644",0.47555475652314,0.220614056875439,TRUE,"retained"
"SERPINB9",0.70818338063025,0.547308048186534,TRUE,"retained"
"ADAT1",0.4026837427851,0.192646257139715,TRUE,"retained"
"STAC3",0.3453392336772,0.158438000861582,TRUE,"retained"
"ZNF414",0.2968834734747,0.101832860717334,TRUE,"retained"
"ASB1",0.3803150753304,0.147018164853545,TRUE,"retained"
"GBP5",1.5946446054126,2.91700541824654,TRUE,"retained"
"CRCP",0.17118552719625,0.0326438825190523,TRUE,"retained"
"FAM175A",0.4286775132759,0.181137519739156,TRUE,"retained"
"PTP4A3",0.42799478079435,0.289803903099632,TRUE,"retained"
"LOC729991-MEF2B",0.264322902123,0.0922801785971834,TRUE,"retained"
"BMX",1.3853059102323,1.82431472926056,TRUE,"retained"
"SLC25A37",0.480639023508001,0.28555867144942,TRUE,"retained"
"C1orf55",0.46167537342045,0.328774813100157,TRUE,"retained"
"UBE3B",0.215874574441401,0.0621616024802835,TRUE,"retained"
"ATAD1",0.4218183414711,0.169664504162976,TRUE,"retained"
"GPR35",0.2203168305058,0.0549761419279997,TRUE,"retained"
"NMNAT1",0.29793071428575,0.09872947134546,TRUE,"retained"
"RAC3",0.338356055725799,0.120315737028645,TRUE,"retained"
"PRKAA1",0.56631056746635,0.355719735376483,TRUE,"retained"
"ISOC2",0.348771079062001,0.141667564066234,TRUE,"retained"
"SOCS5",0.2338785243291,0.0759218656546978,TRUE,"retained"
"EPB41L4B",0.3876855617754,0.373252791290017,TRUE,"retained"
"ALPL",1.03506536908194,1.41654275907327,TRUE,"retained"
"PSTPIP2",0.987592509075901,0.869123788176026,TRUE,"retained"
"ZNF771",0.3111893373645,0.115022329711682,TRUE,"retained"
"POU2F2",0.3639264045522,0.146336026353012,TRUE,"retained"
"BPI",2.1026505019884,3.56961702147409,TRUE,"retained"
"ZNF513",0.197699002545976,0.0453318034251171,TRUE,"retained"
"MMP8",3.50812640444647,7.23717260170116,TRUE,"retained"
"ZNF200",0.65017725904845,0.492447962229666,TRUE,"retained"
"PAPD4",0.802308751116075,0.594958960375534,TRUE,"retained"
"ZBTB16",1.5629068437024,2.33042540356482,TRUE,"retained"
"LRRC37A3",0.3137239502943,0.107678897243066,TRUE,"retained"
"TMEM205",0.5561809642746,0.354354324562901,TRUE,"retained"
"PFKFB2",1.47935638909415,1.62124887730603,TRUE,"retained"
"CASK",0.3220376913222,0.137085479474962,TRUE,"retained"
"RPL31",0.606284189300581,0.418360993852568,TRUE,"retained"
"MIER1",0.380440976684579,0.14762233550167,TRUE,"retained"
"TRIM3",0.3598701703317,0.150748604329216,TRUE,"retained"
"NEK1",0.4938432140397,0.237031508207563,TRUE,"retained"
"FBXL20",0.3538809452115,0.124750472963514,TRUE,"retained"
"SLC30A3",0.2858147154597,0.0898122256751154,TRUE,"retained"
"DOC2A",0.22589622557355,0.0626553432584047,TRUE,"retained"
"IFNGR1",0.800660748738901,0.624169170725406,TRUE,"retained"
"ZNF764",0.3736440639981,0.14860978870774,TRUE,"retained"
"C9orf142",0.29896493008515,0.110073887485575,TRUE,"retained"
"LRRC8A",0.6450653156528,0.614332534453234,TRUE,"retained"
"ST20",0.678715242674699,0.497753656192183,TRUE,"retained"
"ATP2A3",0.33716843789895,0.123863498672593,TRUE,"retained"
"CD244",0.59646417774825,0.318526766706339,TRUE,"retained"
"CCRL2",0.6015439163538,0.803598238878401,TRUE,"retained"
"REM1",0.289309923462,0.0921562231575394,TRUE,"retained"
"C17orf56",0.3804245208624,0.152005944840243,TRUE,"retained"
"FANCI",0.2475307113615,0.146788515209828,TRUE,"retained"
"CTNS",0.3526427125326,0.153141252381043,TRUE,"retained"
"BZRAP1",0.2286027856329,0.0564907528911586,TRUE,"retained"
"FAM181B",0.4135757378151,0.218333094411218,TRUE,"retained"
"GGN",0.24711301142115,0.062502379913055,TRUE,"retained"
"LY6G6C",0.2770963180356,0.0802932940984532,TRUE,"retained"
"CLEC12A",1.7832314674951,1.98079048049688,TRUE,"retained"
"GUK1",0.758314803448018,0.587203111325647,TRUE,"retained"
"RGS6",0.237745566743474,0.0577556589490943,TRUE,"retained"
"DCLRE1C",0.4959583888042,0.238586066967259,TRUE,"retained"
"PPFIA4",0.2696051894634,0.0756364198217812,TRUE,"retained"
"AOC2",0.3485025031068,0.126612100200144,TRUE,"retained"
"HDDC3",0.3164349904002,0.118429112219511,TRUE,"retained"
"NPAS3",0.24452567352885,0.0666669858294268,TRUE,"retained"
"CSF3",0.2788628952396,0.10953492311225,TRUE,"retained"
"PPIL2",0.190172181120075,0.0410535324128827,TRUE,"retained"
"CXorf65",0.6221427382128,0.406953768331025,TRUE,"retained"
"NLRC5",0.52448670390165,0.292783310415707,TRUE,"retained"
"CIZ1",0.542135081337149,0.339483134984683,TRUE,"retained"
"SLC37A2",0.42229274196585,0.164765118176929,TRUE,"retained"
"MAP3K4",0.5663808897789,0.39237091177737,TRUE,"retained"
"REM2",0.7439999836164,0.461539536336839,TRUE,"retained"
"SYCE2",0.2547068044836,0.0869320867311055,TRUE,"retained"
"PEX11G",0.3787954540671,0.178636806268059,TRUE,"retained"
"CAMKK2",0.499688762617801,0.292122466060599,TRUE,"retained"
"ZFPM1",0.3896820702243,0.169415168348688,TRUE,"retained"
"AMH",0.272308786176,0.0884533790862776,TRUE,"retained"
"SLC5A9",0.385852866541801,0.24244658806972,TRUE,"retained"
"PRR7",0.2824272368799,0.083795882702806,TRUE,"retained"
"DND1",0.3837701434203,0.158572625197038,TRUE,"retained"
"GTDC1",0.634343815854525,0.32878265530696,TRUE,"retained"
"CLEC12B",0.2603531553735,0.189633681162953,TRUE,"retained"
"ENC1",0.5703140037063,0.711604632307141,TRUE,"retained"
"XBP1",0.691674704130901,0.580287459431053,TRUE,"retained"
"TM9SF4",0.278681714106599,0.0839361916363395,TRUE,"retained"
"PPDPF",0.6233664955266,0.395612140797258,TRUE,"retained"
"CA1",1.5446577572713,1.9731329029447,TRUE,"retained"
"SLC25A6",0.62115742560375,0.409528244158473,TRUE,"retained"
"LLGL1",0.3682291061967,0.151838059825259,TRUE,"retained"
"PRPF4",0.4428780456016,0.201688443550981,TRUE,"retained"
"CHMP2A",0.380526085634101,0.144586535203589,TRUE,"retained"
"MCM7",0.4632476851758,0.239886992731968,TRUE,"retained"
"PGM2",0.63148769529552,0.398516336059346,TRUE,"retained"
"ZNF394",0.199465985982375,0.0598518404716045,TRUE,"retained"
"ELMO1",0.28409351063415,0.0817851524831315,TRUE,"retained"
"ARPC4",0.3455815812029,0.125427342379768,TRUE,"retained"
"H2AFZ",0.340945952029726,0.162558696937184,TRUE,"retained"
"HMOX2",0.3540921868008,0.132379578412651,TRUE,"retained"
"UBE2J2",0.22515423164262,0.0572399379748715,TRUE,"retained"
"CLCN4",0.27274971549315,0.106052046314421,TRUE,"retained"
"DCAF7",0.368381208354599,0.132037301285814,TRUE,"retained"
"AP3M1",0.284898404351925,0.0823435131384267,TRUE,"retained"
"CSDA",0.760641888404997,0.677264118890948,TRUE,"retained"
"C2orf53",0.270307527476701,0.0836062049632996,TRUE,"retained"
"NRSN1",0.3529693893579,0.171645521209914,TRUE,"retained"
"FAM134C",0.3785098363662,0.137638377641126,TRUE,"retained"
"RAB25",0.2508865868397,0.0673989770099503,TRUE,"retained"
"C12orf43",0.338063704797,0.135760991065176,TRUE,"retained"
"TPD52",0.4883973914715,0.553109886773857,TRUE,"retained"
"PRF1",1.24950913175445,1.50335163516083,TRUE,"retained"
"TXN2",0.328275211170901,0.134419780832156,TRUE,"retained"
"SMAD2",0.356235765018421,0.139228866839592,TRUE,"retained"
"TMEM69",0.4589148533928,0.196490256574519,TRUE,"retained"
"STK38L",0.466928202610799,0.204687638079397,TRUE,"retained"
"NOL3",0.2503336689609,0.0670194461082647,TRUE,"retained"
"ZCCHC8",0.448973222754,0.250353774624721,TRUE,"retained"
"EIF3K",0.283890373863074,0.0866602069863947,TRUE,"retained"
"FAM200B",0.478264523779875,0.224773844549151,TRUE,"retained"
"C1orf124",0.3511975326153,0.114151002643169,TRUE,"retained"
"CDK17",0.898718294481,0.744613490635309,TRUE,"retained"
"SLC26A8",0.8200789851135,0.657364354605906,TRUE,"retained"
"POLK",0.4892067694983,0.264769375262026,TRUE,"retained"
"KHK",0.2525260866912,0.0686428002990122,TRUE,"retained"
"PHYH",0.297073728861,0.132231008302137,TRUE,"retained"
"TMEM231",0.2622525260943,0.0872818960815621,TRUE,"retained"
"LYRM7",0.2912457557646,0.147245825746311,TRUE,"retained"
"KLHL24",0.427650654137701,0.185237952382265,TRUE,"retained"
"MVD",0.5837124192858,0.32531002647041,TRUE,"retained"
"C2orf69",0.74543664043695,0.49332694736362,TRUE,"retained"
"PPP2R4",0.2530920914802,0.0645119324961287,TRUE,"retained"
"STXBP1",0.2624041523376,0.0779852973153595,TRUE,"retained"
"DBN1",0.33342709754025,0.142792373580794,TRUE,"retained"
"CBR1",0.35727398665476,0.14309766860628,TRUE,"retained"
"SMAD5",0.3171049612787,0.145897676625235,TRUE,"retained"
"LILRB3",0.27472465796832,0.097382295779682,TRUE,"retained"
"ZBTB6",0.7148989985781,0.430825270879947,TRUE,"retained"
"METRN",0.2576435126181,0.0834294625506836,TRUE,"retained"
"ZNF281",0.5618757806172,0.414882028589309,TRUE,"retained"
"CYTSB",0.38110864772925,0.220787243584934,TRUE,"retained"
"SIGLEC5",0.7351697062311,0.715394207425874,TRUE,"retained"
"FAM151A",0.3432252054567,0.139988842111598,TRUE,"retained"
"CD68",0.607206741894899,0.394572199098371,TRUE,"retained"
"IFI27L2",0.5044751706666,0.253142440807052,TRUE,"retained"
"SLC39A5",0.268740249519,0.0930236269960424,TRUE,"retained"
"DNAJC17",0.31540916352225,0.0893968676857664,TRUE,"retained"
"IL10RA",0.6341827964136,0.423225934676461,TRUE,"retained"
"LPAR1",0.2371676272098,0.0866826732978582,TRUE,"retained"
"EPS15L1",0.291173196579299,0.0984351515498382,TRUE,"retained"
"RHAG",0.3838354341591,0.900444955872435,TRUE,"retained"
"RGS18",1.0337779979982,1.07385752316994,TRUE,"retained"
"LSM10",0.47987003261715,0.236074474690511,TRUE,"retained"
"DGAT1",0.5373610800558,0.328575495704028,TRUE,"retained"
"CD38",0.5896109330076,0.844615970602193,TRUE,"retained"
"KREMEN2",0.2878467692436,0.100850172089055,TRUE,"retained"
"RNASE2",1.0430603816514,1.46776097573942,TRUE,"retained"
"TMTC2",0.24845544234,0.074798635526814,TRUE,"retained"
"CMTM2",0.686613906110999,0.960848526218327,TRUE,"retained"
"SOX13",0.25338024183255,0.0652897291762699,TRUE,"retained"
"DOHH",0.3613193584581,0.267161994591515,TRUE,"retained"
"UGGT1",0.2936916506517,0.0761849688665889,TRUE,"retained"
"SP2",0.32730156069345,0.123132572660926,TRUE,"retained"
"EIF1AD",0.5098488002517,0.320578582742344,TRUE,"retained"
"UBXN11",0.2792052542664,0.0909531859229579,TRUE,"retained"
"COX6B1",0.2619168061503,0.0813890329997494,TRUE,"retained"
"KIAA0562",0.29818787941005,0.0893986914414442,TRUE,"retained"
"ZADH2",0.383365174813251,0.154178316391173,TRUE,"retained"
"TRIM24",0.45108753081525,0.244351418778629,TRUE,"retained"
"USMG5",0.422698213915601,0.164833111113734,TRUE,"retained"
"IL27RA",0.5863455806376,0.390154198643382,TRUE,"retained"
"WDR85",0.2844386588022,0.0868423932289414,TRUE,"retained"
"FAM110B",0.402775129507799,0.291191098047255,TRUE,"retained"
"ZCCHC2",0.54431481683292,0.556135096429563,TRUE,"retained"
"VNN1",1.29990436930578,1.61442578193679,TRUE,"retained"
"BST1",0.7186427155446,0.5912952749534,TRUE,"retained"
"BIRC7",0.243653567560901,0.06977440409124,TRUE,"retained"
"RADIL",0.2614994194092,0.084647046846977,TRUE,"retained"
"PADI4",0.783814400823301,0.663256281624732,TRUE,"retained"
"RAGE",0.216339376892625,0.0525472275772772,TRUE,"retained"
"CD3E",0.5692349081223,0.432939763393635,TRUE,"retained"
"CNFN",0.2458508380881,0.0674974159164104,TRUE,"retained"
"H6PD",0.544206605824876,0.277805304906633,TRUE,"retained"
"EPN1",0.2717720674319,0.0856205818005404,TRUE,"retained"
"SPATA2L",0.34960951493685,0.123150120292559,TRUE,"retained"
"EMILIN1",0.2581026693903,0.0708940443902414,TRUE,"retained"
"ASGR2",0.7762137837237,0.596994325417599,TRUE,"retained"
"SLC8A3",0.2765360679585,0.104541316933676,TRUE,"retained"
"USP19",0.2111611772767,0.0431720875562975,TRUE,"retained"
"SIGLEC9",0.929339772551401,0.667943188638997,TRUE,"retained"
"C20orf106",0.38688185506425,0.165128943206558,TRUE,"retained"
"ZNF445",0.270528822761925,0.0858801989439335,TRUE,"retained"
"C18orf54",0.2740019932125,0.136023161416703,TRUE,"retained"
"PTPLA",0.2475938651795,0.130189755890896,TRUE,"retained"
"CHRAC1",0.4067353097808,0.167176712874919,TRUE,"retained"
"C11orf87",0.2924518375212,0.12165826280128,TRUE,"retained"
"CCR10",0.2811486270726,0.101642354531237,TRUE,"retained"
"METT5D1",0.2755815011376,0.10060742417907,TRUE,"retained"
"C1orf69",0.3194456128164,0.1761310381176,TRUE,"retained"
"ARL5B",0.2618181761853,0.121081732691464,TRUE,"retained"
"C14orf45",1.02967815198675,1.02317475762047,TRUE,"retained"
"SUV420H2",0.2662350958512,0.0761021701358894,TRUE,"retained"
"TMEM134",0.376325295689701,0.145819914634708,TRUE,"retained"
"TET3",0.730114109913301,0.569881096289325,TRUE,"retained"
"AQP2",0.23808924435765,0.0621930165839851,TRUE,"retained"
"CLCNKA",0.253237336242451,0.0692546292736311,TRUE,"retained"
"CRYBB3",0.245313872244,0.073721231436426,TRUE,"retained"
"TMEM56",0.7167710160702,0.632300855215042,TRUE,"retained"
"FHIT",0.6614835432975,0.654760456396345,TRUE,"retained"
"SPTB",1.1856200863605,1.30347085766732,TRUE,"retained"
"PTPRN2",0.748459259311051,0.629077831098983,TRUE,"retained"
"CXCR6",0.3985671437643,0.347612312551839,TRUE,"retained"
"PAGE2",0.571363728243,0.966403589200969,TRUE,"retained"
"PARP11",0.3134853347199,0.20156975622381,TRUE,"retained"
"CACNA1A",0.53447616914685,0.500442073949318,TRUE,"retained"
"STOX2",0.2896659691107,0.201825887544009,TRUE,"retained"
"SLFN12",0.4217275648383,0.267706809176786,TRUE,"retained"
"NRTN",0.3587553099879,0.143661595452414,TRUE,"retained"
"SEMA4D",0.59925653253375,0.341640570555267,TRUE,"retained"
"RETN",2.1228607610742,3.91592898876754,TRUE,"retained"
"MTUS2",0.2765165265492,0.0840061003964479,TRUE,"retained"
"KBTBD8",0.2716971743871,0.10877614709477,TRUE,"retained"
"NEUROD2",0.2519027230734,0.0941674585338092,TRUE,"retained"
"C6orf142",0.2589967780071,0.0693950132433156,TRUE,"retained"
"PILRB",0.622831872190501,0.359853226718554,TRUE,"retained"
"UPK3A",0.2953768168071,0.0990187639755881,TRUE,"retained"
"PQBP1",0.3402551306679,0.117096848542742,TRUE,"retained"
"GPHA2",0.2450929804113,0.0721328446754784,TRUE,"retained"
"RGPD1",0.54492623076885,0.639161984575795,TRUE,"retained"
"CA13",0.282548253363601,0.109146402884296,TRUE,"retained"
"SNX16",0.484554503020349,0.266698018311694,TRUE,"retained"
"LAG3",0.377191149657,0.333624187069693,TRUE,"retained"
"GZMM",0.9291133973226,1.04680021805915,TRUE,"retained"
"HGF",0.619074437282175,0.873505788638481,TRUE,"retained"
"SHF",0.29650367620335,0.0878042218339154,TRUE,"retained"
"IL28RA",0.2796022085556,0.217303834467313,TRUE,"retained"
"MTO1",0.782080130214599,0.506816142670057,TRUE,"retained"
"GFI1B",0.4248111630504,0.295543834269219,TRUE,"retained"
"DLGAP3",0.3187775836497,0.113171092678368,TRUE,"retained"
"TNFSF12-TNFSF13",0.539423467094399,0.310970977660095,TRUE,"retained"
"FTCD",0.2623909942626,0.0788649299773924,TRUE,"retained"
"BCL2A1",1.2705605673012,2.16259654320735,TRUE,"retained"
"ELSPBP1",0.2668957994913,0.0795176515316859,TRUE,"retained"
"FLT3LG",0.466272735760999,0.409564448602104,TRUE,"retained"
"PLCB1",0.3577668679809,0.208168694525169,TRUE,"retained"
"NLRC3",0.7225887162312,0.851668655972756,TRUE,"retained"
"ZDHHC13",0.744798617241,0.500021480752516,TRUE,"retained"
"RPP38",0.4445627538807,0.177192265626639,TRUE,"retained"
"ATP8B4",1.4135973763968,1.62399186413796,TRUE,"retained"
"ICK",0.3282977392779,0.141567107803141,TRUE,"retained"
"C2orf27A",0.2847691214466,0.0837774982192813,TRUE,"retained"
"KLF1",1.5689943140529,2.39700816413889,TRUE,"retained"
"RIOK1",0.3106298829494,0.102970907465074,TRUE,"retained"
"C11orf17",0.244549702397701,0.0649144569494351,TRUE,"retained"
"GPR114",0.301562451092,0.0795500519729302,TRUE,"retained"
"CCDC114",0.3462565961337,0.119972872623019,TRUE,"retained"
"LOC653562",1.5170973124881,1.85864939430825,TRUE,"retained"
"LITAF",0.383281296100499,0.211659829251198,TRUE,"retained"
"SERINC3",0.348033117877201,0.137659560129238,TRUE,"retained"
"AKAP8L",0.4582589177943,0.237954996840454,TRUE,"retained"
"C4orf3",0.655887977140901,0.373973738157878,TRUE,"retained"
"SPOP",0.275353319546024,0.0880279715908763,TRUE,"retained"
"KDSR",0.2504188253042,0.118913436318018,TRUE,"retained"
"IDH3B",0.4838781719114,0.21155062799035,TRUE,"retained"
"OLA1",0.2630101789252,0.0848686572050832,TRUE,"retained"
"SEC14L2",0.2252707036608,0.0580844496025554,TRUE,"retained"
"RNF187",0.9317608109082,0.816178591510946,TRUE,"retained"
"LOC100294376",0.6089920435956,0.376734220413614,TRUE,"retained"
"AHCY",0.3452689898189,0.151917657294737,TRUE,"retained"
"ALAD",0.319930393735049,0.163288087838615,TRUE,"retained"
"EEF1D",0.2624987763174,0.081647916252706,TRUE,"retained"
"PSMD9",0.253728671735699,0.0683902874475357,TRUE,"retained"
"ARAP2",0.67558075310565,0.465890719959948,TRUE,"retained"
"TRIM46",0.27831053667165,0.0899467094351829,TRUE,"retained"
"PFKL",0.2929525990146,0.0902001314205913,TRUE,"retained"
"MRPS7",0.460725182493449,0.215452404888761,TRUE,"retained"
"CSRP1",0.406665657109251,0.180839778145764,TRUE,"retained"
"LASS5",0.354588094756,0.13553074511529,TRUE,"retained"
"SPG20",0.6180035451093,0.328356405829103,TRUE,"retained"
"LOC100293124",0.27141525243735,0.0889787526080527,TRUE,"retained"
"PNPLA2",0.3551500878765,0.178470390165511,TRUE,"retained"
"POLDIP2",0.241875432995699,0.0669716003200888,TRUE,"retained"
"QRSL1",0.3870840598359,0.283209096801576,TRUE,"retained"
"TIAL1",0.3544315975716,0.135057184273033,TRUE,"retained"
"MYADM",0.362149286803501,0.180165060516649,TRUE,"retained"
"ABHD10",0.3836391127149,0.144332980495136,TRUE,"retained"
"PRKAG1",0.2858287744613,0.0855237526657147,TRUE,"retained"
"PVRIG",1.2386480352204,1.7518349652175,TRUE,"retained"
"AHCTF1",0.46616597830635,0.240060384685028,TRUE,"retained"
"PRKAR2B",0.833527512202351,0.773276005706853,TRUE,"retained"
"TBCD",0.4045208139126,0.186254396545096,TRUE,"retained"
"CCDC69",0.2849964660487,0.104687288758862,TRUE,"retained"
"PPIG",0.643595373968049,0.408314524596563,TRUE,"retained"
"NIPBL",0.3298259102012,0.124181208751955,TRUE,"retained"
"PPP2R5E",0.411957973938599,0.19942780971548,TRUE,"retained"
"PUS3",0.602215442232599,0.39130858516047,TRUE,"retained"
"RAD50",0.4178345337432,0.216600145085531,TRUE,"retained"
"SMU1",0.225006967838625,0.0516229177329625,TRUE,"retained"
"ARHGAP5",0.2997735308589,0.112551515975783,TRUE,"retained"
"SIN3A",0.3465341324291,0.154720046953219,TRUE,"retained"
"SLC25A40",1.20190872129825,1.18500531527042,TRUE,"retained"
"LIAS",0.2414353246683,0.0681120272461613,TRUE,"retained"
"FANCA",0.3083987676294,0.153879425318048,TRUE,"retained"
"TERF2",0.3326125344906,0.135081694526848,TRUE,"retained"
"AHSA2",0.3854028514812,0.160591846880849,TRUE,"retained"
"ERMAP",0.37170663308205,0.290510964241026,TRUE,"retained"
"CLEC2D",0.3510477040245,0.180122329332924,TRUE,"retained"
"RPS29",0.449923504613798,0.24471672795605,TRUE,"retained"
"SLC38A9",0.340035058713,0.117952235826322,TRUE,"retained"
"DGCR6",0.4461386561226,0.195674956184325,TRUE,"retained"
"DCAF13",0.2746332872577,0.100941993027981,TRUE,"retained"
"BRI3BP",0.3162290278553,0.113640011769362,TRUE,"retained"
"DPYSL4",0.23557698532935,0.068406682724769,TRUE,"retained"
"SLA2",0.422922494724801,0.220943060291846,TRUE,"retained"
"PUS7",0.2750282481912,0.0963060119666483,TRUE,"retained"
"ANKRD52",0.3751250235012,0.162232029376537,TRUE,"retained"
"CCDC126",0.6531719075616,0.391133569434078,TRUE,"retained"
"ZNF557",0.5044610956035,0.275324760468181,TRUE,"retained"
"EIF4E3",0.735341569816142,0.480931440204844,TRUE,"retained"
"SURF2",0.3584333782239,0.144591110395453,TRUE,"retained"
"PHF14",0.3830822993046,0.179392137783657,TRUE,"retained"
"KRIT1",0.3353144365914,0.138002876054346,TRUE,"retained"
"SNX18",0.489171702796,0.249118235973272,TRUE,"retained"
"ZNF552",0.6010021239054,0.365187857136112,TRUE,"retained"
"RUVBL2",0.5663421108933,0.321472907237925,TRUE,"retained"
"ARID3A",0.478754160028199,0.303231437272514,TRUE,"retained"
"C19orf33",0.756860872929,0.814099855184571,TRUE,"retained"
"PXMP4",0.227796635782275,0.0518658737769806,TRUE,"retained"
"FLVCR1",0.31560076548,0.139471913121931,TRUE,"retained"
"AP1B1",0.295958086816349,0.0928741406413632,TRUE,"retained"
"ZDHHC7",0.4085648737632,0.179370806226611,TRUE,"retained"
"ZNF341",0.335645715407101,0.126833907201114,TRUE,"retained"
"TAF1D",0.4744428059301,0.227143340535758,TRUE,"retained"
"PPIL3",0.7710102743343,0.584811660842645,TRUE,"retained"
"AKAP9",0.3936380680827,0.159800486735409,TRUE,"retained"
"CCNJ",0.2619766424037,0.0837473242365304,TRUE,"retained"
"DHRS12",0.826374723699002,0.716308529116243,TRUE,"retained"
"AIM2",1.40015684052195,1.7058541303456,TRUE,"retained"
"KCNJ2",0.773362841034001,0.863291573022779,TRUE,"retained"
"LMO2",0.5286577102653,0.429552800543173,TRUE,"retained"
"PDE3B",0.6060272347549,0.411622630917582,TRUE,"retained"
"RNF125",0.45961578034155,0.316741625172002,TRUE,"retained"
"GJB6",0.4476194021313,0.872226510045045,TRUE,"retained"
"CAPNS2",0.3914291349297,0.194970887116407,TRUE,"retained"
"LRRC4B",0.266417971596,0.0844734329255542,TRUE,"retained"
"NUDT19",0.7544129483625,0.630155173123757,TRUE,"retained"
"MXI1",1.28519330638818,1.33556989510299,TRUE,"retained"
"CACNA2D3",0.5861085722016,0.57820144758664,TRUE,"retained"
"RD3",0.2585759353254,0.0812342749673854,TRUE,"retained"
"C7orf53",0.694552721320499,0.510405383502764,TRUE,"retained"
"MAST4",0.4621386870324,0.262357568324311,TRUE,"retained"
"DAPK2",0.581014530336099,0.326167413897543,TRUE,"retained"
"ZNF684",0.2734110303351,0.306429394196023,TRUE,"retained"
"ZGLP1",0.2722718746251,0.0871149859037757,TRUE,"retained"
"FAM115C",0.2320699080021,0.0591845221598687,TRUE,"retained"
"CHST13",0.5015062374798,0.296321358111946,TRUE,"retained"
"C14orf143",0.2538041123541,0.0919390693877287,TRUE,"retained"
"PMVK",0.3763792452798,0.153118169029892,TRUE,"retained"
"IKZF2",0.2724685370673,0.286425816981126,TRUE,"retained"
"TRIM34",0.48375546093945,0.26988210789334,TRUE,"retained"
"STRADA",0.306439652576399,0.101669592879582,TRUE,"retained"
"PNMT",0.2796124043958,0.086321815852662,TRUE,"retained"
"DIP2A",0.257908784413875,0.0750028605097173,TRUE,"retained"
"CEP97",0.2836374832599,0.106985442690398,TRUE,"retained"
"ALPK1",0.551266079546002,0.343925078543054,TRUE,"retained"
"ZNF100",0.2736445613328,0.1082707617152,TRUE,"retained"
"HECW2",0.5289157671735,0.368890382605559,TRUE,"retained"
"KCTD21",0.459630763867801,0.236911635288815,TRUE,"retained"
"FLJ10213",0.7303196323731,0.579518987253985,TRUE,"retained"
"LYG1",0.3290822911677,0.107176089824539,TRUE,"retained"
"INO80B",0.2203443016012,0.0551653477862364,TRUE,"retained"
"MCOLN2",0.4964804036157,0.510795316376884,TRUE,"retained"
"MBOAT7",0.5267287984924,0.413125718340865,TRUE,"retained"
"SLC1A4",0.21131796877485,0.109892292327567,TRUE,"retained"
"SCYL1",0.204196852777312,0.0542759065292414,TRUE,"retained"
"MAK",1.2299957054175,1.43086706336095,TRUE,"retained"
"CTLA4",0.2805355942116,0.186395269398636,TRUE,"retained"
"SIRPD",0.5976664036329,0.375922734908078,TRUE,"retained"
"GP9",1.1894683036467,1.21005943847438,TRUE,"retained"
"SYTL4",0.3639690967605,0.22498015196608,TRUE,"retained"
"LILRA3",0.955928288032199,1.15265397383966,TRUE,"retained"
"CHD2",0.4365569251512,0.193606598506419,TRUE,"retained"
"OXSM",0.2889573789732,0.0884325361874318,TRUE,"retained"
"LY9",0.549044900981849,0.552532932904595,TRUE,"retained"
"FOXP1",0.423290759283176,0.229693907832779,TRUE,"retained"
"OPHN1",0.3117986763276,0.152557184793688,TRUE,"retained"
"TBC1D26",0.2904393496095,0.120194795095257,TRUE,"retained"
"ADCK1",0.23181529035525,0.0589455857516775,TRUE,"retained"
"LOC389901",0.3996165154422,0.219116234959454,TRUE,"retained"
"CSAG1",0.2571898044009,0.0832564839282605,TRUE,"retained"
"AP1S2",0.6444932853303,0.530699912415985,TRUE,"retained"
"EIF3C",0.518163382099125,0.263932249146055,TRUE,"retained"
"OMG",0.314645480339399,0.150216701530532,TRUE,"retained"
"UBA3",0.7058325326346,0.578941519409315,TRUE,"retained"
"TAP1",0.743320075487849,0.731015894957347,TRUE,"retained"
"DNAJB9",0.57986070343425,0.383130734156952,TRUE,"retained"
"DNASE2",0.811019129836299,0.495571384670717,TRUE,"retained"
"PPP1R8",0.5123148103143,0.247203908067388,TRUE,"retained"
"SCCPDH",0.3826713715104,0.165226733503815,TRUE,"retained"
"PDLIM4",0.2753479575378,0.0871625192254321,TRUE,"retained"
"AKIRIN1",0.458091089142225,0.200185656117669,TRUE,"retained"
"PAIP2",0.40978668412668,0.178013519353179,TRUE,"retained"
"CRNKL1",0.50174821603578,0.237552544662047,TRUE,"retained"
"AGPAT5",0.46279056809055,0.286457250056755,TRUE,"retained"
"TXNDC12",0.5225549676522,0.361978080556081,TRUE,"retained"
"IL6ST",0.42213882757655,0.216254813146338,TRUE,"retained"
"CRIPT",0.4621675675862,0.205152790207218,TRUE,"retained"
"CD177",2.34814121690715,5.60833739301085,TRUE,"retained"
"NAPG",0.4244150775648,0.183982697479071,TRUE,"retained"
"ZFYVE1",0.249062203803,0.0893961381818136,TRUE,"retained"
"TMEM14A",0.2577677915631,0.0990917066122479,TRUE,"retained"
"CFDP1",0.26784487809765,0.0829674662107179,TRUE,"retained"
"CEP68",0.33042913408176,0.151666836156196,TRUE,"retained"
"HSD17B11",0.429620450211748,0.291377600736627,TRUE,"retained"
"SCRN1",0.470823099557999,0.333948812246091,TRUE,"retained"
"SLC2A6",0.5164468367765,0.27309641129069,TRUE,"retained"
"ORC4L",0.5113743163326,0.267604747382549,TRUE,"retained"
"KLHL20",0.3638148470565,0.13019082585718,TRUE,"retained"
"APLP2",0.463391485700323,0.255243255215821,TRUE,"retained"
"NPM1",0.7293049918357,0.571588333530126,TRUE,"retained"
"SVIP",0.727722406033,0.635958002795412,TRUE,"retained"
"PSPH",0.2727308534853,0.139159834733638,TRUE,"retained"
"FAM114A2",0.4811468444013,0.231309996607398,TRUE,"retained"
"CRTC1",0.2887550166753,0.102767592417158,TRUE,"retained"
"PRPF38B",0.4470943823367,0.247984688990708,TRUE,"retained"
"BCAS3",0.2727288126864,0.0907418718731866,TRUE,"retained"
"BTN3A2",1.12927011663743,1.20757908885927,TRUE,"retained"
"FPGT",0.8692325376777,0.732793826266128,TRUE,"retained"
"LILRB4",0.5021439991204,0.262558715804865,TRUE,"retained"
"CTDSPL2",0.58946677647375,0.295910364260986,TRUE,"retained"
"C20orf30",0.4868668315854,0.262030274431483,TRUE,"retained"
"CDKN3",0.257880748929721,0.215166719953029,TRUE,"retained"
"COX19",0.35649267743355,0.129696540968246,TRUE,"retained"
"TMEM106A",0.31525796500905,0.106063285102713,TRUE,"retained"
"MOB2",0.34650504245805,0.134931692051254,TRUE,"retained"
"CPSF2",0.624144008772899,0.369051399280681,TRUE,"retained"
"KBTBD7",1.17483134441295,1.13733148257248,TRUE,"retained"
"RANBP10",0.5485669607796,0.372437253715936,TRUE,"retained"
"KATNA1",0.4874625276633,0.207804002380695,TRUE,"retained"
"ZDHHC4",0.536876065256999,0.279879731266665,TRUE,"retained"
"WDR55",0.25895148272385,0.0715633209580106,TRUE,"retained"
"NUDT16",0.563027528049,0.314909202651203,TRUE,"retained"
"ZMYND8",0.372127885455551,0.133038350496201,TRUE,"retained"
"BTK",0.49786326948435,0.253879087960301,TRUE,"retained"
"ABHD13",0.75269653233495,0.482179058835569,TRUE,"retained"
"P4HA1",0.721488713021999,0.659526525556472,TRUE,"retained"
"TMEM39B",0.2681597048718,0.0740175972348064,TRUE,"retained"
"HMGN3",0.53490227728245,0.356578412300949,TRUE,"retained"
"FAM164A",0.4492070028285,0.257477072611942,TRUE,"retained"
"VKORC1L1",0.2688736573264,0.0810717767334993,TRUE,"retained"
"GALNTL4",0.246174454827,0.0766246304779624,TRUE,"retained"
"MEA1",0.4610991234948,0.207515158120658,TRUE,"retained"
"MTMR12",0.491275431394299,0.226117591303112,TRUE,"retained"
"EBAG9",0.5800815882246,0.334410613363921,TRUE,"retained"
"GPATCH1",0.4939616322669,0.280348934801909,TRUE,"retained"
"FAM63B",0.65362423065975,0.390495988821428,TRUE,"retained"
"NSUN6",0.6619134335457,0.438268241137282,TRUE,"retained"
"UBA6",0.6790138672254,0.46663863647638,TRUE,"retained"
"WAPAL",0.435880276592879,0.209988848063121,TRUE,"retained"
"MBOAT2",0.590363467656199,0.420085131550069,TRUE,"retained"
"JDP2",0.6121338558496,0.345424607897233,TRUE,"retained"
"APOBEC1",0.2596385325366,0.082708063529307,TRUE,"retained"
"PDS5B",0.3024937598725,0.107966182896757,TRUE,"retained"
"CCR5",0.4820751469632,0.381819446955343,TRUE,"retained"
"ARHGAP12",0.2791446070308,0.124391116947757,TRUE,"retained"
"RBBP6",0.265745483633348,0.0906677641605477,TRUE,"retained"
"NHLRC4",0.3043745123496,0.106963244231732,TRUE,"retained"
"IKBKB",0.267623957230699,0.0897211464485997,TRUE,"retained"
"AGPAT1",0.2419711827631,0.073495057054467,TRUE,"retained"
"AKNA",0.661690406398349,0.482257801850284,TRUE,"retained"
"OSCAR",0.63248232055995,0.419493528371026,TRUE,"retained"
"MRPL52",0.418149125451121,0.199050733545947,TRUE,"retained"
"PDK3",0.5728891709352,0.361156954448787,TRUE,"retained"
"P2RX1",0.835929902787,0.674943056895735,TRUE,"retained"
"NEU4",0.3302055059625,0.128686133455668,TRUE,"retained"
"DGKG",0.2641150868223,0.080181615069737,TRUE,"retained"
"CEPT1",0.8352157677255,0.681101273289765,TRUE,"retained"
"ZNF280D",0.2694926630886,0.0979193524023182,TRUE,"retained"
"DAZAP1",0.435418388797352,0.219243581921519,TRUE,"retained"
"THAP2",0.2708159154645,0.087856844161551,TRUE,"retained"
"CYP4F12",0.2750494664211,0.0853316337196313,TRUE,"retained"
"CA4",1.1219200802502,1.56971046901617,TRUE,"retained"
"CST2",0.2914625608104,0.104283348878372,TRUE,"retained"
"CCDC101",0.3854939009124,0.170970937133588,TRUE,"retained"
"NSUN7",1.2208610761977,1.18853294132982,TRUE,"retained"
"ZNF595",0.296805341196,0.120963123031828,TRUE,"retained"
"RNF25",0.346393344486001,0.11994787057095,TRUE,"retained"
"KIAA1919",0.2574270656202,0.0807112759276068,TRUE,"retained"
"EIF2AK2",0.7342339973409,0.722202483465919,TRUE,"retained"
"S1PR4",0.605166814022399,0.410535367377452,TRUE,"retained"
"AMICA1",0.501743927541149,0.339656226944155,TRUE,"retained"
"LRRN1",0.6308347001376,0.545031367161008,TRUE,"retained"
"ZNF654",0.458056193742,0.264631306240978,TRUE,"retained"
"DKFZp761E198",0.529130787910201,0.313039357540882,TRUE,"retained"
"C14orf106",0.790279606333875,0.534889054425692,TRUE,"retained"
"WDR89",0.3080149862412,0.103667628021048,TRUE,"retained"
"B3GALNT1",0.2772721269675,0.0860490802908377,TRUE,"retained"
"ATXN7",0.51460229198595,0.324525785332646,TRUE,"retained"
"ZNF8",0.4736977141806,0.230999490721549,TRUE,"retained"
"MSH3",0.4895972181387,0.340480064709194,TRUE,"retained"
"SPTY2D1",0.48262970274435,0.197608135730681,TRUE,"retained"
"FIBCD1",0.2555770284144,0.0811318861309421,TRUE,"retained"
"IL15RA",0.32545030553175,0.182178550177912,TRUE,"retained"
"ERLIN2",0.326191919657625,0.123601963022459,TRUE,"retained"
"KIAA1377",0.412087709275199,0.360096978346439,TRUE,"retained"
"FNIP1",0.594222400186801,0.364072927620686,TRUE,"retained"
"CTAGE5",0.345311088245901,0.128204075826985,TRUE,"retained"
"ZNF516",0.2946277338984,0.103473038759408,TRUE,"retained"
"SMOX",0.949957716490999,0.999757784879555,TRUE,"retained"
"GIMAP1",0.6561800132643,0.456078375503413,TRUE,"retained"
"FIGNL1",0.302984779448401,0.172663145385342,TRUE,"retained"
"NIT1",0.38037859910652,0.138510727262104,TRUE,"retained"
"ZNF587",0.4267172818251,0.162273270997211,TRUE,"retained"
"PGGT1B",0.8788529600613,0.629886539677191,TRUE,"retained"
"LONRF1",0.576712942618399,0.325834390934685,TRUE,"retained"
"RNF144B",0.4533026999074,0.245023173246001,TRUE,"retained"
"DDT",0.432579024843,0.180957936819736,TRUE,"retained"
"BRD1",0.39831059354835,0.187256276363378,TRUE,"retained"
"C6orf108",0.6032737035801,0.372248272306045,TRUE,"retained"
"ATF7",0.3019926561456,0.102100382257779,TRUE,"retained"
"STAG2",0.383024346323849,0.220473999446262,TRUE,"retained"
"ADAM17",0.50625148373415,0.263322552446104,TRUE,"retained"
"GNMT",0.2898768756324,0.0934978932370896,TRUE,"retained"
"PEMT",0.360744549990299,0.126226989081846,TRUE,"retained"
"PLEKHA8",0.2124919975843,0.0498411451471028,TRUE,"retained"
"C17orf42",0.6493989433449,0.446087981489334,TRUE,"retained"
"SPANXD",0.28069830919095,0.103654342501223,TRUE,"retained"
"JRK",0.311469968340299,0.0843683304797309,TRUE,"retained"
"LTB4R",0.67138041609555,0.579424668720357,TRUE,"retained"
"KLHL8",0.660271526878424,0.416539570985233,TRUE,"retained"
"ZNF333",0.191863189399,0.0440094766225366,TRUE,"retained"
"SYNE1",0.6889616647389,0.414314822077604,TRUE,"retained"
"TLR7",0.34923708136905,0.18942632400774,TRUE,"retained"
"LIX1L",0.3457664685888,0.132334716606191,TRUE,"retained"
"MTRR",0.41567124724965,0.203224158696083,TRUE,"retained"
"TAF1C",0.4484535632997,0.215136535894974,TRUE,"retained"
"ITGA2B",0.7099391006309,0.437037375773704,TRUE,"retained"
"VIPR2",0.4200088726491,0.22831762516212,TRUE,"retained"
"ZNF789",0.3696593904318,0.189675190885215,TRUE,"retained"
"PARL",0.810126381010799,0.726975313366723,TRUE,"retained"
"BCL2L15",0.2322865188273,0.207793879391186,TRUE,"retained"
"ESPN",0.349416907035,0.17024576439602,TRUE,"retained"
"EPSTI1",2.0214409416936,4.4375222638637,TRUE,"retained"
"ACTL8",0.3910136184885,0.164489197138412,TRUE,"retained"
"PRR5L",0.4235034638898,0.438910486608005,TRUE,"retained"
"TLR5",0.874500761074501,1.44936236376221,TRUE,"retained"
"PTPRH",0.2479919756496,0.0721472851932127,TRUE,"retained"
"MATK",0.4493596883895,0.544810384345074,TRUE,"retained"
"RPUSD3",0.2604354863754,0.0791141480992855,TRUE,"retained"
"GTPBP8",0.591018938583149,0.36694349591097,TRUE,"retained"
"TMEM116",0.3696707263914,0.141873576712128,TRUE,"retained"
"PSMG4",0.245565628287525,0.0737860126130338,TRUE,"retained"
"C16orf13",0.50621853969498,0.227318091000205,TRUE,"retained"
"TMEM170B",0.8695119996234,0.81553874272624,TRUE,"retained"
"SLC4A5",0.28549712808435,0.0893064377058305,TRUE,"retained"
"NUP98",0.390815139367101,0.165394303197667,TRUE,"retained"
"MGAM",0.77780998090635,0.781374231676537,TRUE,"retained"
"KCNE1",0.58249670174115,0.356761447885309,TRUE,"retained"
"CLEC4G",0.2613604239295,0.0850489737224984,TRUE,"retained"
"LRRC29",0.2625697061253,0.0701775075075954,TRUE,"retained"
"NFATC1",0.46984581374535,0.229621619869951,TRUE,"retained"
"MBD2",0.6528091242372,0.381571006750245,TRUE,"retained"
"PYHIN1",0.3858767252823,0.37564238799674,TRUE,"retained"
"PIAS2",0.2388566607273,0.129996477378379,TRUE,"retained"
"TBX6",0.2533615421694,0.0805886671287717,TRUE,"retained"
"AMHR2",0.3672778996887,0.16767356112851,TRUE,"retained"
"WBSCR27",0.2785940665011,0.076721911174953,TRUE,"retained"
"GLE1",0.2731816587717,0.0797017544763741,TRUE,"retained"
"RNF39",0.3333009464421,0.125798347168961,TRUE,"retained"
"ZNF398",0.6220887604533,0.382051439085289,TRUE,"retained"
"ECE2",0.23735888053416,0.0684674914209951,TRUE,"retained"
"NOD2",0.5674265683002,0.342348323869212,TRUE,"retained"
"CLDN9",0.2524009574751,0.0828010074129138,TRUE,"retained"
"UEVLD",0.2856084872823,0.100666006304458,TRUE,"retained"
"RIMBP3",0.2685515308476,0.0764633513823806,TRUE,"retained"
"ADAMTS3",0.2773974741258,0.407268802291008,TRUE,"retained"
"ICOS",0.2635905555444,0.0920414986422595,TRUE,"retained"
"KLC3",1.0301038920669,1.25329660196769,TRUE,"retained"
"TSPAN32",0.37785938742552,0.138781942215809,TRUE,"retained"
"NODAL",0.36752653245,0.141239391605035,TRUE,"retained"
"MED25",0.467008258233533,0.227860925969985,TRUE,"retained"
"GJC2",0.293076654087,0.113027075753276,TRUE,"retained"
"TMPRSS6",0.3228171141573,0.106981228908543,TRUE,"retained"
"VIM",0.279802547104499,0.104850435785118,TRUE,"retained"
"PPP1CC",0.649342102684799,0.393148188764394,TRUE,"retained"
"TMCO1",0.60690889237335,0.401084184891628,TRUE,"retained"
"ATP6V1G1",0.368378857692301,0.153389587195669,TRUE,"retained"
"YIPF5",0.471147526537801,0.224331446534822,TRUE,"retained"
"IFIT3",2.1904579970028,4.25524634402008,TRUE,"retained"
"CLN3",0.3031986003381,0.0927726438479533,TRUE,"retained"
"SLC8A2",0.2963832397869,0.0812546040010571,TRUE,"retained"
"GALM",0.4330249886991,0.464983832608483,TRUE,"retained"
"PSMD6",0.38292561183555,0.182018559737445,TRUE,"retained"
"NDUFS1",0.378572047448279,0.140497528061202,TRUE,"retained"
"UBE2G2",0.3952848437937,0.181103775720874,TRUE,"retained"
"FCGR3A",0.829242857877001,0.954303528940497,TRUE,"retained"
"CXCR2",0.609121070937751,0.938510074770226,TRUE,"retained"
"CYP27A1",1.1220229408143,1.25770839069876,TRUE,"retained"
"MRPL34",0.6051925430628,0.406334638705537,TRUE,"retained"
"SLC7A6OS",0.3778688765103,0.139825376005338,TRUE,"retained"
"CETN2",0.4255865465418,0.216906606806198,TRUE,"retained"
"MED6",0.39913698804252,0.178365792049837,TRUE,"retained"
"IFT57",0.6660794298333,0.606248404783534,TRUE,"retained"
"ARHGEF12",0.64081399519158,0.621240653402404,TRUE,"retained"
"SNCA",1.6106549180475,2.20040847400236,TRUE,"retained"
"SEC62",0.713844941472367,0.532810771667608,TRUE,"retained"
"MFN1",0.5230565576719,0.266567059353607,TRUE,"retained"
"CPM",0.4339161449651,0.300588962859008,TRUE,"retained"
"AKT2",0.2554424928426,0.0625616647433613,TRUE,"retained"
"TMEM70",0.8575240955841,0.68872384913816,TRUE,"retained"
"CHMP1B",0.58436123803365,0.43257181369712,TRUE,"retained"
"TXNDC9",0.6992200014709,0.436816301698995,TRUE,"retained"
"SNRPB2",0.364528216911075,0.176365838677327,TRUE,"retained"
"STK25",0.2987518487128,0.106789309304289,TRUE,"retained"
"CSDE1",0.30020194406685,0.107936514225251,TRUE,"retained"
"NFIC",0.197352614950799,0.0453722728549735,TRUE,"retained"
"NUP43",0.3862290244008,0.190558718533839,TRUE,"retained"
"PRPF18",0.830830303642501,0.609474289380481,TRUE,"retained"
"ITCH",0.338959248014626,0.128759040754583,TRUE,"retained"
"GDAP2",0.4252167515078,0.211522170203976,TRUE,"retained"
"UTP23",0.3241258281576,0.130388220832776,TRUE,"retained"
"TBC1D4",0.4501029595062,0.475718184946575,TRUE,"retained"
"C22orf39",0.185380512497599,0.032660423509123,TRUE,"retained"
"RAD23B",0.55486256533806,0.31252815126762,TRUE,"retained"
"DYRK4",0.6812695979061,0.561996586424538,TRUE,"retained"
"XPO4",0.3127834674321,0.113918567233068,TRUE,"retained"
"MFAP3",0.4661593306986,0.222004610128649,TRUE,"retained"
"ZNF592",0.26404275625392,0.0721976094706075,TRUE,"retained"
"TRIP13",0.24324210220065,0.0676723846600975,TRUE,"retained"
"DOK1",0.2484627337668,0.0637653670533799,TRUE,"retained"
"MTPAP",0.2802366953799,0.119714128669045,TRUE,"retained"
"SESTD1",0.403554963208425,0.211905907587318,TRUE,"retained"
"HAP1",0.3923095643376,0.168380108438823,TRUE,"retained"
"SYNPO2",0.3996381050634,0.187903560936372,TRUE,"retained"
"FAM89A",0.5635840019439,0.978993854516938,TRUE,"retained"
"APC",0.2841447956214,0.0847020991405999,TRUE,"retained"
"EXOSC7",0.4723487638989,0.234183541521131,TRUE,"retained"
"MDM2",0.298503925622699,0.136414434915634,TRUE,"retained"
"FRMD4B",0.8324773212644,0.981516167248641,TRUE,"retained"
"CTBS",0.596081109367099,0.428782395098823,TRUE,"retained"
"SLC22A1",0.4653463462473,0.350574252684089,TRUE,"retained"
"ACSS1",0.44902736545275,0.211949970259212,TRUE,"retained"
"KCTD20",0.5157536365212,0.293591667843599,TRUE,"retained"
"FCRLA",0.2735359388909,0.156745675569627,TRUE,"retained"
"OMA1",0.8848926165618,0.747137519823523,TRUE,"retained"
"ZNF576",0.3274091577939,0.128140251296662,TRUE,"retained"
"NOC4L",0.255980563965,0.0691161670155777,TRUE,"retained"
"STAM2",0.5326152196344,0.300580361550441,TRUE,"retained"
"ZNF503",0.19032719714295,0.051750218111561,TRUE,"retained"
"FOSL2",0.59903598696228,0.365938693120728,TRUE,"retained"
"TMEM154",0.600046824494775,0.404091139157109,TRUE,"retained"
"HSD17B12",0.56974369455885,0.375373736129976,TRUE,"retained"
"PCID2",0.414042093228049,0.197040052069195,TRUE,"retained"
"SIDT1",0.5295098657499,0.536528459391463,TRUE,"retained"
"ARRB2",0.459483882438699,0.247309624838965,TRUE,"retained"
"ZNF91",0.7385390533542,0.642288769348937,TRUE,"retained"
"C10orf118",0.43732392780132,0.188476001380099,TRUE,"retained"
"OSGIN2",0.492421584482101,0.249228154702771,TRUE,"retained"
"MIOS",0.5628942408264,0.341476969671309,TRUE,"retained"
"LOC392288",0.5746557436914,0.355856535575863,TRUE,"retained"
"GAB1",0.2905368918403,0.0946735213128781,TRUE,"retained"
"TRAPPC10",0.48652394742168,0.205294463117065,TRUE,"retained"
"SLC6A12",0.23481258642135,0.0551997372016624,TRUE,"retained"
"SNX15",0.3956087770677,0.216865103457999,TRUE,"retained"
"C20orf24",0.395104546660951,0.184703625258125,TRUE,"retained"
"ARL15",0.2850224310696,0.0875351142799083,TRUE,"retained"
"VAV3",0.6263937289932,0.373593699548934,TRUE,"retained"
"DBP",0.2974812622425,0.11506790906673,TRUE,"retained"
"PDGFB",0.263777379453,0.0836815528634967,TRUE,"retained"
"GPR65",0.7523261169564,0.655600386372932,TRUE,"retained"
"FUNDC1",0.5738622739626,0.348933187427311,TRUE,"retained"
"AGMAT",0.2724355536651,0.129763265889729,TRUE,"retained"
"CCR2",0.703653540032625,0.581147530099086,TRUE,"retained"
"FAM20C",0.50810081967015,0.351245766469929,TRUE,"retained"
"CD70",0.2931735108624,0.110942976814425,TRUE,"retained"
"RIF1",0.307495981503061,0.106802940884213,TRUE,"retained"
"HIST1H2AE",0.70070732787615,0.531494600498726,TRUE,"retained"
"CCL22",0.3362314313631,0.139936325252389,TRUE,"retained"
"ZNF160",0.375304469250901,0.171829884076484,TRUE,"retained"
"ALDH3B1",0.3802060560459,0.162795800393897,TRUE,"retained"
"CASP5",1.1892263626005,1.4918830382343,TRUE,"retained"
"P2RY13",0.616196270535301,0.549753643937054,TRUE,"retained"
"VPS13A",0.31601934163695,0.113097820123687,TRUE,"retained"
"VCX2",0.2973399630495,0.0957156802019417,TRUE,"retained"
"PGAP1",0.244746370029,0.0781883608368591,TRUE,"retained"
"ZNF224",0.4324297774314,0.208301661155296,TRUE,"retained"
"TRDMT1",0.2670627377803,0.0814788359112378,TRUE,"retained"
"ARHGEF16",0.262032919181601,0.0938074504038981,TRUE,"retained"
"RNF213",0.5543622126469,0.508806871383855,TRUE,"retained"
"SYTL2",0.36516090293235,0.434029629972223,TRUE,"retained"
"KLHDC7B",0.2837305831269,0.104138683822652,TRUE,"retained"
"RAD52",0.3506500432764,0.120001703867188,TRUE,"retained"
"RPS6KA2",0.2836975137339,0.158132918356766,TRUE,"retained"
"CD3G",1.3259611239063,1.52294958579878,TRUE,"retained"
"LGALS12",0.5635063670775,0.403451527267076,TRUE,"retained"
"SETD3",0.217198876251,0.060994997429492,TRUE,"retained"
"ARSB",0.38848647378555,0.166776502481144,TRUE,"retained"
"EMR1",1.4710559070816,1.74195427647311,TRUE,"retained"
"C3orf39",0.3073649165496,0.135640234019546,TRUE,"retained"
"MOSC1",0.9359555666706,1.01762172183721,TRUE,"retained"
"GSTA3",0.227337525156,0.0709204020576693,TRUE,"retained"
"RASAL3",0.5603662632729,0.310496773549866,TRUE,"retained"
"ERC1",0.22655179126335,0.0510812983882094,TRUE,"retained"
"NCKAP5L",0.27589977347415,0.0792197390694693,TRUE,"retained"
"FGF11",0.2135595439614,0.049105523085242,TRUE,"retained"
"LGALS2",0.8108092191276,1.84561079592775,TRUE,"retained"
"CATSPER1",0.441654923829,0.26343926418865,TRUE,"retained"
"GATA1",0.6819285686339,0.554141209449899,TRUE,"retained"
"ISL2",0.280751216883899,0.101772979839748,TRUE,"retained"
"CD40",0.43181913711615,0.382005521729437,TRUE,"retained"
"ADAM11",0.2795823194766,0.103210224098955,TRUE,"retained"
"AK3L1",0.2638729708293,0.113275357950515,TRUE,"retained"
"SLC35C2",0.263459242589025,0.0869917501661241,TRUE,"retained"
"SPTLC1",0.41000642538765,0.188293048890123,TRUE,"retained"
"DNASE1",0.23255081266305,0.0578247037341858,TRUE,"retained"
"SYTL3",0.782904994739701,0.771680594123345,TRUE,"retained"
"KLRC1",0.57048163572855,0.723467386759061,TRUE,"retained"
"ZNF720",0.3165089002341,0.109391768809693,TRUE,"retained"
"BICD2",0.41086931126388,0.225253900397482,TRUE,"retained"
"AZU1",0.4603197673767,1.22664113956999,TRUE,"retained"
"NOXA1",0.2616859253001,0.074969090364244,TRUE,"retained"
"NLRP1",0.9232279252917,0.71174301000927,TRUE,"retained"
"PTCRA",0.3828977222763,0.154816996053799,TRUE,"retained"
"CHADL",0.2946455866263,0.113717431163108,TRUE,"retained"
"TNFSF4",0.4981576452741,0.316982584001404,TRUE,"retained"
"C20orf134",0.2619849731331,0.102275333584758,TRUE,"retained"
"PPAT",0.2840237124207,0.123390281203243,TRUE,"retained"
"SESN3",1.5350187937392,2.11541783366858,TRUE,"retained"
"C19orf71",0.2600026754052,0.0861500754332388,TRUE,"retained"
"KCNA3",0.50435286469155,0.402157036275057,TRUE,"retained"
"TRPM3",0.2762528424327,0.0818853441047402,TRUE,"retained"
"PRSS33",0.3459530878986,0.278629316973768,TRUE,"retained"
"AGAP6",0.6601525680582,0.497419324921889,TRUE,"retained"
"PAQR9",0.2533467361845,0.0849645974758748,TRUE,"retained"
"SAMD3",0.5163671509801,0.526770524901226,TRUE,"retained"
"CEACAM19",0.2238742938705,0.0588862605508735,TRUE,"retained"
"CACNA1I",0.2768207723778,0.0753762448764947,TRUE,"retained"
"PTPN22",0.7434001295868,0.548090244394244,TRUE,"retained"
"PCSK7",0.5411663879328,0.320184828752394,TRUE,"retained"
"DNAJC9",0.505487015885249,0.290909434277488,TRUE,"retained"
"TROAP",0.33721575085254,0.12475185594887,TRUE,"retained"
"TRIM58",1.5091254204726,1.98470726408769,TRUE,"retained"
"CCDC88C",0.5446187710341,0.307446994226191,TRUE,"retained"
"TNFAIP8L3",0.2941228789464,0.321949968905736,TRUE,"retained"
"ZNF419",0.2802466332477,0.0860305861493268,TRUE,"retained"
"IL18RAP",0.9618517917183,1.00451020649818,TRUE,"retained"
"CRIP3",0.3262634692541,0.118652976298812,TRUE,"retained"
"SPEM1",0.2552308635534,0.0904304039213252,TRUE,"retained"
"OTOS",0.2763871941621,0.0955158053653694,TRUE,"retained"
"NAT8B",0.408435602903999,0.198601057742755,TRUE,"retained"
"DMBT1",0.2668760534832,0.0828082966002899,TRUE,"retained"
"SNRNP35",0.344102161132799,0.137539125210782,TRUE,"retained"
"CDC7",0.2727137531769,0.115415599783252,TRUE,"retained"
"RPA4",0.269824474899,0.104278206439126,TRUE,"retained"
"C2orf82",0.2920188627237,0.1023241828869,TRUE,"retained"
"KCNK13",0.2774692816329,0.137292505066193,TRUE,"retained"
"TFEC",0.4786984975409,0.420748278232459,TRUE,"retained"
"TRIM6",0.353780843766,0.136217924981783,TRUE,"retained"
"HMG20A",0.5023095657573,0.2716518609838,TRUE,"retained"
"BRMS1",0.372179893457399,0.152149939154516,TRUE,"retained"
"RTBDN",0.2606538866988,0.0834664611265747,TRUE,"retained"
"HIST1H3H",0.6316367830311,0.443310549915546,TRUE,"retained"
"TMEM208",0.339343207129501,0.133621585922103,TRUE,"retained"
"CYP1A2",0.5157263959701,0.280000010721846,TRUE,"retained"
"IL4I1",0.2879783722326,0.0905218577734227,TRUE,"retained"
"MYST2",0.388490850235425,0.162786755764156,TRUE,"retained"
"USP10",0.444934126648201,0.182756970433352,TRUE,"retained"
"PMPCB",0.2481882570636,0.0696263380541711,TRUE,"retained"
"COPA",0.3484280387805,0.128321602004245,TRUE,"retained"
"UBB",0.440162964916501,0.198913306254839,TRUE,"retained"
"CCT4",0.686762816787076,0.513965598675808,TRUE,"retained"
"PLRG1",0.30505328777175,0.0965952565038626,TRUE,"retained"
"CABC1",0.7944418458984,0.632590780599771,TRUE,"retained"
"AATF",0.503206169589899,0.291218458147612,TRUE,"retained"
"TIMM13",0.259585313127,0.0648798653204972,TRUE,"retained"
"COX16",0.34931409724995,0.1349161428807,TRUE,"retained"
"TSR1",0.2583686826714,0.0943368679495003,TRUE,"retained"
"BBS2",0.3569152966407,0.164025021223,TRUE,"retained"
"PSMD8",0.2891469093681,0.0871601689698025,TRUE,"retained"
"CAT",0.6220674369588,0.422847401133267,TRUE,"retained"
"DCAF11",0.379176145840451,0.190500921032796,TRUE,"retained"
"ZDHHC6",0.5359634478618,0.295682156830787,TRUE,"retained"
"OGT",0.523075805526401,0.339348959767714,TRUE,"retained"
"UFM1",0.4152087377011,0.184340870715355,TRUE,"retained"
"YIF1A",0.4405721691882,0.206053325450646,TRUE,"retained"
"ZCRB1",0.449048857592999,0.206583250954007,TRUE,"retained"
"LMF1",0.2791474528815,0.0814749017200427,TRUE,"retained"
"PTPN7",0.5266663412493,0.289180545578269,TRUE,"retained"
"GRSF1",0.5634500818982,0.30027281305993,TRUE,"retained"
"ABT1",0.3815446436949,0.1595168924722,TRUE,"retained"
"FANCF",0.2217341518749,0.0833025204847392,TRUE,"retained"
"ALG8",0.497914071143999,0.278162150420892,TRUE,"retained"
"PTAFR",0.559357729812,0.401424606158103,TRUE,"retained"
"SLC35E4",0.3042948663363,0.100781597895153,TRUE,"retained"
"PAPOLG",0.5593238583324,0.287869425064541,TRUE,"retained"
"PI4K2A",0.4045935532338,0.224628680953909,TRUE,"retained"
"KPNA4",0.620359306812001,0.444803117932298,TRUE,"retained"
"PLAGL2",0.2823212309799,0.0859423279960357,TRUE,"retained"
"TMEM39A",0.228091785550999,0.0601572090555236,TRUE,"retained"
"NAP1L1",0.710836886672265,0.490590852906123,TRUE,"retained"
"MON2",0.50394721369314,0.227723704403303,TRUE,"retained"
"ZKSCAN1",0.3372448094666,0.132052420772141,TRUE,"retained"
"PEF1",0.4003842193127,0.16925579959747,TRUE,"retained"
"TUBE1",0.3446946421926,0.183265617306026,TRUE,"retained"
"DCI",0.6461217383292,0.474537658283384,TRUE,"retained"
"CRH",0.2548706918289,0.0800151835637022,TRUE,"retained"
"FAM18B",0.6975292128021,0.527075924316025,TRUE,"retained"
"ZP3",0.28534903265295,0.0850016838920791,TRUE,"retained"
"ZNF664",0.716393823109299,0.556582217683374,TRUE,"retained"
"PEX10",0.2829797129439,0.094871291551689,TRUE,"retained"
"ORAI2",0.550248603165451,0.292933589064019,TRUE,"retained"
"GYPA",0.68962114716138,1.45609491218835,TRUE,"retained"
"APOL6",0.598734580905721,0.789175861532301,TRUE,"retained"
"HNRNPC",0.32611555193238,0.109649867337688,TRUE,"retained"
"NR2F1",0.2468545479099,0.0747972708409701,TRUE,"retained"
"RCOR3",0.4576988869302,0.185253190098024,TRUE,"retained"
"MED18",0.4570268897964,0.240281176512899,TRUE,"retained"
"LOC100292920",0.3199478509794,0.13007260200786,TRUE,"retained"
"ZBTB33",0.7479154664646,0.461752041084455,TRUE,"retained"
"TOPORS",0.7346881703532,0.568543028288715,TRUE,"retained"
"RRAGB",0.6463895166456,0.409949344660068,TRUE,"retained"
"SNX6",0.460626421194801,0.223963102400921,TRUE,"retained"
"CASD1",0.4623105181485,0.276187978279423,TRUE,"retained"
"ELMOD2",0.674962810244099,0.427134917954691,TRUE,"retained"
"CCL5",1.0308256842632,1.16473703634268,TRUE,"retained"
"SLC30A5",0.4026010819047,0.161164423016331,TRUE,"retained"
"HSH2D",0.74373670313775,0.522732895896394,TRUE,"retained"
"DZIP3",0.313140598344,0.132057625145263,TRUE,"retained"
"MTMR2",0.2287966548567,0.0675137576843145,TRUE,"retained"
"ZNF566",0.342224251047,0.182268895765935,TRUE,"retained"
"KIAA1715",0.5070686850705,0.423986943053244,TRUE,"retained"
"CREB1",0.4254800827655,0.206520308466786,TRUE,"retained"
"ZNF777",0.2451568070826,0.0909584683584218,TRUE,"retained"
"ANKRD13C",0.2960055637455,0.133273800206731,TRUE,"retained"
"ZNF92",0.314233385739,0.225323970049365,TRUE,"retained"
"FXN",0.3885792382143,0.18656301966702,TRUE,"retained"
"ZNF167",0.465757715115,0.331297965640839,TRUE,"retained"
"PBLD",0.4037954340714,0.163247257916971,TRUE,"retained"
"RBM26",0.238548123327675,0.0714391438973856,TRUE,"retained"
"MAP7D1",0.496615457170876,0.271626211962149,TRUE,"retained"
"ARL4C",0.9372891851386,0.988086711553636,TRUE,"retained"
"SEC31A",0.5358406789449,0.301456141602945,TRUE,"retained"
"SLC31A1",0.4704005291531,0.230154805874458,TRUE,"retained"
"ZNF33A",0.48725009865966,0.257591706856012,TRUE,"retained"
"TCF20",0.4538453465805,0.209388198723827,TRUE,"retained"
"LILRA6",0.803325052845,0.829002688103856,TRUE,"retained"
"CCNA1",0.71088883467,2.06427170949086,TRUE,"retained"
"NT5C3L",0.2754669102423,0.0869564688979782,TRUE,"retained"
"ZNRF1",0.420192930211424,0.240905749762115,TRUE,"retained"
"ZNF44",0.6107331771597,0.313231556062153,TRUE,"retained"
"NT5C3",0.4801210868349,0.281126765890126,TRUE,"retained"
"SCAPER",0.31084424998305,0.117035880782737,TRUE,"retained"
"TSEN34",0.537042224316149,0.412982238770686,TRUE,"retained"
"HSD17B7",0.2545719553419,0.0679316122072004,TRUE,"retained"
"C1orf58",0.2546319190989,0.0809166590151072,TRUE,"retained"
"DOM3Z",0.4320743159271,0.202534022183245,TRUE,"retained"
"C1orf83",0.290968656342,0.0919921230673049,TRUE,"retained"
"DYNC2LI1",0.2604006660318,0.125660673095263,TRUE,"retained"
"EHMT2",0.3355472618715,0.125106838351623,TRUE,"retained"
"TPI1",0.385191840436201,0.197825685897355,TRUE,"retained"
"ZNF326",0.4986865568937,0.307885961101819,TRUE,"retained"
"UBAC1",0.520983771182699,0.397000181370816,TRUE,"retained"
"OGFRL1",0.60597549708045,0.340080118402159,TRUE,"retained"
"NKRF",0.45753703503585,0.27111123062959,TRUE,"retained"
"LRRC8B",0.3507682428201,0.166231156303368,TRUE,"retained"
"TIAM1",1.0757809855884,1.06000374844978,TRUE,"retained"
"FAM105A",0.62665282631595,0.340657926845438,TRUE,"retained"
"C2orf60",0.2507923453707,0.102170896597592,TRUE,"retained"
"ZNF234",0.4978096701585,0.265896090036908,TRUE,"retained"
"ANKRD22",1.5871310710479,2.21674158674936,TRUE,"retained"
"ZCWPW1",0.3521820383193,0.12084549772618,TRUE,"retained"
"ADRB3",0.2703279836502,0.094794110770958,TRUE,"retained"
"GK",1.00637682701797,1.04275605640649,TRUE,"retained"
"C17orf87",0.7510788656217,0.54787297622325,TRUE,"retained"
"BPTF",0.4912083780912,0.268689229541436,TRUE,"retained"
"GTF2I",0.373294271214899,0.158470836011633,TRUE,"retained"
"AGRN",0.3684041367636,0.414695137980953,TRUE,"retained"
"MS4A3",2.4781404118821,4.8306473204156,TRUE,"retained"
"HGD",0.3782986993002,0.22718332222871,TRUE,"retained"
"KCNJ15",0.74059672387155,0.6940832403356,TRUE,"retained"
"March 1",0.835856825433,0.633628537883632,TRUE,"retained"
"ZCCHC4",0.2617583221407,0.0955572046786234,TRUE,"retained"
"TERF1",0.443192740794999,0.201664999927756,TRUE,"retained"
"IL3RA",0.4936643079564,0.715880050590547,TRUE,"retained"
"ITGAM",0.6054574886248,0.458341924170291,TRUE,"retained"
"PEX13",0.29708494510065,0.0922109923461584,TRUE,"retained"
"BTNL8",0.671351521889475,0.534646847708806,TRUE,"retained"
"NPHP3",0.263634942364499,0.0831527262803271,TRUE,"retained"
"BRAF",0.3938186309715,0.224769802139288,TRUE,"retained"
"RG9MTD3",0.2567121722088,0.0825206418113709,TRUE,"retained"
"FAM3B",0.2547030283014,0.553252486037186,TRUE,"retained"
"TMOD1",1.0253223279194,0.868904010451927,TRUE,"retained"
"KIAA0495",0.3285669297708,0.14253365273315,TRUE,"retained"
"ESYT3",0.2615740090152,0.0921484130565722,TRUE,"retained"
"BAK1",0.35296419692205,0.181348293071763,TRUE,"retained"
"LASS4",0.35854610141385,0.170664318485615,TRUE,"retained"
"RAD51C",0.381801965233499,0.177712207081945,TRUE,"retained"
"CHKB-CPT1B",0.56478818411925,0.34433085751823,TRUE,"retained"
"N4BP2L1",0.5853508444994,0.317238752559058,TRUE,"retained"
"LMNB1",0.795137364692999,0.674985216794911,TRUE,"retained"
"ZMYND17",0.2797948257237,0.0865067947531755,TRUE,"retained"
"TBX21",0.9156632649486,0.990295358225139,TRUE,"retained"
"TRIM7",0.3051315627507,0.125468782514666,TRUE,"retained"
"GPR18",0.93276322382565,1.15070549748014,TRUE,"retained"
"NOB1",0.6243927616248,0.519748780624371,TRUE,"retained"
"DEFA4",2.7436206159978,5.37833780377968,TRUE,"retained"
"PTGER2",0.799604640497249,0.662561336185974,TRUE,"retained"
"ENKUR",0.287324336586,0.091766410251224,TRUE,"retained"
"FASLG",0.2662084179468,0.131529822796401,TRUE,"retained"
"XKR3",0.305132890419,0.215717104753129,TRUE,"retained"
"C2orf51",0.282444744903301,0.0809094284920814,TRUE,"retained"
"RBM12B",0.2760274037129,0.0815817518039364,TRUE,"retained"
"MBP",0.4554465461791,0.208575595399952,TRUE,"retained"
"ZNF467",0.627404316596401,0.502363990590872,TRUE,"retained"
"TRIM5",0.2730931826399,0.189474366674359,TRUE,"retained"
"CHRNB2",0.2805027316413,0.0903495173805355,TRUE,"retained"
"CEP135",0.54653063525445,0.334445956896918,TRUE,"retained"
"CELF3",0.2683211511162,0.0683693798835553,TRUE,"retained"
"TTLL10",0.2668535780085,0.0890482995395774,TRUE,"retained"
"SPATC1",0.299323365314401,0.171166733370634,TRUE,"retained"
"CD164L2",0.2816283030288,0.0885110791772922,TRUE,"retained"
"CRB3",0.2870761322961,0.095149013376892,TRUE,"retained"
"HHIPL2",0.2712569741385,0.0897324835151215,TRUE,"retained"
"NOVA2",0.3038132756022,0.099893997786322,TRUE,"retained"
"JKAMP",0.826643799290401,0.540988603521124,TRUE,"retained"
"PGLYRP1",1.1794965280434,1.59662921116683,TRUE,"retained"
"HEXDC",0.2523265737034,0.070965785411628,TRUE,"retained"
"MCM9",0.220392584447,0.0494823059531931,TRUE,"retained"
"STIL",0.2561592083694,0.134669080990305,TRUE,"retained"
"VSTM1",1.0795996353828,1.15347379053264,TRUE,"retained"
"APITD1",0.2628812700675,0.129196860074661,TRUE,"retained"
"CCDC107",0.4134729135747,0.227212132054852,TRUE,"retained"
"UBXN2A",0.2410091920698,0.082051281716747,TRUE,"retained"
"TTC14",0.5837438491703,0.344394830581107,TRUE,"retained"
"C9orf85",0.2833740474789,0.0972882770635641,TRUE,"retained"
"CSGALNACT2",1.3884242709666,1.63356273669048,TRUE,"retained"
"FGFRL1",0.2312702165424,0.0601790170505884,TRUE,"retained"
"MSI2",0.4317658970737,0.41309868579777,TRUE,"retained"
"FAM18B2",0.2355180738477,0.0726060807748187,TRUE,"retained"
"MAP3K10",0.267498332579099,0.0894484372277053,TRUE,"retained"
"SLITRK4",0.8007261180555,0.631866973888729,TRUE,"retained"
"IL1F5",0.2897843235861,0.0956077375406356,TRUE,"retained"
"PAK3",0.2895306544326,0.184708605798298,TRUE,"retained"
"SEC14L5",0.2493215691057,0.143771630105314,TRUE,"retained"
"ESPNL",0.3075169393884,0.132351052216707,TRUE,"retained"
"GAPT",0.7133082614406,0.568830982818607,TRUE,"retained"
"RUFY2",0.4931528850864,0.269661351386877,TRUE,"retained"
"FOXD4",0.2760899195187,0.0923543408756871,TRUE,"retained"
"CCDC57",0.234729552543499,0.0613925090132274,TRUE,"retained"
"PGLYRP4",0.3866921159934,0.179488304968545,TRUE,"retained"
"PSMD12",0.5039622095991,0.283192891263276,TRUE,"retained"
"TXNDC3",0.7286410875093,0.59597716553177,TRUE,"retained"
"C16orf45",0.2611577920455,0.0991966285477981,TRUE,"retained"
"FFAR1",0.3281623141461,0.135720598498179,TRUE,"retained"
"C1orf213",0.2684550328614,0.0988352012871666,TRUE,"retained"
"KIAA1841",0.3598764750882,0.160432426034997,TRUE,"retained"
"SIRPB1",0.484367707837125,2.45180600569822,TRUE,"retained"
"ARHGAP24",0.62308005905985,0.387814057443476,TRUE,"retained"
"PROK2",1.0195063087797,1.06506274706558,TRUE,"retained"
"HHIPL1",0.3059303038638,0.107441444965745,TRUE,"retained"
"TMEM217",0.2890275971331,0.0897626510530577,TRUE,"retained"
"MAP2K4",0.402370322257049,0.17529108056138,TRUE,"retained"
"LOC139201",0.38586859952235,0.181578263098458,TRUE,"retained"
"RNF216L",0.27571024011405,0.0776113479534767,TRUE,"retained"
"RNASEH2B",0.664387715775,0.404771466116767,TRUE,"retained"
"KCNS2",0.3055473423534,0.0917886671639396,TRUE,"retained"
"SCARF1",0.35886087740895,0.210995546802175,TRUE,"retained"
"THAP1",0.4144456978431,0.186678920101164,TRUE,"retained"
"LYNX1",0.2870581490994,0.0910663354585746,TRUE,"retained"
"OXER1",0.4964982504132,0.266076718528864,TRUE,"retained"
"TAS1R1",0.2472780296196,0.0666839037678061,TRUE,"retained"
"MS4A4A",0.8552595990309,1.19499077888823,TRUE,"retained"
"CEACAM21",0.682865820169399,0.580367164482692,TRUE,"retained"
"CASP1",0.497962643807211,0.3744035454877,TRUE,"retained"
"TBX1",0.2641406468463,0.0811827049393392,TRUE,"retained"
"VENTX",0.34030212204555,0.101951623468379,TRUE,"retained"
"CHRNA10",0.2968169736756,0.0984729414658687,TRUE,"retained"
"HSD11B1L",0.25045890603615,0.0777119035428738,TRUE,"retained"
"SULT1A1",0.721155226614899,0.572272600085412,TRUE,"retained"
"APOBEC3B",1.01607345708015,5.20024727047497,TRUE,"retained"
"CLEC1B",1.4141389390422,1.70293591165184,TRUE,"retained"
"CABLES1",0.2713588421019,0.0916146829916546,TRUE,"retained"
"EDNRB",0.27084246771855,0.131587768426952,TRUE,"retained"
"VNN3",0.761861190691124,0.627559933532657,TRUE,"retained"
"TBC1D2B",0.5249186456976,0.305270086848732,TRUE,"retained"
"HS3ST6",0.2604501292743,0.0879103743981041,TRUE,"retained"
"U2AF1L4",0.31567277042,0.127453263056416,TRUE,"retained"
"RPS26",0.52184680265025,0.23437359473884,TRUE,"retained"
"CCDC48",0.2826990827094,0.113971693620584,TRUE,"retained"
"TARP",1.4826069059508,2.08729372432557,TRUE,"retained"
"RNPEPL1",0.4945127265477,0.235135484814682,TRUE,"retained"
"USF1",0.596231252022,0.432553358913019,TRUE,"retained"
"LGTN",0.5647281169509,0.31274198260741,TRUE,"retained"
"RAB33A",0.6048553701708,0.448592400034239,TRUE,"retained"
"MIA",0.2608269157557,0.088743347902006,TRUE,"retained"
"SERPINB10",0.461221767132,0.660000277132749,TRUE,"retained"
"TMEM8B",0.2535080489949,0.0803415497573151,TRUE,"retained"
"HIST3H2BB",0.2642736835095,0.0984125761953403,TRUE,"retained"
"HSP90AA1",0.589994250342,0.646928968408027,TRUE,"retained"
"MCM6",0.5160181153113,0.385072134105081,TRUE,"retained"
"ICAM1",0.5082387314928,0.404667428821308,TRUE,"retained"
"LOC100130283",0.2987803111734,0.139228698044795,TRUE,"retained"
"CXCR1",0.59406759006,0.627339177197159,TRUE,"retained"
"FCGR3B",0.434402926776,1.21727432081697,TRUE,"retained"
"LUC7L3",0.5242328312613,0.260206880228022,TRUE,"retained"
"VCP",0.380620778554802,0.154838145750676,TRUE,"retained"
"SLC44A4",0.2883547999248,0.0982917661649572,TRUE,"retained"
"PEX2",0.58590889674555,0.32180056391566,TRUE,"retained"
"DALRD3",0.3417592750698,0.128566175829411,TRUE,"retained"
"PIK3R1",0.416640693722139,0.227465119464329,TRUE,"retained"
"LDHA",0.941831862890098,0.625420124877791,TRUE,"retained"
"BTG1",0.601939202717999,0.317808331786102,TRUE,"retained"
"AIDA",0.54109829863824,0.386398496077898,TRUE,"retained"
"RBM18",0.5282054379462,0.24173178378225,TRUE,"retained"
"FAM32A",0.3693585056574,0.200494239905619,TRUE,"retained"
"PL-5283",0.8331781267635,0.839500232192575,TRUE,"retained"
"CEBPZ",0.600893110551301,0.50261793565386,TRUE,"retained"
"DPH3",0.6117725487006,0.370153057194761,TRUE,"retained"
"NSMCE1",0.59456974853325,0.36834915307452,TRUE,"retained"
"HP1BP3",0.321067078321499,0.125739062172203,TRUE,"retained"
"SCAMP1",0.437061160005751,0.160467052724047,TRUE,"retained"
"ROD1",0.403752038369399,0.173322805252244,TRUE,"retained"
"PELI1",1.1592780590601,1.27135485337004,TRUE,"retained"
"SIL1",0.4851120099168,0.376128003324007,TRUE,"retained"
"NFYB",0.273245003598,0.0872809021840993,TRUE,"retained"
"KLF10",1.10153249219685,1.11604464414564,TRUE,"retained"
"WDR5B",0.270345482777999,0.0795511854908462,TRUE,"retained"
"SLC3A2",0.3027436592331,0.136543000017238,TRUE,"retained"
"DDX21",0.6299138083518,0.454491479300402,TRUE,"retained"
"PPP1R12A",0.616079881246201,0.435349970012199,TRUE,"retained"
"POT1",0.5322567076806,0.2863003146411,TRUE,"retained"
"UBXN1",0.191201027992449,0.0383487413008393,TRUE,"retained"
"PALLD",0.3353916093808,0.281154456467141,TRUE,"retained"
"MAF",0.788678842928551,0.637540394367874,TRUE,"retained"
"ZNF277",0.3857742042336,0.165846160838301,TRUE,"retained"
"FOXRED2",0.237005636851199,0.0887838399533384,TRUE,"retained"
"LOC642869",0.5321440975389,0.343086522622119,TRUE,"retained"
"UBL7",0.528749326791,0.332809318476003,TRUE,"retained"
"ALDOA",0.352828101284402,0.131143137353523,TRUE,"retained"
"USP12",0.503240192541801,0.453612711505309,TRUE,"retained"
"POLD3",0.3853922649759,0.14136632011426,TRUE,"retained"
"COMMD2",0.3622474373945,0.146394316857766,TRUE,"retained"
"GNAQ",0.5674795626723,0.303932506530205,TRUE,"retained"
"TLK1",0.553483609493325,0.303400895213077,TRUE,"retained"
"MANBAL",0.26893351791915,0.0729365599463306,TRUE,"retained"
"CA2",1.5383599084518,2.48272413836751,TRUE,"retained"
"SLC35B4",0.2398232887463,0.0687410722184009,TRUE,"retained"
"INPP5D",0.2478966437283,0.0576791965865736,TRUE,"retained"
"PEX19",0.5415473308833,0.262675516168357,TRUE,"retained"
"PRIM1",0.4690145818239,0.251014987394947,TRUE,"retained"
"SLC25A26",0.2992563992376,0.0959911135080481,TRUE,"retained"
"CCT8",0.670165617948226,0.440237478672819,TRUE,"retained"
"MRPS33",0.6707637445635,0.436194571673055,TRUE,"retained"
"HNRPLL",0.361123816861499,0.162818353840503,TRUE,"retained"
"ZNF586",0.419648776042999,0.184788015336427,TRUE,"retained"
"ARL4A",0.79673131721925,0.902813329423084,TRUE,"retained"
"IMPA1",0.6476156461194,0.436566366815019,TRUE,"retained"
"ZFP161",0.2713894763244,0.0913138836583524,TRUE,"retained"
"ANXA4",0.677410585716638,0.438174171129377,TRUE,"retained"
"DDX58",1.0435732438789,1.44732004381359,TRUE,"retained"
"COX18",0.3855385471875,0.153848413594279,TRUE,"retained"
"UBTD2",0.3911135509176,0.160744994370722,TRUE,"retained"
"CCDC50",0.2761646232849,0.143452751064595,TRUE,"retained"
"TNFAIP8",0.8708656875534,0.672146965794272,TRUE,"retained"
"PSTPIP1",0.282695694227101,0.0704274902385011,TRUE,"retained"
"LRRN4CL",0.3261784218819,0.123596421002861,TRUE,"retained"
"TSSK3",0.2881614466458,0.106810882256116,TRUE,"retained"
"FBXO45",0.47107773647865,0.20841104537449,TRUE,"retained"
"ZBTB1",0.4966776687348,0.278280258593899,TRUE,"retained"
"ETV1",0.2409335127528,0.0688296363317924,TRUE,"retained"
"IL7R",1.2447079662759,1.88608155981928,TRUE,"retained"
"DDX39",0.5449049513817,0.310517051346733,TRUE,"retained"
"CCDC14",0.34601578816455,0.173653964356975,TRUE,"retained"
"ZNF480",0.2338563975125,0.067779221112111,TRUE,"retained"
"SLFN5",0.427411046951001,0.345426929741011,TRUE,"retained"
"STAT4",1.00008523359675,1.0461085528066,TRUE,"retained"
"USP53",0.2453372632242,0.123031093817329,TRUE,"retained"
"MRPL11",0.537033022929899,0.295524866227408,TRUE,"retained"
"TTC5",0.3897252012822,0.146855853706055,TRUE,"retained"
"SLC46A2",0.6143735939712,0.528008647131651,TRUE,"retained"
"IRAK2",0.4627648853814,0.481490370422587,TRUE,"retained"
"SPG21",0.396268880254801,0.178266949386777,TRUE,"retained"
"DBNDD2",0.7382150229699,0.566940047836135,TRUE,"retained"
"CCDC104",0.283217882997,0.101915461866961,TRUE,"retained"
"TAOK3",0.416509615295551,0.21427774659691,TRUE,"retained"
"TNPO2",0.3245547332181,0.0986095903980248,TRUE,"retained"
"BSDC1",0.2073890042742,0.050485158102563,TRUE,"retained"
"NAT8L",0.3485532866046,0.149494585510234,TRUE,"retained"
"KPRP",0.2460739738359,0.0694379976864085,TRUE,"retained"
"ZNF673",0.2873268696081,0.108790010094714,TRUE,"retained"
"CYP20A1",0.2653016219805,0.0893761780501019,TRUE,"retained"
"ZC3H14",0.267034790461425,0.0838046572934328,TRUE,"retained"
"CYP4F3",0.88483812989985,0.852103707208935,TRUE,"retained"
"VIPR1",0.2469262123461,0.0659974684713405,TRUE,"retained"
"CLDN5",0.5187531942936,0.399509007981482,TRUE,"retained"
"ZMAT3",0.5800341301986,0.359232163189057,TRUE,"retained"
"PHF12",0.2869997457789,0.106245775380063,TRUE,"retained"
"PCYT1B",0.2196943455756,0.13624228770297,TRUE,"retained"
"DOPEY2",0.4115788498206,0.182500230737432,TRUE,"retained"
"NKD1",0.2705156378148,0.084665220743502,TRUE,"retained"
"C6orf97",0.2706478983369,0.115710667008966,TRUE,"retained"
"FANCE",0.2697660485982,0.0778008836618336,TRUE,"retained"
"HDGFRP2",0.23446459054935,0.0592940593575344,TRUE,"retained"
"CLEC4M",0.2755770733527,0.090320138353685,TRUE,"retained"
"UTP6",0.427985582743951,0.189547780047328,TRUE,"retained"
"PTPRC",0.3782751484463,0.180131194948304,TRUE,"retained"
"UAP1L1",0.2627296549437,0.0893501530790136,TRUE,"retained"
"CRTAM",0.4154884385925,0.437326647071267,TRUE,"retained"
"C5AR1",0.4335767464434,0.228593627937005,TRUE,"retained"
"CCDC19",0.4281465630813,0.324788035384496,TRUE,"retained"
"NR2E1",0.3139741790745,0.171171773566141,TRUE,"retained"
"C19orf60",0.608451903134251,0.342883066781795,TRUE,"retained"
"JAK2",0.915194690207,0.762992531981056,TRUE,"retained"
"ZNF23",0.4041387367731,0.711821278880817,TRUE,"retained"
"AFAP1",0.54581309910855,0.282730716701249,TRUE,"retained"
"DEF6",0.439160788103101,0.287483702047634,TRUE,"retained"
"TRPM6",0.4762522814238,0.232248174468649,TRUE,"retained"
"C3orf62",0.543210420012749,0.3600219972678,TRUE,"retained"
"CLEC7A",0.733141189271866,0.618531545945592,TRUE,"retained"
"CLDN19",0.3262098789474,0.140644135412804,TRUE,"retained"
"MPND",0.2488410399132,0.0861744125059446,TRUE,"retained"
"PAGE5",0.2637231140691,0.094157041377858,TRUE,"retained"
"LRRFIP2",0.607530732249,0.295239979385736,TRUE,"retained"
"GRIN1",0.345639805623,0.147041398378783,TRUE,"retained"
"C16orf92",0.3017188369755,0.103158113083172,TRUE,"retained"
"SLFN11",0.583584093337,0.33278430602193,TRUE,"retained"
"IRX5",1.0325322418656,1.40309429229713,TRUE,"retained"
"SP4",0.5833682359197,0.353662900229826,TRUE,"retained"
"INTS2",0.4302352722003,0.214886319791829,TRUE,"retained"
"PSG6",0.24628822695645,0.089383044458647,TRUE,"retained"
"TMEM164",0.309062002809,0.111840688914504,TRUE,"retained"
"CD300LB",0.52651367236755,0.241903764563388,TRUE,"retained"
"SUCNR1",0.7208374557678,0.888943874413705,TRUE,"retained"
"DYRK3",0.39458110138755,0.581463575302564,TRUE,"retained"
"COMMD6",1.2127938744999,1.33095511362267,TRUE,"retained"
"GPR182",0.270965200682399,0.0840795410651448,TRUE,"retained"
"LIMK2",0.627679429242337,0.455278277015513,TRUE,"retained"
"MTMR1",0.865450591499549,0.798261019279706,TRUE,"retained"
"NTSR1",0.3643026565563,0.396933940905957,TRUE,"retained"
"C1RL",0.6001430357832,0.568321465069269,TRUE,"retained"
"SH3D20",0.271875917384401,0.0762632449966454,TRUE,"retained"
"NUDT7",0.304496098151701,0.169843232563912,TRUE,"retained"
"HEATR7A",0.1977499809439,0.0401062833282155,TRUE,"retained"
"SPEG",0.2812074514515,0.0921914311735679,TRUE,"retained"
"KLRAQ1",0.41568317081305,0.204703141066972,TRUE,"retained"
"KLHDC10",0.239961663449025,0.057183582537821,TRUE,"retained"
"NKX2-8",0.2535160661544,0.0753426220326622,TRUE,"retained"
"PGBD4",0.2683095868362,0.086033249026582,TRUE,"retained"
"MGAT5B",0.27322547442015,0.0746417127735791,TRUE,"retained"
"NPFF",0.3638117543529,0.133310889492102,TRUE,"retained"
"CR1",0.723317419073202,0.631720332103561,TRUE,"retained"
"RAX",0.272177872596,0.0815671469499915,TRUE,"retained"
"PLEKHG6",0.2641291678158,0.0676620507396622,TRUE,"retained"
"METRNL",0.57005806358025,0.376853431006157,TRUE,"retained"
"GPR172B",0.2425742083212,0.064093788523223,TRUE,"retained"
"LPPR3",0.23472912123045,0.0643858072750247,TRUE,"retained"
"DOCK8",0.41841666240024,0.226465735523351,TRUE,"retained"
"ACVR1C",0.3092424144726,0.132164160152041,TRUE,"retained"
"BCL11B",1.3757367620871,1.77072580106607,TRUE,"retained"
"C1orf130",0.357370561587899,0.145197431516763,TRUE,"retained"
"P2RY14",0.85744389025995,2.30696463803286,TRUE,"retained"
"NECAP2",0.34191005074548,0.114456603867595,TRUE,"retained"
"CCDC116",0.2610760926312,0.0821370580065083,TRUE,"retained"
"LOC375190",0.4744008757782,0.231660958739057,TRUE,"retained"
"SLC12A9",0.606494649485549,0.384239018740829,TRUE,"retained"
"RSRC2",0.4041809424768,0.169279055599209,TRUE,"retained"
"HMX1",0.2738645480382,0.107120484252343,TRUE,"retained"
"TRIM69",0.2927785640136,0.0931299805428605,TRUE,"retained"
"TMIGD2",0.3440513101767,0.125625778310398,TRUE,"retained"
"SEC11A",0.4386399811164,0.193177893453861,TRUE,"retained"
"SIGLEC7",0.7988498165907,0.718075864023793,TRUE,"retained"
"FKBP11",0.937165469087401,1.04884461691374,TRUE,"retained"
"NAA16",0.2857003766064,0.0981833078925599,TRUE,"retained"
"CALML6",0.3334711333548,0.124997153384666,TRUE,"retained"
"LAIR2",0.313867295475301,0.226729078178846,TRUE,"retained"
"CFB",0.2597111050653,0.109284308432558,TRUE,"retained"
"BCKDHA",0.3151491306789,0.0933817372136445,TRUE,"retained"
"GFOD2",0.48911157064035,0.255839411284252,TRUE,"retained"
"DPH5",0.242948500081,0.0757291401510141,TRUE,"retained"
"AAMP",0.3391207533777,0.142762569498169,TRUE,"retained"
"CD2",1.3608509213859,1.76718054273822,TRUE,"retained"
"B3GNTL1",0.586475893764601,0.325209209192757,TRUE,"retained"
"SYMPK",0.198835288869,0.0492438182765579,TRUE,"retained"
"DCXR",0.5096155932021,0.277958644394993,TRUE,"retained"
"C11orf67",0.3382388762109,0.124916762817545,TRUE,"retained"
"TNNI2",0.481477894896599,0.278299241770911,TRUE,"retained"
"PLEKHA4",0.2609261261586,0.0872433798065776,TRUE,"retained"
"ZNF446",0.3435802466439,0.135868026541276,TRUE,"retained"
"TMEM190",0.2978913575568,0.0991075892440448,TRUE,"retained"
"PFN3",0.2925861633051,0.108499435661775,TRUE,"retained"
"LILRA2",0.683085861907501,0.586710861404265,TRUE,"retained"
"RPL37",0.323783719443101,0.112483955547099,TRUE,"retained"
"DUSP3",0.34133769657372,0.177683431979585,TRUE,"retained"
"RAB18",0.576763974945898,0.339096713249096,TRUE,"retained"
"CSNK2A1",0.285729833397399,0.0967762968480419,TRUE,"retained"
"PPP2R1B",0.2570786805657,0.0777347460303343,TRUE,"retained"
"HSDL1",0.2922376277667,0.10987609987466,TRUE,"retained"
"SLC25A12",0.3699539059566,0.200881738826523,TRUE,"retained"
"STX7",0.743522579250499,0.514161083644,TRUE,"retained"
"RCAN1",0.3408791298269,0.137483675110169,TRUE,"retained"
"DDX5",0.49378507966284,0.257727086899967,TRUE,"retained"
"SLC31A2",0.8830417112937,0.820003088693699,TRUE,"retained"
"CPPED1",0.75578854052142,0.680125582339636,TRUE,"retained"
"AMN",0.3300460397304,0.13893524933114,TRUE,"retained"
"KARS",0.498946219457701,0.308354326065996,TRUE,"retained"
"SLC25A17",0.2492466948405,0.0674883304664635,TRUE,"retained"
"GNAO1",0.29803215081255,0.0920836496464831,TRUE,"retained"
"RPL22L1",0.7317112852413,0.686725774420412,TRUE,"retained"
"FHL1",0.459191003292467,0.374959092505217,TRUE,"retained"
"CHRNA2",0.24184471018785,0.0652830281754494,TRUE,"retained"
"AGPAT3",0.2910160046556,0.0977618219396101,TRUE,"retained"
"C1orf198",0.504892469193,0.421953568854055,TRUE,"retained"
"C19orf48",0.24586008617625,0.0710247302089533,TRUE,"retained"
"HP",1.8310009954152,3.83625451169678,TRUE,"retained"
"GMCL1",0.4894534494283,0.218105704748459,TRUE,"retained"
"ANKMY2",0.445303882640399,0.205789380621769,TRUE,"retained"
"TMEM9",0.36600773069385,0.133245784145468,TRUE,"retained"
"VTI1B",0.619222549022175,0.531311175099719,TRUE,"retained"
"UTP14A",0.4843403247711,0.225948687349038,TRUE,"retained"
"EVI2A",1.1776561433049,1.15634335008901,TRUE,"retained"
"SSSCA1",0.5788164226341,0.363313049365361,TRUE,"retained"
"GRK6",0.541376527209,0.262350566602315,TRUE,"retained"
"CC2D1B",0.224881553778,0.0561809216609197,TRUE,"retained"
"GTF3A",0.4154581073146,0.197913196852999,TRUE,"retained"
"INTS9",0.2481082399061,0.0856214381133669,TRUE,"retained"
"APOL1",0.487850300375433,0.510845814319704,TRUE,"retained"
"EGLN1",0.7134776749303,0.594774482778839,TRUE,"retained"
"CLASP2",0.3616124778679,0.118653761875225,TRUE,"retained"
"BIRC5",0.237963101043149,0.129183772999128,TRUE,"retained"
"RARS2",0.504798177315599,0.267110592278247,TRUE,"retained"
"HLA-DOA",0.4018717588417,0.284436449532495,TRUE,"retained"
"PGK1",0.520261724802867,0.260551171428191,TRUE,"retained"
"SMC4",0.600675651122925,0.410268464219284,TRUE,"retained"
"HMGXB4",0.3603068625016,0.139949596220077,TRUE,"retained"
"TTF1",0.4041530937773,0.179835490065958,TRUE,"retained"
"DEPDC1",0.3355446991974,0.400872634474534,TRUE,"retained"
"TRIM25",0.47673050702655,0.277160990214106,TRUE,"retained"
"FBXO42",0.361356034275601,0.145826943103881,TRUE,"retained"
"NPLOC4",0.2511638229086,0.0596806364881084,TRUE,"retained"
"TADA2B",0.36183305304195,0.148383042808682,TRUE,"retained"
"TROVE2",0.41456260789545,0.17523237137534,TRUE,"retained"
"UQCRQ",0.3921963337278,0.159381736800015,TRUE,"retained"
"CYP2D6",0.2830317418257,0.0905985726171038,TRUE,"retained"
"BAG5",0.418827445047899,0.226025144361429,TRUE,"retained"
"PSMD14",0.651608055151199,0.433297431254797,TRUE,"retained"
"SERTAD2",0.5579374753659,0.398602561042329,TRUE,"retained"
"ARMC8",0.30447170004132,0.0999040346253878,TRUE,"retained"
"TMEM68",0.221865833071051,0.0592601193307304,TRUE,"retained"
"GEMIN4",0.3096739526307,0.121606864059941,TRUE,"retained"
"LYPLA2",0.3839249016561,0.146845100259175,TRUE,"retained"
"TBCEL",0.289176240138099,0.32781700400461,TRUE,"retained"
"RAP2B",0.3401921194266,0.121709087056684,TRUE,"retained"
"GBP4",0.469633582705875,1.07231052191554,TRUE,"retained"
"SLC22A15",0.487185479143301,0.25763192421593,TRUE,"retained"
"SHMT1",0.2523820854597,0.072777729224224,TRUE,"retained"
"DDHD2",0.4411521793581,0.253016960321774,TRUE,"retained"
"HAUS5",0.2563365629118,0.0872902188706825,TRUE,"retained"
"CD28",0.26368174026285,0.146441938415164,TRUE,"retained"
"PDK1",0.7076939777061,0.519320523310175,TRUE,"retained"
"LUC7L2",0.6315890114352,0.384884839713204,TRUE,"retained"
"POLR2J2",0.4408472982354,0.184660975070624,TRUE,"retained"
"ANGEL2",0.4420407378618,0.180696275461241,TRUE,"retained"
"C5orf33",0.4054062226326,0.181983659374899,TRUE,"retained"
"TMEM192",0.5503127185731,0.313284723719861,TRUE,"retained"
"IRAK1",0.463547226714601,0.191040733752583,TRUE,"retained"
"NDOR1",0.22853886073935,0.0594053266100281,TRUE,"retained"
"C5orf44",0.30914391893,0.133292585439959,TRUE,"retained"
"UBQLN1",0.572740972710202,0.383166652734503,TRUE,"retained"
"SHANK2",0.2986479624366,0.113536345468048,TRUE,"retained"
"CCDC144A",0.2314416058437,0.0766251103365999,TRUE,"retained"
"ZNF440",0.41120826839085,0.200936831563113,TRUE,"retained"
"C15orf61",0.3775999350942,0.171401211626478,TRUE,"retained"
"FPR2",0.7730904772829,0.664396237375796,TRUE,"retained"
"GALC",0.3706726472092,0.152156279758539,TRUE,"retained"
"ARFGAP2",0.30660480939795,0.0968955589672292,TRUE,"retained"
"ELK1",0.23616044476815,0.0682489313564862,TRUE,"retained"
"ANKRD9",1.05942198200685,1.10761001131402,TRUE,"retained"
"APOC4",0.2540462313123,0.0622458753006954,TRUE,"retained"
"PIH1D1",0.312614920275,0.112430854190816,TRUE,"retained"
"SEH1L",0.3619344276702,0.169317801748935,TRUE,"retained"
"TRAT1",0.5918209269609,0.677766429110264,TRUE,"retained"
"ZMYM6",0.2873841691329,0.0903589830790446,TRUE,"retained"
"CD200R1",0.27698996113005,0.248484994245239,TRUE,"retained"
"AMPD3",0.572175353256,0.325414338781611,TRUE,"retained"
"IRAK4",0.53928682215345,0.263477059181996,TRUE,"retained"
"SSR3",0.424166479891699,0.210052398047023,TRUE,"retained"
"FBXL17",0.3603842497738,0.13763214635615,TRUE,"retained"
"TNRC6C",0.5945486233365,0.414365466838093,TRUE,"retained"
"LONP2",0.4484999797992,0.210193844932845,TRUE,"retained"
"CPSF4",0.2144907919553,0.0482486940309955,TRUE,"retained"
"SUSD3",1.0273046847042,0.96064428733146,TRUE,"retained"
"CBFA2T3",0.5797364913298,0.34558568832309,TRUE,"retained"
"AATK",0.508519931787,0.337571437072079,TRUE,"retained"
"C14orf37",0.2475754843989,0.0691102800631561,TRUE,"retained"
"FGGY",0.3682175715687,0.253599546162766,TRUE,"retained"
"TIGIT",0.28039023973695,0.223722226204113,TRUE,"retained"
"BTN3A3",0.7653163596596,0.755886278135165,TRUE,"retained"
"NOD1",0.3020528519295,0.1171965136846,TRUE,"retained"
"SLC2A4",0.2555871656919,0.0863784318042847,TRUE,"retained"
"C4orf29",0.34829853848895,0.125360806307013,TRUE,"retained"
"TBC1D10C",0.614598960661351,0.412348327949467,TRUE,"retained"
"RALGAPA2",0.42145855485195,0.194969201060104,TRUE,"retained"
"GK5",0.8336374051089,0.936090429200305,TRUE,"retained"
"METTL8",0.3887247717129,0.262791300074179,TRUE,"retained"
"LRRC37A",1.1660602527903,1.07278339306309,TRUE,"retained"
"SLC6A4",0.2556574572405,0.0826782993566121,TRUE,"retained"
"PLAGL1",1.05861479303895,0.987416337890202,TRUE,"retained"
"PGBD2",0.2660239202376,0.084376321548422,TRUE,"retained"
"CD300E",0.5803435792119,0.312176938234368,TRUE,"retained"
"PRTN3",0.3441249101472,0.887994986197677,TRUE,"retained"
"SLC2A9",0.3167804265633,0.114466027792259,TRUE,"retained"
"NCR3",0.3550286733147,0.15136030620872,TRUE,"retained"
"CCDC9",0.4026299429376,0.1667234601743,TRUE,"retained"
"GP6",0.626158481886,0.610855289987022,TRUE,"retained"
"SAMD4B",0.3869149618929,0.171304447322601,TRUE,"retained"
"ZNF155",0.3327344383104,0.12268457238375,TRUE,"retained"
"MPP7",0.491578134330501,0.267882675438128,TRUE,"retained"
"PRDM9",0.26819065674135,0.0904421313809416,TRUE,"retained"
"CSAD",0.2716427291144,0.087678800576823,TRUE,"retained"
"C17orf90",0.2737423729026,0.0781736094175312,TRUE,"retained"
"Septin 14",0.5000586060834,0.274862395150559,TRUE,"retained"
"TRIML1",0.2864203538532,0.0853358283401594,TRUE,"retained"
"ZNF780A",0.263158863937201,0.0918654136364012,TRUE,"retained"
"HNF1A",0.2657169375294,0.0760847733772205,TRUE,"retained"
"ENOSF1",0.2453669424052,0.0877381629772367,TRUE,"retained"
"ZNF17",0.307310459169,0.116254311550325,TRUE,"retained"
"HBM",0.9734183845743,1.16709498110945,TRUE,"retained"
"KCNJ11",0.2823032470419,0.0955529048516087,TRUE,"retained"
"ZNF772",0.3281017380753,0.143635118973187,TRUE,"retained"
"ETV3",0.3254670666954,0.112381943306236,TRUE,"retained"
"IL10",0.3322103621907,0.144890836360624,TRUE,"retained"
"SPTA1",0.3658707239985,0.823241805667442,TRUE,"retained"
"LOC100294402",0.553509858741,0.357280221430082,TRUE,"retained"
"CEBPE",0.8056960971885,1.04659364626858,TRUE,"retained"
"TRIM11",0.2761435377477,0.0695484977883746,TRUE,"retained"
"ANK1",1.5358534000053,1.87071905078313,TRUE,"retained"
"RNASEL",0.67589873374065,0.499727653751695,TRUE,"retained"
"NFX1",0.44166419341485,0.238307899488276,TRUE,"retained"
"GGA3",0.29733384856,0.0953402225958013,TRUE,"retained"
"LRRC27",0.2874433871421,0.114674937430599,TRUE,"retained"
"AQP10",0.4925886482979,0.347645571480987,TRUE,"retained"
"ABLIM2",0.2754220660401,0.0914560360896416,TRUE,"retained"
"KLRC3",0.2828785573698,0.33001339013968,TRUE,"retained"
"ZMYM5",0.3305179431561,0.14081867222514,TRUE,"retained"
"SUMF2",0.27584454091614,0.0989921068131565,TRUE,"retained"
"TRIM23",0.429189714807419,0.185517092417995,TRUE,"retained"
"CDH23",0.351430053468201,0.188085389818544,TRUE,"retained"
"BRSK1",0.3176947637745,0.109152811487334,TRUE,"retained"
"JPH2",0.2962851183537,0.108157604134289,TRUE,"retained"
"PDCD1",0.25051688903955,0.0706628728528429,TRUE,"retained"
"SULT1B1",1.1270576317308,1.14232945287139,TRUE,"retained"
"C11orf86",0.2954996316846,0.123649911427547,TRUE,"retained"
"ETV3L",0.2793977142789,0.0794371911992753,TRUE,"retained"
"PUSL1",0.2802725216676,0.0898969613706461,TRUE,"retained"
"EPHA8",0.2520416968083,0.0789401671908244,TRUE,"retained"
"ASPDH",0.2435374216653,0.0771147506425529,TRUE,"retained"
"FOXI2",0.2629337681922,0.0796670998978167,TRUE,"retained"
"HCRT",0.2620315623555,0.0784420323072874,TRUE,"retained"
"SCLT1",0.38293409386428,0.159729860567688,TRUE,"retained"
"ACPT",0.2599385373879,0.0813775114313446,TRUE,"retained"
"SGCZ",0.2465556750237,0.0796720376616379,TRUE,"retained"
"MFSD6",0.3854486764233,0.184481663594561,TRUE,"retained"
"GP1BA",1.1116685632311,1.22728478754745,TRUE,"retained"
"SPINK8",0.3310030128111,0.140020111439006,TRUE,"retained"
"UBAP1",0.41512580931024,0.238321849244852,TRUE,"retained"
"NARFL",0.205230081072451,0.0455862728958482,TRUE,"retained"
"SDCBP",0.61889275187985,0.421329712244301,TRUE,"retained"
"TGFBI",1.47168909051518,1.56005373504461,TRUE,"retained"
"CX3CL1",0.24865381903845,0.0697276672062356,TRUE,"retained"
"NRBP1",0.30197022551955,0.0957756560651732,TRUE,"retained"
"DDX27",0.6123396928677,0.414709961863827,TRUE,"retained"
"FAM188B",0.3370727586786,0.119601300597102,TRUE,"retained"
"RASGRP2",0.4610036032833,0.273983010575132,TRUE,"retained"
"ZDHHC14",0.256788911584799,0.0991838789269086,TRUE,"retained"
"BAGE2",0.2655454592721,0.0831235780770572,TRUE,"retained"
"PSIP1",0.4299531141465,0.167404249387713,TRUE,"retained"
"CXCR3",0.332377970862,0.182860790458501,TRUE,"retained"
"SHQ1",0.2893274225898,0.0912261324560385,TRUE,"retained"
"GUCY2D",0.3067189625556,0.11593235202851,TRUE,"retained"
"ALOX15B",0.197063151173701,0.197229506304696,TRUE,"retained"
"GPHB5",0.2838055500546,0.0885975684991505,TRUE,"retained"
"KRTAP10-5",0.24721225740645,0.0722716800763356,TRUE,"retained"
"PLA2G4F",0.26345118558465,0.0907325411576198,TRUE,"retained"
"PWWP2B",0.3840357460212,0.179440210708113,TRUE,"retained"
"ATP5F1",0.385339429189049,0.181150932882113,TRUE,"retained"
"SLC2A14",0.737776974418681,0.636302929416711,TRUE,"retained"
"FOS",0.745951143964424,0.587638788902803,TRUE,"retained"
"CLSTN3",0.30034147822455,0.0871793829767787,TRUE,"retained"
"TRA2B",0.5053868011444,0.277795393451903,TRUE,"retained"
"POLR2B",0.6075531358176,0.441295569160965,TRUE,"retained"
"KPNA1",0.398664959040601,0.171117573074249,TRUE,"retained"
"ATG4B",0.29750725407375,0.0851212632655601,TRUE,"retained"
"PSMA7",0.366426211964401,0.134358177063251,TRUE,"retained"
"UMPS",0.566913062377201,0.354766908576716,TRUE,"retained"
"CYTIP",0.560309052704101,0.32652482135834,TRUE,"retained"
"TAF11",0.479673356460899,0.216005336469521,TRUE,"retained"
"NECAB1",0.47315297024625,0.910664810726115,TRUE,"retained"
"PPP4C",0.400277550443401,0.185638570255691,TRUE,"retained"
"GOLGA8A",0.50557534852608,0.385811805956067,TRUE,"retained"
"TBRG4",0.3265769469858,0.134529570803594,TRUE,"retained"
"DKK3",0.2102494763754,0.0483167556234851,TRUE,"retained"
"C5orf43",0.632913718983001,0.391020188794578,TRUE,"retained"
"GPR37L1",0.2971918216575,0.113466884673133,TRUE,"retained"
"DBF4",0.31887000241026,0.164754332482273,TRUE,"retained"
"CBLL1",0.781115217069599,0.577923171726531,TRUE,"retained"
"FAM45A",0.5782451620281,0.369228021788617,TRUE,"retained"
"DNAJC14",0.4618378808358,0.243904921526972,TRUE,"retained"
"PNPT1",0.4771625007135,0.79010744124261,TRUE,"retained"
"IL16",0.4053920183362,0.187179407131949,TRUE,"retained"
"FAM98B",0.5526372797001,0.331804466242343,TRUE,"retained"
"MRPS12",0.280507177464499,0.0757207129137467,TRUE,"retained"
"FAR1",0.697288976189925,0.500037710784242,TRUE,"retained"
"ALAS2",1.42245052264,2.1209044565889,TRUE,"retained"
"C4A",1.2755629293834,2.38730697069277,TRUE,"retained"
"LIN52",0.3120383512197,0.105222609314654,TRUE,"retained"
"MAT2A",0.26318150531484,0.0736905671658458,TRUE,"retained"
"TATDN3",0.25349915895465,0.0834364016519395,TRUE,"retained"
"CCBL2",0.685674898435799,0.512515295397436,TRUE,"retained"
"METTL6",0.3029815762911,0.103119056050574,TRUE,"retained"
"HYAL2",0.4140408939282,0.177251137972985,TRUE,"retained"
"HIP1",0.470620724658001,0.193683965378574,TRUE,"retained"
"THOC2",0.315226854779287,0.102731906785151,TRUE,"retained"
"PHKG2",0.335804394131499,0.118395752261398,TRUE,"retained"
"SYNRG",0.2366532935018,0.076351257095147,TRUE,"retained"
"PCTP",0.6558122076324,0.530845740185066,TRUE,"retained"
"ZNF639",0.3530471144158,0.170547919036257,TRUE,"retained"
"CLIC2",0.3347896300441,0.601145173636754,TRUE,"retained"
"MED31",0.4979479959972,0.3571077501452,TRUE,"retained"
"HIST1H2BG",0.44156393407245,0.292472135683512,TRUE,"retained"
"WIPI2",0.4121776546636,0.206090073941171,TRUE,"retained"
"TMEM159",0.37674635668425,0.1543264051353,TRUE,"retained"
"KIAA0652",0.2880323109503,0.0915645353958164,TRUE,"retained"
"RDH13",0.4417360309446,0.270222623578891,TRUE,"retained"
"APBB2",0.2768471708121,0.0944529800601625,TRUE,"retained"
"SUV39H2",0.2600519881638,0.0953986460261326,TRUE,"retained"
"TAF9B",0.373303060809,0.171871212321043,TRUE,"retained"
"ACSF3",0.3993571123332,0.159076604337789,TRUE,"retained"
"GTF2F1",0.350114796655261,0.131061642360986,TRUE,"retained"
"RAD51",0.2508475017972,0.0832106480753613,TRUE,"retained"
"MPHOSPH8",0.37200757071114,0.181194688070414,TRUE,"retained"
"TAF1B",0.329462882742,0.1154250624813,TRUE,"retained"
"ERBB2IP",0.45370638159294,0.206158404137045,TRUE,"retained"
"C13orf18",0.933938567207099,1.10821634821046,TRUE,"retained"
"ERO1LB",0.3782642866716,0.179088725516245,TRUE,"retained"
"WDR37",0.5751704179032,0.418992943351189,TRUE,"retained"
"TMLHE",0.45840633975465,0.217258680385312,TRUE,"retained"
"SARNP",0.426832805275801,0.178178658320445,TRUE,"retained"
"NADK",0.474824072458051,0.296231444795053,TRUE,"retained"
"TMEM30B",0.2670801519057,0.0948053234698934,TRUE,"retained"
"ARID2",0.3193062961067,0.10770935160743,TRUE,"retained"
"IL32",0.900585552271124,0.848642166151774,TRUE,"retained"
"C17orf68",0.292834797549,0.107447826204406,TRUE,"retained"
"IPP",0.303897743772,0.102180973054198,TRUE,"retained"
"CYP4V2",0.2358043831815,0.0707844660102593,TRUE,"retained"
"C7orf26",0.547265257994699,0.297157878651773,TRUE,"retained"
"ZNF443",0.654493682526599,0.460668386397165,TRUE,"retained"
"METTL4",0.3535191144576,0.158022752086677,TRUE,"retained"
"TCEA1",0.6312251495193,0.437779880094284,TRUE,"retained"
"PCYOX1L",0.6826941926637,0.546127241257231,TRUE,"retained"
"ZNF276",0.47515775456835,0.263880135081691,TRUE,"retained"
"ATHL1",0.5000406473496,0.264009271630021,TRUE,"retained"
"ATP6V1G2",0.2455890398388,0.0902131660538032,TRUE,"retained"
"BPNT1",0.2622376422729,0.0932225178417895,TRUE,"retained"
"SFRS2",0.667896320798001,0.392682264302718,TRUE,"retained"
"FGD2",0.223192645540199,0.0510778166653306,TRUE,"retained"
"ARID5A",0.50821205173515,0.287468351173003,TRUE,"retained"
"CNOT2",0.3577149280551,0.175022695879261,TRUE,"retained"
"CSF2RA",0.58092549785865,0.440445922195491,TRUE,"retained"
"C1orf183",0.810562281225199,0.695267785372408,TRUE,"retained"
"SLAMF6",0.6396169798305,0.610817060715982,TRUE,"retained"
"CNTROB",0.2836553789832,0.100066661053911,TRUE,"retained"
"MTMR7",0.2445114587307,0.0753161988181384,TRUE,"retained"
"MBNL3",1.13157802442286,1.26240379401932,TRUE,"retained"
"C14orf135",0.4014024348929,0.186364531863025,TRUE,"retained"
"ADAM33",0.2695305588388,0.0770253985610603,TRUE,"retained"
"TRIM65",0.2812437039867,0.0824607000170235,TRUE,"retained"
"THEMIS",0.8260526169882,1.1390214212086,TRUE,"retained"
"NCOA4",1.01835313397475,0.959696332136912,TRUE,"retained"
"MCM8",0.2187091919754,0.0726112277009145,TRUE,"retained"
"CLTB",0.4301498099472,0.221990847703051,TRUE,"retained"
"BTNL3",1.0415723286486,1.47451021511737,TRUE,"retained"
"RALY",0.399430344866,0.163217398092437,TRUE,"retained"
"GPRASP1",0.3445346333289,0.298213264083113,TRUE,"retained"
"FEM1B",0.2495435365647,0.3031107933841,TRUE,"retained"
"SKI",0.493454621429175,0.259646230049462,TRUE,"retained"
"SIPA1L3",0.2936774584632,0.0930226087709808,TRUE,"retained"
"ST7L",0.2684103213519,0.0939359319235974,TRUE,"retained"
"FCHSD1",0.2729668218774,0.0922260482255317,TRUE,"retained"
"DYNLL2",0.35061267026625,0.144031889840441,TRUE,"retained"
"GPR137",0.276325776504,0.0772874928372852,TRUE,"retained"
"EPN2",0.2402201338173,0.0625958233521623,TRUE,"retained"
"ZBTB7B",0.2381596608153,0.0683996683961312,TRUE,"retained"
"SPN",0.6345915736965,0.482766543372044,TRUE,"retained"
"SNF8",0.3378307423764,0.112390295146208,TRUE,"retained"
"GCET2",0.362270878536,0.23308216923646,TRUE,"retained"
"KIAA1598",0.375279812130299,0.300779802601192,TRUE,"retained"
"C1orf52",0.75381501244665,0.578082560567022,TRUE,"retained"
"MFSD9",0.3370672137546,0.162655532587448,TRUE,"retained"
"ITGB3",0.53230674530705,0.363231532005264,TRUE,"retained"
"GDF1",0.3003980761089,0.145375194703649,TRUE,"retained"
"C15orf37",0.7790894028078,0.578140629394665,TRUE,"retained"
"RNASE3",1.5366996914892,2.39552294603689,TRUE,"retained"
"LOC440459",0.715510378340099,0.640855350642619,TRUE,"retained"
"SLC16A6",0.25877749664865,0.107855428127166,TRUE,"retained"
"MLX",0.3954554952544,0.163645746773096,TRUE,"retained"
"HDLBP",0.387831723684601,0.146342359709959,TRUE,"retained"
"CD40LG",0.2935337596821,0.0940242582312188,TRUE,"retained"
"DCTN3",0.3834046654704,0.20026787394456,TRUE,"retained"
"VAMP4",0.3346081919271,0.133719260842183,TRUE,"retained"
"NBR1",0.462319986328619,0.217015775416556,TRUE,"retained"
"TUBGCP4",0.22609908454245,0.0564423141128738,TRUE,"retained"
"POLR1E",0.255069403224299,0.131584822192371,TRUE,"retained"
"IPCEF1",0.433986960365701,0.188098075630013,TRUE,"retained"
"TSC22D2",0.554128715007701,0.317276470050949,TRUE,"retained"
"GRIPAP1",0.2698448937604,0.0786664233364303,TRUE,"retained"
"SOCS2",0.4225726890924,0.310623699865623,TRUE,"retained"
"FAM55C",0.3685583835024,0.124320027663523,TRUE,"retained"
"SLC8A1",1.2063321025056,1.21967086895553,TRUE,"retained"
"CYSLTR1",0.6525287579055,0.452612963384883,TRUE,"retained"
"DLX4",0.3148524416625,0.126706018535167,TRUE,"retained"
"OSBPL5",0.2353165462536,0.0715821094608601,TRUE,"retained"
"RFC2",0.3865088414292,0.171221751900071,TRUE,"retained"
"QPCTL",0.31158773793,0.100091199346235,TRUE,"retained"
"SNRPN",0.6404227240047,0.386731580200962,TRUE,"retained"
"HAL",1.2455346529164,1.702900215614,TRUE,"retained"
"C4orf33",0.5974050257007,0.42576159911349,TRUE,"retained"
"TTC7A",0.3242277457881,0.100786966743446,TRUE,"retained"
"FFAR2",0.690392178777,0.644287251255448,TRUE,"retained"
"EXOSC6",0.5121001372473,0.288421047262779,TRUE,"retained"
"H2AFY",0.3961107397142,0.18547390158531,TRUE,"retained"
"EMR2",0.67169296819065,0.472162131711451,TRUE,"retained"
"NR3C1",0.58072196949585,0.38134997573221,TRUE,"retained"
"PACSIN2",0.482783026935301,0.233087830263307,TRUE,"retained"
"N4BP2",0.3197408451783,0.132314097986299,TRUE,"retained"
"ELF2",0.563385104185681,0.353174349200127,TRUE,"retained"
"BTLA",0.3723400120335,0.240908466966349,TRUE,"retained"
"KLRG1",0.641606681292149,1.08556258152111,TRUE,"retained"
"GAMT",0.2773481391282,0.0703753803535618,TRUE,"retained"
"FAM71E2",0.2521195444278,0.0753792648021347,TRUE,"retained"
"SLC38A5",0.9726707116182,0.917464000280422,TRUE,"retained"
"SEC22C",0.3809816006465,0.176045801465107,TRUE,"retained"
"SPATA22",0.3030968966256,0.117744328339535,TRUE,"retained"
"SP140L",0.5758549728708,0.351774584820339,TRUE,"retained"
"NEK8",0.1966673508415,0.0490159706210481,TRUE,"retained"
"RNF122",0.2702980907277,0.077392183372294,TRUE,"retained"
"CLEC4D",1.64223943647435,2.95995979602124,TRUE,"retained"
"GCNT1",0.496060848324999,0.24839694226598,TRUE,"retained"
"IL18R1",1.5133043835798,1.83670876901118,TRUE,"retained"
"SLC6A5",0.320176350774,0.134801687420199,TRUE,"retained"
"TNIP2",0.3484122075777,0.133696670806918,TRUE,"retained"
"LRRK2",0.860116193734351,0.98231444643881,TRUE,"retained"
"FANCB",0.2643362514534,0.0780705015291023,TRUE,"retained"
"FLCN",0.789382273988701,0.641630686437216,TRUE,"retained"
"C9orf139",0.2111320903944,0.053514809247596,TRUE,"retained"
"ZNF441",0.4291818722982,0.390778428804946,TRUE,"retained"
"FAM72A",0.2482433615991,0.0983605006129407,TRUE,"retained"
"CD47",0.539535836313599,0.345470851087886,TRUE,"retained"
"C17orf55",0.2690490610143,0.0811668529746893,TRUE,"retained"
"TBXA2R",0.41378417617845,0.181652631006532,TRUE,"retained"
"C1QTNF5",0.2626767150042,0.0758115983447202,TRUE,"retained"
"NDRG3",0.308304075153479,0.0974185704233948,TRUE,"retained"
"POLR3E",0.4652950912827,0.271766814237694,TRUE,"retained"
"FCRL2",0.223007467465861,0.123295143385373,TRUE,"retained"
"AKTIP",0.35676918552114,0.117033026263843,TRUE,"retained"
"ZNF549",0.265534106262599,0.147609903679969,TRUE,"retained"
"IQSEC2",0.4112286144813,0.181755031579895,TRUE,"retained"
"GDF5",0.2782416806505,0.100513773231298,TRUE,"retained"
"C18orf1",0.3139949283086,0.148208046582402,TRUE,"retained"
"XCL1",0.5631630258282,0.656430267307565,TRUE,"retained"
"KIAA0754",0.792265027344,0.644741153623193,TRUE,"retained"
"RNF215",0.2920730903013,0.0926026756488991,TRUE,"retained"
"RFESD",0.3370029600945,0.611588883210505,TRUE,"retained"
"SLC39A6",0.4703542535006,0.230595041280409,TRUE,"retained"
"NLRX1",0.444446131823401,0.21139949377543,TRUE,"retained"
"RNF135",0.6133591731057,0.405647709916887,TRUE,"retained"
"TMBIM4",0.375293578441951,0.188694224634975,TRUE,"retained"
"GPR158",0.2573229478113,0.0748086094821703,TRUE,"retained"
"FHAD1",0.286846047602099,0.101460726569487,TRUE,"retained"
"NRXN2",0.2739257438358,0.0879781813564912,TRUE,"retained"
"FAM18A",0.2797209966915,0.10043787409213,TRUE,"retained"
"FAM70B",0.2778140884323,0.0948619497054626,TRUE,"retained"
"TBP",0.351103816728,0.134950120131154,TRUE,"retained"
"CD8B",0.4497387150795,0.598331400841873,TRUE,"retained"
"HBQ1",1.181073348756,1.45920287333865,TRUE,"retained"
"CCDC125",0.4804717587999,0.356589097083961,TRUE,"retained"
"ANKRD44",0.5337465768684,0.327778309123381,TRUE,"retained"
"TAPBP",0.405655469635079,0.181951860127998,TRUE,"retained"
"NLRC4",0.75828501586425,0.505249332627167,TRUE,"retained"
"CCDC149",0.2037629597871,0.0486547630297998,TRUE,"retained"
"PHTF2",0.476276224820759,0.195423782294037,TRUE,"retained"
"HES7",0.3391140386823,0.111540389290463,TRUE,"retained"
"NOMO2",0.5544724642191,0.283841376881293,TRUE,"retained"
"C15orf58",0.2642323723431,0.0864740995214173,TRUE,"retained"
"NPW",0.2872574453805,0.102228778825368,TRUE,"retained"
"HIVEP3",0.251389389873299,0.0669357697016882,TRUE,"retained"
"C8orf73",0.3499261111941,0.163123671899516,TRUE,"retained"
"FAM177B",0.3058519247322,0.120451261079759,TRUE,"retained"
"FCRL6",0.37396165559886,0.21149171850442,TRUE,"retained"
"C16orf93",0.2941221828657,0.101095100423092,TRUE,"retained"
"SPRED3",0.251385860544,0.0698076204520293,TRUE,"retained"
"ZSCAN2",0.288494960481,0.103571761614202,TRUE,"retained"
"BRCA1",0.21766733596755,0.0647879315101897,TRUE,"retained"
"PTGDR",0.2678721004869,0.161062114544182,TRUE,"retained"
"SLC24A4",0.51094120402395,0.257458839559884,TRUE,"retained"
"RAB12",0.4651116081661,0.2548105341828,TRUE,"retained"
"RPS6KA5",0.9306930730286,0.652857931585428,TRUE,"retained"
"ACCN4",0.3024969269532,0.101360524820243,TRUE,"retained"
"SLC5A10",0.4264517681802,0.209448285489439,TRUE,"retained"
"UTY",0.781345897027501,0.291922930853925,TRUE,"retained"
"ZNF841",0.2503985593977,0.0802271637356003,TRUE,"retained"
"CLP1",0.3878458278702,0.204978685364814,TRUE,"retained"
"TNFRSF13C",0.3171594391686,0.131251069208213,TRUE,"retained"
"KRTAP5-2",0.42294668346735,0.181996057592121,TRUE,"retained"
"FAM132A",0.297651082953,0.102053102550421,TRUE,"retained"
"TMEM105",0.3577150763151,0.138541889798704,TRUE,"retained"
"SLC34A3",0.3374571004896,0.121219080387046,TRUE,"retained"
"OSGIN1",0.26205280171245,0.0752517644515859,TRUE,"retained"
"LCE1E",0.2581022994816,0.075571891817804,TRUE,"retained"
"C20orf173",0.3213400183098,0.131687629752028,TRUE,"retained"
"C21orf59",0.65939179892565,0.500355964993571,TRUE,"retained"
"DDX41",0.516533407026,0.275785663947973,TRUE,"retained"
"RBM4B",0.3399506505885,0.143713622232035,TRUE,"retained"
"ARF5",0.3554182798383,0.142134633822179,TRUE,"retained"
"ENTPD6",0.3023082960023,0.0899848023588499,TRUE,"retained"
"STK11",0.721034726817299,0.647177442278027,TRUE,"retained"
"SLC13A2",0.2583723002154,0.0770930593065778,TRUE,"retained"
"CD151",0.6302544720255,0.419250704413235,TRUE,"retained"
"BSG",0.7154333723432,0.66301554555967,TRUE,"retained"
"OBFC2B",0.2288523917211,0.0585117441371471,TRUE,"retained"
"MPPED1",0.4306756021764,0.187155585914972,TRUE,"retained"
"SAMSN1",1.40755119830955,2.01089842260325,TRUE,"retained"
"CSNK1G2",0.564943215894749,0.333981422205135,TRUE,"retained"
"C6orf130",0.5032353412275,0.268420585992475,TRUE,"retained"
"ZNF226",0.32441900452395,0.126826063530914,TRUE,"retained"
"ARMCX5",0.3179486931243,0.16536501998682,TRUE,"retained"
"RBCK1",0.33420407112015,0.159009808697477,TRUE,"retained"
"PRKRIR",0.7265918874564,0.504000588965556,TRUE,"retained"
"RPP14",0.2386821194184,0.0647732246145288,TRUE,"retained"
"SH2B1",0.1971957766625,0.0460242749650928,TRUE,"retained"
"RASA3",0.3623407863383,0.173653601203068,TRUE,"retained"
"RAB34",0.452040463934499,0.231119768388044,TRUE,"retained"
"PSG7",0.2587898722815,0.0791653614008414,TRUE,"retained"
"ZNF317",0.4744187522277,0.285056675575493,TRUE,"retained"
"CXXC5",0.7515290566175,0.670947674523767,TRUE,"retained"
"EPHB4",0.34596992986395,0.122084047815975,TRUE,"retained"
"DNM2",0.242339874001399,0.0622198185830971,TRUE,"retained"
"RGS12",0.2557026080938,0.0667223756862292,TRUE,"retained"
"C16orf54",0.421462703784499,0.198164427163531,TRUE,"retained"
"LOC440040",0.3295671139698,0.119705752438892,TRUE,"retained"
"ANAPC10",0.3129173143362,0.135865445982556,TRUE,"retained"
"HIST1H4K",0.342832910979301,0.248397751664534,TRUE,"retained"
"THOC5",0.5548081619241,0.309666307697353,TRUE,"retained"
"P2RX3",0.2665650744267,0.0884029483612875,TRUE,"retained"
"NAT6",0.274652117019,0.0863180341963302,TRUE,"retained"
"THADA",0.485875952184,0.234546700865469,TRUE,"retained"
"AQP12A",0.2662892463336,0.0923918779682229,TRUE,"retained"
"VSX1",0.3454712584659,0.149057017636828,TRUE,"retained"
"OR10H1",0.28709948139285,0.0908756575724217,TRUE,"retained"
"GYPE",0.2461393476003,0.222089568344382,TRUE,"retained"
"DLEU7",0.262931022417,0.0805572914691898,TRUE,"retained"
"GHRHR",0.24857081345355,0.0746322259952313,TRUE,"retained"
"CD160",0.32662378417305,0.367777367225687,TRUE,"retained"
"AIRE",0.2774738198715,0.0936752267114264,TRUE,"retained"
"MYBBP1A",0.2634033016818,0.0837521492020413,TRUE,"retained"
"KCNH4",0.2714073631521,0.0749613926511601,TRUE,"retained"
"NTN3",0.2671129062462,0.0841628730109902,TRUE,"retained"
"TOM1",0.448956964244701,0.205417239011733,TRUE,"retained"
"PNPLA1",0.3397815326304,0.215228289916575,TRUE,"retained"
"WDFY3",0.8232844549518,0.689311714565062,TRUE,"retained"
"TNXA",0.4422199701171,0.24395767316921,TRUE,"retained"
"TREML4",0.31672706593605,0.236992182624772,TRUE,"retained"
"FBXL6",0.2700044047176,0.0803989892400678,TRUE,"retained"
"MRGPRE",0.328117052592,0.120932767735443,TRUE,"retained"
"KRTAP12-1",0.4133964662709,0.160378941316637,TRUE,"retained"
"C2CD4D",0.2996912821413,0.0938923401971029,TRUE,"retained"
"WNT9A",0.251899603683,0.0823175207393659,TRUE,"retained"
"CD48",0.521949248827651,0.315990249687397,TRUE,"retained"
"HIST1H4D",0.2952680710623,0.207481405966242,TRUE,"retained"
"ANAPC7",0.38049642140265,0.149949638375283,TRUE,"retained"
"GPR142",0.3110472679608,0.117722849027454,TRUE,"retained"
"SSTR4",0.263382474117,0.0800189873694798,TRUE,"retained"
"MRGPRD",0.3851363533899,0.157727937844891,TRUE,"retained"
"GNG8",0.3378592898394,0.184234363462086,TRUE,"retained"
"NDRG2",0.2736922358184,0.076686393239504,TRUE,"retained"
"DNAJB13",0.2810849738655,0.0910651246803144,TRUE,"retained"
"NEU2",0.3174757763415,0.118740055667152,TRUE,"retained"
"IGJ",1.7086976905278,3.04324724929823,TRUE,"retained"
"LARS",0.6628466553744,0.45051144892996,TRUE,"retained"
"USP14",0.373020349189426,0.144911032723512,TRUE,"retained"
"ZNF791",0.43496892296592,0.195640081469463,TRUE,"retained"
"GDI2",0.459424030420321,0.21849459170483,TRUE,"retained"
"MAPK1IP1L",0.418236257185949,0.173730922791909,TRUE,"retained"
"RSL1D1",0.501245984099699,0.281305839773139,TRUE,"retained"
"NOP2",0.2882577521411,0.114047293835514,TRUE,"retained"
"OPTN",1.0511500464689,1.10901769159287,TRUE,"retained"
"FKBP4",0.5000908214988,0.528406327617311,TRUE,"retained"
"MED28",0.35517615235515,0.144097066597272,TRUE,"retained"
"ADAM10",0.62444679757635,0.409057119283565,TRUE,"retained"
"ITGA6",0.652864029363,0.440385302484969,TRUE,"retained"
"SLC16A3",0.4959788939035,0.288991629397629,TRUE,"retained"
"EXOSC2",0.2352739733946,0.0657099484796437,TRUE,"retained"
"KIF1A",0.26377788094245,0.0709135635657927,TRUE,"retained"
"DCAF4",0.2787029597646,0.107439009347727,TRUE,"retained"
"ANTXR2",0.4054322019853,0.19706225694961,TRUE,"retained"
"EEF1A1",0.347402433328859,0.127389767923008,TRUE,"retained"
"CELF1",0.322871146525899,0.118589738228097,TRUE,"retained"
"C10orf32",0.414327058856761,0.179484821025269,TRUE,"retained"
"KIF5B",0.43321373294535,0.190389795152623,TRUE,"retained"
"Septin 7",0.540547560329699,0.27460037450085,TRUE,"retained"
"P2RX7",0.2830205385588,0.106869864136259,TRUE,"retained"
"C15orf63",0.33822275182395,0.121682922129866,TRUE,"retained"
"JMJD6",0.63384173503245,0.312085246146534,TRUE,"retained"
"C8orf33",0.3185128609719,0.137699298399826,TRUE,"retained"
"NEK9",0.4155805036047,0.215995666351938,TRUE,"retained"
"CAMLG",0.4062310456449,0.19807403720343,TRUE,"retained"
"FAM120B",0.27245818370085,0.0775117758854047,TRUE,"retained"
"CTNNBL1",0.3873456720189,0.171590430750478,TRUE,"retained"
"OLIG2",0.2511025942467,0.101558164194169,TRUE,"retained"
"GCA",0.622780834056148,0.494794064518506,TRUE,"retained"
"RBM42",0.5279015709219,0.252731192207172,TRUE,"retained"
"GGA1",0.2767648484587,0.0873866994161324,TRUE,"retained"
"CCDC59",0.3133556035134,0.096786252857094,TRUE,"retained"
"MAN1A1",0.93545064240705,0.732879098871894,TRUE,"retained"
"CYTSA",0.41246740202325,0.255997201793253,TRUE,"retained"
"ENTPD4",0.368528808597599,0.137013908039477,TRUE,"retained"
"ARL8A",0.434389876189501,0.21066447020402,TRUE,"retained"
"ARHGAP18",0.5947208690864,0.339788945435634,TRUE,"retained"
"BLZF1",0.308497013415675,0.138089514243691,TRUE,"retained"
"FGFR1OP2",0.801761235461026,0.633622247131337,TRUE,"retained"
"ZFAND5",0.519888824792634,0.339158353991398,TRUE,"retained"
"FCGRT",0.344595912275651,0.146624703058477,TRUE,"retained"
"DPPA4",0.2781645179922,0.090180364225223,TRUE,"retained"
"SFRS5",0.60661100549028,0.372970889633683,TRUE,"retained"
"ENPP4",0.53176314458085,0.472396831256884,TRUE,"retained"
"SPATA20",0.3325456173396,0.125010597107403,TRUE,"retained"
"LYRM2",0.362531571507,0.135360207052458,TRUE,"retained"
"PRMT7",0.37991728670805,0.178687854358551,TRUE,"retained"
"XPR1",0.2698531439352,0.0837073747526926,TRUE,"retained"
"MPPE1",0.4768281232638,0.327574688542347,TRUE,"retained"
"GBP6",0.268249419963,0.53047868607143,TRUE,"retained"
"EIF4E",0.477897879394425,0.232088933393634,TRUE,"retained"
"CCDC34",0.4023618540165,0.362917418287435,TRUE,"retained"
"C9orf86",0.2966188496369,0.0927602042100607,TRUE,"retained"
"KIAA0355",0.2684454441459,0.0991472253632173,TRUE,"retained"
"TRNT1",0.2887951116155,0.097864271171774,TRUE,"retained"
"RBBP5",0.3594800226591,0.13209309709568,TRUE,"retained"
"ORMDL3",0.4249282150617,0.191328847136521,TRUE,"retained"
"RRM2B",0.779205136046401,0.581685661833759,TRUE,"retained"
"GLUD2",0.33890608512915,0.145242301050817,TRUE,"retained"
"OSBP2",1.0151679221887,0.970310768683648,TRUE,"retained"
"PLXNC1",0.6325752962592,0.594627229354915,TRUE,"retained"
"METTL2B",0.2289544425385,0.0682603679771901,TRUE,"retained"
"MRP63",0.378415300601099,0.165515326426949,TRUE,"retained"
"CASP6",0.3946645350732,0.182651826287954,TRUE,"retained"
"DHDDS",0.3073831762512,0.0880804969629191,TRUE,"retained"
"MAP3K8",0.7202321405811,0.570451948590072,TRUE,"retained"
"C22orf25",0.5118818519313,0.303994213050967,TRUE,"retained"
"SPATS2",0.4127588244738,0.414064774057586,TRUE,"retained"
"C16orf87",0.2610585193734,0.106860156869522,TRUE,"retained"
"PIGC",0.3762738731913,0.151071531482284,TRUE,"retained"
"ZNF362",0.568125246515401,0.327733553835242,TRUE,"retained"
"PTER",0.381793009094,0.200248129020066,TRUE,"retained"
"ABCA5",0.507356379152699,0.274042288213449,TRUE,"retained"
"C9orf21",0.319860270832199,0.129293061370197,TRUE,"retained"
"ORMDL2",0.355268983500899,0.118318049946925,TRUE,"retained"
"HIST1H2AC",0.7485152130057,0.584531824362076,TRUE,"retained"
"AMIGO2",0.6060844477947,0.529169105003166,TRUE,"retained"
"KIAA0101",0.45434323761204,0.480416965714878,TRUE,"retained"
"MUC21",0.2697511944288,0.0888471718118721,TRUE,"retained"
"NUP160",0.36101135905695,0.208780631774465,TRUE,"retained"
"INPP4A",0.5124858329192,0.334176908727902,TRUE,"retained"
"PRKCE",0.5160255409134,0.381751668627052,TRUE,"retained"
"SNX20",0.340289419314075,0.14262272183376,TRUE,"retained"
"KIAA1012",0.412234906745201,0.225383548105105,TRUE,"retained"
"RPAIN",0.292514800670662,0.101623155661315,TRUE,"retained"
"NANP",0.310826611120201,0.11564530242436,TRUE,"retained"
"TLR2",0.7984404853096,0.63434464179304,TRUE,"retained"
"ZNF136",0.3682298274816,0.168545371126851,TRUE,"retained"
"NKX3-1",0.2820719703375,0.224864001549203,TRUE,"retained"
"CHKA",0.3083731853664,0.317516213968487,TRUE,"retained"
"TAF8",0.2559686764782,0.0775368773138468,TRUE,"retained"
"LPAR5",0.3566639900103,0.206947326258348,TRUE,"retained"
"C17orf91",0.5424529785759,0.465561093483628,TRUE,"retained"
"CSNK1A1",0.355451304011999,0.140911650247843,TRUE,"retained"
"FCGR1A",0.8280806781303,0.648491986404136,TRUE,"retained"
"SNRNP48",0.3731297263365,0.147245892733943,TRUE,"retained"
"BAIAP3",0.3104384449425,0.150649557454498,TRUE,"retained"
"CD96",0.394867082943199,0.388071317355542,TRUE,"retained"
"C19orf39",0.3788605083312,0.167755412117473,TRUE,"retained"
"ACOT9",0.4143743706984,0.206882098874826,TRUE,"retained"
"PHF20",0.54892147601445,0.321666700088575,TRUE,"retained"
"DEDD",0.311680804253174,0.0945116713793226,TRUE,"retained"
"RUSC1",0.308917289929501,0.099664112603098,TRUE,"retained"
"EGR3",0.24269351351385,0.12475655213066,TRUE,"retained"
"OPA3",0.2310860412987,0.0594349015453765,TRUE,"retained"
"KIAA0586",0.28046264547315,0.0823821480247636,TRUE,"retained"
"MCM10",0.2569782863067,0.0849084041646535,TRUE,"retained"
"MBOAT1",0.553486693116,0.354435262861441,TRUE,"retained"
"TM2D3",0.528554487205499,0.269917657365419,TRUE,"retained"
"MSL2",0.5097542489193,0.31066361618718,TRUE,"retained"
"ZNF697",0.2478296791341,0.0653731315032874,TRUE,"retained"
"ABAT",0.597707209232701,0.440004464997987,TRUE,"retained"
"ZNF662",0.2789896723656,0.0974211651201263,TRUE,"retained"
"RFT1",0.287253829072,0.090972025272153,TRUE,"retained"
"GABRA3",0.3806683670496,0.16165909610607,TRUE,"retained"
"IAH1",0.545200942834799,0.273421193114027,TRUE,"retained"
"DNMT1",0.649003807835251,0.470335475471275,TRUE,"retained"
"NUP62",0.42712802688885,0.20582547440529,TRUE,"retained"
"CCDC82",0.475084595856674,0.281600537804485,TRUE,"retained"
"ZNF800",0.298869170248425,0.0902073577365556,TRUE,"retained"
"CLIP4",0.8869239794541,0.766053617054643,TRUE,"retained"
"STYX",0.77790171159225,0.614646196755416,TRUE,"retained"
"NOL8",0.456301239751351,0.251054471934005,TRUE,"retained"
"PPP4R2",0.817430129946501,0.673136995621797,TRUE,"retained"
"FBXO44",0.293508800111099,0.0929828488525446,TRUE,"retained"
"ZNF430",0.335758607984099,0.121941737275305,TRUE,"retained"
"RBAK",0.3132732999396,0.125373821046649,TRUE,"retained"
"PDCD7",0.4560298768788,0.289175064156786,TRUE,"retained"
"GIN1",0.2983138466658,0.136120812320349,TRUE,"retained"
"KCNK6",0.346361069519499,0.129539708228942,TRUE,"retained"
"ZNF773",0.45474896199915,0.236649735337739,TRUE,"retained"
"FBXO18",0.419156926211099,0.170016152049494,TRUE,"retained"
"SLC35D1",0.44982224735805,0.186782007301954,TRUE,"retained"
"ELL2",0.45369648064188,0.288665555909756,TRUE,"retained"
"TREML2",0.5000535682086,0.27205611190737,TRUE,"retained"
"MXD4",0.523529754727875,0.307676555780596,TRUE,"retained"
"TNRC6B",0.456987748044448,0.236735513730739,TRUE,"retained"
"TMEM38A",0.4414200243915,0.254613200840378,TRUE,"retained"
"IL6R",0.56432836165965,0.416494853875953,TRUE,"retained"
"NMT2",0.30585577912155,0.287569728675217,TRUE,"retained"
"SERAC1",0.2600228684172,0.0813822560407407,TRUE,"retained"
"CXorf38",0.48157950822345,0.290340849872534,TRUE,"retained"
"ZNF701",0.2567009103792,0.0889996414550448,TRUE,"retained"
"TNNT1",0.56957470017546,0.699670463958261,TRUE,"retained"
"CARD9",0.6994111444404,0.485284128673008,TRUE,"retained"
"SMC2",0.2395371229776,0.13904030113357,TRUE,"retained"
"RHCE",0.732188695537599,1.37777100032509,TRUE,"retained"
"TMEM170A",0.2998844883958,0.106623730261242,TRUE,"retained"
"FANCD2",0.3820103543004,0.144760240928057,TRUE,"retained"
"REL",0.54022974908175,0.356968036199643,TRUE,"retained"
"KLHL36",0.309440977608,0.102268747581854,TRUE,"retained"
"TMEM121",0.2861362313544,0.0912591587506567,TRUE,"retained"
"ZNF518A",0.419050369525199,0.217065918181211,TRUE,"retained"
"DOCK5",0.5185045934082,0.313488645974292,TRUE,"retained"
"PON1",0.2618935078326,0.0814649001172144,TRUE,"retained"
"SLC39A14",0.2717410815861,0.102584439957076,TRUE,"retained"
"FAM20A",0.7409462279184,0.903418984715415,TRUE,"retained"
"GPR155",0.712800455743951,0.567270764493375,TRUE,"retained"
"AP1G2",0.6664396979268,0.404743831520036,TRUE,"retained"
"RAMP3",0.2849596674225,0.092788863307808,TRUE,"retained"
"BOD1L",0.556351031096699,0.440620599899373,TRUE,"retained"
"ZBTB24",0.4564398105897,0.238419491295821,TRUE,"retained"
"XPO7",0.604425779902,0.750248520400764,TRUE,"retained"
"TGM3",0.2713897209534,0.0958533657157307,TRUE,"retained"
"KIAA1432",0.471206729721,0.213573476295953,TRUE,"retained"
"CCR6",0.2254750439942,0.101193567162675,TRUE,"retained"
"TMEM110",0.8727956057646,0.85876018724637,TRUE,"retained"
"LRTOMT",0.2807253047424,0.0880669710963564,TRUE,"retained"
"APOBEC3H",0.2232847997555,0.103310297640477,TRUE,"retained"
"AAK1",0.576784415552099,0.337768632594289,TRUE,"retained"
"DENND4A",0.2884181487047,0.112423101157309,TRUE,"retained"
"PTGR1",0.2646001490643,0.117734830936183,TRUE,"retained"
"REST",0.3003575699943,0.112150351282082,TRUE,"retained"
"CLEC4E",0.83541401395515,0.749204894828801,TRUE,"retained"
"MCM4",0.2626455907824,0.151087714806707,TRUE,"retained"
"SIRT7",0.34565409751635,0.137754982082472,TRUE,"retained"
"CYFIP1",0.348912142336275,0.131045212067753,TRUE,"retained"
"TRIM38",0.4124975436519,0.236563417205681,TRUE,"retained"
"HEMGN",1.6794635858007,2.5997601519819,TRUE,"retained"
"ERN2",0.39184522624905,0.161557442935149,TRUE,"retained"
"MAP3K9",0.23199332096325,0.0606563759649443,TRUE,"retained"
"HPS5",0.55725740711655,0.307562517222988,TRUE,"retained"
"NCALD",0.3447723889953,0.20271309348687,TRUE,"retained"
"RPL32",0.342968351678401,0.118961504873541,TRUE,"retained"
"DPY19L3",0.3429926374077,0.160700784542473,TRUE,"retained"
"ZNF621",0.2557749466188,0.080836353757674,TRUE,"retained"
"RASA2",0.5719244379261,0.366731064028861,TRUE,"retained"
"CLEC5A",0.6663473840849,0.529015722512852,TRUE,"retained"
"EPC1",0.48190974106485,0.212245353883826,TRUE,"retained"
"ZBTB20",0.669617150278651,0.478710144115735,TRUE,"retained"
"ADAM28",0.26287090039245,0.177606070081861,TRUE,"retained"
"CARD16",0.637417817258599,0.479468947799395,TRUE,"retained"
"ZNF33B",0.2916802057491,0.133487999073159,TRUE,"retained"
"C14orf28",0.358267592409301,0.1428859072194,TRUE,"retained"
"WNT3",0.274224038508,0.095111159816162,TRUE,"retained"
"NXT2",0.4448591352576,0.285636527235874,TRUE,"retained"
"RUNX1T1",0.2926664231148,0.105704929651971,TRUE,"retained"
"PLAG1",0.2806469671236,0.157809487968124,TRUE,"retained"
"ZNF43",0.254082376359,0.0835245190087235,TRUE,"retained"
"PDCD1LG2",0.2565683266503,0.0886813560420476,TRUE,"retained"
"C10orf95",0.3834739295772,0.152629330409018,TRUE,"retained"
"MAP3K7",0.50838169873435,0.265760759082324,TRUE,"retained"
"SEC23B",0.587700853837651,0.373893475522844,TRUE,"retained"
"TPCN2",0.251732692575,0.0639334603270598,TRUE,"retained"
"RASL11A",0.2706882139374,0.0773119518802729,TRUE,"retained"
"TMEM93",0.3956649839163,0.166259212500761,TRUE,"retained"
"MMP16",0.2619472602369,0.084658558089877,TRUE,"retained"
"ZNF514",0.2783608965165,0.0938812141861973,TRUE,"retained"
"FCRL1",0.719676608322525,0.624721729631432,TRUE,"retained"
"STXBP5",0.681240733908,0.400739581003502,TRUE,"retained"
"STAG3L3",0.633577545719999,0.413946822643278,TRUE,"retained"
"SOCS4",0.8729990058825,0.657715629129781,TRUE,"retained"
"PRRG4",0.4652007408426,0.417719868010046,TRUE,"retained"
"NAIP",1.08090466030365,1.15247455674051,TRUE,"retained"
"ZBTB3",0.298205137986,0.102992147835294,TRUE,"retained"
"HIST1H1D",0.2279105226279,0.0648526777986375,TRUE,"retained"
"UBP1",0.6121378613406,0.417191870194957,TRUE,"retained"
"AMMECR1L",0.2458193706444,0.0662910541531359,TRUE,"retained"
"DUOXA1",0.3005416421973,0.102310102356945,TRUE,"retained"
"THEM5",0.2500006095426,0.258796611575276,TRUE,"retained"
"CLEC4C",0.319895501856,0.169688480357466,TRUE,"retained"
"KLRG2",0.3182173936179,0.131617504562151,TRUE,"retained"
"ZNF431",0.3274488507024,0.135833091789865,TRUE,"retained"
"PRPF40B",0.3464534527965,0.136188905973742,TRUE,"retained"
"PPT2",0.22537400715165,0.0547839903297698,TRUE,"retained"
"MOSPD3",0.3461262674394,0.162308395852612,TRUE,"retained"
"CHRNA4",0.303325085815501,0.116796490573809,TRUE,"retained"
"AGAP2",0.4021403002029,0.155364865019346,TRUE,"retained"
"FAM83E",0.2858841070701,0.109621667216067,TRUE,"retained"
"FLT3",0.6849809274756,0.76052646784892,TRUE,"retained"
"OTX1",0.3968051077641,0.179202891040639,TRUE,"retained"
"FBXL13",0.824713136072699,0.68393579670534,TRUE,"retained"
"SLC41A3",0.2382443269122,0.0655872363222525,TRUE,"retained"
"C19orf38",0.557325427692601,0.389700827441109,TRUE,"retained"
"HSPD1",0.87224550000735,0.880067440930241,TRUE,"retained"
"PHRF1",0.2729178137931,0.0735285800077528,TRUE,"retained"
"PANK2",0.405255922575,0.217946686459171,TRUE,"retained"
"COL9A2",0.2684340162651,0.0910183786806404,TRUE,"retained"
"COPE",0.278458882909551,0.0721853495978793,TRUE,"retained"
"PPP2R5C",0.418460022223321,0.257039755609319,TRUE,"retained"
"BTBD12",0.3770684489397,0.161148448126282,TRUE,"retained"
"ZNF490",0.2743485717189,0.0724803926754173,TRUE,"retained"
"ARL17A",0.33592188983556,0.164468752861376,TRUE,"retained"
"MED19",0.4446466453191,0.198515846701263,TRUE,"retained"
"PABPC5",0.2593583759928,0.081237088274812,TRUE,"retained"
"CTAGE4",0.2710073910306,0.107335595228836,TRUE,"retained"
"RSPH1",0.2831987960046,0.107415272800949,TRUE,"retained"
"SH3YL1",0.6213967146492,0.535057049977645,TRUE,"retained"
"SOCS1",0.4113577178067,0.785182100121806,TRUE,"retained"
"C18orf45",0.243119401854,0.0686354884679105,TRUE,"retained"
"PLIN5",0.8507622964995,0.797925159476361,TRUE,"retained"
"ANKRD34B",1.18613168158275,1.96774391938881,TRUE,"retained"
"STRN3",0.5052626558805,0.241726483036198,TRUE,"retained"
"LRFN1",0.4031862997071,0.162161053069109,TRUE,"retained"
"HSN2",0.281284832052,0.105514825453602,TRUE,"retained"
"March 8",1.194544578528,1.49407482758377,TRUE,"retained"
"HDGF",0.692390576693699,0.422112796108245,TRUE,"retained"
"ZNF124",0.323939397138,0.144391583199443,TRUE,"retained"
"EOMES",0.6144809132077,0.695393659240756,TRUE,"retained"
"AGAP5",0.403829268486,0.185163125463282,TRUE,"retained"
"CD226",0.322227937071599,0.209197107013219,TRUE,"retained"
"SLC16A11",0.3077570316324,0.132308603335933,TRUE,"retained"
"PCDHGA8",0.2511310045692,0.0725612360048904,TRUE,"retained"
"SP100",0.448938898093,0.189686863045435,TRUE,"retained"
"CABP5",0.2955963446478,0.105651047436677,TRUE,"retained"
"RHD",0.455961718698937,0.687551617001694,TRUE,"retained"
"ASB4",0.2610096980967,0.069586703770266,TRUE,"retained"
"ZNF805",0.4332257164305,0.172571292388759,TRUE,"retained"
"HTR7",0.2568662825484,0.0703577511661462,TRUE,"retained"
"IFIT1B",2.2123284100407,3.99371473884604,TRUE,"retained"
"TIRAP",0.289491070495201,0.0917325998704695,TRUE,"retained"
"FLJ44635",0.2659854349068,0.0803511821292422,TRUE,"retained"
"GLYCTK",0.20141076951954,0.0413048103574882,TRUE,"retained"
"NUP155",0.2488289989773,0.081330463018419,TRUE,"retained"
"ACOX3",0.3461771532366,0.118670916702852,TRUE,"retained"
"C14orf2",0.50709271920258,0.259112985803473,TRUE,"retained"
"RREB1",0.504002004807,0.255153954002318,TRUE,"retained"
"LAMC2",0.2794514377725,0.078919650754789,TRUE,"retained"
"SLC6A9",0.322222805237025,0.115731602655999,TRUE,"retained"
"ZNF345",0.39889287432015,0.180923501037647,TRUE,"retained"
"PDE1C",0.2463602601894,0.0718391668605147,TRUE,"retained"
"C20orf200",0.3286647976794,0.130417519333108,TRUE,"retained"
"ASB16",0.23378682292455,0.0635421269723001,TRUE,"retained"
"STAG3L2",0.663959214723,0.447241934400284,TRUE,"retained"
"ANO7",0.292160580751199,0.115383115887091,TRUE,"retained"
"FXYD2",0.2530221409296,0.0819279661563307,TRUE,"retained"
"HOXC5",0.3262228835733,0.126477166146557,TRUE,"retained"
"TCP11L2",0.8692897786398,1.15888671070706,TRUE,"retained"
"LOC100132288",0.4725200264379,0.207702860673209,TRUE,"retained"
"GALR3",0.3072816337185,0.118527977065153,TRUE,"retained"
"ANKRD58",0.528994471735799,0.283859074538028,TRUE,"retained"
"TSPO2",0.8074109197917,1.06605549218457,TRUE,"retained"
"GLT8D1",0.6314808757803,0.375035615380385,TRUE,"retained"
"BTF3",0.389057173103899,0.172667688674972,TRUE,"retained"
"MICALCL",0.7434586315002,0.77502506140672,TRUE,"retained"
"FAM163B",0.3595184657358,0.155211920395127,TRUE,"retained"
"RASGRP4",0.5136065566989,0.291737454355863,TRUE,"retained"
"MSR1",0.324735432691425,0.233620693819863,TRUE,"retained"
"TMC5",0.2559302277182,0.108068185447349,TRUE,"retained"
"BMF",0.1810685799384,0.0389480252001053,TRUE,"retained"
"ZNF763",0.2622992094618,0.0873171933893679,TRUE,"retained"
"C1orf70",0.2550285405444,0.0786369491238982,TRUE,"retained"
"PRSSL1",0.2841009892392,0.130994086687711,TRUE,"retained"
"KRT32",0.2978180867235,0.103542433318074,TRUE,"retained"
"RBMY1A1",0.27497312104605,0.0874250623711874,TRUE,"retained"
"PON2",0.24791783564205,0.130676474705615,TRUE,"retained"
"SRF",0.471309052101302,0.226547061756362,TRUE,"retained"
"PI4KB",0.272083116071762,0.0800840180832106,TRUE,"retained"
"ADRA2B",0.3235202572224,0.118421554011565,TRUE,"retained"
"SIRPB2",0.6339031928796,0.607091108558505,TRUE,"retained"
"GPBAR1",0.6192040374639,0.346006036056693,TRUE,"retained"
"MEFV",0.3949047392535,0.170709890213205,TRUE,"retained"
"CEACAM4",0.772234037393175,0.735483283706175,TRUE,"retained"
"DYRK1A",0.5270943560085,0.405183865290672,TRUE,"retained"
"CIDEB",0.538793249787449,0.328363208241299,TRUE,"retained"
"NUDT17",0.3164396183361,0.118986559812224,TRUE,"retained"
"PMS2L5",0.2857238194776,0.0895839117604269,TRUE,"retained"
"KLF14",0.281771473263,0.128100181022416,TRUE,"retained"
"YIPF7",0.2769655497504,0.0807078086915256,TRUE,"retained"
"KCNA7",0.2475163501566,0.086196491569384,TRUE,"retained"
"MYSM1",0.4742217265485,0.190696846638186,TRUE,"retained"
"KILLIN",0.2731890895629,0.0916744258740474,TRUE,"retained"
"C17orf67",0.3819403096047,0.182912677939085,TRUE,"retained"
"DNM1L",0.4381830828382,0.18986568886224,TRUE,"retained"
"ZNF438",0.875837209331701,0.715260906217985,TRUE,"retained"
"HEPN1",0.2706569829684,0.133210102110549,TRUE,"retained"
"SETD4",0.2969858521938,0.0932152610542192,TRUE,"retained"
"TLR6",0.45446169194055,0.220452463035622,TRUE,"retained"
"RHOT2",0.369826424966251,0.126983052018999,TRUE,"retained"
"RFPL2",0.2643694127676,0.0927014573388102,TRUE,"retained"
"ANKFY1",0.4416951544271,0.27160899356495,TRUE,"retained"
"TMEM145",0.3193097888652,0.125433292447295,TRUE,"retained"
"ZSCAN5B",0.2442242865237,0.0742686050870197,TRUE,"retained"
"LFNG",0.4554627616224,0.195068195583641,TRUE,"retained"
"SIGLEC11",0.2623122429984,0.153861249073527,TRUE,"retained"
"NFKBID",0.24294082824375,0.0849930107311122,TRUE,"retained"
"ICAM4",0.56987967121785,0.354046998279584,TRUE,"retained"
"EEF1E1",0.31897706043735,0.182554075582655,TRUE,"retained"
"COL25A1",0.2508575708751,0.07827348777055,TRUE,"retained"
"GPR27",0.412874262675,0.184736770046584,TRUE,"retained"
"TTBK2",0.3928522152114,0.175969133687137,TRUE,"retained"
"GMFB",0.512204622741,0.245468844283923,TRUE,"retained"
"C10orf57",0.3978629317446,0.162802508133527,TRUE,"retained"
"SNX5",0.395887282736399,0.182368111784521,TRUE,"retained"
"HSD17B4",0.4711141910181,0.25072696348599,TRUE,"retained"
"TIAM2",0.715213299399901,0.840043522062378,TRUE,"retained"
"C3orf17",0.3013781955408,0.10535611143028,TRUE,"retained"
"PIAS1",0.4471970479389,0.283491227338683,TRUE,"retained"
"CCDC109A",0.679108184307,0.458346493121012,TRUE,"retained"
"RNF182",0.8532335408814,3.60941521757256,TRUE,"retained"
"ZNF7",0.4564873798107,0.217365716319085,TRUE,"retained"
"TNFSF8",0.3818853511053,0.238486618763971,TRUE,"retained"
"PROSC",0.5589293179631,0.330863199243752,TRUE,"retained"
"CST4",0.4153584457071,0.205244576997448,TRUE,"retained"
"KCNAB2",0.35510314913115,0.13044866970498,TRUE,"retained"
"SHISA5",0.440749948742599,0.227252689516276,TRUE,"retained"
"ACE",0.2778467041497,0.113407880126412,TRUE,"retained"
"PTRH2",0.5625270363888,0.316695123727781,TRUE,"retained"
"IDH3A",0.38584446205305,0.183375205675091,TRUE,"retained"
"FGFR1OP",0.437884263943349,0.212285266112048,TRUE,"retained"
"FAM40A",0.317387081279099,0.0951482028185756,TRUE,"retained"
"R3HDM1",0.4195069747428,0.216777903562539,TRUE,"retained"
"YIPF2",0.4265892299102,0.233580339331656,TRUE,"retained"
"KCNH7",0.3343615451085,0.141575232139897,TRUE,"retained"
"NNT",0.478649334870839,0.231304912380406,TRUE,"retained"
"GYG1",1.2601426271966,1.41956478951332,TRUE,"retained"
"KIAA1539",0.5637488922681,0.37257087483645,TRUE,"retained"
"RUNDC2B",0.3317000164296,0.117876392578889,TRUE,"retained"
"FAM165B",0.2851896468519,0.10162827241687,TRUE,"retained"
"FAM102A",0.527356528614301,0.462167725481714,TRUE,"retained"
"MR1",0.500065958049699,0.276071113138226,TRUE,"retained"
"RSPH3",0.2875321103739,0.0922571980669843,TRUE,"retained"
"KIAA1949",0.337824644998578,0.114006974033413,TRUE,"retained"
"LRRC50",0.4538049375762,1.10487033582378,TRUE,"retained"
"PAPPA2",0.3084653645388,0.122432733822243,TRUE,"retained"
"GPR77",0.3881538039204,0.172577185816674,TRUE,"retained"
"FAM78A",0.5269022681286,0.365122972085027,TRUE,"retained"
"ZCCHC9",0.6508296731013,0.424149905160129,TRUE,"retained"
"GALNT2",0.6979544091387,0.608865910210375,TRUE,"retained"
"TMEM82",0.2643989943441,0.0871894228511668,TRUE,"retained"
"HRH4",0.2760685070682,0.635117725179946,TRUE,"retained"
"ABCB7",0.6556612567134,0.413092970550979,TRUE,"retained"
"TOX2",0.27843324331935,0.0720267794204681,TRUE,"retained"
"METTL5",0.5692264810239,0.330815448488014,TRUE,"retained"
"PPP1CA",0.3251603842137,0.105396165414552,TRUE,"retained"
"GPR84",2.4700803822618,4.45290219296365,TRUE,"retained"
"CCT7",0.502318058831401,0.322384982814321,TRUE,"retained"
"C17orf60",0.7178209002335,0.468927977728445,TRUE,"retained"
"LILRA1",0.543072874145199,0.272235907493403,TRUE,"retained"
"RIPK1",0.27725579108766,0.0938611778398184,TRUE,"retained"
"HDHD2",0.3843810588814,0.145189511444237,TRUE,"retained"
"C5",0.2651225883936,0.118163678171443,TRUE,"retained"
"RALGDS",0.44311392128178,0.216324570091733,TRUE,"retained"
"SLC16A5",0.4890126904866,0.233421570924011,TRUE,"retained"
"EIF5A",0.407658340834849,0.204025785645823,TRUE,"retained"
"AUTS2",0.4778796928962,0.653185259101012,TRUE,"retained"
"PLEKHG5",0.266907081891975,0.0789466431476706,TRUE,"retained"
"APBB1",0.28674810148635,0.0796567922330814,TRUE,"retained"
"DAND5",0.283467760401,0.0948272571505689,TRUE,"retained"
"SMYD3",0.3165272637177,0.131485610290053,TRUE,"retained"
"CYHR1",0.2405575631991,0.0555256966864418,TRUE,"retained"
"ODZ1",0.30385642371,0.193548200509448,TRUE,"retained"
"ARHGAP11A",0.2776871126379,0.093647082582238,TRUE,"retained"
"NXNL1",0.2385380915001,0.062680938092788,TRUE,"retained"
"BEND2",0.5583458812575,0.513328693911452,TRUE,"retained"
"APP",0.536686435356831,0.306337023137317,TRUE,"retained"
"SMTNL2",0.2957496773637,0.103157224472953,TRUE,"retained"
"SLC10A3",0.420330809602199,0.196764879606258,TRUE,"retained"
"ARV1",0.4194238839084,0.194413398351738,TRUE,"retained"
"SERINC4",0.2872402790964,0.0899969363484798,TRUE,"retained"
"FAM153C",0.3366025313322,0.125036748829223,TRUE,"retained"
"PCDHGB4",0.2879201401524,0.123360986232948,TRUE,"retained"
"LRAT",0.2632298938206,0.0847978495399927,TRUE,"retained"
"ELOVL7",0.72839351221245,0.651064721649802,TRUE,"retained"
"ATP2C2",0.5434418831541,0.751690885538279,TRUE,"retained"
"PLAUR",0.69685468895784,0.650124296645444,TRUE,"retained"
"HIST1H2AD",0.383603901335551,0.243094491591665,TRUE,"retained"
"HIST1H4H",0.4115579155086,0.26598339639208,TRUE,"retained"
"ZNF235",0.2832141416559,0.0944021624025864,TRUE,"retained"
"POC1B",0.708453558164099,0.649549615041808,TRUE,"retained"
"C5orf56",0.661590409846799,0.458651689320228,TRUE,"retained"
"ABTB1",0.496966386737626,0.264053144496983,TRUE,"retained"
"FASTK",0.2595104853166,0.0747484648875173,TRUE,"retained"
"C2orf62",0.21471803092215,0.0535068961893932,TRUE,"retained"
"IGSF9B",0.3134694456957,0.115559648641022,TRUE,"retained"
"CARD14",0.2560973431779,0.0796361549870588,TRUE,"retained"
"SIGLEC10",0.777677114556825,0.845128494708827,TRUE,"retained"
"HSPBP1",0.21439641717585,0.0490600491053844,TRUE,"retained"
"SSX2IP",0.278755515896025,0.13058741199167,TRUE,"retained"
"AVIL",0.5037747489138,0.393748068826579,TRUE,"retained"
"COX6B2",0.21940040863545,0.0543150464485527,TRUE,"retained"
"NANOS2",0.2615473911561,0.0822041746839525,TRUE,"retained"
"CBX2",0.2897910064056,0.0945917208456385,TRUE,"retained"
"BATF3",0.3106201909461,0.233885637962144,TRUE,"retained"
"CNTNAP3",0.6393415218932,0.496009359031433,TRUE,"retained"
"NLRP3",0.67730830531245,0.623361384344802,TRUE,"retained"
"PITX3",0.24568134948,0.0711037430678777,TRUE,"retained"
"SLC13A4",0.243181819314,0.0887375030607273,TRUE,"retained"
"GPR17",0.2752536026499,0.0902406715358391,TRUE,"retained"
"RAG1AP1",0.359977939784401,0.234268915980874,TRUE,"retained"
"ERV3",0.4956120877911,0.276344794641942,TRUE,"retained"
"C17orf82",0.3882982662405,0.142841907625197,TRUE,"retained"
"C11orf71",0.4105097477019,0.196123111811582,TRUE,"retained"
"ZFYVE27",0.2603302165863,0.0680724483243715,TRUE,"retained"
"CHEK1",0.26284985192025,0.0862277525005509,TRUE,"retained"
"HRH2",0.33326354761,0.125135075423152,TRUE,"retained"
"CXorf49",0.3388936168338,0.123882600169674,TRUE,"retained"
"ZNF493",0.2156426236482,0.058962717937379,TRUE,"retained"
"CCNK",0.43281672602385,0.198257367215598,TRUE,"retained"
"KRTAP10-11",0.635734126413751,0.358209422790405,TRUE,"retained"
"KCNK10",0.2708628471675,0.0825526348876223,TRUE,"retained"
"MCCD1",0.3094517991054,0.0946321391093106,TRUE,"retained"
"FOXD4L3",0.2723075029857,0.079002215670684,TRUE,"retained"
"AMAC1",0.308936693457,0.113117482211723,TRUE,"retained"
"OR14I1",0.2728289667642,0.0872070245020706,TRUE,"retained"
"C20orf201",0.3526883388063,0.15234553622651,TRUE,"retained"
"B3GALT5",0.2467465634802,0.076190568819891,TRUE,"retained"
"TP53",0.2086962008334,0.0452016168031773,TRUE,"retained"
"GPX6",0.3170807657409,0.113063540110163,TRUE,"retained"
"PPIAL4G",0.3719750618892,0.219021568575924,TRUE,"retained"
"MUC1",0.205315388579175,0.0517221925936107,TRUE,"retained"
"KIR2DL5A",0.31245048770355,0.0966615683085496,TRUE,"retained"
"CLRN2",0.2945786702166,0.0880790913388112,TRUE,"retained"
"TCF23",0.2626987397685,0.0777840524551007,TRUE,"retained"
"LIPN",1.1987626237125,1.17605664509484,TRUE,"retained"
"RAD54L2",0.3282919563966,0.11523038597735,TRUE,"retained"
"KRTAP1-1",0.2839176687144,0.103030914446581,TRUE,"retained"
"MAP1LC3C",0.410094558174,0.190661267771909,TRUE,"retained"
"C20orf197",0.26078664648645,0.123962175571098,TRUE,"retained"
"FAM22F",0.29867609884875,0.101331347410136,TRUE,"retained"
"SYAP1",0.3371589981318,0.298637337475041,TRUE,"retained"
"FCAR",1.0697362552071,1.17644067566022,TRUE,"retained"
"TNFRSF13B",0.3088974925246,0.113394002704592,TRUE,"retained"
"LY6G6F",1.2495827587824,1.34779690349709,TRUE,"retained"
"OR7D4",0.2770160819475,0.0945270182721061,TRUE,"retained"
"AMELX",0.3445790438706,0.124289121453483,TRUE,"retained"
"DEFB4A",0.2796609521328,0.0863953841521632,TRUE,"retained"
"ZCCHC6",0.526172026100699,0.34094871872981,TRUE,"retained"
"GFM2",0.6689167088814,0.416731460704122,TRUE,"retained"
"TP73",0.2612637860847,0.0796258000179771,TRUE,"retained"
"FAM129C",0.231001829804025,0.092463481124153,TRUE,"retained"
"KCTD17",0.3555817943097,0.124525287301647,TRUE,"retained"
"ANXA2",0.62745594799314,0.417996359623242,TRUE,"retained"
"KIR2DL4",0.4476886640142,0.663068368257494,TRUE,"retained"
"KAAG1",0.2749055585934,0.0889215954568146,TRUE,"retained"
"ASTL",0.25588512159,0.0803818239442675,TRUE,"retained"
"KRTAP9-3",0.2626733220741,0.100343615628114,TRUE,"retained"
"OR10A4",0.2580816728091,0.0899864159356699,TRUE,"retained"
"PF4V1",1.1658282940899,1.37651498684257,TRUE,"retained"
"CCL14",0.264254784066,0.081502609222527,TRUE,"retained"
"ZNF268",0.5988654415569,0.312953140306096,TRUE,"retained"
"PNPLA8",0.714871103212,0.612100555617057,TRUE,"retained"
"ACPL2",0.7304712440375,0.569167587943609,TRUE,"retained"
"GPAT2",0.2228242409379,0.0593385606240692,TRUE,"retained"
"C3orf25",0.3044084060682,0.121832528666035,TRUE,"retained"
"STAMBPL1",0.4239754725801,0.260849943854753,TRUE,"retained"
"SLC26A5",0.255707869347,0.0710460784639423,TRUE,"retained"
"GAL3ST2",0.2508475492404,0.0808505067418492,TRUE,"retained"
"TARM1",0.26794940844,0.123531767398821,TRUE,"retained"
"UTF1",0.24428417726265,0.0721720929268105,TRUE,"retained"
"NCR1",0.4962584272611,0.256516038242361,TRUE,"retained"
"OR1N2",0.2838188882655,0.0950896203972119,TRUE,"retained"
"LILRA5",0.861005856404395,0.896182056490151,TRUE,"retained"
"ITGB3BP",0.3224318160693,0.181702378114849,TRUE,"retained"
"OR2T3",0.2802491143788,0.093410511258376,TRUE,"retained"
"OR10G4",0.670539675519,0.43476838203404,TRUE,"retained"
"MYL10",0.2591619285276,0.0907698995947301,TRUE,"retained"
"DEFB119",0.2867038973967,0.10321938023974,TRUE,"retained"
"DEFB124",0.2894341786854,0.107437543326453,TRUE,"retained"
"BRWD3",0.3090136908054,0.107619935421635,TRUE,"retained"
"CMIP",0.395325858193002,0.173653632536142,TRUE,"retained"
"ERVWE1",0.2475438783321,0.0822003885571789,TRUE,"retained"
"C1orf109",0.3495790930968,0.204967855892812,TRUE,"retained"
"NPAS1",0.3256481203248,0.131557503795507,TRUE,"retained"
"ADRA1A",0.2756966991576,0.0827549227103447,TRUE,"retained"
"UBXN6",0.95517309273435,0.990786047926123,TRUE,"retained"
"PTPN2",0.515376948138501,0.34582826549644,TRUE,"retained"
"PSG1",0.2977165189866,0.100927913281041,TRUE,"retained"
"TNFSF14",0.7598924756178,0.595136592677276,TRUE,"retained"
"MICA",0.3635251541824,0.159963220056064,TRUE,"retained"
"RPL3",0.6205268984334,0.441497593497649,TRUE,"retained"
"BLVRA",0.7034847925392,0.521527191157543,TRUE,"retained"
"NFE4",0.2953699923993,0.180385129446568,TRUE,"retained"
"KRTAP5-1",0.2859918209253,0.0988619460864901,TRUE,"retained"
"CARD17",0.2540143062394,0.338412980097019,TRUE,"retained"
"KRTAP12-3",0.3931510110024,0.153637074673058,TRUE,"retained"
"DEFB113",0.2547630995469,0.0782534148128161,TRUE,"retained"
"KRTAP23-1",0.3005063237001,0.124023603811056,TRUE,"retained"
"CD4",0.4035512542992,0.188446919085216,TRUE,"retained"
"MAP1LC3B",0.5812676590819,0.298703235905986,TRUE,"retained"
"GABARAPL1",0.3663676265312,0.198944487956064,TRUE,"retained"
"GANAB",0.4030168503879,0.169431320667441,TRUE,"retained"
"ATP6V0E2",0.2302893901574,0.0570656854572388,TRUE,"retained"
"DPYSL2",0.7433497790082,0.46828144196669,TRUE,"retained"
"SLC38A2",0.4691564258724,0.240581285183658,TRUE,"retained"
"CAPZA1",0.667718644654947,0.462447485365499,TRUE,"retained"
"MYH9",0.437753149841699,0.194553128299834,TRUE,"retained"
"ASH2L",0.3380444117232,0.122316804613585,TRUE,"retained"
"UBAC2",0.2726598143886,0.077876844437055,TRUE,"retained"
"ERMN",0.4612743927603,0.490964999058571,TRUE,"retained"
"USP22",0.30228032465295,0.113949750272953,TRUE,"retained"
"MFN2",0.398791617558601,0.160070152456057,TRUE,"retained"
"ADAR",0.356315573203449,0.175786033978712,TRUE,"retained"
"HMGB1",0.591119256329401,0.334561517918596,TRUE,"retained"
"CLTC",0.50841268087365,0.270740857257023,TRUE,"retained"
"ACTR2",0.5530379958397,0.30118893215284,TRUE,"retained"
"GTF2H1",0.4087586380401,0.160118460476583,TRUE,"retained"
"SLCO2B1",0.2747121089454,0.0877588704413286,TRUE,"retained"
"NFE2L2",0.398411176468199,0.203113833420534,TRUE,"retained"
"CHID1",0.326411642522,0.143466749859634,TRUE,"retained"
"SLC7A5",0.788371793874,0.83028551009915,TRUE,"retained"
"GTPBP4",0.4319349433728,0.203607147271713,TRUE,"retained"
"MAZ",0.40265119267275,0.159874119612539,TRUE,"retained"
"KIFAP3",0.239145858413,0.0748241578086035,TRUE,"retained"
"PSAP",0.389969854003803,0.171950303073538,TRUE,"retained"
"RPL7L1",0.404154345709451,0.178020678209955,TRUE,"retained"
"NFE2L1",0.231009301366725,0.0510815495742516,TRUE,"retained"
"ANP32A",0.450493052137275,0.256750948817887,TRUE,"retained"
"DNAJB4",0.2662020946578,0.255992975089298,TRUE,"retained"
"FKBP5",1.05670607477225,0.878939909443505,TRUE,"retained"
"MESDC2",0.347708057333,0.12347542188941,TRUE,"retained"
"CPSF7",0.3929540112687,0.192857983867333,TRUE,"retained"
"CSTF1",0.26832828056895,0.0776876826259832,TRUE,"retained"
"SYF2",0.2797143472305,0.106821719193118,TRUE,"retained"
"TMEM33",0.80722800586995,0.572965935515298,TRUE,"retained"
"SEC61A1",0.324540504458801,0.124318105190411,TRUE,"retained"
"CXorf56",0.254148307581,0.0786162239492548,TRUE,"retained"
"GRPEL1",0.76724177904465,0.627861805920122,TRUE,"retained"
"ADPGK",0.40826772773535,0.177573765261223,TRUE,"retained"
"TSPYL1",0.30377891597655,0.093650872184064,TRUE,"retained"
"EFR3A",0.6999416105661,0.48937009428157,TRUE,"retained"
"CNPY3",0.475348683919899,0.301510492339229,TRUE,"retained"
"EPB41",0.771833999295975,0.599494371331545,TRUE,"retained"
"AGK",0.4047329302359,0.239759139421021,TRUE,"retained"
"DNAJB2",0.7500608719373,0.550354805323374,TRUE,"retained"
"NOL10",0.3039685179069,0.100400613556659,TRUE,"retained"
"RNF26",0.2813395637136,0.103912741045375,TRUE,"retained"
"MKNK2",0.363905118864001,0.138418287500532,TRUE,"retained"
"SAMHD1",0.811054804960575,0.673518434434258,TRUE,"retained"
"TTYH3",0.3293941368039,0.118305896475539,TRUE,"retained"
"PSMD5",0.32830906745385,0.127893455235913,TRUE,"retained"
"FAM129A",0.611781438370201,0.537921196622855,TRUE,"retained"
"TMX4",0.6067829597116,0.447550430380692,TRUE,"retained"
"FAM8A1",0.613042421916749,0.474890935940581,TRUE,"retained"
"IP6K1",0.3571693843816,0.136500334379913,TRUE,"retained"
"PYCRL",0.2399008522008,0.0676551481291099,TRUE,"retained"
"GIMAP6",0.9070430401074,0.942621421343497,TRUE,"retained"
"G2E3",0.2192614367538,0.054458956824357,TRUE,"retained"
"SNAP23",0.721809412893659,0.495698186653632,TRUE,"retained"
"HNRNPM",0.407361701238449,0.186059170798434,TRUE,"retained"
"FAM108B1",0.27808822673205,0.0829755769485096,TRUE,"retained"
"ST6GALNAC4",1.02631238141376,0.921568725458098,TRUE,"retained"
"MTRF1L",0.3739947520246,0.154175332937716,TRUE,"retained"
"MGAT4B",0.4916121953358,0.290753938898608,TRUE,"retained"
"SLMAP",0.502189318248801,0.2640638649749,TRUE,"retained"
"PCGF3",0.723329407623899,0.495225510723226,TRUE,"retained"
"ATP5G3",0.461698308377603,0.236668407045327,TRUE,"retained"
"TTL",0.36293029639125,0.139022811090428,TRUE,"retained"
"DTNB",0.20408917960095,0.050414952935052,TRUE,"retained"
"C11orf46",0.4970339805102,0.316613521787662,TRUE,"retained"
"RSAD2",1.10696691727755,3.90016986371459,TRUE,"retained"
"C10orf46",0.331874779016549,0.167987421050557,TRUE,"retained"
"NF1",0.19799604052935,0.0453630306070476,TRUE,"retained"
"FBXW11",0.5635476742903,0.26508384572441,TRUE,"retained"
"RASSF2",0.372039529970325,0.168224550407037,TRUE,"retained"
"SAFB2",0.221674721668575,0.0554033327139262,TRUE,"retained"
"PDE12",0.52455795765765,0.252149825883507,TRUE,"retained"
"SNAPC3",0.3984557199497,0.162561355362883,TRUE,"retained"
"SDCCAG1",0.3281457586932,0.117544761933642,TRUE,"retained"
"C10orf18",0.3884743123884,0.230511265738778,TRUE,"retained"
"SLC35E1",0.322854412666801,0.103990246582448,TRUE,"retained"
"FAM63A",0.488539159660299,0.293685532633654,TRUE,"retained"
"USP21",0.25194558096225,0.0668290099806903,TRUE,"retained"
"YIPF6",0.4608881873211,0.304088309222343,TRUE,"retained"
"ACSL3",0.8475180652491,0.672787876344367,TRUE,"retained"
"VPS4B",0.413851687728501,0.167821326417801,TRUE,"retained"
"GPR61",0.2854917058455,0.0884595400286869,TRUE,"retained"
"PAK2",0.269167871142101,0.114706175238627,TRUE,"retained"
"LOC646214",0.3430644901341,0.13400783058213,TRUE,"retained"
"CXCL16",0.6450442506249,0.428026418917991,TRUE,"retained"
"ARL6IP6",0.812136146127601,0.704395910117593,TRUE,"retained"
"MLL",0.43065686470695,0.276088661780899,TRUE,"retained"
"SLC29A3",0.388391455063499,0.15056878330779,TRUE,"retained"
"ICOSLG",0.3128100756543,0.115073635337469,TRUE,"retained"
"METTL2A",0.3448628602125,0.13590199499402,TRUE,"retained"
"CISD3",0.269505486837299,0.0896573550313063,TRUE,"retained"
"WRB",0.604139882483899,0.368105014211052,TRUE,"retained"
"ZNF770",0.9409377335169,0.840883360266605,TRUE,"retained"
"DLG1",0.2870092729665,0.0934429605747939,TRUE,"retained"
"HUS1",0.3132636267159,0.110674886877517,TRUE,"retained"
"PWP1",0.478248587497799,0.246658559694226,TRUE,"retained"
"AES",0.5905144141274,0.451828072317959,TRUE,"retained"
"MAP3K2",0.6608096119002,0.424477221675653,TRUE,"retained"
"ATG12",0.496550142154501,0.281014661477318,TRUE,"retained"
"WDR4",0.2520471468459,0.087187075770208,TRUE,"retained"
"WDR82",0.286314556258501,0.106207346741593,TRUE,"retained"
"SCYL2",0.732504691403625,0.451237822975928,TRUE,"retained"
"POLR1B",0.3506119701084,0.264733873484802,TRUE,"retained"
"FAM46C",1.738599051987,2.34389833767606,TRUE,"retained"
"TGDS",0.4559557159913,0.235809471446007,TRUE,"retained"
"TNFRSF10C",0.702635430025899,0.711394963273895,TRUE,"retained"
"NNAT",0.2853697442043,0.0924210192757365,TRUE,"retained"
"TNFRSF1A",0.452101637554874,0.225166567433402,TRUE,"retained"
"PIP4K2A",1.03085525206387,0.97824920470056,TRUE,"retained"
"CHDH",0.3168082564479,0.11006011088015,TRUE,"retained"
"CHSY1",0.557116723326101,0.412553612779837,TRUE,"retained"
"AKAP10",0.4263360075135,0.197807652655028,TRUE,"retained"
"FKRP",0.3956938516209,0.160851147598246,TRUE,"retained"
"PPM1D",0.492632933003925,0.22132711484354,TRUE,"retained"
"CPOX",0.4219877151777,0.324788849285616,TRUE,"retained"
"SFRS12",0.6671850676638,0.428127155535627,TRUE,"retained"
"FAM198B",1.02671341826445,0.940817321023238,TRUE,"retained"
"IDI1",1.80675022396995,2.36613702531778,TRUE,"retained"
"ROCK2",0.4788113995077,0.232698350049237,TRUE,"retained"
"CDC73",0.4531105648314,0.190810322143085,TRUE,"retained"
"RBPJ",0.430262837070151,0.187470335620562,TRUE,"retained"
"MFHAS1",0.7191269672986,0.617540409391628,TRUE,"retained"
"UBE2F",0.710400630375001,0.467475267485471,TRUE,"retained"
"MLL3",0.477181032842851,0.282104042052015,TRUE,"retained"
"MTR",0.39542629013475,0.235403050460126,TRUE,"retained"
"IRGQ",0.3251655392139,0.14180969205464,TRUE,"retained"
"RCC1",0.2498733906018,0.068997155424843,TRUE,"retained"
"GPD2",0.47441021801145,0.260836248975951,TRUE,"retained"
"ZDHHC24",0.2822746321206,0.0936847738823533,TRUE,"retained"
"FCF1",0.343277858760201,0.115916334170023,TRUE,"retained"
"ATP11B",1.04332943982225,0.844815103480474,TRUE,"retained"
"KDM3B",0.46576246128825,0.258266878492075,TRUE,"retained"
"PPTC7",0.8834179966563,0.817556234949608,TRUE,"retained"
"DPF2",0.2488093382187,0.0665948624259726,TRUE,"retained"
"TH1L",0.63591122298375,0.38391383395975,TRUE,"retained"
"ROCK1",0.5150175174669,0.244380186902871,TRUE,"retained"
"ME2",0.430207461960149,0.215329927254957,TRUE,"retained"
"SGMS1",0.62365715443815,0.402689415166808,TRUE,"retained"
"FAM36A",0.242675702113426,0.0604244612519581,TRUE,"retained"
"ALKBH4",0.2509923065979,0.0703888461643255,TRUE,"retained"
"PPP4R1",0.70254117731385,0.497562048969994,TRUE,"retained"
"TMEM87B",0.290488332489601,0.109845641255199,TRUE,"retained"
"NAB1",0.42156544890348,0.189663748446832,TRUE,"retained"
"SBF2",0.818346816460951,0.607646144445885,TRUE,"retained"
"NINL",0.3680878937358,0.16772098155239,TRUE,"retained"
"CCDC88A",0.536028646494075,0.285406465283225,TRUE,"retained"
"SUZ12",0.5348181381263,0.283087327175134,TRUE,"retained"
"ATP10D",0.666006394362749,0.441029891983641,TRUE,"retained"
"MGAT4A",0.706244690245499,0.483646008372917,TRUE,"retained"
"C14orf153",0.487248292704601,0.241552990740986,TRUE,"retained"
"ABCA1",1.3211104681278,1.70966764308363,TRUE,"retained"
"PBX3",0.50384922843675,0.246087519169014,TRUE,"retained"
"NAA30",0.4776435517812,0.254998868375413,TRUE,"retained"
"TIMM50",0.2478134622082,0.0743801333236158,TRUE,"retained"
"ST8SIA4",0.770431995347,0.604351085098312,TRUE,"retained"
"LPP",0.40736100219255,0.161266009107071,TRUE,"retained"
"SECTM1",0.570888944866801,0.431098094755181,TRUE,"retained"
"PLGLB1",0.58594312479045,0.36393201376597,TRUE,"retained"
"PLGLB2",0.4518525391954,0.316945286801678,TRUE,"retained"
"ITPR2",0.387247797067949,0.169019060104623,TRUE,"retained"
"C19orf12",0.4339180928544,0.317959173304109,TRUE,"retained"
"NEDD1",0.485678749334099,0.286757524251182,TRUE,"retained"
"VAMP5",0.882229676447699,0.874998262132733,TRUE,"retained"
"RFWD3",0.3274055039262,0.120944859418981,TRUE,"retained"
"ITPR1",0.486236457122849,0.266405048759395,TRUE,"retained"
"ZCCHC7",0.40232484943245,0.197283503458674,TRUE,"retained"
"ASH1L",0.264010000319625,0.085977385271912,TRUE,"retained"
"PRKD3",0.4923487732548,0.23302929486372,TRUE,"retained"
"CLCN3",0.4825062279863,0.351205012554369,TRUE,"retained"
"KIAA1429",0.354766115974199,0.152416189492301,TRUE,"retained"
"EIF2C4",0.649118152618951,0.379059399696564,TRUE,"retained"
"CALML4",0.31174401175365,0.123374607843199,TRUE,"retained"
"CD3EAP",0.3231640974135,0.108472403439288,TRUE,"retained"
"ZNF740",0.3808957608246,0.150669428677652,TRUE,"retained"
"DDX52",0.29627150919765,0.107655163155745,TRUE,"retained"
"MED13",0.348984324533461,0.155070284644577,TRUE,"retained"
"CDK12",0.20232457136388,0.0510000934451035,TRUE,"retained"
"TULP3",0.20023185470295,0.0510589057864033,TRUE,"retained"
"PRKAR2A",0.337694799631875,0.108118480691893,TRUE,"retained"
"TNFRSF10A",0.4726097037228,0.264120735101769,TRUE,"retained"
"LTB",0.804238532372101,0.598261997427861,TRUE,"retained"
"SIAH1",0.390171329150925,0.166989772770941,TRUE,"retained"
"GALNT6",0.2674329580734,0.134238999832942,TRUE,"retained"
"SS18L1",0.5154651129243,0.267719712157017,TRUE,"retained"
"AHR",0.873298120803149,0.763381123105709,TRUE,"retained"
"PHF2",0.37094298362835,0.147927492921172,TRUE,"retained"
"FAM107B",0.60028524544086,0.374676938673911,TRUE,"retained"
"AFF3",0.3007784000739,0.465274423550309,TRUE,"retained"
"B3GNT2",1.15306542576435,1.12524276433863,TRUE,"retained"
"ISG20L2",0.4563738660243,0.254008877235643,TRUE,"retained"
"FETUB",0.3725711768016,0.148089560647863,TRUE,"retained"
"PHACTR2",0.616372669118399,0.442995756587988,TRUE,"retained"
"NCOA2",0.3033415678797,0.167335171966654,TRUE,"retained"
"KIAA0556",0.19212199119015,0.0416847521653488,TRUE,"retained"
"ZFP1",0.2516741432184,0.0941487479561951,TRUE,"retained"
"GIMAP8",0.6716176391379,0.530331215026108,TRUE,"retained"
"TC2N",0.3168680304321,0.2563191715577,TRUE,"retained"
"RECQL",0.57825066632886,0.318081124941076,TRUE,"retained"
"CSNK1G1",0.315259112912101,0.0887858763344248,TRUE,"retained"
"CPEB4",0.715222102893376,0.609637116598299,TRUE,"retained"
"DCUN1D2",0.2824229914548,0.103098841869409,TRUE,"retained"
"IL21R",0.2875228522782,0.121453300553498,TRUE,"retained"
"B3GNT6",0.2849162428098,0.107052195031042,TRUE,"retained"
"MLH3",0.5610294406311,0.434967774683236,TRUE,"retained"
"KLHL7",0.4361125175309,0.177627213924858,TRUE,"retained"
"SLC25A16",0.25307425024245,0.0784665521556774,TRUE,"retained"
"SLAMF8",0.3386002681152,0.1829002830423,TRUE,"retained"
"ASB10",0.3076493978376,0.117428885126381,TRUE,"retained"
"KIAA0895L",0.3007873853712,0.108851252753005,TRUE,"retained"
"PTPRE",0.414258389865599,0.278383882520745,TRUE,"retained"
"TMOD2",0.3302817390306,0.210614921377201,TRUE,"retained"
"LOC645405",0.33110622660465,0.121410231066022,TRUE,"retained"
"IGF2",0.455755025571999,0.813392749535939,TRUE,"retained"
"RHBDF2",0.3024348492557,0.125963249774879,TRUE,"retained"
"RFX2",0.5857351213231,0.340904552451333,TRUE,"retained"
"VCPIP1",0.716799316976821,0.532659886146445,TRUE,"retained"
"FZD1",0.3680425024542,0.172908035290004,TRUE,"retained"
"DLG4",0.35036457272355,0.12442480404976,TRUE,"retained"
"CPNE8",0.4015561646985,0.269166883262025,TRUE,"retained"
"WAC",0.301360978551779,0.112997593503865,TRUE,"retained"
"RIN3",0.41762077358715,0.206198756245335,TRUE,"retained"
"KIAA0240",0.4084345888056,0.190795726154163,TRUE,"retained"
"KDM5A",0.299545317206099,0.116806067438381,TRUE,"retained"
"LYRM1",0.66722553782535,0.454923097689926,TRUE,"retained"
"PACSIN1",0.2514443209446,0.0864125094949876,TRUE,"retained"
"DDX26B",0.227620016053499,0.0580164106326954,TRUE,"retained"
"TTF2",0.2058230769651,0.0647332042535075,TRUE,"retained"
"NME6",0.4538192276163,0.211754643929069,TRUE,"retained"
"ATAD3C",0.2631012345339,0.088697316583345,TRUE,"retained"
"TNIK",0.4054015892605,0.261408632229937,TRUE,"retained"
"C6orf204",0.47023627639632,0.212181154788837,TRUE,"retained"
"TTLL3",0.447013928306399,0.226295347845066,TRUE,"retained"
"BANP",0.42130673194176,0.174478054229185,TRUE,"retained"
"CRADD",0.355231698828999,0.138580570028241,TRUE,"retained"
"CRELD1",0.2838923110653,0.0954849584256588,TRUE,"retained"
"CSNK1D",0.43122160209534,0.227999908061908,TRUE,"retained"
"ZNF195",0.305740830425449,0.133721932135537,TRUE,"retained"
"ZNF37A",0.341908098952,0.160750536786408,TRUE,"retained"
"SENP1",0.436831529358,0.17279813852723,TRUE,"retained"
"SEPSECS",0.3139844623881,0.119698328152541,TRUE,"retained"
"NBPF8",0.395019044007,0.248018362685919,TRUE,"retained"
"PKP1",0.2770166253204,0.0914193771982207,TRUE,"retained"
"GFOD1",0.45353253614235,0.323867027306465,TRUE,"retained"
"BCL2L1",1.1132712943555,1.0651946812148,TRUE,"retained"
"VPS36",0.4051315887738,0.151295169576363,TRUE,"retained"
"ZNF101",0.45077150054055,0.298355681982518,TRUE,"retained"
"ZNF117",1.3006296612288,1.41228434210237,TRUE,"retained"
"GPR180",0.2713330048317,0.12300739768501,TRUE,"retained"
"EIF2C3",0.40894536637395,0.149490289638474,TRUE,"retained"
"ZBTB40",0.23325549021915,0.0695484284764172,TRUE,"retained"
"PRH1",0.2576942516379,0.0702222815250454,TRUE,"retained"
"SRI",0.36321912219145,0.147907932173814,TRUE,"retained"
"SMARCA2",0.468831612119324,0.230704025731005,TRUE,"retained"
"CPEB3",0.6375507587883,0.450794824961692,TRUE,"retained"
"CTBP2",0.403804215617099,0.279945878874236,TRUE,"retained"
"CHRFAM7A",0.48542305235445,0.246312011648554,TRUE,"retained"
"DUSP14",0.265013764071,0.0873425447864089,TRUE,"retained"
"CARD8",0.534116185012434,0.33837198435474,TRUE,"retained"
"ANKRD36",0.44952105205308,0.262268071296541,TRUE,"retained"
"MTFMT",0.3629893672524,0.153121315213123,TRUE,"retained"
"ANKRD17",0.4613134800267,0.22929680752879,TRUE,"retained"
"NCBP2",0.39171397092975,0.201714696708142,TRUE,"retained"
"RAB37",0.396884270635126,0.146020181773352,TRUE,"retained"
"HARBI1",0.2809639625709,0.0846699874758671,TRUE,"retained"
"IL17RA",0.5060721532566,0.327386575807678,TRUE,"retained"
"ERCC6",0.2791374394011,0.0738168693413113,TRUE,"retained"
"PSMF1",0.74470515327215,0.555949981010691,TRUE,"retained"
"CXorf21",0.6275944177923,0.517935806407733,TRUE,"retained"
"PIK3IP1",0.4069361087829,0.259237203754761,TRUE,"retained"
"SC4MOL",0.544234455168599,0.494264257837585,TRUE,"retained"
"BEST1",0.3689099917293,0.145958459599134,TRUE,"retained"
"BCL7A",0.3877963979862,0.169089665194297,TRUE,"retained"
"HEATR3",0.3180138215184,0.127514058486934,TRUE,"retained"
"HIPK3",0.220175301015601,0.0599311602122693,TRUE,"retained"
"DENND1B",0.533875411843201,0.315601056948399,TRUE,"retained"
"CALD1",0.38622001426995,0.302073843202654,TRUE,"retained"
"MCTP2",0.858838744802851,0.607169361324016,TRUE,"retained"
"RASGRP3",0.3099595191819,0.247727781014289,TRUE,"retained"
"CEP164",0.2478162729707,0.0649236130968857,TRUE,"retained"
"ZNF429",0.982300224563699,1.13890966299495,TRUE,"retained"
"ZNF384",0.252105256117401,0.0809204646922297,TRUE,"retained"
"SH2D1B",0.4450129876248,0.5278029903081,TRUE,"retained"
"FUT7",0.753693461114999,0.690097783901792,TRUE,"retained"
"PBRM1",0.58209067393995,0.296148306217587,TRUE,"retained"
"CDYL2",0.2562499427481,0.0734021778076735,TRUE,"retained"
"KCNQ2",0.297990950470499,0.110206549650251,TRUE,"retained"
"ARL11",0.409345862965198,0.203523830075749,TRUE,"retained"
"TMEM107",0.374939841572099,0.191707626347515,TRUE,"retained"
"ZNF626",0.344359690976701,0.13451729937088,TRUE,"retained"
"KISS1R",0.2885823123078,0.101247242376171,TRUE,"retained"
"RPH3A",0.7631582824047,1.22256256838372,TRUE,"retained"
"PIK3CG",0.52370015569095,0.272637077777379,TRUE,"retained"
"LRRC26",0.2610134342487,0.0787034041803502,TRUE,"retained"
"CHST4",0.3284023878576,0.127979413661704,TRUE,"retained"
"CCNT1",0.5679975842772,0.310743652342114,TRUE,"retained"
"MYST4",0.30915613864275,0.138703362402852,TRUE,"retained"
"FFAR3",0.395223450069,0.506096134408129,TRUE,"retained"
"C15orf26",0.2754189496149,0.0999602997676285,TRUE,"retained"
"PHOSPHO1",1.0000708134585,0.979495154716772,TRUE,"retained"
"SPAG1",0.3396005056878,0.201086074251589,TRUE,"retained"
"CWC27",0.4365967337025,0.190413181483471,TRUE,"retained"
"CXorf23",0.4636679577978,0.274162919168953,TRUE,"retained"
"TXK",0.7597817120544,0.696254403758731,TRUE,"retained"
"C16orf7",0.660175500915,0.506665524341367,TRUE,"retained"
"C6orf35",0.1996094907282,0.0476863432442274,TRUE,"retained"
"LRRC25",0.4223411217984,0.180812282710885,TRUE,"retained"
"PAM",0.5051495414077,0.285878439336071,TRUE,"retained"
"TMED8",0.4049133485712,0.165461568203637,TRUE,"retained"
"FLT4",0.2642947949922,0.0813428335756926,TRUE,"retained"
"SIRPG",0.4564590473247,0.362948700288903,TRUE,"retained"
"C10orf128",0.344501821167,0.196677464731806,TRUE,"retained"
"PARVG",0.2475502809402,0.0638899593582158,TRUE,"retained"
"KIAA0319",0.3048963186087,0.100312935007343,TRUE,"retained"
"MIP",0.2707411642551,0.104516348868991,TRUE,"retained"
"TCTEX1D1",0.26291918200275,0.392652523918604,TRUE,"retained"
"ZNF575",0.2659730529729,0.0737612016554628,TRUE,"retained"
"F2RL3",0.384123216456,0.187711474478099,TRUE,"retained"
"RUNDC2A",0.28592482149,0.133448026924056,TRUE,"retained"
"SEZ6L",0.2562176576505,0.0640657404676077,TRUE,"retained"
"RGS10",0.746863286742301,0.594312844108135,TRUE,"retained"
"RHOT1",0.498232921323901,0.269118092529253,TRUE,"retained"
"RBM47",0.823797773087625,0.651028136135131,TRUE,"retained"
"TNFRSF9",0.6491278566066,0.501081706608296,TRUE,"retained"
"NLRP12",0.5864597956938,0.470854070166035,TRUE,"retained"
"THAP5",0.8075315574711,0.538381105478032,TRUE,"retained"
"GALNT10",0.4947994591638,0.298125544178883,TRUE,"retained"
"PRKD2",0.7886949690452,0.630695768537957,TRUE,"retained"
"TLE1",0.6128332014819,0.434058366904804,TRUE,"retained"
"XRRA1",0.9146161290315,0.778900647042772,TRUE,"retained"
"XRN1",0.435195603808,0.376184908577846,TRUE,"retained"
"C3orf63",0.621371252723901,0.38622641073411,TRUE,"retained"
"FUT6",0.240445206582,0.061364691123045,TRUE,"retained"
"NLRP6",0.2605217514564,0.0801021044122843,TRUE,"retained"
"APOBEC3A",0.5607910096404,0.480763603107557,TRUE,"retained"
"KLRD1",0.6767369574978,0.781893884987549,TRUE,"retained"
"TRIM39",0.319983410769751,0.114608077337379,TRUE,"retained"
"ATF6",0.5755477074802,0.298274744292655,TRUE,"retained"
"C8orf40",0.6842471753922,0.425445676630897,TRUE,"retained"
"GPR171",1.2899288296776,1.54335802324651,TRUE,"retained"
"CLIP1",0.522227560461076,0.255376443587244,TRUE,"retained"
"RUNX3",0.769566824796526,0.629397572495586,TRUE,"retained"
"ST3GAL2",0.3234729815562,0.137861804358763,TRUE,"retained"
"APOBEC3D",0.4863036830253,0.242786100700796,TRUE,"retained"
"ARHGAP26",0.594659344522249,0.502342955235896,TRUE,"retained"
"FAM76A",0.2170893093929,0.0619556065576254,TRUE,"retained"
"CCDC112",0.300966372750401,0.121504910084299,TRUE,"retained"
"UBE2K",0.3204739854421,0.107339333578188,TRUE,"retained"
"CLEC10A",0.56052125613015,0.640108864897424,TRUE,"retained"
"LOC653486",0.39897622016175,0.313983322377601,TRUE,"retained"
"REV3L",0.5744923470867,0.308408732155947,TRUE,"retained"
"ASPG",0.2998913048964,0.106984875637722,TRUE,"retained"
"PTGFR",0.2928437020446,0.173920444814624,TRUE,"retained"
"RYK",0.632932524281399,0.339190321277105,TRUE,"retained"
"selenoprotein 15",0.495697394000549,0.257106662780328,TRUE,"retained"
"KIAA1267",0.40359851328615,0.205595928547931,TRUE,"retained"
"KDM2B",0.255150368195625,0.0978993108739204,TRUE,"retained"
"ZNF611",0.4597092282489,0.20176866754492,TRUE,"retained"
"CCR3",1.13378812979355,1.70690343976612,TRUE,"retained"
"SSH1",0.542806000276575,0.261769522569221,TRUE,"retained"
"LOC100288142",0.675839429369999,0.405073887825114,TRUE,"retained"
"IGFALS",0.2649161444979,0.0760213234593355,TRUE,"retained"
"CAMK1D",0.997631913231099,1.05800390161194,TRUE,"retained"
"KLRF1",0.590105395921999,0.636167696736505,TRUE,"retained"
"CLPX",0.35576145370206,0.17784214952278,TRUE,"retained"
"OPRD1",0.3051923671419,0.112224290190683,TRUE,"retained"
"TGIF1",0.477182807515051,0.308396617230316,TRUE,"retained"
"NAPEPLD",0.23759565271785,0.0898153291207875,TRUE,"retained"
"FAM83C",0.3340886006724,0.1483151180586,TRUE,"retained"
"ENTPD8",0.3583740682935,0.178416675097728,TRUE,"retained"
"CACNG6",0.2586706134201,0.0809194392859273,TRUE,"retained"
"HMGB2",0.6952027065039,0.511885861726715,TRUE,"retained"
"ARID4A",0.778023612669241,0.580670668977577,TRUE,"retained"
"C3orf71",0.2820852418314,0.093867838693127,TRUE,"retained"
"LGALS9B",0.3436209477204,0.135762264704046,TRUE,"retained"
"C10orf125",0.2942442720105,0.0920809318706822,TRUE,"retained"
"TPM2",0.2687572097217,0.131167178024697,TRUE,"retained"
"OPA1",0.3622091784073,0.21898162492415,TRUE,"retained"
"PTPLAD2",0.374592699430601,0.156377526053727,TRUE,"retained"
"ZNF688",0.2747423903091,0.0836526446882301,TRUE,"retained"
"FOLR2",0.2448089616945,0.0710365679663662,TRUE,"retained"
"LIN54",0.3267410315169,0.143958761214127,TRUE,"retained"
"RGPD4",0.383181528487099,0.205483590362531,TRUE,"retained"
"SYNM",0.23115287950125,0.0726780828134692,TRUE,"retained"
"PRAMEF1",0.4360613371905,0.2563581292281,TRUE,"retained"
"VAMP1",0.3045624837906,0.108637952307612,TRUE,"retained"
"C10orf27",0.2542925808696,0.0812839561813074,TRUE,"retained"
"TCEANC",0.318342619203,0.351768002834095,TRUE,"retained"
"ABL2",0.5959134085275,0.359306903850863,TRUE,"retained"
"C19orf35",0.2881150686939,0.0861844521284984,TRUE,"retained"
"TCTN3",0.3491131764099,0.162847554778172,TRUE,"retained"
"SNX17",0.353623652371801,0.121791171850616,TRUE,"retained"
"CDK10",0.286818341699925,0.0805315793060695,TRUE,"retained"
"MS4A7",1.14167176856145,1.20294398198334,TRUE,"retained"
"ZNF669",0.21532693103565,0.0501716171047347,TRUE,"retained"
"SMARCA4",0.514277449322175,0.268360256038359,TRUE,"retained"
"KCNK7",0.2614725250452,0.0788183525597165,TRUE,"retained"
"RASSF7",0.3195065261787,0.0976601234089933,TRUE,"retained"
"RTL1",0.4478120697078,0.240103241782566,TRUE,"retained"
"LOC100132832",0.2873091829314,0.113154727387062,TRUE,"retained"
"LINGO3",0.29482961361,0.0886592103270291,TRUE,"retained"
"IMPDH2",0.8270804944255,0.70300384105049,TRUE,"retained"
"FAM151B",0.2998302543936,0.15592424559259,TRUE,"retained"
"BAGE",0.2680782426735,0.0785410573452463,TRUE,"retained"
"CSF3R",0.480631630152448,0.395313695573531,TRUE,"retained"
"NUSAP1",0.4256914469164,0.426957246537933,TRUE,"retained"
"MPL",0.685762540110901,0.585774075120959,TRUE,"retained"
"TAS1R3",0.2930459316498,0.103962730879278,TRUE,"retained"
"FAM153B",0.297411071140051,0.183970171327553,TRUE,"retained"
"PLEKHN1",0.2286439856043,0.0584457283458104,TRUE,"retained"
"CD33",0.4167945199894,0.188481198928567,TRUE,"retained"
"LOC391322",0.2492185293941,0.06625321642181,TRUE,"retained"
"RINL",0.450369218528251,0.200685326976937,TRUE,"retained"
"TP53I11",0.430067838228699,0.184460898104895,TRUE,"retained"
"ZNF574",0.3284895995787,0.111368022979415,TRUE,"retained"
"LCK",1.08806832530886,1.3100980827761,TRUE,"retained"
"DTX2",0.3918126576042,0.176051886232904,TRUE,"retained"
"DBNL",0.5333090105646,0.256982741460698,TRUE,"retained"
"PHAX",0.2482144664664,0.0716338802469846,TRUE,"retained"
"TRAFD1",0.344985170820674,0.263232965168529,TRUE,"retained"
"RNF123",0.63115801405545,0.542166606904942,TRUE,"retained"
"AP2A2",0.2555994529865,0.0645781511176736,TRUE,"retained"
"FAM65A",0.382820459357175,0.145257288037128,TRUE,"retained"
"HAX1",0.4236427704684,0.189760838717738,TRUE,"retained"
"RPS6KA1",0.475590088326674,0.250874976999096,TRUE,"retained"
"GPR89A",0.2847408630906,0.132420225528889,TRUE,"retained"
"DPP7",0.33154264770585,0.110209693370698,TRUE,"retained"
"VAV1",0.438381113226,0.265566814800388,TRUE,"retained"
"ADORA2B",0.3641557494288,0.197725585286111,TRUE,"retained"
"SATB1",0.6550172271342,0.462517891252707,TRUE,"retained"
"HVCN1",1.11881487203115,1.16839402558042,TRUE,"retained"
"C1orf174",0.4015007643843,0.191811608869583,TRUE,"retained"
"ZNF146",0.6137044110946,0.43051979884329,TRUE,"retained"
"C1orf156",0.2892562451877,0.108792393975129,TRUE,"retained"
"GALNT11",0.2592477809516,0.0641922425415265,TRUE,"retained"
"ARNTL",0.5430427108953,0.31391590509528,TRUE,"retained"
"ANXA11",0.401512172898637,0.194431956373505,TRUE,"retained"
"FHL2",0.4188701421982,0.384489944120082,TRUE,"retained"
"MRPS14",0.53508702258585,0.348162772083157,TRUE,"retained"
"PDCD4",0.684388417319775,0.524596008636861,TRUE,"retained"
"ZNF700",0.744758512911,0.393707528304683,TRUE,"retained"
"GSDMD",0.38981001082065,0.219152005011474,TRUE,"retained"
"ZNF207",0.4508205648401,0.225721864600952,TRUE,"retained"
"NCF2",0.364119657014401,0.255699459598027,TRUE,"retained"
"C6orf27",0.2649824500764,0.0761849628941324,TRUE,"retained"
"C6orf150",0.365749807590299,0.203959341903395,TRUE,"retained"
"C1orf26",0.34279089594855,0.14391494067566,TRUE,"retained"
"FAM193A",0.23902171006035,0.0636105361087365,TRUE,"retained"
"MC2R",0.2205434891583,0.0548163245831812,TRUE,"retained"
"UPB1",0.400202413758,0.310207721683524,TRUE,"retained"
"C19orf55",0.243819462593699,0.0686784228641542,TRUE,"retained"
"HIST1H3D",0.8466086487873,0.878055152354118,TRUE,"retained"
"P2RY10",0.5436568660845,0.881377482752457,TRUE,"retained"
"RBKS",0.465309147072,0.383659587094945,TRUE,"retained"
"SIGLEC14",0.410855959264801,0.411219334291804,TRUE,"retained"
"SSU72",0.2050875257466,0.0482876826127935,TRUE,"retained"
"PHACTR4",0.509252177919451,0.302364537443534,TRUE,"retained"
"APAF1",0.2953359941574,0.090257715367761,TRUE,"retained"
"FOXB1",0.2459173653153,0.0878468463418351,TRUE,"retained"
"SH2D3C",0.696739818370051,0.495911768392186,TRUE,"retained"
"APOBEC3F",0.30859820142165,0.169295351519572,TRUE,"retained"
"IL12RB1",0.23299429464675,0.0660969901959105,TRUE,"retained"
"GOPC",0.7407898566138,0.515839406807179,TRUE,"retained"
"KCNAB1",0.2573668335126,0.0914377885889148,TRUE,"retained"
"TMEM144",0.30895388954136,0.157988582855299,TRUE,"retained"
"RFC5",0.3658494457233,0.191362998726052,TRUE,"retained"
"NXPH4",0.3979051873272,0.175578404784336,TRUE,"retained"
"CHD3",0.29880319851438,0.108152055025279,TRUE,"retained"
"SCNN1D",0.2247087441459,0.054352604691308,TRUE,"retained"
"SAMD8",0.6687962483727,0.445169303433631,TRUE,"retained"
"DIABLO",0.376004356526399,0.16976044343873,TRUE,"retained"
"ERN1",0.2626118986974,0.0703766776567713,TRUE,"retained"
"CACNG7",0.2638088298468,0.0806952974569087,TRUE,"retained"
"FNDC3A",0.785586115792276,0.674211292270933,TRUE,"retained"
"PTPN4",0.8948953177185,0.780174552322972,TRUE,"retained"
"LOC100287515",0.2646418746174,0.0870953257557064,TRUE,"retained"
"TEAD2",0.2721449499804,0.0853237795086855,TRUE,"retained"
"LRP8",0.3510343658136,0.142334959540717,TRUE,"retained"
"BACH2",0.4387260512355,0.459000133188162,TRUE,"retained"
"ARNT",0.3148939322235,0.117946207377084,TRUE,"retained"
"STARD8",0.2873626751394,0.0901732437601209,TRUE,"retained"
"NRF1",0.1721988221506,0.0339110201543826,TRUE,"retained"
"HMBOX1",0.775816976953199,0.67706754844278,TRUE,"retained"
"GGT1",1.2918372879951,1.36409657504188,TRUE,"retained"
"CASP9",0.246695897107799,0.0602354003226007,TRUE,"retained"
"RECQL4",0.33080564391,0.113713926482094,TRUE,"retained"
"ADPRHL1",0.2308499172336,0.0669779850778405,TRUE,"retained"
"ARCN1",0.3895083880821,0.175420248781682,TRUE,"retained"
"RBMX",0.40228699650468,0.196306623864309,TRUE,"retained"
"PTGES2",0.30909671455215,0.0945578543858543,TRUE,"retained"
"MED7",0.3907795381875,0.21506660152469,TRUE,"retained"
"CD99",0.6330939870815,0.439037490754904,TRUE,"retained"
"SPINK4",0.2588141409609,0.0793647886852994,TRUE,"retained"
"WIPF3",0.2750163310524,0.0833843219309966,TRUE,"retained"
"ALOX12",0.7160601857241,0.732165607761115,TRUE,"retained"
"CYP4A11",0.4014569350218,0.161025963183196,TRUE,"retained"
"SLTM",0.6278697225276,0.430771651000445,TRUE,"retained"
"RAB11FIP3",0.3271262295294,0.130967687024023,TRUE,"retained"
"PNMA5",0.2856214755996,0.0871980043960386,TRUE,"retained"
"HPGD",2.1708124810134,3.34456493830418,TRUE,"retained"
"FAM133B",0.600559472918999,0.340139768767286,TRUE,"retained"
"SEC14L3",0.269070202149,0.0936488928740766,TRUE,"retained"
"CD14",0.811220249962499,0.765592586451908,TRUE,"retained"
"AMAC1L2",0.4175970864576,0.185531964742883,TRUE,"retained"
"C22orf24",0.2086224933744,0.0686925566785336,TRUE,"retained"
"SRMS",0.289517761001701,0.105952711803995,TRUE,"retained"
"OSBPL6",0.2718587911305,0.115282845209765,TRUE,"retained"
"LIPA",0.89431444282215,0.747160776999113,TRUE,"retained"
"AMBRA1",0.2003354250618,0.0436631672476577,TRUE,"retained"
"FUT8",0.351655303156499,0.177772737827504,TRUE,"retained"
"ZNF219",0.3733188697728,0.183736042191453,TRUE,"retained"
"AP1AR",0.42934433745945,0.229882402176752,TRUE,"retained"
"DEK",0.631183767293998,0.434067476862936,TRUE,"retained"
"LEMD2",0.3152507629089,0.111361172695793,TRUE,"retained"
"LENEP",0.346423559874,0.140408430206575,TRUE,"retained"
"RRP12",0.468014586903501,0.247163597051796,TRUE,"retained"
"KPNA7",0.390142862304301,0.19119941736634,TRUE,"retained"
"C3orf58",0.6544210477287,0.427707439947378,TRUE,"retained"
"GPR6",0.3236652369699,0.115218747315464,TRUE,"retained"
"OR2W3",0.9250563076419,0.907078170000517,TRUE,"retained"
"ZFX",0.6262812152205,0.404397300930905,TRUE,"retained"
"ATXN7L1",0.261287281093999,0.0669655439260321,TRUE,"retained"
"SYDE1",0.24319621498935,0.0613087758025493,TRUE,"retained"
"LAX1",0.521820306735,0.466502281321358,TRUE,"retained"
"ANKS3",0.303016271169675,0.10548921433895,TRUE,"retained"
"TMEM161B",0.35731114528095,0.131750552523383,TRUE,"retained"
"SERPINE2",0.3096362071173,0.126740790201906,TRUE,"retained"
"CDKL1",0.317853532443301,0.218908675120168,TRUE,"retained"
"HIST1H2BJ",0.3484038486789,0.209574337157247,TRUE,"retained"
"HIST1H1T",0.288830072559,0.117722097676451,TRUE,"retained"
"HIST1H2BC",0.562137810522751,0.311092759421682,TRUE,"retained"
"COL6A3",0.25853625390705,0.191571768457503,TRUE,"retained"
"KCP",0.3953918941854,0.202569413064548,TRUE,"retained"
"SFRS15",0.4901237012595,0.266149966215806,TRUE,"retained"
"FBXO34",0.72042943868805,0.472670754140007,TRUE,"retained"
"CACNA1C",0.2389392993687,0.087860103910883,TRUE,"retained"
"LRRC2",0.2494870880523,0.162155946073835,TRUE,"retained"
"C14orf93",0.301090616113,0.104179101580583,TRUE,"retained"
"AGAP3",0.2618961372237,0.0732580318880133,TRUE,"retained"
"VNN2",0.668335403907499,0.622167565618795,TRUE,"retained"
"CLEC2L",0.347336211369,0.141319322059182,TRUE,"retained"
"DIS3L",0.38662976784495,0.190375678940211,TRUE,"retained"
"WNT2B",0.2740531228974,0.088121705052455,TRUE,"retained"
"CMPK1",0.6999426399847,0.494659146574635,TRUE,"retained"
"HINT1",0.80856540514092,0.650758698542163,TRUE,"retained"
"TAB3",0.335598657436,0.172376309496585,TRUE,"retained"
"OR2A1",0.2656424428098,0.0779119684923305,TRUE,"retained"
"NPB",0.3246725302359,0.136189707886542,TRUE,"retained"
"LOC653501",0.506306988201,0.431032752449782,TRUE,"retained"
"NYX",0.3162860068914,0.137336480259176,TRUE,"retained"
"SEPP1",0.254621012352,0.163059176633262,TRUE,"retained"
"ARTN",0.275227582278601,0.0916495497524118,TRUE,"retained"
"EVX2",0.298046388591,0.104917197928974,TRUE,"retained"
"DPH3B",0.244013935977,0.0567736140297157,TRUE,"retained"
"KIR2DL1",0.2800585179945,0.274362282436219,TRUE,"retained"
"PKNOX2",0.2681418743829,0.0800896550319208,TRUE,"retained"
"GBP3",0.6065212884717,1.09795284563664,TRUE,"retained"
"HSP90B1",0.7850861321079,0.698783038353857,TRUE,"retained"
"ISM2",0.29326484977125,0.0980166722797913,TRUE,"retained"
"FUT5",0.3008787824721,0.121447528760484,TRUE,"retained"
"KRTAP5-11",0.2730143377248,0.0782903577725603,TRUE,"retained"
"ADAM9",0.766661390255775,0.603781251731495,TRUE,"retained"
"ESR2",0.2583794641386,0.0837402225899774,TRUE,"retained"
"WBSCR22",0.37186368927372,0.155127238435111,TRUE,"retained"
"CEACAM3",0.442989404676001,0.222649261840034,TRUE,"retained"
"CELA1",0.2907805003173,0.10141653067383,TRUE,"retained"
"IKZF1",0.3326502654251,0.121750295842259,TRUE,"retained"
"NMNAT2",0.3022310878776,0.166920395044194,TRUE,"retained"
"CACNB2",0.267926309532,0.109098483815398,TRUE,"retained"
"KIAA1543",0.3797431912911,0.140983003718465,TRUE,"retained"
"ATXN2L",0.263032880496401,0.0756022150710578,TRUE,"retained"
"PCMTD2",0.53374587893445,0.317019878185732,TRUE,"retained"
"COG5",0.50922581655015,0.241526046720974,TRUE,"retained"
"PCDHA11",0.2907199071966,0.0946958057069328,TRUE,"retained"
"CHORDC1",0.51705433469634,0.291638510451503,TRUE,"retained"
"LTK",0.3176354797896,0.12864193740478,TRUE,"retained"
"ANKK1",0.261525510204,0.0956187205166498,TRUE,"retained"
"TRAF3",0.4186824373781,0.183427444898597,TRUE,"retained"
"SCLY",0.30396113344695,0.143683850632148,TRUE,"retained"
"SEC61A2",0.24097720312155,0.0696567112096377,TRUE,"retained"
"C11orf21",0.346218615133999,0.115577790047588,TRUE,"retained"
"DEGS1",0.4993127989794,0.326308306168063,TRUE,"retained"
"CD82",0.7373250411702,0.478585658395018,TRUE,"retained"
"FBLIM1",0.2522108466423,0.0627451778641742,TRUE,"retained"
"MFSD2B",0.404067544545,0.202127866329512,TRUE,"retained"
"GPR150",0.3027341651922,0.108113575757849,TRUE,"retained"
"HTR3D",0.3025506964074,0.106846598930297,TRUE,"retained"
"UBE2E3",0.538235749192051,0.37275032309159,TRUE,"retained"
"GPR31",0.2739145057278,0.0848379341145221,TRUE,"retained"
"MYEOV2",0.49955623115055,0.252302635400497,TRUE,"retained"
"TMEM88B",0.2803695911961,0.0865095071500455,TRUE,"retained"
"KRTAP12-4",0.292892485515,0.104344390613112,TRUE,"retained"
"LOC653269",0.3743057987865,0.168608755967383,TRUE,"retained"
"ZNF451",0.378051829906275,0.167370185779679,TRUE,"retained"
"VCAN",0.915702676327836,1.05085622409354,TRUE,"retained"
"CDH24",0.390690986196,0.167652105363362,TRUE,"retained"
"PTPRA",0.443523350711,0.192325130573145,TRUE,"retained"
"FAM3C",0.336012024539625,0.239367619899253,TRUE,"retained"
"IKZF3",0.3931136902539,0.352764850325557,TRUE,"retained"
"EGFR",0.2617732118925,0.0762379295759799,TRUE,"retained"
"DPF1",0.3293253471291,0.123901742453081,TRUE,"retained"
"FSHR",0.2566618497996,0.0715446107037907,TRUE,"retained"
"SHOX",0.2289879369435,0.0737427334168925,TRUE,"retained"
"KLK8",0.2994179655726,0.100845219388653,TRUE,"retained"
"FGF3",0.3225215511756,0.104733617661567,TRUE,"retained"
"PAX3",0.3639404262417,0.138438758758926,TRUE,"retained"
"PTX4",0.2721794389629,0.0803942815319398,TRUE,"retained"
"KCNG2",0.2997352093554,0.136121935648684,TRUE,"retained"
"FBXO24",0.338619954077999,0.134310140169287,TRUE,"retained"
"OR56A4",0.2598707618115,0.0743574708699307,TRUE,"retained"
"OR51D1",0.26037095028,0.0710417470131783,TRUE,"retained"
"OR9K2",0.300971550978,0.122005278260053,TRUE,"retained"
"OR2A2",0.2586880673286,0.0789213936812886,TRUE,"retained"
"OR5A2",0.281874810483,0.0785754421432904,TRUE,"retained"
"OR4N2",0.273924170797199,0.0895650856939941,TRUE,"retained"
"OR5H1",0.3230566311525,0.173644131132977,TRUE,"retained"
"CACNG5",0.2791300056447,0.0830399140885871,TRUE,"retained"
"NKX6-3",0.250453876686299,0.0764134908514437,TRUE,"retained"
"C12orf51",0.21482130068385,0.0729283128138608,TRUE,"retained"
"USP24",0.41768837421675,0.199711510769252,TRUE,"retained"
"SETD1B",0.459276509199899,0.258303086474251,TRUE,"retained"
"CEP192",0.6178367970873,0.371929080987176,TRUE,"retained"
"STRC",0.2589511695246,0.0780547048675352,TRUE,"retained"
"PIP4K2C",0.5558051044182,0.299984680839596,TRUE,"retained"
"PTBP1",0.429291418399899,0.197021939531722,TRUE,"retained"
"CCDC154",0.3139650440346,0.106499208493146,TRUE,"retained"
"PTP4A2",0.307466504598121,0.105150981241965,TRUE,"retained"
"INCA1",0.2980855099572,0.0907739452617323,TRUE,"retained"
"SSX6",0.267342231849,0.0965469920746814,TRUE,"retained"
"PRR25",0.3204662376216,0.105456674824935,TRUE,"retained"
"OR52R1",0.2493254831697,0.0662348407914543,TRUE,"retained"
"OR1L1",0.252747332124,0.0810580382525842,TRUE,"retained"
"FAM58B",0.3159733925271,0.104733974037231,TRUE,"retained"
"BAX",0.4083651601302,0.155900240708371,TRUE,"retained"
"OR2M1P",0.2810528007042,0.100131799156982,TRUE,"retained"
"OR1N1",0.301929317991,0.0912020763288736,TRUE,"retained"
"OR10G7",0.244285552003501,0.0806227218323081,TRUE,"retained"
"OR2T6",0.3023626515777,0.0980468310419028,TRUE,"retained"
"PABPN1L",0.3165105355419,0.123452141363214,TRUE,"retained"
"MBD3L5",0.2672511053226,0.081376230597455,TRUE,"retained"
"MORF4",0.2644423870809,0.0944293329610337,TRUE,"retained"
"HIST2H2AA3",0.658313098825201,0.538193736586158,TRUE,"retained"
"LOC402644",0.2600684242674,0.0852025304126536,TRUE,"retained"
"FAM136B",0.2500202784555,0.076463901579393,TRUE,"retained"
"RPS28",0.350275546300051,0.144133197688212,TRUE,"retained"
"HIST2H4A",0.3915853950393,0.21694421766237,TRUE,"retained"
"LCE3B",0.3396545531295,0.110006569774311,TRUE,"retained"
"HNRNPA2B1",0.5375490010884,0.328466848709739,TRUE,"retained"
"ERP29",0.600167809843875,0.381517049255746,TRUE,"retained"
"COPS8",0.42135092698755,0.15636284482724,TRUE,"retained"
"HIST1H1C",1.1273730519156,1.18613709520288,TRUE,"retained"
"SRA1",0.5824817449017,0.379193375624921,TRUE,"retained"
"APRT",0.638474791462201,0.468539281797396,TRUE,"retained"
"ITM2A",0.974942612275799,1.04658331109279,TRUE,"retained"
"C1R",0.3766435565361,0.156574928821341,TRUE,"retained"
"C17orf89",0.3105984374976,0.0977750544184991,TRUE,"retained"
"UBR5",0.501673014783149,0.27243159735271,TRUE,"retained"
"RAB8A",0.4267181565591,0.18927456397832,TRUE,"retained"
"TMEM223",0.4714875200763,0.246530626173924,TRUE,"retained"
"TBRG1",0.3166635155049,0.0972655432397893,TRUE,"retained"
"LRRC58",0.4083945949293,0.170170309061869,TRUE,"retained"
"STAT6",0.419088848740275,0.165082450796517,TRUE,"retained"
"TMEM87A",0.3764823764184,0.183723471636698,TRUE,"retained"
"LARP4B",0.332143171499999,0.125605410746118,TRUE,"retained"
"SURF6",0.3784868983203,0.140098129465512,TRUE,"retained"
"WDR3",0.2594879100135,0.116784845795732,TRUE,"retained"
"RAB9A",0.5853602454189,0.323183949802317,TRUE,"retained"
"GEMIN5",0.2978389343034,0.117415538575074,TRUE,"retained"
"SNX2",0.534499361088,0.339939430612228,TRUE,"retained"
"STX10",0.5296643749089,0.348723648117489,TRUE,"retained"
"PLIN2",0.78241056728415,0.739474323160378,TRUE,"retained"
"SPPL3",0.286837879464501,0.0816099944447761,TRUE,"retained"
"ETS2",0.918460604235299,0.718740000495415,TRUE,"retained"
"VRK2",0.7117089978705,0.543254942455379,TRUE,"retained"
"TRIP11",0.2673080467995,0.0720545869665588,TRUE,"retained"
"GORASP2",0.4935900338971,0.241415227799234,TRUE,"retained"
"KIAA1370",1.1191998672981,0.981786759935083,TRUE,"retained"
"BCAS2",0.4895808798867,0.266057401546003,TRUE,"retained"
"DENND5A",0.585079957665,0.320662490310771,TRUE,"retained"
"KIAA0100",0.4446804196884,0.188937359655005,TRUE,"retained"
"TBCC",0.29956818890565,0.107197931688876,TRUE,"retained"
"HIBCH",0.5005637256795,0.287047872476421,TRUE,"retained"
"SMARCC1",0.342631738282574,0.123650552853082,TRUE,"retained"
"SETX",0.526681762019,0.291753995689467,TRUE,"retained"
"DHX34",0.6449406569151,0.417412096153255,TRUE,"retained"
"SBDS",0.68665197297795,0.443132771653878,TRUE,"retained"
"LRP10",0.415785711259102,0.237341406780602,TRUE,"retained"
"C18orf21",0.56944241949,0.329091968108386,TRUE,"retained"
"ATF7IP",0.3586279699681,0.131978605260198,TRUE,"retained"
"E2F3",0.6313370618506,0.385408130918544,TRUE,"retained"
"MAP2K3",0.713689911591299,0.552786582705291,TRUE,"retained"
"SRD5A1",0.2174003460237,0.0615001920622321,TRUE,"retained"
"TEX261",0.2213436481312,0.0574297995133542,TRUE,"retained"
"METTL14",0.486473083418701,0.250608541500167,TRUE,"retained"
"BCL2L13",0.28617692412834,0.113850287103693,TRUE,"retained"
"RPS6KA3",0.8362898825148,0.659870244266831,TRUE,"retained"
"FAM13A",0.43506180422355,0.22835690160901,TRUE,"retained"
"DNPEP",0.3288617432982,0.123046081271167,TRUE,"retained"
"LACTB2",0.4602634797264,0.243091049191726,TRUE,"retained"
"TMEM199",0.35468495511435,0.163416314047762,TRUE,"retained"
"GTF3C1",0.300309962967,0.109596146854072,TRUE,"retained"
"PHF3",0.396722263337819,0.224347908275036,TRUE,"retained"
"BRD4",0.352145090630025,0.137549178936608,TRUE,"retained"
"ASPM",0.233702438892301,0.167099091694633,TRUE,"retained"
"UBXN4",0.46163761975275,0.242361940406574,TRUE,"retained"
"RPS6KB2",0.2671346619186,0.0790218545160734,TRUE,"retained"
"ARRB1",0.5367610347708,0.331326163444114,TRUE,"retained"
"C20orf177",0.8476272629398,0.608707184496317,TRUE,"retained"
"RXRA",0.41374906895175,0.183702351299729,TRUE,"retained"
"AQR",0.45784429721415,0.213779488048358,TRUE,"retained"
"PPP1R13B",0.2820546772911,0.0884404014509327,TRUE,"retained"
"C17orf48",0.3672969340488,0.150975560603028,TRUE,"retained"
"RGL3",0.2695981018941,0.0839247901267978,TRUE,"retained"
"HLA-DRA",0.889235229057001,0.906272147483868,TRUE,"retained"
"SPINT2",0.565582635329251,0.400810591103114,TRUE,"retained"
"RPN1",0.384882990763951,0.179417732528481,TRUE,"retained"
"UGDH",0.3049779186888,0.112142565590946,TRUE,"retained"
"ASNSD1",0.42878620453515,0.200161164061585,TRUE,"retained"
"WBP11",0.2965592399742,0.107717060126052,TRUE,"retained"
"PLEK",0.420853491707249,0.265667873156922,TRUE,"retained"
"RLF",0.40954599283815,0.243223008641238,TRUE,"retained"
"PHACTR1",0.4449738240045,0.485540164937129,TRUE,"retained"
"PBXIP1",0.3474818493909,0.157521861215895,TRUE,"retained"
"ARPC2",0.273885620232,0.0909676730315558,TRUE,"retained"
"CINP",0.4783072450842,0.228808720671285,TRUE,"retained"
"C18orf32",0.7275143337483,0.517593604652022,TRUE,"retained"
"SGSM3",0.297635901129,0.0868904297873007,TRUE,"retained"
"GPR172A",0.2884421443386,0.0894562061620952,TRUE,"retained"
"CRYZL1",0.4560116927898,0.247953194123075,TRUE,"retained"
"UBE2B",0.384847376117401,0.146409897107192,TRUE,"retained"
"PPID",0.7204460100789,0.714198914545066,TRUE,"retained"
"ST6GALNAC2",0.975326490033001,1.05505125446845,TRUE,"retained"
"LTBP3",0.23147552106,0.0869291025955722,TRUE,"retained"
"GCSH",0.316584529389799,0.284587364975085,TRUE,"retained"
"FBXO6",0.9047186761662,1.03947042910444,TRUE,"retained"
"HBXIP",0.3367668382533,0.0963345812040116,TRUE,"retained"
"DRG2",0.2478818006784,0.0606814238067131,TRUE,"retained"
"CGGBP1",0.476408136042299,0.273143744702718,TRUE,"retained"
"AP3S1",0.650205638607001,0.459600303923622,TRUE,"retained"
"DNAJC1",0.551729982614999,0.402716422259289,TRUE,"retained"
"TTLL5",0.263483654154,0.0782710796119177,TRUE,"retained"
"ANKRD32",0.403509071549325,0.191821546798643,TRUE,"retained"
"ANKRD50",0.38869282576005,0.155008251675968,TRUE,"retained"
"IGSF6",0.42805985062575,0.271016006170478,TRUE,"retained"
"HSPA9",0.66068708968794,0.413989770891455,TRUE,"retained"
"LAPTM5",0.2792548598385,0.109571613216785,TRUE,"retained"
"PRDX1",0.575405226160801,0.334289659602879,TRUE,"retained"
"C11orf59",0.398467349217,0.172826668089021,TRUE,"retained"
"CPT2",0.4136407379643,0.173545069414338,TRUE,"retained"
"AP3D1",0.3427503701895,0.149204174064706,TRUE,"retained"
"BIRC6",0.3858273472893,0.150965463493855,TRUE,"retained"
"POC1A",0.2900159390646,0.0983473888243193,TRUE,"retained"
"TSEN2",0.3093711293568,0.120436799831617,TRUE,"retained"
"ASCL2",0.4571456779323,0.220802128121092,TRUE,"retained"
"CORO1A",0.408285013183426,0.183180368323055,TRUE,"retained"
"EBNA1BP2",0.3338176883867,0.134514552984892,TRUE,"retained"
"MARCKS",1.0520758639461,1.05147349045549,TRUE,"retained"
"CNOT8",0.53272635940755,0.281365262769252,TRUE,"retained"
"MED10",0.4140049431021,0.177129994297926,TRUE,"retained"
"SELS",0.5993249356206,0.493894261688129,TRUE,"retained"
"MEPCE",0.5270776404348,0.264236107524423,TRUE,"retained"
"FAM43A",0.4665270281007,0.396926061803875,TRUE,"retained"
"MTERFD2",0.23917599682935,0.0998165917395745,TRUE,"retained"
"RABGEF1",0.962572069932899,0.868589674864798,TRUE,"retained"
"CCAR1",0.48770800137465,0.236399091272703,TRUE,"retained"
"ACAT1",0.839237622675899,0.63518105088655,TRUE,"retained"
"USP42",0.2218310032141,0.0621538459888854,TRUE,"retained"
"DOPEY1",0.2798709097905,0.082721565054487,TRUE,"retained"
"PARK7",0.36935385140535,0.14662743521812,TRUE,"retained"
"EZR",0.597821615544301,0.354884350396946,TRUE,"retained"
"PSAT1",0.19748167469835,0.124928675186586,TRUE,"retained"
"RAB10",0.558142640148449,0.307055572266943,TRUE,"retained"
"MCM3",0.22817990029905,0.069210485811905,TRUE,"retained"
"PRDX6",0.377528759174699,0.160186725978938,TRUE,"retained"
"CD83",0.2915542477596,0.249618045292691,TRUE,"retained"
"DCTN6",0.4573153125765,0.223990749954313,TRUE,"retained"
"BRF2",0.4497491800116,0.170948907877698,TRUE,"retained"
"NFKBIE",0.543367821353701,0.345842429756921,TRUE,"retained"
"ARHGEF1",0.255687806618475,0.0713925731109653,TRUE,"retained"
"NFIL3",0.6865170300618,0.65366241230349,TRUE,"retained"
"GPR137B",0.5060240451105,0.591045175659524,TRUE,"retained"
"TAB2",0.5621244304284,0.281655880762601,TRUE,"retained"
"RNF115",0.3864460510953,0.185740332157055,TRUE,"retained"
"DIP2C",0.2662380247275,0.100728069403714,TRUE,"retained"
"PMS2",0.3259407344151,0.116738674376394,TRUE,"retained"
"ZSCAN29",0.401674457646,0.159861905557629,TRUE,"retained"
"ATP7A",0.5329753676373,0.276401255938861,TRUE,"retained"
"S100A6",0.344981279180999,0.151957187080293,TRUE,"retained"
"ANXA5",0.612267771694601,0.351747025303971,TRUE,"retained"
"RDH11",0.617504745095701,0.364807072274692,TRUE,"retained"
"DDX1",0.5985607672569,0.363670668717441,TRUE,"retained"
"SAT1",0.456534885527,0.26148373828002,TRUE,"retained"
"CRTAP",0.545770248818023,0.280048064064056,TRUE,"retained"
"STIP1",0.35348016989145,0.260061928360617,TRUE,"retained"
"ALDH1A1",0.3853265650395,0.380803036542503,TRUE,"retained"
"FLOT1",0.631625790911151,0.418013436514812,TRUE,"retained"
"ACO2",0.4213602069516,0.17675284358207,TRUE,"retained"
"DNAJC15",0.5035400325774,0.268984293045697,TRUE,"retained"
"CDKN2C",0.81776281957965,0.83169494875243,TRUE,"retained"
"PLAA",0.42578129643,0.198239931617136,TRUE,"retained"
"COMMD10",0.4610215672062,0.218678986536952,TRUE,"retained"
"DCTPP1",0.5122298350953,0.272239531606293,TRUE,"retained"
"CDC6",0.2326013326287,0.118874614443898,TRUE,"retained"
"PTDSS1",0.5751589574052,0.316444171261085,TRUE,"retained"
"SIAH2",1.45114481999655,1.6451701928516,TRUE,"retained"
"PRPF38A",0.49547167037445,0.23513098951502,TRUE,"retained"
"LPAR6",1.1151796246752,1.11863533429797,TRUE,"retained"
"IPO9",0.4752061188336,0.23479853052285,TRUE,"retained"
"CEBPB",0.577152258249001,0.35273381987284,TRUE,"retained"
"UPF3A",0.279075620726175,0.102249508903857,TRUE,"retained"
"TRMT6",0.7088418407259,0.722330025091952,TRUE,"retained"
"TAF3",0.2639697930107,0.097610352924111,TRUE,"retained"
"BNIP3",0.6424661270916,0.503527754646347,TRUE,"retained"
"KDM6A",0.7091842457133,0.456360912938981,TRUE,"retained"
"PPBP",1.015104129123,1.17679515062266,TRUE,"retained"
"LRRC6",0.7017623167548,0.636117069607379,TRUE,"retained"
"SLC36A4",0.8673806553762,0.786936707042582,TRUE,"retained"
"THEM4",0.34557167607585,0.284302213270144,TRUE,"retained"
"LIN7A",0.8595047743128,0.874201184423989,TRUE,"retained"
"TMEM65",0.441520064679749,0.223661359258077,TRUE,"retained"
"TARSL2",0.26638427914035,0.11856351794346,TRUE,"retained"
"HNRNPH1",0.7220402950782,0.607332814545474,TRUE,"retained"
"ENO2",0.3122501643513,0.101839691606907,TRUE,"retained"
"PTCD3",0.37704028354272,0.188439306347185,TRUE,"retained"
"DHX9",0.3188158087842,0.104170010469528,TRUE,"retained"
"NAMPT",0.606949759377499,0.411158146077733,TRUE,"retained"
"S100A10",0.654277655104499,0.513792205402361,TRUE,"retained"
"DHX15",0.6835347809031,0.474134095370663,TRUE,"retained"
"KPNB1",0.44365846158102,0.294705329998983,TRUE,"retained"
"XRN2",0.567706157749501,0.371097727043781,TRUE,"retained"
"EIF4A1",0.407667060870299,0.154344164704959,TRUE,"retained"
"PRKAR1B",0.2905868403872,0.130158949981205,TRUE,"retained"
"TLN1",0.57384426963885,0.334591566513614,TRUE,"retained"
"EIF3G",0.3959357536253,0.169014718313631,TRUE,"retained"
"CHCHD10",0.690733423629899,0.509030317296142,TRUE,"retained"
"SORL1",0.469841066089497,0.411696628373651,TRUE,"retained"
"APEH",0.3859680860595,0.155535863923254,TRUE,"retained"
"FKBP8",1.0489279087861,1.07396796418034,TRUE,"retained"
"CEBPD",0.405862718137799,0.250675786787119,TRUE,"retained"
"NID1",0.24478515299175,0.102965704607428,TRUE,"retained"
"March 5",0.7375717836165,0.523155746710341,TRUE,"retained"
"PPP1R12C",0.344009979983599,0.118695779198552,TRUE,"retained"
"COX11",0.3921505255885,0.212558762268568,TRUE,"retained"
"FBXO11",0.398006468180999,0.207642936250241,TRUE,"retained"
"ZNF22",0.351732421583901,0.145383516951881,TRUE,"retained"
"ZNF143",0.5425734442737,0.296531819884165,TRUE,"retained"
"GLS",0.733850423304901,0.443216837077791,TRUE,"retained"
"C16orf72",0.539622610420599,0.309929913312206,TRUE,"retained"
"POFUT1",0.2858529435594,0.0798986928414493,TRUE,"retained"
"GTF2F2",0.55397508194175,0.305435420324821,TRUE,"retained"
"HJURP",0.3039522626805,0.132615391590932,TRUE,"retained"
"CTSE",0.356899002866701,0.240400793857356,TRUE,"retained"
"ATF1",0.4898703138,0.251402266168969,TRUE,"retained"
"ETV6",0.5156740045926,0.342484234951936,TRUE,"retained"
"IDO1",0.4921973842275,1.53810300927125,TRUE,"retained"
"LPXN",0.80994690153195,0.656795332234965,TRUE,"retained"
"RCSD1",0.5292405655446,0.272203247207398,TRUE,"retained"
"SLCO4A1",0.28894234429725,0.0996664359094845,TRUE,"retained"
"TSHZ3",0.821044473136651,0.663987976016321,TRUE,"retained"
"RSF1",0.303189127689,0.10641029031555,TRUE,"retained"
"NPAT",0.3587915380602,0.217893448193105,TRUE,"retained"
"C16orf59",0.285342682491825,0.0820388600389743,TRUE,"retained"
"SLC19A1",0.369381343071825,0.162264492479989,TRUE,"retained"
"CYB5R1",0.6028875974751,0.323676341202116,TRUE,"retained"
"KIAA1430",0.4618689405645,0.28849871617324,TRUE,"retained"
"RGL1",0.4829038462332,0.404717609232089,TRUE,"retained"
"PARD6G",0.2695129865694,0.0899845491526956,TRUE,"retained"
"TNFRSF14",0.4074862079214,0.164441163363907,TRUE,"retained"
"TLR4",0.775768772685198,0.62276069290306,TRUE,"retained"
"NANOS3",0.2804250582273,0.0897534380095483,TRUE,"retained"
"ADAMTS2",0.431519002908,0.193739736491696,TRUE,"retained"
"PRSS41",0.2739371798709,0.0959038827516262,TRUE,"retained"
"GPR141",0.9366719263734,0.795242023255133,TRUE,"retained"
"CR1L",0.5607834268827,0.347294622922509,TRUE,"retained"
"OMP",0.259424969937,0.0767185770501781,TRUE,"retained"
"PHF13",0.6427700222853,0.446843532631622,TRUE,"retained"
"C4orf52",0.407681714147401,0.178080773314096,TRUE,"retained"
"COPB1",0.3448463055009,0.132665659976274,TRUE,"retained"
"STAG1",0.3660720954254,0.149359624447175,TRUE,"retained"
"WNK1",0.914621839080075,0.734157906845889,TRUE,"retained"
"TIMM10",0.5088907804554,0.468943989130912,TRUE,"retained"
"GOLT1B",0.54486179030115,0.288307066951955,TRUE,"retained"
"DTX4",0.4364197638948,0.291370158524491,TRUE,"retained"
"SGK269",0.63124163269545,0.342508622658868,TRUE,"retained"
"GALNT1",0.6494294041032,0.409195563016958,TRUE,"retained"
"CENPF",0.31937687355,0.250421121144109,TRUE,"retained"
"CNOT6",0.48307001492925,0.215765301662976,TRUE,"retained"
"SRP72",0.5405871642822,0.284073185463102,TRUE,"retained"
"KIAA0947",0.8083836277062,0.558877707195905,TRUE,"retained"
"C19orf42",0.5853188571573,0.345264862139801,TRUE,"retained"
"FHDC1",0.435118479203099,1.06263499783892,TRUE,"retained"
"COPS4",0.576353074579801,0.314270626164539,TRUE,"retained"
"ARMC7",0.3538363804794,0.120103956077582,TRUE,"retained"
"TMEM218",0.2980556259303,0.100616172854562,TRUE,"retained"
"FASN",0.3277093805874,0.129572184539258,TRUE,"retained"
"TXNL1",0.222951458396101,0.0666006070276224,TRUE,"retained"
"ZFC3H1",0.41149820564685,0.280250894004718,TRUE,"retained"
"CTSO",0.9202159448139,0.859841804801655,TRUE,"retained"
"C20orf111",0.401019464981099,0.164803970371946,TRUE,"retained"
"PGP",0.490612842134101,0.27774391985669,TRUE,"retained"
"KIDINS220",0.5009639881435,0.237683014103978,TRUE,"retained"
"MRPL35",0.315736212109501,0.110158596387365,TRUE,"retained"
"UIMC1",0.384685359072,0.217782219452044,TRUE,"retained"
"PPAPDC2",0.4874503777563,0.285967477218803,TRUE,"retained"
"MEGF9",0.5908774363975,0.39952039979832,TRUE,"retained"
"MFSD11",0.4808804315595,0.246046786892682,TRUE,"retained"
"RMND5A",0.595839597657149,0.458360934604011,TRUE,"retained"
"FTSJ1",0.5662674753267,0.400198757760303,TRUE,"retained"
"C11orf24",0.2987509075089,0.111098299956296,TRUE,"retained"
"TRAF7",0.2558211637086,0.0755490954970539,TRUE,"retained"
"C15orf48",0.29534022105,0.698893298391033,TRUE,"retained"
"ADSS",0.820738827363001,0.675994470793379,TRUE,"retained"
"EIF5B",0.5095225160683,0.289781614124993,TRUE,"retained"
"PPP1R2",0.5379481454249,0.250125068360289,TRUE,"retained"
"PTGES3",0.646424670018225,0.482358794249695,TRUE,"retained"
"C15orf23",0.4941572435457,0.30663581596131,TRUE,"retained"
"FRYL",0.398527887481499,0.184508031298847,TRUE,"retained"
"XRCC6BP1",0.32207562104865,0.157704375207205,TRUE,"retained"
"PRPF40A",0.4234496002905,0.208452836904405,TRUE,"retained"
"CCDC127",0.4785384550716,0.241484512213919,TRUE,"retained"
"NAGPA",0.473093790414,0.217034001881269,TRUE,"retained"
"LOC100133770",0.5072953790583,0.286678514263805,TRUE,"retained"
"VPS35",0.82668926877915,0.599871277716991,TRUE,"retained"
"MATR3",0.679142365927989,0.44906875337845,TRUE,"retained"
"AIG1",0.7745717871738,0.637725964738023,TRUE,"retained"
"BMI1",0.5028059061375,0.314077969609918,TRUE,"retained"
"STARD3NL",0.577911932481449,0.305490605326196,TRUE,"retained"
"CDC27",0.299404812390179,0.142133560166904,TRUE,"retained"
"ZMAT2",0.545014849848001,0.395652156048395,TRUE,"retained"
"C4orf34",0.69409774436835,0.489719605709281,TRUE,"retained"
"RBM25",0.370986744235275,0.152662596273915,TRUE,"retained"
"OTUD1",0.9759694610358,1.05169394407846,TRUE,"retained"
"C5orf30",0.97382787054,1.62976344552487,TRUE,"retained"
"LEPREL1",0.279162193632,0.0884367798752357,TRUE,"retained"
"BAG4",0.450431600776499,0.240253876279041,TRUE,"retained"
"D4S234E",0.23974851986925,0.0644192908786802,TRUE,"retained"
"AHCYL1",0.379608285687049,0.145495593110531,TRUE,"retained"
"RBM27",0.38465348206005,0.160325202248424,TRUE,"retained"
"PGLS",0.4597231298478,0.238753079728185,TRUE,"retained"
"CHST11",0.6844420547608,0.455117372962471,TRUE,"retained"
"PDIA3",0.3683933034054,0.165531543126671,TRUE,"retained"
"RHOB",0.343929633936,0.150674574556815,TRUE,"retained"
"SUPT6H",0.2942027265933,0.0885257642981301,TRUE,"retained"
"ELOVL6",0.2552057831505,0.175374395064465,TRUE,"retained"
"CDCA4",0.319770462337199,0.15753304508332,TRUE,"retained"
"HDAC4",0.230722133978175,0.0618462633019456,TRUE,"retained"
"FAM10A4",0.8584816990169,0.676688136059979,TRUE,"retained"
"MUDENG",0.7051124824933,0.428635723144992,TRUE,"retained"
"ERGIC1",0.55535043436425,0.338799471331301,TRUE,"retained"
"FAM49A",0.6374883297146,0.548106718847412,TRUE,"retained"
"SLC2A8",0.3709451011518,0.154869695338936,TRUE,"retained"
"CHD4",0.6322068385304,0.423142979803988,TRUE,"retained"
"TNPO3",0.5424398637434,0.246313325814099,TRUE,"retained"
"MPHOSPH6",0.5276863203822,0.350792924241841,TRUE,"retained"
"DKC1",0.58915511319735,0.409575018042887,TRUE,"retained"
"LOC440957",0.3815495963202,0.199168435835163,TRUE,"retained"
"ITGAX",0.342595947206625,0.143518347193985,TRUE,"retained"
"SLC25A13",0.24976314854295,0.0620884809151377,TRUE,"retained"
"PIN4",0.263568740568,0.0789871083428713,TRUE,"retained"
"RB1CC1",0.71960982182565,0.635218921298784,TRUE,"retained"
"NAA25",0.2573644531983,0.0903466197628893,TRUE,"retained"
"IK",0.300981176313721,0.112654911583384,TRUE,"retained"
"SPATA5L1",0.522554043251101,0.307840063401235,TRUE,"retained"
"BMP2",0.2905567982163,0.148931348363228,TRUE,"retained"
"GTF3C2",0.36620488313535,0.164282406433285,TRUE,"retained"
"NARS2",0.288941227528799,0.100357526020516,TRUE,"retained"
"KIAA0776",0.5874792129213,0.319383728595826,TRUE,"retained"
"KDM4B",0.475416104660699,0.256610301347243,TRUE,"retained"
"GINS2",0.2877172411533,0.208394818476368,TRUE,"retained"
"KHSRP",0.336177544289301,0.131100161618516,TRUE,"retained"
"RALBP1",0.442452920528641,0.211752015134168,TRUE,"retained"
"USP27X",0.2517899513283,0.0756783768947256,TRUE,"retained"
"VRK1",0.494750187918,0.369054891451761,TRUE,"retained"
"CEP57",0.485442565965001,0.213576920184976,TRUE,"retained"
"QDPR",0.471071561079,0.268735530259837,TRUE,"retained"
"SLC22A23",0.2465531738775,0.202834007751168,TRUE,"retained"
"PAK1IP1",0.437031732249,0.204889820952391,TRUE,"retained"
"ACAP3",0.255369366562801,0.0723370195949057,TRUE,"retained"
"KIN",0.67288525731945,0.505226300371112,TRUE,"retained"
"QTRTD1",0.3671134067013,0.146893543012714,TRUE,"retained"
"C4orf14",0.6548137128561,0.436608607161344,TRUE,"retained"
"SR140",0.4748147858223,0.196439052696865,TRUE,"retained"
"MAP7D3",0.3201690830688,0.112021778633742,TRUE,"retained"
"CABLES2",0.4058993954379,0.233766879126955,TRUE,"retained"
"ACBD3",0.4210264736916,0.168385819578632,TRUE,"retained"
"TMEM184C",0.4266752130501,0.201869500627961,TRUE,"retained"
"MRPS6",0.6154710952929,0.375564653413586,TRUE,"retained"
"SLMO2",0.3982969888401,0.160108532534293,TRUE,"retained"
"DENR",0.525599994789799,0.261267489030359,TRUE,"retained"
"BECN1",0.268407647631059,0.0886424044049205,TRUE,"retained"
"SNX29",0.329719315461901,0.130192816631769,TRUE,"retained"
"TRIM4",0.3719014910765,0.15589388222149,TRUE,"retained"
"DIMT1L",0.3061373069468,0.12937537439254,TRUE,"retained"
"FMR1",0.4782410521833,0.210320448739798,TRUE,"retained"
"ZNF140",0.415204045272099,0.197602845969757,TRUE,"retained"
"RRM1",0.374190496057875,0.225703856944408,TRUE,"retained"
"VBP1",0.71199843067185,0.433192790762075,TRUE,"retained"
"COG2",0.283891324395,0.104725923084683,TRUE,"retained"
"ZMYND11",0.873989519823,0.754268819149213,TRUE,"retained"
"ZNF830",0.4130839697733,0.188551142848387,TRUE,"retained"
"TMOD3",0.35236037026575,0.143627528814594,TRUE,"retained"
"USP47",0.42577501873095,0.160163884847709,TRUE,"retained"
"WHAMM",0.407287121640002,0.226339587325015,TRUE,"retained"
"MSRA",0.6840362068484,0.346410215780204,TRUE,"retained"
"TM9SF2",0.412829949984899,0.245085517329464,TRUE,"retained"
"DPP9",0.3558726693102,0.130085001436402,TRUE,"retained"
"RPL26L1",0.5628158320428,0.332791413432145,TRUE,"retained"
"ALMS1",0.2781920446851,0.0910822360733661,TRUE,"retained"
"STX2",0.4702905844791,0.245892289217609,TRUE,"retained"
"MLLT4",0.39734031783915,0.263793547065817,TRUE,"retained"
"ZNRF2",0.5097641563938,0.312946579520526,TRUE,"retained"
"TNFAIP6",0.9238484185959,1.10058709982544,TRUE,"retained"
"PPM1N",0.7834417463481,1.00854767002298,TRUE,"retained"
"DHODH",0.3167594603754,0.129146974200942,TRUE,"retained"
"MXRA7",0.853246250099251,0.793342239847787,TRUE,"retained"
"HMGN4",0.6380283983934,0.437672325653242,TRUE,"retained"
"SNRNP27",0.43267405097805,0.191840743949361,TRUE,"retained"
"NUP54",0.655869764573625,0.371930662057205,TRUE,"retained"
"SPEN",0.589805332508,0.388410824828381,TRUE,"retained"
"COL8A2",0.2528498161077,0.0789383152425659,TRUE,"retained"
"CEP120",0.4741006337109,0.23717574329957,TRUE,"retained"
"ZNF292",0.704454747080175,0.505085995688436,TRUE,"retained"
"KDM6B",0.39512854031805,0.169629601247558,TRUE,"retained"
"P2RY8",0.74499756474045,0.49918704058776,TRUE,"retained"
"PTCH1",0.251123288006851,0.187831052370875,TRUE,"retained"
"S100A16",0.2657839295517,0.0968429540724531,TRUE,"retained"
"HIAT1",0.7192875909471,0.55579755088643,TRUE,"retained"
"RABGAP1",0.4122470205756,0.198045052916195,TRUE,"retained"
"MRPL30",0.31208147152875,0.107021111804508,TRUE,"retained"
"H2AFV",0.364915825260526,0.150544659457851,TRUE,"retained"
"C13orf27",0.2630029262931,0.10129349309173,TRUE,"retained"
"EDEM3",0.45709068718635,0.214518606671249,TRUE,"retained"
"GNL3L",0.4796175462078,0.282509128250091,TRUE,"retained"
"THUMPD3",0.42488474560035,0.170428808199634,TRUE,"retained"
"ABHD11",0.31722709354245,0.096322355428319,TRUE,"retained"
"MGA",0.54352905225045,0.339577053619579,TRUE,"retained"
"SYCP2",0.3362238011622,0.327022824719601,TRUE,"retained"
"LGALS1",0.7023604072317,0.518465469434913,TRUE,"retained"
"MARCKSL1",0.457417767649499,0.20993126485814,TRUE,"retained"
"MFSD1",0.606361508175502,0.35232812010879,TRUE,"retained"
"RHOA",0.43799838344598,0.222595948257913,TRUE,"retained"
"CCDC47",0.6112658120821,0.30446868593807,TRUE,"retained"
"TNFSF10",0.467374146698901,0.433849391791246,TRUE,"retained"
"GNPTG",0.5411896234871,0.251665045638479,TRUE,"retained"
"MOSPD2",0.623907825897999,0.488261709839493,TRUE,"retained"
"LIN7C",0.424938949827,0.168754467206859,TRUE,"retained"
"CWC25",0.3227786411815,0.104940070510862,TRUE,"retained"
"ATP11A",0.6614862690576,0.424932084786843,TRUE,"retained"
"FAM169A",0.23451391813395,0.108399622311819,TRUE,"retained"
"WHSC2",0.3176292469392,0.0926974537992226,TRUE,"retained"
"MKRN2",0.538173767987099,0.257605956932477,TRUE,"retained"
"CDC42SE2",0.731963284493,0.509441171409303,TRUE,"retained"
"SNIP1",0.2952060249936,0.0878783128479195,TRUE,"retained"
"GTF3C3",0.513168342393,0.239025257100779,TRUE,"retained"
"RRBP1",0.4966642682547,0.240741209561194,TRUE,"retained"
"CUL4A",0.5711681725617,0.435613432865053,TRUE,"retained"
"DLGAP4",0.5731352113704,0.356855888323569,TRUE,"retained"
"COL11A2",0.27797753507475,0.0870482111475859,TRUE,"retained"
"GIMAP7",0.9469068449442,0.889589438276877,TRUE,"retained"
"HERC2",0.3310145837628,0.198947861425371,TRUE,"retained"
"ANKRD55",1.2901577371872,1.49890259899136,TRUE,"retained"
"GORAB",0.2780099643552,0.13349633803499,TRUE,"retained"
"TTC39C",0.5281897957749,0.346924180422598,TRUE,"retained"
"SEPHS2",0.5846551601478,0.367728787219985,TRUE,"retained"
"ABCE1",0.43322610894885,0.245549267773765,TRUE,"retained"
"MRPL42",0.2638724763822,0.102893613640816,TRUE,"retained"
"DHCR7",0.5916753400887,0.811902817362563,TRUE,"retained"
"TFAM",0.297605970894399,0.0973386280644195,TRUE,"retained"
"EVI2B",0.447479147430003,0.250350678860399,TRUE,"retained"
"S1PR1",1.457261061312,1.66665562755307,TRUE,"retained"
"C9orf80",0.5060248064256,0.257800557538817,TRUE,"retained"
"C1orf57",0.3435678446949,0.124547447671169,TRUE,"retained"
"TOPBP1",0.585704206395,0.381013264967228,TRUE,"retained"
"RSBN1L",0.6903239295099,0.44884016554539,TRUE,"retained"
"C17orf85",0.3298400865753,0.125083675482771,TRUE,"retained"
"ATR",0.3062221366239,0.143401345435179,TRUE,"retained"
"ST3GAL6",0.4997871183018,0.337489153161231,TRUE,"retained"
"PLCXD2",0.3833796436302,0.305661010029018,TRUE,"retained"
"PLB1",0.6556935551544,0.389030836854489,TRUE,"retained"
"FBXO21",0.5839029879949,0.428628774447177,TRUE,"retained"
"TFE3",0.2575074129033,0.068076733814121,TRUE,"retained"
"NIPSNAP3A",0.618928812789,0.464990405841525,TRUE,"retained"
"MPHOSPH10",0.732488811831,0.533636472617145,TRUE,"retained"
"RBBP9",0.27247855981395,0.102433745067582,TRUE,"retained"
"MAML3",1.0217442527082,0.894550397104366,TRUE,"retained"
"MREG",0.3811058081796,0.209975209504976,TRUE,"retained"
"ATXN1L",0.4233101550888,0.185148024383514,TRUE,"retained"
"SPHAR",0.3975105629439,0.240533430588705,TRUE,"retained"
"ZBTB8OS",0.574827566467875,0.344489533647348,TRUE,"retained"
"NARS",0.528333117234301,0.278801530292232,TRUE,"retained"
"PSMD1",0.39728678708355,0.172601497216408,TRUE,"retained"
"PDLIM1",0.965141825671799,0.917203802315518,TRUE,"retained"
"SPCS1",0.30420513678975,0.0977406427673848,TRUE,"retained"
"UXS1",0.463548352008,0.223087577178176,TRUE,"retained"
"CTPS",0.3255961855881,0.137715464831403,TRUE,"retained"
"ALG14",0.275695971201,0.10290841134765,TRUE,"retained"
"PLSCR1",1.03667027545235,0.911287193382232,TRUE,"retained"
"PKP4",0.240084755943376,0.109700766858204,TRUE,"retained"
"SEL1L3",0.950223114987299,0.879132168022352,TRUE,"retained"
"NPC1",0.3180717889545,0.154208018816961,TRUE,"retained"
"TCFL5",0.3036159289401,0.107301949198823,TRUE,"retained"
"SBNO1",0.3877860257166,0.15815339460143,TRUE,"retained"
"SEC24A",0.5946429651281,0.391751233357396,TRUE,"retained"
"NSUN3",0.9154040471646,0.966014172203909,TRUE,"retained"
"UHRF1BP1L",0.5500015756893,0.325667426310309,TRUE,"retained"
"FIP1L1",0.2828947490915,0.105529441936578,TRUE,"retained"
"CCDC90B",0.5338884290712,0.28386025724463,TRUE,"retained"
"ZNF839",0.23591083719735,0.0627504456242636,TRUE,"retained"
"BMP6",0.5614047711993,0.407984030303388,TRUE,"retained"
"FRAT1",0.4080302998471,0.200180850487182,TRUE,"retained"
"EHBP1L1",0.507938904553499,0.308509849080832,TRUE,"retained"
"SERPINB6",0.5192990532667,0.282087114455373,TRUE,"retained"
"SNX8",0.271960545675,0.0971014984550646,TRUE,"retained"
"CNST",0.346824701519799,0.13114080299476,TRUE,"retained"
"CYBA",0.315188491484999,0.125473204722051,TRUE,"retained"
"KATNB1",0.288384128718,0.0723873178893744,TRUE,"retained"
"DDIT4",0.9249562566048,1.03622243600718,TRUE,"retained"
"MRPL38",0.330499672335,0.13722971793383,TRUE,"retained"
"CHD8",0.4407108360249,0.196871931214766,TRUE,"retained"
"MYL12A",0.356878866193502,0.0980831112034762,TRUE,"retained"
"UQCRC1",0.3737605748604,0.150892781980312,TRUE,"retained"
"ZFPL1",0.2860648708512,0.0906823252374824,TRUE,"retained"
"AKAP1",0.3783875744985,0.178502257793566,TRUE,"retained"
"UBE2O",0.9275119684152,1.05447387077454,TRUE,"retained"
"KCTD5",0.4250762282088,0.189676226498879,TRUE,"retained"
"SYT5",0.2695053637815,0.0853067215930992,TRUE,"retained"
"ACTR1A",0.393572270887741,0.142233409305234,TRUE,"retained"
"SSBP4",0.33100401912585,0.103300408570674,TRUE,"retained"
"NFKBIA",0.719956815830698,0.47760349384665,TRUE,"retained"
"LRRC45",0.301672295196301,0.0953519079324201,TRUE,"retained"
"MTHFD2",0.97730815142898,0.844635174111428,TRUE,"retained"
"PIK3R2",0.280201749756601,0.102937621355724,TRUE,"retained"
"ProSAPiP1",0.2802286559814,0.0947957627718672,TRUE,"retained"
"TMEM175",0.169370647254899,0.0347022984838524,TRUE,"retained"
"AMDHD2",0.2592322818512,0.100311193122454,TRUE,"retained"
"WIZ",0.3007743822279,0.0867054092038824,TRUE,"retained"
"KDELR1",0.3199419341699,0.116535481701521,TRUE,"retained"
"FERMT3",0.5360741261757,0.306874478632817,TRUE,"retained"
"NUP210",0.3813179348811,0.220532529984667,TRUE,"retained"
"CHD6",0.3307569375348,0.161008351611321,TRUE,"retained"
"ADAT3",0.2737241962266,0.086199010437061,TRUE,"retained"
"MARS",0.300762314790525,0.0998136575137778,TRUE,"retained"
"EGLN2",0.4412673136263,0.196760101401171,TRUE,"retained"
"TMEM181",0.58762747218,0.385876505586307,TRUE,"retained"
"SLC35A1",0.5866765999983,0.3271273174121,TRUE,"retained"
"BBS4",0.3163627825911,0.135455646608763,TRUE,"retained"
"NACC2",0.3355698188892,0.124843715002037,TRUE,"retained"
"S100A11",0.395295548907,0.226884616246066,TRUE,"retained"
"VASP",0.4541264838642,0.280110753501203,TRUE,"retained"
"ZNF358",0.227750640155851,0.0584592383833688,TRUE,"retained"
"CCDC56",0.26572420338135,0.0670035275768172,TRUE,"retained"
"BCAM",0.3070113683406,0.122505950567086,TRUE,"retained"
"PCYT2",0.2947681605813,0.0859503839376367,TRUE,"retained"
"TSPAN1",0.2410078480929,0.0607294911537006,TRUE,"retained"
"SLC11A2",0.261262930809825,0.12534830744478,TRUE,"retained"
"ZNFX1",0.5663791521717,0.360911260374576,TRUE,"retained"
"METTL1",0.2547644272152,0.0703091024862937,TRUE,"retained"
"MNT",0.3652124028966,0.150282834553922,TRUE,"retained"
"DDOST",0.4933098133544,0.27233965115931,TRUE,"retained"
"UQCRC2",0.292349253462,0.100367126110726,TRUE,"retained"
"ACTR1B",0.279599744845049,0.0853141498255172,TRUE,"retained"
"ZNF589",0.3708974792985,0.157453502078697,TRUE,"retained"
"SYNGR2",0.529862522916301,0.286388323243394,TRUE,"retained"
"LSG1",0.3558603019552,0.17559566783514,TRUE,"retained"
"PNKP",0.5873221670337,0.326605509119891,TRUE,"retained"
"OLAH",2.3485310862216,3.64025866081825,TRUE,"retained"
"ARPC1B",0.330423281370001,0.130978533659488,TRUE,"retained"
"SDHA",0.3374342380563,0.124851631865399,TRUE,"retained"
"FBXW5",0.4426017952146,0.230762184147352,TRUE,"retained"
"MRPS31",0.4642876512393,0.229973756484659,TRUE,"retained"
"ANKIB1",0.409890553649501,0.183233532878321,TRUE,"retained"
"FAM100B",0.4769960188182,0.229552904450203,TRUE,"retained"
"PRR15L",0.2803363483389,0.098107659870565,TRUE,"retained"
"BAT4",0.3247513689735,0.110504657004535,TRUE,"retained"
"C18orf56",0.3022269766278,0.112032579618075,TRUE,"retained"
"SH2B2",0.3651500788404,0.151684523013619,TRUE,"retained"
"ZNF397",0.4716417371631,0.32809910649747,TRUE,"retained"
"ATXN7L3B",0.27027856229115,0.0903881179371842,TRUE,"retained"
"DDX24",0.557193661024561,0.437395820080964,TRUE,"retained"
"KAT2A",0.2914242874914,0.104264817696154,TRUE,"retained"
"NOP58",0.730109248097251,0.509943111634469,TRUE,"retained"
"GMPPB",0.3807190393524,0.201100830049739,TRUE,"retained"
"NAPA",0.42928443004125,0.26088698462681,TRUE,"retained"
"DLK1",0.21663074949075,0.0570677581611749,TRUE,"retained"
"SAE1",0.268562939701701,0.103236077078034,TRUE,"retained"
"ZC3H15",0.497076669567975,0.257211894419663,TRUE,"retained"
"TMEM101",0.4171263935748,0.160471716652466,TRUE,"retained"
"COQ5",0.3913859413555,0.196197441237565,TRUE,"retained"
"GMPPA",0.282243866688,0.103255957569118,TRUE,"retained"
"RPIA",1.2561871450359,1.41578278908558,TRUE,"retained"
"MRPL10",0.570660087765599,0.32428585724896,TRUE,"retained"
"ELOVL1",0.3802846516371,0.13730182516456,TRUE,"retained"
"RPL8",0.4647392912295,0.249667805787068,TRUE,"retained"
"LGALS4",0.2762113029459,0.0905987287859249,TRUE,"retained"
"FAM156A",0.2716758835098,0.0815015031055609,TRUE,"retained"
"PRKCSH",0.2795965820886,0.0880915331767373,TRUE,"retained"
"MYO9B",0.4538353538565,0.22918976865668,TRUE,"retained"
"VGLL1",0.2740882442088,0.0939502299380863,TRUE,"retained"
"SECISBP2L",0.4493857354476,0.219570862299288,TRUE,"retained"
"ZSWIM6",0.50534327188485,0.349359755700371,TRUE,"retained"
"MIB2",0.3338143448766,0.130897952024605,TRUE,"retained"
"C19orf20",0.270208758147301,0.0790756776092739,TRUE,"retained"
"FOLR3",1.14050134036965,2.15706561493646,TRUE,"retained"
"SARS",0.4436542855416,0.22131174227597,TRUE,"retained"
"EIF3H",0.505333188351599,0.293176085613654,TRUE,"retained"
"MUL1",0.313182425455199,0.0920200737840504,TRUE,"retained"
"RBM3",0.938030371225502,1.00934120474561,TRUE,"retained"
"RPL18",0.615833226643948,0.39147769471402,TRUE,"retained"
"MRPL12",0.2589188073318,0.0910138126722104,TRUE,"retained"
"LPIN2",0.715475970653499,0.497805718501231,TRUE,"retained"
"RTN1",0.515396934822,0.296105662243407,TRUE,"retained"
"SMG5",0.3378808972518,0.133211239771785,TRUE,"retained"
"PIN1",0.33735119058795,0.133394560673121,TRUE,"retained"
"CHKB",0.572860819175401,0.353285109060644,TRUE,"retained"
"VPS33A",0.507994827484201,0.245035825838606,TRUE,"retained"
"RFX1",0.5582768803122,0.420672673008121,TRUE,"retained"
"VRK3",0.404157015748502,0.158883855724076,TRUE,"retained"
"PPME1",0.3005251660635,0.214224152138993,TRUE,"retained"
"FH",0.4999190081739,0.277272026058082,TRUE,"retained"
"DPP3",0.4691303091321,0.262873197818877,TRUE,"retained"
"MYBL2",0.4613216180181,0.218863490104059,TRUE,"retained"
"NAT14",0.2699679972507,0.0889417760980124,TRUE,"retained"
"DNAJC4",0.434499223746349,0.215305587928191,TRUE,"retained"
"UBQLN4",0.3039615949062,0.11677788139736,TRUE,"retained"
"EIF2B5",0.380843760112201,0.152278314344785,TRUE,"retained"
"PPP1R9B",0.7138577648916,0.463804942145732,TRUE,"retained"
"C19orf66",0.450685679868901,0.252969911394256,TRUE,"retained"
"TM7SF2",0.31399462057026,0.165487161708852,TRUE,"retained"
"TCIRG1",0.461446271690248,0.255755420633952,TRUE,"retained"
"FARS2",0.3686093426883,0.16790350676925,TRUE,"retained"
"ACADS",0.3011400543984,0.114691557367533,TRUE,"retained"
"SIPA1L2",1.0316558466123,1.25682250459604,TRUE,"retained"
"C16orf70",0.3606917805498,0.116312205414505,TRUE,"retained"
"SBK1",0.4740753286941,0.47490568771715,TRUE,"retained"
"ABCC3",0.4800978470799,0.375344528519989,TRUE,"retained"
"MYL12B",0.341767825224001,0.12302340956589,TRUE,"retained"
"CALM2",0.4130576464574,0.209133359692092,TRUE,"retained"
"RETSAT",0.4150273588881,0.161084176969501,TRUE,"retained"
"SNRNP200",0.434869685727959,0.250018245769252,TRUE,"retained"
"C19orf70",0.389486306979,0.182267872939102,TRUE,"retained"
"PRPF6",0.459755498712301,0.190120564645641,TRUE,"retained"
"PAF1",0.4126216706304,0.163385902632742,TRUE,"retained"
"NPDC1",0.3621616835634,0.15686452964626,TRUE,"retained"
"MRPL28",0.377420658608,0.12748029112241,TRUE,"retained"
"SERPINH1",0.23343802941375,0.19412744373887,TRUE,"retained"
"RBM4",0.410407001545099,0.190160681343074,TRUE,"retained"
"RDBP",0.348541374284251,0.131019553271445,TRUE,"retained"
"RNF149",0.463966393317001,0.27007274439476,TRUE,"retained"
"C15orf57",0.30801845589585,0.0954425262769641,TRUE,"retained"
"TSPAN17",0.4138674504846,0.21176238285464,TRUE,"retained"
"G0S2",0.9549248161677,1.40042593485722,TRUE,"retained"
"C12orf11",0.3804993321171,0.184296384670455,TRUE,"retained"
"HERC1",0.2697565784907,0.0832641577064609,TRUE,"retained"
"ORAI3",0.30007173323925,0.0957481228123316,TRUE,"retained"
"MAPK7",0.2692743176214,0.0818251467966085,TRUE,"retained"
"FZD8",0.2545650642171,0.0848797940057247,TRUE,"retained"
"DDX60",1.3778615947551,2.77799598460034,TRUE,"retained"
"ARHGEF19",0.3128053780362,0.128390386725696,TRUE,"retained"
"SERPINF2",0.2650633755735,0.0992450846303229,TRUE,"retained"
"CCDC159",0.22012123467075,0.0554339520574435,TRUE,"retained"
"TRAF6",0.4596294465777,0.190679615042128,TRUE,"retained"
"GSX2",0.2825780869821,0.0879465789688284,TRUE,"retained"
"COPB2",0.384767778288601,0.164956777025276,TRUE,"retained"
"ACADVL",0.305000978555,0.102325089106917,TRUE,"retained"
"ATP1B3",0.4968651049572,0.320519790730016,TRUE,"retained"
"CD63",0.6352131137163,0.347630467939032,TRUE,"retained"
"SLC25A11",0.4018892510507,0.168927662161194,TRUE,"retained"
"RNF167",0.4798645038782,0.213340297750745,TRUE,"retained"
"RAC2",0.316007976396001,0.128195765291408,TRUE,"retained"
"SEC11C",0.72861361419,0.851304233137493,TRUE,"retained"
"PLEKHM2",0.241083930924199,0.061482354150239,TRUE,"retained"
"C11orf2",0.613859729259,0.396530732238144,TRUE,"retained"
"SNRPA",0.3244621846312,0.139599724705111,TRUE,"retained"
"ULK1",0.4286451562722,0.210721512461902,TRUE,"retained"
"NCAPD2",0.54833035153365,0.312778937684528,TRUE,"retained"
"SLBP",0.83919335409315,0.564437719083275,TRUE,"retained"
"NDC80",0.2720198304012,0.150452751557075,TRUE,"retained"
"WDR12",0.4006251912327,0.200964270037346,TRUE,"retained"
"CAPG",0.758648396491126,0.658989980699372,TRUE,"retained"
"TIMM44",0.2505541523373,0.0802497796210098,TRUE,"retained"
"FAM53B",0.597374435956201,0.388623494389313,TRUE,"retained"
"PLBD1",0.487961644212,0.363624036782765,TRUE,"retained"
"COQ4",0.3298147385631,0.113500356783241,TRUE,"retained"
"CBS",0.736798067494125,0.456997225593144,TRUE,"retained"
"ZNF622",0.3630215211399,0.142032928630079,TRUE,"retained"
"DEDD2",0.4396574991333,0.232681221350005,TRUE,"retained"
"C16orf75",0.3662210794284,0.383446478066318,TRUE,"retained"
"RCN3",0.2698277106735,0.0881579273213772,TRUE,"retained"
"CHST15",0.6944107206106,0.58757173032692,TRUE,"retained"
"TTC17",0.462058701318374,0.243790628148865,TRUE,"retained"
"VAV2",0.3956594916246,0.180553794387493,TRUE,"retained"
"TFB1M",0.2679927789378,0.0775445225210954,TRUE,"retained"
"PPIL5",0.4455341141118,0.239293947610992,TRUE,"retained"
"SGK223",0.4525989862884,0.328744944741134,TRUE,"retained"
"C20orf94",0.4696422101406,0.248046218167136,TRUE,"retained"
"RPL17",0.929142714254999,0.817656633410601,TRUE,"retained"
"RPS27A",0.506149347049499,0.267949077419448,TRUE,"retained"
"DNAJC8",0.349972953199801,0.138471969855209,TRUE,"retained"
"NUMA1",0.30433833579765,0.146349031614243,TRUE,"retained"
"RPS17",0.750076356335252,0.627979013336845,TRUE,"retained"
"PRMT2",0.46756135867805,0.200024594467009,TRUE,"retained"
"YWHAG",0.3226375772277,0.125407613350103,TRUE,"retained"
"YY1AP1",0.500152723014,0.262682504507443,TRUE,"retained"
"TUBA1B",0.371540695671601,0.148752336686335,TRUE,"retained"
"MYO10",0.30546145422345,0.214427209336652,TRUE,"retained"
"COL6A2",0.2566445369852,0.0684027937113992,TRUE,"retained"
"RPS27L",1.1655714403116,1.16059027331905,TRUE,"retained"
"LOC728392",1.004544592317,0.989586534893646,TRUE,"retained"
"TATDN2",0.4049288587911,0.160407378967763,TRUE,"retained"
"SUN2",0.373476161030699,0.158013334427544,TRUE,"retained"
"MBD3",0.3868843765962,0.162005815688912,TRUE,"retained"
"NCOA6",0.7107159887142,0.563118701047612,TRUE,"retained"
"C20orf199",0.539104134884174,0.327623320287496,TRUE,"retained"
"NCRNA00219",0.6981224833464,0.507195563609566,TRUE,"retained"
"CLDN4",0.2905794649464,0.091672861877849,TRUE,"retained"
"PRPSAP1",0.550094431297949,0.293102851176758,TRUE,"retained"
"HLA-DRB3",1.2158411994204,1.57486981059667,TRUE,"retained"
"C20orf27",0.41061653159625,0.172361203503783,TRUE,"retained"
"MPI",0.276155466006,0.103274642216012,TRUE,"retained"
"KRT4",0.2527228329003,0.0720387491605318,TRUE,"retained"
"NCRNA00201",0.5346845912016,0.325672648569314,TRUE,"retained"
"WDR74",0.20412770273805,0.0454688771895422,TRUE,"retained"
"C16orf91",0.4181467974726,0.180578482465358,TRUE,"retained"
"ARFRP1",0.230460585732299,0.0571697411495656,TRUE,"retained"
"LOC100131128",0.8356160667603,0.715114774939758,TRUE,"retained"
"EGFL7",0.227490726291149,0.0863549339505879,TRUE,"retained"
"CALCOCO2",0.39924374576898,0.197473629852171,TRUE,"retained"
"MYL6B",0.423020761947,0.238602078273244,TRUE,"retained"
"CAMTA1",0.534002667849001,0.284670322726692,TRUE,"retained"
"TXNDC11",0.403456030607701,0.233805162622642,TRUE,"retained"
"C2orf76",0.460042971887101,0.228331606683496,TRUE,"retained"
"KLHL18",0.3887372722548,0.150832412596641,TRUE,"retained"
"RSL24D1",1.0464657781935,1.05942355392847,TRUE,"retained"
"C9orf45",0.2701298630709,0.153488422531437,TRUE,"retained"
"KRT23",1.1772789891387,2.18814467427458,TRUE,"retained"
"AMY2B",0.3625681902444,0.13653591529332,TRUE,"retained"
"PARP9",0.721076112113699,0.70620969859959,TRUE,"retained"
"CDK5RAP3",0.432660454671199,0.197271252797445,TRUE,"retained"
"NDUFB10",0.475401634484699,0.244775047793473,TRUE,"retained"
"HLCS",0.2961365877792,0.112344178411406,TRUE,"retained"
"DHX38",0.2482867246839,0.0685839316875389,TRUE,"retained"
"PARD3",0.2810759048013,0.121725896603382,TRUE,"retained"
"UQCRH",0.410814545057699,0.168078128493146,TRUE,"retained"
"GSK3B",0.384881753904899,0.211764502747058,TRUE,"retained"
"MDK",0.32999089034625,0.122374014799546,TRUE,"retained"
"RAB2B",0.797358952207649,0.589861815144356,TRUE,"retained"
"TDRG1",0.2707639369911,0.0906226126147545,TRUE,"retained"
"PPP1R15A",0.4335403449069,0.238308569398816,TRUE,"retained"
"MIF",0.46065998738235,0.218897104376857,TRUE,"retained"
"OPN3",0.678956644795801,0.46738079277377,TRUE,"retained"
"WDR81",0.249221129034361,0.0760438552423582,TRUE,"retained"
"SEMA3B",0.3174835481307,0.116797754954643,TRUE,"retained"
"GPR124",0.2911006625982,0.109426557964787,TRUE,"retained"
"TRO",0.3145371652899,0.12449223471618,TRUE,"retained"
"POLR2J",0.31587124027515,0.104608719542747,TRUE,"retained"
"KLHL3",0.3055413222561,0.155789395671517,TRUE,"retained"
"CCDC146",0.3623414688285,0.188509872030069,TRUE,"retained"
"RER1",0.28505699825925,0.112253329916025,TRUE,"retained"
"RANGRF",0.6471637429677,0.504482016946974,TRUE,"retained"
"C2orf89",0.6099445696176,0.854417028139471,TRUE,"retained"
"WFDC2",0.241040107245,0.071584560989959,TRUE,"retained"
"SLC25A38",0.8215258448166,0.629156075070921,TRUE,"retained"
"BOD1",0.4203730926129,0.213284731663176,TRUE,"retained"
"TCEB1",0.509310443728801,0.258234112674021,TRUE,"retained"
"CALHM2",0.7441938676662,0.532370481878963,TRUE,"retained"
"POLR3F",0.2666473542789,0.0873775415402139,TRUE,"retained"
"GTF2IRD2",0.2972538064454,0.100174759403421,TRUE,"retained"
"PROZ",0.3192118875981,0.116023983684951,TRUE,"retained"
"MED16",0.34563815726832,0.126580529887779,TRUE,"retained"
"RPL29",0.523699806167999,0.277785919098852,TRUE,"retained"
"CYP2B7P1",0.2602912931472,0.0720863218166071,TRUE,"retained"
"FAM176B",0.3794033912319,0.182086200533628,TRUE,"retained"
"PPWD1",0.578804837412375,0.314721470513355,TRUE,"retained"
"DDX49",0.3224313297765,0.126185777988094,TRUE,"retained"
"CD72",0.3473119760481,0.353121546243895,TRUE,"retained"
"KLF5",0.5582921837094,0.321343421887846,TRUE,"retained"
"CDADC1",0.66912771503382,0.589626721642387,TRUE,"retained"
"ZNF271",0.490371525262499,0.218309884727132,TRUE,"retained"
"HYI",0.2668017544668,0.117687732289219,TRUE,"retained"
"CCDC17",0.3694562141865,0.147321723317366,TRUE,"retained"
"KIAA0748",0.5563344296832,0.478660964854976,TRUE,"retained"
"GTPBP6",0.4895889489372,0.240041978378348,TRUE,"retained"
"PARP3",0.3136354168353,0.126337116206804,TRUE,"retained"
"NUDCD1",0.3063756835755,0.123759854366875,TRUE,"retained"
"SNAP47",0.3881615201121,0.154828256108662,TRUE,"retained"
"C8orf83",0.535817041111799,0.28710778176249,TRUE,"retained"
"MGC27345",0.3014862303789,0.107267039055253,TRUE,"retained"
"OPRL1",0.5947627767522,0.401026191220078,TRUE,"retained"
"C7orf54",0.3802890067746,0.182719257919501,TRUE,"retained"
"ADC",0.2577087070938,0.0762626907824007,TRUE,"retained"
"CCL4L1",0.4256028410571,0.676230393341161,TRUE,"retained"
"SLC4A2",0.3151731213708,0.118939488575139,TRUE,"retained"
"MORN4",0.2548989650109,0.0792954803675656,TRUE,"retained"
"B4GALNT1",0.255504085977,0.0740913197709418,TRUE,"retained"
"ARMC10",0.40876706689644,0.169239494883761,TRUE,"retained"
"HRAS",0.2609245123485,0.0790076924915185,TRUE,"retained"
"TTLL4",0.3351077999577,0.129956020022144,TRUE,"retained"
"PITPNM2",0.2676232334748,0.0995072253039131,TRUE,"retained"
"C18orf8",0.4160045924391,0.20317744600602,TRUE,"retained"
"DLEU2",0.44428619375385,0.300475319893657,TRUE,"retained"
"PYY2",0.2903844444837,0.0931329858610049,TRUE,"retained"
"UBAP2L",0.27837816176415,0.0734986480151156,TRUE,"retained"
"TSHZ1",0.7440841737987,0.628646088232868,TRUE,"retained"
"DNAJC11",0.30043431715395,0.0857849537912688,TRUE,"retained"
"LCN12",0.2498157760245,0.0711513592537565,TRUE,"retained"
"ZBP1",0.6835339513884,0.957698792946726,TRUE,"retained"
"BZW1",0.677039985970599,0.430935106126312,TRUE,"retained"
"NNMT",0.2858301256041,0.401150741376982,TRUE,"retained"
"DPY30",0.5290626676293,0.279370561520527,TRUE,"retained"
"OGFR",0.30832987669302,0.109552279018073,TRUE,"retained"
"MLF1IP",0.416064988374,0.476044625906046,TRUE,"retained"
"DHRS4",0.525529088641725,0.256437790742774,TRUE,"retained"
"POLM",0.3724329666057,0.144493227232473,TRUE,"retained"
"PCM1",0.3285127088649,0.128672640461893,TRUE,"retained"
"PAAF1",0.28050907828125,0.0891570608832436,TRUE,"retained"
"NDUFB2",0.639938980535401,0.460462400397884,TRUE,"retained"
"LOC100132247",0.534669275202301,0.291076063240727,TRUE,"retained"
"RPL35",0.6707271703041,0.551398215280579,TRUE,"retained"
"DUSP28",0.3800475542451,0.158087283873654,TRUE,"retained"
"FAM30A",0.3758254734234,0.287978003594118,TRUE,"retained"
"MGC39372",0.3467109559536,0.241775213517381,TRUE,"retained"
"LHPP",0.5778880585443,0.421915138136632,TRUE,"retained"
"DHRS7",0.436141231909949,0.230967763409866,TRUE,"retained"
"ZWILCH",0.3892254776088,0.266799784556317,TRUE,"retained"
"LOC339803",0.481853957869201,0.26521786226487,TRUE,"retained"
"GPSM3",0.4893022941576,0.291165352820491,TRUE,"retained"
"FADS2",0.4408799777046,0.189670765088231,TRUE,"retained"
"ORM1",1.42066406372058,1.91528496030116,TRUE,"retained"
"CCDC23",0.631873845582,0.443779031117226,TRUE,"retained"
"EID1",0.382796650469099,0.156244482634258,TRUE,"retained"
"ODF3B",0.284740308301679,0.092415844257138,TRUE,"retained"
"SLC43A1",0.3762563125356,0.196045613996039,TRUE,"retained"
"RPL13P5",0.4909992662568,0.299663835180518,TRUE,"retained"
"BRF1",0.30512480691315,0.109336552635629,TRUE,"retained"
"AQP7",0.2239050597973,0.0531640907920657,TRUE,"retained"
"RHBDL1",0.3965134492095,0.171294579150391,TRUE,"retained"
"FAM153A",0.2856326017713,0.177337826021043,TRUE,"retained"
"SLC22A2",0.2490074395242,0.0692935351863337,TRUE,"retained"
"MGC4294",0.2688591621933,0.0931695017324341,TRUE,"retained"
"ART5",0.3075138170328,0.126169189453387,TRUE,"retained"
"MIR17HG",0.2730666890721,0.076174987339562,TRUE,"retained"
"INSL3",0.3925533638229,0.182120925331101,TRUE,"retained"
"ZNF541",0.3279187111053,0.135576513383255,TRUE,"retained"
"WIT1",0.2819587486233,0.104991801978119,TRUE,"retained"
"TNFRSF12A",0.398935553555701,0.16406489001872,TRUE,"retained"
"MYC",1.0899929119422,1.26204112264851,TRUE,"retained"
"C15orf5",0.437846969511,0.263796111513669,TRUE,"retained"
"FLJ39632",0.2632742228193,0.0859718947963298,TRUE,"retained"
"C1orf170",0.2449276193616,0.0758958404411591,TRUE,"retained"
"SLC27A4",0.3572584636845,0.147132973672383,TRUE,"retained"
"ACSBG1",0.236285212600501,0.0956910307363354,TRUE,"retained"
"MRPL43",0.491626872149175,0.21710675822958,TRUE,"retained"
"RNF126",0.2908996353816,0.0914780304534266,TRUE,"retained"
"ODF2",0.3346279557264,0.137602096720952,TRUE,"retained"
"TCEAL4",0.3788448735729,0.208467849922377,TRUE,"retained"
"C4orf23",0.250646235882,0.0750981367881408,TRUE,"retained"
"ABCC13",1.47204421306005,2.29118333091566,TRUE,"retained"
"PLXDC2",0.6530175614886,0.548852571249717,TRUE,"retained"
"ZNF672",0.3844419643365,0.146715730995795,TRUE,"retained"
"NOX4",0.2627174116329,0.0834472704109895,TRUE,"retained"
"MEI1",0.3964658488539,0.203230356300968,TRUE,"retained"
"MEIS3",0.3443850197151,0.140092137153818,TRUE,"retained"
"LOC440104",0.3068367299214,0.103412780347463,TRUE,"retained"
"HMGB3",0.4728809958012,0.44216719144691,TRUE,"retained"
"ZNF331",0.42238654903305,0.290578632623618,TRUE,"retained"
"NCRNA00204",0.3119021847879,0.115426851757543,TRUE,"retained"
"ARFGAP1",0.2086621284615,0.0513403795654138,TRUE,"retained"
"NCL",0.6772096023294,0.497876342870215,TRUE,"retained"
"TRAF3IP3",0.556596144350925,0.322149807536998,TRUE,"retained"
"DIAPH1",0.4247231075181,0.186647870001952,TRUE,"retained"
"TPD52L2",0.242816730398338,0.0667056869427988,TRUE,"retained"
"NAA15",0.5595907856364,0.331183381405875,TRUE,"retained"
"LOC644762",0.8759212757169,0.632856982783468,TRUE,"retained"
"BET1L",0.5214139068012,0.275650645648279,TRUE,"retained"
"FUS",0.5625467520036,0.331210151037622,TRUE,"retained"
"TRIP6",0.3530234212323,0.145401108099527,TRUE,"retained"
"OXCT1",0.1949666450613,0.0536703474734071,TRUE,"retained"
"ADI1",0.588886178329402,0.34690563034514,TRUE,"retained"
"BOLA2",0.574929007627799,0.299859058666848,TRUE,"retained"
"ATP1A3",0.2697242785671,0.102322236010194,TRUE,"retained"
"PCDH9",0.5247303080544,0.544907886177521,TRUE,"retained"
"PIK3CA",0.7449927147852,0.528380465975701,TRUE,"retained"
"KBTBD4",0.2879829786708,0.0966175251600048,TRUE,"retained"
"B3GNT3",0.2758436663304,0.0959739806265485,TRUE,"retained"
"LOC200030",0.551125179110625,0.353257441075668,TRUE,"retained"
"IGH@",1.79123729847321,2.79029341724066,TRUE,"retained"
"LOC389333",0.3249600093411,0.118680177521319,TRUE,"retained"
"TMEM40",0.75148294343325,0.507182998105036,TRUE,"retained"
"RBM14",0.2953055714525,0.119992594147765,TRUE,"retained"
"LOC90925",0.299878674627,0.177066099328492,TRUE,"retained"
"PTPN23",0.3383482594737,0.135527516865896,TRUE,"retained"
"OGFOD2",0.2130989545034,0.0546152083640459,TRUE,"retained"
"ITFG2",0.32668970649945,0.145596437658778,TRUE,"retained"
"GYPB",1.5133798683585,1.64867341186879,TRUE,"retained"
"DNAJC6",0.3246850656189,0.856741199777002,TRUE,"retained"
"C1orf152",0.306670789175099,0.230228551910195,TRUE,"retained"
"FLJ14107",0.5344797255336,0.294850003874228,TRUE,"retained"
"FRMD3",0.605444635100549,0.614503671233832,TRUE,"retained"
"SH3GLB2",0.3283568826629,0.14657242654319,TRUE,"retained"
"LOC145757",0.2490311025615,0.0715004123897938,TRUE,"retained"
"ZNF497",0.314603153592,0.118810740644785,TRUE,"retained"
"VPS4A",0.4266425232027,0.193569044711724,TRUE,"retained"
"RAB3IL1",0.466238544534,0.209667065751295,TRUE,"retained"
"NUMBL",0.301101226587,0.101542423821031,TRUE,"retained"
"C2orf54",0.2724865610355,0.0861130261575265,TRUE,"retained"
"PHLDB3",0.2995595686986,0.0965044501869201,TRUE,"retained"
"AP1S1",0.2514691619076,0.0796335012575801,TRUE,"retained"
"POMGNT1",0.2623323297574,0.0702334265404578,TRUE,"retained"
"SNX22",0.3108614015647,0.148643772982729,TRUE,"retained"
"COG7",0.295656266892,0.104280987869291,TRUE,"retained"
"MRPL3",0.83328464527245,0.629239943194322,TRUE,"retained"
"ARSE",0.2539457337655,0.06846389756214,TRUE,"retained"
"ZNF683",0.2620095961539,0.145571215965173,TRUE,"retained"
"MICALL2",0.2870869918469,0.116463047748213,TRUE,"retained"
"SCD5",0.3549873443571,0.137487877270944,TRUE,"retained"
"USP25",0.448676744760999,0.250883858996118,TRUE,"retained"
"DFFB",0.20493123932085,0.0473496187222684,TRUE,"retained"
"RELA",0.4935826278159,0.230330536978402,TRUE,"retained"
"SAC3D1",0.3695962020198,0.181603007015443,TRUE,"retained"
"AUH",0.26935378238685,0.106503988019197,TRUE,"retained"
"FADS1",0.3753241006046,0.178656727308655,TRUE,"retained"
"GABBR2",0.2840492427927,0.124174848909605,TRUE,"retained"
"INPP4B",0.3097810230375,0.190692369180325,TRUE,"retained"
"NCRNA00110",0.2548316394036,0.0862079443035199,TRUE,"retained"
"PIGP",0.3912500015144,0.167124305689087,TRUE,"retained"
"PRPSAP2",0.3062139548958,0.107635175719677,TRUE,"retained"
"CHRD",0.2203657133104,0.0580911101026433,TRUE,"retained"
"KLHDC3",0.2388785646597,0.0619799430114879,TRUE,"retained"
"C11orf74",0.3442940651703,0.146111903179925,TRUE,"retained"
"MIOX",0.2255662266123,0.0593409061590706,TRUE,"retained"
"INTS4",0.4587070632963,0.25766330663166,TRUE,"retained"
"LOC645166",0.6364440401424,0.393172076629095,TRUE,"retained"
"LOC646938",0.2890791367569,0.0917439383670718,TRUE,"retained"
"C10orf122",0.2836486183272,0.0950945216175324,TRUE,"retained"
"TTTY14",0.3044489462826,0.0987825484527473,TRUE,"retained"
"ZFP57",0.2893379623932,0.0912170871552783,TRUE,"retained"
"TUBD1",0.2897882910237,0.0913508699775495,TRUE,"retained"
"GPT",0.2722614059865,0.0937816235715332,TRUE,"retained"
"NFKBIB",0.215085259452,0.0556730562969085,TRUE,"retained"
"GNB1L",0.2794351306551,0.0864957956714401,TRUE,"retained"
"WDR1",0.38766328015065,0.157691844183638,TRUE,"retained"
"HIC1",0.2800633913007,0.0943091980198822,TRUE,"retained"
"INADL",0.193941273156224,0.0702734071854662,TRUE,"retained"
"PAX5",0.224932324673701,0.0624988090929907,TRUE,"retained"
"LOC100292653",0.3227576218671,0.115362018362615,TRUE,"retained"
"TRPV4",0.2859742876977,0.0943326118341645,TRUE,"retained"
"MGC31957",0.6953014046685,0.733359964553606,TRUE,"retained"
"TTC36",0.260139898930799,0.0771495825800729,TRUE,"retained"
"GSTM2P1",0.4027026007158,0.161202738767205,TRUE,"retained"
"MALAT1",0.442096093697999,0.230851689005439,TRUE,"retained"
"CAMKV",0.23252460400155,0.057680057281733,TRUE,"retained"
"FGD3",0.45188220070875,0.230184951259895,TRUE,"retained"
"ARPC3",0.317825147695649,0.112996969749087,TRUE,"retained"
"TMEM41B",0.6415188027717,0.331337497248568,TRUE,"retained"
"LOC643446",0.308996155353901,0.11086386977197,TRUE,"retained"
"LOC148413",0.2970799528158,0.0924512335430474,TRUE,"retained"
"TMEM135",0.3053164236969,0.110957208307678,TRUE,"retained"
"FLJ45340",0.4774128228975,0.21238119402354,TRUE,"retained"
"KIAA0040",0.5790995787248,0.405842926134952,TRUE,"retained"
"ECT2",0.3083758799919,0.150296034471096,TRUE,"retained"
"NME7",0.2656490900469,0.0853941427767464,TRUE,"retained"
"TMEM128",0.3791217595011,0.159398821336098,TRUE,"retained"
"SCP2",0.61407618181665,0.413815953796038,TRUE,"retained"
"NUBP2",0.283379512713151,0.0808680738187546,TRUE,"retained"
"RNF145",0.3772104289638,0.140098437923774,TRUE,"retained"
"SAMD14",0.3733712013521,0.217992799815069,TRUE,"retained"
"KIF2C",0.306493813437,0.245204074893974,TRUE,"retained"
"GUCA1A",0.2019266203227,0.0510021488486768,TRUE,"retained"
"CDK8",0.3329278590477,0.15648121630275,TRUE,"retained"
"UPF2",0.58756982313225,0.315911870314863,TRUE,"retained"
"CD19",0.5020213579542,0.432958764314778,TRUE,"retained"
"C6orf125",0.298026230605425,0.0915535031529504,TRUE,"retained"
"LOC729852",0.5284593947241,0.260864634742895,TRUE,"retained"
"CDK18",0.274744638672,0.0842311775829612,TRUE,"retained"
"USPL1",0.5784587646579,0.408215144250583,TRUE,"retained"
"LOC220930",0.3935957769177,0.188732310650159,TRUE,"retained"
"PAK6",0.2697386864739,0.086445578741773,TRUE,"retained"
"TMSB10",0.447679628308501,0.221344808881076,TRUE,"retained"
"CHPF",0.4313313161262,0.188617800369009,TRUE,"retained"
"C5orf28",0.3190352328429,0.142002718133898,TRUE,"retained"
"CCNL2",0.387800615241901,0.16457201617765,TRUE,"retained"
"GTPBP5",0.2253661974326,0.0630163612276639,TRUE,"retained"
"SFXN5",0.2712393808656,0.0864942694005763,TRUE,"retained"
"ZNF252",0.4375155246441,0.194137074793148,TRUE,"retained"
"NCRNA00085",0.3261752639439,0.184952457770042,TRUE,"retained"
"NCF1",0.6421371141829,0.408139765500909,TRUE,"retained"
"C16orf55",0.373701820905001,0.157077968799941,TRUE,"retained"
"RBM19",0.3066522181275,0.14087439580233,TRUE,"retained"
"LOC100132999",0.4701708274641,0.221922591666611,TRUE,"retained"
"TSC22D4",0.516334471758001,0.23935153891047,TRUE,"retained"
"LOC100291428",0.3416544070653,0.125497616025452,TRUE,"retained"
"TRPM2",0.40560563915256,0.194182588551459,TRUE,"retained"
"ZNF511",0.36924848598855,0.142717684796754,TRUE,"retained"
"LOC728752",0.2453938770465,0.0963049760842191,TRUE,"retained"
"LTBP4",0.3284602025859,0.124874260470024,TRUE,"retained"
"ROGDI",0.390409781824651,0.164179133847972,TRUE,"retained"
"LOC100293478",0.2743531811223,0.074278305955151,TRUE,"retained"
"LOC100291232",0.3704395530843,0.146618327574998,TRUE,"retained"
"LOC100288442",0.2810815683333,0.0893375432557226,TRUE,"retained"
"C21orf7",0.985193192044599,0.849101997258856,TRUE,"retained"
"STAG3",0.6151166612304,0.403199656230346,TRUE,"retained"
"NOP56",0.6696895074597,0.509555515240077,TRUE,"retained"
"MEAF6",0.56484631019355,0.335037636713345,TRUE,"retained"
"R3HDM2",0.4801719726321,0.263260639764394,TRUE,"retained"
"MRPS18B",0.45265955309295,0.255417778179078,TRUE,"retained"
"RPL14",0.594957615719951,0.397466722909787,TRUE,"retained"
"CPNE9",0.2942575768629,0.0931753436238263,TRUE,"retained"
"HPS3",0.6731294256015,0.418303135502599,TRUE,"retained"
"ATG4D",0.32987950779735,0.156135390664485,TRUE,"retained"
"LIN37",0.4112273742864,0.162719167171613,TRUE,"retained"
"MANSC1",0.715108075200749,0.603437794140851,TRUE,"retained"
"WSCD1",0.2505407392551,0.0674360030537262,TRUE,"retained"
"ORM2",1.25466767055,1.4922555409438,TRUE,"retained"
"KIF5C",0.2849039565036,0.102149259133215,TRUE,"retained"
"CHRND",0.268008422035724,0.0835399195878489,TRUE,"retained"
"LPCAT3",0.35032264842792,0.120710036679646,TRUE,"retained"
"TMEM53",0.2778940502394,0.0905696147410648,TRUE,"retained"
"SLC12A5",0.286766070969,0.0909082545261123,TRUE,"retained"
"CNTLN",0.410698321819799,0.235484401290606,TRUE,"retained"
"LOC284749",0.2738484788781,0.126326994591847,TRUE,"retained"
"SLC15A3",0.5358347300124,0.322610623761972,TRUE,"retained"
"TCF7L2",0.5343183808473,0.326615338794769,TRUE,"retained"
"C16orf80",0.4988095229964,0.290876162431817,TRUE,"retained"
"CHFR",0.21600832954785,0.0507215099070807,TRUE,"retained"
"ADK",0.5798238537819,0.41531601045439,TRUE,"retained"
"PRDM15",0.3238669610085,0.122832362433417,TRUE,"retained"
"RANBP3",0.289586310124651,0.0976813047712219,TRUE,"retained"
"B3GAT3",0.3338747927025,0.131949950465864,TRUE,"retained"
"FBF1",0.2866566795519,0.0945360757809661,TRUE,"retained"
"FLJ45445",0.426984039371401,0.192536876175097,TRUE,"retained"
"TLR10",0.496759640453301,0.269584541913216,TRUE,"retained"
"SLC16A7",0.333738500991,0.136773318439891,TRUE,"retained"
"SHMT2",0.45791821520235,0.251200273489698,TRUE,"retained"
"TGFBR1",0.616831231791599,0.453070844051725,TRUE,"retained"
"MEIS2",0.2370573017547,0.0773223193289395,TRUE,"retained"
"LOC100132214",0.2540179877823,0.0754562822314108,TRUE,"retained"
"DARS",0.590346808174201,0.381919678603476,TRUE,"retained"
"TMEM219",0.5183588456739,0.302677312333471,TRUE,"retained"
"B9D1",0.2724478429365,0.0760651814738153,TRUE,"retained"
"TRIM50",0.2646768795447,0.0868199544998183,TRUE,"retained"
"CARD10",0.271323798627,0.0748351318768118,TRUE,"retained"
"SEPHS1",0.3297494038405,0.128920573246925,TRUE,"retained"
"SNX9",0.48713793352035,0.324079199470101,TRUE,"retained"
"SLC2A5",0.261329197470075,0.190159841380481,TRUE,"retained"
"C17orf99",0.239660839523001,0.067405565650717,TRUE,"retained"
"TREML1",1.523028656163,1.96488852839701,TRUE,"retained"
"C14orf68",0.2231375953667,0.05661650622929,TRUE,"retained"
"TSGA14",0.328596577323,0.123239509804594,TRUE,"retained"
"SLC35B1",0.45493549161165,0.228608093672385,TRUE,"retained"
"C1orf93",0.3509243568936,0.153095319160269,TRUE,"retained"
"SETD6",0.2838806852574,0.0774142995928165,TRUE,"retained"
"TMEM120A",0.7684080481728,0.623298139006976,TRUE,"retained"
"PXK",0.45275573899185,0.249377770175235,TRUE,"retained"
"FAM158A",0.3089310232533,0.127367611977699,TRUE,"retained"
"MAML1",0.248822102663399,0.066821685817186,TRUE,"retained"
"CTTN",0.68525447347665,0.504495552433552,TRUE,"retained"
"HRH3",0.3075684649275,0.0943576293241716,TRUE,"retained"
"SLC28A3",0.3067794022272,0.18508577818698,TRUE,"retained"
"C9orf84",0.52795755426855,0.405446116271507,TRUE,"retained"
"HLA-DQB1",0.931261894139849,0.747866611895833,TRUE,"retained"
"KCTD3",0.2374722955794,0.104138238327854,TRUE,"retained"
"SKIV2L",0.3223723096944,0.107886511204189,TRUE,"retained"
"TMEM143",0.307426133844901,0.0987974304809645,TRUE,"retained"
"APOA1BP",0.532439952963449,0.278657473716241,TRUE,"retained"
"LPA",0.2951477514006,0.123053358410423,TRUE,"retained"
"NUDT16P1",0.2609124210042,0.083718564485425,TRUE,"retained"
"UROS",0.5018389314372,0.279530803251119,TRUE,"retained"
"ACAD8",0.46448977298535,0.291456045631253,TRUE,"retained"
"INHBA",0.4890288841851,0.548519611650335,TRUE,"retained"
"FAM138A",0.2498702015292,0.078409827671467,TRUE,"retained"
"SH2D6",0.3046893587682,0.105541742631675,TRUE,"retained"
"HLA-DMB",0.844457647339741,0.776980175706698,TRUE,"retained"
"PRSS8",0.3232594441608,0.124530308006424,TRUE,"retained"
"NPL",0.52783555185585,0.365760964738335,TRUE,"retained"
"LTA4H",0.665043901191599,0.4582438927733,TRUE,"retained"
"INSC",0.2841392232693,0.11942084544754,TRUE,"retained"
"MTRF1",0.3083484593049,0.0979848450203338,TRUE,"retained"
"PGAP3",0.2267478674608,0.0547517987205285,TRUE,"retained"
"C20orf54",0.30095524571385,0.104471938007994,TRUE,"retained"
"GALNT4",0.532149944172001,0.265337638827381,TRUE,"retained"
"PROM2",0.3217002419253,0.113686299346398,TRUE,"retained"
"EIF4B",0.49790737779804,0.26749355565538,TRUE,"retained"
"NSMCE4A",0.515921750610839,0.244563199245677,TRUE,"retained"
"SEC1",0.2911206569418,0.100542343888915,TRUE,"retained"
"PASK",0.5548414173834,0.793483642255515,TRUE,"retained"
"FXYD6",0.22458257229135,0.0532966044615041,TRUE,"retained"
"PTGES",0.334389021393,0.123048049031424,TRUE,"retained"
"LOC100130071",0.318230245536,0.102895666582913,TRUE,"retained"
"CAPN1",0.3461859680349,0.133953800868261,TRUE,"retained"
"LOC646982",0.2710895522748,0.108310467755753,TRUE,"retained"
"BUB1",0.3405870581211,0.414825900279007,TRUE,"retained"
"EFS",0.3223534992069,0.12522375948184,TRUE,"retained"
"MDH2",0.291751470995251,0.0938814756136454,TRUE,"retained"
"ANXA2P2",0.676180247234098,0.509330650522044,TRUE,"retained"
"SLC25A46",0.633672717891149,0.422245093565278,TRUE,"retained"
"ZC3H18",0.3913966474572,0.163830145996782,TRUE,"retained"
"WDR73",0.457604823585001,0.242780023723936,TRUE,"retained"
"HMGN1",0.612751272758799,0.403011060890259,TRUE,"retained"
"MED24",0.19689089047425,0.0491766949042627,TRUE,"retained"
"EIF3I",0.533806675542,0.310355576731869,TRUE,"retained"
"ABCB9",0.3124424103752,0.0925458566644146,TRUE,"retained"
"ARHGEF10L",0.3521211452192,0.121171921996385,TRUE,"retained"
"FSCN1",0.2843710670682,0.0917792210052276,TRUE,"retained"
"HMGA1",0.3615418262946,0.125931333171598,TRUE,"retained"
"HDAC1",0.3134138640101,0.104395396039565,TRUE,"retained"
"HAUS7",0.269142989284051,0.073200286025641,TRUE,"retained"
"NAPSB",0.594347431551301,0.319576768038612,TRUE,"retained"
"NUP214",0.531350392323801,0.293697155976376,TRUE,"retained"
"LOC647859",0.3404411361813,0.10583461068393,TRUE,"retained"
"D2HGDH",0.3121492771278,0.114477838565079,TRUE,"retained"
"CENPT",0.3385492533318,0.141450201175091,TRUE,"retained"
"BRD9",0.267349997337151,0.0798750796712872,TRUE,"retained"
"AQP3",0.3447689103215,0.150143291699602,TRUE,"retained"
"GUSBP1",0.3084787768797,0.102291684207076,TRUE,"retained"
"PMS2CL",0.2909854453044,0.0975751476758105,TRUE,"retained"
"PHF21B",0.331393835808,0.117873637305341,TRUE,"retained"
"RBM23",0.3405924992631,0.133511920395115,TRUE,"retained"
"FLJ14186",0.2553301058322,0.0781745559017021,TRUE,"retained"
"C8orf34",0.2566633546386,0.0813441702311876,TRUE,"retained"
"RPP30",0.53611579539,0.276651390862528,TRUE,"retained"
"TMEM49",0.846486229022699,0.862364688200684,TRUE,"retained"
"FARSB",0.2754237851148,0.0911955520804815,TRUE,"retained"
"GPR132",0.2956982659848,0.100439540538838,TRUE,"retained"
"MYEOV",0.2846017692651,0.0958291293986649,TRUE,"retained"
"SACM1L",0.4479042362781,0.239392715573117,TRUE,"retained"
"ARFIP2",0.2551942848462,0.0725591935680623,TRUE,"retained"
"ZNF623",0.2730594280386,0.0824811430329548,TRUE,"retained"
"SLC34A1",0.259923180617099,0.0770937486856748,TRUE,"retained"
"LDB1",0.22495927204065,0.0525814153586016,TRUE,"retained"
"KIAA0391",0.5260840893882,0.299431161544047,TRUE,"retained"
"CNN1",0.3256684408404,0.122640062367586,TRUE,"retained"
"CLCNKB",0.2528581839021,0.070347529824652,TRUE,"retained"
"MOSPD1",0.410285729807099,0.483615244880934,TRUE,"retained"
"PPP2R5A",0.53141342518635,0.316338182527456,TRUE,"retained"
"ARMC5",0.2264192432404,0.0528056479981096,TRUE,"retained"
"LOC100287042",0.3547613560869,0.135660864893906,TRUE,"retained"
"LCP1",0.3455173339674,0.16464493200165,TRUE,"retained"
"SRBD1",0.4997007798321,0.335496231358222,TRUE,"retained"
"C8orf55",0.315998235714,0.120567702965863,TRUE,"retained"
"UPP1",0.6607213205992,0.491840690629492,TRUE,"retained"
"MRPS28",0.4859914845303,0.2568806698356,TRUE,"retained"
"GPS2",0.3568954268355,0.149061109992827,TRUE,"retained"
"ISLR",0.3794892137568,0.174047136399131,TRUE,"retained"
"SCAMP5",0.3226511615502,0.109495323737044,TRUE,"retained"
"BCAR1",0.218906066429399,0.0551761055324577,TRUE,"retained"
"MLLT3",0.3254604609711,0.142280480180366,TRUE,"retained"
"LOC100288299",0.2596883004534,0.0770749465271126,TRUE,"retained"
"NAPRT1",0.491694964445999,0.324117764646388,TRUE,"retained"
"PMS2L11",0.2635795138809,0.091694254295158,TRUE,"retained"
"LETMD1",0.409070323237799,0.208135913333968,TRUE,"retained"
"ZEB2",0.60566617557075,0.392755663715364,TRUE,"retained"
"PDZD3",0.2936195503311,0.101213733219261,TRUE,"retained"
"LOC727726",0.2605853572203,0.075707328177968,TRUE,"retained"
"ZNF180",0.2882851169835,0.108770316457742,TRUE,"retained"
"VDAC3",0.360253765900699,0.133662022165598,TRUE,"retained"
"PECR",0.8564708024292,0.741376937575905,TRUE,"retained"
"CMAH",0.5084901297973,0.740624844682464,TRUE,"retained"
"CS",0.4607809049025,0.275838942445187,TRUE,"retained"
"LOC440434",0.3282586542354,0.128494896938466,TRUE,"retained"
"PREB",0.3483994965066,0.135969969969955,TRUE,"retained"
"NPR1",0.2945367919557,0.106673564382306,TRUE,"retained"
"PABPC1",0.326095432852701,0.139024553980197,TRUE,"retained"
"ASB3",0.4552303922418,0.241884457376257,TRUE,"retained"
"LCP2",0.517528739416498,0.310851231101678,TRUE,"retained"
"RNF220",0.21102029679465,0.0608106550140778,TRUE,"retained"
"SLC2A11",0.2621907565305,0.0823551861359594,TRUE,"retained"
"CRIP2",0.30853226426925,0.0939529681368898,TRUE,"retained"
"LOC653712",0.317328233178599,0.116896964283611,TRUE,"retained"
"PHLDB1",0.2197847088101,0.0494526713141479,TRUE,"retained"
"C19orf54",0.35381311070175,0.145749107443824,TRUE,"retained"
"NRBP2",0.3541558400079,0.139175059337389,TRUE,"retained"
"DVL2",0.4045302988461,0.144556271198022,TRUE,"retained"
"CUEDC1",0.264548220258,0.0880156597470653,TRUE,"retained"
"SERPINB1",0.749943320784001,0.585578785348899,TRUE,"retained"
"TFDP2",0.5663357016135,0.546082821933416,TRUE,"retained"
"LOC100170939",0.8277433288089,0.663423080257116,TRUE,"retained"
"JPH4",0.25294430702415,0.0670492815062427,TRUE,"retained"
"HEYL",0.2891475357666,0.0979893905153741,TRUE,"retained"
"GORASP1",0.246512244109949,0.0571397369277047,TRUE,"retained"
"SPATA13",0.4552150935042,0.25340425118082,TRUE,"retained"
"LOC100129503",0.2637056646084,0.0677835434519955,TRUE,"retained"
"FMO1",0.2628428722101,0.0965856282445363,TRUE,"retained"
"VCL",0.53300058851655,0.335860318092794,TRUE,"retained"
"MDC1",0.1979353810623,0.045875232462718,TRUE,"retained"
"PLEKHG3",0.6154182228117,0.36108848152193,TRUE,"retained"
"FLII",0.418607670848502,0.217976244890299,TRUE,"retained"
"PGM1",0.7064913785769,0.47972511859941,TRUE,"retained"
"PIK3CB",0.59506450475535,0.309703739566374,TRUE,"retained"
"LOC284861",0.272114076318,0.121559649154646,TRUE,"retained"
"ZNF785",0.3179987012223,0.10501366261895,TRUE,"retained"
"VDAC2",0.3234636248676,0.148596855420106,TRUE,"retained"
"C5orf4",0.8041422696251,0.658835720102162,TRUE,"retained"
"UROD",0.511936863698399,0.426811756286812,TRUE,"retained"
"COMMD1",0.5405397981774,0.303629333541274,TRUE,"retained"
"ART3",0.2679487864893,0.0898563852913823,TRUE,"retained"
"SUCLA2",0.36689689476552,0.159836028216558,TRUE,"retained"
"HYOU1",0.2540244029925,0.0696071644152138,TRUE,"retained"
"IFRD1",0.7531819915431,0.586456090128918,TRUE,"retained"
"VHL",0.23000290600035,0.0637207548996986,TRUE,"retained"
"STAG3L1",0.5010609133656,0.267760467335237,TRUE,"retained"
"DHX32",0.4586338569561,0.25590400041157,TRUE,"retained"
"MCM5",0.2567604167541,0.0772747594695075,TRUE,"retained"
"IL9R",0.2916524818704,0.0935981735634335,TRUE,"retained"
"RGS14",0.37155685786485,0.150047742775769,TRUE,"retained"
"NDUFA10",0.3578244832995,0.14802382637229,TRUE,"retained"
"PPRC1",0.3760732744461,0.200662065293106,TRUE,"retained"
"HGS",0.3270617245686,0.105669224617207,TRUE,"retained"
"ADD2",0.3119032922901,0.10585643144811,TRUE,"retained"
"NR1H2",0.3892936725139,0.160060962639231,TRUE,"retained"
"PMPCA",0.458478517541101,0.216968860060208,TRUE,"retained"
"C1orf27",0.2975342918793,0.0953219690938195,TRUE,"retained"
"FOXRED1",0.242496430754549,0.0600846888075053,TRUE,"retained"
"PTK6",0.26590760767305,0.0781709694208585,TRUE,"retained"
"ACSM5",0.288959814885,0.101440168777334,TRUE,"retained"
"C1orf50",0.4130387630754,0.17952472947484,TRUE,"retained"
"SFRS11",0.59729206208245,0.348523136929825,TRUE,"retained"
"CD7",0.2711267193271,0.0798482899122376,TRUE,"retained"
"MUC5B",0.2981175711822,0.106152675057076,TRUE,"retained"
"CWF19L1",0.376107996196801,0.164110018162427,TRUE,"retained"
"NAT1",0.712734579748801,0.491619100857561,TRUE,"retained"
"MSH6",0.3984446172525,0.165044346432782,TRUE,"retained"
"CCDC120",0.3037192179756,0.111548895395956,TRUE,"retained"
"HERPUD2",0.4756507824495,0.304182053238629,TRUE,"retained"
"PNRC1",0.5137334257461,0.226714357763875,TRUE,"retained"
"MAMSTR",0.262892215362,0.0766241649575495,TRUE,"retained"
"HK2",0.36018848566365,0.144545602955673,TRUE,"retained"
"RCBTB2",0.8888123581785,0.680664458764703,TRUE,"retained"
"ETFDH",0.4699536829029,0.243071742120708,TRUE,"retained"
"PPP2R1A",0.451013532148901,0.194168106843264,TRUE,"retained"
"MBD1",0.21564745976585,0.049947033576164,TRUE,"retained"
"PCSK4",0.284182252769101,0.097538740756608,TRUE,"retained"
"ME3",0.3195509078097,0.117989141540073,TRUE,"retained"
"LIMS2",0.231791347230101,0.0577884005827487,TRUE,"retained"
"ATP6AP1",0.51883550120325,0.314937843312531,TRUE,"retained"
"C14orf180",0.25451928857145,0.0712767211019303,TRUE,"retained"
"LOC100287685",0.2726917076562,0.0990196398640406,TRUE,"retained"
"DUS3L",0.2529323699938,0.0584454874288858,TRUE,"retained"
"HMP19",0.305543996125199,0.10795635690381,TRUE,"retained"
"MRPL47",0.7830643186422,0.57916517634096,TRUE,"retained"
"ATP5C1",0.5342696875684,0.287578965137313,TRUE,"retained"
"TRAPPC4",0.217148587570949,0.0472753262665861,TRUE,"retained"
"EIF2B4",0.50377859959665,0.245603177292209,TRUE,"retained"
"SMEK1",0.390140536846201,0.20246311631991,TRUE,"retained"
"MICB",0.3243013422992,0.121462136386177,TRUE,"retained"
"TMEM129",0.21288658329645,0.0568064204705949,TRUE,"retained"
"SCPEP1",0.752667153504,0.644576759659396,TRUE,"retained"
"DDX55",0.27890474570175,0.0949440292061933,TRUE,"retained"
"FA2H",0.3194139778389,0.114580004296104,TRUE,"retained"
"FAM82A1",0.272723039442,0.0794595623304855,TRUE,"retained"
"LOC100287808",0.2443400909271,0.0769485015204499,TRUE,"retained"
"ZNF321",0.35108271933,0.133657282026968,TRUE,"retained"
"ARHGAP33",0.24157893264015,0.0667470075187399,TRUE,"retained"
"ZNF254",0.3142817815095,0.135707600344016,TRUE,"retained"
"PODN",0.3293738889357,0.12989579330915,TRUE,"retained"
"TMEM48",0.2380450380441,0.0922440831041543,TRUE,"retained"
"USP3",0.397189968855749,0.170616874636894,TRUE,"retained"
"MST1R",0.3058896569022,0.112558646155877,TRUE,"retained"
"FAM113A",0.404862164956725,0.173977495642049,TRUE,"retained"
"TP53I3",1.1491642266552,1.31339754816787,TRUE,"retained"
"SAV1",0.2856013337373,0.114040943184059,TRUE,"retained"
"AP4B1",0.3815549284911,0.144531073041336,TRUE,"retained"
"SMTN",0.2634021526668,0.0797958401471041,TRUE,"retained"
"GALK1",0.399904271422951,0.183289737271415,TRUE,"retained"
"GBGT1",0.560039407423649,0.332145924404906,TRUE,"retained"
"LAMP1",0.4842924493932,0.233358227004143,TRUE,"retained"
"PGAP2",0.2403794960203,0.0655052185328714,TRUE,"retained"
"PCNP",0.717735925879351,0.488900702974624,TRUE,"retained"
"BCAS1",0.6525713441079,0.676661004042193,TRUE,"retained"
"TSPAN5",1.4217415079847,1.87265534230876,TRUE,"retained"
"TIE1",0.2469107517933,0.0822045132244346,TRUE,"retained"
"GTF2H2",0.7723772256039,0.585904141448965,TRUE,"retained"
"HLA-A",0.3033411162162,0.102357258973042,TRUE,"retained"
"RAB2A",0.4997016315858,0.266592566263486,TRUE,"retained"
"C7orf44",0.7160454234759,0.568998905614581,TRUE,"retained"
"S100Z",0.3412925118183,0.152966946203733,TRUE,"retained"
"COL4A6",0.2787963820971,0.0941978228058845,TRUE,"retained"
"EIF4H",0.35522626201125,0.136641769401765,TRUE,"retained"
"MTG1",0.31530547418475,0.0997490568815163,TRUE,"retained"
"RTP1",0.2900250073875,0.10069981349394,TRUE,"retained"
"TOMM6",0.437493581422801,0.213544725539644,TRUE,"retained"
"MANBA",0.74316466490805,0.518281174981428,TRUE,"retained"
"PAN3",0.383041939967399,0.232251088179311,TRUE,"retained"
"RGS3",0.607065073534499,0.389932880537121,TRUE,"retained"
"SCRN3",0.3310533656136,0.141341431655533,TRUE,"retained"
"LOC645954",0.8831209073379,0.668449341506877,TRUE,"retained"
"CEACAM8",2.37478083760995,3.88914747780803,TRUE,"retained"
"FLJ36031",0.915359350481101,0.782794986799288,TRUE,"retained"
"NFATC4",0.2221048683448,0.0548064986004575,TRUE,"retained"
"HCLS1",0.4327402017484,0.242923830608356,TRUE,"retained"
"GGTA1",0.7004909879961,0.656413601428586,TRUE,"retained"
"DSCR10",0.2562386379231,0.0761333646399926,TRUE,"retained"
"GHITM",0.2771743702539,0.107310706219078,TRUE,"retained"
"AP4M1",0.2978471338227,0.0904816538840894,TRUE,"retained"
"LOC441493",0.2625723088296,0.0779254066342841,TRUE,"retained"
"CDHR3",0.2561779098858,0.0933130550846481,TRUE,"retained"
"GPR144",0.2971383909774,0.119933929151338,TRUE,"retained"
"ALOX15",0.26082727713945,0.0811869087138237,TRUE,"retained"
"KIAA0195",0.3067574649363,0.105342747599803,TRUE,"retained"
"IL17RE",0.3449875023945,0.144921903060482,TRUE,"retained"
"TUBB2C",0.453923663813552,0.237248550867931,TRUE,"retained"
"HHAT",0.3258279159681,0.122241360531599,TRUE,"retained"
"FAM109A",0.2683088588796,0.0728799225430961,TRUE,"retained"
"EVX1",0.3134238364719,0.118694382090565,TRUE,"retained"
"CABP4",0.2475370339092,0.0805894689576828,TRUE,"retained"
"ESR1",0.2581477700823,0.0829550477653076,TRUE,"retained"
"GRAP2",0.718484397956851,0.62224498409454,TRUE,"retained"
"NCRNA00105",0.2595386282769,0.0717683363385572,TRUE,"retained"
"KCNMB2",0.3575621646576,0.143102331354123,TRUE,"retained"
"AGTPBP1",0.929538900557401,0.703881689889001,TRUE,"retained"
"TPX2",0.4159271962713,0.421484794931536,TRUE,"retained"
"ZC3H12D",0.3754831756774,0.140113040030054,TRUE,"retained"
"CD101",0.3147727015041,0.0976634537418617,TRUE,"retained"
"C1QTNF8",0.2599523344635,0.0866729037151868,TRUE,"retained"
"CLCN2",0.2821910705607,0.0948999467986911,TRUE,"retained"
"PDE2A",0.242035667214599,0.0805298687585172,TRUE,"retained"
"LOC441155",0.55158410848905,0.417063680932836,TRUE,"retained"
"ZCCHC11",0.4258072308105,0.201149005921699,TRUE,"retained"
"ST3GAL5",0.6344165705577,0.392290858900363,TRUE,"retained"
"RPAP2",0.3725439495939,0.142906705486599,TRUE,"retained"
"ABCC6",0.2894975694723,0.0955105896496652,TRUE,"retained"
"C1orf86",0.1921627450225,0.036639192228108,TRUE,"retained"
"EMR3",1.4224439267997,2.08540977209825,TRUE,"retained"
"LMBR1",0.4360714248009,0.286924418832088,TRUE,"retained"
"EIF2A",0.7112129132388,0.512743332634493,TRUE,"retained"
"ME1",0.2779500799173,0.150232729501704,TRUE,"retained"
"MKL1",0.317899466356501,0.098656650644846,TRUE,"retained"
"JAKMIP1",0.3048156251385,0.21598790946931,TRUE,"retained"
"PODNL1",0.2673624945432,0.0879360377291958,TRUE,"retained"
"MGAT2",0.7263286355178,0.511793671902303,TRUE,"retained"
"WDR48",0.194340390929475,0.048903794868528,TRUE,"retained"
"PRMT6",0.260502560682,0.0719873460556729,TRUE,"retained"
"NUCB1",0.3413658367665,0.165989077951188,TRUE,"retained"
"C1orf85",0.594863070935699,0.337819925160952,TRUE,"retained"
"TOMM40",0.305750615709,0.103074279624444,TRUE,"retained"
"NMD3",0.3719248069383,0.146655310786506,TRUE,"retained"
"SNX10",0.732993596656018,0.493674445764086,TRUE,"retained"
"VIPAR",0.30444172787385,0.107805352384452,TRUE,"retained"
"OSBPL7",0.2774884286706,0.0951358254649409,TRUE,"retained"
"CCDC30",0.2519715075591,0.0795064378348534,TRUE,"retained"
"LOC100129717",0.272450767365,0.0771897863860811,TRUE,"retained"
"SCOC",0.3765557599293,0.215439793516973,TRUE,"retained"
"SLAIN1",0.29159788104825,0.160905919526417,TRUE,"retained"
"BLMH",0.51458422650495,0.26409490958235,TRUE,"retained"
"PPP2R2D",0.3713601654,0.133766035374235,TRUE,"retained"
"PTOV1",0.360678882485775,0.153406044442191,TRUE,"retained"
"SUPT3H",0.2795062732161,0.103846344579404,TRUE,"retained"
"KCNIP2",0.3676299927258,0.138464887891663,TRUE,"retained"
"SLC35A5",0.65527050969975,0.421287121014625,TRUE,"retained"
"SFXN4",0.2769650338056,0.08451325503826,TRUE,"retained"
"APOL2",0.4667792398584,0.414624148474904,TRUE,"retained"
"MANEAL",0.2682179947734,0.0882627121473523,TRUE,"retained"
"CCDC86",0.24927876533175,0.0654901494798848,TRUE,"retained"
"LRP5L",0.2636115980862,0.0828164846700387,TRUE,"retained"
"FEN1",0.2945030479797,0.227824070141719,TRUE,"retained"
"MRRF",0.294563064369,0.0976040869624313,TRUE,"retained"
"YAF2",0.35963102361585,0.132199683276286,TRUE,"retained"
"SLC22A10",0.24203874954,0.0879427048026807,TRUE,"retained"
"YIPF1",0.53557744590945,0.299333627600735,TRUE,"retained"
"CA3",0.26333056273125,0.122639198358074,TRUE,"retained"
"CYBASC3",0.42554477614005,0.211708556831149,TRUE,"retained"
"LOC401934",0.2629619613138,0.0897074309276875,TRUE,"retained"
"GSTM1",0.4722762136092,0.300197948406611,TRUE,"retained"
"TMED2",0.523158635670299,0.287902455423666,TRUE,"retained"
"RMND1",0.2579633909811,0.0755108865530793,TRUE,"retained"
"TMEM140",0.882289993804799,0.82415832514804,TRUE,"retained"
"NT5C",0.4389604591911,0.197286746067395,TRUE,"retained"
"EAF2",0.7325050967094,0.652882226488982,TRUE,"retained"
"FSCN3",0.2558927310345,0.0869599398621255,TRUE,"retained"
"SLC6A13",0.3432949951452,0.12016167870143,TRUE,"retained"
"ZNF783",0.2574799722012,0.0811855075824431,TRUE,"retained"
"TYW3",0.3517098524583,0.141125501130047,TRUE,"retained"
"GPR12",0.2714855265654,0.0945007913374628,TRUE,"retained"
"C1orf91",0.203393103534075,0.0401094208420227,TRUE,"retained"
"GLYATL1",0.5103739697889,0.295267488247023,TRUE,"retained"
"KLK2",0.3118600752414,0.134333572052105,TRUE,"retained"
"IL11",0.2926220511207,0.0953681139413803,TRUE,"retained"
"LOC388387",0.5245594043046,0.317015038154613,TRUE,"retained"
"CDK5",0.354523021835849,0.245143370501553,TRUE,"retained"
"TNFRSF17",0.3821780838036,1.09159252467997,TRUE,"retained"
"NACA",0.361798690451101,0.158889948497364,TRUE,"retained"
"GSG1L",0.29750063500605,0.104802023400038,TRUE,"retained"
"GNLY",1.3878165020769,1.79281962331013,TRUE,"retained"
"C8orf59",0.33481631968575,0.178447054221815,TRUE,"retained"
"PIK3C2B",0.3788878660077,0.19989273490986,TRUE,"retained"
"ASXL2",0.2326917010523,0.0570986983937242,TRUE,"retained"
"PTPRM",0.3173403860508,0.2080867357683,TRUE,"retained"
"INPP5B",0.2720118058287,0.0849171241411908,TRUE,"retained"
"UBAP2",0.562888201084649,0.336859695428979,TRUE,"retained"
"ZMYM2",0.4369501010343,0.19613076267586,TRUE,"retained"
"SEMA6C",0.3174364029333,0.132140585037893,TRUE,"retained"
"FERMT1",0.2650078870446,0.090795862812841,TRUE,"retained"
"APOB48R",0.5780221182015,0.361946355398205,TRUE,"retained"
"TEAD1",0.2604405687282,0.078860472815885,TRUE,"retained"
"DHX8",0.3488394200032,0.127564007031815,TRUE,"retained"
"ABCC11",0.2633389790808,0.077448538980302,TRUE,"retained"
"ZNF324",0.4909170101262,0.242979016548308,TRUE,"retained"
"UBASH3A",0.4755366889665,0.500620298023326,TRUE,"retained"
"LOC652797",0.9875679090354,0.820958378267323,TRUE,"retained"
"DNAJA3",0.3196244862825,0.124100983546369,TRUE,"retained"
"RGL4",1.3923315617085,1.86334142726291,TRUE,"retained"
"OTOF",0.3622627212708,0.144757968486077,TRUE,"retained"
"ZNF137",0.3827055365448,0.178090774772628,TRUE,"retained"
"SENP5",0.253636084107,0.0678469012153873,TRUE,"retained"
"KIRREL3",0.2718259782273,0.0827693020622977,TRUE,"retained"
"FAM125B",0.2789162999742,0.0902485433471446,TRUE,"retained"
"ROR1",0.2829739382169,0.14545401004854,TRUE,"retained"
"ITIH5",0.263005713581099,0.0902809419197451,TRUE,"retained"
"SEMA6B",0.2828888910918,0.0927038462748298,TRUE,"retained"
"SULT1A3",0.3513069069825,0.125515849172929,TRUE,"retained"
"SLCO5A1",0.2638109284671,0.0873306368463171,TRUE,"retained"
"RABEP2",0.2646541868691,0.081711878793771,TRUE,"retained"
"MCTP1",0.671860027373325,0.483871703335703,TRUE,"retained"
"C1orf228",0.7224757458177,0.546079798196038,TRUE,"retained"
"LOC100289169",0.6887714286264,0.681709129674573,TRUE,"retained"
"ANKLE1",0.1816283432285,0.0400192069053378,TRUE,"retained"
"FAM108C1",0.3033991906113,0.297650656733182,TRUE,"retained"
"NMUR1",0.2868077587158,0.081699042267857,TRUE,"retained"
"ODC1",1.0595467424262,1.31708388446329,TRUE,"retained"
"FTH1",0.5819557628997,0.389050563432054,TRUE,"retained"
"ZDHHC20",0.339315300891,0.187266932714154,TRUE,"retained"
"MKS1",0.273698473116601,0.0889544709601244,TRUE,"retained"
"S1PR5",0.7974050814534,1.08714633734659,TRUE,"retained"
"ARHGEF4",0.2495414587008,0.0782085253157377,TRUE,"retained"
"C9orf109",0.3805892421702,0.173858098359156,TRUE,"retained"
"SEC14L4",0.2665653672402,0.0705054232910669,TRUE,"retained"
"TMPRSS9",0.4019388074499,0.274415761943894,TRUE,"retained"
"TNR",0.252858315112199,0.0688121693539408,TRUE,"retained"
"ADAMTSL1",0.300907183899,0.115297543738744,TRUE,"retained"
"GNB2L1",0.394965915036,0.180818036224216,TRUE,"retained"
"LOC284889",0.2756446421064,0.0869842408424688,TRUE,"retained"
"SLC25A35",0.3348131176404,0.144573563000963,TRUE,"retained"
"IL2RA",0.2837428672092,0.112025043127627,TRUE,"retained"
"TTC31",0.2620338752115,0.0706334193746228,TRUE,"retained"
"KCNK4",0.3228999373824,0.14524251940398,TRUE,"retained"
"EYA2",0.2766315132987,0.0972370534000243,TRUE,"retained"
"ACTB",0.295836662246999,0.0971277331151897,TRUE,"retained"
"SLC22A17",0.3735813863418,0.156282331210945,TRUE,"retained"
"MIF4GD",0.5289557351043,0.296456592430416,TRUE,"retained"
"TELO2",0.3180432022026,0.105549671458422,TRUE,"retained"
"CHRNG",0.3051560656809,0.097889921683648,TRUE,"retained"
"RPL15",0.675296398802339,0.447700447203031,TRUE,"retained"
"ACTG1",0.317908207518999,0.112864407958475,TRUE,"retained"
"CKB",0.2704168721919,0.0963522218716657,TRUE,"retained"
"LOC732160",0.420286164809699,0.194648333712668,TRUE,"retained"
"NLGN3",0.3771133783914,0.191667178594725,TRUE,"retained"
"ZNF707",0.2817765400485,0.0864190485410145,TRUE,"retained"
"SLC22A16",0.2610804018081,0.101260908138297,TRUE,"retained"
"PSMD11",0.46729909835175,0.221740338878142,TRUE,"retained"
"LOC100131726",0.4043016381894,0.211455417853742,TRUE,"retained"
"SERPINB3",0.3688585692309,0.180125101125513,TRUE,"retained"
"HYAL1",0.3067065457806,0.106667798644986,TRUE,"retained"
"KCNMB1",0.3223758367998,0.142090677954343,TRUE,"retained"
"OR13H1",0.2711434010481,0.0762355267945102,TRUE,"retained"
"SCARA5",0.2785778616831,0.0920901903155884,TRUE,"retained"
"SGOL2",0.3024484555701,0.174876531457463,TRUE,"retained"
"SLC12A7",0.3967323840102,0.15443118313433,TRUE,"retained"
"DPY19L2P2",0.2582695856874,0.0716953648944736,TRUE,"retained"
"ZNF584",0.259149769725,0.0818410528424324,TRUE,"retained"
"NARF",0.3231907975569,0.124137400513317,TRUE,"retained"
"BNIPL",0.246354409108499,0.0709811810951053,TRUE,"retained"
"ICAM2",0.672181845718425,0.460687052649058,TRUE,"retained"
"BTBD19",0.2428413009351,0.0824749853919954,TRUE,"retained"
"MSH5",0.2503056263232,0.0793671149475708,TRUE,"retained"
"TATDN1",0.3766839759186,0.166258399485981,TRUE,"retained"
"NDRG1",0.332477158655249,0.129118498359701,TRUE,"retained"
"AMACR",0.27537528222645,0.160228545114915,TRUE,"retained"
"FLJ42393",0.3412858601334,0.246300448937601,TRUE,"retained"
"FOXC1",0.25582790249625,0.18634929964021,TRUE,"retained"
"YWHAE",0.342974869188,0.129623053841084,TRUE,"retained"
"PION",0.9651350954091,0.831025088160317,TRUE,"retained"
"ZNF428",0.4180565441976,0.237428929942246,TRUE,"retained"
"C9orf66",0.2670268279728,0.0856781785367164,TRUE,"retained"
"COQ7",0.2775605045283,0.0913337643439558,TRUE,"retained"
"MADCAM1",0.2714504045127,0.0978650785334537,TRUE,"retained"
"HBCBP",0.2492785410885,0.0728900788233543,TRUE,"retained"
"SRP9",1.186308965331,1.1251754033983,TRUE,"retained"
"CDA",0.58199738133495,0.464231402710295,TRUE,"retained"
"RPS12",0.414663056639998,0.179233988885413,TRUE,"retained"
"ADM2",0.364690485442499,0.148767206975241,TRUE,"retained"
"CFL1",0.483393228623341,0.228847607268277,TRUE,"retained"
"PRAP1",0.2971101215019,0.109851085324611,TRUE,"retained"
"UBE2V1",0.3180478093821,0.143228855652963,TRUE,"retained"
"RPL21",0.506938066775004,0.287915814602085,TRUE,"retained"
"RPL24",0.478659757202898,0.263626899203149,TRUE,"retained"
"CIDEC",0.23667471423015,0.0643234642656419,TRUE,"retained"
"HBE1",0.5834165938839,0.537289578463012,TRUE,"retained"
"MGST2",0.6102060869142,0.47093117715822,TRUE,"retained"
"CYB5A",0.554110109922075,0.452676339370278,TRUE,"retained"
"SH3TC1",0.2894923885266,0.0834478867824541,TRUE,"retained"
"KLK6",0.3764841807426,0.175010413318056,TRUE,"retained"
"LOC653566",0.4180285729718,0.224936137408738,TRUE,"retained"
"TMEM203",0.510283740976801,0.295781084456238,TRUE,"retained"
"RPL34",0.9779327725881,1.02543533943421,TRUE,"retained"
"LOC647302",0.9830195450187,0.752919966697068,TRUE,"retained"
"OAZ1",0.313527897942,0.100336241410778,TRUE,"retained"
"S100A8",0.293126121036,0.276458123665662,TRUE,"retained"
"FXYD1",0.2528154094095,0.0855759608162373,TRUE,"retained"
"PLAT",0.2818211092284,0.0856988968404687,TRUE,"retained"
"LOC100291682",0.7391829376386,1.36796411982703,TRUE,"retained"
"DYNLL1",0.548715738206997,0.41890800326558,TRUE,"retained"
"CKS2",0.7250975645382,1.03865233855722,TRUE,"retained"
"SNHG12",0.426823130569499,0.224584517574988,TRUE,"retained"
"C2orf24",0.800760351289499,0.691984748207677,TRUE,"retained"
"MPST",0.3204633072627,0.121325264087176,TRUE,"retained"
"SSB",0.6923037001461,0.515714401410687,TRUE,"retained"
"DLEU1",0.4719586859085,0.283117756207433,TRUE,"retained"
"MT2A",1.1188553629491,1.16895539432579,TRUE,"retained"
"TP53TG1",0.3085177611054,0.100353736877729,TRUE,"retained"
"CDC42EP2",0.4927280601411,0.286711674278612,TRUE,"retained"
"POFUT2",0.2741793914916,0.0861945527753919,TRUE,"retained"
"NUP85",0.50105084614095,0.235742133343068,TRUE,"retained"
"IDE",0.34951384424145,0.122999636862033,TRUE,"retained"
"ARMC6",0.32761937379465,0.115962426154116,TRUE,"retained"
"C10orf78",0.3547602952866,0.135937793740185,TRUE,"retained"
"TTC21B",0.3670743831867,0.134646873276612,TRUE,"retained"
"FBXW8",0.28708265610675,0.0838708434409604,TRUE,"retained"
"GALT",0.52647956256,0.293235199483557,TRUE,"retained"
"GLB1L",0.2930026508493,0.105796322408457,TRUE,"retained"
"GARS",0.5533913775033,0.319581346624099,TRUE,"retained"
"PROCA1",0.262737224358,0.0803958091378766,TRUE,"retained"
"SNRPG",0.947774600346001,0.833380197193602,TRUE,"retained"
"RAB13",0.7545616805706,0.624119216211371,TRUE,"retained"
"CBLB",0.60458225708895,0.553989049742475,TRUE,"retained"
"IQCB1",0.4242502962117,0.193057663487795,TRUE,"retained"
"SNCG",0.2954027600832,0.114989561059514,TRUE,"retained"
"LOC100129395",0.2660196399714,0.0815246955540605,TRUE,"retained"
"GAP43",0.4186492187367,0.176465973512291,TRUE,"retained"
"ATP5E",0.342283896045,0.125646110446809,TRUE,"retained"
"CYC1",0.371021216106099,0.157213698058666,TRUE,"retained"
"HRSP12",0.2469918767001,0.143831946129454,TRUE,"retained"
"IFITM2",0.297747051651001,0.145449575732206,TRUE,"retained"
"NDUFA5",0.2963393437074,0.117138388846912,TRUE,"retained"
"EIF2C2",0.5553246041364,0.334749192816979,TRUE,"retained"
"TMED3",0.35605929558822,0.135866483673137,TRUE,"retained"
"PTMA",0.320135857755701,0.116343077585378,TRUE,"retained"
"LOC100287723",1.0070179538517,1.83346520348263,TRUE,"retained"
"LZTS1",0.3736786308171,0.166049056432093,TRUE,"retained"
"JMJD8",0.331051655063851,0.116192297158196,TRUE,"retained"
"PPM1M",0.786215563073849,0.616490303348753,TRUE,"retained"
"PCYT1A",0.741827371939498,0.458837541853888,TRUE,"retained"
"XIST",0.47919068728356,3.6284282070496,TRUE,"retained"
"C14orf139",0.666884429742299,0.446834141763919,TRUE,"retained"
"NTAN1",0.4893417780195,0.267319424483927,TRUE,"retained"
"SLC45A4",0.77788597305195,0.664494546642509,TRUE,"retained"
"SIPA1L1",0.7744426979331,0.618404494639626,TRUE,"retained"
"FAM104B",0.667232789592601,0.549235766918018,TRUE,"retained"
"LOC100286937",1.0779168043224,1.20222757248506,TRUE,"retained"
"WHSC1L1",0.340306626369675,0.118462477831661,TRUE,"retained"
"RPL23AP82",0.29148978690615,0.138903692107452,TRUE,"retained"
"TMEM185B",0.8757085856274,0.684712993004135,TRUE,"retained"
"CEP152",0.3612093235926,0.137913010542756,TRUE,"retained"
"H2AFX",0.6969703622994,0.706803294228553,TRUE,"retained"
"WHAMML1",0.6292322979033,0.445874812725357,TRUE,"retained"
"NBR2",0.2779233049026,0.0989497973495556,TRUE,"retained"
"CHD9",0.58313742141585,0.304394963321256,TRUE,"retained"
"BCL7B",0.4154133345243,0.173872433527192,TRUE,"retained"
"FTSJD2",0.6306835683414,0.570256767700812,TRUE,"retained"
"LMAN2L",0.328355691888,0.131680416226458,TRUE,"retained"
"ARHGEF2",0.329243070242099,0.108042569530526,TRUE,"retained"
"TSSC1",0.485954900634,0.247189516411278,TRUE,"retained"
"STK40",0.30382168676265,0.110763316887454,TRUE,"retained"
"AEN",0.4020922046589,0.301316313341908,TRUE,"retained"
"MCCC1",0.4470437070687,0.251042967898928,TRUE,"retained"
"HDHD3",0.3555691833141,0.122212440895206,TRUE,"retained"
"TTC7B",0.4903391245221,0.338001215030538,TRUE,"retained"
"KCTD10",0.249254806330425,0.0736249484804073,TRUE,"retained"
"GPATCH8",0.47207902002555,0.25132333800332,TRUE,"retained"
"TBC1D10A",0.420893682028051,0.197306344519758,TRUE,"retained"
"PIGG",0.3247889276793,0.120901054912109,TRUE,"retained"
"TANC2",0.4255731275292,0.217397030177494,TRUE,"retained"
"IRF2",0.457184700705599,0.256584198808274,TRUE,"retained"
"NADSYN1",0.45631801388775,0.203750837051707,TRUE,"retained"
"ELAC2",0.333553182477375,0.153366540790593,TRUE,"retained"
"FAM73B",0.228570005346899,0.055448914948846,TRUE,"retained"
"TTC15",0.490645597957199,0.305513428561897,TRUE,"retained"
"LOC100129637",0.3862161272634,0.239043723785268,TRUE,"retained"
"CYTH1",0.3938242225974,0.203006757583293,TRUE,"retained"
"FLNB",0.26674217062605,0.20628088533968,TRUE,"retained"
"RRM2",0.62661941295975,0.985281232514844,TRUE,"retained"
"CARM1",0.9748778641686,0.927394002272942,TRUE,"retained"
"FBN1",0.2610879623268,0.24774895239719,TRUE,"retained"
"UPRT",0.3880811795007,0.1601623543545,TRUE,"retained"
"SYTL1",0.55322738971185,0.311861439829678,TRUE,"retained"
"HKR1",0.511889559121499,0.312104118101097,TRUE,"retained"
"ASB13",0.3497357305281,0.134794481074111,TRUE,"retained"
"LOC643008",1.19022233732745,1.21386038044419,TRUE,"retained"
"DCTN5",0.27693976918965,0.083038166646444,TRUE,"retained"
"QSOX2",0.3113394432015,0.151173995927073,TRUE,"retained"
"LRRC57",0.6401815175868,0.421562355625185,TRUE,"retained"
"SYNJ2",0.5218637750844,0.395240910736668,TRUE,"retained"
"SOX12",0.3458523504177,0.134082710001196,TRUE,"retained"
"APLNR",0.2532841986339,0.0842094823164188,TRUE,"retained"
"CLUAP1",0.2761323270678,0.085678147235315,TRUE,"retained"
"DENND1C",0.4733013811008,0.220272404444673,TRUE,"retained"
"TMEM86B",0.9303695457399,0.842129104186189,TRUE,"retained"
"VSIG2",0.21037853485215,0.0509889950080353,TRUE,"retained"
"CARS2",0.5337594273039,0.292208119508697,TRUE,"retained"
"HPS6",0.4675544098554,0.197971710462763,TRUE,"retained"
"CCND3",0.521705676550799,0.264494280175475,TRUE,"retained"
"WDR8",0.4086400875438,0.203509831067339,TRUE,"retained"
"MACF1",0.5141629109974,0.24696688583737,TRUE,"retained"
"GAS6",0.4010473897521,0.18108655025942,TRUE,"retained"
"NUDT4",1.184941694314,1.32446755643996,TRUE,"retained"
"GOLGB1",0.41758344246045,0.20352928477117,TRUE,"retained"
"ACRBP",0.941734840804799,1.00886876034628,TRUE,"retained"
"RSPRY1",0.3471158732874,0.132128260053987,TRUE,"retained"
"SNRNP70",0.3434885129928,0.139233610208408,TRUE,"retained"
"GIT1",0.5320935720135,0.280479316024391,TRUE,"retained"
"MED26",0.4462635029034,0.249072088730536,TRUE,"retained"
"CHTF18",0.2079617356194,0.0506035128912567,TRUE,"retained"
"GNL1",0.2685826906518,0.0857050153742086,TRUE,"retained"
"COPS7B",0.3451729697241,0.136393768723791,TRUE,"retained"
"NME4",0.7648156186755,0.749741084339189,TRUE,"retained"
"C20orf7",0.315302792532,0.103507919223835,TRUE,"retained"
"DNHD1",0.2522645782902,0.0806034545652201,TRUE,"retained"
"FBRS",0.235714622871,0.0637613673541307,TRUE,"retained"
"RBM7",0.945709612827,0.859230038853187,TRUE,"retained"
"SLC39A4",0.3666405966657,0.139725759955459,TRUE,"retained"
"COG1",0.5009019801282,0.268596387637656,TRUE,"retained"
"AXIN1",0.3306543757146,0.104026579176946,TRUE,"retained"
"CHP",0.3305985091227,0.102107628623513,TRUE,"retained"
"NEIL1",0.5784984679446,0.578182852193368,TRUE,"retained"
"DPM1",0.6019685767305,0.41057151635558,TRUE,"retained"
"RNF146",0.9169503470736,0.844988114045561,TRUE,"retained"
"SF4",0.3850738202871,0.160686267419424,TRUE,"retained"
"ZFYVE16",0.8801520527289,0.755363048532299,TRUE,"retained"
"ERCC2",0.3006795032409,0.104177185884856,TRUE,"retained"
"SLC9A5",0.2509356772083,0.0749963666825896,TRUE,"retained"
"CCDC45",0.4504207829856,0.233267224550604,TRUE,"retained"
"ENOX2",0.3211184711679,0.111310199674283,TRUE,"retained"
"MRPL27",0.5568225816636,0.335084563025078,TRUE,"retained"
"LRRC41",0.4123963769583,0.170458576675338,TRUE,"retained"
"EIF2AK4",0.3674518153404,0.177727792136384,TRUE,"retained"
"PRKCA",0.8874273258606,0.666424943801846,TRUE,"retained"
"POM121L8P",0.3231696920046,0.450554401333849,TRUE,"retained"
"CRTC2",0.3393620116866,0.110922109964691,TRUE,"retained"
"FBXL12",0.6258900779124,0.354859021491355,TRUE,"retained"
"GMDS",0.3151140360543,0.117741534468674,TRUE,"retained"
"LPIN1",0.75234347190135,0.609856379839523,TRUE,"retained"
"CCDC92",0.6175522720626,0.437102318028433,TRUE,"retained"
"LASS6",0.41665973299335,0.174632278450388,TRUE,"retained"
"RMND5B",0.3763942284354,0.136589846285146,TRUE,"retained"
"SLC38A7",0.202300437156301,0.0465197769374963,TRUE,"retained"
"C12orf32",0.4124948690415,0.176244339574015,TRUE,"retained"
"FYN",0.915843641771099,0.816373705459344,TRUE,"retained"
"XPO6",0.5396312653452,0.421500827704025,TRUE,"retained"
"DUSP18",0.5265493144422,0.365134680631456,TRUE,"retained"
"FICD",0.4782021813765,0.225617732977609,TRUE,"retained"
"MLKL",0.600432643902,0.430171194550701,TRUE,"retained"
"THAP8",0.3265864022673,0.10867138106715,TRUE,"retained"
"ZNF708",0.3148766050773,0.141003761621906,TRUE,"retained"
"USP30",0.2635436609064,0.0716811317398624,TRUE,"retained"
"GAS8",0.1914569508215,0.0425882710827537,TRUE,"retained"
"EPHX2",0.3908908977561,0.505614064237853,TRUE,"retained"
"SFTPC",0.2165388242136,0.0504935544032737,TRUE,"retained"
"STT3B",0.5868618024367,0.338192926761088,TRUE,"retained"
"ERCC3",0.3501838085718,0.149648268944753,TRUE,"retained"
"UBFD1",0.530408506674899,0.282683710239463,TRUE,"retained"
"ITK",1.3682923383801,1.65639147638151,TRUE,"retained"
"PECI",0.6908687197755,0.597797871379886,TRUE,"retained"
"CPNE6",0.2551792742625,0.0764686579675858,TRUE,"retained"
"ARG1",1.3889396019702,3.36992141518952,TRUE,"retained"
"SLC25A43",0.4223066869308,0.229519188039722,TRUE,"retained"
"SRL",0.2732408411985,0.0873272540916296,TRUE,"retained"
"LRRC56",0.259248499765499,0.0909633319426296,TRUE,"retained"
"AFG3L2",0.3927134838816,0.166302273859665,TRUE,"retained"
"NPHP4",0.2876416404141,0.10319139047285,TRUE,"retained"
"CUEDC2",0.4182858053073,0.233800876549135,TRUE,"retained"
"ZNF185",0.7343853515271,0.598549402606211,TRUE,"retained"
"C1orf123",0.441619356255,0.193347328361037,TRUE,"retained"
"PLXNB1",0.3265340168202,0.123407275508013,TRUE,"retained"
"PI4K2B",0.475976342877,0.322750580707389,TRUE,"retained"
"HACL1",0.4517385022983,0.226136064064917,TRUE,"retained"
"CCDC88B",0.569311439192999,0.349543807131104,TRUE,"retained"
"VPS39",0.4734464208936,0.225997489973784,TRUE,"retained"
"MAL",1.2373905457914,1.25340227826212,TRUE,"retained"
"ABCA13",0.3278844793539,0.659273905587114,TRUE,"retained"
"ZNF561",0.4037595966642,0.18899912615714,TRUE,"retained"
"POLR3B",0.2660864941119,0.0930394383026711,TRUE,"retained"
"GNPDA1",0.2834941084269,0.0964529750123704,TRUE,"retained"
"KPNA2",0.446917523724,0.21985655739067,TRUE,"retained"
"MRPL32",0.5218358621742,0.300617530490305,TRUE,"retained"
"ZNF646",0.2830808937222,0.0796712058910116,TRUE,"retained"
"CCDC74A",0.2590757783481,0.0878213640542659,TRUE,"retained"
"SH2D2A",0.8558562862269,1.11548290322673,TRUE,"retained"
"MRPL55",0.430579256898,0.209317219380618,TRUE,"retained"
"C11orf61",0.364669829118,0.161117929479429,TRUE,"retained"
"ZNF767",0.439512463047,0.228376225022093,TRUE,"retained"
"HDAC2",0.5268705219561,0.360621142355386,TRUE,"retained"
"ZFYVE19",0.3341594467134,0.123042690207611,TRUE,"retained"
"MXRA8",0.2623682756415,0.0882293589347378,TRUE,"retained"
"SMYD2",0.680671969259099,0.470736432228889,TRUE,"retained"
"PIGV",0.3470552705298,0.139990609549514,TRUE,"retained"
"CHUK",0.671812294881,0.413463788776553,TRUE,"retained"
"C12orf76",0.557376629283599,0.374206415068648,TRUE,"retained"
"CPAMD8",0.2718417330762,0.082568020284462,TRUE,"retained"
"ITGB5",0.7433624708055,0.619443340728679,TRUE,"retained"
"NUP93",0.6787938278877,0.558937194331195,TRUE,"retained"
"LDLRAP1",0.7139364605583,0.589421699559933,TRUE,"retained"
"BTN2A2",0.3975846062118,0.252945902762957,TRUE,"retained"
"USP54",0.265581822261,0.0752874140412564,TRUE,"retained"
"AHRR",0.2561633737341,0.0726523367844153,TRUE,"retained"
"TECPR1",0.4297409377779,0.182706323466626,TRUE,"retained"
"ZNF169",0.46113224440815,0.215792759193366,TRUE,"retained"
"ATF7IP2",0.4003742211525,0.27555125501279,TRUE,"retained"
"MRPL22",0.7432483647204,0.528122307746354,TRUE,"retained"
"RARRES2",0.309734981635799,0.11690513889197,TRUE,"retained"
"VPS37C",0.4504590096027,0.226790364017093,TRUE,"retained"
"RBM45",0.439270035708,0.185844936096464,TRUE,"retained"
"E4F1",0.269949280167,0.0743566505612521,TRUE,"retained"
"BRSK2",0.2977428699777,0.102000604786294,TRUE,"retained"
"CCDC111",0.319893819105,0.112816589852042,TRUE,"retained"
"C20orf160",0.282018808008,0.0913867782565694,TRUE,"retained"
"ZNF573",0.682295537091,0.717263436198058,TRUE,"retained"
"GAPDH",0.354550972923,0.124018231603973,TRUE,"retained"
"CCDC115",0.5862217909506,0.343046455166722,TRUE,"retained"
"HMGCS1",0.2952086091654,0.175018986729523,TRUE,"retained"
"HPS4",0.2851311642123,0.0951331632416421,TRUE,"retained"
"C6orf105",0.2951585899479,0.265356342727342,TRUE,"retained"
"XRCC6",0.5312429947566,0.338366608333882,TRUE,"retained"
"C14orf119",0.306839097633602,0.112677209665148,TRUE,"retained"
"GMNN",0.6369740600055,0.659273777840713,TRUE,"retained"
"C17orf62",0.4836572079255,0.237883421101301,TRUE,"retained"
"C7orf49",0.5494371016848,0.317445047603345,TRUE,"retained"
"HECTD3",0.3588184657827,0.185360349446237,TRUE,"retained"
"SSR4",0.503693576563799,0.28016934515414,TRUE,"retained"
"SNHG7",0.235928653230899,0.0770458403734224,TRUE,"retained"
"TRIM52",0.474162767253001,0.224664676585626,TRUE,"retained"
"GRM4",0.3531728413668,0.141133460172501,TRUE,"retained"
"TARBP1",0.2905335540135,0.140176488985511,TRUE,"retained"
"BAZ2A",0.3927647566374,0.208307712281972,TRUE,"retained"
"SMARCD3",0.9864048827241,0.955464481096243,TRUE,"retained"
"EWSR1",0.4226753312201,0.199568249519129,TRUE,"retained"
"WDR25",0.263250322566,0.0950889702996608,TRUE,"retained"
"DMXL2",0.8510614822143,0.64447652903148,TRUE,"retained"
"CHD1",0.5079868651809,0.313392871187827,TRUE,"retained"
"C17orf70",0.3748774456098,0.158198205709767,TRUE,"retained"
"ADCY4",0.4581359368656,0.244593179966072,TRUE,"retained"
"ERBB2",0.3591309852606,0.141357243244596,TRUE,"retained"
"SETDB2",0.2960423233299,0.0976231746477464,TRUE,"retained"
"SLC46A3",0.624582070371,0.498394340828847,TRUE,"retained"
"FAM193B",0.396418572446399,0.176804180028082,TRUE,"retained"
"TGFB1I1",0.3678991083474,0.225151170315367,TRUE,"retained"
"C17orf28",0.3868098396225,0.167822705652435,TRUE,"retained"
"GABPA",0.7717976839356,0.552085211344869,TRUE,"retained"
"REXO4",0.3104077180575,0.107533017415672,TRUE,"retained"
"CRYGS",0.3023833308825,0.133933260367042,TRUE,"retained"
"SPHK1",0.2689569730218,0.0918199252071562,TRUE,"retained"
"MED22",0.433992502324499,0.207747606801303,TRUE,"retained"
"PIK3C3",0.414769065505199,0.257838208955493,TRUE,"retained"
"SCAMP2",0.444154852814399,0.218270907369369,TRUE,"retained"
"NKAP",0.432087834273901,0.201024469031217,TRUE,"retained"
"CLEC16A",0.3453050760558,0.140236323361981,TRUE,"retained"
"ICAM3",0.270200463494501,0.0713916066615006,TRUE,"retained"
"PRPF39",0.325629131184,0.138656162933482,TRUE,"retained"
"ZNF643",0.2759427432993,0.0980472833886216,TRUE,"retained"
"ZC3H12A",0.4476013448046,0.252139598464529,TRUE,"retained"
"DAAM1",0.4510329507495,0.263494286202206,TRUE,"retained"
"APBA3",0.4243008506478,0.1628569593067,TRUE,"retained"
"KIR3DL2",0.3439736634495,0.13073404629255,TRUE,"retained"
"MYO9A",0.3142869854355,0.109938140401384,TRUE,"retained"
"ZNF615",0.2815015674156,0.0949623532772556,TRUE,"retained"
"ABCA7",0.9403094469258,0.715723196538193,TRUE,"retained"
"CLSTN1",0.4470602484369,0.271128229442324,TRUE,"retained"
"WWTR1",0.2621244494694,0.0795617320598735,TRUE,"retained"
"SELO",0.4860822077895,0.221313494579713,TRUE,"retained"
"KIAA1671",0.2939096788425,0.138734807253322,TRUE,"retained"
"LRIG1",0.456456767085899,0.381196551617681,TRUE,"retained"
"PLCH2",0.2883089497785,0.107358304295742,TRUE,"retained"
"CCDC109B",0.59008430754315,0.369171709493651,TRUE,"retained"
"CUL9",0.3893427549753,0.158660402892919,TRUE,"retained"
"LOC100134348",0.4148153967552,0.192304508769053,TRUE,"retained"
"REPS1",0.6528886812945,0.454765139185716,TRUE,"retained"
"COG3",0.2769446940162,0.0840353668553908,TRUE,"retained"
"JOSD1",0.5149514483631,0.376113782076441,TRUE,"retained"
"FANCL",0.2799779801973,0.108121789464721,TRUE,"retained"
"ESAM",0.535170036695699,0.353046241216758,TRUE,"retained"
"LOC729678",0.561911567616,0.323492278369646,TRUE,"retained"
"RP9",0.337720282746,0.148494433636467,TRUE,"retained"
"PAXIP1",0.4925578013223,0.230224441605463,TRUE,"retained"
"XYLT2",0.2586893734992,0.0670306117743354,TRUE,"retained"
"SNAI3",0.4763454354057,0.209651529110007,TRUE,"retained"
"C11orf35",0.2905197658335,0.0903165410232821,TRUE,"retained"
"NT5E",0.2697092968941,0.149388934376361,TRUE,"retained"
"DNASE1L1",0.6414652453293,0.364230254334851,TRUE,"retained"
"ZNF142",0.268620201914401,0.0956105998225114,TRUE,"retained"
"C17orf97",0.2822770079871,0.0836112003431107,TRUE,"retained"
"VPS41",0.3530148829389,0.139616492019092,TRUE,"retained"
"JHDM1D",0.4711530054861,0.339127002397147,TRUE,"retained"
"RBM33",0.40355186327715,0.214521120508064,TRUE,"retained"
"ENGASE",0.19803404253255,0.0457227257647787,TRUE,"retained"
"FAR2",1.218590816037,1.25162834993929,TRUE,"retained"
"ADAMTS13",0.2520337782417,0.0844041853662843,TRUE,"retained"
"RPL13A",0.5479741765281,0.348274249704321,TRUE,"retained"
"METT10D",0.3876478140381,0.205618626101391,TRUE,"retained"
"GYG2",0.3221878950108,0.125704477481888,TRUE,"retained"
"MPV17",0.6410453240835,0.432873276401721,TRUE,"retained"
"MRPS24",0.628893387404099,0.418331396947804,TRUE,"retained"
"PSD",0.367559855367599,0.160019459866532,TRUE,"retained"
"TSPAN13",0.550000595690699,0.535372041985323,TRUE,"retained"
"FBXL18",0.2850938234487,0.083867698744851,TRUE,"retained"
"DENND2D",0.6901960426578,0.613089004273234,TRUE,"retained"
"FLJ10357",0.6638668272453,0.452911821649798,TRUE,"retained"
"C9orf140",0.25035797655855,0.0908142323792852,TRUE,"retained"
"LONRF3",0.2672213940186,0.130569430026956,TRUE,"retained"
"ACOT1",0.2568395927832,0.0859290544841398,TRUE,"retained"
"FBXO25",0.3058279473837,0.0943126418928982,TRUE,"retained"
"RNPEP",0.720105476874,0.555210110971955,TRUE,"retained"
"TMEM139",0.2601310166742,0.0820762996274688,TRUE,"retained"
"ANKRD13D",0.33070359025095,0.11308095975104,TRUE,"retained"
"LOC154761",0.766454223777899,0.613295876405566,TRUE,"retained"
"IKBKG",0.24427134165315,0.0583808454745666,TRUE,"retained"
"TJAP1",0.354496568916,0.149545420012496,TRUE,"retained"
"C1orf21",0.390097353156,0.284787041158314,TRUE,"retained"
"SPAG7",0.390261448065299,0.155926722864734,TRUE,"retained"
"SETMAR",0.2553720107799,0.0760926148012411,TRUE,"retained"
"GDPD3",0.4376592627141,0.228273507532637,TRUE,"retained"
"MYO7B",0.5079100309185,0.300800018660343,TRUE,"retained"
"RFNG",0.3851954735475,0.18457537691215,TRUE,"retained"
"ACO1",0.2941199456223,0.110438293184363,TRUE,"retained"
"HERC5",0.837214832918101,2.54179098457186,TRUE,"retained"
"WDR92",0.276364438476,0.0887474182755711,TRUE,"retained"
"PLGLA",0.9682811933655,0.976769631931941,TRUE,"retained"
"IGLV1-44",0.445899851887349,0.582215193579066,TRUE,"retained"
"SEC24C",0.4852730187942,0.257309093707784,TRUE,"retained"
"BTBD2",0.3371590230183,0.126423996608365,TRUE,"retained"
"HDC",0.2961617853075,0.172323601968224,TRUE,"retained"
"NTNG2",0.783109128744599,0.687839683648754,TRUE,"retained"
"PLA2G15",0.3178605777585,0.116820399066299,TRUE,"retained"
"STK39",0.529652003353201,0.401523320046098,TRUE,"retained"
"FAM199X",0.5173186653747,0.28570856504235,TRUE,"retained"
"KLC2",0.2690282875644,0.0816241636184505,TRUE,"retained"
"FAM116B",0.3343194770748,0.121663282426154,TRUE,"retained"
"KIAA0922",0.380665106070899,0.180129463255646,TRUE,"retained"
"LRTM2",0.2510007796569,0.0876441217526916,TRUE,"retained"
"LYSMD4",0.3209085098037,0.106200038073195,TRUE,"retained"
"POLI",0.3396222398625,0.149311832070702,TRUE,"retained"
"ACTR8",0.3341989698642,0.131969255015691,TRUE,"retained"
"CAPRIN2",0.615547303156801,0.476147509712318,TRUE,"retained"
"PQLC2",0.285607522851001,0.0887125571035454,TRUE,"retained"
"HDDC2",0.6004410747069,0.345681180122133,TRUE,"retained"
"ZNF517",0.3301755426165,0.105639572965032,TRUE,"retained"
"CDCA2",0.2440081545783,0.108007520396968,TRUE,"retained"
"WASH2P",0.4831381711632,0.221695284841175,TRUE,"retained"
"NECAB2",0.4771403299131,0.254382316053014,TRUE,"retained"
"DBR1",0.3107088000177,0.113868393372014,TRUE,"retained"
"ZNF250",0.23547112250025,0.0726222923653657,TRUE,"retained"
"NMNAT3",0.2954109573786,0.153304467994715,TRUE,"retained"
"HELB",0.3947496044373,0.243847767303312,TRUE,"retained"
"NUP107",0.671475774333,0.441382142639827,TRUE,"retained"
"OPLAH",1.1300971937577,1.17994470987585,TRUE,"retained"
"KIF13A",0.4475692835796,0.199765349446572,TRUE,"retained"
"C12orf52",0.3892385845341,0.14501113231598,TRUE,"retained"
"TECR",0.792159013289701,0.570452226302558,TRUE,"retained"
"ZSWIM7",0.5227350271983,0.266738888298858,TRUE,"retained"
"ARHGEF9",0.3974671820679,0.20241800763178,TRUE,"retained"
"CTCF",0.6046477809666,0.406480982693723,TRUE,"retained"
"RNF165",0.2997361530303,0.0922709747240747,TRUE,"retained"
"ATOH8",0.3220085078238,0.110913706505427,TRUE,"retained"
"ZNF322A",0.3908400935019,0.189897577389439,TRUE,"retained"
"TBX15",0.2741364531717,0.105189745788696,TRUE,"retained"
"RPAP1",0.2747547759495,0.0945423190693226,TRUE,"retained"
"ZNF671",0.4746102989586,0.231122644350092,TRUE,"retained"
"ADCK4",0.4781076937959,0.239289175728779,TRUE,"retained"
"PPP2R3C",0.4176809519505,0.178099738781968,TRUE,"retained"
"GEMIN6",0.2481250575321,0.0672898306837718,TRUE,"retained"
"RPL7A",0.5212442736396,0.283121938142715,TRUE,"retained"
"IFI30",0.385412374221001,0.19896493667947,TRUE,"retained"
"ALDH4A1",0.349917165927,0.141816424913735,TRUE,"retained"
"UBXN8",0.2974877122938,0.125105124722486,TRUE,"retained"
"RALGPS1",0.2560976775042,0.097237228403017,TRUE,"retained"
"TNS3",0.8053781017275,0.585839740848923,TRUE,"retained"
"ZNF529",0.5433510360978,0.44868558762722,TRUE,"retained"
"SIGLEC1",0.3104294663169,0.697870922892704,TRUE,"retained"
"MBLAC2",0.2780952094074,0.109071697042614,TRUE,"retained"
"ZDHHC5",0.2722622458794,0.0903653927276545,TRUE,"retained"
"VARS2",0.2892063023241,0.10017080259533,TRUE,"retained"
"PTCD1",0.3444077086842,0.113384562344176,TRUE,"retained"
"GRIK5",0.2989227875508,0.094091657366569,TRUE,"retained"
"RALGAPA1",0.2922189959325,0.0935537629122968,TRUE,"retained"
"TNFRSF8",0.483581465598,0.230918944151689,TRUE,"retained"
"LOC100130872",0.3723941076597,0.152408832393969,TRUE,"retained"
"C11orf85",0.2551958778999,0.0798348793725335,TRUE,"retained"
"LGR6",0.2787314886951,0.102141143077336,TRUE,"retained"
"TUBA8",0.8269734531765,0.771141619578101,TRUE,"retained"
"DOK2",0.636668963164499,0.433195695771064,TRUE,"retained"
"MLLT11",0.4110038841972,0.222192846074877,TRUE,"retained"
"RPP21",0.4615866312855,0.246235279336902,TRUE,"retained"
"KLK3",0.4010315704101,0.189041531012057,TRUE,"retained"
"LOC643332",1.1545887220224,1.74203979533569,TRUE,"retained"
"CNIH4",0.8485129120881,0.684738480906191,TRUE,"retained"
"NUP188",0.3712984647771,0.162389097816642,TRUE,"retained"
"ZNF275",0.8475051399423,0.709323999694802,TRUE,"retained"
"FCRL5",0.233911574262975,0.153523971828218,TRUE,"retained"
"IKZF4",0.2654247533931,0.0944071199362736,TRUE,"retained"
"SEC31B",0.3475506642699,0.145008880729245,TRUE,"retained"
"TCTN1",0.3552797471769,0.250575742862386,TRUE,"retained"
"HEATR1",0.192509697885401,0.0405350168132656,TRUE,"retained"
"FBLN2",0.3426341580711,0.151497097130307,TRUE,"retained"
"ZNF266",0.8545945491489,0.73055291144922,TRUE,"retained"
"CDH4",0.2664396360885,0.0858992885013888,TRUE,"retained"
"GPI",0.8665442502927,0.847541930963242,TRUE,"retained"
"FYCO1",0.4658300489451,0.275039211040978,TRUE,"retained"
"SELP",1.0212655723179,1.12124488161557,TRUE,"retained"
"MYO1G",0.621286994836199,0.413257936815288,TRUE,"retained"
"UBR4",0.5768877349809,0.398689583521699,TRUE,"retained"
"PRRC1",0.5191639034043,0.256701864935435,TRUE,"retained"
"SLC22A8",0.257017472166,0.0938023751324964,TRUE,"retained"
"CLCC1",0.3908321415768,0.203039984464394,TRUE,"retained"
"JAM3",0.7143155472936,0.774309791327842,TRUE,"retained"
"YTHDF1",0.3357102010941,0.114674453367573,TRUE,"retained"
"C13orf34",0.2673567531747,0.0847216258437131,TRUE,"retained"
"TESK1",0.3015234999777,0.100633509913288,TRUE,"retained"
"SNX33",0.326800600161,0.124447660521944,TRUE,"retained"
"SLC35B3",0.44865794008035,0.18714952222861,TRUE,"retained"
"UBXN7",0.525899974189801,0.26731925766352,TRUE,"retained"
"RGN",0.2434614688086,0.0791585441127486,TRUE,"retained"
"TMEM184A",0.4175567908722,0.21163277517281,TRUE,"retained"
"EXT1",0.771733506629399,0.61036327372009,TRUE,"retained"
"TRPV2",0.4925238104934,0.259518790598749,TRUE,"retained"
"ATP13A1",0.4105477430334,0.170081832837556,TRUE,"retained"
"YEATS2",0.5601735475119,0.315383259323536,TRUE,"retained"
"OCRL",0.4226373260046,0.201916957846121,TRUE,"retained"
"GTF3C5",0.3928554806379,0.252649816648362,TRUE,"retained"
"CTSD",0.607495404361999,0.438027616186201,TRUE,"retained"
"ZC3H7B",0.3010548686502,0.0935104859495776,TRUE,"retained"
"DUSP8",0.265524659135399,0.084132550129829,TRUE,"retained"
"HLA-B",0.3293304954576,0.120408308592803,TRUE,"retained"
"MYL5",0.2768478720819,0.0848646850856959,TRUE,"retained"
"YPEL4",0.3813208244685,0.648522283073077,TRUE,"retained"
"CCDC71",0.5514770977569,0.275480240729499,TRUE,"retained"
"PRMT5",0.6720352986774,0.496650214293077,TRUE,"retained"
"POLE3",0.4464307186857,0.248091421643196,TRUE,"retained"
"SLC25A28",0.945007920486,0.736492363710145,TRUE,"retained"
"CAPN12",0.2834231875146,0.249808716596367,TRUE,"retained"
"HLA-DRB4",1.0803040408818,5.59725770834486,TRUE,"retained"
"ADARB2",0.2587292776782,0.0763182708326406,TRUE,"retained"
"LY6G5C",0.3120703509168,0.118176317980764,TRUE,"retained"
"ADCYAP1R1",0.23257938829545,0.061999330967841,TRUE,"retained"
"HSPB1",0.8562021686526,1.04778455422588,TRUE,"retained"
"RPS13",0.491002927537499,0.229754076193343,TRUE,"retained"
"RPS2",0.256622705700201,0.070328695608823,TRUE,"retained"
"CBWD5",0.3013089803598,0.0903645472529392,TRUE,"retained"
"BACE2",0.39047632610175,0.29818827429294,TRUE,"retained"
"RHBDD1",0.2633810488442,0.0870738203099818,TRUE,"retained"
"HNRNPA1L2",0.281727801056101,0.0883279114099055,TRUE,"retained"
"SERGEF",0.26361203434125,0.0785380751623571,TRUE,"retained"
"IGHG1",0.907998650431599,0.783714824020735,TRUE,"retained"
"LDHB",0.931993257383999,1.02053465488607,TRUE,"retained"
"SETBP1",0.2865120237525,0.133604146363675,TRUE,"retained"
"RBM10",0.456866324216401,0.209790617396576,TRUE,"retained"
"SRP19",0.537345049813949,0.306226671348819,TRUE,"retained"
"HAMP",0.38770600942395,0.179670256376654,TRUE,"retained"
"DHX16",0.623417156709899,0.4303975567486,TRUE,"retained"
"TMEM138",0.5322565245795,0.291936532126935,TRUE,"retained"
"C9orf46",0.7702688653632,0.570366879609482,TRUE,"retained"
"LOC728554",0.5486139532692,0.41171531639797,TRUE,"retained"
"RPL4",0.530466028589698,0.321725033173264,TRUE,"retained"
"ADPRH",0.3293076960348,0.144164265409686,TRUE,"retained"
"SLC25A15",0.2857552987821,0.0979141016508902,TRUE,"retained"
"MRPS34",0.5376545599845,0.310523357324111,TRUE,"retained"
"TTC32",0.5609500985508,0.356154713071496,TRUE,"retained"
"SCD",0.4651333500009,0.452454663842713,TRUE,"retained"
"EIF4A3",0.3789653066535,0.181680829818489,TRUE,"retained"
"CMTM6",0.3626173510365,0.160334785508681,TRUE,"retained"
"YWHAZ",0.3187870115031,0.116291221252557,TRUE,"retained"
"POLR3K",0.534717289203299,0.331504262193989,TRUE,"retained"
"CLK3",0.30873312469335,0.120439271603032,TRUE,"retained"
"MAN1C1",0.26049678558435,0.109841987447098,TRUE,"retained"
"TMEM42",0.5302282180671,0.321803043204625,TRUE,"retained"
"RPF1",0.482012341062,0.25842447895643,TRUE,"retained"
"CHI3L2",0.4240176910977,0.342455561061405,TRUE,"retained"
"FOXJ3",0.595132734378001,0.462392162731667,TRUE,"retained"
"TUBBP5",0.3459491923671,0.176102566769472,TRUE,"retained"
"RCL1",0.4021451371854,0.428239704611407,TRUE,"retained"
"C11orf73",0.5800507204926,0.336701984583515,TRUE,"retained"
"ROBO3",0.2333541788704,0.0525631004302484,TRUE,"retained"
"FNTA",0.506390302537349,0.286639911959476,TRUE,"retained"
"TAF6L",0.3032302172067,0.0986095902389977,TRUE,"retained"
"LOC729317",0.360908799089999,0.168332122941922,TRUE,"retained"
"SHISA4",0.4374348526716,0.243737813872621,TRUE,"retained"
"FBXO31",0.2945262595653,0.145203504987468,TRUE,"retained"
"HMGCL",0.3928208930625,0.162985602490314,TRUE,"retained"
"GGT5",0.3490469931459,0.163215670309304,TRUE,"retained"
"NUBP1",0.6737817051084,0.43817655576436,TRUE,"retained"
"MTA2",0.3083920388493,0.0882438552846487,TRUE,"retained"
"FBXO4",0.2997592178385,0.122493729304038,TRUE,"retained"
"ATXN7L2",0.2665077044784,0.07167379064409,TRUE,"retained"
"FAM118B",0.4611506586708,0.380050085411331,TRUE,"retained"
"IGF2BP3",0.5535757388133,0.558193409048221,TRUE,"retained"
"AOAH",0.610428901679101,0.558765049981977,TRUE,"retained"
"C14orf102",0.3884888515053,0.147916535072324,TRUE,"retained"
"CCM2",0.288186531496499,0.0908940288229699,TRUE,"retained"
"CCDC53",0.766728573718799,0.55782884412779,TRUE,"retained"
"CTSW",0.4821826910607,0.386800378224596,TRUE,"retained"
"UFSP2",0.3573197899509,0.17330844133847,TRUE,"retained"
"FAM50A",0.441415227439201,0.195884180845206,TRUE,"retained"
"GADD45G",0.3118865893185,0.143010856493406,TRUE,"retained"
"CHI3L1",2.0570398852857,3.41543747737665,TRUE,"retained"
"F12",0.3997644070161,0.17953541139516,TRUE,"retained"
"CUTA",0.7067623274334,0.515311913620192,TRUE,"retained"
"RPS19",0.600239216493001,0.369664480904239,TRUE,"retained"
"MFSD10",0.367979891514899,0.149019465296481,TRUE,"retained"
"C9orf89",0.5653152443421,0.362550778268735,TRUE,"retained"
"PRSS22",0.3126336381,0.117028136547826,TRUE,"retained"
"CLVS1",0.3674613195477,0.258420939228927,TRUE,"retained"
"RRP8",0.4065147470853,0.164539196902251,TRUE,"retained"
"NAALADL1",0.2633037502809,0.0836190168063863,TRUE,"retained"
"PLK3",0.6058139014641,0.507374328722732,TRUE,"retained"
"ADRA2C",0.2770177861962,0.0885400374419448,TRUE,"retained"
"FCGR1B",1.0829245030233,1.31744709996608,TRUE,"retained"
"NCKAP1L",0.5419180179483,0.291917015621798,TRUE,"retained"
"SLC25A4",0.2706594448257,0.0935120980618453,TRUE,"retained"
"APOOL",0.3216352921845,0.124362231303435,TRUE,"retained"
"TPST1",1.2423229773381,1.37577030947885,TRUE,"retained"
"DOK4",0.4063808201208,0.194704809132928,TRUE,"retained"
"LOC391358",0.4481101627464,0.235077570669195,TRUE,"retained"
"TRMT112",0.3426152156322,0.14066189066325,TRUE,"retained"
"SUPT7L",0.4604109761874,0.196327597357159,TRUE,"retained"
"RG9MTD1",0.42723668145375,0.203370317249164,TRUE,"retained"
"MITD1",0.6784187552919,0.519453289115388,TRUE,"retained"
"TRAPPC2L",0.39715668596835,0.186500818979309,TRUE,"retained"
"MAGOHB",0.3058816308471,0.136583029609333,TRUE,"retained"
"TXNL4A",0.3852118399689,0.167183005110282,TRUE,"retained"
"BLM",0.7847332992534,0.910829367267592,TRUE,"retained"
"C12orf41",0.7531453231386,0.489200748205596,TRUE,"retained"
"STAB1",1.0125299085342,0.896223860293536,TRUE,"retained"
"MRPS18A",0.24704683927665,0.0602613082954741,TRUE,"retained"
"PLK1S1",0.44438054864175,0.192193771170193,TRUE,"retained"
"ITIH1",0.3174081230796,0.11324060480136,TRUE,"retained"
"ARL16",0.4116379936998,0.173593354193766,TRUE,"retained"
"RPS18",0.661562895755999,0.464110001387388,TRUE,"retained"
"ADHFE1",0.3389011491831,0.151609384913392,TRUE,"retained"
"ANKZF1",0.507874719092999,0.291025181990847,TRUE,"retained"
"C1orf159",0.2676551812809,0.0893042167973665,TRUE,"retained"
"SIGLECP3",0.3085887583716,0.150690430946731,TRUE,"retained"
"C10orf2",0.304006581438,0.102380199776704,TRUE,"retained"
"C6orf26",0.3008066176584,0.0910421241283139,TRUE,"retained"
"SLC22A18",0.5819597607306,0.322644421021279,TRUE,"retained"
"SCYL3",0.2852859965781,0.107500533744639,TRUE,"retained"
"AP3B2",0.3028921562373,0.187309896399304,TRUE,"retained"
"C6orf1",0.2903190729432,0.10125881542535,TRUE,"retained"
"RPL19",0.46676554953,0.218628341734922,TRUE,"retained"
"KIAA1530",0.7867734888048,0.68760843403487,TRUE,"retained"
"TXLNA",0.2616940662567,0.0819016767640453,TRUE,"retained"
"EPHB6",0.2554082269914,0.0735840490673332,TRUE,"retained"
"NUDT8",0.3339390411735,0.1328145565029,TRUE,"retained"
"ZBTB48",0.4001248293,0.175106584680313,TRUE,"retained"
"VWCE",1.2917845867542,1.40154254990922,TRUE,"retained"
"KLHDC2",0.5595494781765,0.40154515932168,TRUE,"retained"
"OVOS",0.809919448598401,1.22663150324221,TRUE,"retained"
"BAMBI",0.2472648203949,0.123005755245745,TRUE,"retained"
"MTMR15",0.3983675050026,0.267937709777635,TRUE,"retained"
"EXOSC1",0.5185022738805,0.306180532662064,TRUE,"retained"
"MRPL48",0.6247355446752,0.38719117999474,TRUE,"retained"
"SLC25A45",0.4220963601057,0.206306174079604,TRUE,"retained"
"C5orf22",0.520148868714301,0.250574882923599,TRUE,"retained"
"ABHD12",0.2456083781319,0.0701515527425247,TRUE,"retained"
"NXF1",0.451290068430601,0.237781904518577,TRUE,"retained"
"CLU",1.069487342658,1.08596718691936,TRUE,"retained"
"PSMC5",0.4887507002406,0.263136954371264,TRUE,"retained"
"SNUPN",0.4794967031883,0.222339886659119,TRUE,"retained"
"AUP1",0.25135923490125,0.0691213405102818,TRUE,"retained"
"GNB2",0.404362953892275,0.18047459041445,TRUE,"retained"
"PEA15",0.53895952708395,0.276591889965783,TRUE,"retained"
"PTGDS",0.7016724437667,0.991270029008792,TRUE,"retained"
"KMO",0.3188410708056,0.151511160378402,TRUE,"retained"
"C9orf6",0.367111826991,0.156553268038599,TRUE,"retained"
"BARD1",0.5225127632193,0.491892083080754,TRUE,"retained"
"RABL2A",0.4073176735782,0.27472309276844,TRUE,"retained"
"ZWINT",0.7177410953349,1.02165606818587,TRUE,"retained"
"GSR",0.49589674439655,0.291283341825815,TRUE,"retained"
"RNF219",0.6444116429961,0.386766861054009,TRUE,"retained"
"LRWD1",0.40293663913335,0.176732774278623,TRUE,"retained"
"DECR2",0.2645573619696,0.0799996500501267,TRUE,"retained"
"ARRDC1",0.4090662305205,0.170199939268062,TRUE,"retained"
"SLC25A14",0.3712973268816,0.141302920131287,TRUE,"retained"
"TAF12",0.5383152784506,0.362046040058314,TRUE,"retained"
"METTL11A",0.3097219703382,0.109770185069516,TRUE,"retained"
"MGC29506",0.8547780386901,2.60829331560631,TRUE,"retained"
"PROM1",0.283182873621899,0.1118212923837,TRUE,"retained"
"ERAL1",0.2341957592163,0.0814843344266886,TRUE,"retained"
"C6orf223",0.2655446379117,0.081647492569367,TRUE,"retained"
"C10orf58",0.2803259834823,0.0959898436131381,TRUE,"retained"
"TUBA1C",0.5536093122903,0.320845610046616,TRUE,"retained"
"SLC25A1",0.296227492904,0.0954397930240092,TRUE,"retained"
"CYB5D2",0.3613919554497,0.190395556896036,TRUE,"retained"
"FAM64A",0.2641831240776,0.079051419326398,TRUE,"retained"
"MRPL46",0.4508690018763,0.225041480174565,TRUE,"retained"
"RNF44",0.641395421541,0.504275067077747,TRUE,"retained"
"DPP4",0.5419793464386,0.460443487427999,TRUE,"retained"
"PPP2R2A",0.2903340197751,0.160729132227396,TRUE,"retained"
"CASP8AP2",0.6236124432993,0.445223046568293,TRUE,"retained"
"DUSP11",0.709493157284101,0.470517768272706,TRUE,"retained"
"BLVRB",0.930784727113499,0.861144684410948,TRUE,"retained"
"GCDH",0.3261996319575,0.127968083368599,TRUE,"retained"
"HINT2",0.4972960923294,0.243251542908747,TRUE,"retained"
"INTS8",0.408209239536,0.180091900387128,TRUE,"retained"
"GCGR",0.3233343191673,0.113780469487872,TRUE,"retained"
"RFK",0.7853255208582,0.53897681986099,TRUE,"retained"
"ADCY2",0.2870061765564,0.0854422566217189,TRUE,"retained"
"MS4A14",0.7215793695642,0.704820492200282,TRUE,"retained"
"FSTL4",0.279161583542099,0.111207118828796,TRUE,"retained"
"EHMT1",0.5327915526654,0.336035929150522,TRUE,"retained"
"ISG20",0.853392672045899,0.737044498665448,TRUE,"retained"
"EFHC2",0.6437434388826,0.578067515776915,TRUE,"retained"
"MFAP2",0.2584163875503,0.0821395145282166,TRUE,"retained"
"FCER2",0.2917067405826,0.101331875815537,TRUE,"retained"
"PATL2",0.7057174435857,0.571388655810555,TRUE,"retained"
"IFIT1",1.7032290188697,5.39872511191104,TRUE,"retained"
"SLC25A33",0.4230488935407,0.201912542857689,TRUE,"retained"
"PRAM1",0.6587227597377,0.482317938558623,TRUE,"retained"
"RNH1",0.6132979928754,0.381155915899645,TRUE,"retained"
"DCLK1",0.2734788133245,0.0820523868239308,TRUE,"retained"
"MYO3A",0.2381225735763,0.0819739102806885,TRUE,"retained"
"SAMD4A",0.2781707990271,0.124401587584067,TRUE,"retained"
"FBL",0.7608523812813,0.677516886075184,TRUE,"retained"
"RTTN",0.2750090507451,0.0938483108775796,TRUE,"retained"
"C15orf52",0.2649582006708,0.0902289155694732,TRUE,"retained"
"ATAD2",0.349865111841,0.233339772066251,TRUE,"retained"
"TSC2",0.20980469081565,0.0435001521824943,TRUE,"retained"
"C2CD2",0.278953243401,0.0995457911382444,TRUE,"retained"
"SBF1",0.2833463777151,0.0835874509668525,TRUE,"retained"
"PGM5",0.2917459012377,0.284322667341503,TRUE,"retained"
"CCDC132",0.53778816819,0.308315047107664,TRUE,"retained"
"PIWIL4",0.3478272944496,0.33055155385236,TRUE,"retained"
"FRMD1",0.2664857493963,0.0714703104377989,TRUE,"retained"
"MST1",0.19072353318795,0.0441588612848345,TRUE,"retained"
"TMEM63B",0.3432955800309,0.174337842902353,TRUE,"retained"
"SMARCAL1",0.3370637452119,0.132886268131068,TRUE,"retained"
"CXXC1",0.3374249065719,0.136252425007471,TRUE,"retained"
"MYO7A",0.2467229197167,0.07483218729686,TRUE,"retained"
"RSC1A1",0.3079496880894,0.217244202630445,TRUE,"retained"
"BRD7",0.4536697592973,0.206144508945475,TRUE,"retained"
"ING5",0.2321255722191,0.0566453076150141,TRUE,"retained"
"DCTN2",0.353126300328899,0.17160941810847,TRUE,"retained"
"ZC3HC1",0.3855278672784,0.153092658879225,TRUE,"retained"
"RBM28",0.3296713014609,0.118549752032582,TRUE,"retained"
"CHIT1",0.9090138328593,2.05106444153874,TRUE,"retained"
"YBX1",0.521011948737,0.301150573231064,TRUE,"retained"
"TWF2",0.392284728007725,0.169676775910908,TRUE,"retained"
"CYB561D2",0.5277443048682,0.271057478647518,TRUE,"retained"
"RPL6",0.530729009583151,0.284800983043781,TRUE,"retained"
"RNASEH2A",0.29647937564805,0.173235496233411,TRUE,"retained"
"RPS24",0.9363792270336,0.794469161428601,TRUE,"retained"
"RNASEK",0.3053496243,0.0927313347349221,TRUE,"retained"
"SERPINF1",0.3218848271079,0.153049853550004,TRUE,"retained"
"LOC100287430",0.654302761452898,0.427329398784772,TRUE,"retained"
"NDUFA9",0.5293390346475,0.303420137394276,TRUE,"retained"
"ECH1",0.4402042078833,0.235438511584417,TRUE,"retained"
"DARC",0.6929309985843,0.721551573590623,TRUE,"retained"
"ATF4",0.3591780993234,0.152449894881647,TRUE,"retained"
"CTDP1",0.8010499727517,0.580354215525664,TRUE,"retained"
"RPL36A",0.854313986372701,0.803710919682062,TRUE,"retained"
"RPL10",0.480609350158559,0.240324962034575,TRUE,"retained"
"CDC26",0.413899725203999,0.169930221775327,TRUE,"retained"
"WBSCR16",0.3710398956306,0.150796626549059,TRUE,"retained"
"LLPH",0.5610749319882,0.365958489702221,TRUE,"retained"
"THAP4",0.4268911374315,0.176231713112308,TRUE,"retained"
"C7orf72",0.260591389919701,0.079906795167407,TRUE,"retained"
"TP53TG3",0.269592418347,0.0816306767310642,TRUE,"retained"
"OXCT2",0.2515322287464,0.0792143192336645,TRUE,"retained"
"CHCHD3",0.5112903144405,0.261160651081098,TRUE,"retained"
"FAM157B",0.6291724972323,0.470794195894151,TRUE,"retained"
"AZGP1P1",0.3691466413761,0.156227501958153,TRUE,"retained"
"C8orf30A",0.3003105641613,0.093475093108824,TRUE,"retained"
"C21orf70",0.276374186571,0.120488830639049,TRUE,"retained"
"BOP1",0.431822169403799,0.247546461666411,TRUE,"retained"
"GTF3C6",0.4622937788532,0.211196415016037,TRUE,"retained"
"GSTTP1",0.3336416671959,0.125291880356485,TRUE,"retained"
"LOC100129827",0.5752875610944,0.619441792774153,TRUE,"retained"
"SNHG8",0.56633970500415,0.397185163198103,TRUE,"retained"
"SNHG1",0.3914999023929,0.214427595227509,TRUE,"retained"
"SNORA10",0.2677125015621,0.078923779251195,TRUE,"retained"
"SNORD15A",0.24388318214715,0.0769889947609228,TRUE,"retained"
"SNORA8",0.379364470758,0.187668971262747,TRUE,"retained"
"SNORA49",0.2729288213568,0.106921905903836,TRUE,"retained"
"SNORA25",0.834187130949899,0.639153744252747,TRUE,"retained"
"SNORA30",0.2137980298083,0.0603334655918403,TRUE,"retained"
"SNORA32",0.7152735804333,0.503125276349905,TRUE,"retained"
"SNORA47",0.3134223093939,0.119803639799435,TRUE,"retained"
"SNORD89",0.7796506024902,0.585616996547015,TRUE,"retained"
"UHMK1",0.4426568041224,0.224521910895653,TRUE,"retained"
"HK3",0.9584971631067,0.97927490799152,TRUE,"retained"
"PLD2",0.2528400213108,0.0792708040379468,TRUE,"retained"
"LOC219347",0.3679963987833,0.13273884005901,TRUE,"retained"
"JMJD7-PLA2G4B",0.3373235560359,0.142558041892332,TRUE,"retained"
"C22orf34",0.2786241766245,0.0827968897223144,TRUE,"retained"
"FLJ36777",0.2645017526088,0.0830106554390139,TRUE,"retained"
"RPS2P32",0.315151804918651,0.103187206794127,TRUE,"retained"
"WBSCR26",0.2597077262199,0.139291270580424,TRUE,"retained"
"DNM1P35",0.2924216206506,0.0855269606074876,TRUE,"retained"
"LOC339240",0.29578267003215,0.114526933410372,TRUE,"retained"
"LOC90110",0.6565634736696,0.605139030123022,TRUE,"retained"
"NCRNA00235",0.2604796671141,0.0855127249412904,TRUE,"retained"
"RPS3",0.565392684987901,0.356098196023496,TRUE,"retained"
"GPX3",0.2830167134508,0.135664475932746,TRUE,"retained"
"C3orf1",0.3824423587362,0.140072318018676,TRUE,"retained"
"TBC1D3",0.4205799783234,0.22019758524931,TRUE,"retained"
"PSMA6",0.8318929230927,0.75770320868288,TRUE,"retained"
"EIF3F",0.505550395923299,0.325098387563776,TRUE,"retained"
"GMPS",0.5873021207991,0.346878618932467,TRUE,"retained"
"RPSA",0.540087369444,0.330882462250849,TRUE,"retained"
"VAT1",0.5515415574984,0.388448845563884,TRUE,"retained"
"CIB1",0.4977910954044,0.281689934936926,TRUE,"retained"
"RPL26",0.8454521044032,0.804944376412414,TRUE,"retained"
"SNRPC",0.25968221104455,0.0725554217819947,TRUE,"retained"
"MTIF3",0.3292056553485,0.116506436945213,TRUE,"retained"
"RNF144A",0.5075279307987,0.339836073426657,TRUE,"retained"
"TRMT1",0.323899412157301,0.104213314318932,TRUE,"retained"
"CCDC72",0.7061908703829,0.423842014994785,TRUE,"retained"
"BAG3",0.3697622383938,0.464191665314832,TRUE,"retained"
"MAN2B1",0.600568142422501,0.348887454026108,TRUE,"retained"
"NUDT1",0.4558511976333,0.25843839985599,TRUE,"retained"
"RPS15",0.418833751286998,0.194867475867099,TRUE,"retained"
"FAM82A2",0.652209733520099,0.476297917208583,TRUE,"retained"
"TYK2",0.4433157182643,0.228129996264683,TRUE,"retained"
"CTSH",0.699505514154299,0.477770160528987,TRUE,"retained"
"LOC100287887",0.424636262211001,0.186046044230178,TRUE,"retained"
"SHFM1",0.53924664739995,0.277790508607381,TRUE,"retained"
"C7orf59",0.529682037864002,0.359512043117044,TRUE,"retained"
"PWP2",0.44978184762,0.249568255151166,TRUE,"retained"
"LOC647979",0.505935675478799,0.312646957474611,TRUE,"retained"
"KRT10",0.452101722989701,0.221562798962714,TRUE,"retained"
"RPS20",0.482528545317,0.235564795723864,TRUE,"retained"
"MDP1",0.340493234004,0.149636065212271,TRUE,"retained"
"NDUFS3",0.4743473717094,0.26802094320317,TRUE,"retained"
"SLC5A3",0.7876303026186,0.683916441563977,TRUE,"retained"
"ILKAP",0.4910188306464,0.258586497992399,TRUE,"retained"
"UXT",0.374007873281699,0.153301583773217,TRUE,"retained"
"RPL23",0.876661188744601,0.778821350823372,TRUE,"retained"
"C1QBP",0.660300963716099,0.493710405370217,TRUE,"retained"
"CYTH3",0.3520691205381,0.154519062467113,TRUE,"retained"
"IFI27L1",0.4885738920363,0.305097764527886,TRUE,"retained"
"OSGEP",0.459667111289401,0.235403014619113,TRUE,"retained"
"NPPA",0.2642573459988,0.107510316210815,TRUE,"retained"
"TMEM141",0.3502177764204,0.133720638521639,TRUE,"retained"
"COPS6",0.459950392412699,0.225610372140613,TRUE,"retained"
"ESRRA",0.410103504182401,0.181816291514502,TRUE,"retained"
"POP7",0.447284316740099,0.284214884342258,TRUE,"retained"
"RRAS2",0.5751457496631,0.628325731156074,TRUE,"retained"
"RAPGEFL1",0.264104737533,0.0943428773092265,TRUE,"retained"
"POLR2I",0.484336457409,0.293780656215347,TRUE,"retained"
"NFKBIZ",0.6209019280338,0.43891808498211,TRUE,"retained"
"RPS27",0.541222010637,0.363716073337485,TRUE,"retained"
"ITGAV",0.3440358229371,0.185338360716013,TRUE,"retained"
"C12orf62",0.480915419436899,0.251974647949747,TRUE,"retained"
"C6orf47",0.4328951322129,0.17181134016845,TRUE,"retained"
"WDR35",0.245246908391099,0.0731412867486187,TRUE,"retained"
"C19orf53",0.4856919207525,0.26357913099414,TRUE,"retained"
"GOT1",0.2876174577255,0.123587681075008,TRUE,"retained"
"TXNDC17",0.7387454557371,0.494722501035076,TRUE,"retained"
"C16orf58",0.369686895627,0.207997571665255,TRUE,"retained"
"UBE2D2",0.4455725297604,0.237420150681597,TRUE,"retained"
"NOC2L",0.2958688680255,0.112453956877117,TRUE,"retained"
"CLEC18A",0.3320970589335,0.130044181374987,TRUE,"retained"
"C7orf47",0.4693998050406,0.247397808344285,TRUE,"retained"
"SPIN2A",0.3451709815575,0.163099575523592,TRUE,"retained"
"ALG5",0.625981137721801,0.431376765142161,TRUE,"retained"
"NDUFA12",0.5198001997419,0.30649027376966,TRUE,"retained"
"PDAP1",0.270378576633898,0.0723546449385498,TRUE,"retained"
"HSPG2",0.281949733674,0.0958225261212766,TRUE,"retained"
"COPS3",0.5378645999265,0.392066172853055,TRUE,"retained"
"SAMM50",0.468800697500099,0.249432967097102,TRUE,"retained"
"ECHS1",0.442422438420899,0.209235736415939,TRUE,"retained"
"C14orf1",0.3882163896555,0.203794864666527,TRUE,"retained"
"RNF5",0.310767116976749,0.13325003811633,TRUE,"retained"
"PARP12",0.9491054680968,1.22536752387047,TRUE,"retained"
"CD200",0.2896340168568,0.286317065503043,TRUE,"retained"
"COX17",0.514092122283599,0.267308349345027,TRUE,"retained"
"TSPYL2",0.3268111258797,0.174832568882891,TRUE,"retained"
"LCN2",2.6837520070767,4.92343752349656,TRUE,"retained"
"MUS81",0.4262881654941,0.175285988932529,TRUE,"retained"
"WDR61",0.3484461250179,0.134362876528174,TRUE,"retained"
"FHOD1",0.500563143017701,0.24352485567082,TRUE,"retained"
"TIMM16",0.3270832734183,0.115213195182558,TRUE,"retained"
"MLF2",0.5654148654252,0.334540050074294,TRUE,"retained"
"LZIC",0.4027294439301,0.163954625315089,TRUE,"retained"
"RPL12",0.45107037528,0.223104568595072,TRUE,"retained"
"NDUFS5",0.6182477938224,0.383800781202796,TRUE,"retained"
"SNRPD2",0.6464833726386,0.474147584356986,TRUE,"retained"
"UQCR10",0.4139693058459,0.197870439558529,TRUE,"retained"
"RPL39",0.708625318115399,0.55699105564987,TRUE,"retained"
"CYB5R2",0.3862372602438,0.265382932536637,TRUE,"retained"
"PSMB6",0.420589669338299,0.20001385714393,TRUE,"retained"
"PSMD4",0.3697523583474,0.12770504391808,TRUE,"retained"
"LOC100130932",0.7774841954943,0.547166171898852,TRUE,"retained"
"DCUN1D5",0.7998230930823,0.608669321061951,TRUE,"retained"
"EVPLL",0.4714012342389,0.261228483291803,TRUE,"retained"
"BSCL2",0.5734580497443,0.366855395271101,TRUE,"retained"
"APCDD1",0.3270265988094,0.38313578366252,TRUE,"retained"
"ST13",0.8497333194672,0.874331819376051,TRUE,"retained"
"RPL23A",0.416743285287,0.20823786623216,TRUE,"retained"
"RPS10",0.4537375741626,0.263204453441611,TRUE,"retained"
"IPPK",0.2664296144538,0.071215925892407,TRUE,"retained"
"IGF2BP2",1.4585598663552,1.78849028855212,TRUE,"retained"
"TOMM70A",0.576224224779,0.375393570158744,TRUE,"retained"
"RPLP0",0.510104682927,0.315340209926261,TRUE,"retained"
"KL",0.704478398442,0.663067156170463,TRUE,"retained"
"RPS4X",0.632088336289199,0.415469994686702,TRUE,"retained"
"EPB41L2",0.312930046905,0.195935943143255,TRUE,"retained"
"VAMP7",0.4914434769384,0.285239411644847,TRUE,"retained"
"C2orf28",0.4791866025723,0.240365820820247,TRUE,"retained"
"FNTB",0.4180753205853,0.208088925800574,TRUE,"retained"
"C7orf55",0.5278062723591,0.346616117516533,TRUE,"retained"
"AFF1",0.4767108066084,0.326959471744352,TRUE,"retained"
"CDC23",0.5776007128731,0.350800486761956,TRUE,"retained"
"RANBP9",0.7477418725371,0.514571228395111,TRUE,"retained"
"GNG5",0.343781870606999,0.125085823957229,TRUE,"retained"
"UQCRFS1",0.5176602267627,0.286331379950802,TRUE,"retained"
"ABL1",0.3569185042458,0.139498633406498,TRUE,"retained"
"TWIST2",0.293457215268,0.295446138739281,TRUE,"retained"
"PLEKHA5",0.2579046681603,0.0983881224292487,TRUE,"retained"
"GADD45B",0.511105649753475,0.243588426611546,TRUE,"retained"
"PFDN1",0.4055119327539,0.179945202091402,TRUE,"retained"
"C17orf108",0.4252156267086,0.217229081734067,TRUE,"retained"
"UBE2E1",0.6411025027764,0.512172141317007,TRUE,"retained"
"PRKACA",0.34857310118295,0.129242571380309,TRUE,"retained"
"LOC644006",0.4862641724766,0.322731109452031,TRUE,"retained"
"TULP4",0.4924957641492,0.293455454762635,TRUE,"retained"
"SLC9A9",0.4384694828577,0.217782289123225,TRUE,"retained"
"C12orf35",0.8319915604707,0.804038004637437,TRUE,"retained"
"UTRN",0.7061648870766,0.570118528781948,TRUE,"retained"
"RALYL",0.2514173383659,0.0774298068012537,TRUE,"retained"
"C7orf62",0.2587236712263,0.0874720691453552,TRUE,"retained"
"TERF2IP",0.5428447111479,0.528989857799637,TRUE,"retained"
"JUND",0.3028772813115,0.115204384437342,TRUE,"retained"
"HTATSF1",0.8081848318026,0.591536188528991,TRUE,"retained"
"FAM103A1",0.41272974512805,0.216137554473843,TRUE,"retained"
"ANKRD46",0.2090289451992,0.0538977418193135,TRUE,"retained"
"OAT",0.7767487028385,0.634101175093299,TRUE,"retained"
"CXADR",0.4867654691886,1.05084299987674,TRUE,"retained"
"GOLGA6L1",0.2552295885174,0.0861759266672824,TRUE,"retained"
"APOA1",0.264785493338101,0.0830718753359582,TRUE,"retained"
"HPRT1",0.8398439645631,0.722665270917747,TRUE,"retained"
"INPP5F",0.2787126774663,0.187866712212674,TRUE,"retained"
"TDG",0.728272383421801,0.484329219259669,TRUE,"retained"
"RPL35A",0.359673571888401,0.156970384924285,TRUE,"retained"
"IER2",0.3864689543001,0.198706729724624,TRUE,"retained"
"KIAA0753",0.3447009506556,0.120562841561106,TRUE,"retained"
"THRB",0.2605731354072,0.134816052646459,TRUE,"retained"
"COMMD5",0.2162521331103,0.0638281456593426,TRUE,"retained"
"RGPD5",0.771257868534301,0.565078188568345,TRUE,"retained"
"ANKRD49",0.7640783202129,0.592121021460444,TRUE,"retained"
"C1orf186",0.2483332560849,0.110686948774742,TRUE,"retained"
"KIAA1712",0.4267791944598,0.187193569427266,TRUE,"retained"
"HMMR",0.4430238447327,0.675465427465707,TRUE,"retained"
"FPR1",0.416197568767048,0.299503252869757,TRUE,"retained"
"TPT1",0.445648934563002,0.196515928300579,TRUE,"retained"
"CHCHD2",0.37814634547095,0.141115769992682,TRUE,"retained"
"NRM",0.3910569971406,0.166631316189054,TRUE,"retained"
"PCBP1",0.365112033100499,0.119489819085374,TRUE,"retained"
"GZF1",0.4591631451561,0.227206318827315,TRUE,"retained"
"YARS",0.3108051608634,0.110134953952957,TRUE,"retained"
"RELL2",0.23948880170775,0.0635197144161151,TRUE,"retained"
"EAF1",0.633609014646301,0.371276345744872,TRUE,"retained"
"HEBP1",1.0255115593233,1.15440928888812,TRUE,"retained"
"NDNL2",0.4989170374419,0.354930113908801,TRUE,"retained"
"PPM1H",0.3149788755666,0.109727941618823,TRUE,"retained"
"RACGAP1",0.417878504694,0.388773710870127,TRUE,"retained"
"LRRTM4",0.26357158716,0.0841943536074491,TRUE,"retained"
"ARHGAP10",0.2802235217376,0.0806875694919788,TRUE,"retained"
"MAGEH1",0.2909039875539,0.117542531751796,TRUE,"retained"
"ZFP62",0.4521632353224,0.302990275947631,TRUE,"retained"
"MAGEF1",0.4144614660354,0.219446973508905,TRUE,"retained"
"ZNF175",0.4174743879642,0.271795779669538,TRUE,"retained"
"SDHD",0.723133118055601,0.463210736822743,TRUE,"retained"
"MEX3C",0.7584084834564,0.590557912204786,TRUE,"retained"
"DDIT3",0.24636812056395,0.0776557575014481,TRUE,"retained"
"CAPNS1",0.4057826401937,0.195262094917247,TRUE,"retained"
"PM20D2",0.4781660148321,0.33108794265196,TRUE,"retained"
"SLC20A1",0.5772317004048,0.407090995272398,TRUE,"retained"
"DYNC1I2",0.37525136140695,0.149124969607734,TRUE,"retained"
"HSD3B7",0.4436749529856,0.249093875975866,TRUE,"retained"
"KIAA1468",0.4587036651771,0.217026906233936,TRUE,"retained"
"PSMD2",0.364358134707,0.149338989737599,TRUE,"retained"
"KCTD9",0.521886704976,0.337981758771503,TRUE,"retained"
"RPS16",0.33553726951815,0.119884207087103,TRUE,"retained"
"RIC8B",0.347421875996999,0.154760777893297,TRUE,"retained"
"LOC100132062",0.79853303019,0.602996352756698,TRUE,"retained"
"NDUFAF2",0.3333012207231,0.110629828237347,TRUE,"retained"
"PER2",0.5748496662888,0.348626548051375,TRUE,"retained"
"GATSL1",0.2659015849812,0.0854833273430086,TRUE,"retained"
"C20orf69",1.0287793268487,0.980437245653195,TRUE,"retained"
"LOC100133161",0.621837709571401,0.399624715320953,TRUE,"retained"
"FDX1",0.6610379374893,0.467783885808951,TRUE,"retained"
"RPL37A",0.233286984967401,0.0710081542701773,TRUE,"retained"
"RORC",0.284013348305399,0.0974306292935992,TRUE,"retained"
"HIST3H2A",0.3742296465201,0.263466657424849,TRUE,"retained"
"HERC2P4",0.4153940851872,0.203564715699199,TRUE,"retained"
"MRAS",0.2735584734225,0.101149646024197,TRUE,"retained"
"SPTAN1",0.254973745131,0.0773561196860782,TRUE,"retained"
"C19orf52",0.4676561466087,0.230331764207396,TRUE,"retained"
"SGTA",0.264600639063601,0.07488201068043,TRUE,"retained"
"RNF20",0.5261846348724,0.312385862955312,TRUE,"retained"
"TLR1",0.628243794368399,0.503588366533641,TRUE,"retained"
"ZNF613",0.4470450117567,0.254285183354176,TRUE,"retained"
"TSPAN18",0.3049271166585,0.128559599040796,TRUE,"retained"
"RNF170",0.2541224465892,0.0845304365550521,TRUE,"retained"
"LYSMD3",0.7604604025977,0.557565499303446,TRUE,"retained"
"FAM179B",0.2712979650633,0.089920796354169,TRUE,"retained"
"ATP13A5",0.441964705686,0.261994036167211,TRUE,"retained"
"OGFOD1",0.5979081652845,0.37399401307487,TRUE,"retained"
"TICAM2",0.7598592824277,0.569419736099917,TRUE,"retained"
"FAM116A",0.7325405760687,0.530908036610964,TRUE,"retained"
"GPX4",0.6560634223416,0.463640242710028,TRUE,"retained"
"C7orf52",0.2707378617636,0.0841382557555028,TRUE,"retained"
"ZBTB41",0.3966518795715,0.165664432080602,TRUE,"retained"
"C7orf28A",0.4720307728857,0.262737788577974,TRUE,"retained"
"TSHZ2",0.2858783879406,0.173018192576993,TRUE,"retained"
"CDCA7",0.3353046388293,0.217295602708599,TRUE,"retained"
"MPZ",0.4112289095187,0.210021845655385,TRUE,"retained"
"NHLH1",0.3119272548126,0.103326276374264,TRUE,"retained"
"DNM3",0.6120705698331,0.630308167597294,TRUE,"retained"
"ZNF548",0.281531269824,0.118252283606055,TRUE,"retained"
"ZNF274",0.39460795794525,0.148417123186293,TRUE,"retained"
"CENPA",0.280309207122,0.229321957539975,TRUE,"retained"
"ZNF449",0.308620914483,0.112989638871231,TRUE,"retained"
"ZRSR2",0.4476095450652,0.224786333961046,TRUE,"retained"
"ARMCX6",0.5029371925914,0.266412613243754,TRUE,"retained"
"ZNF264",0.4942247329803,0.237195140198287,TRUE,"retained"
"C1GALT1",0.6536340480663,0.508125632123679,TRUE,"retained"
"FAM119A",0.3813110741496,0.21679008875355,TRUE,"retained"
"NUDT15",0.2854231815561,0.129023228385489,TRUE,"retained"
"BCS1L",0.3607007050605,0.14442216413915,TRUE,"retained"
"LQK1",0.4828006298451,0.249781498982626,TRUE,"retained"
"ERCC4",0.2912104046502,0.121065552511692,TRUE,"retained"
"GAR1",0.477351246813,0.307616294812336,TRUE,"retained"
"ZNF507",0.3278600713101,0.146620722643463,TRUE,"retained"
"LIF",0.3037367808552,0.117212699857671,TRUE,"retained"
"ASS1",0.2695345695189,0.137318339047395,TRUE,"retained"
"ULK2",0.3199422274776,0.138222581603692,TRUE,"retained"
"BLCAP",0.339807939219,0.165626583628642,TRUE,"retained"
"CBARA1",0.4033202222238,0.178007987130267,TRUE,"retained"
"KANK1",0.3343737068763,0.216128204566971,TRUE,"retained"
"RRAGA",0.311422539225,0.105188555584739,TRUE,"retained"
"TBCA",0.6404785120188,0.424179784480479,TRUE,"retained"
"PSME2",0.829212079101001,0.71847749469064,TRUE,"retained"
"RPL10A",0.701531819527349,0.576529551939051,TRUE,"retained"
"C5orf25",0.4480254810822,0.249005015756803,TRUE,"retained"
"MT1M",0.4113338220012,0.218151705445461,TRUE,"retained"
"PTPLB",0.50355093821235,0.244996731931293,TRUE,"retained"
"LOC653479",0.3188130837654,0.121650580373431,TRUE,"retained"
"TM4SF1",0.373787923641299,0.161324746130955,TRUE,"retained"
"LOC100132658",0.431878499308199,0.202340898992653,TRUE,"retained"
"C17orf51",0.2690023917315,0.0954229173459435,TRUE,"retained"
"RCAN3",0.3538636803345,0.199653027418996,TRUE,"retained"
"ZNF827",0.3578534785077,0.199184445654868,TRUE,"retained"
"NLN",0.3407806827159,0.126668828630176,TRUE,"retained"
"FAM163A",0.2733489968685,0.0872894836403183,TRUE,"retained"
"PAFAH1B2",0.303106111169925,0.126902050195678,TRUE,"retained"
"C12orf39",0.3315576141822,0.275164910030643,TRUE,"retained"
"LOC138412",0.278100368114101,0.0861696370933192,TRUE,"retained"
"MAN1A2",0.2602768170408,0.0795436143894312,TRUE,"retained"
"LNX1",0.260451003267,0.0998762165576201,TRUE,"retained"
"ELK3",0.877818788739899,0.822534079770656,TRUE,"retained"
"C6orf57",0.289331702856,0.102777582528473,TRUE,"retained"
"ABCB1",0.216912214305499,0.050534132275719,TRUE,"retained"
"ZNF134",0.3162758028969,0.124055912908731,TRUE,"retained"
"SIK2",0.3870807454836,0.235706252486495,TRUE,"retained"
"ZNF703",0.3282849162705,0.160570044345375,TRUE,"retained"
"C14orf21",0.3140939953935,0.11975269098104,TRUE,"retained"
"UBXN10",0.2754034304994,0.0950199698612543,TRUE,"retained"
"SNORD72",0.356501852133,0.162323978336136,TRUE,"retained"
"HIST1H2AG",0.4433951648679,0.349503569493632,TRUE,"retained"
"ZNF710",0.480053773088401,0.23685322328861,TRUE,"retained"
"IL1RL1",0.3094352807175,0.136750111924261,TRUE,"retained"
"KCNAB3",0.435534810333,0.220972414041302,TRUE,"retained"
"HIST1H2BF",0.2912627248629,0.113240344291935,TRUE,"retained"
"KRTAP19-1",0.2581054729869,0.0816904845828135,TRUE,"retained"
"LOC100288807",0.3638738945667,0.127290258407337,TRUE,"retained"
"TMEM38B",0.4250454605523,0.261208813384483,TRUE,"retained"
"FAM168A",0.3657264344013,0.13113263806534,TRUE,"retained"
"GPR153",0.2472874804533,0.0870638900533608,TRUE,"retained"
"NIPAL2",0.6849377830743,0.46854508339236,TRUE,"retained"
"MAPK8",0.3668952836241,0.158462596318198,TRUE,"retained"
"TXLNG",0.36788757557265,0.197526818397428,TRUE,"retained"
"MDN1",0.34149141039195,0.19336503624646,TRUE,"retained"
"GPR176",0.3186290449209,0.132955337453805,TRUE,"retained"
"BMP8B",0.3252538932783,0.133255685734812,TRUE,"retained"
"RBM43",0.3828442107945,0.28396425885301,TRUE,"retained"
"CCR4",0.2777904090864,0.0958606271029063,TRUE,"retained"
"KIAA1958",0.3121288735866,0.251676830276521,TRUE,"retained"
"C6orf25",1.4128139357157,1.83496165593598,TRUE,"retained"
"LCE3D",0.2995022195067,0.119910400663791,TRUE,"retained"
"ZNF284",0.2857734895428,0.102750923969344,TRUE,"retained"
"DEFB134",0.2602171927992,0.076015007493548,TRUE,"retained"
"OR2T34",0.4980938719764,0.272611560231708,TRUE,"retained"
"OR2T2",0.2626502053749,0.0833614306470415,TRUE,"retained"
"SERINC5",0.22036761388005,0.0570616310876378,TRUE,"retained"
"RRP1",0.3768001331808,0.184505698163781,TRUE,"retained"
"AKT3",0.2896896202872,0.108386320575769,TRUE,"retained"
"FAM114A1",0.3431837578911,0.126775788325177,TRUE,"retained"
"MPZL3",0.400000864913299,0.215482117394804,TRUE,"retained"
"CASC5",0.431940735891,0.471092097454148,TRUE,"retained"
"FMN1",0.53401956467055,0.369803396859889,TRUE,"retained"
"MAML2",0.921916581158999,0.79389608560973,TRUE,"retained"
"FCRL3",0.9221081419746,1.28507864585917,TRUE,"retained"
"GPR32",0.2606848960191,0.0816156485802144,TRUE,"retained"
"PHKG1",0.2911506706962,0.0956754434318852,TRUE,"retained"
"MOGAT2",0.2728145507031,0.0802019242632255,TRUE,"retained"
"NHSL2",0.2613678082659,0.0987202030034067,TRUE,"retained"
"KRTAP21-2",0.279347410402199,0.111012771881045,TRUE,"retained"
"BTN2A3",0.3596592904968,0.150325750038869,TRUE,"retained"
"HFE",0.2441615910762,0.0821822505896089,TRUE,"retained"
"EPPK1",0.3428264675997,0.260938955899753,TRUE,"retained"
"POLR3A",0.2972704491246,0.0945918418621554,TRUE,"retained"
"DDI2",0.4364345921187,0.338217804170615,TRUE,"retained"
"ZNF836",0.27657411777555,0.0809175241240368,TRUE,"retained"
"EYA3",0.389478571513501,0.194191458998523,TRUE,"retained"
"ALKBH7",0.507839310898498,0.296968406937913,TRUE,"retained"
"TIMM8B",0.3441166661499,0.142554465486545,TRUE,"retained"
"THAP3",0.2768101443597,0.0770462049596826,TRUE,"retained"
"IGLL5",0.309707148786,0.194122217531869,TRUE,"retained"
"C9orf102",0.3674636286972,0.166161058788148,TRUE,"retained"
"HTRA3",0.3350899286973,0.204837750549018,TRUE,"retained"
"GDEP",0.2771558851971,0.0888230831093975,TRUE,"retained"
"KIAA1704",0.5604602979192,0.331039697000748,TRUE,"retained"
"TRA@",0.88682339772033,0.833294476275416,TRUE,"retained"
"IGKC",0.5080345055667,0.647773508037174,TRUE,"retained"
"DBF4B",0.20243771516745,0.0466452591180638,TRUE,"retained"
"IGL@",0.52221164678865,0.483360243992851,TRUE,"retained"
"SNHG11",0.426583678067401,0.208706348785516,TRUE,"retained"
"LOC100128510",0.3989445618333,0.172456733635779,TRUE,"retained"
"MGC39584",0.2609227977216,0.0883728292463054,TRUE,"retained"
"CYorf15A",0.2220337994196,0.0484583577014333,TRUE,"retained"
"IGHM",1.18125023368485,1.49614022373316,TRUE,"retained"
"STARD13",0.2929729514061,0.139029963500439,TRUE,"retained"
"ZRSR1",0.3290665177863,0.109753149098563,TRUE,"retained"
"EXD3",0.240204600122899,0.0618923187572015,TRUE,"retained"
"ZNF808",0.2472742460244,0.0732788200753839,TRUE,"retained"
"C21orf67",0.2897445320847,0.0978685843641925,TRUE,"retained"
"LOC100131541",0.956157623271899,1.08578065603495,TRUE,"retained"
"LOC440337",0.2458996245237,0.0856427312600006,TRUE,"retained"
"LOC100128816",0.4100837893089,0.197397906668105,TRUE,"retained"
"ROPN1B",0.280152570432,0.0883257628195408,TRUE,"retained"
"LOC100128868",0.5537648711301,0.316795742835121,TRUE,"retained"
"GALNT9",0.3690713290026,0.146578525827653,TRUE,"retained"
"IFT172",0.2663626283619,0.082407314718995,TRUE,"retained"
"DLX2",0.2692514670489,0.0825820496673618,TRUE,"retained"
"WDR90",0.2500544071662,0.0930532095148981,TRUE,"retained"
"GRIN2C",0.2956795652097,0.103241711053934,TRUE,"retained"
"LOC338797",0.3449328826692,0.143331200254123,TRUE,"retained"
"LOC440313",0.2444790142536,0.0776920212376579,TRUE,"retained"
"HERC2P2",0.2699155258128,0.0887873574486738,TRUE,"retained"
"IGHA1",1.2212916600556,1.74633005164441,TRUE,"retained"
"PRSS1",0.2844801545523,0.0907921406754051,TRUE,"retained"
"LOC730098",0.2726153841495,0.0904556197932848,TRUE,"retained"
"USP36",0.2644230243249,0.110647902729047,TRUE,"retained"
"WASH3P",0.3347035490526,0.129147971923971,TRUE,"retained"
"ZNF397OS",0.41635702536225,0.227495346048482,TRUE,"retained"
"RGP1",0.4072722771075,0.195508579406048,TRUE,"retained"
"ANKRD42",0.2717639484672,0.083145536026447,TRUE,"retained"
"TDGF3",0.2796746936109,0.0995319819277887,TRUE,"retained"
"CCDC75",0.2676665884053,0.0932156346409594,TRUE,"retained"
"HES1",0.2516247415038,0.0725696158531905,TRUE,"retained"
"HLA-H",0.2958149280723,0.108909108989202,TRUE,"retained"
"PI4KAP2",0.4034484463674,0.166619760370256,TRUE,"retained"
"SARS2",0.2948046644172,0.0911737941104374,TRUE,"retained"
"GALNTL1",0.2577301683642,0.0885887537360398,TRUE,"retained"
"HSF4",0.3087149973138,0.112844714305058,TRUE,"retained"
"LOC171220",0.35248689609105,0.162599193149188,TRUE,"retained"
"EPS8L2",0.3868074474474,0.165560702549713,TRUE,"retained"
"LOC613206",0.2774415822171,0.0979378965410754,TRUE,"retained"
"LY6D",0.3333607293219,0.134372547079223,TRUE,"retained"
"LOC100288346",0.2768583333075,0.079972014776494,TRUE,"retained"
"SHROOM3",0.25260420192,0.0698108880242201,TRUE,"retained"
"LMCD1",0.2615999211567,0.0874571508026768,TRUE,"retained"
"FBXW4P1",0.29133001044,0.0923498176843484,TRUE,"retained"
"C1orf217",0.6504940665762,0.455056502442128,TRUE,"retained"
"TEKT4",0.324471042672,0.127029722776066,TRUE,"retained"
"DHX57",0.35498704969035,0.137686178838977,TRUE,"retained"
"LOC100289314",0.3332282086035,0.122091622151241,TRUE,"retained"
"ZNF668",0.3578966495958,0.145493024581644,TRUE,"retained"
"RABL5",0.3099528059691,0.144349249948466,TRUE,"retained"
"JPH3",0.2728427623572,0.0944604357128121,TRUE,"retained"
"FSD1",0.2673038525241,0.0863525119372796,TRUE,"retained"
"OBSL1",0.3653559037506,0.150349749037159,TRUE,"retained"
"C3orf52",0.2736194927907,0.0961568543360328,TRUE,"retained"
"DENND2A",0.3883061655333,0.256573008908424,TRUE,"retained"
"HRNBP3",0.3876857092941,0.189075996205839,TRUE,"retained"
"POM121L9P",0.2735125965894,0.0817243068415788,TRUE,"retained"
"DLL1",0.2652034152978,0.0810412864845438,TRUE,"retained"
"DMKN",0.2289451854312,0.0646616467630285,TRUE,"retained"
"FN3K",0.270128622876,0.0976232576136818,TRUE,"retained"
"LOC100287036",0.3498562777689,0.13271920264158,TRUE,"retained"
"C21orf58",0.2659595576064,0.0790511582445592,TRUE,"retained"
"CDKL3",0.2967988167676,0.0978888586342929,TRUE,"retained"
"FAM185A",0.3600900984744,0.144276958541332,TRUE,"retained"
"LRCH3",0.25910819206125,0.0614558707279734,TRUE,"retained"
"PLEKHM1P",0.326562487188,0.123991432560053,TRUE,"retained"
"BMP1",0.2723625786105,0.0849311705426214,TRUE,"retained"
"NBPF1",0.44721799670625,0.243636141020897,TRUE,"retained"
"C9orf9",0.2566389554904,0.0813980124972575,TRUE,"retained"
"PLA2G6",0.3258229277604,0.112713834723622,TRUE,"retained"
"L3MBTL4",0.3054583989555,0.108557982938809,TRUE,"retained"
"CKMT1B",0.5526744321735,0.353034865722034,TRUE,"retained"
"SDHAP2",0.31585494427725,0.124146960659224,TRUE,"retained"
"SPDYE2",0.3332627131533,0.156940316094158,TRUE,"retained"
"TALDO1",0.6553661585268,0.451224829268682,TRUE,"retained"
"CAPN10",0.1973540662044,0.0410685252166172,TRUE,"retained"
"ZNF396",0.2717075066265,0.10042184406023,TRUE,"retained"
"C5orf45",0.5268051748785,0.293202996219246,TRUE,"retained"
"DNALI1",0.2787928297875,0.0820168046314931,TRUE,"retained"
"EFCAB4A",0.41686740670575,0.196077862066199,TRUE,"retained"
"MTMR9L",0.2561611728144,0.0835177370548768,TRUE,"retained"
"LRRC37A4",0.2583234885756,0.0730375881924785,TRUE,"retained"
"CTU2",0.5598940981683,0.302104177797784,TRUE,"retained"
"TSPAN16",0.2847178783428,0.0947860087772858,TRUE,"retained"
"CDK11B",0.3272725147062,0.108073577163995,TRUE,"retained"
"LOC100289409",0.3417083551728,0.125127982460145,TRUE,"retained"
"CELF4",0.3854177790393,0.16967078926015,TRUE,"retained"
"LOC100131234",0.2954359517907,0.138821490719799,TRUE,"retained"
"CREB3L4",0.2628733589139,0.0869474834117632,TRUE,"retained"
"CCDC144C",0.2704082204796,0.0772635712411597,TRUE,"retained"
"HIST2H2BF",0.3297794311854,0.12312690274508,TRUE,"retained"
"IL23A",0.985279273715625,0.997568623355376,TRUE,"retained"
"IGHG3",1.9418142059001,3.90810964555004,TRUE,"retained"
"TRPV5",0.3262367236443,0.136330472562298,TRUE,"retained"
"CYP2F1",0.20090961491475,0.0524344627470422,TRUE,"retained"
"LOC440248",0.3646759181562,0.177232864018215,TRUE,"retained"
"C20orf96",0.2715064156581,0.0903743016109524,TRUE,"retained"
"HDGFL1",0.2644329154908,0.0813430562019525,TRUE,"retained"
"DNM1",0.3233988359889,0.130400677071427,TRUE,"retained"
"CD1E",0.2216196699507,0.0513278985325872,TRUE,"retained"
"FLJ44653",0.4357321992492,0.217464833426195,TRUE,"retained"
"CDH22",0.3394937925876,0.131787878758478,TRUE,"retained"
"TTC16",0.3180457989765,0.11057103277143,TRUE,"retained"
"NPCDR1",0.3055588080405,0.280534221840255,TRUE,"retained"
"C9orf62",0.2614273976664,0.0902496211997295,TRUE,"retained"
"C3orf31",0.2973522841968,0.141434205327194,TRUE,"retained"
"LOC100293342",0.3207607664898,0.130315930177666,TRUE,"retained"
"HMGA2",0.26179740236475,0.0824479801841246,TRUE,"retained"
"TCTE1",0.2717160241635,0.0855525002938001,TRUE,"retained"
"SIRT6",0.2073823659327,0.0507114748965771,TRUE,"retained"
"HSP90AA4P",0.438338005889701,0.522037524461683,TRUE,"retained"
"CD300LG",0.2927084867007,0.0893626299681837,TRUE,"retained"
"PCOLCE",0.463565333708399,0.217844181346607,TRUE,"retained"
"TTC21A",0.3073914854829,0.120569646715826,TRUE,"retained"
"C19orf45",0.3140064878937,0.120790423670339,TRUE,"retained"
"LOC654780",0.2643935695107,0.0896079867385526,TRUE,"retained"
"LOC100289574",0.3772580682906,0.184010274985973,TRUE,"retained"
"LOC728417",0.7050379101843,0.510093058168386,TRUE,"retained"
"ROCK1P1",0.5959742084709,0.375515302567704,TRUE,"retained"
"LOC100130916",0.2726834695893,0.086379516484027,TRUE,"retained"
"CYP4F8",0.2766112254003,0.0983969523951781,TRUE,"retained"
"TRBC1",1.496397339997,2.1288437464211,TRUE,"retained"
"NCRNA00114",0.23380859638815,0.0670001625790479,TRUE,"retained"
"GRAMD1B",0.261020981424,0.207565337675846,TRUE,"retained"
"PTCHD1",0.2960612427885,0.0963436361221185,TRUE,"retained"
"CDK15",0.2491451100537,0.0752935927165344,TRUE,"retained"
"FLJ40448",0.21769684044885,0.0550564231211992,TRUE,"retained"
"GLP2R",0.3052838205816,0.103838452429243,TRUE,"retained"
"ZFYVE28",0.35713566400365,0.119688644585522,TRUE,"retained"
"LOC100133299",0.4288862663211,0.223598342807495,TRUE,"retained"
"BTNL9",0.289654249899,0.0963775485511801,TRUE,"retained"
"MAPK11",0.2951835057822,0.106151693919471,TRUE,"retained"
"SLC25A42",0.2657121524379,0.0838759173025365,TRUE,"retained"
"ATP10A",0.2434055443953,0.0670447348953344,TRUE,"retained"
"ZNF718",0.2773055054826,0.106104430846567,TRUE,"retained"
"LOC100132686",0.2556323590464,0.0770495045663794,TRUE,"retained"
"TF",0.4658796893583,0.262472875092245,TRUE,"retained"
"GOLGA6L7P",0.2826409573764,0.0986846135470927,TRUE,"retained"
"SLC36A2",0.27949137531,0.0873025988095471,TRUE,"retained"
"AKR1E2",0.2820976763976,0.0803823621129055,TRUE,"retained"
"C4BPB",0.2521044611967,0.0771872824005413,TRUE,"retained"
"ACBD7",0.2513321392743,0.0772747425835394,TRUE,"retained"
"C9orf3",0.2505911476551,0.0736230833767177,TRUE,"retained"
"TRD@",0.366137134404599,0.2005544707178,TRUE,"retained"
"HCN3",0.2603082748476,0.0722019116034104,TRUE,"retained"
"MTAP",0.2609193358506,0.0808501928947145,TRUE,"retained"
"SPRY4",0.2978232261564,0.122672466092204,TRUE,"retained"
"VPRBP",0.5663918580537,0.355038105675955,TRUE,"retained"
"VEPH1",0.2874919289487,0.188783014919936,TRUE,"retained"
"GBP7",0.872394558758098,1.0497689968636,TRUE,"retained"
"RSPH10B2",0.4891046116866,0.233458649122307,TRUE,"retained"
"WDR31",0.2813707012788,0.0914709361486967,TRUE,"retained"
"CASS4",0.5800555456143,0.494894448392053,TRUE,"retained"
"CALML3",0.2746310700294,0.0964332434236233,TRUE,"retained"
"LAMB4",0.24357512826045,0.0683000011612228,TRUE,"retained"
"POLQ",0.276355409442,0.11233307619067,TRUE,"retained"
"SLC35A3",0.2999649463797,0.100171825978561,TRUE,"retained"
"CBWD2",0.9089287798038,0.700752948428753,TRUE,"retained"
"ZNF658",0.2600320560894,0.138270154537808,TRUE,"retained"
"ANKRD20A5",0.624998363694599,0.638941443226551,TRUE,"retained"
"CGB7",0.2644582649856,0.0779120262885364,TRUE,"retained"
"ZNF248",0.269596710474,0.100834464756728,TRUE,"retained"
"CADM1",0.2842253526924,0.147084895827572,TRUE,"retained"
"LOC100286925",0.2765541186135,0.0969978410415809,TRUE,"retained"
"LOC100129110",0.2512956346971,0.0749787542404366,TRUE,"retained"
"WASH7P",0.3335601797934,0.12065894577619,TRUE,"retained"
"CHRNA3",0.270394119471,0.0840066882211986,TRUE,"retained"
"LOC100288114",0.2841573999453,0.10000406509196,TRUE,"retained"
"C6orf54",0.2626241724015,0.0830977708917805,TRUE,"retained"
"FGFR4",0.2619270635184,0.0707395196423808,TRUE,"retained"
"IL31RA",0.1929232946067,0.0657339278503977,TRUE,"retained"
"DHRS4L2",0.6707548838046,0.393128205204238,TRUE,"retained"
"PAH",0.280170243024,0.0813934549127248,TRUE,"retained"
"LOC642846",0.309399205353,0.103199495353857,TRUE,"retained"
"LOC100290676",0.2803522885128,0.0895503972584372,TRUE,"retained"
"SPATA21",0.2470552741587,0.0785221434322678,TRUE,"retained"
"DIO3OS",0.26126562525,0.0804103377286276,TRUE,"retained"
"KRT17",0.21885021725805,0.0620980861713618,TRUE,"retained"
"LOC100288418",0.402826869282601,0.185679496983649,TRUE,"retained"
"LOC100129831",0.3797406300996,0.161250338772518,TRUE,"retained"
"WDR34",0.3412936089423,0.136243310817959,TRUE,"retained"
"FGFR2",0.2426756070417,0.0780005715438657,TRUE,"retained"
"TRBV9",0.7770870410541,0.68211217277161,TRUE,"retained"
"AAA1",0.3761933413245,0.144433931435895,TRUE,"retained"
"DEFT1P",0.3076373717277,0.324676308306974,TRUE,"retained"
"ZNF578",0.2626313919222,0.0835734353214265,TRUE,"retained"
"PEX26",0.2859875436243,0.0890207686922875,TRUE,"retained"
"FCN2",0.31937965972605,0.100645860195364,TRUE,"retained"
"TTTY6B",0.3080123605566,0.145119577615618,TRUE,"retained"
"SYT8",0.2489648081025,0.0852786113186089,TRUE,"retained"
"IGK@",0.755814838398375,0.957805726665696,TRUE,"retained"
"THPO",0.255385203696,0.0727047452455244,TRUE,"retained"
"SHBG",0.2598822126726,0.0858797119804029,TRUE,"retained"
"PGM3",0.417737435304,0.206208882816112,TRUE,"retained"
"RQCD1",0.310991022070399,0.106516594442113,TRUE,"retained"
"SIGIRR",0.4400345102286,0.188630988807433,TRUE,"retained"
"PRICKLE3",0.3518245523247,0.120340265883501,TRUE,"retained"
"KRT14P",0.39062260757205,0.144220255467488,TRUE,"retained"
"NSUN5P2",0.7282622416965,0.664292294822357,TRUE,"retained"
"GABARAP",0.2872489619433,0.0886176414524611,TRUE,"retained"
"IGLV8-61",0.4534190597916,0.253804823027133,TRUE,"retained"
"IGLJ3",0.316901333581701,0.446492848242765,TRUE,"retained"
"CTCFL",0.448636277441102,0.1848043649026,TRUE,"retained"
"TRAJ17",0.2752372377111,0.0854193539604584,TRUE,"retained"
"IKZF5",0.5680479163233,0.307992333572071,TRUE,"retained"
"FLJ35220",0.2507382882921,0.078518856913516,TRUE,"retained"
"LOC100128751",0.7690459019817,0.541602766947755,TRUE,"retained"
"PS1TP4",0.893713887152099,0.649274850390933,TRUE,"retained"
"NFATC2",1.0072987827546,1.06099370645551,TRUE,"retained"
"FER",0.282382405279799,0.0805356568695257,TRUE,"retained"
"ZNF316",0.4512123305235,0.213185259614244,TRUE,"retained"
"DKFZP586I1420",0.5361856414173,0.340329761462107,TRUE,"retained"
"LOC642852",0.2706127696125,0.0857637166158998,TRUE,"retained"
"CYP3A7",0.2675900276826,0.0715008124898808,TRUE,"retained"
"LOC286052",0.8440054707966,0.681941158619781,TRUE,"retained"
"ZKSCAN5",0.1963449085689,0.0461981356336097,TRUE,"retained"
"ANKRD36B",0.2590844508168,0.104501010654738,TRUE,"retained"
"MBL1P",0.2812252500645,0.0894451837481182,TRUE,"retained"
"KBTBD3",0.2716791941556,0.0848115337374789,TRUE,"retained"
"C20orf29",0.229495980968099,0.0689819734304995,TRUE,"retained"
"LOC100128003",0.3381647121111,0.162456136940648,TRUE,"retained"
"PLCB3",0.3144142881432,0.121105184914506,TRUE,"retained"
"C18orf49",0.3837100580901,0.464052825857761,TRUE,"retained"
"PIF1",0.2758115168907,0.0946772217899284,TRUE,"retained"
"FKSG43",0.3235087196292,0.119145835585635,TRUE,"retained"
"ZNF93",0.305640076018199,0.112648147534598,TRUE,"retained"
"N4BP3",0.264751188198,0.0788104961759994,TRUE,"retained"
"SNX12",0.508793263922999,0.27386033410258,TRUE,"retained"
"SLC30A6",0.574330662884999,0.298690810572268,TRUE,"retained"
"TMPO",0.4401649753221,0.187894245004636,TRUE,"retained"
"ATF2",0.959270959474799,0.923966256560685,TRUE,"retained"
"RGNEF",0.2807585453757,0.0874744050928226,TRUE,"retained"
"HS3ST3B1",1.1586971504346,1.26016835581795,TRUE,"retained"
"C14orf118",0.5905227846399,0.393840525192002,TRUE,"retained"
"WNT11",0.2713828016592,0.0910012326797746,TRUE,"retained"
"APOC1",0.2574536412252,0.0833147266853179,TRUE,"retained"
"DPP6",0.2629275560982,0.0789732487874807,TRUE,"retained"
"CA6",0.21994269034185,0.0623075987841872,TRUE,"retained"
"SNHG9",0.4851984825618,0.231647403450407,TRUE,"retained"
"MBIP",0.3790724526729,0.154263069449909,TRUE,"retained"
"C6orf134",0.2588832115884,0.0817739214574459,TRUE,"retained"
"VILL",0.2583590131542,0.0821118757083624,TRUE,"retained"
"MCM3APAS",0.2738343170829,0.0899466501376046,TRUE,"retained"
"LOC728613",0.223002721515,0.0592579279548997,TRUE,"retained"
"SNORA28",0.4369275113994,0.30123628342681,TRUE,"retained"
"SNORA78",0.369323866191001,0.156975363590061,TRUE,"retained"
"SNORA59A",0.3525219273345,0.15088144172153,TRUE,"retained"
"SNORA76",0.2479263646692,0.0779971443330216,TRUE,"retained"
"SNORA77",0.6737682038115,0.430597099037474,TRUE,"retained"
"SNORA37",0.261695326466701,0.0761817767422707,TRUE,"retained"
"MAGED4",0.2536052630769,0.0760197543856741,TRUE,"retained"
"SNORD8",0.24852907529835,0.0780071454328653,TRUE,"retained"
"SNORA71C",0.3922936953285,0.177790256657809,TRUE,"retained"
"LILRP2",0.264637033187099,0.075398023047257,TRUE,"retained"
"SCARNA20",0.3249791600853,0.125349644634392,TRUE,"retained"
"XPNPEP3",0.395704660516201,0.166177922060192,TRUE,"retained"
"ST6GALNAC1",0.3149412190092,0.117808064160181,TRUE,"retained"
"C8orf42",0.2741462279535,0.103423617858947,TRUE,"retained"
"FAM124A",0.2523577893522,0.10439617938549,TRUE,"retained"
