"gene","module"
"TNFAIP8L1","blue"
"ARRDC5","blue"
"CGB","turquoise"
"FAM86C","turquoise"
"RAB3D","black"
"CACNG8","turquoise"
"MORC2","blue"
"HIST1H2BN","grey"
"ZNF600","blue"
"HIST1H2BH","grey"
"SNAPC5","blue"
"SSX7","turquoise"
"PCDHA13","turquoise"
"PCDHA4","turquoise"
"TUBB4Q","turquoise"
"KRTAP6-1","turquoise"
"SFT2D1","brown"
"POU3F3","turquoise"
"KRTAP10-12","turquoise"
"KRTAP10-1","turquoise"
"KRTAP10-3","turquoise"
"OR2A14","turquoise"
"RPL38","blue"
"H3F3B","black"
"UNCX","turquoise"
"TMEM211","turquoise"
"DUX4","turquoise"
"TCEAL1","yellow"
"HIST2H2AC","red"
"WDFY4","black"
"SCAND1","turquoise"
"FAM127A","red"
"NSUN5","grey"
"ACOXL","turquoise"
"VPS54","brown"
"PARD6A","grey"
"RPL36","blue"
"UQCRHL","grey"
"RPL9","yellow"
"IFITM3","grey"
"LCE1D","turquoise"
"LCE1F","turquoise"
"LCE1A","turquoise"
"BAI1","turquoise"
"CRISP2","grey"
"C5orf36","brown"
"CHST7","blue"
"RSRC1","brown"
"KRTAP10-10","turquoise"
"PTMS","turquoise"
"UTS2R","turquoise"
"FIG4","red"
"GP1BB","turquoise"
"KLF7","red"
"AURKAIP1","black"
"C15orf40","yellow"
"TRPT1","black"
"KRT33A","turquoise"
"NOP16","blue"
"MLXIPL","turquoise"
"LHB","turquoise"
"LOC100289135","red"
"HLA-C","grey"
"TTN","grey"
"KRTAP10-8","turquoise"
"NKX1-2","turquoise"
"C11orf90","grey"
"CBWD1","yellow"
"DSN1","yellow"
"SP9","turquoise"
"GH1","turquoise"
"GSTP1","blue"
"ADAMTS15","turquoise"
"EBI3","turquoise"
"COX7C","grey"
"LOC100291837","blue"
"CST3","green"
"TIMP1","black"
"ATP6V0E1","red"
"SPDEF","turquoise"
"Septin 2","brown"
"SERPING1","grey"
"NDUFA4","grey"
"UBA1","black"
"MDH1","yellow"
"TRIM28","blue"
"CALR","grey"
"RPS11","blue"
"COX4I1","blue"
"LAPTM4B","turquoise"
"PLD3","turquoise"
"PHB2","blue"
"C4orf46","yellow"
"CDKN1A","turquoise"
"FKBP1A","red"
"MTCH1","green"
"CD81","blue"
"MUTED","yellow"
"MAGED2","blue"
"APEX1","blue"
"SLC25A5","blue"
"ILF2","blue"
"COL6A1","turquoise"
"PSMB4","yellow"
"PRDX2","turquoise"
"EPAS1","red"
"TSC22D1","grey"
"DDB1","turquoise"
"LOC728622","turquoise"
"SKP1","turquoise"
"LY6E","grey"
"CCT2","yellow"
"BCAP31","red"
"FLNA","grey"
"NHP2L1","blue"
"ARF4","brown"
"AKR1B1","blue"
"TMBIM1","brown"
"RBBP7","blue"
"PDIA6","yellow"
"DAP","turquoise"
"DNAJB1","grey"
"ERGIC3","blue"
"SSR2","blue"
"COX8A","red"
"DHCR24","grey"
"LYZ","yellow"
"IGFBP4","turquoise"
"ARHGDIB","black"
"TUFM","blue"
"TXN","red"
"SRPR","green"
"DDX17","green"
"TFRC","grey"
"MCL1","brown"
"PGRMC1","brown"
"AMY1A","green"
"MORF4L1","brown"
"HBG1","turquoise"
"RPS25","blue"
"CTSK","grey"
"OXA1L","blue"
"CBX3","brown"
"TARDBP","yellow"
"IGFBP7","red"
"RPL18A","blue"
"LASP1","black"
"IARS","blue"
"MAGED1","blue"
"MFGE8","turquoise"
"NDFIP1","brown"
"HERPUD1","yellow"
"PSMD3","blue"
"SLC25A39","turquoise"
"MLEC","blue"
"HADHA","green"
"COTL1","black"
"BAT1","green"
"CCT6A","yellow"
"PRPF8","blue"
"IFNGR2","black"
"LRP1","turquoise"
"GPS1","blue"
"IDH2","blue"
"RPLP1","blue"
"RPS14","blue"
"RPS8","blue"
"TMED10","yellow"
"CBX1","brown"
"TMEM109","blue"
"DAG1","turquoise"
"IMMT","blue"
"CYB5R3","turquoise"
"QSOX1","red"
"FLJ23867","red"
"TMEM59","brown"
"YWHAQ","yellow"
"LOC649034","grey"
"H1FX","blue"
"COPZ1","grey"
"CD9","grey"
"KDELR2","yellow"
"PPM1G","blue"
"RAC1","green"
"VKORC1","blue"
"TBCB","red"
"SF3B2","green"
"HLA-DPA1","blue"
"CAV1","grey"
"MAPRE1","red"
"MYL9","turquoise"
"DYNC1H1","blue"
"YWHAH","grey"
"RBM38","turquoise"
"PSMB7","red"
"TFG","brown"
"ANAPC5","blue"
"PPP1R11","black"
"SPARC","turquoise"
"SF3B5","blue"
"PPIB","blue"
"ATP6V1H","red"
"ARPC1A","red"
"PLOD1","black"
"TMX2","blue"
"BTG2","grey"
"NDUFAB1","yellow"
"RNF130","green"
"SDF4","grey"
"CRYAB","turquoise"
"UFC1","blue"
"RNF114","yellow"
"SH3BGRL","brown"
"RPL11","blue"
"ALDH2","green"
"LAPTM4A","brown"
"MAF1","turquoise"
"TMEM14C","yellow"
"SERPINE1","turquoise"
"UGP2","brown"
"LPCAT1","green"
"TTC3","blue"
"ATP6AP2","brown"
"C22orf28","blue"
"ADIPOR1","turquoise"
"TXNRD1","brown"
"FSTL1","grey"
"C20orf43","black"
"VDAC1","blue"
"COX5A","blue"
"GLB1","green"
"SLC39A1","black"
"RPN2","blue"
"TMEM189","turquoise"
"STARD7","yellow"
"PSMB8","grey"
"TPM3","red"
"PSMA5","blue"
"DCTN1","black"
"IFITM1","black"
"C19orf56","turquoise"
"JUNB","black"
"CCNG1","yellow"
"NCSTN","black"
"NAP1L4","turquoise"
"PRNP","yellow"
"C12orf57","blue"
"CREG1","turquoise"
"PPA1","yellow"
"ARPC5","brown"
"CD164","brown"
"ZFP36","brown"
"CIRBP","grey"
"COX7B","brown"
"NOLC1","blue"
"SEC16A","black"
"WDR6","blue"
"ITGA5","green"
"MGEA5","green"
"MB","turquoise"
"CTSC","yellow"
"AKR1C3","grey"
"NRD1","black"
"VOPP1","red"
"MSN","green"
"ZNHIT1","grey"
"CDC37","red"
"C1orf43","yellow"
"GOLM1","grey"
"ITM2B","green"
"OAZ2","green"
"ITGB1","yellow"
"CYP19A1","red"
"PSMB3","black"
"NIPSNAP1","blue"
"TMEM123","brown"
"CASC3","turquoise"
"SNX3","grey"
"PPAP2B","grey"
"RCC2","blue"
"ATP5J","brown"
"KIAA1191","blue"
"NBL1","grey"
"SSRP1","blue"
"TSPAN7","turquoise"
"PRL","red"
"ATIC","blue"
"UBL5","red"
"RGS2","green"
"TTC1","grey"
"RPL36AL","blue"
"TBC1D14","black"
"AP1M1","black"
"DUSP1","brown"
"ACAA2","yellow"
"SIRT2","grey"
"SET","blue"
"MRPL13","brown"
"IMP3","blue"
"LUZP6","red"
"HNRNPH2","brown"
"EEF2","blue"
"CRYBB2","turquoise"
"PLOD3","turquoise"
"ATP6V0C","turquoise"
"SLC40A1","brown"
"MRPL37","grey"
"TUBG1","grey"
"STOM","red"
"MANF","yellow"
"WDR45L","yellow"
"BAT2L1","blue"
"ANXA6","blue"
"PPP2CA","brown"
"SEPW1","grey"
"STARD10","grey"
"PYGB","grey"
"TRIP12","turquoise"
"MLLT6","blue"
"HIGD1A","brown"
"TRAP1","blue"
"PSMC3","blue"
"ZFP36L2","blue"
"LRPAP1","red"
"BUD31","red"
"SYPL1","yellow"
"NOP10","red"
"PRMT1","blue"
"HMG20B","turquoise"
"M6PR","blue"
"SURF4","brown"
"RUVBL1","blue"
"PSMA3","yellow"
"HEXB","yellow"
"NEU1","green"
"SDHC","red"
"MAPK1","black"
"PTPRF","turquoise"
"ATP5G2","blue"
"DDX47","blue"
"C6orf48","blue"
"PRCP","red"
"NCKAP1","grey"
"RIC8A","green"
"ACTN4","green"
"CDIPT","turquoise"
"DDAH2","red"
"PTPLAD1","blue"
"ATP6V1F","grey"
"MRPL41","blue"
"TINF2","red"
"UFD1L","red"
"ZFAND3","turquoise"
"ATP5H","red"
"COMMD7","blue"
"TAX1BP3","grey"
"CDK2AP1","grey"
"PITPNA","green"
"DAP3","yellow"
"C7orf42","yellow"
"PIP4K2B","blue"
"ATP5I","blue"
"PYCR2","blue"
"IFI27","turquoise"
"NGRN","turquoise"
"SCARB2","yellow"
"TNIP1","turquoise"
"SUCLG1","red"
"COASY","black"
"PSMC2","yellow"
"DDX23","grey"
"DDX3X","brown"
"FAM96B","yellow"
"CD44","red"
"CD24","grey"
"SH3BGRL3","black"
"PGRMC2","yellow"
"Septin 9","blue"
"GSS","turquoise"
"TRAM1","yellow"
"PLEC","black"
"SH3GL1","turquoise"
"SDHAF2","grey"
"SGK1","blue"
"TUBB6","grey"
"PPP1R7","blue"
"TAGLN","turquoise"
"NBEAL2","black"
"KHDRBS1","yellow"
"AQP1","turquoise"
"PSMB1","yellow"
"TSG101","red"
"RALB","black"
"KCTD12","brown"
"MBTPS1","yellow"
"CNDP2","blue"
"ARL6IP5","brown"
"PEPD","blue"
"RPL7","yellow"
"SREBF1","turquoise"
"ACTR10","brown"
"ST14","grey"
"FAM108A1","blue"
"NEDD8","red"
"EPRS","blue"
"PFKP","blue"
"FAM54B","grey"
"VGLL4","grey"
"C3orf10","grey"
"AIP","blue"
"VPS11","blue"
"DUS1L","blue"
"ADNP","yellow"
"YPEL5","brown"
"ATP5G1","blue"
"JTB","turquoise"
"COX7A2L","brown"
"MCM2","turquoise"
"SPG7","blue"
"ID2","yellow"
"MRPL16","yellow"
"NOSIP","blue"
"NDUFC1","yellow"
"CAB39","brown"
"FAF2","brown"
"RBM5","green"
"DYNC1LI2","red"
"TNFAIP1","brown"
"C11orf10","blue"
"CMTM3","green"
"RAB31","red"
"RAD23A","turquoise"
"ADRBK1","black"
"GOLGA7","brown"
"SELT","brown"
"NDUFB9","red"
"ARF3","black"
"SLPI","grey"
"BST2","grey"
"GPAA1","red"
"SLC25A29","grey"
"C19orf62","turquoise"
"RPS5","blue"
"PPP2CB","brown"
"FAM168B","blue"
"RGL2","green"
"C21orf33","blue"
"TRIB1","red"
"GBF1","grey"
"LAMC1","grey"
"STMN3","blue"
"EFTUD2","blue"
"PRDX4","blue"
"FAM162A","blue"
"SLC37A4","blue"
"VAMP2","turquoise"
"PPPDE1","yellow"
"PIM3","red"
"ATP6V1B2","green"
"HSBP1","red"
"ELOVL5","brown"
"CALCOCO1","turquoise"
"WDR77","blue"
"AHSA1","blue"
"SF3B1","brown"
"AKT1","green"
"SNW1","brown"
"CKS1B","grey"
"KLF6","black"
"RAP1A","brown"
"ATG3","brown"
"PCNA","yellow"
"MPZL1","green"
"TOMM22","blue"
"XPNPEP1","grey"
"STAMBP","yellow"
"POR","red"
"ZFP36L1","green"
"NDUFS6","blue"
"PDIA4","blue"
"API5","yellow"
"NAT10","blue"
"ZYX","black"
"BAG1","turquoise"
"IGF2R","green"
"FSTL3","grey"
"MTOR","blue"
"MVP","black"
"TMEM30A","brown"
"SMS","yellow"
"SIGMAR1","blue"
"PDCD6IP","brown"
"CHMP7","blue"
"TRAF3IP2","blue"
"PAFAH1B1","red"
"B4GALT1","green"
"BAHD1","blue"
"RNF40","turquoise"
"LBH","blue"
"CIAPIN1","blue"
"MGST3","blue"
"NUDC","blue"
"MX1","grey"
"MRFAP1L1","yellow"
"CCDC28A","brown"
"LMNB2","blue"
"SYVN1","yellow"
"P4HB","red"
"METAP2","yellow"
"C5orf15","brown"
"VPS25","red"
"MED15","green"
"ALCAM","brown"
"ABCB6","turquoise"
"SEC13","blue"
"C15orf44","blue"
"SETD2","brown"
"ID1","grey"
"ADIPOR2","grey"
"UBE2Q2","yellow"
"PISD","green"
"PFKM","blue"
"ASNA1","turquoise"
"NDUFA8","yellow"
"GLUD1","yellow"
"VPS28","turquoise"
"CITED2","grey"
"HIBADH","yellow"
"PLXNB2","blue"
"PRPF3","blue"
"E2F4","turquoise"
"PRKAB1","red"
"EIF2S1","yellow"
"RNASE1","grey"
"SEC61G","yellow"
"CKAP5","blue"
"LIMA1","blue"
"MPDU1","red"
"TMEM167B","brown"
"CTNNBIP1","grey"
"RAE1","red"
"MGAT1","green"
"ARHGAP1","black"
"LOC150786","brown"
"RAB6A","brown"
"WASF2","turquoise"
"TOP2B","yellow"
"TMED9","yellow"
"RBM9","turquoise"
"ECE1","black"
"RERE","green"
"RHEB","brown"
"AP2B1","turquoise"
"LEPROTL1","yellow"
"UBE2A","brown"
"AK1","turquoise"
"KRTCAP2","blue"
"C14orf156","yellow"
"POLR2E","blue"
"ENSA","red"
"CBX5","blue"
"COL18A1","green"
"FURIN","turquoise"
"PAPD7","blue"
"GLO1","yellow"
"VAMP3","red"
"RABAC1","red"
"ESYT1","blue"
"BLOC1S1","red"
"HNRNPA0","yellow"
"G6PD","red"
"CARS","black"
"FLOT2","black"
"CLPTM1","turquoise"
"ACSL1","red"
"SFRS6","yellow"
"ABHD14B","blue"
"ATXN10","blue"
"UQCR11","grey"
"CYBRD1","grey"
"LSM3","brown"
"MRPS21","blue"
"MRPL15","yellow"
"CYTH2","green"
"MAP2K2","turquoise"
"IGBP1","blue"
"RPS3A","yellow"
"CARKD","blue"
"ICMT","blue"
"CLK1","brown"
"DNAJB6","brown"
"RPL28","blue"
"RBX1","turquoise"
"PRCC","green"
"INSIG1","brown"
"NDUFS4","grey"
"EFNA1","grey"
"NOMO1","blue"
"JUP","grey"
"ZCCHC3","yellow"
"KIAA0494","brown"
"TMEM214","grey"
"HSPE1","blue"
"TOMM34","turquoise"
"STARD3","black"
"NDUFA11","grey"
"TMEM167A","brown"
"PRC1","grey"
"FAM96A","brown"
"CNIH","yellow"
"FAF1","blue"
"ASNS","yellow"
"PRR13","black"
"SUMO2","yellow"
"FAM89B","grey"
"VPS26B","green"
"PTK2","grey"
"PRKCZ","green"
"GRN","black"
"TOMM20","yellow"
"BRP44","grey"
"CCT3","blue"
"TGFB1","black"
"BAZ1B","blue"
"BACE1","turquoise"
"ADH5","yellow"
"GPR56","blue"
"C10orf26","black"
"AKR7A2","blue"
"MRPL1","yellow"
"TP53INP2","grey"
"SELENBP1","turquoise"
"EIF4EBP2","green"
"HTRA1","grey"
"LGALS9","turquoise"
"RPS4Y1","grey"
"ALDH18A1","blue"
"MT1E","turquoise"
"NDUFB8","blue"
"C1QA","turquoise"
"SPTBN1","yellow"
"PCDHGA1","turquoise"
"POMC","grey"
"PMF1","green"
"USP39","blue"
"SLC39A13","grey"
"RAPGEF1","green"
"RAD21","brown"
"TAF7","brown"
"USO1","yellow"
"POLR2L","grey"
"RNF181","red"
"KEAP1","blue"
"COMMD4","grey"
"PRAF2","green"
"COMT","blue"
"NUDT9","yellow"
"DDX56","blue"
"RFTN1","blue"
"MYO1C","turquoise"
"MRPS35","yellow"
"TUBA4A","black"
"COBRA1","grey"
"RFXANK","grey"
"GBA2","black"
"SIAE","grey"
"NIF3L1","yellow"
"ISCA1","turquoise"
"UQCRB","grey"
"GNL2","yellow"
"RAF1","green"
"PUM1","yellow"
"STRAP","grey"
"LARP1","grey"
"F13A1","grey"
"SPINT1","turquoise"
"GRINA","red"
"UNC119B","blue"
"STK38","green"
"WDR59","blue"
"PIGT","blue"
"SERPINA3","turquoise"
"SIVA1","blue"
"MAP4","red"
"CHMP4B","grey"
"ADRM1","blue"
"CUL3","brown"
"AKR1A1","blue"
"GTF2E2","brown"
"SRRM2","green"
"ADD1","turquoise"
"VPS37B","black"
"SDR39U1","blue"
"C10orf10","turquoise"
"PFDN2","yellow"
"SPON2","blue"
"GSTK1","grey"
"ELAVL1","blue"
"PPT1","green"
"C1orf144","red"
"TNNI1","turquoise"
"PSMC1","red"
"DRAP1","red"
"TLR9","turquoise"
"RHBDD2","red"
"HLA-DMA","blue"
"PSMG3","blue"
"TNS1","turquoise"
"STRN4","turquoise"
"AIMP2","blue"
"SDCCAG3","blue"
"BAT2L2","green"
"NOTCH3","turquoise"
"RPA1","grey"
"KDM3A","yellow"
"CCDC6","blue"
"TMEM43","green"
"C5orf32","red"
"G3BP2","brown"
"DYNLT1","red"
"PDZD11","blue"
"TMEM165","brown"
"BTBD1","brown"
"SLC44A1","brown"
"SEC24B","brown"
"CHMP1A","black"
"KBTBD2","brown"
"ADAM12","turquoise"
"STOML2","turquoise"
"TCEB2","turquoise"
"PFDN5","grey"
"AP2S1","turquoise"
"ABCF3","blue"
"RPLP2","blue"
"TSPO","red"
"REEP5","brown"
"MRPL36","blue"
"SS18L2","yellow"
"TNPO1","brown"
"CDK2AP2","blue"
"XPO1","yellow"
"ANAPC13","yellow"
"KIF3B","blue"
"IER5","yellow"
"SERPINB2","red"
"FXR2","grey"
"TMEM50A","brown"
"AARS","blue"
"C15orf24","brown"
"CTRL","grey"
"DTYMK","blue"
"ERLEC1","brown"
"TTC19","blue"
"HM13","green"
"DHX40","brown"
"UBE2Z","green"
"EML4","brown"
"TRAF4","turquoise"
"HNRNPH3","yellow"
"GRAMD4","brown"
"KIAA0247","brown"
"GDF15","turquoise"
"ID3","blue"
"MTHFD1","blue"
"RAB1B","red"
"PIGY","yellow"
"ACIN1","green"
"ZFP106","black"
"SLC39A9","brown"
"ABR","green"
"GOLGA3","blue"
"NPEPPS","black"
"HBP1","brown"
"CMAS","grey"
"SNAPIN","brown"
"CCNDBP1","turquoise"
"PRKACB","yellow"
"TRIM44","blue"
"ARL2BP","blue"
"DDR1","turquoise"
"ADM","red"
"TCEAL8","yellow"
"ARHGAP17","yellow"
"CTSB","turquoise"
"NINJ1","green"
"GLA","red"
"AKT1S1","turquoise"
"PHF1","grey"
"DPY19L1","brown"
"TPM1","turquoise"
"TMEM111","turquoise"
"ERH","brown"
"SPSB3","turquoise"
"IRF1","grey"
"RNF185","grey"
"PRPF19","blue"
"PDRG1","blue"
"SEPX1","black"
"GRAMD1A","black"
"SLC6A8","turquoise"
"TJP2","grey"
"FAM60A","yellow"
"CD99L2","black"
"GNS","red"
"C18orf10","turquoise"
"RNF7","red"
"DHX30","blue"
"CASP4","black"
"PGC","turquoise"
"NELF","turquoise"
"IQGAP1","black"
"UBQLN2","brown"
"CHERP","blue"
"SIK1","blue"
"C11orf68","turquoise"
"SORBS3","turquoise"
"EIF1AX","yellow"
"TBL1XR1","grey"
"TRAK2","turquoise"
"B3GNT1","turquoise"
"TARS","yellow"
"RCN1","yellow"
"CCNB2","grey"
"MYL6","red"
"IFI16","grey"
"LBR","brown"
"FADD","black"
"SETD5","black"
"PLEKHA2","yellow"
"CSNK2A2","yellow"
"ITPA","blue"
"CDC16","blue"
"SIN3B","blue"
"SLC2A1","turquoise"
"ENOPH1","yellow"
"VSIG4","grey"
"CUL1","yellow"
"ATPIF1","yellow"
"BDH2","yellow"
"RPS19BP1","grey"
"NPC2","blue"
"ATG9A","turquoise"
"XPOT","yellow"
"TM7SF3","yellow"
"BAT2","black"
"DHRS3","blue"
"DULLARD","grey"
"CDV3","yellow"
"UBE4A","brown"
"CD53","brown"
"CASC4","brown"
"DNAJC13","brown"
"STIM1","green"
"MS4A6A","brown"
"SLC43A3","blue"
"PREX1","green"
"HIATL1","brown"
"IMPAD1","yellow"
"COPG","green"
"B4GALT3","turquoise"
"MRPL51","yellow"
"ETFA","brown"
"PIAS3","grey"
"TMEM184B","green"
"NISCH","blue"
"SLC1A5","turquoise"
"FEM1A","turquoise"
"UTP18","yellow"
"PHC2","black"
"GAA","green"
"ADCY3","grey"
"WDR46","blue"
"C14orf142","yellow"
"TSTA3","turquoise"
"B4GALT5","red"
"MAD2L1BP","brown"
"ZZEF1","green"
"RAP1B","brown"
"BANF1","turquoise"
"VPS45","blue"
"HEXA","blue"
"C9orf123","blue"
"TOX4","black"
"ISG15","grey"
"PPIE","blue"
"ARL3","red"
"TGOLN2","green"
"C1orf128","turquoise"
"RNASET2","green"
"NR2F6","turquoise"
"NAGK","green"
"PDIA5","blue"
"CLEC11A","turquoise"
"PURB","brown"
"EXOC3","green"
"TBC1D5","green"
"DGCR2","green"
"SOD1","grey"
"UNC45A","turquoise"
"SEC61B","yellow"
"HMOX1","grey"
"TRIB2","blue"
"ADPRHL2","blue"
"EXOSC5","turquoise"
"YIPF3","turquoise"
"TWF1","brown"
"TM9SF3","yellow"
"SRXN1","turquoise"
"NANS","red"
"DPH1","blue"
"TMEM126A","yellow"
"CTDSP2","turquoise"
"FAM3A","turquoise"
"PPM1F","green"
"ATN1","turquoise"
"NRP2","turquoise"
"NSF","brown"
"PDK4","brown"
"GLRX3","yellow"
"NSFL1C","green"
"SLC35A4","blue"
"C17orf37","grey"
"CDC34","turquoise"
"PNKD","blue"
"GTF2B","brown"
"PNRC2","yellow"
"KIAA0317","black"
"CIC","black"
"CSF1R","blue"
"WSB2","brown"
"TSPAN4","grey"
"RHBDD3","turquoise"
"RASA1","brown"
"C22orf13","turquoise"
"YTHDC1","yellow"
"FKBP9","grey"
"POLDIP3","green"
"BNIP3L","turquoise"
"MCFD2","brown"
"ATP6V1E1","red"
"VAMP8","blue"
"SNRPF","blue"
"ROBLD3","red"
"OCIAD2","blue"
"ATP1A1","blue"
"TMEM222","green"
"SDF2","red"
"MRPL23","blue"
"CXCL5","grey"
"GLYR1","green"
"PACS1","grey"
"KIAA0141","blue"
"HDAC5","green"
"RNF13","brown"
"GADD45A","red"
"MTMR4","brown"
"C20orf11","grey"
"TCERG1","blue"
"CLDND1","brown"
"DES","turquoise"
"SSR1","yellow"
"CORO1C","grey"
"RPL5","blue"
"CECR5","blue"
"DECR1","green"
"SMARCD2","green"
"PGCP","green"
"DIP2B","black"
"KTN1","yellow"
"AEBP1","turquoise"
"LZTS2","turquoise"
"ZFAND6","brown"
"ATP8B5P","brown"
"VPS52","blue"
"TSPAN9","turquoise"
"PRPS1","blue"
"RBM39","brown"
"HIST2H2BE","grey"
"CDKN1B","brown"
"EIF4G2","brown"
"TCTA","red"
"COX6A1","grey"
"HSPH1","blue"
"NAA20","yellow"
"RPA2","yellow"
"HIST1H2BK","red"
"SLC38A1","blue"
"GRHPR","blue"
"PSMB5","grey"
"PDLIM5","red"
"REPIN1","turquoise"
"ETHE1","grey"
"SUPT16H","blue"
"CERK","yellow"
"PDXP","blue"
"C6orf106","turquoise"
"PPP1R12B","green"
"SH3PXD2A","turquoise"
"ANPEP","green"
"CLN6","turquoise"
"SAR1A","brown"
"MAFG","red"
"PCSK1N","turquoise"
"CDC42EP4","black"
"HARS","blue"
"COG4","blue"
"LANCL1","yellow"
"PTPN1","red"
"C11orf31","blue"
"C16orf57","red"
"C20orf3","red"
"NME1","yellow"
"ACP1","turquoise"
"ZNF593","blue"
"NDUFB3","red"
"CLTA","blue"
"RRAS","grey"
"SLC29A1","turquoise"
"CDC20","grey"
"RANGAP1","blue"
"KDM2A","black"
"PER1","grey"
"TRPC4AP","black"
"BCL2L2","grey"
"RNF31","green"
"SNX27","black"
"STAT5A","green"
"EDC4","turquoise"
"PDS5A","yellow"
"GTPBP2","red"
"MEF2D","green"
"DNAJA1","brown"
"TXNIP","green"
"TNNC2","turquoise"
"OST4","turquoise"
"RAB5B","black"
"MEST","turquoise"
"SCFD1","brown"
"MRPL14","blue"
"POLR1D","turquoise"
"DPM2","turquoise"
"DNTTIP1","black"
"SEL1L","brown"
"RSAD1","blue"
"GOLGA2","green"
"RXRB","green"
"NEO1","red"
"NSMAF","brown"
"ATP9A","red"
"STK10","green"
"PPP3CB","brown"
"EXTL3","green"
"CBFA2T2","yellow"
"CDR2","blue"
"EP400","blue"
"MKLN1","green"
"RPS7","yellow"
"AMD1","green"
"RBBP4","yellow"
"MAEA","brown"
"YTHDF2","yellow"
"LSM4","blue"
"EIF1B","turquoise"
"TMEM66","yellow"
"MRPL20","blue"
"NAE1","yellow"
"NDUFB11","blue"
"HSPA4","yellow"
"PIM1","turquoise"
"STX5","black"
"CCDC142","grey"
"AMFR","turquoise"
"C7orf50","blue"
"ATPAF1","yellow"
"CAMK2G","green"
"FPGS","turquoise"
"SNAPC2","turquoise"
"COL5A1","turquoise"
"MAPK14","red"
"THRAP3","green"
"URM1","blue"
"ASAP1","black"
"WASL","yellow"
"HLTF","yellow"
"POGZ","green"
"PI4KA","blue"
"YTHDF3","brown"
"SQSTM1","turquoise"
"MAP2K1","brown"
"SFRS7","yellow"
"LRPPRC","blue"
"HLA-DPB1","blue"
"TACSTD2","grey"
"IARS2","yellow"
"WDR75","yellow"
"GNL3","yellow"
"FBXO7","turquoise"
"IKBKAP","blue"
"HAUS1","yellow"
"DTD1","blue"
"AGPAT6","red"
"SEC24D","brown"
"OAF","blue"
"UPF1","green"
"EZH1","green"
"NUDT16L1","blue"
"KLF9","brown"
"BMS1","blue"
"HMGXB3","turquoise"
"TRIM27","black"
"RBM6","blue"
"ITGB2","black"
"CUX1","black"
"SORD","blue"
"SUPT4H1","black"
"ADD3","brown"
"NCAPH2","blue"
"RPRD1A","brown"
"EAPP","brown"
"PCBD1","blue"
"RTF1","brown"
"GCN1L1","blue"
"GPC1","turquoise"
"C9orf69","blue"
"BCL2L12","blue"
"SNTA1","turquoise"
"ZC3HAV1","grey"
"ARSD","black"
"CHD1L","blue"
"DNAJC3","brown"
"SLC25A25","blue"
"SRPRB","blue"
"PUF60","blue"
"C16orf63","yellow"
"RNF34","brown"
"MT1G","grey"
"Septin 11","blue"
"LSM2","yellow"
"C3orf37","blue"
"FN3KRP","blue"
"ARIH2","blue"
"CHTF8","blue"
"DDB2","blue"
"ZNF212","blue"
"TIPARP","red"
"FAH","turquoise"
"ARF6","yellow"
"SCAMP3","blue"
"TDP2","brown"
"FAM120AOS","grey"
"C9orf23","blue"
"SH2B3","blue"
"ANO6","grey"
"WIPI1","red"
"MLST8","turquoise"
"RHOU","brown"
"SLC35A2","grey"
"RBM8A","yellow"
"VPS24","grey"
"GNB1","black"
"PRDX5","grey"
"SNRPD3","blue"
"ECHDC1","brown"
"CDCA7L","grey"
"TOP1","grey"
"ARFGAP3","brown"
"JAGN1","blue"
"DHPS","turquoise"
"DSTN","yellow"
"MRPS2","blue"
"ASCC2","turquoise"
"NEK7","brown"
"SPOCK2","blue"
"NLGN2","turquoise"
"MRPL39","yellow"
"CHPF2","green"
"NSUN2","yellow"
"LXN","brown"
"NFAT5","green"
"TTC38","grey"
"EPT1","yellow"
"LAMP2","brown"
"PDHA1","yellow"
"C19orf10","blue"
"HARS2","green"
"CORO1B","blue"
"Septin 5","turquoise"
"DYNLRB1","red"
"SSNA1","grey"
"IMPA2","black"
"SLC25A36","blue"
"HAGH","turquoise"
"NUB1","grey"
"CANT1","black"
"TRAM2","blue"
"IRF4","blue"
"EXOSC10","blue"
"CIRH1A","blue"
"Septin 8","turquoise"
"ANXA1","red"
"HSD17B10","blue"
"REXO2","turquoise"
"OCIAD1","yellow"
"PDXDC1","blue"
"PTTG1","grey"
"TMEM50B","yellow"
"RDX","yellow"
"SLC25A20","brown"
"UBA2","yellow"
"MAN2A2","grey"
"C19orf6","blue"
"VEGFB","blue"
"RYBP","black"
"WRNIP1","yellow"
"NFKB1","black"
"MAPK3","black"
"POLR2A","green"
"MRPS5","yellow"
"MPRIP","blue"
"INTS12","brown"
"BTBD10","brown"
"LOXL1","grey"
"DERL2","red"
"SETD7","yellow"
"POM121","blue"
"ABLIM1","blue"
"DTX3L","grey"
"EMP1","grey"
"CPSF3","yellow"
"NECAP1","brown"
"PFN1","red"
"SFN","turquoise"
"VPS26A","brown"
"CD52","blue"
"C13orf15","turquoise"
"VAPB","red"
"PSMD10","brown"
"SCAP","green"
"CLPP","blue"
"EXOSC8","yellow"
"CNOT1","green"
"GNAS","turquoise"
"SMPD1","grey"
"SLC20A2","blue"
"SECISBP2","blue"
"TRIP4","brown"
"RNPS1","blue"
"VMA21","yellow"
"MEN1","blue"
"SUCLG2","yellow"
"KLHDC8B","turquoise"
"KIF13B","blue"
"OXSR1","brown"
"PXN","black"
"FOXN3","green"
"C1orf9","yellow"
"TBL2","grey"
"NDUFC2","red"
"BIRC2","grey"
"KIAA1279","yellow"
"KLHL9","brown"
"COX6C","yellow"
"MLH1","yellow"
"RHOG","black"
"SDC4","red"
"UBE3A","yellow"
"CSTF3","yellow"
"MRPL24","blue"
"GPR107","black"
"C10orf119","brown"
"C19orf61","turquoise"
"SPRY1","grey"
"SPRED2","brown"
"EZH2","yellow"
"PPP1R16B","blue"
"FAM38A","blue"
"KLHL12","brown"
"TSPYL4","yellow"
"POLA2","turquoise"
"POLR2K","yellow"
"IWS1","brown"
"NDUFB6","green"
"SF3B14","brown"
"EIF2B2","blue"
"SLC39A3","turquoise"
"CYFIP2","blue"
"GNA13","brown"
"EFHA1","brown"
"RBM15B","blue"
"JAK1","green"
"RNF19A","brown"
"MED27","yellow"
"ANKRD13A","green"
"CEBPG","yellow"
"TYSND1","turquoise"
"ARIH1","brown"
"DCAF8","grey"
"RB1","brown"
"KIFC3","turquoise"
"VPS13D","green"
"PTPN18","grey"
"LPCAT4","turquoise"
"MTP18","turquoise"
"SDHAF1","blue"
"FNDC3B","red"
"ST6GAL1","blue"
"ASAH1","brown"
"RAB1A","brown"
"HN1","black"
"HSPB7","turquoise"
"SQLE","grey"
"PFKFB3","red"
"ZCCHC24","grey"
"PCYOX1","blue"
"FUCA2","yellow"
"ACOT7","grey"
"March 6","grey"
"MCTS1","brown"
"CD320","blue"
"HUWE1","blue"
"SEC14L1","turquoise"
"RALA","yellow"
"NDUFV1","blue"
"GMFG","red"
"G6PC3","turquoise"
"CPVL","blue"
"MGLL","grey"
"ATMIN","yellow"
"PDE6G","turquoise"
"CTR9","brown"
"LCMT1","blue"
"OTUB1","black"
"THRA","turquoise"
"PLEKHB1","turquoise"
"GYPC","turquoise"
"KIF1C","turquoise"
"USP15","brown"
"DHX35","blue"
"PHF5A","brown"
"THYN1","yellow"
"KIAA0664","turquoise"
"C20orf4","blue"
"APPL2","red"
"ZDHHC3","red"
"ZER1","turquoise"
"ATF5","grey"
"CASP3","brown"
"KIAA0913","black"
"RNF103","brown"
"KIF3C","red"
"ST3GAL4","black"
"ZBTB5","blue"
"TNRC6A","yellow"
"TOB2","grey"
"TNFAIP2","green"
"DBI","brown"
"LTBR","green"
"TSC22D3","grey"
"EIF4E2","red"
"MIIP","turquoise"
"TEX10","blue"
"GLG1","green"
"AIF1","black"
"SFRS4","green"
"PDCD6","yellow"
"ETNK1","brown"
"CDK7","brown"
"PLEKHJ1","blue"
"FARSA","blue"
"QRICH1","blue"
"C6orf129","yellow"
"ZNF282","red"
"NAGLU","blue"
"ZSCAN18","blue"
"TSSC4","grey"
"PSMG1","yellow"
"DHX29","yellow"
"CD37","green"
"EBP","blue"
"EGR1","turquoise"
"DUSP5","blue"
"PSME4","turquoise"
"ZNRD1","blue"
"ZNF263","blue"
"KANK2","turquoise"
"IRF8","yellow"
"PPFIA1","green"
"ATXN7L3","red"
"ZNF512","blue"
"PLAU","grey"
"PTPN12","brown"
"ZNF828","blue"
"GNAI2","black"
"PTP4A1","brown"
"MMS19","blue"
"MAGT1","brown"
"ASF1B","grey"
"ZCCHC17","grey"
"IER3IP1","yellow"
"STAU1","turquoise"
"FAM136A","yellow"
"ERCC5","yellow"
"SRRT","blue"
"FOXK2","blue"
"FOLR1","turquoise"
"TBK1","brown"
"DNAL4","grey"
"ERMP1","blue"
"C5orf62","red"
"U2AF2","blue"
"EIF2B1","yellow"
"FNBP4","blue"
"NUMB","brown"
"C2orf64","yellow"
"SC5DL","brown"
"ZDHHC18","green"
"DCPS","blue"
"MOGS","blue"
"PATL1","brown"
"TCF3","turquoise"
"KCTD2","black"
"MED11","black"
"KRAS","brown"
"TYW1","blue"
"TMEM216","brown"
"FAM20B","turquoise"
"C15orf17","yellow"
"METTL3","yellow"
"ACP5","turquoise"
"FBXL3","brown"
"GGPS1","yellow"
"PITPNB","blue"
"MRPL40","blue"
"C17orf49","blue"
"SUN1","yellow"
"SIDT2","turquoise"
"DNAJC7","yellow"
"CBX7","green"
"NR4A1","turquoise"
"NUP205","blue"
"C7orf11","brown"
"C10orf54","black"
"ZMYM3","turquoise"
"NCOA5","blue"
"CDC25B","blue"
"MYLIP","green"
"CPNE2","black"
"STX18","grey"
"SLC25A22","turquoise"
"MRPL4","blue"
"IRS2","black"
"ZMAT5","red"
"ADARB1","blue"
"SSFA2","brown"
"IFT52","turquoise"
"IL1R1","red"
"NCOA7","brown"
"PUS1","blue"
"RAB11A","brown"
"ATP6V0A1","grey"
"PPIL1","yellow"
"DCAF12","turquoise"
"SNRPE","yellow"
"MED17","yellow"
"RAB11B","turquoise"
"ITPK1","green"
"GLRX","brown"
"BASP1","black"
"RPL27","yellow"
"TBC1D23","brown"
"LSM1","grey"
"BTBD3","brown"
"UTP11L","yellow"
"TYMS","grey"
"TTYH2","blue"
"PVALB","grey"
"NME3","blue"
"C11orf48","grey"
"S100A4","green"
"PVRL2","red"
"NCOR2","blue"
"IL4R","black"
"MAPKAPK3","green"
"BCL2L11","green"
"ATP2B4","black"
"LYN","black"
"SHKBP1","black"
"TNKS","yellow"
"TPCN1","blue"
"RAB11FIP1","green"
"NPRL2","blue"
"RNF38","brown"
"MEF2A","red"
"ENDOD1","turquoise"
"IFT20","grey"
"CD59","red"
"IPO5","blue"
"DLD","brown"
"SF3A3","blue"
"SRP54","brown"
"METTL13","blue"
"NFS1","blue"
"ATP6V1A","green"
"AIMP1","yellow"
"TK1","turquoise"
"ARL2","blue"
"OLFM4","red"
"CDK5RAP1","blue"
"PRPS2","yellow"
"PDXK","grey"
"EMP3","blue"
"TTC27","blue"
"DGCR14","grey"
"HPCAL1","black"
"ATG5","brown"
"APH1A","brown"
"C2orf7","grey"
"HDAC3","blue"
"PPFIBP2","blue"
"THTPA","turquoise"
"PTX3","grey"
"NMI","brown"
"KLF13","green"
"MCRS1","turquoise"
"PPP1R15B","brown"
"RBL2","brown"
"PRDM4","yellow"
"MYOF","grey"
"MLL4","green"
"RFWD2","brown"
"KIAA0528","brown"
"C1D","brown"
"DDX50","yellow"
"CMTM4","red"
"CDCA5","grey"
"FCHSD2","brown"
"UHRF2","yellow"
"BNIP1","grey"
"FOXJ2","turquoise"
"C14orf159","green"
"VEZF1","brown"
"ATP6V0D1","black"
"LHFP","grey"
"KPNA3","yellow"
"BTD","grey"
"PRICKLE4","grey"
"REC8","grey"
"TOE1","blue"
"TMEM9B","grey"
"PYCR1","turquoise"
"SLC27A2","grey"
"DDA1","red"
"RAB22A","brown"
"HNRNPAB","blue"
"GSPT1","turquoise"
"C1orf212","red"
"C19orf22","turquoise"
"HLA-F","grey"
"KTI12","yellow"
"PRPF4B","yellow"
"PRUNE2","red"
"ITGA7","red"
"KIAA0146","yellow"
"KIAA0430","grey"
"TBC1D13","grey"
"HINFP","blue"
"PPP1R10","black"
"ABHD4","turquoise"
"URGCP","turquoise"
"CCDC130","blue"
"ANKRD27","brown"
"NOTCH1","green"
"ERF","turquoise"
"ACACA","blue"
"SMAD3","blue"
"HNRNPUL1","green"
"TAX1BP1","brown"
"EIF3L","blue"
"IFRD2","turquoise"
"NDUFB4","blue"
"RPRD1B","yellow"
"TRIAP1","yellow"
"NDUFV2","grey"
"EIF4EBP1","blue"
"MRPL45","blue"
"UBL3","brown"
"APBB3","turquoise"
"FXYD5","blue"
"HK1","turquoise"
"CDKN2A","blue"
"NME1-NME2","blue"
"SEMA4B","black"
"TACC3","green"
"CCDC25","yellow"
"PAFAH1B3","blue"
"MYO18A","green"
"PDLIM2","green"
"KIAA0182","blue"
"HEG1","blue"
"TMUB1","grey"
"ACADSB","yellow"
"CD93","black"
"ACAP2","brown"
"SESN2","red"
"WWC3","green"
"SGSM2","blue"
"NAPB","brown"
"TSPAN3","blue"
"SCAMP4","turquoise"
"GRB2","black"
"NHP2","blue"
"DAZAP2","brown"
"RPS9","blue"
"TUBGCP2","turquoise"
"CNOT7","yellow"
"S100P","red"
"TUSC2","grey"
"NLRP2","grey"
"VPS33B","grey"
"ERP44","brown"
"USF2","black"
"COIL","yellow"
"HS6ST1","grey"
"ST6GALNAC6","turquoise"
"LYPLA1","brown"
"FDPS","red"
"ZZZ3","yellow"
"LAMA5","turquoise"
"GALNT14","red"
"NRBF2","brown"
"DHRS7B","black"
"WDR5","blue"
"LOC401127","yellow"
"PRKAG2","yellow"
"DGKZ","blue"
"PSD4","green"
"PARP4","black"
"AIFM1","blue"
"C2orf68","green"
"ZHX2","green"
"ZFYVE20","grey"
"TRIM26","blue"
"PREPL","yellow"
"JUN","grey"
"TGM2","turquoise"
"PNP","turquoise"
"NUDT21","yellow"
"RFC3","yellow"
"BZW2","blue"
"TMBIM6","black"
"STXBP2","red"
"NDUFAF3","turquoise"
"GPKOW","grey"
"C14orf166","yellow"
"NONO","blue"
"ECSIT","turquoise"
"TST","grey"
"FCER1G","red"
"CLPTM1L","blue"
"TMEM115","black"
"CCNB1IP1","blue"
"SMARCA5","yellow"
"ACD","blue"
"HSDL2","brown"
"SOD3","turquoise"
"EMD","blue"
"ZNF32","blue"
"SAPS1","turquoise"
"SASH1","blue"
"ATPAF2","grey"
"NSUN4","blue"
"MAPK8IP3","grey"
"SH3BGRL2","grey"
"AGBL5","turquoise"
"NAGA","blue"
"AXIN2","turquoise"
"INPP5K","turquoise"
"SLC43A2","green"
"STK11IP","turquoise"
"SLC39A11","grey"
"ELMOD3","grey"
"NCK2","grey"
"NECAB3","turquoise"
"USP33","brown"
"GLIS2","turquoise"
"ABHD2","black"
"IDH1","brown"
"MID1IP1","green"
"UBE2N","yellow"
"H1F0","grey"
"EI24","blue"
"ORC3L","yellow"
"FABP5","yellow"
"SRP68","blue"
"REEP4","turquoise"
"EXOC1","brown"
"F8A1","green"
"MRPL54","blue"
"UBE2Q1","yellow"
"GPCPD1","brown"
"SFRS13A","yellow"
"TFF3","red"
"PSMG2","yellow"
"UBE2L3","red"
"TSPAN14","red"
"SQRDL","red"
"TAF9","yellow"
"KCMF1","brown"
"SMG7","grey"
"NIPA2","brown"
"TOR3A","yellow"
"PCIF1","turquoise"
"CAD","blue"
"SIK3","grey"
"NKTR","yellow"
"FAHD2A","blue"
"NRN1","grey"
"C7orf23","yellow"
"MTSS1","blue"
"PARP6","grey"
"ZBTB44","brown"
"ILF3","blue"
"NAT15","red"
"OTUD4","yellow"
"MCOLN1","turquoise"
"CREB3L2","yellow"
"MKRN1","turquoise"
"C20orf112","green"
"RCOR1","brown"
"DNMT3A","green"
"ANKRD10","yellow"
"KIAA1147","blue"
"WIPF1","green"
"NT5DC3","grey"
"SERBP1","yellow"
"NET1","grey"
"GSTM3","grey"
"COQ9","blue"
"GPN2","blue"
"PSMA1","brown"
"CNPY2","blue"
"SAP30BP","black"
"BEX4","yellow"
"CHMP6","red"
"SDF2L1","blue"
"RTN4","brown"
"CCNL1","brown"
"FAU","blue"
"CCDC12","blue"
"DDRGK1","blue"
"TM2D2","brown"
"ATXN2","green"
"C7orf41","turquoise"
"PPPDE2","red"
"UBA7","blue"
"VPS72","black"
"TP53INP1","brown"
"ABCD4","yellow"
"RABEP1","yellow"
"DNAJA4","turquoise"
"DUSP12","yellow"
"DGUOK","yellow"
"TRAK1","yellow"
"BOK","turquoise"
"SERTAD1","black"
"PCBP4","turquoise"
"KIF1B","red"
"JMJD1C","brown"
"C3orf75","blue"
"NDST2","red"
"OSBPL8","brown"
"ACVR1","yellow"
"SYNE2","blue"
"TMTC1","grey"
"STAT2","grey"
"PKD2","yellow"
"CHMP5","brown"
"SLC16A1","grey"
"MIR21","green"
"MOV10","grey"
"NENF","grey"
"SRP14","brown"
"SFRS9","brown"
"ENY2","red"
"MED9","grey"
"C11orf49","turquoise"
"IRF3","turquoise"
"C9orf5","turquoise"
"PSEN1","black"
"CD97","green"
"ANP32B","turquoise"
"TXNRD2","turquoise"
"WDTC1","turquoise"
"ACOT8","red"
"SBNO2","black"
"TMEM60","brown"
"YIF1B","turquoise"
"C6orf89","black"
"ARFIP1","brown"
"INO80E","blue"
"IGF1R","black"
"TBC1D9B","turquoise"
"SLC9A1","black"
"SFRS8","green"
"B4GALT2","turquoise"
"TOM1L2","turquoise"
"KIAA1797","grey"
"BRD8","brown"
"ARRDC3","yellow"
"ZNF655","brown"
"CCDC97","green"
"MAPT","turquoise"
"POGK","blue"
"PCMTD1","brown"
"ST3GAL1","turquoise"
"FAM160B2","blue"
"DCTN4","brown"
"ARHGAP21","grey"
"C1QL1","turquoise"
"SPG11","brown"
"FUK","turquoise"
"CAPN5","turquoise"
"MTMR10","brown"
"HIF1A","brown"
"WLS","green"
"POMP","red"
"COX5B","grey"
"NDUFA6","grey"
"PRSS23","blue"
"MAPKSP1","brown"
"SELK","turquoise"
"SMARCE1","yellow"
"KRT222","yellow"
"SRRM1","blue"
"PCMT1","red"
"S100A2","turquoise"
"SSBP2","blue"
"TMED1","grey"
"TCEA2","turquoise"
"R3HCC1","blue"
"PAN2","blue"
"NRGN","turquoise"
"ADA","blue"
"ZNF302","yellow"
"HES6","turquoise"
"EXOC4","blue"
"C4orf27","brown"
"ZBED1","green"
"PAQR4","turquoise"
"PPCDC","green"
"C1orf216","blue"
"PDCD10","brown"
"PUM2","yellow"
"TNFRSF1B","green"
"PRKCH","blue"
"MKNK1","red"
"PVRL1","grey"
"PLCD1","grey"
"MADD","blue"
"SLC26A6","red"
"TSC1","blue"
"MTIF2","yellow"
"C10orf137","yellow"
"C5orf53","yellow"
"ITM2C","grey"
"EHD1","red"
"NDUFA2","grey"
"PELP1","turquoise"
"NDUFS2","green"
"MON1B","black"
"PDHX","yellow"
"IL8","grey"
"C16orf62","blue"
"DNAJC25-GNG10","brown"
"PABPN1","green"
"SH3GLB1","red"
"BEX2","blue"
"PTPRCAP","blue"
"SRPK1","black"
"ZBED5","brown"
"MRPS30","yellow"
"TMEM85","blue"
"NUDCD3","blue"
"SUPV3L1","blue"
"HCK","black"
"SEC63","yellow"
"FAM192A","green"
"PALMD","turquoise"
"DHRS1","green"
"ATP2A2","yellow"
"PNMA1","yellow"
"SMC1A","yellow"
"ZCCHC14","yellow"
"PSMC4","blue"
"ARL5A","yellow"
"TPRKB","yellow"
"TMEM59L","turquoise"
"PIP5K1A","grey"
"FOXO3","turquoise"
"RFC1","yellow"
"SPAG9","green"
"POLG","blue"
"TGFBR3","blue"
"ADCK2","blue"
"CHST2","grey"
"OTUD5","turquoise"
"RGS19","black"
"IRF7","grey"
"PAK4","turquoise"
"IQSEC1","black"
"WWP2","green"
"ARID5B","brown"
"ANKS1A","red"
"TGIF2","blue"
"SLC35D2","yellow"
"LOC100294221","turquoise"
"STK19","green"
"MMD","grey"
"TNFAIP3","brown"
"LSM14B","brown"
"AURKA","grey"
"PGPEP1","red"
"MPP5","grey"
"EPB41L5","grey"
"PRKAB2","yellow"
"FAM160A2","red"
"NUFIP2","brown"
"DDX6","brown"
"CD46","brown"
"LPL","grey"
"ARPP19","brown"
"CAPN2","blue"
"HTATIP2","brown"
"YKT6","red"
"TAGLN2","green"
"CCL4","blue"
"KLHL21","green"
"TMED5","brown"
"IFI6","grey"
"RNASE4","grey"
"OS9","black"
"NDUFB7","blue"
"FKBP2","blue"
"CRKL","grey"
"DDX20","yellow"
"MSRB2","red"
"AHSP","turquoise"
"DHFR","red"
"TADA3","red"
"ANKH","turquoise"
"BTBD6","blue"
"PAPOLA","brown"
"PQLC3","yellow"
"CBFB","brown"
"WDFY1","yellow"
"ZNF652","green"
"PIK3AP1","brown"
"PIP5K1C","green"
"FADS3","turquoise"
"CCDC94","blue"
"FTSJ3","blue"
"UVRAG","green"
"ARAP1","green"
"CYGB","turquoise"
"ACSL4","brown"
"ALKBH5","turquoise"
"SNRK","brown"
"WEE1","yellow"
"CPNE1","black"
"RASSF5","green"
"BTN2A1","brown"
"CEP350","black"
"PDE8A","yellow"
"ATRN","blue"
"SESN1","yellow"
"GNPAT","yellow"
"EIF2S3","yellow"
"GPATCH3","turquoise"
"HSPA13","brown"
"WDR18","blue"
"MOBKL3","brown"
"REEP1","grey"
"RPUSD4","blue"
"AAGAB","yellow"
"CDC5L","brown"
"GADD45GIP1","blue"
"TRUB2","blue"
"SMARCC2","blue"
"CCDC124","turquoise"
"MMGT1","brown"
"PCK2","turquoise"
"TAB1","blue"
"DUSP26","turquoise"
"CYB5B","yellow"
"TAF10","red"
"MVK","grey"
"ISOC1","yellow"
"ITFG3","grey"
"SENP6","brown"
"CPNE3","brown"
"ELMO2","red"
"FHL3","green"
"C11orf1","blue"
"PJA2","brown"
"GOT2","blue"
"NUPL2","yellow"
"KYNU","grey"
"PPP1R14A","grey"
"DPCD","turquoise"
"C7orf27","green"
"CGRRF1","brown"
"LMF2","green"
"POLR3D","turquoise"
"FAM49B","brown"
"COMMD9","blue"
"THOC1","blue"
"C20orf72","yellow"
"INSIG2","brown"
"TMEM54","turquoise"
"FAM117A","turquoise"
"ARRDC2","blue"
"SAP130","green"
"LDOC1L","blue"
"DRAM1","red"
"FAM104A","turquoise"
"ASRGL1","blue"
"RAPH1","grey"
"TACC1","green"
"MOAP1","yellow"
"BRI3","black"
"AKR1C1","red"
"PAICS","blue"
"PVR","turquoise"
"EIF3D","blue"
"CLCN7","blue"
"DEF8","black"
"ECD","yellow"
"N4BP2L2","brown"
"NRAS","brown"
"STXBP3","brown"
"FBXO9","turquoise"
"CBY1","blue"
"POLR1C","blue"
"FAM127B","grey"
"CCND2","blue"
"PDE6D","yellow"
"ANKLE2","yellow"
"NPTN","brown"
"VPS18","green"
"HSF2","yellow"
"NOTCH2NL","green"
"NOTCH2","green"
"STBD1","grey"
"TDRD7","brown"
"SOCS3","red"
"UNC119","green"
"CD79B","turquoise"
"DYSF","black"
"COQ10A","blue"
"MOBKL1A","grey"
"KCNN4","blue"
"CAMK1","blue"
"C19orf2","yellow"
"PCDH1","turquoise"
"PTPRS","turquoise"
"ZNF692","green"
"INTS1","grey"
"EFTUD1","blue"
"PANX1","grey"
"NAT9","blue"
"C2orf29","blue"
"GSTT1","turquoise"
"AIM1","brown"
"MXD1","black"
"PHLPP1","black"
"CDK19","green"
"TICAM1","grey"
"LMNA","turquoise"
"SPRYD3","black"
"SERINC1","brown"
"RBM22","green"
"GUSB","grey"
"UBE2D3","brown"
"PANK4","green"
"PSMA2","brown"
"MRPL17","blue"
"ZNF444","turquoise"
"NAA10","grey"
"UBE2I","yellow"
"UBR7","yellow"
"PEX11B","yellow"
"TMEM63A","blue"
"C6orf153","blue"
"ITGB1BP1","yellow"
"AP3B1","black"
"MAPKAP1","yellow"
"CTDSP1","black"
"GRPEL2","yellow"
"PYGL","black"
"COX4NB","yellow"
"WRAP53","blue"
"RASSF4","blue"
"CRY2","grey"
"MAP2K5","blue"
"FAM111A","yellow"
"C9orf95","brown"
"PIBF1","grey"
"GOLGA4","yellow"
"PTEN","black"
"KDM1A","blue"
"DMTF1","brown"
"CRELD2","blue"
"ALAS1","red"
"FNDC4","turquoise"
"KIAA0907","yellow"
"ARHGAP15","brown"
"RCBTB1","brown"
"DCP1B","blue"
"SLC23A2","yellow"
"TMEM41A","blue"
"UBTD1","grey"
"ARHGAP19","brown"
"PIK3R4","yellow"
"GCC2","yellow"
"SH3BP5","red"
"ALDH5A1","turquoise"
"FAM178A","brown"
"SPATS2L","grey"
"CXCL1","grey"
"PLEKHO2","black"
"MAPKAPK2","red"
"SLC25A44","black"
"GYS1","red"
"NGFRAP1","grey"
"DYNLT3","brown"
"EDEM2","red"
"METTL7A","grey"
"DAXX","blue"
"CAP1","black"
"RAP1GDS1","yellow"
"THOC7","grey"
"PSENEN","black"
"PPIH","blue"
"GOLGA5","brown"
"MAFK","turquoise"
"PRKDC","green"
"RNF14","turquoise"
"FBXO32","blue"
"RRAGC","black"
"DOCK6","turquoise"
"C1orf122","red"
"RAP2A","turquoise"
"HIPK2","red"
"RAB32","red"
"PBX1","turquoise"
"YES1","grey"
"MSH2","yellow"
"ANKRA2","brown"
"C14orf109","yellow"
"ABCC1","yellow"
"PHF8","brown"
"C7orf70","yellow"
"CHST14","blue"
"BTBD7","black"
"SOS2","black"
"TMC6","turquoise"
"KIAA0513","green"
"HECA","brown"
"ETV4","turquoise"
"ZNF746","green"
"SRGAP2","turquoise"
"GBP2","grey"
"RAB14","brown"
"SLC30A9","brown"
"BBS1","turquoise"
"EXOC5","brown"
"WDR41","brown"
"HNRNPA1","yellow"
"LSR","turquoise"
"RPS6","blue"
"C1QB","red"
"PRPF31","blue"
"DCP1A","yellow"
"IRF2BP2","yellow"
"IMP4","blue"
"BEX1","grey"
"C20orf108","turquoise"
"FASTKD5","brown"
"FKBP3","yellow"
"ALOX5AP","red"
"CSTA","grey"
"MRPL21","blue"
"P2RX4","blue"
"EPS15","brown"
"IFI35","grey"
"CLK2","blue"
"PIK3CD","green"
"ZNF259","blue"
"MAOB","grey"
"SMN1","yellow"
"NFATC3","blue"
"DHX36","yellow"
"CSRP2BP","blue"
"HELZ","yellow"
"PHC1","blue"
"ADAM15","red"
"ADNP2","yellow"
"SLC9A6","brown"
"TOR1B","brown"
"GATSL3","turquoise"
"DICER1","black"
"LZTR1","turquoise"
"FBXL16","blue"
"KLF16","turquoise"
"MMP19","turquoise"
"STX3","brown"
"AP3M2","blue"
"TMEM194A","blue"
"GCFC1","yellow"
"ZFAND2B","green"
"GOLGA1","red"
"RHOBTB1","grey"
"C2CD2L","turquoise"
"CTSS","grey"
"SYS1","yellow"
"SOX4","blue"
"CHCHD8","blue"
"PNPLA6","red"
"MRPS15","blue"
"KIAA2013","green"
"QARS","blue"
"RCHY1","brown"
"TRUB1","yellow"
"RINT1","yellow"
"AMT","grey"
"TACO1","blue"
"HIGD2A","blue"
"BPGM","turquoise"
"CNNM3","blue"
"MICALL1","green"
"OAS1","grey"
"SFRS14","blue"
"GLTP","red"
"RPRD2","blue"
"GMEB2","green"
"EHD3","turquoise"
"PTPN9","grey"
"RRN3","blue"
"ADO","yellow"
"LARP4","yellow"
"ZNF12","brown"
"UCK1","grey"
"PEX5","yellow"
"TMEM187","brown"
"GTPBP1","turquoise"
"PLEKHM1","black"
"HDHD1A","brown"
"BRD2","green"
"BIN1","blue"
"ABCC4","turquoise"
"KLF4","yellow"
"NUP153","brown"
"DUSP22","black"
"NEK3","grey"
"GATAD2A","grey"
"EHBP1","blue"
"CASP7","yellow"
"ALS2","yellow"
"MMP9","red"
"FAM188A","brown"
"GDI1","black"
"GFM1","yellow"
"STMN1","yellow"
"THBD","black"
"MAOA","turquoise"
"MED21","yellow"
"TNFRSF10B","blue"
"NSA2","yellow"
"BRP44L","yellow"
"MICAL1","black"
"SETDB1","green"
"TCF25","green"
"TWSG1","brown"
"RARRES3","blue"
"LARP7","brown"
"HSPB11","yellow"
"FARP1","turquoise"
"CD2BP2","black"
"BCKDK","black"
"RNF113A","blue"
"DHRS13","black"
"PDPK1","green"
"PPM1B","brown"
"FXR1","brown"
"CD79A","blue"
"PPP1R14B","green"
"SYK","black"
"LSM7","blue"
"CCDC93","red"
"KIAA0020","blue"
"POLD4","turquoise"
"SIRPA","red"
"C12orf5","brown"
"SENP3","grey"
"C19orf28","blue"
"BAT3","turquoise"
"FAM134B","yellow"
"DCP2","brown"
"C8orf76","brown"
"ARHGAP27","green"
"NF2","blue"
"EBPL","brown"
"POLE","blue"
"VAC14","blue"
"ADAMTS9","turquoise"
"IL1RN","red"
"C1orf31","yellow"
"SMCR8","brown"
"ARRDC4","brown"
"GPSM1","turquoise"
"VPS13C","yellow"
"RNF111","brown"
"EXOC7","black"
"C5orf24","yellow"
"NDST1","black"
"TNFAIP8L2","black"
"RPS23","blue"
"B4GALT4","brown"
"SMCR7L","blue"
"TUBB2A","turquoise"
"GPRC5A","turquoise"
"MAP3K11","green"
"PPP2R5D","blue"
"ASMTL","green"
"MBD4","brown"
"C6orf62","grey"
"ELF1","brown"
"UBL4A","blue"
"PLDN","brown"
"RRS1","blue"
"TRIB3","grey"
"SLC48A1","turquoise"
"BET1","yellow"
"C19orf63","blue"
"CLN5","yellow"
"ZAK","red"
"QPCT","black"
"SLC26A11","brown"
"ERCC1","blue"
"SETD8","red"
"MPZL2","grey"
"LGALS8","red"
"PHLDA3","turquoise"
"SMAP2","black"
"TFPT","grey"
"C7orf25","brown"
"UBE2S","grey"
"RNF139","brown"
"TBCE","yellow"
"FAAH","turquoise"
"ARID1A","green"
"SLC2A4RG","blue"
"TREM1","green"
"TTLL12","grey"
"SMAGP","grey"
"ENO1","red"
"TMEM176B","grey"
"LTV1","yellow"
"PPP2R5B","turquoise"
"MTX1","red"
"UBXN2B","black"
"OSTM1","brown"
"KAZ","black"
"IFI44","grey"
"GIGYF2","green"
"March 7","brown"
"CRYZ","yellow"
"VASH1","grey"
"FAM91A1","brown"
"HBEGF","grey"
"TRRAP","blue"
"PHF11","brown"
"ANKRD40","blue"
"GBA","red"
"MLLT10","brown"
"PICALM","brown"
"TNFSF12","blue"
"KDM1B","brown"
"POMT1","turquoise"
"IL1B","grey"
"PELO","black"
"FXC1","blue"
"GM2A","grey"
"RBM12","yellow"
"PSMD13","black"
"KDM5B","black"
"ARGLU1","brown"
"KIAA0319L","green"
"TKT","green"
"EDC3","black"
"CAND1","yellow"
"DSCR3","brown"
"C1orf151","blue"
"RARG","turquoise"
"PKNOX1","black"
"GCC1","green"
"FKBP15","red"
"ZC3H11A","brown"
"SGPL1","green"
"CTBP1","blue"
"ABP1","turquoise"
"HOMER3","black"
"UBE2E2","blue"
"LOC441722","black"
"U2AF1","black"
"HTT","turquoise"
"NVL","blue"
"SCO2","grey"
"SFRS17A","green"
"WASF3","grey"
"RAI1","turquoise"
"FMNL2","grey"
"INPP5A","grey"
"BLOC1S2","brown"
"CCDC117","brown"
"SNX19","brown"
"NLK","brown"
"TLE4","brown"
"SYNJ2BP","blue"
"NRARP","turquoise"
"STEAP4","brown"
"ZNF174","brown"
"JARID2","green"
"ATM","blue"
"SMAP1","brown"
"RTEL1","turquoise"
"MME","green"
"FAM118A","blue"
"LDLR","red"
"CASP2","green"
"VTA1","brown"
"RRP7A","blue"
"BAT5","red"
"SKAP2","brown"
"DNAJC10","yellow"
"GBE1","brown"
"PTPRN","turquoise"
"EMG1","yellow"
"CCNH","brown"
"METAP1","blue"
"ATG16L1","yellow"
"WBP2","turquoise"
"IER3","red"
"GLIPR2","black"
"C12orf4","brown"
"APH1B","red"
"COMMD8","brown"
"LOC10431","grey"
"RING1","blue"
"EIF3B","turquoise"
"SLC35F5","brown"
"C17orf106","grey"
"EXOSC4","red"
"CBX6","blue"
"NUDT22","red"
"KIAA0368","brown"
"NUCB2","yellow"
"NRSN2","turquoise"
"MINPP1","grey"
"RPUSD1","turquoise"
"CPSF1","blue"
"CUL4B","brown"
"LIMD2","green"
"SPIN1","yellow"
"PAK1","green"
"SLC26A2","yellow"
"KIF2A","brown"
"THAP11","blue"
"SNTB2","red"
"MST4","brown"
"SIPA1","black"
"GIGYF1","turquoise"
"SRD5A3","grey"
"ITPKC","red"
"COMTD1","blue"
"PROS1","grey"
"ATP13A3","brown"
"ANAPC4","yellow"
"RILP","turquoise"
"C1orf96","brown"
"DAPK1","yellow"
"C1orf116","turquoise"
"DENND4B","grey"
"NRIP1","brown"
"ZC3H7A","brown"
"ACAD10","grey"
"DENND3","black"
"FKBPL","grey"
"ASXL1","turquoise"
"SELL","black"
"MRPS16","blue"
"SF1","green"
"NOL6","turquoise"
"DDX28","blue"
"DRG1","blue"
"C17orf71","yellow"
"EEF1B2","yellow"
"MAD2L1","yellow"
"SLC27A3","green"
"NDUFA7","yellow"
"AP3S2","black"
"NDUFAF4","blue"
"CLPB","grey"
"KIAA1737","yellow"
"TOMM40L","red"
"RNF6","brown"
"LASS2","yellow"
"MGMT","blue"
"GMPR","turquoise"
"AURKB","turquoise"
"NT5DC1","blue"
"IL2RG","green"
"IRF9","grey"
"TP53BP2","brown"
"PPAN","blue"
"PIGU","blue"
"TMEM176A","grey"
"MAP3K3","black"
"GFPT1","yellow"
"TBC1D1","green"
"YDJC","blue"
"STAT5B","black"
"TES","red"
"UCHL3","yellow"
"RHOBTB2","turquoise"
"MYST1","green"
"MAPK9","yellow"
"TCN2","grey"
"PLCG2","green"
"C22orf40","turquoise"
"CEP55","grey"
"FBXL15","blue"
"RWDD1","yellow"
"C20orf194","grey"
"TOB1","brown"
"TRAPPC6B","brown"
"TRIM33","brown"
"MITF","grey"
"ASCC3","yellow"
"SLC24A6","black"
"TBCK","yellow"
"KLC4","turquoise"
"IBTK","yellow"
"SFT2D3","blue"
"ALKBH6","grey"
"CFLAR","black"
"TREX1","blue"
"OLFML2A","turquoise"
"KCNMA1","red"
"C21orf63","blue"
"JMY","blue"
"CDC42BPA","turquoise"
"IQCE","black"
"PLEKHF2","brown"
"C1orf77","yellow"
"SLA","black"
"RTN3","black"
"SERP1","brown"
"XRCC5","brown"
"ATP6V0B","black"
"SLC44A2","green"
"DAD1","blue"
"SPAG5","grey"
"AK2","blue"
"POLR2F","blue"
"POLR2C","grey"
"ATP5O","yellow"
"RNMTL1","blue"
"BRIX1","yellow"
"SELM","blue"
"SLC5A6","blue"
"ZMIZ1","green"
"C19orf43","green"
"STX1A","turquoise"
"NDUFA13","grey"
"USP4","green"
"GGNBP2","brown"
"ROPN1L","black"
"FAM129B","grey"
"INTS3","green"
"PHIP","brown"
"GIMAP5","blue"
"TMEM2","brown"
"RANBP6","brown"
"RTCD1","brown"
"TESC","turquoise"
"PRUNE","grey"
"SAP30L","black"
"GALNS","black"
"IMPDH1","black"
"NFU1","brown"
"STX6","green"
"MRC2","turquoise"
"C1QC","grey"
"SLC39A10","yellow"
"RAB11FIP4","green"
"NBN","brown"
"NCS1","turquoise"
"SAPS2","blue"
"CYP1B1","red"
"SLC41A1","blue"
"CAMSAP1","yellow"
"CUL2","brown"
"NCKIPSD","turquoise"
"AFF4","brown"
"WDR7","yellow"
"CDC40","brown"
"ORMDL1","yellow"
"TFEB","green"
"CLCN6","blue"
"ACVR1B","red"
"OLFML2B","turquoise"
"PRR24","green"
"BAZ1A","red"
"ERLIN1","red"
"NSD1","green"
"RNF43","turquoise"
"YME1L1","brown"
"CAPRIN1","yellow"
"F11R","green"
"SKIV2L2","yellow"
"ARL6IP1","brown"
"DPAGT1","blue"
"TSTD1","grey"
"MED20","brown"
"SFPQ","yellow"
"BCCIP","yellow"
"ABCD3","brown"
"MRPL9","blue"
"SENP2","brown"
"HEBP2","red"
"PARN","blue"
"MOBKL2A","green"
"CTNNAL1","turquoise"
"GZMA","blue"
"MED4","brown"
"CDC42EP3","red"
"LYRM5","brown"
"UBE4B","green"
"ALDH3A2","blue"
"RAB6B","turquoise"
"APOBEC3G","yellow"
"CARHSP1","turquoise"
"ZBTB4","blue"
"PDE4DIP","blue"
"ARHGEF17","turquoise"
"NSDHL","blue"
"RRP9","grey"
"PEBP1","blue"
"LTBP2","turquoise"
"JAZF1","turquoise"
"C9orf72","brown"
"MFSD5","green"
"MMAB","grey"
"FLVCR2","red"
"HSPC159","grey"
"B3GALNT2","yellow"
"AGPAT2","red"
"ANGEL1","blue"
"PDSS1","red"
"HNRNPUL2","green"
"PEX6","grey"
"NCAPD3","yellow"
"IFFO1","green"
"ZXDC","green"
"ARHGEF18","blue"
"TSEN15","yellow"
"PLXNA2","green"
"NAV2","turquoise"
"BCAT1","brown"
"PHF15","blue"
"CRAT","turquoise"
"ARFGEF1","brown"
"PDE5A","grey"
"TCF12","yellow"
"SMCHD1","brown"
"PHF21A","black"
"CSRNP2","brown"
"SUB1","brown"
"CAPZB","black"
"SYT11","grey"
"POLD2","blue"
"SFRP2","turquoise"
"S100B","grey"
"PHB","blue"
"ELP3","blue"
"CLNS1A","yellow"
"TUBG2","turquoise"
"C19orf25","black"
"ACLY","yellow"
"CDK16","turquoise"
"MYD88","brown"
"MAT2B","yellow"
"HNRPDL","yellow"
"ATP6V1D","grey"
"KIAA0196","yellow"
"SNRNP25","blue"
"SDHB","brown"
"LRRC61","grey"
"ATP5D","blue"
"ISCA2","yellow"
"ACBD6","blue"
"MRPS27","blue"
"IVD","blue"
"PECAM1","green"
"SPTLC2","red"
"IP6K2","green"
"DUSP23","blue"
"BBX","green"
"HLA-DRB5","grey"
"CDK9","black"
"C16orf42","grey"
"GNA11","blue"
"SYNCRIP","yellow"
"KAT2B","turquoise"
"PPM1A","brown"
"CCS","turquoise"
"CKLF","brown"
"DGKA","blue"
"TIFA","brown"
"B3GALT6","blue"
"HOOK2","grey"
"FAM195A","blue"
"C2orf18","grey"
"DIRAS1","turquoise"
"C1orf59","brown"
"HDAC7","black"
"RUFY1","grey"
"PARP16","blue"
"MYL4","turquoise"
"USE1","blue"
"CCDC22","grey"
"PPARG","grey"
"NEURL4","grey"
"KCNE3","black"
"NIPA1","blue"
"FGF13","red"
"C22orf29","blue"
"REXO1","turquoise"
"ZNF408","turquoise"
"ZYG11B","brown"
"UBR1","brown"
"CSDC2","turquoise"
"SUMF1","brown"
"INPPL1","black"
"LRRC14","turquoise"
"ZNF559","yellow"
"ITPKB","blue"
"ZNF605","yellow"
"BCL6","black"
"ADCY7","yellow"
"INPP1","brown"
"OGDH","turquoise"
"STAT3","black"
"IVNS1ABP","brown"
"FBXO3","brown"
"SELPLG","black"
"TOR1A","red"
"METTL9","red"
"PPIF","grey"
"DNAJC19","yellow"
"RNF8","blue"
"POLL","turquoise"
"KLHL22","blue"
"KIAA1324","green"
"CDK2","grey"
"EDF1","turquoise"
"ACTL6A","yellow"
"SFRS16","green"
"DYNC1LI1","brown"
"ASF1A","yellow"
"RHOC","blue"
"AACS","blue"
"NUPL1","brown"
"TIMM9","blue"
"RAB8B","brown"
"BIN3","black"
"C16orf53","black"
"ING4","grey"
"EIF1AY","grey"
"RABEPK","green"
"FAM128B","grey"
"FAM128A","blue"
"C9orf16","red"
"INTS10","yellow"
"FUNDC2","turquoise"
"ASL","red"
"JAG1","brown"
"CENPW","grey"
"S100PBP","yellow"
"YEATS4","yellow"
"APIP","yellow"
"RIN2","yellow"
"HIRA","yellow"
"RAD17","yellow"
"SMNDC1","brown"
"RHOD","turquoise"
"N4BP1","black"
"CD248","turquoise"
"PHF6","yellow"
"NFIA","turquoise"
"INSR","black"
"ABHD3","brown"
"ARHGEF3","yellow"
"PNPLA4","blue"
"SLC25A24","brown"
"IFT27","yellow"
"EIF2C1","green"
"PLAC8","red"
"PDE7A","yellow"
"MINK1","turquoise"
"ABTB2","turquoise"
"CABIN1","blue"
"EHD4","blue"
"BOLA1","blue"
"FAM100A","turquoise"
"HMBS","turquoise"
"PLXNA3","turquoise"
"AGL","brown"
"USP20","blue"
"SOS1","yellow"
"SEMA4C","turquoise"
"MTM1","brown"
"QSER1","blue"
"SEMA3F","turquoise"
"NELL2","blue"
"ACP2","grey"
"PGAM1","red"
"HSPA8","blue"
"EIF1","grey"
"ACAA1","black"
"HCP5","blue"
"TCAP","turquoise"
"POLR2G","blue"
"SRM","blue"
"DLST","blue"
"DAGLB","grey"
"SNRPB","blue"
"C9orf7","turquoise"
"YARS2","blue"
"TIMM17B","grey"
"DDX54","blue"
"RGS16","grey"
"SNRPA1","blue"
"CA12","turquoise"
"PFDN4","grey"
"DCUN1D4","yellow"
"PDCD5","yellow"
"RPL30","blue"
"CWC22","brown"
"IKBKE","grey"
"SAT2","blue"
"ABCF1","blue"
"NBAS","blue"
"ATF6B","grey"
"DCK","grey"
"GPSM2","brown"
"GART","blue"
"TOP2A","grey"
"ASB8","black"
"WIPF2","green"
"ALKBH3","blue"
"PTK2B","black"
"PSMC6","brown"
"YRDC","yellow"
"SEC22A","yellow"
"SLC7A7","green"
"MED8","brown"
"CCL3","grey"
"BIN2","black"
"HEXIM1","grey"
"TMCO3","brown"
"MED1","yellow"
"GDPD5","turquoise"
"WTAP","brown"
"LOC646517","brown"
"USP5","turquoise"
"FBRSL1","blue"
"MTMR3","black"
"IL11RA","blue"
"TRAPPC6A","blue"
"OCEL1","blue"
"GAK","green"
"MLYCD","blue"
"PIP5K1B","turquoise"
"FAM107A","grey"
"PPP1R3B","black"
"SUFU","turquoise"
"SOLH","blue"
"C4orf41","brown"
"NSMCE2","brown"
"ERI1","brown"
"UNC50","brown"
"SERINC2","grey"
"TUBGCP6","blue"
"C5orf51","yellow"
"KLHDC5","blue"
"PRKX","blue"
"ANO10","red"
"ZNF189","brown"
"PPAPDC1B","blue"
"IQGAP2","brown"
"ARFGEF2","yellow"
"ELP4","blue"
"ADCY9","turquoise"
"MGRN1","green"
"DGKD","green"
"SF3A1","green"
"MTCH2","yellow"
"ESD","blue"
"SFRS18","yellow"
"TRIM37","yellow"
"YLPM1","blue"
"THBS1","red"
"SLC39A7","grey"
"TMX1","brown"
"C3AR1","grey"
"SGSH","red"
"RAB3GAP1","brown"
"TRABD","red"
"ZNF627","yellow"
"ACOT13","grey"
"ACP6","red"
"RPL41","turquoise"
"DERA","brown"
"SPCS3","brown"
"ANKHD1-EIF4EBP3","green"
"ANKHD1","green"
"NUDT5","grey"
"SPNS1","turquoise"
"SPPL2A","brown"
"DNAJC2","yellow"
"HCFC1","blue"
"C16orf61","yellow"
"LSM6","brown"
"UCKL1","blue"
"TCEA3","blue"
"MKI67","grey"
"SYNGR1","grey"
"LYSMD2","yellow"
"RAB40C","green"
"STK3","brown"
"USP38","brown"
"NTHL1","blue"
"DRAM2","brown"
"TARBP2","turquoise"
"CTDSPL","turquoise"
"KHNYN","grey"
"APOM","turquoise"
"PYCARD","green"
"TRIM32","blue"
"VPS8","black"
"WIBG","grey"
"FAM175B","brown"
"TSPAN33","turquoise"
"MEGF8","turquoise"
"RABGGTA","blue"
"TTC9C","red"
"RRP1B","blue"
"C6orf192","turquoise"
"TMEM119","grey"
"IFT122","turquoise"
"RNASE6","green"
"SCARF2","turquoise"
"ANK3","blue"
"FAM160B1","brown"
"IFFO2","blue"
"EXO1","turquoise"
"SCRIB","blue"
"TMEM106B","yellow"
"MSRB3","red"
"ZNF318","brown"
"ACOX2","grey"
"LEMD3","brown"
"BEND7","grey"
"C14orf138","brown"
"ZNF75D","yellow"
"LHFPL2","grey"
"ATP5L","yellow"
"ZNF787","black"
"OLIG1","grey"
"FDFT1","turquoise"
"LAP3","yellow"
"BGN","turquoise"
"MRGPRF","turquoise"
"GNG2","brown"
"LOC150776","blue"
"MFAP1","brown"
"MYLPF","turquoise"
"ARMCX3","brown"
"WDR47","brown"
"MRPL50","yellow"
"PET112L","blue"
"TMPRSS4","turquoise"
"LRRC59","blue"
"NR2C1","blue"
"TADA1","yellow"
"SUV39H1","grey"
"CELA3A","turquoise"
"POLR2H","blue"
"CDS2","black"
"TBPL1","grey"
"PREP","blue"
"WWOX","blue"
"GIT2","green"
"STAM","brown"
"NDUFB1","red"
"C6orf115","yellow"
"ROMO1","red"
"RAB4A","brown"
"CLEC2B","brown"
"RAMP1","grey"
"ATOX1","red"
"ESYT2","yellow"
"FBXL5","brown"
"LYRM4","blue"
"UNC93B1","grey"
"TBC1D10B","black"
"GCAT","turquoise"
"C3orf14","grey"
"RNGTT","brown"
"BRE","black"
"PLOD2","grey"
"WDR26","grey"
"NCOA1","green"
"PLEK2","turquoise"
"MPEG1","green"
"SSH3","black"
"USP18","grey"
"ANAPC11","blue"
"GALNT3","brown"
"YPEL3","turquoise"
"FAM172A","brown"
"MAP4K3","yellow"
"IREB2","brown"
"TRIM47","turquoise"
"WDR83","grey"
"CRLF1","turquoise"
"TRAPPC9","turquoise"
"TCF7L1","turquoise"
"BCL2","blue"
"GNPTAB","blue"
"ATG2B","brown"
"CUL7","turquoise"
"LACTB","brown"
"P2RX5","blue"
"TBKBP1","black"
"LOXL3","turquoise"
"NINJ2","turquoise"
"DTNBP1","red"
"MUM1","blue"
"ELOF1","turquoise"
"NCOA3","green"
"FLYWCH1","turquoise"
"PAOX","blue"
"STK16","red"
"MBTD1","brown"
"TMEM62","grey"
"SUV420H1","brown"
"SH3RF3","black"
"RAP1GAP2","green"
"AMZ2","yellow"
"FZD5","turquoise"
"MAP1S","black"
"CRBN","brown"
"DEFA1","grey"
"TOR1AIP1","brown"
"C1orf63","brown"
"RNASEH2C","blue"
"SNX4","brown"
"ETF1","brown"
"ACTR6","yellow"
"MRPL44","brown"
"SERPINA1","black"
"MAN1B1","blue"
"TAPBPL","green"
"COPS5","brown"
"OSBPL2","black"
"COX7A2","grey"
"CD276","turquoise"
"EIF3A","yellow"
"HCCS","yellow"
"KIAA0406","blue"
"GOLPH3L","blue"
"CCDC85B","grey"
"TP53RK","yellow"
"DLC1","red"
"FBP1","green"
"SULF2","green"
"WDR33","blue"
"TPST2","red"
"CTSA","grey"
"SWAP70","yellow"
"A4GALT","turquoise"
"DVL3","black"
"NUS1","brown"
"C18orf55","blue"
"NDEL1","black"
"NIT2","blue"
"TM9SF1","green"
"SUDS3","brown"
"ZDHHC17","brown"
"APEX2","turquoise"
"ZNF706","yellow"
"C13orf23","brown"
"ZDHHC2","grey"
"AQP5","turquoise"
"EIF4G3","red"
"TAF2","yellow"
"SURF1","blue"
"COL4A3BP","brown"
"MAPK13","grey"
"GMEB1","blue"
"March 9","blue"
"CSRNP1","black"
"TMEM186","blue"
"ZEB1","green"
"POLR3C","blue"
"SRCAP","grey"
"GABBR1","red"
"GLT25D1","red"
"ROM1","red"
"FBXO41","blue"
"ZNF638","brown"
"AHCYL2","blue"
"FAM189B","blue"
"OSTC","yellow"
"KBTBD11","grey"
"ANG","grey"
"FAM173B","grey"
"ACVRL1","turquoise"
"ELF4","green"
"C1orf131","yellow"
"TNF","grey"
"WTIP","turquoise"
"CAMKK1","black"
"LRMP","green"
"TMCC1","green"
"TRAF1","blue"
"SLC17A9","turquoise"
"CDYL","yellow"
"BRPF3","grey"
"ZNF238","brown"
"ZFYVE26","grey"
"RAPGEF2","green"
"PABPC1L","green"
"IPO11","red"
"C1orf38","black"
"FOXJ1","turquoise"
"WSB1","red"
"GLUL","turquoise"
"Septin 6","blue"
"MAFB","brown"
"TMEM97","grey"
"DERL1","yellow"
"CES1","grey"
"ABHD8","grey"
"ARL1","yellow"
"GPATCH4","blue"
"PI3","grey"
"AGPAT4","grey"
"CISD2","turquoise"
"LMO4","green"
"TBXAS1","black"
"TP53I13","blue"
"PLA2G16","turquoise"
"CDT1","grey"
"KLHDC4","blue"
"RPS6KA4","blue"
"NXT1","blue"
"GLRX5","turquoise"
"C12orf10","turquoise"
"RBM17","yellow"
"TM2D1","brown"
"RBMX2","blue"
"MRPS9","blue"
"ZW10","yellow"
"CYB561","blue"
"DUSP2","blue"
"MRPL18","yellow"
"PMS1","yellow"
"MAP1LC3A","turquoise"
"CMTM7","green"
"TNRC18","green"
"CRIP1","blue"
"COL7A1","turquoise"
"GPAM","blue"
"UBN1","green"
"EID2","yellow"
"ATRX","green"
"NAAA","blue"
"GLB1L2","turquoise"
"PSKH1","grey"
"IFT88","grey"
"TAF6","blue"
"ARHGAP30","black"
"TMX3","brown"
"GCH1","brown"
"DHTKD1","black"
"LATS2","brown"
"TMEM150A","turquoise"
"ANKRD12","brown"
"INF2","turquoise"
"ALG13","yellow"
"TSEN54","blue"
"PIK3R5","green"
"ADRBK2","blue"
"ATAD3A","turquoise"
"ATAD3B","turquoise"
"GNE","brown"
"INO80D","brown"
"ASPH","brown"
"SSH2","black"
"ACBD5","brown"
"LLGL2","blue"
"ITGAE","yellow"
"SLC9A8","black"
"C1orf226","grey"
"ALDH9A1","green"
"SUMO3","yellow"
"NAA50","brown"
"ARL8B","brown"
"BUB3","yellow"
"KLF2","green"
"KIAA0174","brown"
"PIM2","blue"
"SF3A2","turquoise"
"VWA1","turquoise"
"FAIM3","blue"
"SH3BP5L","turquoise"
"SRPK2","green"
"ARPC5L","red"
"C9orf78","turquoise"
"CHURC1","brown"
"GET4","red"
"TMEM14B","yellow"
"MYLK","grey"
"GLIPR1","green"
"ATL3","brown"
"REEP2","turquoise"
"CHCHD6","turquoise"
"NCAPH","turquoise"
"PIGK","brown"
"STX12","brown"
"SLC37A3","black"
"ZNF689","blue"
"GNPDA2","yellow"
"POP5","blue"
"HIF1AN","black"
"FAM110A","green"
"IFIT2","grey"
"SLC7A11","grey"
"MT1F","grey"
"ARID4B","brown"
"TUBGCP3","brown"
"CDC42","red"
"CRYM","turquoise"
"HSBP1L1","grey"
"LPHN1","turquoise"
"ANAPC1","blue"
"DHX58","grey"
"C12orf24","blue"
"FCN1","green"
"NMRAL1","blue"
"SERPINI1","grey"
"JOSD2","turquoise"
"PSMA4","brown"
"SGPP1","yellow"
"CRAMP1L","yellow"
"MDM4","green"
"ANKRD37","brown"
"BCL7C","blue"
"ATP13A2","turquoise"
"PRKCB","green"
"TMC8","blue"
"TMCC2","turquoise"
"DNAJC27","brown"
"CHN2","turquoise"
"RNF169","green"
"ADORA2A","red"
"ZFAT","turquoise"
"RABL2B","blue"
"MRVI1","black"
"RAB3GAP2","brown"
"RNF41","red"
"RFX7","yellow"
"YPEL2","grey"
"SNX30","yellow"
"RC3H2","green"
"C3orf23","brown"
"BDP1","yellow"
"SUOX","red"
"TPSAB1","turquoise"
"SLC36A1","red"
"PID1","blue"
"C7orf29","brown"
"FAM131A","grey"
"SLC6A6","black"
"UBE2L6","grey"
"PARP14","grey"
"HNRNPU","yellow"
"CYCS","yellow"
"NASP","yellow"
"PRKAR1A","brown"
"CLIC1","red"
"AZI2","brown"
"GIMAP4","blue"
"CWC15","yellow"
"OLR1","grey"
"TCP1","yellow"
"CDK5R1","brown"
"ABCF2","blue"
"TBL3","blue"
"UBE2G1","brown"
"UBE3C","yellow"
"RNF11","turquoise"
"SLC12A4","turquoise"
"SND1","turquoise"
"FES","black"
"EIF2B3","blue"
"TEX2","grey"
"PDSS2","grey"
"THBS3","grey"
"LOC731602","blue"
"C2orf43","yellow"
"DUSP6","yellow"
"NQO2","red"
"PLSCR3","blue"
"SNRNP40","blue"
"ATL2","brown"
"ZG16","turquoise"
"PPP1R1A","turquoise"
"REEP3","brown"
"CTNND1","grey"
"SKA1","grey"
"CHPT1","turquoise"
"MESDC1","grey"
"DONSON","yellow"
"RUFY3","blue"
"INTS5","turquoise"
"Septin 1","blue"
"NR1D2","blue"
"EML3","green"
"EFNA4","blue"
"PRR5","turquoise"
"KIF21B","grey"
"EIF4ENIF1","yellow"
"ZNF131","yellow"
"RICTOR","brown"
"PIGF","brown"
"PCNX","black"
"HLX","black"
"ZNF232","blue"
"RPS6KC1","brown"
"KNTC1","yellow"
"CYP27B1","turquoise"
"C3orf19","green"
"FAM102B","brown"
"ECHDC2","blue"
"PLCB2","turquoise"
"MGAT3","turquoise"
"TNFRSF25","blue"
"GUCY1A3","grey"
"RELB","green"
"PITPNM1","green"
"TRANK1","grey"
"USP37","blue"
"YTHDC2","brown"
"EIF2AK3","yellow"
"SGMS2","brown"
"PRKRA","blue"
"GRB10","red"
"TAF4","yellow"
"CTNNB1","brown"
"CSE1L","blue"
"CORO7","green"
"TOLLIP","grey"
"SF3B3","turquoise"
"MAN2C1","blue"
"DR1","brown"
"ATP6V1C1","red"
"C14orf147","brown"
"MTDH","yellow"
"TTC37","blue"
"UBE2M","turquoise"
"C12orf75","grey"
"NDUFS8","blue"
"NMT1","red"
"EIF6","blue"
"FBXO22","yellow"
"CDC42EP1","turquoise"
"MMADHC","red"
"PTGS1","grey"
"PQLC1","turquoise"
"NPM3","blue"
"QTRT1","turquoise"
"POLE4","grey"
"GPR108","black"
"WBP4","brown"
"TMEM160","blue"
"ADAM8","black"
"ACN9","red"
"DNAJC30","blue"
"PPA2","red"
"PDP1","yellow"
"PIAS4","grey"
"FBXO2","turquoise"
"CNO","yellow"
"DPM3","blue"
"HIPK1","grey"
"PTDSS2","turquoise"
"RASSF1","blue"
"C10orf11","grey"
"MBD6","black"
"NEK2","grey"
"C11orf83","blue"
"SCRN2","blue"
"FAM174A","yellow"
"EDEM1","brown"
"MRPS10","yellow"
"EXOC2","yellow"
"NFRKB","yellow"
"SASH3","green"
"KIAA1826","yellow"
"ZBED4","blue"
"SMUG1","turquoise"
"PHC3","brown"
"NAA35","yellow"
"SLC30A7","brown"
"ZBTB43","yellow"
"NAPSA","turquoise"
"PCF11","brown"
"LRFN4","turquoise"
"RAB7L1","brown"
"ETS1","blue"
"LRRFIP1","brown"
"TMC4","grey"
"COQ2","brown"
"RAPGEF6","yellow"
"SNX13","brown"
"EFNB3","turquoise"
"HHEX","brown"
"ZNF84","blue"
"ZBTB34","brown"
"PGBD5","turquoise"
"INO80","blue"
"FNDC5","turquoise"
"PEX7","yellow"
"DIAPH2","red"
"PRR12","turquoise"
"ZNF558","yellow"
"GNB5","grey"
"CELSR3","turquoise"
"ACSS2","red"
"REPS2","black"
"LIME1","blue"
"SFRS2B","grey"
"ACTA2","grey"
"SEC23A","brown"
"DAB2","grey"
"ACADM","yellow"
"SAFB","green"
"LMBR1L","grey"
"COX6A2","turquoise"
"SLC4A1AP","brown"
"HIRIP3","blue"
"DLGAP5","grey"
"TRIM22","brown"
"GGA2","blue"
"PNPO","blue"
"GNG11","grey"
"NUDT3","brown"
"TXNL4B","red"
"MDM1","brown"
"UBTF","blue"
"MIDN","black"
"MTF1","red"
"TMEM126B","brown"
"P4HTM","blue"
"RWDD4A","brown"
"DAPK3","turquoise"
"PLEKHO1","blue"
"MTHFS","red"
"PFKFB4","black"
"GALNT7","brown"
"SLC7A1","turquoise"
"HBS1L","grey"
"UTP3","yellow"
"PPP3CC","blue"
"TMEM168","brown"
"C2orf79","grey"
"NEDD4L","turquoise"
"FGL2","green"
"PEX16","grey"
"MAD2L2","red"
"GOSR2","red"
"FLYWCH2","turquoise"
"SEMA4F","turquoise"
"CCDC43","yellow"
"C17orf81","blue"
"TRAPPC5","turquoise"
"SIRT3","turquoise"
"TYMP","black"
"POLR2D","blue"
"QKI","brown"
"L3MBTL2","blue"
"TMEM206","yellow"
"TNKS2","brown"
"C17orf80","yellow"
"CACNG4","turquoise"
"ACSL6","turquoise"
"DGKQ","blue"
"ARID3B","black"
"CMC1","yellow"
"CUL5","yellow"
"FGR","red"
"MFF","red"
"FAM57B","turquoise"
"C8orf82","blue"
"UTP14C","yellow"
"ALG11","yellow"
"HS1BP3","green"
"SEZ6L2","turquoise"
"HIP1R","blue"
"CYYR1","red"
"LPPR2","black"
"CRTC3","blue"
"SP110","green"
"EMID1","turquoise"
"C9orf103","red"
"SMC5","yellow"
"HKDC1","turquoise"
"SUSD1","red"
"TMCO4","blue"
"CCNYL1","brown"
"TMCO6","turquoise"
"CLDN15","grey"
"LCLAT1","yellow"
"HIVEP2","brown"
"DHRS11","turquoise"
"HIVEP1","brown"
"ARHGEF11","black"
"ITSN1","turquoise"
"NUP88","blue"
"HADH","blue"
"MPP1","turquoise"
"CDK4","blue"
"CYP51A1","red"
"GOLPH3","brown"
"NT5C2","black"
"VEZT","yellow"
"CCNA2","yellow"
"ERAP2","yellow"
"AP1G1","black"
"LEPRE1","blue"
"CHMP4A","blue"
"PRKRIP1","blue"
"IGFBP2","grey"
"CAST","red"
"G3BP1","yellow"
"EXOSC3","brown"
"BCAP29","brown"
"AKAP13","green"
"ACAT2","yellow"
"PLEKHF1","blue"
"CDC37L1","yellow"
"MT3","turquoise"
"CDC42SE1","black"
"TBC1D25","turquoise"
"KAT5","black"
"GPR109A","green"
"UBLCP1","brown"
"TMEM8A","black"
"FASTKD1","yellow"
"KIAA1033","brown"
"NGDN","yellow"
"NARG2","yellow"
"IL2RB","blue"
"ANKRD28","brown"
"SSBP3","turquoise"
"DGAT2","black"
"BRPF1","blue"
"ZNHIT6","blue"
"RUNDC1","brown"
"OBFC1","red"
"STK17A","brown"
"SMN2","yellow"
"HPSE","grey"
"AKAP11","yellow"
"HIF3A","turquoise"
"KIAA1967","blue"
"STEAP3","grey"
"PARP8","green"
"HCST","blue"
"RBP7","green"
"MECP2","green"
"AVEN","blue"
"GIYD1","grey"
"ZMYM4","yellow"
"SFI1","blue"
"STUB1","blue"
"KIAA1109","brown"
"B3GNT5","brown"
"FAM190B","yellow"
"PPOX","turquoise"
"XPA","yellow"
"STK35","green"
"BAIAP2","turquoise"
"CENPV","turquoise"
"UNC13D","black"
"CSF2RB","brown"
"ZNF286A","blue"
"C17orf95","yellow"
"APPL1","yellow"
"CEP250","blue"
"DDC","turquoise"
"LOC729991","red"
"HOOK3","brown"
"AKAP8","yellow"
"C14orf43","blue"
"RAB43","black"
"SHPRH","yellow"
"TMEM37","turquoise"
"GATA2","blue"
"WDR62","turquoise"
"MBNL2","yellow"
"MMP24","turquoise"
"DIDO1","yellow"
"SLC6A19","turquoise"
"FGFBP2","blue"
"GRWD1","turquoise"
"TIMP2","black"
"PKM2","red"
"ENG","turquoise"
"RAB5A","brown"
"ZNHIT3","yellow"
"GDE1","turquoise"
"MAPK6","brown"
"C12orf23","yellow"
"SS18","yellow"
"PTBP2","brown"
"RAB35","black"
"WDR54","blue"
"SP1","black"
"RAB7A","black"
"PABPC4","blue"
"RANBP2","brown"
"ZNF3","blue"
"GGH","grey"
"COCH","grey"
"NCAPG","grey"
"SDAD1","blue"
"PEX12","yellow"
"CCNY","green"
"KPTN","grey"
"FUBP1","yellow"
"LYAR","blue"
"TFB2M","yellow"
"UBE2R2","black"
"PPP3CA","brown"
"BIRC3","blue"
"HABP4","blue"
"ZNF395","blue"
"NETO2","grey"
"RAD1","blue"
"RFC4","yellow"
"MSL3","red"
"LRBA","turquoise"
"NDUFAF1","red"
"TBC1D17","turquoise"
"PPP2R2B","blue"
"PHF19","blue"
"C5orf41","green"
"EMB","brown"
"PIK3C2A","yellow"
"REV1","yellow"
"RARA","black"
"CCDC76","blue"
"TBC1D9","yellow"
"MIA3","yellow"
"GATS","grey"
"CYP2R1","yellow"
"USP13","blue"
"FAM122B","yellow"
"MMRN1","grey"
"CCDC137","blue"
"KIAA0415","grey"
"CHML","yellow"
"C3orf59","grey"
"ATXN1","brown"
"PALB2","blue"
"GLT1D1","black"
"CDRT4","blue"
"SLC27A1","turquoise"
"BIK","red"
"SMURF1","brown"
"CYB561D1","turquoise"
"LINS1","yellow"
"AMMECR1","blue"
"PLEKHA1","blue"
"ZDHHC8","turquoise"
"CREB5","black"
"FOXK1","yellow"
"TAZ","red"
"F8","red"
"LYST","green"
"UBOX5","turquoise"
"BTAF1","yellow"
"PLIN3","black"
"NOL11","blue"
"ALDH6A1","blue"
"RANBP1","blue"
"F2","turquoise"
"CCPG1","brown"
"KIF20A","grey"
"CAPZA2","brown"
"EXT2","blue"
"LCMT2","blue"
"RIPK3","red"
"BCKDHB","blue"
"CREB3","blue"
"FAM26F","grey"
"ITLN1","turquoise"
"CRISPLD2","green"
"PLP2","red"
"NOV","blue"
"GTF2A2","red"
"TRMT12","yellow"
"STX8","yellow"
"SFRS3","yellow"
"UBE2D1","brown"
"SMAD1","red"
"FRG1","yellow"
"C7orf30","red"
"CX3CR1","blue"
"HSPA6","green"
"KIAA0467","green"
"MRPL33","brown"
"TAP2","yellow"
"RILPL2","brown"
"NDUFS7","blue"
"GCHFR","blue"
"TMEM18","blue"
"ENDOG","blue"
"NAIF1","grey"
"FAM21A","blue"
"NDUFV3","grey"
"BCL9L","blue"
"CXorf26","yellow"
"C2orf47","brown"
"DVL1","blue"
"HEMK1","blue"
"SCN1B","turquoise"
"GAS2L1","turquoise"
"CXorf40A","yellow"
"FNIP2","blue"
"CYLD","yellow"
"GNB4","brown"
"CMPK2","grey"
"NCF4","black"
"C18orf22","blue"
"GPBP1","brown"
"PLEKHB2","brown"
"EMILIN2","red"
"CCDC84","blue"
"CENPC1","yellow"
"MTX3","yellow"
"RFFL","green"
"PCNT","blue"
"DSTYK","green"
"TRPM7","yellow"
"SH3PXD2B","red"
"MORC3","brown"
"HERC6","grey"
"ARHGEF7","blue"
"WDR70","grey"
"CTXN1","turquoise"
"ZBTB11","yellow"
"CARD11","blue"
"GON4L","turquoise"
"LSP1","black"
"TMEM229B","blue"
"ZNF776","brown"
"SPI1","black"
"FOXN2","brown"
"SLC15A4","brown"
"ITSN2","brown"
"CNOT6L","yellow"
"FGD6","blue"
"ADAM19","black"
"UHRF1","grey"
"LTF","red"
"HLA-DRB1","blue"
"HLA-E","green"
"HNRNPA3","yellow"
"MTMR6","brown"
"NOL7","red"
"PGD","red"
"TCL1A","blue"
"MBTPS2","yellow"
"KBTBD6","brown"
"PICK1","turquoise"
"MEF2C","blue"
"SFXN3","blue"
"GPN1","yellow"
"EXOC6","brown"
"C6orf211","brown"
"PHF23","black"
"RNF138","brown"
"LEO1","blue"
"IFI44L","grey"
"POC5","yellow"
"GNG7","blue"
"RBM34","yellow"
"CDK6","blue"
"LRRC40","yellow"
"EML2","red"
"RPS15A","grey"
"SCNM1","red"
"HAT1","brown"
"PKMYT1","turquoise"
"ZNF24","brown"
"AMN1","brown"
"CD3D","blue"
"C6orf64","yellow"
"KPNA6","grey"
"FEM1C","brown"
"CREBZF","yellow"
"CEACAM1","red"
"FIS1","turquoise"
"TYROBP","black"
"NDUFA1","red"
"ORAI1","black"
"GPX7","yellow"
"SP3","brown"
"PIGB","brown"
"AKAP2","blue"
"RPS6KB1","yellow"
"PDZK1IP1","turquoise"
"TRAPPC1","red"
"PYGO2","blue"
"RBM16","yellow"
"TNFRSF10D","red"
"C6orf136","blue"
"PXMP2","yellow"
"CAPN3","red"
"DUSP16","red"
"KIAA1467","turquoise"
"FBXO30","brown"
"DDX11","turquoise"
"TDP1","blue"
"HOXC10","turquoise"
"KCNQ1","green"
"PTRH1","blue"
"GSN","red"
"DNAJB12","green"
"GMIP","black"
"PDGFC","red"
"CTSG","grey"
"OXR1","brown"
"TRIM35","blue"
"TMUB2","black"
"LYL1","turquoise"
"MTERFD1","yellow"
"GAPVD1","grey"
"CHD7","black"
"SFRS2IP","brown"
"MAP4K2","grey"
"MED12","black"
"COPS7A","black"
"ARHGEF6","yellow"
"SHANK3","turquoise"
"DOCK11","brown"
"GLI3","turquoise"
"GCOM1","yellow"
"CEP110","yellow"
"KIAA0284","turquoise"
"PCSK6","grey"
"PTAR1","brown"
"CORO2A","red"
"ALPK3","turquoise"
"NEIL2","turquoise"
"B9D2","black"
"NGFR","turquoise"
"STK4","green"
"MKKS","brown"
"PLP1","turquoise"
"PA2G4","turquoise"
"CNN2","black"
"HSP90AB1","blue"
"COL9A3","grey"
"BTF3L4","brown"
"IFNAR1","black"
"ETFB","grey"
"RPL13","blue"
"TPP2","yellow"
"ZFP91","green"
"LOC100289420","blue"
"TBC1D22A","green"
"TTK","grey"
"AK3","yellow"
"EPHA4","blue"
"TMEM132A","turquoise"
"FTO","blue"
"RIOK2","yellow"
"PI16","turquoise"
"MON1A","grey"
"C7orf64","yellow"
"PHKB","brown"
"C14orf80","turquoise"
"CELF2","green"
"MRPS11","blue"
"NDUFA3","turquoise"
"LPGAT1","black"
"CHM","brown"
"LYPLAL1","brown"
"TRMT61B","yellow"
"SLC17A5","brown"
"CDC123","red"
"NFKBIL1","red"
"SAAL1","blue"
"TIA1","brown"
"PDCL3","blue"
"GTSF1","blue"
"WDR20","brown"
"GNAZ","grey"
"GCLM","red"
"RNF166","green"
"C21orf57","turquoise"
"PCSK9","turquoise"
"ZBTB45","grey"
"PDPR","blue"
"ZNF609","blue"
"PLEKHH3","turquoise"
"CDC14B","grey"
"ZNF385A","turquoise"
"TBC1D8","red"
"HOXB9","turquoise"
"LENG8","green"
"GOSR1","yellow"
"HMHA1","green"
"C16orf88","blue"
"TMEM80","grey"
"ABHD14A","blue"
"PLD1","red"
"PEX1","yellow"
"UPF3B","yellow"
"SH2D3A","blue"
"F5","black"
"DCAF16","blue"
"MORF4L2","yellow"
"C11orf75","grey"
"VWA5A","red"
"NR2C2","brown"
"CAPN7","yellow"
"OTUD3","blue"
"LOC221710","yellow"
"SMPDL3A","red"
"RC3H1","green"
"TTC13","brown"
"LRRC8C","yellow"
"TNK2","green"
"MAP2K7","turquoise"
"ATG2A","grey"
"INPP5J","turquoise"
"FAM113B","blue"
"AGFG1","red"
"PLTP","turquoise"
"C7orf60","brown"
"TRIM21","grey"
"ERP27","brown"
"TAF1","yellow"
"CRYBG3","blue"
"NKIRAS2","grey"
"C14orf4","green"
"C11orf58","brown"
"FUCA1","yellow"
"ANXA7","grey"
"TAF15","blue"
"DNAJA2","brown"
"CIAO1","blue"
"MUT","brown"
"DNAJB11","brown"
"DDX19A","blue"
"UBIAD1","blue"
"SPHK2","turquoise"
"SREBF2","turquoise"
"PPAP2A","blue"
"SEMA3C","brown"
"BNIP2","brown"
"PSEN2","turquoise"
"CKAP2","yellow"
"CD69","yellow"
"CNOT4","green"
"USP34","green"
"THOC4","blue"
"RPUSD2","grey"
"FAM46A","yellow"
"CREBL2","yellow"
"CD302","brown"
"TMEM183A","turquoise"
"HSF1","turquoise"
"FLI1","brown"
"OAS3","grey"
"ABHD5","black"
"CRY1","yellow"
"COMMD3","yellow"
"SLC24A3","grey"
"MLXIP","red"
"E2F1","turquoise"
"CYB5D1","grey"
"FTSJ2","blue"
"CSNK2B","green"
"C12orf45","blue"
"SLAIN2","brown"
"USP32","red"
"LOC162632","brown"
"KREMEN1","black"
"GNPNAT1","blue"
"OTUD6B","yellow"
"RNF216","grey"
"WDR36","blue"
"CADM3","turquoise"
"C9orf156","grey"
"ZFAND2A","brown"
"ZFR","brown"
"PLCG1","blue"
"MCM3AP","blue"
"KCTD7","blue"
"GFER","blue"
"SNX24","blue"
"MASTL","yellow"
"SMPD2","grey"
"BRD3","green"
"DYRK1B","turquoise"
"AGPS","yellow"
"ZNF766","blue"
"APOC3","turquoise"
"OSBPL11","brown"
"SLC29A2","turquoise"
"SFMBT1","blue"
"ZDHHC12","red"
"PYROXD1","brown"
"STX17","blue"
"ARHGAP29","grey"
"SMURF2","green"
"ZNF862","grey"
"AGXT2L2","red"
"C2orf88","turquoise"
"RNF157","blue"
"TAPT1","yellow"
"C2orf42","blue"
"FKBP1B","turquoise"
"RMI1","brown"
"SNX11","black"
"ATP11C","brown"
"ZNF18","green"
"BCL11A","blue"
"SAMD9","brown"
"TXNDC16","yellow"
"DOCK10","blue"
"MTMR11","blue"
"SYNJ1","brown"
"ASB7","brown"
"DOCK2","green"
"TMEM104","turquoise"
"KCNC4","turquoise"
"NFE2","red"
"CECR1","blue"
"ANKRD57","grey"
"C17orf103","turquoise"
"TRMU","turquoise"
"ZNF251","grey"
"HELQ","yellow"
"CREBBP","green"
"TEP1","yellow"
"JAG2","turquoise"
"TESK2","brown"
"CCBL1","turquoise"
"DHRS9","red"
"KIAA2018","green"
"PLEKHG1","brown"
"ZNF75A","yellow"
"CMKLR1","turquoise"
"GAB3","green"
"C19orf29","blue"
"EIF2S2","yellow"
"CCNI","turquoise"
"LMAN2","black"
"NUP133","yellow"
"CCT5","yellow"
"PNMA3","turquoise"
"SNX1","brown"
"GLOD4","blue"
"CCNB1","grey"
"PTTG1IP","brown"
"ACSL5","yellow"
"C4BPA","grey"
"TFPI","grey"
"KRT1","turquoise"
"CLINT1","brown"
"APOBEC3C","turquoise"
"LSM5","yellow"
"SCFD2","grey"
"KIAA1143","yellow"
"AGA","brown"
"TNNT3","grey"
"PPCS","brown"
"MAPKAPK5","yellow"
"APTX","yellow"
"CHST12","blue"
"APOL3","blue"
"ABCC8","turquoise"
"RAB3A","grey"
"PHKA2","black"
"PDCD11","blue"
"NR1D1","turquoise"
"ALG6","brown"
"PDCL","yellow"
"STYXL1","red"
"GLCCI1","brown"
"NRAP","turquoise"
"ZNF581","blue"
"FYB","black"
"ENTPD1","red"
"GPR162","grey"
"SIKE1","yellow"
"SOAT1","brown"
"C10orf4","yellow"
"C21orf2","turquoise"
"HIST1H2BD","red"
"TRIM13","yellow"
"TCF19","turquoise"
"SAPS3","brown"
"HIC2","blue"
"FST","turquoise"
"CD2AP","turquoise"
"PTGS2","brown"
"BID","green"
"COG6","yellow"
"TRIM68","blue"
"PIGQ","turquoise"
"CAMTA2","black"
"GLTPD1","grey"
"TECPR2","black"
"OSBPL1A","black"
"SLC25A19","blue"
"HCFC1R1","grey"
"PELI2","brown"
"PHF10","blue"
"PPP2R3B","black"
"SMARCAD1","yellow"
"DDX3Y","grey"
"E2F2","turquoise"
"TOR2A","grey"
"ZNF187","blue"
"RAB24","black"
"SLC35E2","blue"
"PDE4B","grey"
"C8orf44","brown"
"SGK3","brown"
"BATF2","grey"
"FAM58A","yellow"
"ARHGAP4","black"
"ZNF512B","turquoise"
"SAMD9L","grey"
"TRIM59","yellow"
"LRDD","grey"
"SLC12A2","yellow"
"ST3GAL3","grey"
"SACS","yellow"
"CRIPAK","green"
"RAB11FIP2","brown"
"SLC37A1","grey"
"SKAP1","blue"
"C9orf119","grey"
"GXYLT1","yellow"
"HLA-DOB","blue"
"KIAA0226","grey"
"GPR146","turquoise"
"GLT25D2","turquoise"
"FCHO2","brown"
"SDSL","turquoise"
"DAAM2","red"
"SART3","blue"
"PARP10","turquoise"
"ATP5B","turquoise"
"COPS2","brown"
"SERF2","turquoise"
"LSS","grey"
"SNRPD1","yellow"
"SUMO1","brown"
"MAD1L1","blue"
"DPH2","blue"
"KIFC1","grey"
"LMAN1","blue"
"GPATCH2","blue"
"YIPF4","brown"
"AMPD2","green"
"GGCT","yellow"
"TMEM179B","green"
"FAM48A","brown"
"RBMS1","red"
"AP2M1","turquoise"
"HGSNAT","grey"
"RIPK2","yellow"
"LAT2","black"
"CYB5R4","brown"
"TCF4","yellow"
"TMEM127","black"
"SLC39A8","brown"
"COQ10B","brown"
"TRIO","blue"
"SHARPIN","turquoise"
"C2orf72","turquoise"
"TMEM185A","grey"
"CACNB1","turquoise"
"TMEM158","turquoise"
"NCDN","turquoise"
"ING3","brown"
"SUGT1","blue"
"ANXA3","red"
"FRMD4A","turquoise"
"PRMT10","brown"
"C17orf61","grey"
"ZNF641","green"
"TRIT1","blue"
"RABGGTB","yellow"
"EEA1","brown"
"COG8","blue"
"TEF","turquoise"
"ORAOV1","turquoise"
"MED30","brown"
"SH3BP2","green"
"ALDH16A1","blue"
"LUZP1","blue"
"C1orf103","brown"
"EPB49","turquoise"
"C11orf54","brown"
"SLC12A6","black"
"RABGAP1L","blue"
"ARHGAP25","green"
"FASTKD3","brown"
"UBE2C","grey"
"DGCR8","turquoise"
"C6orf226","blue"
"USP8","brown"
"LGALS7","turquoise"
"ITGA4","yellow"
"IFIH1","yellow"
"SMC6","yellow"
"ATG16L2","green"
"LOC339047","blue"
"MYO5A","brown"
"BTRC","grey"
"PIKFYVE","brown"
"GSK3A","turquoise"
"BATF","red"
"PAG1","red"
"FAM65B","black"
"RAP2C","brown"
"HYLS1","blue"
"C20orf196","turquoise"
"HOXB2","blue"
"ZNF721","yellow"
"ZDHHC16","grey"
"ASPHD2","yellow"
"C2orf55","turquoise"
"ZNF83","yellow"
"DDX60L","brown"
"March 2","turquoise"
"PPARA","blue"
"C7orf43","turquoise"
"UNKL","green"
"ZC3H6","yellow"
"EPHB3","turquoise"
"GPR68","blue"
"FAM98A","yellow"
"CNIH2","turquoise"
"TMPRSS5","turquoise"
"ZNF337","turquoise"
"TRAPPC2","yellow"
"TPK1","brown"
"GABPB1","brown"
"LNX2","turquoise"
"PDE4D","red"
"DNMBP","grey"
"ZDHHC22","turquoise"
"PATZ1","blue"
"SLC22A4","red"
"FBXW4","turquoise"
"ALDOC","grey"
"ANLN","grey"
"RPA3","yellow"
"SLU7","brown"
"MGST1","brown"
"SART1","black"
"AMPH","grey"
"TXNDC15","yellow"
"C5orf13","grey"
"SHOC2","brown"
"CSK","green"
"BFAR","yellow"
"AKR1B10","turquoise"
"NUDCD2","yellow"
"LIG1","turquoise"
"FAM71D","green"
"SF3B4","grey"
"TMED4","blue"
"NPRL3","turquoise"
"MFNG","blue"
"CRYBB1","turquoise"
"C21orf45","blue"
"DUS2L","black"
"PMAIP1","yellow"
"GPD1L","blue"
"GUF1","blue"
"DNAJC5","red"
"CDK5RAP2","red"
"FAHD1","turquoise"
"GCNT3","turquoise"
"FBXO8","brown"
"HAUS4","black"
"UBA5","yellow"
"ABCG2","turquoise"
"VWF","turquoise"
"RSBN1","red"
"TMEM55A","brown"
"PCGF5","turquoise"
"NEUROD1","grey"
"GNA15","red"
"TSR2","blue"
"RHOF","blue"
"CHCHD1","red"
"USP48","yellow"
"APPBP2","brown"
"L1CAM","turquoise"
"TPRG1L","turquoise"
"HDAC10","turquoise"
"ZKSCAN4","yellow"
"ANKRD35","grey"
"TCP10L","turquoise"
"NUP37","yellow"
"HRASLS","grey"
"RP2","brown"
"TANK","brown"
"ASPRV1","green"
"DCAF10","grey"
"ERAP1","yellow"
"MAP2K6","red"
"FUZ","turquoise"
"E2F5","blue"
"DYRK2","blue"
"LIMK1","turquoise"
"MOCS1","turquoise"
"CLEC1A","green"
"IFT74","blue"
"BRAP","green"
"ABCB10","grey"
"YOD1","turquoise"
"ABCC10","red"
"PAFAH2","blue"
"TMEM88","black"
"SPOPL","brown"
"VANGL1","blue"
"ZBTB47","black"
"SON","yellow"
"MAP4K1","blue"
"TMEM120B","turquoise"
"ZC3H4","green"
"MRPS22","brown"
"FAM149B1","brown"
"KLHL2","brown"
"LY86","blue"
"TMEM131","brown"
"TGFBR2","brown"
"CD300A","green"
"ARL6IP4","blue"
"IFNAR2","green"
"PCSK5","blue"
"CD58","brown"
"ETV7","grey"
"ZNF227","yellow"
"ARHGEF37","turquoise"
"DMXL1","brown"
"C3orf54","turquoise"
"PJA1","blue"
"BCOR","yellow"
"DMAP1","blue"
"DEXI","turquoise"
"HAGHL","turquoise"
"EIF5","yellow"
"CD8A","blue"
"YY1","blue"
"TUBB","blue"
"CD36","grey"
"TMEM204","blue"
"HMGN2","yellow"
"ZBTB17","turquoise"
"CHMP2B","brown"
"CSTF2T","yellow"
"MRTO4","blue"
"TMF1","brown"
"ALG2","yellow"
"FAM53C","black"
"GPBP1L1","brown"
"CALM1","blue"
"TFCP2","yellow"
"FASTKD2","blue"
"PMM1","grey"
"FCGR2A","black"
"ITIH4","grey"
"PGM2L1","grey"
"MRPS17","blue"
"HERC4","brown"
"MRPS18C","brown"
"C14orf129","brown"
"PKP3","turquoise"
"PGS1","red"
"MAGOH","brown"
"HLA-DQA1","blue"
"CCDC55","brown"
"TMEM55B","blue"
"LAIR1","red"
"CIR1","green"
"CBL","black"
"ZNF346","turquoise"
"MED13L","green"
"SH3KBP1","green"
"NEK6","red"
"CWF19L2","blue"
"LSM12","grey"
"DOLK","blue"
"C17orf59","grey"
"STS","grey"
"NCEH1","yellow"
"PKN2","brown"
"CISH","grey"
"NR2C2AP","turquoise"
"LRP3","turquoise"
"CEP63","green"
"ACER3","red"
"GAB2","green"
"IPO8","brown"
"NFYC","green"
"RAD9A","green"
"AEBP2","yellow"
"ZNF217","brown"
"TUFT1","grey"
"HAPLN3","turquoise"
"CLIC3","blue"
"LRRN3","blue"
"POLRMT","blue"
"GATAD2B","green"
"FZR1","turquoise"
"SNPH","turquoise"
"GZMB","blue"
"MAP3K14","blue"
"MAP4K5","turquoise"
"ILK","grey"
"TMTC3","yellow"
"HSD17B8","blue"
"VPS13B","brown"
"RNF160","brown"
"PPP1R3D","red"
"EVI5L","turquoise"
"DTX1","grey"
"MERTK","red"
"CREM","brown"
"FAM173A","blue"
"THAP7","blue"
"C10orf76","blue"
"LIG4","brown"
"CITED4","grey"
"CPEB2","brown"
"PDIK1L","yellow"
"C14orf169","blue"
"NT5M","turquoise"
"CDK14","red"
"SRGAP3","turquoise"
"FBXO5","yellow"
"SAMD10","turquoise"
"RDH5","black"
"CPT1A","grey"
"USP31","blue"
"PIGN","yellow"
"ZNF579","turquoise"
"ITGB4","turquoise"
"DPEP2","green"
"CLTCL1","grey"
"GTPBP3","blue"
"FAM101B","red"
"C20orf103","turquoise"
"CD86","blue"
"GLTSCR1","grey"
"C8orf58","turquoise"
"EPB42","turquoise"
"CEP78","blue"
"SOD2","grey"
"PSPC1","brown"
"PNN","brown"
"TPP1","black"
"SYP","turquoise"
"LMBRD1","brown"
"SEC23IP","yellow"
"HADHB","brown"
"YWHAB","black"
"UAP1","yellow"
"ANP32E","brown"
"ARHGDIA","black"
"FAIM2","turquoise"
"TOP1MT","blue"
"HNMT","yellow"
"NEDD9","grey"
"USP7","grey"
"CNOT10","blue"
"TCOF1","blue"
"CAMK2B","turquoise"
"PHF17","green"
"FAM126A","yellow"
"RIT1","brown"
"RNFT1","brown"
"HDAC6","turquoise"
"UCHL5","yellow"
"LANCL2","blue"
"RFX5","blue"
"TTC33","brown"
"RABL3","yellow"
"ESF1","yellow"
"RAI2","red"
"AZIN1","brown"
"CDKN2D","red"
"POLR3GL","yellow"
"FAM98C","grey"
"NDE1","green"
"SLC38A3","turquoise"
"NCOR1","green"
"LOH12CR1","grey"
"GATAD1","blue"
"POLB","yellow"
"CST7","red"
"TMEM147","blue"
"EP300","green"
"TCEAL3","blue"
"VPS16","green"
"MYOM2","grey"
"S100A12","red"
"FUBP3","yellow"
"TGS1","yellow"
"ZNF784","red"
"MIS12","yellow"
"MCHR1","turquoise"
"C9orf40","turquoise"
"HR","turquoise"
"MYBPC3","grey"
"NFKB2","turquoise"
"TDRD9","red"
"CCDC91","yellow"
"FBXW2","red"
"C11orf82","brown"
"C7orf31","yellow"
"MED23","brown"
"MOBKL2B","blue"
"DMWD","turquoise"
"ADAP2","grey"
"KCTD11","grey"
"RUNX2","yellow"
"KLF12","blue"
"TTPAL","brown"
"FCHO1","turquoise"
"ESCO1","yellow"
"RPH3AL","turquoise"
"LETM1","blue"
"NFXL1","grey"
"PLCXD1","blue"
"METTL7B","red"
"HAAO","turquoise"
"FCN3","turquoise"
"WDSUB1","yellow"
"SLK","brown"
"SNTB1","brown"
"ZNF193","yellow"
"HEATR5A","brown"
"ATP8B2","blue"
"RBPMS2","grey"
"RTP4","grey"
"PNOC","blue"
"SPAST","brown"
"LY75","yellow"
"IL15","yellow"
"PIGA","brown"
"PRDM8","brown"
"YJEFN3","turquoise"
"ZFP90","blue"
"ANKS6","turquoise"
"FUT1","turquoise"
"USP9Y","yellow"
"MAPRE2","blue"
"AOC3","grey"
"CPSF6","yellow"
"CALU","blue"
"CRISP3","red"
"TMED7","brown"
"GBAS","brown"
"PRELID1","green"
"VAPA","brown"
"CRK","black"
"TSPAN31","yellow"
"CAMK2D","blue"
"USP9X","brown"
"CTSL1","grey"
"C13orf37","yellow"
"RLIM","brown"
"NOL12","green"
"RNASEH1","blue"
"SAR1B","brown"
"VPS37A","brown"
"GPX1","turquoise"
"TFDP1","turquoise"
"C22orf9","red"
"EPM2AIP1","brown"
"ACAN","turquoise"
"SMAD4","brown"
"GAS7","red"
"IER5L","grey"
"LRG1","red"
"VEGFA","brown"
"TRADD","blue"
"LIG3","turquoise"
"GSTO1","red"
"KTELC1","blue"
"RAPGEF3","turquoise"
"C15orf39","green"
"UGCG","red"
"CD6","blue"
"MAK16","blue"
"LRCH4","turquoise"
"TWISTNB","blue"
"MLLT1","red"
"C11orf57","yellow"
"GMPR2","black"
"HERC3","brown"
"NAV1","grey"
"TRIM14","blue"
"USP16","yellow"
"NKG7","grey"
"LPCAT2","brown"
"GRLF1","yellow"
"RAB27A","red"
"ABLIM3","turquoise"
"LAMP3","grey"
"PBX2","green"
"RUNDC3A","turquoise"
"HBD","turquoise"
"LPAR2","green"
"CCR1","red"
"BCL3","black"
"PLD6","grey"
"C2orf49","brown"
"TMEM45B","grey"
"CCDC90A","grey"
"CD247","blue"
"FBXO33","brown"
"KIAA0892","green"
"LRRC28","grey"
"IRF2BP1","turquoise"
"MAN2A1","blue"
"PAQR8","blue"
"MAP3K5","black"
"ZNF354A","brown"
"ACAP1","black"
"XRCC1","turquoise"
"CD27","blue"
"DIRC2","black"
"KIAA0831","grey"
"CNTFR","turquoise"
"RAB20","red"
"RSPH9","grey"
"AGPAT9","black"
"RAP1GAP","turquoise"
"AHNAK","blue"
"GDF11","blue"
"SPTBN2","turquoise"
"SLC7A6","blue"
"SMAD7","blue"
"ABCG1","green"
"FRAT2","black"
"ICA1","turquoise"
"MESP1","turquoise"
"DSC2","brown"
"SP6","turquoise"
"PDE4A","blue"
"PRRX2","turquoise"
"C17orf101","blue"
"MANEA","yellow"
"ATP8A1","yellow"
"KLHL15","brown"
"TAOK2","turquoise"
"NEDD4","red"
"CDC14A","blue"
"ASTE1","blue"
"BEND3","brown"
"RAB36","black"
"RAB5C","black"
"HOXA9","grey"
"TMEM200B","turquoise"
"ATP5J2","grey"
"PITRM1","blue"
"PPP1CB","brown"
"HNRNPR","yellow"
"PDHB","yellow"
"TRMT2A","turquoise"
"JMJD4","grey"
"NIPAL3","blue"
"CNP","turquoise"
"MRPS25","blue"
"MOBKL1B","brown"
"EIF3J","grey"
"NSL1","yellow"
"EFHD2","black"
"MRPS26","blue"
"TET2","brown"
"WDR13","red"
"ASPSCR1","turquoise"
"DCAF5","green"
"GTF2H5","yellow"
"ZUFSP","brown"
"DPP8","green"
"HS2ST1","brown"
"IPO7","yellow"
"HINT3","brown"
"RORA","blue"
"STX4","black"
"LEPROT","black"
"SMC3","yellow"
"MRS2","yellow"
"PTPRO","grey"
"ZNF410","red"
"BOC","turquoise"
"SDPR","grey"
"PRR14","black"
"TRIM56","grey"
"XIAP","black"
"AQP9","black"
"AMOTL1","turquoise"
"PPIA","blue"
"KIF21A","blue"
"MRM1","turquoise"
"SDCCAG8","brown"
"C1orf56","green"
"LUC7L","blue"
"LOC399491","blue"
"NFYA","brown"
"UBR3","brown"
"March 3","turquoise"
"PITPNC1","green"
"ATP2C1","brown"
"MXD3","black"
"FBXW7","yellow"
"LRRC47","blue"
"C6orf203","blue"
"MIER3","yellow"
"TBC1D24","turquoise"
"PRDM2","green"
"ZC3H8","yellow"
"C5orf39","blue"
"ERI2","yellow"
"CENPN","grey"
"DPYD","brown"
"MRE11A","blue"
"PTGER4","yellow"
"C21orf91","brown"
"GUCA1B","turquoise"
"KLC1","brown"
"MAST3","green"
"PAQR3","grey"
"CD1D","yellow"
"PLCL2","grey"
"ALKBH1","yellow"
"ZSCAN16","yellow"
"SFRS12IP1","brown"
"FAM76B","brown"
"BCORL1","black"
"SENP7","brown"
"ZNF319","black"
"XRCC4","brown"
"KIAA0564","brown"
"DNAH1","blue"
"MYBL1","blue"
"FAM13B","brown"
"EBF3","turquoise"
"SSC5D","turquoise"
"GPIHBP1","turquoise"
"UBR2","green"
"TMEM188","brown"
"C19orf59","red"
"RIN1","turquoise"
"TUBB1","grey"
"TAL1","turquoise"
"LRRC8D","yellow"
"ZNF502","blue"
"S1PR3","blue"
"SIX2","turquoise"
"RNF19B","green"
"C20orf117","turquoise"
"HEXIM2","grey"
"ASAP2","grey"
"CLIC4","grey"
"HSPA5","brown"
"CAMK2A","turquoise"
"LGALS3","turquoise"
"STT3A","blue"
"KRI1","blue"
"RIOK3","turquoise"
"RNF10","turquoise"
"TIMM17A","yellow"
"CALM3","grey"
"LONP1","blue"
"CAV2","grey"
"ITGB7","blue"
"THUMPD1","yellow"
"HNRNPF","yellow"
"WDR91","green"
"NCBP1","yellow"
"CFD","green"
"CCR7","blue"
"BHLHE40","grey"
"FBXO28","brown"
"MMP14","turquoise"
"MARK3","grey"
"FAM82B","brown"
"C3orf21","turquoise"
"FAS","brown"
"TRA2A","yellow"
"KRCC1","brown"
"SLC30A1","brown"
"CBR4","brown"
"KIAA1683","turquoise"
"C17orf63","grey"
"EEPD1","green"
"FAM177A1","red"
"STAG3L4","yellow"
"CSNK1G3","brown"
"PTPN6","green"
"TRNAU1AP","red"
"C3orf38","brown"
"STK17B","brown"
"PCCB","turquoise"
"AGER","turquoise"
"FCGR2B","grey"
"FAM35A","yellow"
"C19orf24","grey"
"B3GALT4","red"
"SMEK2","brown"
"C10orf28","brown"
"LRRC4","black"
"PTGIR","turquoise"
"RPE","yellow"
"BUD13","yellow"
"PDDC1","turquoise"
"MAP4K4","black"
"TTC35","brown"
"PDCD2","yellow"
"C11orf51","red"
"CCNT2","brown"
"FAM69B","turquoise"
"C12orf65","blue"
"VPS53","green"
"PLBD2","turquoise"
"KANK3","turquoise"
"RBMXL1","brown"
"BAZ2B","brown"
"PRODH","turquoise"
"LRFN3","turquoise"
"FBXL19","red"
"C12orf26","brown"
"FAM46B","turquoise"
"RPGR","brown"
"BMP2K","turquoise"
"MYO1F","green"
"TCN1","red"
"HBZ","turquoise"
"MYOM1","turquoise"
"LDB3","turquoise"
"MTMR9","brown"
"SIRT1","yellow"
"NUDT18","turquoise"
"PPIP5K2","brown"
"ZNF295","yellow"
"POU2AF1","blue"
"POLA1","blue"
"SPIN4","yellow"
"ZNF518B","yellow"
"SCARA3","turquoise"
"C17orf58","brown"
"SOX6","turquoise"
"SMYD4","blue"
"DOCK4","brown"
"ZNF45","yellow"
"RTN2","grey"
"SYN2","red"
"AGAP4","grey"
"OAS2","grey"
"BANK1","yellow"
"CCNJL","black"
"SH2D5","turquoise"
"C17orf76","turquoise"
"DENND1A","turquoise"
"C18orf25","brown"
"PRDM1","grey"
"HNRNPL","green"
"KEL","turquoise"
"ACY3","turquoise"
"TRIM36","turquoise"
"TKTL1","blue"
"ANKDD1A","grey"
"HIST1H4C","grey"
"PARP1","blue"
"SLC1A3","red"
"AKIRIN2","brown"
"CD74","blue"
"RNF141","brown"
"DFFA","blue"
"STRADB","turquoise"
"IDH3G","grey"
"KDM4C","yellow"
"ITFG1","brown"
"ATP1B1","grey"
"C12orf44","grey"
"SNN","grey"
"RAN","yellow"
"BCR","blue"
"IGHMBP2","grey"
"WARS","grey"
"CD22","blue"
"WDR44","brown"
"CEBPA","black"
"ZNF500","blue"
"ATG4A","brown"
"C10orf84","brown"
"TBL1X","green"
"C16orf68","turquoise"
"EEF1G","blue"
"WWP1","blue"
"ERO1L","brown"
"ACOX1","black"
"CRLF3","brown"
"DCUN1D1","turquoise"
"GBP1","grey"
"CEP170","brown"
"LEF1","blue"
"CRLS1","brown"
"ALOX5","red"
"DPEP3","grey"
"DNAJB14","brown"
"GPA33","grey"
"C11orf30","green"
"CD180","blue"
"MLL5","brown"
"ATXN3","yellow"
"OASL","grey"
"ERICH1","green"
"BACH1","brown"
"EXOSC9","blue"
"STAU2","red"
"HAUS8","blue"
"GPR34","grey"
"MPV17L2","grey"
"FAM50B","blue"
"WHSC1","blue"
"SLAMF1","blue"
"FRY","green"
"MT1X","grey"
"PDZD8","brown"
"ZFP82","grey"
"MZF1","blue"
"GIMAP2","brown"
"FGD4","red"
"ALG9","blue"
"IL17RC","turquoise"
"SRRD","turquoise"
"C17orf39","turquoise"
"ZBTB7C","turquoise"
"ANKRD6","brown"
"ABI1","brown"
"APBB1IP","black"
"DENND4C","yellow"
"DCAF6","turquoise"
"YPEL1","blue"
"OSBPL3","blue"
"CMTM8","blue"
"MALT1","yellow"
"YBX2","turquoise"
"KCTD6","yellow"
"ZNF614","yellow"
"B3GAT1","turquoise"
"GSPT2","blue"
"FAM117B","blue"
"ZCCHC10","brown"
"TMEM149","black"
"ADORA3","red"
"C20orf141","turquoise"
"C1orf106","turquoise"
"TAF5L","yellow"
"DOK3","black"
"HES4","turquoise"
"TMEM52","turquoise"
"MX2","green"
"ZNF260","yellow"
"SLC4A1","turquoise"
"ZNF775","black"
"C6orf81","red"
"MYPOP","grey"
"ARSA","turquoise"
"CDKN2B","turquoise"
"SMPD3","blue"
"TCHP","green"
"ZNF407","grey"
"CLK4","brown"
"WDR11","yellow"
"PBX4","blue"
"ZFHX3","blue"
"MFAP3L","grey"
"BRCC3","yellow"
"CYTH4","black"
"OSBPL9","brown"
"NGLY1","brown"
"TMEM132C","turquoise"
"PCNXL3","grey"
"GSDMB","blue"
"SAP18","yellow"
"MRPL49","blue"
"COL17A1","red"
"EIF4G1","blue"
"SEMA7A","turquoise"
"PSME1","grey"
"GUCY1B3","grey"
"CKAP4","red"
"ARMC1","yellow"
"PIGH","yellow"
"CTSZ","grey"
"DUT","blue"
"ZMPSTE24","brown"
"DARS2","yellow"
"MTF2","yellow"
"MAFF","grey"
"MARCO","red"
"CDK1","grey"
"C1GALT1C1","brown"
"TMEM106C","yellow"
"DIS3","brown"
"CCNG2","brown"
"ZC3H10","grey"
"SEMA4A","black"
"CDK11A","green"
"HTRA2","grey"
"TRIM8","green"
"MYST3","black"
"MIB1","yellow"
"PEX3","yellow"
"CDHR5","turquoise"
"BTN3A1","blue"
"ZHX1","yellow"
"GDAP1L1","turquoise"
"PARVB","turquoise"
"IFIT5","grey"
"ATG4C","yellow"
"GPN3","brown"
"APOO","grey"
"ZMIZ2","turquoise"
"TLE3","black"
"MFSD8","yellow"
"PPIL4","brown"
"DCLRE1B","grey"
"ACCS","grey"
"PSMB9","grey"
"HNRNPK","yellow"
"MEIS1","grey"
"C16orf5","turquoise"
"IRF5","turquoise"
"CAMP","grey"
"STAT1","yellow"
"ANGPT1","turquoise"
"C1orf35","blue"
"ZBTB7A","grey"
"AFTPH","black"
"BCL10","brown"
"IL34","turquoise"
"FAM195B","grey"
"PFAS","turquoise"
"TFIP11","green"
"DDX59","brown"
"GEMIN7","blue"
"MPG","blue"
"WDFY2","green"
"OBFC2A","brown"
"KDM4A","green"
"AGGF1","brown"
"TLK2","brown"
"PDLIM7","turquoise"
"OXNAD1","blue"
"TMEM57","grey"
"C9orf91","blue"
"CLASP1","black"
"PRMT3","yellow"
"RCE1","turquoise"
"SLCO3A1","black"
"TIPRL","brown"
"XAF1","grey"
"PRKCI","yellow"
"POU2F1","green"
"WNT10B","turquoise"
"LAT","blue"
"IKBIP","brown"
"C15orf29","green"
"NKAPL","grey"
"CNTN2","turquoise"
"ALS2CL","turquoise"
"NEXN","grey"
"EBF1","blue"
"PRIC285","black"
"PTPMT1","blue"
"C19orf77","turquoise"
"KDM5D","grey"
"TMEM201","turquoise"
"ARHGAP9","green"
"VPS37D","turquoise"
"STAP1","yellow"
"TYW1B","grey"
"HSPB2","turquoise"
"DNAJC21","yellow"
"SCAI","brown"
"RELL1","grey"
"AVL9","red"
"SEMA5B","turquoise"
"ZC3H3","red"
"CECR6","green"
"TAF5","yellow"
"DCAKD","blue"
"FOXO4","turquoise"
"ERCC8","yellow"
"LEPR","grey"
"LIPE","turquoise"
"PML","grey"
"LOC652346","grey"
"IDS","green"
"ATAD2B","brown"
"LDHD","turquoise"
"C14orf181","black"
"OSTalpha","red"
"ST7","turquoise"
"IRAK3","red"
"PIGO","grey"
"TRIM15","turquoise"
"MRI1","blue"
"ZNF182","yellow"
"SLCO4C1","brown"
"KCNH3","turquoise"
"ARSG","green"
"ASB6","blue"
"IL18BP","blue"
"CACNA2D4","grey"
"HOXB4","grey"
"PHPT1","blue"
"TLR8","brown"
"RBM15","yellow"
"CASZ1","turquoise"
"TMEM81","grey"
"SGTB","brown"
"CXCR5","blue"
"BCAS4","turquoise"
"TRIM41","green"
"PERP","turquoise"
"EIF4A2","yellow"
"PAQR6","turquoise"
"CCNC","brown"
"ATP1B2","turquoise"
"EIF2AK1","turquoise"
"PINK1","turquoise"
"FIBP","red"
"TSNAX","brown"
"CSNK1E","blue"
"TAGAP","blue"
"SORT1","red"
"ABI2","blue"
"TMEM64","brown"
"SPATA2","grey"
"FLAD1","blue"
"NDUFB5","yellow"
"ATG7","black"
"MAP1A","turquoise"
"PAPSS2","grey"
"USP11","blue"
"NHEDC2","blue"
"MAVS","green"
"C8orf41","green"
"TMEM173","grey"
"PPP6C","brown"
"SERPIND1","turquoise"
"MRPS36","red"
"ALG3","blue"
"UCK2","turquoise"
"ANKRD11","green"
"ORC5L","blue"
"NUFIP1","blue"
"NPEPL1","black"
"MINA","yellow"
"DACH1","red"
"ING2","brown"
"IL18","brown"
"UBE2V2","yellow"
"TMEM19","yellow"
"RDH14","yellow"
"BAD","red"
"RNASEN","blue"
"FNBP1","green"
"SIT1","blue"
"EGF","grey"
"MARK2","green"
"CFP","black"
"MYCBP2","blue"
"CPD","brown"
"PUS7L","brown"
"HSPA1L","green"
"MUSTN1","red"
"EPB41L3","yellow"
"KLF11","blue"
"GPR160","brown"
"ZNF564","brown"
"PRICKLE1","grey"
"TRIOBP","green"
"STRBP","blue"
"NFIX","turquoise"
"ACVR2A","blue"
"KIAA1731","yellow"
"TRPS1","red"
"EPC2","brown"
"ENTPD5","turquoise"
"MTHFR","blue"
"PHTF1","red"
"THAP6","brown"
"ZNF202","blue"
"ZRANB2","yellow"
"ZNF230","brown"
"CBX4","green"
"DDHD1","yellow"
"GLRX2","brown"
"PCP2","turquoise"
"HEATR5B","yellow"
"DTWD1","yellow"
"NRG1","grey"
"FRS3","turquoise"
"CETP","grey"
"DSE","brown"
"FITM1","turquoise"
"XYLT1","blue"
"EVI5","brown"
"CSGALNACT1","brown"
"FBXL8","turquoise"
"KIAA1632","brown"
"WNT4","turquoise"
"CCDC66","yellow"
"CHRNB1","turquoise"
"TMEM51","turquoise"
"ZNF20","brown"
"JAK3","red"
"ENTPD7","red"
"HAUS3","yellow"
"TMEM169","red"
"SLC4A7","blue"
"KCNH2","turquoise"
"MMP28","turquoise"
"CDK3","grey"
"C1orf162","red"
"ZNF434","brown"
"FGFR1","turquoise"
"TMEM71","brown"
"TIGD3","green"
"PLIN4","turquoise"
"ABCC5","green"
"EFCAB1","turquoise"
"KCNE1L","turquoise"
"EMILIN3","turquoise"
"NAGS","turquoise"
"GFI1","grey"
"C7orf61","turquoise"
"ACMSD","turquoise"
"ZBTB2","yellow"
"BLK","blue"
"BAIAP2L2","turquoise"
"CENPM","turquoise"
"TUBA1A","black"
"SHC1","black"
"MED29","green"
"TSN","yellow"
"PAPSS1","red"
"HMGCR","brown"
"TBC1D15","brown"
"FYTTD1","yellow"
"DYM","blue"
"PCCA","blue"
"RSU1","grey"
"COX15","red"
"CTNNA1","black"
"GSTZ1","grey"
"HOPX","yellow"
"ERGIC2","brown"
"PLEKHA3","brown"
"NCLN","black"
"MRPL19","blue"
"CLN8","grey"
"CRYL1","grey"
"ATP5SL","grey"
"CNBP","brown"
"CANX","yellow"
"ACSM3","turquoise"
"GPR183","blue"
"C6orf162","brown"
"NUTF2","turquoise"
"AIPL1","turquoise"
"RALGAPB","brown"
"MPO","grey"
"FAM21C","grey"
"C17orf79","blue"
"OFD1","blue"
"IL10RB","black"
"ZNF544","blue"
"CLC","grey"
"C14orf101","red"
"SAP30","grey"
"AGTRAP","black"
"HECTD1","yellow"
"TPR","green"
"HAUS6","yellow"
"KIF11","grey"
"ZNF350","brown"
"TCEB3","yellow"
"NCRNA00188","grey"
"ZRANB1","turquoise"
"RAB21","brown"
"CLDN12","yellow"
"UBN2","yellow"
"TTC9","blue"
"TMEM79","turquoise"
"INTS6","brown"
"ZNF267","brown"
"C12orf29","grey"
"PHF20L1","brown"
"FEZ2","brown"
"CCNF","turquoise"
"CPA3","blue"
"ISCU","turquoise"
"INTS7","blue"
"OIP5","grey"
"BCAT2","blue"
"PANK3","brown"
"RBBP8","brown"
"FZD2","grey"
"TK2","black"
"TCF7","blue"
"ABHD15","blue"
"TNFSF13B","black"
"FAM105B","yellow"
"KLHL6","brown"
"ZNF48","turquoise"
"IL20RB","turquoise"
"OSGEPL1","blue"
"KIAA2026","yellow"
"PADI2","black"
"C9orf64","brown"
"WFDC1","grey"
"PF4","grey"
"TMEM92","turquoise"
"OGG1","turquoise"
"KLRB1","blue"
"SCN2B","turquoise"
"EFNA3","turquoise"
"ASCC1","brown"
"CLOCK","blue"
"APBA2","blue"
"C22orf30","green"
"AHI1","blue"
"ZNF335","green"
"TRERF1","yellow"
"DNAJC25","brown"
"TOMM5","yellow"
"MFSD7","grey"
"EPHB1","grey"
"MTA1","blue"
"SYT17","turquoise"
"MICAL2","turquoise"
"RFXAP","yellow"
"BLOC1S3","grey"
"MTMR14","black"
"ADSL","blue"
"NTRK3","turquoise"
"KCTD18","brown"
"KLRK1","blue"
"BBC3","grey"
"LIPT1","yellow"
"KCNJ12","turquoise"
"ITGA10","turquoise"
"MYB","grey"
"DDN","turquoise"
"RASGEF1A","brown"
"LCN10","turquoise"
"TMEM91","black"
"AKAP7","yellow"
"CD300LF","red"
"TMEM63C","turquoise"
"PLA2G4A","brown"
"ZNF653","turquoise"
"OSM","red"
"CMTM1","red"
"NIN","black"
"ARL13B","brown"
"GNAI3","brown"
"TPM4","red"
"LOC643634","red"
"CACYBP","yellow"
"PIGS","blue"
"USP1","brown"
"SPP1","grey"
"DLAT","yellow"
"EIF3E","blue"
"POP4","brown"
"MYCBP","brown"
"PRDX3","brown"
"UBE2W","brown"
"FECH","turquoise"
"ELP2","blue"
"SFRS1","yellow"
"UBASH3B","brown"
"DDX46","yellow"
"CISD1","blue"
"TPMT","yellow"
"C2orf56","red"
"SNAP29","red"
"DDX42","brown"
"WDR43","yellow"
"EVL","blue"
"HPD","red"
"PRKCD","black"
"SLC11A1","black"
"KRT81","turquoise"
"HSPA14","yellow"
"CDKN2AIP","yellow"
"GNA12","turquoise"
"NIP7","yellow"
"TEX264","blue"
"NUP50","green"
"NAA40","blue"
"TMEM209","yellow"
"CLEC3B","grey"
"GALK2","yellow"
"PPM1K","blue"
"NHEJ1","blue"
"ZFYVE21","grey"
"CYBB","red"
"RAB4B","red"
"CHAF1A","grey"
"ZNF25","brown"
"CPNE5","red"
"PFDN6","blue"
"PRELP","turquoise"
"GKAP1","grey"
"NAA38","brown"
"CLMN","grey"
"HPS1","turquoise"
"IL13RA1","black"
"RELT","black"
"ANKRD23","turquoise"
"FMNL1","green"
"NCAM1","turquoise"
"ACTL7B","turquoise"
"OSTF1","black"
"PURA","blue"
"ADAP1","turquoise"
"FOXO1","green"
"ATP2B1","green"
"VTI1A","black"
"ACTR5","blue"
"SLC9A3R1","green"
"C9orf30","grey"
"ARHGAP8","turquoise"
"SHPK","blue"
"MEGF6","grey"
"RAB28","brown"
"DHX33","blue"
"PACS2","turquoise"
"ABCD1","grey"
"C12orf53","turquoise"
"ING1","brown"
"CYP4F2","black"
"ELANE","grey"
"SLC14A1","turquoise"
"SRGAP1","turquoise"
"MAN2B2","green"
"SCML1","blue"
"STX11","brown"
"MYEF2","blue"
"TMEM114","turquoise"
"C4orf48","grey"
"RALGPS2","brown"
"VPREB3","blue"
"TRIM66","blue"
"CHCHD4","yellow"
"TMEM45A","grey"
"TFR2","turquoise"
"KLK5","turquoise"
"PWWP2A","yellow"
"SFT2D2","red"
"TBC1D7","red"
"CMTM5","turquoise"
"PANX2","green"
"C14orf126","blue"
"RAB3IP","grey"
"HIST1H4J","red"
"FAM126B","brown"
"CASP10","grey"
"SERTAD3","red"
"ZNF608","grey"
"SH3BP1","blue"
"GPER","turquoise"
"GPR44","blue"
"LHFPL4","turquoise"
"NCAPG2","yellow"
"ITPRIP","black"
"PLEKHM3","grey"
"HDAC9","yellow"
"PRKCQ","blue"
"TBC1D22B","turquoise"
"SHISA7","turquoise"
"MAP3K1","brown"
"CROCC","turquoise"
"SLC23A3","turquoise"
"GHRL","black"
"SARM1","blue"
"ZNF213","turquoise"
"DNAH10","grey"
"KCTD13","turquoise"
"C16orf79","turquoise"
"GZMH","blue"
"HEATR2","blue"
"EXOC8","brown"
"NIPAL4","turquoise"
"XK","turquoise"
"MAX","grey"
"FUT4","brown"
"C13orf31","brown"
"CUTC","red"
"PRDM10","brown"
"MOBKL2C","red"
"AMIGO3","turquoise"
"CHIC1","blue"
"CXCR4","yellow"
"PSMB2","blue"
"CPSF3L","blue"
"LOX","turquoise"
"DNTTIP2","brown"
"PHGDH","grey"
"FAM120A","green"
"XPC","green"
"ISY1","red"
"C1orf25","brown"
"BCLAF1","yellow"
"TRAPPC3","grey"
"UBE2J1","brown"
"WDR45","turquoise"
"HAVCR2","brown"
"RNF2","brown"
"CD5","blue"
"SMG1","brown"
"RRAGD","brown"
"SCO1","yellow"
"FAM134A","turquoise"
"TOP3A","green"
"TSFM","blue"
"GLTSCR2","blue"
"C1orf107","blue"
"NEK4","yellow"
"LILRB2","black"
"LILRB1","green"
"MS4A1","blue"
"ZNF330","brown"
"C6orf72","brown"
"PLA2G12A","grey"
"HSPBAP1","green"
"RBMS2","turquoise"
"RHOQ","brown"
"TBC1D2","green"
"SH2D1A","blue"
"ICT1","blue"
"PKIG","turquoise"
"RNMT","blue"
"AP2A1","turquoise"
"CCNE2","grey"
"TGFA","brown"
"FTSJD1","yellow"
"ZNF148","green"
"CD274","grey"
"FAM122A","grey"
"CSTB","red"
"MTERF","yellow"
"ELL","black"
"LINGO1","turquoise"
"CENPBD1","brown"
"SYNPO","turquoise"
"GTF2E1","brown"
"ABI3","blue"
"STIM2","yellow"
"EFEMP2","turquoise"
"CHCHD5","red"
"BBS10","yellow"
"BCDIN3D","brown"
"CHCHD7","red"
"KLHL28","brown"
"CP110","brown"
"DNAJC16","yellow"
"ERG","grey"
"ACTN1","black"
"EED","yellow"
"EFCAB2","grey"
"NACA2","blue"
"CRX","turquoise"
"SNAPC4","blue"
"SIX5","turquoise"
"TSPAN2","brown"
"SNX14","brown"
"MDFIC","yellow"
"ATP6V0A2","yellow"
"SHCBP1","grey"
"LRRC33","blue"
"DERL3","turquoise"
"INO80C","blue"
"SERPINB8","red"
"POMZP3","blue"
"PLA2G7","grey"
"GRASP","turquoise"
"PILRA","green"
"BOLA3","blue"
"UHRF1BP1","yellow"
"LCOR","green"
"GH2","turquoise"
"ATP5S","grey"
"BRWD1","yellow"
"TAOK1","black"
"TGFBRAP1","blue"
"ADCK5","turquoise"
"PCOLCE2","red"
"DOCK9","blue"
"RAB33B","brown"
"STK32C","turquoise"
"HSCB","brown"
"DNLZ","blue"
"ZNF562","blue"
"BTBD11","blue"
"ZNF181","yellow"
"LIMD1","blue"
"CLEC4A","brown"
"LSMD1","red"
"SVIL","black"
"IL1R2","red"
"LRRN2","turquoise"
"CD300C","grey"
"ZNF524","black"
"LY96","brown"
"TRAF5","blue"
"C8orf38","yellow"
"SP140","grey"
"NSUN5P1","blue"
"MYCL1","blue"
"SPOCD1","turquoise"
"BLNK","blue"
"FCER1A","blue"
"SPSB2","grey"
"MDGA1","turquoise"
"SMYD1","turquoise"
"ZNF536","turquoise"
"MMP25","black"
"ATP6V1E2","turquoise"
"GOLGA6L4","grey"
"ASGR1","grey"
"GZMK","blue"
"DUSP13","red"
"C18orf19","yellow"
"PLCL1","brown"
"MBNL1","brown"
"C2CD4C","turquoise"
"ZMAT1","yellow"
"TMEM180","black"
"ZNF222","brown"
"PHOSPHO2","blue"
"CIB2","turquoise"
"LIMS1","grey"
"FAM159A","blue"
"TRIM10","turquoise"
"CARD6","red"
"SLC1A7","turquoise"
"KLHL17","turquoise"
"AP4E1","yellow"
"ATP5A1","blue"
"ADH1A","turquoise"
"EDARADD","red"
"ACTR3","brown"
"MLC1","turquoise"
"NUCKS1","blue"
"IGFBP5","turquoise"
"RPL22","blue"
"HN1L","blue"
"GABARAPL2","turquoise"
"PCBP2","green"
"TRIM16","turquoise"
"UBE2H","turquoise"
"KIF22","blue"
"MRFAP1","yellow"
"MED14","brown"
"CES2","green"
"HNRNPD","yellow"
"CD163","grey"
"PAIP1","yellow"
"KRR1","yellow"
"FAM83A","turquoise"
"SFXN1","red"
"RABIF","black"
"ARG2","turquoise"
"BMPR2","yellow"
"CD55","red"
"KIAA0232","brown"
"COPG2","red"
"NFATC2IP","blue"
"ZFP64","blue"
"SEC22B","brown"
"THOC6","blue"
"LTBP1","turquoise"
"RHOH","yellow"
"PDE1B","turquoise"
"VPS29","brown"
"ADRB2","yellow"
"STRA13","blue"
"ZBTB38","blue"
"C7orf16","turquoise"
"TBC1D20","red"
"COQ3","grey"
"ARAP3","green"
"ARAF","turquoise"
"OSBP","blue"
"NHLRC3","brown"
"CHIC2","brown"
"PPHLN1","blue"
"SSBP1","yellow"
"RUNX1","red"
"GAL3ST4","blue"
"KLHL5","brown"
"ST6GALNAC3","red"
"C9orf82","yellow"
"CYorf15B","blue"
"VDR","green"
"ZAP70","blue"
"CD1C","turquoise"
"DGCR6L","blue"
"EEF2K","blue"
"LDLRAD3","grey"
"LSM14A","yellow"
"FBXL4","grey"
"PRSS54","turquoise"
"PAPD5","yellow"
"SIRT5","red"
"CHAC2","grey"
"ECHDC3","red"
"AARS2","blue"
"USP28","blue"
"HAUS2","yellow"
"HEPACAM2","turquoise"
"SLC25A3","blue"
"F2RL1","brown"
"INHBB","green"
"C4orf32","brown"
"GLMN","yellow"
"TMCC3","green"
"C10orf47","grey"
"FAM179A","grey"
"RAB39B","yellow"
"C3orf34","grey"
"RPL10L","turquoise"
"GINS1","grey"
"ZMYND19","grey"
"ELAVL3","turquoise"
"ARID1B","blue"
"PPP3R1","grey"
"TM6SF1","brown"
"SERF1A","grey"
"ARHGAP6","grey"
"DAPP1","brown"
"SLC7A4","turquoise"
"RASGRP1","blue"
"NFAM1","green"
"CPNE7","turquoise"
"GFRA2","turquoise"
"LST1","green"
"BCMO1","turquoise"
"SLC38A10","black"
"DISC1","black"
"P2RY11","turquoise"
"ZNF585A","blue"
"ZNF468","brown"
"AASDHPPT","yellow"
"PTPRJ","black"
"ACYP1","yellow"
"CASP8","green"
"GPR97","black"
"MTHFD1L","yellow"
"RNPC3","green"
"MSL1","green"
"GCNT2","turquoise"
"CD84","blue"
"CDK13","green"
"ADAD2","turquoise"
"CCDC108","turquoise"
"ACPP","brown"
"CACNA1E","red"
"RNF175","turquoise"
"RPGRIP1","grey"
"ITPRIPL2","grey"
"PRKY","blue"
"OR51E1","turquoise"
"B3GNT8","black"
"C9orf167","red"
"PDGFA","grey"
"ZNF211","blue"
"AASDH","yellow"
"LTC4S","turquoise"
"ZFY","grey"
"TBX19","red"
"ZDHHC19","red"
"IGF2AS","turquoise"
"IL1RAP","brown"
"RARS","yellow"
"UBA52","turquoise"
"GP2","turquoise"
"PSMD7","red"
"PRKCG","turquoise"
"CDKN1C","blue"
"HSPA1A","grey"
"HSPA1B","brown"
"RCN2","yellow"
"CPA4","turquoise"
"ANAPC16","yellow"
"PSME3","red"
"STK24","grey"
"UGT2B7","turquoise"
"SLAMF7","grey"
"KDM5C","green"
"C22orf32","blue"
"MRPS23","yellow"
"PIGM","blue"
"EIF3M","yellow"
"CEACAM6","grey"
"SLC25A32","yellow"
"UBE2T","grey"
"UCP2","turquoise"
"RPF2","blue"
"BTG3","yellow"
"DCTD","blue"
"DUSP10","blue"
"MKI67IP","blue"
"SKA2","yellow"
"FBXO38","brown"
"DHRSX","green"
"RPAP3","yellow"
"PNO1","yellow"
"MYNN","brown"
"STX16","brown"
"C6orf120","brown"
"KAZALD1","turquoise"
"PLXND1","blue"
"PTPN11","brown"
"ORC2L","yellow"
"SUPT5H","turquoise"
"PIGX","green"
"GCLC","turquoise"
"NCK1","yellow"
"CMBL","turquoise"
"GATA3","blue"
"ZNF598","blue"
"SLC33A1","yellow"
"ITGAL","green"
"GRK5","grey"
"KLF3","turquoise"
"MCCC2","blue"
"SLC35E3","green"
"FBN2","grey"
"DDX18","blue"
"RNF24","black"
"ZNF205","turquoise"
"GEMIN8","blue"
"GIPC1","turquoise"
"KIAA1310","blue"
"ZNF644","yellow"
"SERPINB9","yellow"
"ADAT1","blue"
"STAC3","grey"
"ZNF414","turquoise"
"ASB1","red"
"GBP5","grey"
"CRCP","grey"
"FAM175A","yellow"
"PTP4A3","grey"
"LOC729991-MEF2B","turquoise"
"BMX","red"
"SLC25A37","turquoise"
"C1orf55","yellow"
"UBE3B","grey"
"ATAD1","brown"
"GPR35","turquoise"
"NMNAT1","red"
"RAC3","turquoise"
"PRKAA1","brown"
"ISOC2","turquoise"
"SOCS5","brown"
"EPB41L4B","grey"
"ALPL","black"
"PSTPIP2","red"
"ZNF771","turquoise"
"POU2F2","blue"
"BPI","red"
"ZNF513","grey"
"MMP8","red"
"ZNF200","brown"
"PAPD4","brown"
"ZBTB16","grey"
"LRRC37A3","turquoise"
"TMEM205","blue"
"PFKFB2","red"
"CASK","blue"
"RPL31","yellow"
"MIER1","brown"
"TRIM3","turquoise"
"NEK1","blue"
"FBXL20","green"
"SLC30A3","turquoise"
"DOC2A","turquoise"
"IFNGR1","brown"
"ZNF764","yellow"
"C9orf142","blue"
"LRRC8A","turquoise"
"ST20","black"
"ATP2A3","black"
"CD244","blue"
"CCRL2","grey"
"REM1","turquoise"
"C17orf56","green"
"FANCI","grey"
"CTNS","grey"
"BZRAP1","turquoise"
"FAM181B","turquoise"
"GGN","turquoise"
"LY6G6C","turquoise"
"CLEC12A","brown"
"GUK1","turquoise"
"RGS6","turquoise"
"DCLRE1C","yellow"
"PPFIA4","turquoise"
"AOC2","green"
"HDDC3","grey"
"NPAS3","turquoise"
"CSF3","turquoise"
"PPIL2","blue"
"CXorf65","grey"
"NLRC5","green"
"CIZ1","turquoise"
"SLC37A2","blue"
"MAP3K4","blue"
"REM2","green"
"SYCE2","turquoise"
"PEX11G","turquoise"
"CAMKK2","black"
"ZFPM1","blue"
"AMH","turquoise"
"SLC5A9","grey"
"PRR7","turquoise"
"DND1","grey"
"GTDC1","red"
"CLEC12B","brown"
"ENC1","grey"
"XBP1","yellow"
"TM9SF4","grey"
"PPDPF","turquoise"
"CA1","turquoise"
"SLC25A6","blue"
"LLGL1","blue"
"PRPF4","yellow"
"CHMP2A","black"
"MCM7","blue"
"PGM2","brown"
"ZNF394","grey"
"ELMO1","grey"
"ARPC4","red"
"H2AFZ","brown"
"HMOX2","blue"
"UBE2J2","green"
"CLCN4","grey"
"DCAF7","blue"
"AP3M1","yellow"
"CSDA","turquoise"
"C2orf53","turquoise"
"NRSN1","turquoise"
"FAM134C","blue"
"RAB25","turquoise"
"C12orf43","blue"
"TPD52","yellow"
"PRF1","blue"
"TXN2","grey"
"SMAD2","brown"
"TMEM69","yellow"
"STK38L","brown"
"NOL3","turquoise"
"ZCCHC8","yellow"
"EIF3K","blue"
"FAM200B","black"
"C1orf124","grey"
"CDK17","brown"
"SLC26A8","red"
"POLK","brown"
"KHK","turquoise"
"PHYH","yellow"
"TMEM231","turquoise"
"LYRM7","blue"
"KLHL24","brown"
"MVD","turquoise"
"C2orf69","brown"
"PPP2R4","turquoise"
"STXBP1","grey"
"DBN1","grey"
"CBR1","blue"
"SMAD5","yellow"
"LILRB3","black"
"ZBTB6","yellow"
"METRN","turquoise"
"ZNF281","black"
"CYTSB","turquoise"
"SIGLEC5","red"
"FAM151A","turquoise"
"CD68","grey"
"IFI27L2","grey"
"SLC39A5","turquoise"
"DNAJC17","blue"
"IL10RA","blue"
"LPAR1","grey"
"EPS15L1","green"
"RHAG","turquoise"
"RGS18","brown"
"LSM10","grey"
"DGAT1","black"
"CD38","yellow"
"KREMEN2","turquoise"
"RNASE2","grey"
"TMTC2","grey"
"CMTM2","black"
"SOX13","turquoise"
"DOHH","turquoise"
"UGGT1","grey"
"SP2","green"
"EIF1AD","yellow"
"UBXN11","grey"
"COX6B1","turquoise"
"KIAA0562","blue"
"ZADH2","yellow"
"TRIM24","yellow"
"USMG5","brown"
"IL27RA","blue"
"WDR85","blue"
"FAM110B","red"
"ZCCHC2","grey"
"VNN1","red"
"BST1","red"
"BIRC7","turquoise"
"RADIL","turquoise"
"PADI4","red"
"RAGE","turquoise"
"CD3E","blue"
"CNFN","turquoise"
"H6PD","black"
"EPN1","turquoise"
"SPATA2L","turquoise"
"EMILIN1","turquoise"
"ASGR2","grey"
"SLC8A3","turquoise"
"USP19","grey"
"SIGLEC9","red"
"C20orf106","green"
"ZNF445","brown"
"C18orf54","grey"
"PTPLA","turquoise"
"CHRAC1","blue"
"C11orf87","turquoise"
"CCR10","turquoise"
"METT5D1","yellow"
"C1orf69","turquoise"
"ARL5B","brown"
"C14orf45","turquoise"
"SUV420H2","turquoise"
"TMEM134","blue"
"TET3","brown"
"AQP2","turquoise"
"CLCNKA","turquoise"
"CRYBB3","turquoise"
"TMEM56","turquoise"
"FHIT","blue"
"SPTB","turquoise"
"PTPRN2","brown"
"CXCR6","blue"
"PAGE2","turquoise"
"PARP11","yellow"
"CACNA1A","grey"
"STOX2","grey"
"SLFN12","brown"
"NRTN","turquoise"
"SEMA4D","green"
"RETN","red"
"MTUS2","turquoise"
"KBTBD8","yellow"
"NEUROD2","grey"
"C6orf142","turquoise"
"PILRB","blue"
"UPK3A","turquoise"
"PQBP1","blue"
"GPHA2","turquoise"
"RGPD1","grey"
"CA13","grey"
"SNX16","brown"
"LAG3","blue"
"GZMM","blue"
"HGF","red"
"SHF","turquoise"
"IL28RA","blue"
"MTO1","yellow"
"GFI1B","turquoise"
"DLGAP3","turquoise"
"TNFSF12-TNFSF13","green"
"FTCD","turquoise"
"BCL2A1","red"
"ELSPBP1","turquoise"
"FLT3LG","blue"
"PLCB1","yellow"
"NLRC3","blue"
"ZDHHC13","brown"
"RPP38","yellow"
"ATP8B4","brown"
"ICK","yellow"
"C2orf27A","turquoise"
"KLF1","turquoise"
"RIOK1","blue"
"C11orf17","green"
"GPR114","turquoise"
"CCDC114","turquoise"
"LOC653562","turquoise"
"LITAF","black"
"SERINC3","brown"
"AKAP8L","grey"
"C4orf3","brown"
"SPOP","green"
"KDSR","blue"
"IDH3B","blue"
"OLA1","blue"
"SEC14L2","turquoise"
"RNF187","turquoise"
"LOC100294376","blue"
"AHCY","blue"
"ALAD","turquoise"
"EEF1D","blue"
"PSMD9","grey"
"ARAP2","brown"
"TRIM46","turquoise"
"PFKL","turquoise"
"MRPS7","blue"
"CSRP1","blue"
"LASS5","brown"
"SPG20","brown"
"LOC100293124","turquoise"
"PNPLA2","turquoise"
"POLDIP2","turquoise"
"QRSL1","blue"
"TIAL1","brown"
"MYADM","black"
"ABHD10","yellow"
"PRKAG1","red"
"PVRIG","blue"
"AHCTF1","brown"
"PRKAR2B","grey"
"TBCD","blue"
"CCDC69","black"
"PPIG","brown"
"NIPBL","brown"
"PPP2R5E","yellow"
"PUS3","red"
"RAD50","yellow"
"SMU1","green"
"ARHGAP5","yellow"
"SIN3A","blue"
"SLC25A40","brown"
"LIAS","blue"
"FANCA","grey"
"TERF2","blue"
"AHSA2","brown"
"ERMAP","turquoise"
"CLEC2D","blue"
"RPS29","blue"
"SLC38A9","yellow"
"DGCR6","blue"
"DCAF13","yellow"
"BRI3BP","blue"
"DPYSL4","turquoise"
"SLA2","turquoise"
"PUS7","blue"
"ANKRD52","turquoise"
"CCDC126","brown"
"ZNF557","blue"
"EIF4E3","brown"
"SURF2","blue"
"PHF14","blue"
"KRIT1","yellow"
"SNX18","brown"
"ZNF552","black"
"RUVBL2","blue"
"ARID3A","black"
"C19orf33","grey"
"PXMP4","turquoise"
"FLVCR1","blue"
"AP1B1","turquoise"
"ZDHHC7","green"
"ZNF341","green"
"TAF1D","yellow"
"PPIL3","yellow"
"AKAP9","yellow"
"CCNJ","yellow"
"DHRS12","green"
"AIM2","grey"
"KCNJ2","black"
"LMO2","red"
"PDE3B","brown"
"RNF125","blue"
"GJB6","grey"
"CAPNS2","brown"
"LRRC4B","turquoise"
"NUDT19","brown"
"MXI1","turquoise"
"CACNA2D3","blue"
"RD3","turquoise"
"C7orf53","grey"
"MAST4","red"
"DAPK2","green"
"ZNF684","brown"
"ZGLP1","turquoise"
"FAM115C","red"
"CHST13","black"
"C14orf143","grey"
"PMVK","blue"
"IKZF2","blue"
"TRIM34","brown"
"STRADA","red"
"PNMT","turquoise"
"DIP2A","blue"
"CEP97","grey"
"ALPK1","black"
"ZNF100","brown"
"HECW2","grey"
"KCTD21","black"
"FLJ10213","black"
"LYG1","grey"
"INO80B","grey"
"MCOLN2","blue"
"MBOAT7","black"
"SLC1A4","blue"
"SCYL1","black"
"MAK","green"
"CTLA4","blue"
"SIRPD","black"
"GP9","turquoise"
"SYTL4","grey"
"LILRA3","red"
"CHD2","brown"
"OXSM","yellow"
"LY9","blue"
"FOXP1","blue"
"OPHN1","turquoise"
"TBC1D26","turquoise"
"ADCK1","turquoise"
"LOC389901","blue"
"CSAG1","turquoise"
"AP1S2","yellow"
"EIF3C","blue"
"OMG","grey"
"UBA3","brown"
"TAP1","grey"
"DNAJB9","brown"
"DNASE2","blue"
"PPP1R8","yellow"
"SCCPDH","red"
"PDLIM4","turquoise"
"AKIRIN1","brown"
"PAIP2","brown"
"CRNKL1","brown"
"AGPAT5","yellow"
"TXNDC12","brown"
"IL6ST","brown"
"CRIPT","brown"
"CD177","red"
"NAPG","brown"
"ZFYVE1","grey"
"TMEM14A","blue"
"CFDP1","blue"
"CEP68","yellow"
"HSD17B11","brown"
"SCRN1","blue"
"SLC2A6","blue"
"ORC4L","brown"
"KLHL20","blue"
"APLP2","black"
"NPM1","blue"
"SVIP","red"
"PSPH","grey"
"FAM114A2","brown"
"CRTC1","turquoise"
"PRPF38B","brown"
"BCAS3","green"
"BTN3A2","blue"
"FPGT","brown"
"LILRB4","grey"
"CTDSPL2","yellow"
"C20orf30","yellow"
"CDKN3","grey"
"COX19","blue"
"TMEM106A","blue"
"MOB2","turquoise"
"CPSF2","brown"
"KBTBD7","brown"
"RANBP10","turquoise"
"KATNA1","brown"
"ZDHHC4","blue"
"WDR55","grey"
"NUDT16","red"
"ZMYND8","yellow"
"BTK","brown"
"ABHD13","brown"
"P4HA1","brown"
"TMEM39B","blue"
"HMGN3","blue"
"FAM164A","blue"
"VKORC1L1","yellow"
"GALNTL4","turquoise"
"MEA1","grey"
"MTMR12","yellow"
"EBAG9","yellow"
"GPATCH1","blue"
"FAM63B","red"
"NSUN6","blue"
"UBA6","brown"
"WAPAL","brown"
"MBOAT2","red"
"JDP2","black"
"APOBEC1","turquoise"
"PDS5B","brown"
"CCR5","blue"
"ARHGAP12","brown"
"RBBP6","yellow"
"NHLRC4","turquoise"
"IKBKB","blue"
"AGPAT1","grey"
"AKNA","green"
"OSCAR","red"
"MRPL52","blue"
"PDK3","black"
"P2RX1","red"
"NEU4","turquoise"
"DGKG","grey"
"CEPT1","brown"
"ZNF280D","brown"
"DAZAP1","blue"
"THAP2","grey"
"CYP4F12","turquoise"
"CA4","red"
"CST2","turquoise"
"CCDC101","grey"
"NSUN7","red"
"ZNF595","yellow"
"RNF25","grey"
"KIAA1919","turquoise"
"EIF2AK2","grey"
"S1PR4","black"
"AMICA1","green"
"LRRN1","red"
"ZNF654","brown"
"DKFZp761E198","black"
"C14orf106","yellow"
"WDR89","turquoise"
"B3GALNT1","turquoise"
"ATXN7","green"
"ZNF8","green"
"MSH3","brown"
"SPTY2D1","brown"
"FIBCD1","turquoise"
"IL15RA","grey"
"ERLIN2","brown"
"KIAA1377","blue"
"FNIP1","brown"
"CTAGE5","black"
"ZNF516","brown"
"SMOX","turquoise"
"GIMAP1","blue"
"FIGNL1","yellow"
"NIT1","red"
"ZNF587","green"
"PGGT1B","brown"
"LONRF1","brown"
"RNF144B","red"
"DDT","blue"
"BRD1","yellow"
"C6orf108","blue"
"ATF7","red"
"STAG2","brown"
"ADAM17","green"
"GNMT","turquoise"
"PEMT","blue"
"PLEKHA8","blue"
"C17orf42","yellow"
"SPANXD","turquoise"
"JRK","blue"
"LTB4R","red"
"KLHL8","red"
"ZNF333","grey"
"SYNE1","red"
"TLR7","blue"
"LIX1L","grey"
"MTRR","brown"
"TAF1C","blue"
"ITGA2B","turquoise"
"VIPR2","turquoise"
"ZNF789","blue"
"PARL","brown"
"BCL2L15","grey"
"ESPN","turquoise"
"EPSTI1","grey"
"ACTL8","turquoise"
"PRR5L","blue"
"TLR5","red"
"PTPRH","turquoise"
"MATK","blue"
"RPUSD3","blue"
"GTPBP8","blue"
"TMEM116","blue"
"PSMG4","blue"
"C16orf13","blue"
"TMEM170B","brown"
"SLC4A5","turquoise"
"NUP98","grey"
"MGAM","black"
"KCNE1","red"
"CLEC4G","turquoise"
"LRRC29","turquoise"
"NFATC1","blue"
"MBD2","brown"
"PYHIN1","blue"
"PIAS2","grey"
"TBX6","turquoise"
"AMHR2","turquoise"
"WBSCR27","turquoise"
"GLE1","yellow"
"RNF39","turquoise"
"ZNF398","green"
"ECE2","turquoise"
"NOD2","grey"
"CLDN9","grey"
"UEVLD","brown"
"RIMBP3","blue"
"ADAMTS3","red"
"ICOS","blue"
"KLC3","turquoise"
"TSPAN32","blue"
"NODAL","turquoise"
"MED25","turquoise"
"GJC2","turquoise"
"TMPRSS6","turquoise"
"VIM","black"
"PPP1CC","yellow"
"TMCO1","brown"
"ATP6V1G1","brown"
"YIPF5","brown"
"IFIT3","grey"
"CLN3","green"
"SLC8A2","turquoise"
"GALM","grey"
"PSMD6","brown"
"NDUFS1","brown"
"UBE2G2","blue"
"FCGR3A","grey"
"CXCR2","green"
"CYP27A1","green"
"MRPL34","blue"
"SLC7A6OS","blue"
"CETN2","grey"
"MED6","yellow"
"IFT57","brown"
"ARHGEF12","turquoise"
"SNCA","turquoise"
"SEC62","grey"
"MFN1","brown"
"CPM","grey"
"AKT2","grey"
"TMEM70","brown"
"CHMP1B","brown"
"TXNDC9","brown"
"SNRPB2","yellow"
"STK25","blue"
"CSDE1","turquoise"
"NFIC","grey"
"NUP43","blue"
"PRPF18","brown"
"ITCH","black"
"GDAP2","brown"
"UTP23","yellow"
"TBC1D4","blue"
"C22orf39","turquoise"
"RAD23B","brown"
"DYRK4","red"
"XPO4","blue"
"MFAP3","brown"
"ZNF592","turquoise"
"TRIP13","grey"
"DOK1","black"
"MTPAP","blue"
"SESTD1","brown"
"HAP1","turquoise"
"SYNPO2","turquoise"
"FAM89A","red"
"APC","brown"
"EXOSC7","blue"
"MDM2","brown"
"FRMD4B","brown"
"CTBS","brown"
"SLC22A1","green"
"ACSS1","blue"
"KCTD20","red"
"FCRLA","blue"
"OMA1","brown"
"ZNF576","grey"
"NOC4L","grey"
"STAM2","brown"
"ZNF503","turquoise"
"FOSL2","black"
"TMEM154","green"
"HSD17B12","brown"
"PCID2","blue"
"SIDT1","blue"
"ARRB2","black"
"ZNF91","blue"
"C10orf118","brown"
"OSGIN2","green"
"MIOS","yellow"
"LOC392288","turquoise"
"GAB1","brown"
"TRAPPC10","yellow"
"SLC6A12","turquoise"
"SNX15","turquoise"
"C20orf24","red"
"ARL15","grey"
"VAV3","brown"
"DBP","blue"
"PDGFB","turquoise"
"GPR65","brown"
"FUNDC1","yellow"
"AGMAT","blue"
"CCR2","yellow"
"FAM20C","red"
"CD70","turquoise"
"RIF1","yellow"
"HIST1H2AE","red"
"CCL22","turquoise"
"ZNF160","yellow"
"ALDH3B1","black"
"CASP5","grey"
"P2RY13","black"
"VPS13A","blue"
"VCX2","turquoise"
"PGAP1","turquoise"
"ZNF224","yellow"
"TRDMT1","brown"
"ARHGEF16","turquoise"
"RNF213","grey"
"SYTL2","blue"
"KLHDC7B","grey"
"RAD52","turquoise"
"RPS6KA2","red"
"CD3G","blue"
"LGALS12","grey"
"SETD3","red"
"ARSB","brown"
"EMR1","red"
"C3orf39","turquoise"
"MOSC1","black"
"GSTA3","turquoise"
"RASAL3","blue"
"ERC1","blue"
"NCKAP5L","turquoise"
"FGF11","turquoise"
"LGALS2","blue"
"CATSPER1","red"
"GATA1","turquoise"
"ISL2","grey"
"CD40","blue"
"ADAM11","turquoise"
"AK3L1","grey"
"SLC35C2","grey"
"SPTLC1","brown"
"DNASE1","turquoise"
"SYTL3","black"
"KLRC1","blue"
"ZNF720","brown"
"BICD2","green"
"AZU1","grey"
"NOXA1","turquoise"
"NLRP1","green"
"PTCRA","turquoise"
"CHADL","turquoise"
"TNFSF4","grey"
"C20orf134","turquoise"
"PPAT","blue"
"SESN3","turquoise"
"C19orf71","turquoise"
"KCNA3","blue"
"TRPM3","turquoise"
"PRSS33","blue"
"AGAP6","blue"
"PAQR9","turquoise"
"SAMD3","blue"
"CEACAM19","turquoise"
"CACNA1I","turquoise"
"PTPN22","brown"
"PCSK7","blue"
"DNAJC9","yellow"
"TROAP","turquoise"
"TRIM58","turquoise"
"CCDC88C","blue"
"TNFAIP8L3","red"
"ZNF419","blue"
"IL18RAP","red"
"CRIP3","turquoise"
"SPEM1","turquoise"
"OTOS","turquoise"
"NAT8B","turquoise"
"DMBT1","turquoise"
"SNRNP35","black"
"CDC7","yellow"
"RPA4","grey"
"C2orf82","turquoise"
"KCNK13","grey"
"TFEC","brown"
"TRIM6","turquoise"
"HMG20A","yellow"
"BRMS1","green"
"RTBDN","turquoise"
"HIST1H3H","turquoise"
"TMEM208","red"
"CYP1A2","turquoise"
"IL4I1","turquoise"
"MYST2","green"
"USP10","green"
"PMPCB","yellow"
"COPA","black"
"UBB","turquoise"
"CCT4","blue"
"PLRG1","yellow"
"CABC1","green"
"AATF","green"
"TIMM13","turquoise"
"COX16","yellow"
"TSR1","blue"
"BBS2","blue"
"PSMD8","blue"
"CAT","grey"
"DCAF11","turquoise"
"ZDHHC6","brown"
"OGT","yellow"
"UFM1","brown"
"YIF1A","blue"
"ZCRB1","yellow"
"LMF1","grey"
"PTPN7","grey"
"GRSF1","yellow"
"ABT1","blue"
"FANCF","blue"
"ALG8","blue"
"PTAFR","green"
"SLC35E4","turquoise"
"PAPOLG","brown"
"PI4K2A","grey"
"KPNA4","brown"
"PLAGL2","grey"
"TMEM39A","brown"
"NAP1L1","yellow"
"MON2","brown"
"ZKSCAN1","red"
"PEF1","red"
"TUBE1","yellow"
"DCI","blue"
"CRH","turquoise"
"FAM18B","brown"
"ZP3","red"
"ZNF664","yellow"
"PEX10","turquoise"
"ORAI2","black"
"GYPA","turquoise"
"APOL6","grey"
"HNRNPC","yellow"
"NR2F1","turquoise"
"RCOR3","brown"
"MED18","red"
"LOC100292920","turquoise"
"ZBTB33","yellow"
"TOPORS","yellow"
"RRAGB","brown"
"SNX6","brown"
"CASD1","yellow"
"ELMOD2","brown"
"CCL5","blue"
"SLC30A5","yellow"
"HSH2D","grey"
"DZIP3","blue"
"MTMR2","blue"
"ZNF566","blue"
"KIAA1715","brown"
"CREB1","yellow"
"ZNF777","grey"
"ANKRD13C","yellow"
"ZNF92","yellow"
"FXN","blue"
"ZNF167","red"
"PBLD","brown"
"RBM26","yellow"
"MAP7D1","green"
"ARL4C","blue"
"SEC31A","blue"
"SLC31A1","grey"
"ZNF33A","green"
"TCF20","green"
"LILRA6","red"
"CCNA1","red"
"NT5C3L","turquoise"
"ZNRF1","turquoise"
"ZNF44","brown"
"NT5C3","grey"
"SCAPER","brown"
"TSEN34","black"
"HSD17B7","yellow"
"C1orf58","brown"
"DOM3Z","turquoise"
"C1orf83","green"
"DYNC2LI1","red"
"EHMT2","blue"
"TPI1","grey"
"ZNF326","yellow"
"UBAC1","turquoise"
"OGFRL1","brown"
"NKRF","yellow"
"LRRC8B","blue"
"TIAM1","blue"
"FAM105A","brown"
"C2orf60","red"
"ZNF234","blue"
"ANKRD22","red"
"ZCWPW1","turquoise"
"ADRB3","turquoise"
"GK","brown"
"C17orf87","blue"
"BPTF","green"
"GTF2I","green"
"AGRN","grey"
"MS4A3","grey"
"HGD","grey"
"KCNJ15","black"
"March 1","yellow"
"ZCCHC4","yellow"
"TERF1","yellow"
"IL3RA","grey"
"ITGAM","red"
"PEX13","brown"
"BTNL8","grey"
"NPHP3","brown"
"BRAF","turquoise"
"RG9MTD3","blue"
"FAM3B","grey"
"TMOD1","turquoise"
"KIAA0495","blue"
"ESYT3","turquoise"
"BAK1","grey"
"LASS4","grey"
"RAD51C","blue"
"CHKB-CPT1B","green"
"N4BP2L1","yellow"
"LMNB1","brown"
"ZMYND17","grey"
"TBX21","blue"
"TRIM7","grey"
"GPR18","blue"
"NOB1","blue"
"DEFA4","grey"
"PTGER2","brown"
"ENKUR","turquoise"
"FASLG","blue"
"XKR3","grey"
"C2orf51","turquoise"
"RBM12B","yellow"
"MBP","green"
"ZNF467","black"
"TRIM5","grey"
"CHRNB2","turquoise"
"CEP135","brown"
"CELF3","turquoise"
"TTLL10","turquoise"
"SPATC1","grey"
"CD164L2","turquoise"
"CRB3","turquoise"
"HHIPL2","turquoise"
"NOVA2","turquoise"
"JKAMP","brown"
"PGLYRP1","red"
"HEXDC","grey"
"MCM9","brown"
"STIL","grey"
"VSTM1","red"
"APITD1","turquoise"
"CCDC107","blue"
"UBXN2A","yellow"
"TTC14","brown"
"C9orf85","yellow"
"CSGALNACT2","brown"
"FGFRL1","turquoise"
"MSI2","turquoise"
"FAM18B2","turquoise"
"MAP3K10","turquoise"
"SLITRK4","grey"
"IL1F5","turquoise"
"PAK3","grey"
"SEC14L5","grey"
"ESPNL","turquoise"
"GAPT","brown"
"RUFY2","blue"
"FOXD4","grey"
"CCDC57","turquoise"
"PGLYRP4","turquoise"
"PSMD12","brown"
"TXNDC3","brown"
"C16orf45","grey"
"FFAR1","turquoise"
"C1orf213","turquoise"
"KIAA1841","grey"
"SIRPB1","grey"
"ARHGAP24","brown"
"PROK2","brown"
"HHIPL1","turquoise"
"TMEM217","turquoise"
"MAP2K4","green"
"LOC139201","brown"
"RNF216L","green"
"RNASEH2B","blue"
"KCNS2","turquoise"
"SCARF1","grey"
"THAP1","brown"
"LYNX1","turquoise"
"OXER1","black"
"TAS1R1","turquoise"
"MS4A4A","red"
"CEACAM21","red"
"CASP1","brown"
"TBX1","turquoise"
"VENTX","grey"
"CHRNA10","grey"
"HSD11B1L","turquoise"
"SULT1A1","green"
"APOBEC3B","grey"
"CLEC1B","grey"
"CABLES1","turquoise"
"EDNRB","grey"
"VNN3","green"
"TBC1D2B","green"
"HS3ST6","turquoise"
"U2AF1L4","blue"
"RPS26","blue"
"CCDC48","turquoise"
"TARP","blue"
"RNPEPL1","black"
"USF1","green"
"LGTN","blue"
"RAB33A","red"
"MIA","turquoise"
"SERPINB10","grey"
"TMEM8B","blue"
"HIST3H2BB","turquoise"
"HSP90AA1","yellow"
"MCM6","blue"
"ICAM1","black"
"LOC100130283","grey"
"CXCR1","black"
"FCGR3B","green"
"LUC7L3","yellow"
"VCP","green"
"SLC44A4","turquoise"
"PEX2","brown"
"DALRD3","blue"
"PIK3R1","yellow"
"LDHA","red"
"BTG1","green"
"AIDA","turquoise"
"RBM18","brown"
"FAM32A","brown"
"PL-5283","turquoise"
"CEBPZ","brown"
"DPH3","brown"
"NSMCE1","blue"
"HP1BP3","blue"
"SCAMP1","brown"
"ROD1","brown"
"PELI1","brown"
"SIL1","red"
"NFYB","grey"
"KLF10","yellow"
"WDR5B","grey"
"SLC3A2","grey"
"DDX21","yellow"
"PPP1R12A","brown"
"POT1","brown"
"UBXN1","blue"
"PALLD","grey"
"MAF","blue"
"ZNF277","yellow"
"FOXRED2","grey"
"LOC642869","blue"
"UBL7","turquoise"
"ALDOA","black"
"USP12","turquoise"
"POLD3","brown"
"COMMD2","brown"
"GNAQ","red"
"TLK1","brown"
"MANBAL","grey"
"CA2","turquoise"
"SLC35B4","blue"
"INPP5D","green"
"PEX19","brown"
"PRIM1","blue"
"SLC25A26","blue"
"CCT8","yellow"
"MRPS33","blue"
"HNRPLL","brown"
"ZNF586","brown"
"ARL4A","turquoise"
"IMPA1","brown"
"ZFP161","yellow"
"ANXA4","brown"
"DDX58","grey"
"COX18","yellow"
"UBTD2","brown"
"CCDC50","blue"
"TNFAIP8","brown"
"PSTPIP1","black"
"LRRN4CL","turquoise"
"TSSK3","turquoise"
"FBXO45","yellow"
"ZBTB1","yellow"
"ETV1","turquoise"
"IL7R","blue"
"DDX39","blue"
"CCDC14","yellow"
"ZNF480","blue"
"SLFN5","blue"
"STAT4","blue"
"USP53","brown"
"MRPL11","blue"
"TTC5","blue"
"SLC46A2","blue"
"IRAK2","brown"
"SPG21","black"
"DBNDD2","blue"
"CCDC104","yellow"
"TAOK3","green"
"TNPO2","blue"
"BSDC1","blue"
"NAT8L","turquoise"
"KPRP","turquoise"
"ZNF673","yellow"
"CYP20A1","yellow"
"ZC3H14","blue"
"CYP4F3","black"
"VIPR1","turquoise"
"CLDN5","turquoise"
"ZMAT3","green"
"PHF12","green"
"PCYT1B","turquoise"
"DOPEY2","yellow"
"NKD1","turquoise"
"C6orf97","turquoise"
"FANCE","turquoise"
"HDGFRP2","black"
"CLEC4M","turquoise"
"UTP6","yellow"
"PTPRC","brown"
"UAP1L1","turquoise"
"CRTAM","blue"
"C5AR1","black"
"CCDC19","green"
"NR2E1","grey"
"C19orf60","blue"
"JAK2","brown"
"ZNF23","turquoise"
"AFAP1","grey"
"DEF6","green"
"TRPM6","black"
"C3orf62","green"
"CLEC7A","green"
"CLDN19","turquoise"
"MPND","turquoise"
"PAGE5","turquoise"
"LRRFIP2","red"
"GRIN1","turquoise"
"C16orf92","turquoise"
"SLFN11","yellow"
"IRX5","turquoise"
"SP4","yellow"
"INTS2","yellow"
"PSG6","turquoise"
"TMEM164","grey"
"CD300LB","green"
"SUCNR1","grey"
"DYRK3","turquoise"
"COMMD6","brown"
"GPR182","turquoise"
"LIMK2","black"
"MTMR1","brown"
"NTSR1","red"
"C1RL","black"
"SH3D20","grey"
"NUDT7","grey"
"HEATR7A","turquoise"
"SPEG","turquoise"
"KLRAQ1","brown"
"KLHDC10","brown"
"NKX2-8","turquoise"
"PGBD4","blue"
"MGAT5B","turquoise"
"NPFF","grey"
"CR1","red"
"RAX","turquoise"
"PLEKHG6","turquoise"
"METRNL","red"
"GPR172B","turquoise"
"LPPR3","turquoise"
"DOCK8","green"
"ACVR1C","grey"
"BCL11B","blue"
"C1orf130","turquoise"
"P2RY14","grey"
"NECAP2","yellow"
"CCDC116","turquoise"
"LOC375190","red"
"SLC12A9","black"
"RSRC2","brown"
"HMX1","turquoise"
"TRIM69","grey"
"TMIGD2","blue"
"SEC11A","yellow"
"SIGLEC7","black"
"FKBP11","blue"
"NAA16","yellow"
"CALML6","turquoise"
"LAIR2","grey"
"CFB","turquoise"
"BCKDHA","grey"
"GFOD2","red"
"DPH5","yellow"
"AAMP","blue"
"CD2","blue"
"B3GNTL1","black"
"SYMPK","turquoise"
"DCXR","blue"
"C11orf67","grey"
"TNNI2","black"
"PLEKHA4","turquoise"
"ZNF446","turquoise"
"TMEM190","turquoise"
"PFN3","turquoise"
"LILRA2","green"
"RPL37","blue"
"DUSP3","red"
"RAB18","brown"
"CSNK2A1","grey"
"PPP2R1B","yellow"
"HSDL1","brown"
"SLC25A12","brown"
"STX7","brown"
"RCAN1","yellow"
"DDX5","yellow"
"SLC31A2","brown"
"CPPED1","green"
"AMN","turquoise"
"KARS","blue"
"SLC25A17","grey"
"GNAO1","turquoise"
"RPL22L1","yellow"
"FHL1","grey"
"CHRNA2","turquoise"
"AGPAT3","turquoise"
"C1orf198","grey"
"C19orf48","turquoise"
"HP","red"
"GMCL1","brown"
"ANKMY2","yellow"
"TMEM9","grey"
"VTI1B","turquoise"
"UTP14A","blue"
"EVI2A","brown"
"SSSCA1","blue"
"GRK6","red"
"CC2D1B","green"
"GTF3A","blue"
"INTS9","blue"
"APOL1","grey"
"EGLN1","green"
"CLASP2","yellow"
"BIRC5","grey"
"RARS2","yellow"
"HLA-DOA","blue"
"PGK1","red"
"SMC4","yellow"
"HMGXB4","yellow"
"TTF1","blue"
"DEPDC1","grey"
"TRIM25","black"
"FBXO42","green"
"NPLOC4","red"
"TADA2B","black"
"TROVE2","brown"
"UQCRQ","grey"
"CYP2D6","turquoise"
"BAG5","yellow"
"PSMD14","yellow"
"SERTAD2","grey"
"ARMC8","brown"
"TMEM68","yellow"
"GEMIN4","blue"
"LYPLA2","red"
"TBCEL","turquoise"
"RAP2B","yellow"
"GBP4","grey"
"SLC22A15","brown"
"SHMT1","turquoise"
"DDHD2","blue"
"HAUS5","blue"
"CD28","blue"
"PDK1","brown"
"LUC7L2","yellow"
"POLR2J2","grey"
"ANGEL2","yellow"
"C5orf33","yellow"
"TMEM192","yellow"
"IRAK1","blue"
"NDOR1","turquoise"
"C5orf44","brown"
"UBQLN1","grey"
"SHANK2","turquoise"
"CCDC144A","grey"
"ZNF440","turquoise"
"C15orf61","turquoise"
"FPR2","brown"
"GALC","brown"
"ARFGAP2","blue"
"ELK1","turquoise"
"ANKRD9","turquoise"
"APOC4","turquoise"
"PIH1D1","blue"
"SEH1L","blue"
"TRAT1","blue"
"ZMYM6","yellow"
"CD200R1","yellow"
"AMPD3","brown"
"IRAK4","brown"
"SSR3","yellow"
"FBXL17","yellow"
"TNRC6C","yellow"
"LONP2","green"
"CPSF4","blue"
"SUSD3","grey"
"CBFA2T3","green"
"AATK","black"
"C14orf37","turquoise"
"FGGY","red"
"TIGIT","blue"
"BTN3A3","blue"
"NOD1","blue"
"SLC2A4","turquoise"
"C4orf29","yellow"
"TBC1D10C","green"
"RALGAPA2","red"
"GK5","brown"
"METTL8","blue"
"LRRC37A","green"
"SLC6A4","grey"
"PLAGL1","brown"
"PGBD2","yellow"
"CD300E","grey"
"PRTN3","grey"
"SLC2A9","grey"
"NCR3","blue"
"CCDC9","turquoise"
"GP6","grey"
"SAMD4B","green"
"ZNF155","grey"
"MPP7","brown"
"PRDM9","turquoise"
"CSAD","green"
"C17orf90","blue"
"Septin 14","black"
"TRIML1","turquoise"
"ZNF780A","red"
"HNF1A","turquoise"
"ENOSF1","blue"
"ZNF17","yellow"
"HBM","turquoise"
"KCNJ11","turquoise"
"ZNF772","yellow"
"ETV3","grey"
"IL10","red"
"SPTA1","turquoise"
"LOC100294402","blue"
"CEBPE","grey"
"TRIM11","turquoise"
"ANK1","turquoise"
"RNASEL","brown"
"NFX1","blue"
"GGA3","green"
"LRRC27","turquoise"
"AQP10","turquoise"
"ABLIM2","turquoise"
"KLRC3","blue"
"ZMYM5","brown"
"SUMF2","blue"
"TRIM23","brown"
"CDH23","grey"
"BRSK1","grey"
"JPH2","turquoise"
"PDCD1","turquoise"
"SULT1B1","red"
"C11orf86","turquoise"
"ETV3L","turquoise"
"PUSL1","blue"
"EPHA8","turquoise"
"ASPDH","turquoise"
"FOXI2","turquoise"
"HCRT","turquoise"
"SCLT1","brown"
"ACPT","turquoise"
"SGCZ","turquoise"
"MFSD6","yellow"
"GP1BA","grey"
"SPINK8","red"
"UBAP1","turquoise"
"NARFL","turquoise"
"SDCBP","brown"
"TGFBI","blue"
"CX3CL1","turquoise"
"NRBP1","black"
"DDX27","blue"
"FAM188B","turquoise"
"RASGRP2","green"
"ZDHHC14","blue"
"BAGE2","green"
"PSIP1","yellow"
"CXCR3","blue"
"SHQ1","blue"
"GUCY2D","turquoise"
"ALOX15B","grey"
"GPHB5","turquoise"
"KRTAP10-5","turquoise"
"PLA2G4F","turquoise"
"PWWP2B","blue"
"ATP5F1","brown"
"SLC2A14","red"
"FOS","brown"
"CLSTN3","turquoise"
"TRA2B","yellow"
"POLR2B","yellow"
"KPNA1","brown"
"ATG4B","green"
"PSMA7","red"
"UMPS","blue"
"CYTIP","brown"
"TAF11","yellow"
"NECAB1","red"
"PPP4C","black"
"GOLGA8A","blue"
"TBRG4","blue"
"DKK3","turquoise"
"C5orf43","yellow"
"GPR37L1","turquoise"
"DBF4","yellow"
"CBLL1","yellow"
"FAM45A","brown"
"DNAJC14","yellow"
"PNPT1","yellow"
"IL16","green"
"FAM98B","yellow"
"MRPS12","blue"
"FAR1","brown"
"ALAS2","turquoise"
"C4A","turquoise"
"LIN52","blue"
"MAT2A","yellow"
"TATDN3","brown"
"CCBL2","brown"
"METTL6","yellow"
"HYAL2","red"
"HIP1","red"
"THOC2","yellow"
"PHKG2","green"
"SYNRG","blue"
"PCTP","grey"
"ZNF639","yellow"
"CLIC2","turquoise"
"MED31","brown"
"HIST1H2BG","grey"
"WIPI2","turquoise"
"TMEM159","blue"
"KIAA0652","green"
"RDH13","blue"
"APBB2","turquoise"
"SUV39H2","turquoise"
"TAF9B","yellow"
"ACSF3","turquoise"
"GTF2F1","blue"
"RAD51","turquoise"
"MPHOSPH8","blue"
"TAF1B","yellow"
"ERBB2IP","brown"
"C13orf18","green"
"ERO1LB","brown"
"WDR37","brown"
"TMLHE","red"
"SARNP","brown"
"NADK","green"
"TMEM30B","turquoise"
"ARID2","brown"
"IL32","blue"
"C17orf68","blue"
"IPP","yellow"
"CYP4V2","blue"
"C7orf26","green"
"ZNF443","brown"
"METTL4","yellow"
"TCEA1","grey"
"PCYOX1L","blue"
"ZNF276","black"
"ATHL1","green"
"ATP6V1G2","turquoise"
"BPNT1","brown"
"SFRS2","yellow"
"FGD2","grey"
"ARID5A","black"
"CNOT2","blue"
"CSF2RA","black"
"C1orf183","green"
"SLAMF6","blue"
"CNTROB","turquoise"
"MTMR7","turquoise"
"MBNL3","turquoise"
"C14orf135","yellow"
"ADAM33","turquoise"
"TRIM65","turquoise"
"THEMIS","blue"
"NCOA4","turquoise"
"MCM8","yellow"
"CLTB","grey"
"BTNL3","grey"
"RALY","green"
"GPRASP1","blue"
"FEM1B","grey"
"SKI","green"
"SIPA1L3","blue"
"ST7L","red"
"FCHSD1","green"
"DYNLL2","turquoise"
"GPR137","turquoise"
"EPN2","turquoise"
"ZBTB7B","turquoise"
"SPN","blue"
"SNF8","grey"
"GCET2","blue"
"KIAA1598","yellow"
"C1orf52","brown"
"MFSD9","grey"
"ITGB3","grey"
"GDF1","turquoise"
"C15orf37","brown"
"RNASE3","grey"
"LOC440459","black"
"SLC16A6","brown"
"MLX","red"
"HDLBP","turquoise"
"CD40LG","turquoise"
"DCTN3","red"
"VAMP4","brown"
"NBR1","green"
"TUBGCP4","blue"
"POLR1E","blue"
"IPCEF1","green"
"TSC22D2","brown"
"GRIPAP1","black"
"SOCS2","blue"
"FAM55C","brown"
"SLC8A1","brown"
"CYSLTR1","yellow"
"DLX4","turquoise"
"OSBPL5","grey"
"RFC2","grey"
"QPCTL","turquoise"
"SNRPN","blue"
"HAL","green"
"C4orf33","brown"
"TTC7A","blue"
"FFAR2","black"
"EXOSC6","blue"
"H2AFY","black"
"EMR2","black"
"NR3C1","brown"
"PACSIN2","black"
"N4BP2","yellow"
"ELF2","brown"
"BTLA","blue"
"KLRG1","blue"
"GAMT","turquoise"
"FAM71E2","turquoise"
"SLC38A5","turquoise"
"SEC22C","brown"
"SPATA22","turquoise"
"SP140L","blue"
"NEK8","turquoise"
"RNF122","grey"
"CLEC4D","red"
"GCNT1","brown"
"IL18R1","red"
"SLC6A5","turquoise"
"TNIP2","red"
"LRRK2","brown"
"FANCB","grey"
"FLCN","turquoise"
"C9orf139","turquoise"
"ZNF441","yellow"
"FAM72A","grey"
"CD47","yellow"
"C17orf55","turquoise"
"TBXA2R","turquoise"
"C1QTNF5","turquoise"
"NDRG3","green"
"POLR3E","blue"
"FCRL2","grey"
"AKTIP","brown"
"ZNF549","blue"
"IQSEC2","turquoise"
"GDF5","turquoise"
"C18orf1","brown"
"XCL1","blue"
"KIAA0754","black"
"RNF215","grey"
"RFESD","turquoise"
"SLC39A6","yellow"
"NLRX1","grey"
"RNF135","black"
"TMBIM4","brown"
"GPR158","turquoise"
"FHAD1","turquoise"
"NRXN2","turquoise"
"FAM18A","turquoise"
"FAM70B","turquoise"
"TBP","yellow"
"CD8B","blue"
"HBQ1","turquoise"
"CCDC125","red"
"ANKRD44","green"
"TAPBP","black"
"NLRC4","red"
"CCDC149","turquoise"
"PHTF2","yellow"
"HES7","turquoise"
"NOMO2","green"
"C15orf58","turquoise"
"NPW","turquoise"
"HIVEP3","grey"
"C8orf73","red"
"FAM177B","grey"
"FCRL6","blue"
"C16orf93","turquoise"
"SPRED3","turquoise"
"ZSCAN2","turquoise"
"BRCA1","grey"
"PTGDR","blue"
"SLC24A4","grey"
"RAB12","yellow"
"RPS6KA5","green"
"ACCN4","turquoise"
"SLC5A10","turquoise"
"UTY","grey"
"ZNF841","turquoise"
"CLP1","brown"
"TNFRSF13C","turquoise"
"KRTAP5-2","turquoise"
"FAM132A","turquoise"
"TMEM105","turquoise"
"SLC34A3","turquoise"
"OSGIN1","turquoise"
"LCE1E","turquoise"
"C20orf173","turquoise"
"C21orf59","blue"
"DDX41","blue"
"RBM4B","blue"
"ARF5","black"
"ENTPD6","turquoise"
"STK11","turquoise"
"SLC13A2","turquoise"
"CD151","grey"
"BSG","turquoise"
"OBFC2B","blue"
"MPPED1","turquoise"
"SAMSN1","red"
"CSNK1G2","green"
"C6orf130","yellow"
"ZNF226","yellow"
"ARMCX5","yellow"
"RBCK1","black"
"PRKRIR","yellow"
"RPP14","yellow"
"SH2B1","blue"
"RASA3","blue"
"RAB34","blue"
"PSG7","turquoise"
"ZNF317","blue"
"CXXC5","blue"
"EPHB4","turquoise"
"DNM2","black"
"RGS12","turquoise"
"C16orf54","green"
"LOC440040","turquoise"
"ANAPC10","yellow"
"HIST1H4K","red"
"THOC5","black"
"P2RX3","turquoise"
"NAT6","turquoise"
"THADA","blue"
"AQP12A","turquoise"
"VSX1","turquoise"
"OR10H1","turquoise"
"GYPE","turquoise"
"DLEU7","grey"
"GHRHR","turquoise"
"CD160","blue"
"AIRE","turquoise"
"MYBBP1A","turquoise"
"KCNH4","turquoise"
"NTN3","turquoise"
"TOM1","black"
"PNPLA1","red"
"WDFY3","red"
"TNXA","turquoise"
"TREML4","grey"
"FBXL6","grey"
"MRGPRE","turquoise"
"KRTAP12-1","turquoise"
"C2CD4D","turquoise"
"WNT9A","turquoise"
"CD48","grey"
"HIST1H4D","grey"
"ANAPC7","yellow"
"GPR142","turquoise"
"SSTR4","turquoise"
"MRGPRD","turquoise"
"GNG8","turquoise"
"NDRG2","turquoise"
"DNAJB13","turquoise"
"NEU2","turquoise"
"IGJ","grey"
"LARS","blue"
"USP14","yellow"
"ZNF791","brown"
"GDI2","brown"
"MAPK1IP1L","brown"
"RSL1D1","blue"
"NOP2","blue"
"OPTN","turquoise"
"FKBP4","grey"
"MED28","brown"
"ADAM10","brown"
"ITGA6","yellow"
"SLC16A3","black"
"EXOSC2","blue"
"KIF1A","turquoise"
"DCAF4","blue"
"ANTXR2","brown"
"EEF1A1","blue"
"CELF1","green"
"C10orf32","yellow"
"KIF5B","brown"
"Septin 7","brown"
"P2RX7","blue"
"C15orf63","blue"
"JMJD6","red"
"C8orf33","blue"
"NEK9","brown"
"CAMLG","yellow"
"FAM120B","green"
"CTNNBL1","blue"
"OLIG2","turquoise"
"GCA","brown"
"RBM42","green"
"GGA1","blue"
"CCDC59","blue"
"MAN1A1","brown"
"CYTSA","red"
"ENTPD4","brown"
"ARL8A","red"
"ARHGAP18","red"
"BLZF1","brown"
"FGFR1OP2","grey"
"ZFAND5","grey"
"FCGRT","green"
"DPPA4","turquoise"
"SFRS5","yellow"
"ENPP4","brown"
"SPATA20","blue"
"LYRM2","yellow"
"PRMT7","blue"
"XPR1","grey"
"MPPE1","green"
"GBP6","grey"
"EIF4E","brown"
"CCDC34","grey"
"C9orf86","blue"
"KIAA0355","blue"
"TRNT1","yellow"
"RBBP5","green"
"ORMDL3","turquoise"
"RRM2B","brown"
"GLUD2","turquoise"
"OSBP2","turquoise"
"PLXNC1","black"
"METTL2B","blue"
"MRP63","blue"
"CASP6","blue"
"DHDDS","turquoise"
"MAP3K8","brown"
"C22orf25","turquoise"
"SPATS2","blue"
"C16orf87","brown"
"PIGC","blue"
"ZNF362","blue"
"PTER","blue"
"ABCA5","yellow"
"C9orf21","yellow"
"ORMDL2","red"
"HIST1H2AC","brown"
"AMIGO2","yellow"
"KIAA0101","grey"
"MUC21","turquoise"
"NUP160","yellow"
"INPP4A","green"
"PRKCE","grey"
"SNX20","red"
"KIAA1012","brown"
"RPAIN","blue"
"NANP","yellow"
"TLR2","black"
"ZNF136","yellow"
"NKX3-1","grey"
"CHKA","grey"
"TAF8","brown"
"LPAR5","blue"
"C17orf91","grey"
"CSNK1A1","brown"
"FCGR1A","red"
"SNRNP48","brown"
"BAIAP3","turquoise"
"CD96","blue"
"C19orf39","green"
"ACOT9","brown"
"PHF20","green"
"DEDD","red"
"RUSC1","turquoise"
"EGR3","grey"
"OPA3","blue"
"KIAA0586","brown"
"MCM10","turquoise"
"MBOAT1","brown"
"TM2D3","brown"
"MSL2","green"
"ZNF697","grey"
"ABAT","grey"
"ZNF662","turquoise"
"RFT1","green"
"GABRA3","turquoise"
"IAH1","brown"
"DNMT1","blue"
"NUP62","blue"
"CCDC82","brown"
"ZNF800","yellow"
"CLIP4","yellow"
"STYX","yellow"
"NOL8","yellow"
"PPP4R2","brown"
"FBXO44","turquoise"
"ZNF430","yellow"
"RBAK","yellow"
"PDCD7","blue"
"GIN1","brown"
"KCNK6","blue"
"ZNF773","blue"
"FBXO18","grey"
"SLC35D1","blue"
"ELL2","grey"
"TREML2","black"
"MXD4","turquoise"
"TNRC6B","green"
"TMEM38A","black"
"IL6R","green"
"NMT2","blue"
"SERAC1","brown"
"CXorf38","green"
"ZNF701","brown"
"TNNT1","grey"
"CARD9","blue"
"SMC2","yellow"
"RHCE","turquoise"
"TMEM170A","yellow"
"FANCD2","blue"
"REL","black"
"KLHL36","grey"
"TMEM121","turquoise"
"ZNF518A","brown"
"DOCK5","green"
"PON1","turquoise"
"SLC39A14","blue"
"FAM20A","red"
"GPR155","green"
"AP1G2","green"
"RAMP3","turquoise"
"BOD1L","green"
"ZBTB24","blue"
"XPO7","turquoise"
"TGM3","grey"
"KIAA1432","brown"
"CCR6","blue"
"TMEM110","red"
"LRTOMT","turquoise"
"APOBEC3H","grey"
"AAK1","green"
"DENND4A","grey"
"PTGR1","red"
"REST","grey"
"CLEC4E","red"
"MCM4","grey"
"SIRT7","green"
"CYFIP1","blue"
"TRIM38","grey"
"HEMGN","turquoise"
"ERN2","turquoise"
"MAP3K9","turquoise"
"HPS5","yellow"
"NCALD","blue"
"RPL32","blue"
"DPY19L3","red"
"ZNF621","yellow"
"RASA2","brown"
"CLEC5A","red"
"EPC1","brown"
"ZBTB20","grey"
"ADAM28","blue"
"CARD16","black"
"ZNF33B","blue"
"C14orf28","grey"
"WNT3","turquoise"
"NXT2","brown"
"RUNX1T1","turquoise"
"PLAG1","brown"
"ZNF43","yellow"
"PDCD1LG2","turquoise"
"C10orf95","turquoise"
"MAP3K7","brown"
"SEC23B","brown"
"TPCN2","green"
"RASL11A","turquoise"
"TMEM93","yellow"
"MMP16","turquoise"
"ZNF514","blue"
"FCRL1","brown"
"STXBP5","brown"
"STAG3L3","blue"
"SOCS4","yellow"
"PRRG4","green"
"NAIP","red"
"ZBTB3","grey"
"HIST1H1D","turquoise"
"UBP1","yellow"
"AMMECR1L","yellow"
"DUOXA1","turquoise"
"THEM5","turquoise"
"CLEC4C","grey"
"KLRG2","turquoise"
"ZNF431","blue"
"PRPF40B","turquoise"
"PPT2","turquoise"
"MOSPD3","red"
"CHRNA4","turquoise"
"AGAP2","turquoise"
"FAM83E","turquoise"
"FLT3","grey"
"OTX1","grey"
"FBXL13","black"
"SLC41A3","blue"
"C19orf38","red"
"HSPD1","yellow"
"PHRF1","blue"
"PANK2","brown"
"COL9A2","turquoise"
"COPE","black"
"PPP2R5C","brown"
"BTBD12","black"
"ZNF490","grey"
"ARL17A","grey"
"MED19","blue"
"PABPC5","turquoise"
"CTAGE4","grey"
"RSPH1","turquoise"
"SH3YL1","blue"
"SOCS1","grey"
"C18orf45","grey"
"PLIN5","black"
"ANKRD34B","red"
"STRN3","brown"
"LRFN1","black"
"HSN2","grey"
"March 8","turquoise"
"HDGF","turquoise"
"ZNF124","yellow"
"EOMES","blue"
"AGAP5","turquoise"
"CD226","grey"
"SLC16A11","turquoise"
"PCDHGA8","turquoise"
"SP100","red"
"CABP5","turquoise"
"RHD","turquoise"
"ASB4","turquoise"
"ZNF805","yellow"
"HTR7","turquoise"
"IFIT1B","turquoise"
"TIRAP","black"
"FLJ44635","turquoise"
"GLYCTK","turquoise"
"NUP155","yellow"
"ACOX3","grey"
"C14orf2","red"
"RREB1","yellow"
"LAMC2","turquoise"
"SLC6A9","turquoise"
"ZNF345","yellow"
"PDE1C","turquoise"
"C20orf200","turquoise"
"ASB16","turquoise"
"STAG3L2","blue"
"ANO7","turquoise"
"FXYD2","turquoise"
"HOXC5","turquoise"
"TCP11L2","turquoise"
"LOC100132288","turquoise"
"GALR3","turquoise"
"ANKRD58","green"
"TSPO2","turquoise"
"GLT8D1","yellow"
"BTF3","turquoise"
"MICALCL","turquoise"
"FAM163B","turquoise"
"RASGRP4","black"
"MSR1","grey"
"TMC5","turquoise"
"BMF","turquoise"
"ZNF763","grey"
"C1orf70","turquoise"
"PRSSL1","turquoise"
"KRT32","turquoise"
"RBMY1A1","turquoise"
"PON2","yellow"
"SRF","red"
"PI4KB","grey"
"ADRA2B","turquoise"
"SIRPB2","black"
"GPBAR1","blue"
"MEFV","black"
"CEACAM4","red"
"DYRK1A","brown"
"CIDEB","green"
"NUDT17","turquoise"
"PMS2L5","grey"
"KLF14","red"
"YIPF7","turquoise"
"KCNA7","turquoise"
"MYSM1","brown"
"KILLIN","red"
"C17orf67","turquoise"
"DNM1L","yellow"
"ZNF438","red"
"HEPN1","grey"
"SETD4","blue"
"TLR6","green"
"RHOT2","blue"
"RFPL2","turquoise"
"ANKFY1","grey"
"TMEM145","turquoise"
"ZSCAN5B","turquoise"
"LFNG","blue"
"SIGLEC11","grey"
"NFKBID","grey"
"ICAM4","turquoise"
"EEF1E1","yellow"
"COL25A1","turquoise"
"GPR27","turquoise"
"TTBK2","grey"
"GMFB","brown"
"C10orf57","yellow"
"SNX5","yellow"
"HSD17B4","yellow"
"TIAM2","green"
"C3orf17","yellow"
"PIAS1","green"
"CCDC109A","red"
"RNF182","turquoise"
"ZNF7","yellow"
"TNFSF8","grey"
"PROSC","brown"
"CST4","turquoise"
"KCNAB2","green"
"SHISA5","green"
"ACE","turquoise"
"PTRH2","blue"
"IDH3A","yellow"
"FGFR1OP","brown"
"FAM40A","turquoise"
"R3HDM1","yellow"
"YIPF2","turquoise"
"KCNH7","red"
"NNT","yellow"
"GYG1","red"
"KIAA1539","turquoise"
"RUNDC2B","blue"
"FAM165B","yellow"
"FAM102A","blue"
"MR1","red"
"RSPH3","grey"
"KIAA1949","black"
"LRRC50","red"
"PAPPA2","turquoise"
"GPR77","green"
"FAM78A","blue"
"ZCCHC9","brown"
"GALNT2","red"
"TMEM82","turquoise"
"HRH4","grey"
"ABCB7","yellow"
"TOX2","turquoise"
"METTL5","yellow"
"PPP1CA","green"
"GPR84","red"
"CCT7","blue"
"C17orf60","red"
"LILRA1","green"
"RIPK1","green"
"HDHD2","brown"
"C5","grey"
"RALGDS","turquoise"
"SLC16A5","green"
"EIF5A","turquoise"
"AUTS2","blue"
"PLEKHG5","turquoise"
"APBB1","turquoise"
"DAND5","turquoise"
"SMYD3","blue"
"CYHR1","grey"
"ODZ1","grey"
"ARHGAP11A","turquoise"
"NXNL1","turquoise"
"BEND2","grey"
"APP","brown"
"SMTNL2","turquoise"
"SLC10A3","grey"
"ARV1","yellow"
"SERINC4","turquoise"
"FAM153C","turquoise"
"PCDHGB4","turquoise"
"LRAT","turquoise"
"ELOVL7","grey"
"ATP2C2","red"
"PLAUR","green"
"HIST1H2AD","grey"
"HIST1H4H","grey"
"ZNF235","yellow"
"POC1B","turquoise"
"C5orf56","turquoise"
"ABTB1","black"
"FASTK","turquoise"
"C2orf62","turquoise"
"IGSF9B","turquoise"
"CARD14","turquoise"
"SIGLEC10","green"
"HSPBP1","turquoise"
"SSX2IP","grey"
"AVIL","green"
"COX6B2","turquoise"
"NANOS2","turquoise"
"CBX2","turquoise"
"BATF3","grey"
"CNTNAP3","grey"
"NLRP3","black"
"PITX3","turquoise"
"SLC13A4","turquoise"
"GPR17","turquoise"
"RAG1AP1","turquoise"
"ERV3","grey"
"C17orf82","turquoise"
"C11orf71","red"
"ZFYVE27","green"
"CHEK1","turquoise"
"HRH2","black"
"CXorf49","turquoise"
"ZNF493","brown"
"CCNK","brown"
"KRTAP10-11","turquoise"
"KCNK10","turquoise"
"MCCD1","turquoise"
"FOXD4L3","turquoise"
"AMAC1","turquoise"
"OR14I1","turquoise"
"C20orf201","turquoise"
"B3GALT5","turquoise"
"TP53","turquoise"
"GPX6","turquoise"
"PPIAL4G","blue"
"MUC1","turquoise"
"KIR2DL5A","turquoise"
"CLRN2","turquoise"
"TCF23","turquoise"
"LIPN","brown"
"RAD54L2","grey"
"KRTAP1-1","turquoise"
"MAP1LC3C","turquoise"
"C20orf197","brown"
"FAM22F","turquoise"
"SYAP1","brown"
"FCAR","red"
"TNFRSF13B","turquoise"
"LY6G6F","grey"
"OR7D4","turquoise"
"AMELX","turquoise"
"DEFB4A","turquoise"
"ZCCHC6","green"
"GFM2","yellow"
"TP73","turquoise"
"FAM129C","blue"
"KCTD17","turquoise"
"ANXA2","blue"
"KIR2DL4","grey"
"KAAG1","turquoise"
"ASTL","turquoise"
"KRTAP9-3","turquoise"
"OR10A4","turquoise"
"PF4V1","turquoise"
"CCL14","turquoise"
"ZNF268","yellow"
"PNPLA8","brown"
"ACPL2","brown"
"GPAT2","turquoise"
"C3orf25","grey"
"STAMBPL1","yellow"
"SLC26A5","turquoise"
"GAL3ST2","turquoise"
"TARM1","grey"
"UTF1","turquoise"
"NCR1","grey"
"OR1N2","turquoise"
"LILRA5","red"
"ITGB3BP","yellow"
"OR2T3","turquoise"
"OR10G4","turquoise"
"MYL10","turquoise"
"DEFB119","turquoise"
"DEFB124","turquoise"
"BRWD3","brown"
"CMIP","green"
"ERVWE1","turquoise"
"C1orf109","blue"
"NPAS1","turquoise"
"ADRA1A","turquoise"
"UBXN6","turquoise"
"PTPN2","brown"
"PSG1","turquoise"
"TNFSF14","green"
"MICA","blue"
"RPL3","blue"
"BLVRA","blue"
"NFE4","black"
"KRTAP5-1","turquoise"
"CARD17","grey"
"KRTAP12-3","turquoise"
"DEFB113","turquoise"
"KRTAP23-1","turquoise"
"CD4","blue"
"MAP1LC3B","brown"
"GABARAPL1","grey"
"GANAB","blue"
"ATP6V0E2","turquoise"
"DPYSL2","blue"
"SLC38A2","brown"
"CAPZA1","brown"
"MYH9","green"
"ASH2L","turquoise"
"UBAC2","yellow"
"ERMN","grey"
"USP22","green"
"MFN2","black"
"ADAR","green"
"HMGB1","brown"
"CLTC","brown"
"ACTR2","brown"
"GTF2H1","yellow"
"SLCO2B1","turquoise"
"NFE2L2","brown"
"CHID1","turquoise"
"SLC7A5","turquoise"
"GTPBP4","yellow"
"MAZ","grey"
"KIFAP3","yellow"
"PSAP","green"
"RPL7L1","blue"
"NFE2L1","grey"
"ANP32A","black"
"DNAJB4","grey"
"FKBP5","red"
"MESDC2","blue"
"CPSF7","green"
"CSTF1","blue"
"SYF2","brown"
"TMEM33","brown"
"SEC61A1","grey"
"CXorf56","yellow"
"GRPEL1","red"
"ADPGK","brown"
"TSPYL1","grey"
"EFR3A","brown"
"CNPY3","green"
"EPB41","turquoise"
"AGK","yellow"
"DNAJB2","turquoise"
"NOL10","blue"
"RNF26","turquoise"
"MKNK2","turquoise"
"SAMHD1","yellow"
"TTYH3","turquoise"
"PSMD5","brown"
"FAM129A","black"
"TMX4","green"
"FAM8A1","brown"
"IP6K1","green"
"PYCRL","turquoise"
"GIMAP6","blue"
"G2E3","yellow"
"SNAP23","brown"
"HNRNPM","blue"
"FAM108B1","yellow"
"ST6GALNAC4","turquoise"
"MTRF1L","brown"
"MGAT4B","grey"
"SLMAP","brown"
"PCGF3","brown"
"ATP5G3","blue"
"TTL","blue"
"DTNB","turquoise"
"C11orf46","blue"
"RSAD2","grey"
"C10orf46","black"
"NF1","black"
"FBXW11","brown"
"RASSF2","black"
"SAFB2","green"
"PDE12","yellow"
"SNAPC3","yellow"
"SDCCAG1","yellow"
"C10orf18","yellow"
"SLC35E1","grey"
"FAM63A","black"
"USP21","grey"
"YIPF6","turquoise"
"ACSL3","brown"
"VPS4B","brown"
"GPR61","turquoise"
"PAK2","green"
"LOC646214","brown"
"CXCL16","black"
"ARL6IP6","brown"
"MLL","blue"
"SLC29A3","blue"
"ICOSLG","turquoise"
"METTL2A","blue"
"CISD3","turquoise"
"WRB","brown"
"ZNF770","brown"
"DLG1","yellow"
"HUS1","yellow"
"PWP1","blue"
"AES","blue"
"MAP3K2","green"
"ATG12","brown"
"WDR4","turquoise"
"WDR82","blue"
"SCYL2","brown"
"POLR1B","blue"
"FAM46C","turquoise"
"TGDS","yellow"
"TNFRSF10C","black"
"NNAT","turquoise"
"TNFRSF1A","black"
"PIP4K2A","turquoise"
"CHDH","turquoise"
"CHSY1","brown"
"AKAP10","black"
"FKRP","yellow"
"PPM1D","brown"
"CPOX","grey"
"SFRS12","yellow"
"FAM198B","brown"
"IDI1","brown"
"ROCK2","green"
"CDC73","red"
"RBPJ","black"
"MFHAS1","turquoise"
"UBE2F","grey"
"MLL3","green"
"MTR","blue"
"IRGQ","grey"
"RCC1","grey"
"GPD2","brown"
"ZDHHC24","grey"
"FCF1","yellow"
"ATP11B","red"
"KDM3B","brown"
"PPTC7","yellow"
"DPF2","green"
"TH1L","blue"
"ROCK1","brown"
"ME2","brown"
"SGMS1","brown"
"FAM36A","yellow"
"ALKBH4","grey"
"PPP4R1","brown"
"TMEM87B","brown"
"NAB1","brown"
"SBF2","brown"
"NINL","turquoise"
"CCDC88A","yellow"
"SUZ12","brown"
"ATP10D","yellow"
"MGAT4A","brown"
"C14orf153","grey"
"ABCA1","green"
"PBX3","yellow"
"NAA30","yellow"
"TIMM50","blue"
"ST8SIA4","brown"
"LPP","green"
"SECTM1","green"
"PLGLB1","blue"
"PLGLB2","blue"
"ITPR2","brown"
"C19orf12","yellow"
"NEDD1","brown"
"VAMP5","grey"
"RFWD3","blue"
"ITPR1","yellow"
"ZCCHC7","yellow"
"ASH1L","green"
"PRKD3","yellow"
"CLCN3","grey"
"KIAA1429","green"
"EIF2C4","brown"
"CALML4","brown"
"CD3EAP","grey"
"ZNF740","blue"
"DDX52","yellow"
"MED13","brown"
"CDK12","grey"
"TULP3","blue"
"PRKAR2A","red"
"TNFRSF10A","yellow"
"LTB","blue"
"SIAH1","brown"
"GALNT6","turquoise"
"SS18L1","yellow"
"AHR","yellow"
"PHF2","green"
"FAM107B","brown"
"AFF3","blue"
"B3GNT2","brown"
"ISG20L2","green"
"FETUB","turquoise"
"PHACTR2","red"
"NCOA2","green"
"KIAA0556","grey"
"ZFP1","yellow"
"GIMAP8","yellow"
"TC2N","blue"
"RECQL","yellow"
"CSNK1G1","brown"
"CPEB4","brown"
"DCUN1D2","grey"
"IL21R","blue"
"B3GNT6","turquoise"
"MLH3","grey"
"KLHL7","brown"
"SLC25A16","brown"
"SLAMF8","turquoise"
"ASB10","turquoise"
"KIAA0895L","turquoise"
"PTPRE","black"
"TMOD2","yellow"
"LOC645405","brown"
"IGF2","turquoise"
"RHBDF2","red"
"RFX2","black"
"VCPIP1","brown"
"FZD1","brown"
"DLG4","turquoise"
"CPNE8","yellow"
"WAC","grey"
"RIN3","black"
"KIAA0240","green"
"KDM5A","green"
"LYRM1","red"
"PACSIN1","turquoise"
"DDX26B","yellow"
"TTF2","yellow"
"NME6","black"
"ATAD3C","turquoise"
"TNIK","blue"
"C6orf204","yellow"
"TTLL3","black"
"BANP","green"
"CRADD","brown"
"CRELD1","turquoise"
"CSNK1D","black"
"ZNF195","yellow"
"ZNF37A","blue"
"SENP1","brown"
"SEPSECS","yellow"
"NBPF8","blue"
"PKP1","turquoise"
"GFOD1","grey"
"BCL2L1","turquoise"
"VPS36","yellow"
"ZNF101","yellow"
"ZNF117","brown"
"GPR180","yellow"
"EIF2C3","green"
"ZBTB40","blue"
"PRH1","turquoise"
"SRI","brown"
"SMARCA2","yellow"
"CPEB3","black"
"CTBP2","green"
"CHRFAM7A","red"
"DUSP14","blue"
"CARD8","brown"
"ANKRD36","blue"
"MTFMT","brown"
"ANKRD17","brown"
"NCBP2","yellow"
"RAB37","grey"
"HARBI1","grey"
"IL17RA","black"
"ERCC6","grey"
"PSMF1","turquoise"
"CXorf21","green"
"PIK3IP1","blue"
"SC4MOL","brown"
"BEST1","black"
"BCL7A","grey"
"HEATR3","yellow"
"HIPK3","grey"
"DENND1B","brown"
"CALD1","grey"
"MCTP2","red"
"RASGRP3","blue"
"CEP164","blue"
"ZNF429","green"
"ZNF384","green"
"SH2D1B","blue"
"FUT7","black"
"PBRM1","yellow"
"CDYL2","turquoise"
"KCNQ2","turquoise"
"ARL11","black"
"TMEM107","grey"
"ZNF626","grey"
"KISS1R","turquoise"
"RPH3A","grey"
"PIK3CG","black"
"LRRC26","turquoise"
"CHST4","turquoise"
"CCNT1","green"
"MYST4","blue"
"FFAR3","red"
"C15orf26","turquoise"
"PHOSPHO1","turquoise"
"SPAG1","yellow"
"CWC27","yellow"
"CXorf23","brown"
"TXK","blue"
"C16orf7","red"
"C6orf35","turquoise"
"LRRC25","black"
"PAM","red"
"TMED8","red"
"FLT4","turquoise"
"SIRPG","blue"
"C10orf128","grey"
"PARVG","grey"
"KIAA0319","grey"
"MIP","turquoise"
"TCTEX1D1","red"
"ZNF575","turquoise"
"F2RL3","turquoise"
"RUNDC2A","grey"
"SEZ6L","grey"
"RGS10","turquoise"
"RHOT1","brown"
"RBM47","brown"
"TNFRSF9","green"
"NLRP12","black"
"THAP5","brown"
"GALNT10","grey"
"PRKD2","green"
"TLE1","red"
"XRRA1","blue"
"XRN1","brown"
"C3orf63","brown"
"FUT6","turquoise"
"NLRP6","turquoise"
"APOBEC3A","black"
"KLRD1","blue"
"TRIM39","green"
"ATF6","black"
"C8orf40","yellow"
"GPR171","blue"
"CLIP1","brown"
"RUNX3","blue"
"ST3GAL2","black"
"APOBEC3D","turquoise"
"ARHGAP26","black"
"FAM76A","yellow"
"CCDC112","brown"
"UBE2K","brown"
"CLEC10A","blue"
"LOC653486","turquoise"
"REV3L","blue"
"ASPG","turquoise"
"PTGFR","grey"
"RYK","yellow"
"selenoprotein 15","brown"
"KIAA1267","green"
"KDM2B","blue"
"ZNF611","brown"
"CCR3","blue"
"SSH1","black"
"LOC100288142","yellow"
"IGFALS","turquoise"
"CAMK1D","green"
"KLRF1","blue"
"CLPX","brown"
"OPRD1","turquoise"
"TGIF1","blue"
"NAPEPLD","yellow"
"FAM83C","turquoise"
"ENTPD8","turquoise"
"CACNG6","turquoise"
"HMGB2","brown"
"ARID4A","brown"
"C3orf71","grey"
"LGALS9B","turquoise"
"C10orf125","blue"
"TPM2","grey"
"OPA1","grey"
"PTPLAD2","brown"
"ZNF688","grey"
"FOLR2","turquoise"
"LIN54","brown"
"RGPD4","yellow"
"SYNM","turquoise"
"PRAMEF1","turquoise"
"VAMP1","grey"
"C10orf27","turquoise"
"TCEANC","grey"
"ABL2","red"
"C19orf35","turquoise"
"TCTN3","blue"
"SNX17","grey"
"CDK10","turquoise"
"MS4A7","blue"
"ZNF669","grey"
"SMARCA4","blue"
"KCNK7","turquoise"
"RASSF7","turquoise"
"RTL1","turquoise"
"LOC100132832","grey"
"LINGO3","turquoise"
"IMPDH2","blue"
"FAM151B","red"
"BAGE","turquoise"
"CSF3R","black"
"NUSAP1","grey"
"MPL","turquoise"
"TAS1R3","turquoise"
"FAM153B","blue"
"PLEKHN1","turquoise"
"CD33","green"
"LOC391322","grey"
"RINL","green"
"TP53I11","black"
"ZNF574","turquoise"
"LCK","blue"
"DTX2","black"
"DBNL","red"
"PHAX","yellow"
"TRAFD1","grey"
"RNF123","turquoise"
"AP2A2","grey"
"FAM65A","blue"
"HAX1","blue"
"RPS6KA1","black"
"GPR89A","blue"
"DPP7","blue"
"VAV1","black"
"ADORA2B","brown"
"SATB1","yellow"
"HVCN1","blue"
"C1orf174","yellow"
"ZNF146","yellow"
"C1orf156","yellow"
"GALNT11","blue"
"ARNTL","brown"
"ANXA11","black"
"FHL2","turquoise"
"MRPS14","yellow"
"PDCD4","blue"
"ZNF700","brown"
"GSDMD","red"
"ZNF207","brown"
"NCF2","black"
"C6orf27","turquoise"
"C6orf150","brown"
"C1orf26","grey"
"FAM193A","green"
"MC2R","turquoise"
"UPB1","red"
"C19orf55","turquoise"
"HIST1H3D","black"
"P2RY10","blue"
"RBKS","grey"
"SIGLEC14","grey"
"SSU72","green"
"PHACTR4","yellow"
"APAF1","black"
"FOXB1","turquoise"
"SH2D3C","green"
"APOBEC3F","blue"
"IL12RB1","blue"
"GOPC","yellow"
"KCNAB1","turquoise"
"TMEM144","grey"
"RFC5","yellow"
"NXPH4","turquoise"
"CHD3","blue"
"SCNN1D","turquoise"
"SAMD8","brown"
"DIABLO","blue"
"ERN1","turquoise"
"CACNG7","turquoise"
"FNDC3A","brown"
"PTPN4","blue"
"LOC100287515","yellow"
"TEAD2","turquoise"
"LRP8","blue"
"BACH2","blue"
"ARNT","black"
"STARD8","turquoise"
"NRF1","grey"
"HMBOX1","grey"
"GGT1","red"
"CASP9","grey"
"RECQL4","turquoise"
"ADPRHL1","turquoise"
"ARCN1","green"
"RBMX","blue"
"PTGES2","blue"
"MED7","brown"
"CD99","blue"
"SPINK4","turquoise"
"WIPF3","turquoise"
"ALOX12","grey"
"CYP4A11","turquoise"
"SLTM","brown"
"RAB11FIP3","blue"
"PNMA5","turquoise"
"HPGD","red"
"FAM133B","brown"
"SEC14L3","turquoise"
"CD14","green"
"AMAC1L2","turquoise"
"C22orf24","turquoise"
"SRMS","turquoise"
"OSBPL6","turquoise"
"LIPA","yellow"
"AMBRA1","turquoise"
"FUT8","blue"
"ZNF219","grey"
"AP1AR","brown"
"DEK","brown"
"LEMD2","green"
"LENEP","turquoise"
"RRP12","grey"
"KPNA7","turquoise"
"C3orf58","brown"
"GPR6","turquoise"
"OR2W3","turquoise"
"ZFX","brown"
"ATXN7L1","grey"
"SYDE1","turquoise"
"LAX1","blue"
"ANKS3","turquoise"
"TMEM161B","yellow"
"SERPINE2","grey"
"CDKL1","turquoise"
"HIST1H2BJ","grey"
"HIST1H1T","grey"
"HIST1H2BC","grey"
"COL6A3","grey"
"KCP","turquoise"
"SFRS15","blue"
"FBXO34","brown"
"CACNA1C","turquoise"
"LRRC2","turquoise"
"C14orf93","green"
"AGAP3","turquoise"
"VNN2","black"
"CLEC2L","turquoise"
"DIS3L","blue"
"WNT2B","turquoise"
"CMPK1","yellow"
"HINT1","yellow"
"TAB3","grey"
"OR2A1","turquoise"
"NPB","turquoise"
"LOC653501","brown"
"NYX","turquoise"
"SEPP1","turquoise"
"ARTN","turquoise"
"EVX2","turquoise"
"DPH3B","turquoise"
"KIR2DL1","grey"
"PKNOX2","turquoise"
"GBP3","grey"
"HSP90B1","yellow"
"ISM2","turquoise"
"FUT5","turquoise"
"KRTAP5-11","turquoise"
"ADAM9","brown"
"ESR2","turquoise"
"WBSCR22","blue"
"CEACAM3","black"
"CELA1","grey"
"IKZF1","green"
"NMNAT2","red"
"CACNB2","turquoise"
"KIAA1543","turquoise"
"ATXN2L","blue"
"PCMTD2","brown"
"COG5","yellow"
"PCDHA11","turquoise"
"CHORDC1","brown"
"LTK","turquoise"
"ANKK1","turquoise"
"TRAF3","blue"
"SCLY","blue"
"SEC61A2","turquoise"
"C11orf21","yellow"
"DEGS1","brown"
"CD82","red"
"FBLIM1","turquoise"
"MFSD2B","turquoise"
"GPR150","turquoise"
"HTR3D","turquoise"
"UBE2E3","grey"
"GPR31","turquoise"
"MYEOV2","yellow"
"TMEM88B","turquoise"
"KRTAP12-4","turquoise"
"LOC653269","turquoise"
"ZNF451","yellow"
"VCAN","grey"
"CDH24","turquoise"
"PTPRA","brown"
"FAM3C","yellow"
"IKZF3","blue"
"EGFR","turquoise"
"DPF1","turquoise"
"FSHR","turquoise"
"SHOX","turquoise"
"KLK8","turquoise"
"FGF3","turquoise"
"PAX3","turquoise"
"PTX4","turquoise"
"KCNG2","turquoise"
"FBXO24","turquoise"
"OR56A4","turquoise"
"OR51D1","turquoise"
"OR9K2","turquoise"
"OR2A2","turquoise"
"OR5A2","turquoise"
"OR4N2","turquoise"
"OR5H1","turquoise"
"CACNG5","turquoise"
"NKX6-3","turquoise"
"C12orf51","turquoise"
"USP24","yellow"
"SETD1B","green"
"CEP192","yellow"
"STRC","turquoise"
"PIP4K2C","green"
"PTBP1","blue"
"CCDC154","turquoise"
"PTP4A2","blue"
"INCA1","turquoise"
"SSX6","turquoise"
"PRR25","turquoise"
"OR52R1","turquoise"
"OR1L1","turquoise"
"FAM58B","turquoise"
"BAX","green"
"OR2M1P","turquoise"
"OR1N1","turquoise"
"OR10G7","turquoise"
"OR2T6","turquoise"
"PABPN1L","turquoise"
"MBD3L5","turquoise"
"MORF4","grey"
"HIST2H2AA3","black"
"LOC402644","turquoise"
"FAM136B","turquoise"
"RPS28","blue"
"HIST2H4A","grey"
"LCE3B","turquoise"
"HNRNPA2B1","brown"
"ERP29","blue"
"COPS8","yellow"
"HIST1H1C","turquoise"
"SRA1","black"
"APRT","blue"
"ITM2A","blue"
"C1R","turquoise"
"C17orf89","blue"
"UBR5","brown"
"RAB8A","green"
"TMEM223","blue"
"TBRG1","yellow"
"LRRC58","yellow"
"STAT6","green"
"TMEM87A","brown"
"LARP4B","red"
"SURF6","blue"
"WDR3","blue"
"RAB9A","yellow"
"GEMIN5","blue"
"SNX2","yellow"
"STX10","green"
"PLIN2","brown"
"SPPL3","green"
"ETS2","brown"
"VRK2","brown"
"TRIP11","brown"
"GORASP2","blue"
"KIAA1370","yellow"
"BCAS2","yellow"
"DENND5A","brown"
"KIAA0100","blue"
"TBCC","brown"
"HIBCH","yellow"
"SMARCC1","blue"
"SETX","green"
"DHX34","green"
"SBDS","yellow"
"LRP10","grey"
"C18orf21","brown"
"ATF7IP","green"
"E2F3","brown"
"MAP2K3","turquoise"
"SRD5A1","grey"
"TEX261","grey"
"METTL14","yellow"
"BCL2L13","turquoise"
"RPS6KA3","brown"
"FAM13A","green"
"DNPEP","blue"
"LACTB2","yellow"
"TMEM199","brown"
"GTF3C1","blue"
"PHF3","green"
"BRD4","turquoise"
"ASPM","grey"
"UBXN4","brown"
"RPS6KB2","grey"
"ARRB1","blue"
"C20orf177","red"
"RXRA","turquoise"
"AQR","blue"
"PPP1R13B","turquoise"
"C17orf48","yellow"
"RGL3","turquoise"
"HLA-DRA","blue"
"SPINT2","red"
"RPN1","green"
"UGDH","yellow"
"ASNSD1","brown"
"WBP11","blue"
"PLEK","black"
"RLF","brown"
"PHACTR1","grey"
"PBXIP1","green"
"ARPC2","black"
"CINP","red"
"C18orf32","brown"
"SGSM3","turquoise"
"GPR172A","grey"
"CRYZL1","yellow"
"UBE2B","brown"
"PPID","brown"
"ST6GALNAC2","green"
"LTBP3","blue"
"GCSH","yellow"
"FBXO6","grey"
"HBXIP","red"
"DRG2","blue"
"CGGBP1","brown"
"AP3S1","brown"
"DNAJC1","yellow"
"TTLL5","turquoise"
"ANKRD32","brown"
"ANKRD50","brown"
"IGSF6","red"
"HSPA9","yellow"
"LAPTM5","green"
"PRDX1","blue"
"C11orf59","red"
"CPT2","red"
"AP3D1","blue"
"BIRC6","green"
"POC1A","turquoise"
"TSEN2","blue"
"ASCL2","blue"
"CORO1A","green"
"EBNA1BP2","blue"
"MARCKS","brown"
"CNOT8","brown"
"MED10","yellow"
"SELS","yellow"
"MEPCE","blue"
"FAM43A","blue"
"MTERFD2","blue"
"RABGEF1","red"
"CCAR1","yellow"
"ACAT1","yellow"
"USP42","yellow"
"DOPEY1","yellow"
"PARK7","blue"
"EZR","yellow"
"PSAT1","grey"
"RAB10","brown"
"MCM3","blue"
"PRDX6","turquoise"
"CD83","grey"
"DCTN6","brown"
"BRF2","yellow"
"NFKBIE","blue"
"ARHGEF1","green"
"NFIL3","black"
"GPR137B","brown"
"TAB2","brown"
"RNF115","yellow"
"DIP2C","grey"
"PMS2","blue"
"ZSCAN29","yellow"
"ATP7A","brown"
"S100A6","red"
"ANXA5","brown"
"RDH11","yellow"
"DDX1","yellow"
"SAT1","brown"
"CRTAP","blue"
"STIP1","blue"
"ALDH1A1","blue"
"FLOT1","red"
"ACO2","turquoise"
"DNAJC15","yellow"
"CDKN2C","red"
"PLAA","brown"
"COMMD10","yellow"
"DCTPP1","blue"
"CDC6","grey"
"PTDSS1","blue"
"SIAH2","turquoise"
"PRPF38A","brown"
"LPAR6","yellow"
"IPO9","blue"
"CEBPB","black"
"UPF3A","yellow"
"TRMT6","red"
"TAF3","blue"
"BNIP3","yellow"
"KDM6A","brown"
"PPBP","grey"
"LRRC6","brown"
"SLC36A4","brown"
"THEM4","blue"
"LIN7A","red"
"TMEM65","brown"
"TARSL2","blue"
"HNRNPH1","yellow"
"ENO2","turquoise"
"PTCD3","blue"
"DHX9","yellow"
"NAMPT","brown"
"S100A10","blue"
"DHX15","yellow"
"KPNB1","green"
"XRN2","black"
"EIF4A1","blue"
"PRKAR1B","turquoise"
"TLN1","black"
"EIF3G","blue"
"CHCHD10","blue"
"SORL1","black"
"APEH","blue"
"FKBP8","turquoise"
"CEBPD","black"
"NID1","grey"
"March 5","brown"
"PPP1R12C","black"
"COX11","yellow"
"FBXO11","brown"
"ZNF22","blue"
"ZNF143","brown"
"GLS","yellow"
"C16orf72","brown"
"POFUT1","grey"
"GTF2F2","brown"
"HJURP","grey"
"CTSE","turquoise"
"ATF1","brown"
"ETV6","black"
"IDO1","grey"
"LPXN","blue"
"RCSD1","green"
"SLCO4A1","turquoise"
"TSHZ3","red"
"RSF1","green"
"NPAT","blue"
"C16orf59","turquoise"
"SLC19A1","green"
"CYB5R1","red"
"KIAA1430","blue"
"RGL1","grey"
"PARD6G","turquoise"
"TNFRSF14","grey"
"TLR4","brown"
"NANOS3","turquoise"
"ADAMTS2","turquoise"
"PRSS41","turquoise"
"GPR141","red"
"CR1L","turquoise"
"OMP","turquoise"
"PHF13","brown"
"C4orf52","yellow"
"COPB1","brown"
"STAG1","brown"
"WNK1","turquoise"
"TIMM10","grey"
"GOLT1B","yellow"
"DTX4","blue"
"SGK269","red"
"GALNT1","brown"
"CENPF","grey"
"CNOT6","brown"
"SRP72","yellow"
"KIAA0947","yellow"
"C19orf42","yellow"
"FHDC1","turquoise"
"COPS4","yellow"
"ARMC7","grey"
"TMEM218","yellow"
"FASN","turquoise"
"TXNL1","grey"
"ZFC3H1","brown"
"CTSO","blue"
"C20orf111","black"
"PGP","blue"
"KIDINS220","brown"
"MRPL35","yellow"
"UIMC1","grey"
"PPAPDC2","yellow"
"MEGF9","brown"
"MFSD11","brown"
"RMND5A","turquoise"
"FTSJ1","blue"
"C11orf24","turquoise"
"TRAF7","grey"
"C15orf48","grey"
"ADSS","yellow"
"EIF5B","blue"
"PPP1R2","brown"
"PTGES3","yellow"
"C15orf23","yellow"
"FRYL","yellow"
"XRCC6BP1","brown"
"PRPF40A","yellow"
"CCDC127","yellow"
"NAGPA","blue"
"LOC100133770","red"
"VPS35","brown"
"MATR3","yellow"
"AIG1","red"
"BMI1","yellow"
"STARD3NL","brown"
"CDC27","turquoise"
"ZMAT2","turquoise"
"C4orf34","brown"
"RBM25","yellow"
"OTUD1","brown"
"C5orf30","brown"
"LEPREL1","turquoise"
"BAG4","brown"
"D4S234E","turquoise"
"AHCYL1","green"
"RBM27","brown"
"PGLS","green"
"CHST11","green"
"PDIA3","yellow"
"RHOB","grey"
"SUPT6H","black"
"ELOVL6","turquoise"
"CDCA4","blue"
"HDAC4","black"
"FAM10A4","turquoise"
"MUDENG","brown"
"ERGIC1","green"
"FAM49A","green"
"SLC2A8","turquoise"
"CHD4","green"
"TNPO3","black"
"MPHOSPH6","yellow"
"DKC1","blue"
"LOC440957","grey"
"ITGAX","black"
"SLC25A13","grey"
"PIN4","yellow"
"RB1CC1","brown"
"NAA25","blue"
"IK","green"
"SPATA5L1","brown"
"BMP2","grey"
"GTF3C2","blue"
"NARS2","blue"
"KIAA0776","yellow"
"KDM4B","black"
"GINS2","grey"
"KHSRP","blue"
"RALBP1","turquoise"
"USP27X","grey"
"VRK1","yellow"
"CEP57","yellow"
"QDPR","blue"
"SLC22A23","turquoise"
"PAK1IP1","blue"
"ACAP3","turquoise"
"KIN","brown"
"QTRTD1","yellow"
"C4orf14","blue"
"SR140","yellow"
"MAP7D3","blue"
"CABLES2","grey"
"ACBD3","yellow"
"TMEM184C","yellow"
"MRPS6","blue"
"SLMO2","yellow"
"DENR","brown"
"BECN1","brown"
"SNX29","blue"
"TRIM4","yellow"
"DIMT1L","yellow"
"FMR1","brown"
"ZNF140","yellow"
"RRM1","yellow"
"VBP1","brown"
"COG2","blue"
"ZMYND11","yellow"
"ZNF830","yellow"
"TMOD3","brown"
"USP47","yellow"
"WHAMM","yellow"
"MSRA","red"
"TM9SF2","brown"
"DPP9","turquoise"
"RPL26L1","brown"
"ALMS1","blue"
"STX2","yellow"
"MLLT4","grey"
"ZNRF2","brown"
"TNFAIP6","red"
"PPM1N","red"
"DHODH","turquoise"
"MXRA7","red"
"HMGN4","yellow"
"SNRNP27","brown"
"NUP54","yellow"
"SPEN","green"
"COL8A2","grey"
"CEP120","yellow"
"ZNF292","brown"
"KDM6B","black"
"P2RY8","blue"
"PTCH1","blue"
"S100A16","turquoise"
"HIAT1","brown"
"RABGAP1","green"
"MRPL30","yellow"
"H2AFV","yellow"
"C13orf27","yellow"
"EDEM3","brown"
"GNL3L","green"
"THUMPD3","blue"
"ABHD11","turquoise"
"MGA","blue"
"SYCP2","brown"
"LGALS1","red"
"MARCKSL1","blue"
"MFSD1","brown"
"RHOA","brown"
"CCDC47","brown"
"TNFSF10","grey"
"GNPTG","yellow"
"MOSPD2","brown"
"LIN7C","yellow"
"CWC25","green"
"ATP11A","brown"
"FAM169A","blue"
"WHSC2","grey"
"MKRN2","yellow"
"CDC42SE2","brown"
"SNIP1","yellow"
"GTF3C3","yellow"
"RRBP1","red"
"CUL4A","grey"
"DLGAP4","black"
"COL11A2","turquoise"
"GIMAP7","blue"
"HERC2","yellow"
"ANKRD55","red"
"GORAB","yellow"
"TTC39C","blue"
"SEPHS2","brown"
"ABCE1","yellow"
"MRPL42","yellow"
"DHCR7","red"
"TFAM","blue"
"EVI2B","green"
"S1PR1","brown"
"C9orf80","yellow"
"C1orf57","yellow"
"TOPBP1","brown"
"RSBN1L","green"
"C17orf85","brown"
"ATR","yellow"
"ST3GAL6","brown"
"PLCXD2","yellow"
"PLB1","red"
"FBXO21","blue"
"TFE3","turquoise"
"NIPSNAP3A","brown"
"MPHOSPH10","yellow"
"RBBP9","yellow"
"MAML3","brown"
"MREG","brown"
"ATXN1L","brown"
"SPHAR","grey"
"ZBTB8OS","red"
"NARS","yellow"
"PSMD1","grey"
"PDLIM1","grey"
"SPCS1","yellow"
"UXS1","blue"
"CTPS","blue"
"ALG14","grey"
"PLSCR1","red"
"PKP4","grey"
"SEL1L3","brown"
"NPC1","yellow"
"TCFL5","brown"
"SBNO1","black"
"SEC24A","brown"
"NSUN3","turquoise"
"UHRF1BP1L","black"
"FIP1L1","blue"
"CCDC90B","brown"
"ZNF839","grey"
"BMP6","grey"
"FRAT1","black"
"EHBP1L1","black"
"SERPINB6","blue"
"SNX8","turquoise"
"CNST","yellow"
"CYBA","black"
"KATNB1","turquoise"
"DDIT4","brown"
"MRPL38","blue"
"CHD8","black"
"MYL12A","red"
"UQCRC1","red"
"ZFPL1","grey"
"AKAP1","blue"
"UBE2O","turquoise"
"KCTD5","brown"
"SYT5","turquoise"
"ACTR1A","red"
"SSBP4","turquoise"
"NFKBIA","red"
"LRRC45","turquoise"
"MTHFD2","brown"
"PIK3R2","turquoise"
"ProSAPiP1","turquoise"
"TMEM175","turquoise"
"AMDHD2","grey"
"WIZ","grey"
"KDELR1","blue"
"FERMT3","red"
"NUP210","blue"
"CHD6","yellow"
"ADAT3","turquoise"
"MARS","green"
"EGLN2","black"
"TMEM181","yellow"
"SLC35A1","brown"
"BBS4","blue"
"NACC2","black"
"S100A11","black"
"VASP","black"
"ZNF358","turquoise"
"CCDC56","blue"
"BCAM","turquoise"
"PCYT2","turquoise"
"TSPAN1","turquoise"
"SLC11A2","grey"
"ZNFX1","green"
"METTL1","turquoise"
"MNT","green"
"DDOST","blue"
"UQCRC2","yellow"
"ACTR1B","blue"
"ZNF589","blue"
"SYNGR2","red"
"LSG1","blue"
"PNKP","green"
"OLAH","red"
"ARPC1B","red"
"SDHA","blue"
"FBXW5","red"
"MRPS31","brown"
"ANKIB1","yellow"
"FAM100B","turquoise"
"PRR15L","turquoise"
"BAT4","black"
"C18orf56","turquoise"
"SH2B2","black"
"ZNF397","green"
"ATXN7L3B","yellow"
"DDX24","blue"
"KAT2A","blue"
"NOP58","blue"
"GMPPB","grey"
"NAPA","turquoise"
"DLK1","turquoise"
"SAE1","blue"
"ZC3H15","yellow"
"TMEM101","blue"
"COQ5","yellow"
"GMPPA","grey"
"RPIA","turquoise"
"MRPL10","blue"
"ELOVL1","green"
"RPL8","blue"
"LGALS4","turquoise"
"FAM156A","yellow"
"PRKCSH","grey"
"MYO9B","green"
"VGLL1","turquoise"
"SECISBP2L","brown"
"ZSWIM6","brown"
"MIB2","blue"
"C19orf20","turquoise"
"FOLR3","red"
"SARS","blue"
"EIF3H","blue"
"MUL1","turquoise"
"RBM3","brown"
"RPL18","blue"
"MRPL12","blue"
"LPIN2","grey"
"RTN1","blue"
"SMG5","grey"
"PIN1","grey"
"CHKB","green"
"VPS33A","yellow"
"RFX1","green"
"VRK3","green"
"PPME1","grey"
"FH","blue"
"DPP3","red"
"MYBL2","turquoise"
"NAT14","turquoise"
"DNAJC4","red"
"UBQLN4","blue"
"EIF2B5","blue"
"PPP1R9B","green"
"C19orf66","grey"
"TM7SF2","turquoise"
"TCIRG1","black"
"FARS2","blue"
"ACADS","turquoise"
"SIPA1L2","black"
"C16orf70","red"
"SBK1","blue"
"ABCC3","turquoise"
"MYL12B","red"
"CALM2","brown"
"RETSAT","grey"
"SNRNP200","blue"
"C19orf70","blue"
"PRPF6","green"
"PAF1","green"
"NPDC1","turquoise"
"MRPL28","turquoise"
"SERPINH1","grey"
"RBM4","green"
"RDBP","blue"
"RNF149","brown"
"C15orf57","yellow"
"TSPAN17","turquoise"
"G0S2","red"
"C12orf11","yellow"
"HERC1","blue"
"ORAI3","green"
"MAPK7","grey"
"FZD8","turquoise"
"DDX60","yellow"
"ARHGEF19","turquoise"
"SERPINF2","turquoise"
"CCDC159","black"
"TRAF6","brown"
"GSX2","turquoise"
"COPB2","brown"
"ACADVL","grey"
"ATP1B3","yellow"
"CD63","red"
"SLC25A11","black"
"RNF167","black"
"RAC2","black"
"SEC11C","yellow"
"PLEKHM2","turquoise"
"C11orf2","blue"
"SNRPA","blue"
"ULK1","green"
"NCAPD2","grey"
"SLBP","yellow"
"NDC80","yellow"
"WDR12","yellow"
"CAPG","red"
"TIMM44","turquoise"
"FAM53B","blue"
"PLBD1","red"
"COQ4","turquoise"
"CBS","black"
"ZNF622","green"
"DEDD2","green"
"C16orf75","grey"
"RCN3","grey"
"CHST15","green"
"TTC17","blue"
"VAV2","blue"
"TFB1M","blue"
"PPIL5","yellow"
"SGK223","blue"
"C20orf94","green"
"RPL17","yellow"
"RPS27A","blue"
"DNAJC8","yellow"
"NUMA1","blue"
"RPS17","yellow"
"PRMT2","brown"
"YWHAG","brown"
"YY1AP1","turquoise"
"TUBA1B","blue"
"MYO10","red"
"COL6A2","turquoise"
"RPS27L","yellow"
"LOC728392","green"
"TATDN2","blue"
"SUN2","blue"
"MBD3","blue"
"NCOA6","brown"
"C20orf199","black"
"NCRNA00219","blue"
"CLDN4","turquoise"
"PRPSAP1","blue"
"HLA-DRB3","blue"
"C20orf27","turquoise"
"MPI","blue"
"KRT4","turquoise"
"NCRNA00201","yellow"
"WDR74","turquoise"
"C16orf91","yellow"
"ARFRP1","grey"
"LOC100131128","red"
"EGFL7","turquoise"
"CALCOCO2","brown"
"MYL6B","grey"
"CAMTA1","yellow"
"TXNDC11","grey"
"C2orf76","brown"
"KLHL18","green"
"RSL24D1","brown"
"C9orf45","blue"
"KRT23","green"
"AMY2B","yellow"
"PARP9","grey"
"CDK5RAP3","green"
"NDUFB10","blue"
"HLCS","blue"
"DHX38","blue"
"PARD3","turquoise"
"UQCRH","grey"
"GSK3B","black"
"MDK","turquoise"
"RAB2B","turquoise"
"TDRG1","turquoise"
"PPP1R15A","turquoise"
"MIF","blue"
"OPN3","yellow"
"WDR81","turquoise"
"SEMA3B","turquoise"
"GPR124","blue"
"TRO","turquoise"
"POLR2J","grey"
"KLHL3","blue"
"CCDC146","yellow"
"RER1","brown"
"RANGRF","blue"
"C2orf89","blue"
"WFDC2","turquoise"
"SLC25A38","turquoise"
"BOD1","blue"
"TCEB1","brown"
"CALHM2","blue"
"POLR3F","yellow"
"GTF2IRD2","grey"
"PROZ","turquoise"
"MED16","turquoise"
"RPL29","blue"
"CYP2B7P1","turquoise"
"FAM176B","grey"
"PPWD1","yellow"
"DDX49","grey"
"CD72","blue"
"KLF5","red"
"CDADC1","red"
"ZNF271","brown"
"HYI","grey"
"CCDC17","black"
"KIAA0748","blue"
"GTPBP6","blue"
"PARP3","blue"
"NUDCD1","yellow"
"SNAP47","blue"
"C8orf83","brown"
"MGC27345","blue"
"OPRL1","black"
"C7orf54","blue"
"ADC","turquoise"
"CCL4L1","grey"
"SLC4A2","turquoise"
"MORN4","turquoise"
"B4GALNT1","turquoise"
"ARMC10","yellow"
"HRAS","blue"
"TTLL4","green"
"PITPNM2","turquoise"
"C18orf8","grey"
"DLEU2","brown"
"PYY2","turquoise"
"UBAP2L","turquoise"
"TSHZ1","blue"
"DNAJC11","blue"
"LCN12","turquoise"
"ZBP1","grey"
"BZW1","brown"
"NNMT","grey"
"DPY30","brown"
"OGFR","green"
"MLF1IP","yellow"
"DHRS4","blue"
"POLM","green"
"PCM1","yellow"
"PAAF1","blue"
"NDUFB2","blue"
"LOC100132247","blue"
"RPL35","blue"
"DUSP28","yellow"
"FAM30A","blue"
"MGC39372","grey"
"LHPP","turquoise"
"DHRS7","black"
"ZWILCH","yellow"
"LOC339803","blue"
"GPSM3","black"
"FADS2","turquoise"
"ORM1","black"
"CCDC23","turquoise"
"EID1","blue"
"ODF3B","turquoise"
"SLC43A1","turquoise"
"RPL13P5","red"
"BRF1","turquoise"
"AQP7","turquoise"
"RHBDL1","turquoise"
"FAM153A","blue"
"SLC22A2","turquoise"
"MGC4294","turquoise"
"ART5","turquoise"
"MIR17HG","turquoise"
"INSL3","turquoise"
"ZNF541","turquoise"
"WIT1","turquoise"
"TNFRSF12A","grey"
"MYC","blue"
"C15orf5","red"
"FLJ39632","turquoise"
"C1orf170","turquoise"
"SLC27A4","turquoise"
"ACSBG1","grey"
"MRPL43","blue"
"RNF126","blue"
"ODF2","blue"
"TCEAL4","blue"
"C4orf23","turquoise"
"ABCC13","turquoise"
"PLXDC2","green"
"ZNF672","grey"
"NOX4","turquoise"
"MEI1","red"
"MEIS3","turquoise"
"LOC440104","turquoise"
"HMGB3","grey"
"ZNF331","blue"
"NCRNA00204","green"
"ARFGAP1","grey"
"NCL","blue"
"TRAF3IP3","yellow"
"DIAPH1","green"
"TPD52L2","black"
"NAA15","yellow"
"LOC644762","red"
"BET1L","blue"
"FUS","blue"
"TRIP6","grey"
"OXCT1","blue"
"ADI1","blue"
"BOLA2","yellow"
"ATP1A3","turquoise"
"PCDH9","blue"
"PIK3CA","brown"
"KBTBD4","brown"
"B3GNT3","turquoise"
"LOC200030","green"
"IGH@","grey"
"LOC389333","turquoise"
"TMEM40","turquoise"
"RBM14","blue"
"LOC90925","blue"
"PTPN23","blue"
"OGFOD2","turquoise"
"ITFG2","blue"
"GYPB","turquoise"
"DNAJC6","turquoise"
"C1orf152","grey"
"FLJ14107","black"
"FRMD3","grey"
"SH3GLB2","turquoise"
"LOC145757","turquoise"
"ZNF497","turquoise"
"VPS4A","grey"
"RAB3IL1","turquoise"
"NUMBL","turquoise"
"C2orf54","turquoise"
"PHLDB3","blue"
"AP1S1","grey"
"POMGNT1","turquoise"
"SNX22","turquoise"
"COG7","blue"
"MRPL3","yellow"
"ARSE","turquoise"
"ZNF683","grey"
"MICALL2","turquoise"
"SCD5","turquoise"
"USP25","brown"
"DFFB","blue"
"RELA","green"
"SAC3D1","blue"
"AUH","brown"
"FADS1","grey"
"GABBR2","grey"
"INPP4B","blue"
"NCRNA00110","turquoise"
"PIGP","blue"
"PRPSAP2","yellow"
"CHRD","turquoise"
"KLHDC3","grey"
"C11orf74","turquoise"
"MIOX","turquoise"
"INTS4","blue"
"LOC645166","black"
"LOC646938","turquoise"
"C10orf122","turquoise"
"TTTY14","turquoise"
"ZFP57","turquoise"
"TUBD1","blue"
"GPT","turquoise"
"NFKBIB","turquoise"
"GNB1L","turquoise"
"WDR1","black"
"HIC1","turquoise"
"INADL","blue"
"PAX5","turquoise"
"LOC100292653","blue"
"TRPV4","turquoise"
"MGC31957","black"
"TTC36","turquoise"
"GSTM2P1","turquoise"
"MALAT1","brown"
"CAMKV","turquoise"
"FGD3","green"
"ARPC3","red"
"TMEM41B","brown"
"LOC643446","blue"
"LOC148413","blue"
"TMEM135","yellow"
"FLJ45340","black"
"KIAA0040","black"
"ECT2","brown"
"NME7","blue"
"TMEM128","yellow"
"SCP2","yellow"
"NUBP2","blue"
"RNF145","brown"
"SAMD14","turquoise"
"KIF2C","grey"
"GUCA1A","turquoise"
"CDK8","grey"
"UPF2","brown"
"CD19","blue"
"C6orf125","blue"
"LOC729852","brown"
"CDK18","turquoise"
"USPL1","yellow"
"LOC220930","brown"
"PAK6","turquoise"
"TMSB10","blue"
"CHPF","turquoise"
"C5orf28","yellow"
"CCNL2","blue"
"GTPBP5","grey"
"SFXN5","turquoise"
"ZNF252","brown"
"NCRNA00085","grey"
"NCF1","green"
"C16orf55","turquoise"
"RBM19","blue"
"LOC100132999","blue"
"TSC22D4","green"
"LOC100291428","turquoise"
"TRPM2","red"
"ZNF511","blue"
"LOC728752","grey"
"LTBP4","turquoise"
"ROGDI","turquoise"
"LOC100293478","black"
"LOC100291232","black"
"LOC100288442","turquoise"
"C21orf7","grey"
"STAG3","blue"
"NOP56","blue"
"MEAF6","yellow"
"R3HDM2","green"
"MRPS18B","blue"
"RPL14","blue"
"CPNE9","turquoise"
"HPS3","yellow"
"ATG4D","turquoise"
"LIN37","black"
"MANSC1","black"
"WSCD1","turquoise"
"ORM2","black"
"KIF5C","turquoise"
"CHRND","turquoise"
"LPCAT3","black"
"TMEM53","turquoise"
"SLC12A5","turquoise"
"CNTLN","red"
"LOC284749","turquoise"
"SLC15A3","black"
"TCF7L2","brown"
"C16orf80","blue"
"CHFR","grey"
"ADK","blue"
"PRDM15","blue"
"RANBP3","green"
"B3GAT3","blue"
"FBF1","turquoise"
"FLJ45445","black"
"TLR10","green"
"SLC16A7","blue"
"SHMT2","blue"
"TGFBR1","brown"
"MEIS2","turquoise"
"LOC100132214","turquoise"
"DARS","yellow"
"TMEM219","blue"
"B9D1","turquoise"
"TRIM50","turquoise"
"CARD10","turquoise"
"SEPHS1","yellow"
"SNX9","blue"
"SLC2A5","grey"
"C17orf99","turquoise"
"TREML1","turquoise"
"C14orf68","turquoise"
"TSGA14","blue"
"SLC35B1","red"
"C1orf93","turquoise"
"SETD6","turquoise"
"TMEM120A","red"
"PXK","black"
"FAM158A","grey"
"MAML1","brown"
"CTTN","turquoise"
"HRH3","turquoise"
"SLC28A3","red"
"C9orf84","black"
"HLA-DQB1","blue"
"KCTD3","brown"
"SKIV2L","green"
"TMEM143","turquoise"
"APOA1BP","blue"
"LPA","turquoise"
"NUDT16P1","grey"
"UROS","turquoise"
"ACAD8","brown"
"INHBA","grey"
"FAM138A","turquoise"
"SH2D6","turquoise"
"HLA-DMB","blue"
"PRSS8","turquoise"
"NPL","green"
"LTA4H","grey"
"INSC","grey"
"MTRF1","yellow"
"PGAP3","turquoise"
"C20orf54","turquoise"
"GALNT4","brown"
"PROM2","turquoise"
"EIF4B","blue"
"NSMCE4A","yellow"
"SEC1","turquoise"
"PASK","blue"
"FXYD6","turquoise"
"PTGES","turquoise"
"LOC100130071","turquoise"
"CAPN1","red"
"LOC646982","grey"
"BUB1","grey"
"EFS","turquoise"
"MDH2","blue"
"ANXA2P2","blue"
"SLC25A46","brown"
"ZC3H18","green"
"WDR73","blue"
"HMGN1","yellow"
"MED24","blue"
"EIF3I","blue"
"ABCB9","turquoise"
"ARHGEF10L","turquoise"
"FSCN1","turquoise"
"HMGA1","blue"
"HDAC1","blue"
"HAUS7","blue"
"NAPSB","blue"
"NUP214","green"
"LOC647859","blue"
"D2HGDH","turquoise"
"CENPT","turquoise"
"BRD9","blue"
"AQP3","blue"
"GUSBP1","blue"
"PMS2CL","grey"
"PHF21B","turquoise"
"RBM23","green"
"FLJ14186","black"
"C8orf34","turquoise"
"RPP30","blue"
"TMEM49","green"
"FARSB","blue"
"GPR132","black"
"MYEOV","turquoise"
"SACM1L","brown"
"ARFIP2","turquoise"
"ZNF623","turquoise"
"SLC34A1","turquoise"
"LDB1","green"
"KIAA0391","brown"
"CNN1","turquoise"
"CLCNKB","turquoise"
"MOSPD1","turquoise"
"PPP2R5A","brown"
"ARMC5","turquoise"
"LOC100287042","turquoise"
"LCP1","black"
"SRBD1","brown"
"C8orf55","turquoise"
"UPP1","red"
"MRPS28","yellow"
"GPS2","turquoise"
"ISLR","turquoise"
"SCAMP5","turquoise"
"BCAR1","turquoise"
"MLLT3","blue"
"LOC100288299","turquoise"
"NAPRT1","red"
"PMS2L11","turquoise"
"LETMD1","blue"
"ZEB2","brown"
"PDZD3","turquoise"
"LOC727726","yellow"
"ZNF180","yellow"
"VDAC3","blue"
"PECR","red"
"CMAH","brown"
"CS","blue"
"LOC440434","black"
"PREB","red"
"NPR1","turquoise"
"PABPC1","blue"
"ASB3","yellow"
"LCP2","green"
"RNF220","blue"
"SLC2A11","turquoise"
"CRIP2","turquoise"
"LOC653712","turquoise"
"PHLDB1","turquoise"
"C19orf54","green"
"NRBP2","turquoise"
"DVL2","blue"
"CUEDC1","grey"
"SERPINB1","red"
"TFDP2","turquoise"
"LOC100170939","blue"
"JPH4","turquoise"
"HEYL","turquoise"
"GORASP1","grey"
"SPATA13","black"
"LOC100129503","turquoise"
"FMO1","turquoise"
"VCL","grey"
"MDC1","turquoise"
"PLEKHG3","green"
"FLII","black"
"PGM1","black"
"PIK3CB","brown"
"LOC284861","turquoise"
"ZNF785","turquoise"
"VDAC2","blue"
"C5orf4","turquoise"
"UROD","turquoise"
"COMMD1","yellow"
"ART3","turquoise"
"SUCLA2","yellow"
"HYOU1","turquoise"
"IFRD1","brown"
"VHL","blue"
"STAG3L1","blue"
"DHX32","blue"
"MCM5","turquoise"
"IL9R","turquoise"
"RGS14","black"
"NDUFA10","yellow"
"PPRC1","blue"
"HGS","turquoise"
"ADD2","turquoise"
"NR1H2","black"
"PMPCA","blue"
"C1orf27","yellow"
"FOXRED1","turquoise"
"PTK6","turquoise"
"ACSM5","turquoise"
"C1orf50","blue"
"SFRS11","yellow"
"CD7","blue"
"MUC5B","turquoise"
"CWF19L1","red"
"NAT1","brown"
"MSH6","yellow"
"CCDC120","turquoise"
"HERPUD2","brown"
"PNRC1","brown"
"MAMSTR","turquoise"
"HK2","brown"
"RCBTB2","yellow"
"ETFDH","brown"
"PPP2R1A","green"
"MBD1","brown"
"PCSK4","turquoise"
"ME3","turquoise"
"LIMS2","turquoise"
"ATP6AP1","black"
"C14orf180","turquoise"
"LOC100287685","turquoise"
"DUS3L","turquoise"
"HMP19","turquoise"
"MRPL47","brown"
"ATP5C1","brown"
"TRAPPC4","blue"
"EIF2B4","blue"
"SMEK1","yellow"
"MICB","yellow"
"TMEM129","turquoise"
"SCPEP1","red"
"DDX55","blue"
"FA2H","turquoise"
"FAM82A1","grey"
"LOC100287808","turquoise"
"ZNF321","brown"
"ARHGAP33","turquoise"
"ZNF254","brown"
"PODN","turquoise"
"TMEM48","yellow"
"USP3","brown"
"MST1R","turquoise"
"FAM113A","blue"
"TP53I3","red"
"SAV1","grey"
"AP4B1","yellow"
"SMTN","turquoise"
"GALK1","black"
"GBGT1","turquoise"
"LAMP1","black"
"PGAP2","black"
"PCNP","brown"
"BCAS1","turquoise"
"TSPAN5","turquoise"
"TIE1","turquoise"
"GTF2H2","brown"
"HLA-A","grey"
"RAB2A","brown"
"C7orf44","yellow"
"S100Z","grey"
"COL4A6","turquoise"
"EIF4H","brown"
"MTG1","turquoise"
"RTP1","turquoise"
"TOMM6","grey"
"MANBA","green"
"PAN3","brown"
"RGS3","black"
"SCRN3","brown"
"LOC645954","brown"
"CEACAM8","grey"
"FLJ36031","black"
"NFATC4","turquoise"
"HCLS1","black"
"GGTA1","grey"
"DSCR10","turquoise"
"GHITM","grey"
"AP4M1","turquoise"
"LOC441493","turquoise"
"CDHR3","turquoise"
"GPR144","turquoise"
"ALOX15","turquoise"
"KIAA0195","turquoise"
"IL17RE","turquoise"
"TUBB2C","turquoise"
"HHAT","turquoise"
"FAM109A","turquoise"
"EVX1","turquoise"
"CABP4","turquoise"
"ESR1","turquoise"
"GRAP2","turquoise"
"NCRNA00105","turquoise"
"KCNMB2","turquoise"
"AGTPBP1","brown"
"TPX2","grey"
"ZC3H12D","turquoise"
"CD101","turquoise"
"C1QTNF8","turquoise"
"CLCN2","turquoise"
"PDE2A","turquoise"
"LOC441155","green"
"ZCCHC11","yellow"
"ST3GAL5","blue"
"RPAP2","yellow"
"ABCC6","turquoise"
"C1orf86","grey"
"EMR3","green"
"LMBR1","brown"
"EIF2A","yellow"
"ME1","grey"
"MKL1","black"
"JAKMIP1","blue"
"PODNL1","turquoise"
"MGAT2","yellow"
"WDR48","grey"
"PRMT6","grey"
"NUCB1","turquoise"
"C1orf85","grey"
"TOMM40","turquoise"
"NMD3","yellow"
"SNX10","brown"
"VIPAR","red"
"OSBPL7","turquoise"
"CCDC30","grey"
"LOC100129717","turquoise"
"SCOC","brown"
"SLAIN1","yellow"
"BLMH","blue"
"PPP2R2D","brown"
"PTOV1","grey"
"SUPT3H","grey"
"KCNIP2","turquoise"
"SLC35A5","brown"
"SFXN4","blue"
"APOL2","grey"
"MANEAL","turquoise"
"CCDC86","blue"
"LRP5L","turquoise"
"FEN1","yellow"
"MRRF","blue"
"YAF2","yellow"
"SLC22A10","turquoise"
"YIPF1","black"
"CA3","turquoise"
"CYBASC3","blue"
"LOC401934","turquoise"
"GSTM1","turquoise"
"TMED2","brown"
"RMND1","yellow"
"TMEM140","grey"
"NT5C","blue"
"EAF2","brown"
"FSCN3","turquoise"
"SLC6A13","turquoise"
"ZNF783","turquoise"
"TYW3","yellow"
"GPR12","turquoise"
"C1orf91","red"
"GLYATL1","turquoise"
"KLK2","turquoise"
"IL11","turquoise"
"LOC388387","red"
"CDK5","red"
"TNFRSF17","grey"
"NACA","blue"
"GSG1L","turquoise"
"GNLY","blue"
"C8orf59","yellow"
"PIK3C2B","blue"
"ASXL2","black"
"PTPRM","blue"
"INPP5B","blue"
"UBAP2","blue"
"ZMYM2","brown"
"SEMA6C","turquoise"
"FERMT1","turquoise"
"APOB48R","black"
"TEAD1","turquoise"
"DHX8","green"
"ABCC11","turquoise"
"ZNF324","green"
"UBASH3A","blue"
"LOC652797","red"
"DNAJA3","blue"
"RGL4","red"
"OTOF","turquoise"
"ZNF137","yellow"
"SENP5","grey"
"KIRREL3","turquoise"
"FAM125B","grey"
"ROR1","grey"
"ITIH5","turquoise"
"SEMA6B","turquoise"
"SULT1A3","green"
"SLCO5A1","turquoise"
"RABEP2","blue"
"MCTP1","red"
"C1orf228","red"
"LOC100289169","grey"
"ANKLE1","turquoise"
"FAM108C1","brown"
"NMUR1","turquoise"
"ODC1","turquoise"
"FTH1","black"
"ZDHHC20","red"
"MKS1","turquoise"
"S1PR5","blue"
"ARHGEF4","turquoise"
"C9orf109","turquoise"
"SEC14L4","turquoise"
"TMPRSS9","turquoise"
"TNR","turquoise"
"ADAMTSL1","turquoise"
"GNB2L1","blue"
"LOC284889","turquoise"
"SLC25A35","turquoise"
"IL2RA","turquoise"
"TTC31","blue"
"KCNK4","turquoise"
"EYA2","turquoise"
"ACTB","red"
"SLC22A17","turquoise"
"MIF4GD","blue"
"TELO2","turquoise"
"CHRNG","turquoise"
"RPL15","yellow"
"ACTG1","brown"
"CKB","turquoise"
"LOC732160","blue"
"NLGN3","turquoise"
"ZNF707","turquoise"
"SLC22A16","turquoise"
"PSMD11","yellow"
"LOC100131726","turquoise"
"SERPINB3","turquoise"
"HYAL1","turquoise"
"KCNMB1","grey"
"OR13H1","turquoise"
"SCARA5","turquoise"
"SGOL2","yellow"
"SLC12A7","turquoise"
"DPY19L2P2","turquoise"
"ZNF584","turquoise"
"NARF","red"
"BNIPL","turquoise"
"ICAM2","blue"
"BTBD19","turquoise"
"MSH5","turquoise"
"TATDN1","yellow"
"NDRG1","red"
"AMACR","grey"
"FLJ42393","grey"
"FOXC1","red"
"YWHAE","grey"
"PION","brown"
"ZNF428","turquoise"
"C9orf66","red"
"COQ7","grey"
"MADCAM1","turquoise"
"HBCBP","turquoise"
"SRP9","brown"
"CDA","black"
"RPS12","turquoise"
"ADM2","turquoise"
"CFL1","red"
"PRAP1","turquoise"
"UBE2V1","turquoise"
"RPL21","turquoise"
"RPL24","blue"
"CIDEC","turquoise"
"HBE1","turquoise"
"MGST2","grey"
"CYB5A","turquoise"
"SH3TC1","turquoise"
"KLK6","turquoise"
"LOC653566","yellow"
"TMEM203","blue"
"RPL34","yellow"
"LOC647302","brown"
"OAZ1","turquoise"
"S100A8","red"
"FXYD1","turquoise"
"PLAT","turquoise"
"LOC100291682","blue"
"DYNLL1","turquoise"
"CKS2","yellow"
"SNHG12","blue"
"C2orf24","turquoise"
"MPST","turquoise"
"SSB","yellow"
"DLEU1","turquoise"
"MT2A","grey"
"TP53TG1","grey"
"CDC42EP2","black"
"POFUT2","grey"
"NUP85","blue"
"IDE","yellow"
"ARMC6","turquoise"
"C10orf78","yellow"
"TTC21B","blue"
"FBXW8","turquoise"
"GALT","blue"
"GLB1L","grey"
"GARS","blue"
"PROCA1","grey"
"SNRPG","yellow"
"RAB13","grey"
"CBLB","blue"
"IQCB1","yellow"
"SNCG","turquoise"
"LOC100129395","turquoise"
"GAP43","turquoise"
"ATP5E","turquoise"
"CYC1","blue"
"HRSP12","grey"
"IFITM2","black"
"NDUFA5","grey"
"EIF2C2","turquoise"
"TMED3","blue"
"PTMA","blue"
"LOC100287723","grey"
"LZTS1","turquoise"
"JMJD8","turquoise"
"PPM1M","red"
"PCYT1A","red"
"XIST","grey"
"C14orf139","yellow"
"NTAN1","turquoise"
"SLC45A4","green"
"SIPA1L1","green"
"FAM104B","turquoise"
"LOC100286937","blue"
"WHSC1L1","turquoise"
"RPL23AP82","grey"
"TMEM185B","red"
"CEP152","yellow"
"H2AFX","grey"
"WHAMML1","grey"
"NBR2","grey"
"CHD9","yellow"
"BCL7B","brown"
"FTSJD2","grey"
"LMAN2L","blue"
"ARHGEF2","grey"
"TSSC1","blue"
"STK40","green"
"AEN","blue"
"MCCC1","blue"
"HDHD3","turquoise"
"TTC7B","grey"
"KCTD10","yellow"
"GPATCH8","blue"
"TBC1D10A","blue"
"PIGG","yellow"
"TANC2","black"
"IRF2","brown"
"NADSYN1","red"
"ELAC2","blue"
"FAM73B","grey"
"TTC15","green"
"LOC100129637","blue"
"CYTH1","green"
"FLNB","red"
"RRM2","grey"
"CARM1","turquoise"
"FBN1","grey"
"UPRT","yellow"
"SYTL1","green"
"HKR1","blue"
"ASB13","blue"
"LOC643008","turquoise"
"DCTN5","grey"
"QSOX2","yellow"
"LRRC57","brown"
"SYNJ2","blue"
"SOX12","turquoise"
"APLNR","turquoise"
"CLUAP1","blue"
"DENND1C","green"
"TMEM86B","turquoise"
"VSIG2","turquoise"
"CARS2","black"
"HPS6","yellow"
"CCND3","red"
"WDR8","brown"
"MACF1","brown"
"GAS6","grey"
"NUDT4","turquoise"
"GOLGB1","green"
"ACRBP","turquoise"
"RSPRY1","green"
"SNRNP70","blue"
"GIT1","turquoise"
"MED26","green"
"CHTF18","turquoise"
"GNL1","blue"
"COPS7B","blue"
"NME4","turquoise"
"C20orf7","brown"
"DNHD1","turquoise"
"FBRS","turquoise"
"RBM7","brown"
"SLC39A4","blue"
"COG1","blue"
"AXIN1","grey"
"CHP","red"
"NEIL1","red"
"DPM1","brown"
"RNF146","brown"
"SF4","green"
"ZFYVE16","brown"
"ERCC2","turquoise"
"SLC9A5","turquoise"
"CCDC45","blue"
"ENOX2","blue"
"MRPL27","blue"
"LRRC41","blue"
"EIF2AK4","blue"
"PRKCA","yellow"
"POM121L8P","grey"
"CRTC2","grey"
"FBXL12","yellow"
"GMDS","grey"
"LPIN1","blue"
"CCDC92","blue"
"LASS6","blue"
"RMND5B","grey"
"SLC38A7","grey"
"C12orf32","yellow"
"FYN","blue"
"XPO6","black"
"DUSP18","black"
"FICD","green"
"MLKL","red"
"THAP8","blue"
"ZNF708","yellow"
"USP30","brown"
"GAS8","turquoise"
"EPHX2","blue"
"SFTPC","turquoise"
"STT3B","yellow"
"ERCC3","yellow"
"UBFD1","blue"
"ITK","blue"
"PECI","blue"
"CPNE6","turquoise"
"ARG1","red"
"SLC25A43","yellow"
"SRL","turquoise"
"LRRC56","turquoise"
"AFG3L2","blue"
"NPHP4","grey"
"CUEDC2","blue"
"ZNF185","grey"
"C1orf123","blue"
"PLXNB1","turquoise"
"PI4K2B","yellow"
"HACL1","blue"
"CCDC88B","green"
"VPS39","green"
"MAL","blue"
"ABCA13","grey"
"ZNF561","blue"
"POLR3B","blue"
"GNPDA1","blue"
"KPNA2","brown"
"MRPL32","yellow"
"ZNF646","green"
"CCDC74A","turquoise"
"SH2D2A","blue"
"MRPL55","blue"
"C11orf61","blue"
"ZNF767","blue"
"HDAC2","brown"
"ZFYVE19","grey"
"MXRA8","turquoise"
"SMYD2","yellow"
"PIGV","grey"
"CHUK","brown"
"C12orf76","grey"
"CPAMD8","grey"
"ITGB5","grey"
"NUP93","blue"
"LDLRAP1","turquoise"
"BTN2A2","blue"
"USP54","turquoise"
"AHRR","turquoise"
"TECPR1","black"
"ZNF169","blue"
"ATF7IP2","blue"
"MRPL22","yellow"
"RARRES2","turquoise"
"VPS37C","green"
"RBM45","yellow"
"E4F1","blue"
"BRSK2","turquoise"
"CCDC111","yellow"
"C20orf160","turquoise"
"ZNF573","blue"
"GAPDH","red"
"CCDC115","yellow"
"HMGCS1","brown"
"HPS4","blue"
"C6orf105","grey"
"XRCC6","blue"
"C14orf119","yellow"
"GMNN","yellow"
"C17orf62","black"
"C7orf49","red"
"HECTD3","turquoise"
"SSR4","blue"
"SNHG7","blue"
"TRIM52","yellow"
"GRM4","turquoise"
"TARBP1","blue"
"BAZ2A","green"
"SMARCD3","black"
"EWSR1","green"
"WDR25","turquoise"
"DMXL2","yellow"
"CHD1","brown"
"C17orf70","blue"
"ADCY4","black"
"ERBB2","turquoise"
"SETDB2","yellow"
"SLC46A3","black"
"FAM193B","green"
"TGFB1I1","turquoise"
"C17orf28","turquoise"
"GABPA","brown"
"REXO4","blue"
"CRYGS","blue"
"SPHK1","grey"
"MED22","black"
"PIK3C3","brown"
"SCAMP2","green"
"NKAP","brown"
"CLEC16A","blue"
"ICAM3","green"
"PRPF39","yellow"
"ZNF643","black"
"ZC3H12A","red"
"DAAM1","yellow"
"APBA3","blue"
"KIR3DL2","turquoise"
"MYO9A","blue"
"ZNF615","brown"
"ABCA7","green"
"CLSTN1","blue"
"WWTR1","turquoise"
"SELO","black"
"KIAA1671","grey"
"LRIG1","blue"
"PLCH2","turquoise"
"CCDC109B","blue"
"CUL9","blue"
"LOC100134348","grey"
"REPS1","blue"
"COG3","brown"
"JOSD1","red"
"FANCL","yellow"
"ESAM","turquoise"
"LOC729678","yellow"
"RP9","blue"
"PAXIP1","yellow"
"XYLT2","grey"
"SNAI3","green"
"C11orf35","turquoise"
"NT5E","blue"
"DNASE1L1","red"
"ZNF142","blue"
"C17orf97","grey"
"VPS41","yellow"
"JHDM1D","brown"
"RBM33","brown"
"ENGASE","turquoise"
"FAR2","red"
"ADAMTS13","turquoise"
"RPL13A","blue"
"METT10D","blue"
"GYG2","turquoise"
"MPV17","blue"
"MRPS24","blue"
"PSD","turquoise"
"TSPAN13","yellow"
"FBXL18","grey"
"DENND2D","blue"
"FLJ10357","black"
"C9orf140","grey"
"LONRF3","grey"
"ACOT1","blue"
"FBXO25","blue"
"RNPEP","green"
"TMEM139","turquoise"
"ANKRD13D","green"
"LOC154761","grey"
"IKBKG","black"
"TJAP1","blue"
"C1orf21","blue"
"SPAG7","blue"
"SETMAR","blue"
"GDPD3","grey"
"MYO7B","turquoise"
"RFNG","turquoise"
"ACO1","blue"
"HERC5","grey"
"WDR92","blue"
"PLGLA","blue"
"IGLV1-44","grey"
"SEC24C","green"
"BTBD2","turquoise"
"HDC","blue"
"NTNG2","black"
"PLA2G15","grey"
"STK39","blue"
"FAM199X","brown"
"KLC2","turquoise"
"FAM116B","turquoise"
"KIAA0922","green"
"LRTM2","turquoise"
"LYSMD4","blue"
"POLI","brown"
"ACTR8","yellow"
"CAPRIN2","yellow"
"PQLC2","turquoise"
"HDDC2","yellow"
"ZNF517","green"
"CDCA2","grey"
"WASH2P","green"
"NECAB2","turquoise"
"DBR1","yellow"
"ZNF250","grey"
"NMNAT3","turquoise"
"HELB","brown"
"NUP107","yellow"
"OPLAH","red"
"KIF13A","green"
"C12orf52","blue"
"TECR","blue"
"ZSWIM7","yellow"
"ARHGEF9","blue"
"CTCF","yellow"
"RNF165","turquoise"
"ATOH8","turquoise"
"ZNF322A","yellow"
"TBX15","turquoise"
"RPAP1","blue"
"ZNF671","blue"
"ADCK4","red"
"PPP2R3C","brown"
"GEMIN6","yellow"
"RPL7A","blue"
"IFI30","green"
"ALDH4A1","red"
"UBXN8","yellow"
"RALGPS1","yellow"
"TNS3","blue"
"ZNF529","blue"
"SIGLEC1","grey"
"MBLAC2","blue"
"ZDHHC5","grey"
"VARS2","blue"
"PTCD1","blue"
"GRIK5","turquoise"
"RALGAPA1","yellow"
"TNFRSF8","green"
"LOC100130872","turquoise"
"C11orf85","turquoise"
"LGR6","grey"
"TUBA8","grey"
"DOK2","blue"
"MLLT11","blue"
"RPP21","blue"
"KLK3","turquoise"
"LOC643332","grey"
"CNIH4","red"
"NUP188","blue"
"ZNF275","blue"
"FCRL5","blue"
"IKZF4","grey"
"SEC31B","blue"
"TCTN1","blue"
"HEATR1","blue"
"FBLN2","turquoise"
"ZNF266","blue"
"CDH4","turquoise"
"GPI","red"
"FYCO1","blue"
"SELP","grey"
"MYO1G","green"
"UBR4","black"
"PRRC1","yellow"
"SLC22A8","turquoise"
"CLCC1","blue"
"JAM3","grey"
"YTHDF1","yellow"
"C13orf34","yellow"
"TESK1","turquoise"
"SNX33","turquoise"
"SLC35B3","brown"
"UBXN7","black"
"RGN","turquoise"
"TMEM184A","turquoise"
"EXT1","red"
"TRPV2","red"
"ATP13A1","blue"
"YEATS2","yellow"
"OCRL","brown"
"GTF3C5","grey"
"CTSD","red"
"ZC3H7B","turquoise"
"DUSP8","blue"
"HLA-B","green"
"MYL5","turquoise"
"YPEL4","turquoise"
"CCDC71","yellow"
"PRMT5","green"
"POLE3","blue"
"SLC25A28","red"
"CAPN12","grey"
"HLA-DRB4","grey"
"ADARB2","turquoise"
"LY6G5C","turquoise"
"ADCYAP1R1","turquoise"
"HSPB1","grey"
"RPS13","blue"
"RPS2","blue"
"CBWD5","grey"
"BACE2","turquoise"
"RHBDD1","blue"
"HNRNPA1L2","blue"
"SERGEF","blue"
"IGHG1","grey"
"LDHB","blue"
"SETBP1","blue"
"RBM10","green"
"SRP19","brown"
"HAMP","turquoise"
"DHX16","green"
"TMEM138","blue"
"C9orf46","red"
"LOC728554","blue"
"RPL4","blue"
"ADPRH","yellow"
"SLC25A15","blue"
"MRPS34","blue"
"TTC32","brown"
"SCD","grey"
"EIF4A3","blue"
"CMTM6","brown"
"YWHAZ","brown"
"POLR3K","blue"
"CLK3","turquoise"
"MAN1C1","blue"
"TMEM42","blue"
"RPF1","yellow"
"CHI3L2","grey"
"FOXJ3","yellow"
"TUBBP5","grey"
"RCL1","turquoise"
"C11orf73","yellow"
"ROBO3","turquoise"
"FNTA","yellow"
"TAF6L","turquoise"
"LOC729317","blue"
"SHISA4","turquoise"
"FBXO31","blue"
"HMGCL","grey"
"GGT5","turquoise"
"NUBP1","blue"
"MTA2","blue"
"FBXO4","yellow"
"ATXN7L2","blue"
"FAM118B","brown"
"IGF2BP3","red"
"AOAH","green"
"C14orf102","black"
"CCM2","green"
"CCDC53","red"
"CTSW","blue"
"UFSP2","blue"
"FAM50A","blue"
"GADD45G","red"
"CHI3L1","grey"
"F12","turquoise"
"CUTA","blue"
"RPS19","blue"
"MFSD10","grey"
"C9orf89","red"
"PRSS22","turquoise"
"CLVS1","brown"
"RRP8","blue"
"NAALADL1","blue"
"PLK3","red"
"ADRA2C","turquoise"
"FCGR1B","red"
"NCKAP1L","red"
"SLC25A4","turquoise"
"APOOL","blue"
"TPST1","grey"
"DOK4","grey"
"LOC391358","blue"
"TRMT112","blue"
"SUPT7L","yellow"
"RG9MTD1","yellow"
"MITD1","yellow"
"TRAPPC2L","blue"
"MAGOHB","yellow"
"TXNL4A","grey"
"BLM","red"
"C12orf41","yellow"
"STAB1","grey"
"MRPS18A","grey"
"PLK1S1","blue"
"ITIH1","turquoise"
"ARL16","yellow"
"RPS18","blue"
"ADHFE1","blue"
"ANKZF1","green"
"C1orf159","turquoise"
"SIGLECP3","blue"
"C10orf2","blue"
"C6orf26","grey"
"SLC22A18","green"
"SCYL3","brown"
"AP3B2","grey"
"C6orf1","turquoise"
"RPL19","blue"
"KIAA1530","green"
"TXLNA","blue"
"EPHB6","turquoise"
"NUDT8","turquoise"
"ZBTB48","black"
"VWCE","turquoise"
"KLHDC2","yellow"
"OVOS","grey"
"BAMBI","grey"
"MTMR15","blue"
"EXOSC1","blue"
"MRPL48","blue"
"SLC25A45","blue"
"C5orf22","brown"
"ABHD12","turquoise"
"NXF1","blue"
"CLU","grey"
"PSMC5","blue"
"SNUPN","blue"
"AUP1","grey"
"GNB2","black"
"PEA15","blue"
"PTGDS","blue"
"KMO","yellow"
"C9orf6","brown"
"BARD1","grey"
"RABL2A","blue"
"ZWINT","yellow"
"GSR","red"
"RNF219","yellow"
"LRWD1","green"
"DECR2","turquoise"
"ARRDC1","black"
"SLC25A14","yellow"
"TAF12","brown"
"METTL11A","blue"
"MGC29506","grey"
"PROM1","turquoise"
"ERAL1","turquoise"
"C6orf223","turquoise"
"C10orf58","blue"
"TUBA1C","grey"
"SLC25A1","turquoise"
"CYB5D2","red"
"FAM64A","turquoise"
"MRPL46","blue"
"RNF44","green"
"DPP4","blue"
"PPP2R2A","black"
"CASP8AP2","yellow"
"DUSP11","brown"
"BLVRB","turquoise"
"GCDH","blue"
"HINT2","blue"
"INTS8","yellow"
"GCGR","turquoise"
"RFK","yellow"
"ADCY2","turquoise"
"MS4A14","blue"
"FSTL4","grey"
"EHMT1","blue"
"ISG20","grey"
"EFHC2","grey"
"MFAP2","turquoise"
"FCER2","grey"
"PATL2","blue"
"IFIT1","grey"
"SLC25A33","yellow"
"PRAM1","green"
"RNH1","blue"
"DCLK1","turquoise"
"MYO3A","turquoise"
"SAMD4A","grey"
"FBL","blue"
"RTTN","blue"
"C15orf52","grey"
"ATAD2","yellow"
"TSC2","grey"
"C2CD2","blue"
"SBF1","blue"
"PGM5","grey"
"CCDC132","yellow"
"PIWIL4","grey"
"FRMD1","turquoise"
"MST1","turquoise"
"TMEM63B","turquoise"
"SMARCAL1","blue"
"CXXC1","blue"
"MYO7A","turquoise"
"RSC1A1","turquoise"
"BRD7","yellow"
"ING5","grey"
"DCTN2","red"
"ZC3HC1","blue"
"RBM28","blue"
"CHIT1","red"
"YBX1","turquoise"
"TWF2","black"
"CYB561D2","blue"
"RPL6","blue"
"RNASEH2A","blue"
"RPS24","yellow"
"RNASEK","black"
"SERPINF1","blue"
"LOC100287430","blue"
"NDUFA9","yellow"
"ECH1","blue"
"DARC","turquoise"
"ATF4","grey"
"CTDP1","red"
"RPL36A","yellow"
"RPL10","blue"
"CDC26","brown"
"WBSCR16","turquoise"
"LLPH","brown"
"THAP4","blue"
"C7orf72","turquoise"
"TP53TG3","grey"
"OXCT2","turquoise"
"CHCHD3","yellow"
"FAM157B","black"
"AZGP1P1","turquoise"
"C8orf30A","turquoise"
"C21orf70","blue"
"BOP1","turquoise"
"GTF3C6","blue"
"GSTTP1","turquoise"
"LOC100129827","red"
"SNHG8","yellow"
"SNHG1","blue"
"SNORA10","grey"
"SNORD15A","turquoise"
"SNORA8","brown"
"SNORA49","turquoise"
"SNORA25","yellow"
"SNORA30","turquoise"
"SNORA32","yellow"
"SNORA47","turquoise"
"SNORD89","brown"
"UHMK1","brown"
"HK3","red"
"PLD2","grey"
"LOC219347","turquoise"
"JMJD7-PLA2G4B","blue"
"C22orf34","blue"
"FLJ36777","turquoise"
"RPS2P32","turquoise"
"WBSCR26","red"
"DNM1P35","turquoise"
"LOC339240","turquoise"
"LOC90110","green"
"NCRNA00235","turquoise"
"RPS3","blue"
"GPX3","grey"
"C3orf1","yellow"
"TBC1D3","grey"
"PSMA6","red"
"EIF3F","blue"
"GMPS","blue"
"RPSA","blue"
"VAT1","red"
"CIB1","blue"
"RPL26","yellow"
"SNRPC","blue"
"MTIF3","brown"
"RNF144A","blue"
"TRMT1","blue"
"CCDC72","grey"
"BAG3","blue"
"MAN2B1","green"
"NUDT1","turquoise"
"RPS15","blue"
"FAM82A2","turquoise"
"TYK2","green"
"CTSH","red"
"LOC100287887","blue"
"SHFM1","yellow"
"C7orf59","green"
"PWP2","blue"
"LOC647979","brown"
"KRT10","blue"
"RPS20","blue"
"MDP1","red"
"NDUFS3","blue"
"SLC5A3","yellow"
"ILKAP","blue"
"UXT","blue"
"RPL23","yellow"
"C1QBP","blue"
"CYTH3","yellow"
"IFI27L1","turquoise"
"OSGEP","blue"
"NPPA","turquoise"
"TMEM141","grey"
"COPS6","blue"
"ESRRA","green"
"POP7","turquoise"
"RRAS2","blue"
"RAPGEFL1","black"
"POLR2I","blue"
"NFKBIZ","brown"
"RPS27","blue"
"ITGAV","brown"
"C12orf62","blue"
"C6orf47","black"
"WDR35","yellow"
"C19orf53","blue"
"GOT1","blue"
"TXNDC17","red"
"C16orf58","blue"
"UBE2D2","brown"
"NOC2L","blue"
"CLEC18A","grey"
"C7orf47","brown"
"SPIN2A","blue"
"ALG5","yellow"
"NDUFA12","blue"
"PDAP1","blue"
"HSPG2","turquoise"
"COPS3","turquoise"
"SAMM50","blue"
"ECHS1","blue"
"C14orf1","blue"
"RNF5","turquoise"
"PARP12","grey"
"CD200","blue"
"COX17","red"
"TSPYL2","grey"
"LCN2","red"
"MUS81","red"
"WDR61","yellow"
"FHOD1","black"
"TIMM16","grey"
"MLF2","black"
"LZIC","brown"
"RPL12","blue"
"NDUFS5","grey"
"SNRPD2","blue"
"UQCR10","grey"
"RPL39","grey"
"CYB5R2","grey"
"PSMB6","red"
"PSMD4","grey"
"LOC100130932","brown"
"DCUN1D5","yellow"
"EVPLL","turquoise"
"BSCL2","grey"
"APCDD1","grey"
"ST13","turquoise"
"RPL23A","blue"
"RPS10","blue"
"IPPK","grey"
"IGF2BP2","turquoise"
"TOMM70A","blue"
"RPLP0","blue"
"KL","brown"
"RPS4X","blue"
"EPB41L2","blue"
"VAMP7","brown"
"C2orf28","blue"
"FNTB","grey"
"C7orf55","yellow"
"AFF1","brown"
"CDC23","yellow"
"RANBP9","brown"
"GNG5","red"
"UQCRFS1","brown"
"ABL1","blue"
"TWIST2","grey"
"PLEKHA5","blue"
"GADD45B","red"
"PFDN1","yellow"
"C17orf108","grey"
"UBE2E1","yellow"
"PRKACA","black"
"LOC644006","blue"
"TULP4","blue"
"SLC9A9","grey"
"C12orf35","brown"
"UTRN","yellow"
"RALYL","turquoise"
"C7orf62","turquoise"
"TERF2IP","turquoise"
"JUND","turquoise"
"HTATSF1","yellow"
"FAM103A1","brown"
"ANKRD46","turquoise"
"OAT","brown"
"CXADR","grey"
"GOLGA6L1","turquoise"
"APOA1","turquoise"
"HPRT1","brown"
"INPP5F","blue"
"TDG","brown"
"RPL35A","blue"
"IER2","green"
"KIAA0753","yellow"
"THRB","grey"
"COMMD5","grey"
"RGPD5","yellow"
"ANKRD49","brown"
"C1orf186","blue"
"KIAA1712","yellow"
"HMMR","grey"
"FPR1","black"
"TPT1","grey"
"CHCHD2","grey"
"NRM","black"
"PCBP1","grey"
"GZF1","brown"
"YARS","blue"
"RELL2","turquoise"
"EAF1","brown"
"HEBP1","turquoise"
"NDNL2","blue"
"PPM1H","grey"
"RACGAP1","yellow"
"LRRTM4","turquoise"
"ARHGAP10","turquoise"
"MAGEH1","blue"
"ZFP62","yellow"
"MAGEF1","yellow"
"ZNF175","blue"
"SDHD","brown"
"MEX3C","yellow"
"DDIT3","grey"
"CAPNS1","red"
"PM20D2","yellow"
"SLC20A1","yellow"
"DYNC1I2","yellow"
"HSD3B7","red"
"KIAA1468","brown"
"PSMD2","grey"
"KCTD9","brown"
"RPS16","blue"
"RIC8B","blue"
"LOC100132062","black"
"NDUFAF2","blue"
"PER2","brown"
"GATSL1","turquoise"
"C20orf69","black"
"LOC100133161","black"
"FDX1","yellow"
"RPL37A","blue"
"RORC","turquoise"
"HIST3H2A","turquoise"
"HERC2P4","grey"
"MRAS","grey"
"SPTAN1","blue"
"C19orf52","yellow"
"SGTA","grey"
"RNF20","yellow"
"TLR1","black"
"ZNF613","brown"
"TSPAN18","turquoise"
"RNF170","brown"
"LYSMD3","brown"
"FAM179B","yellow"
"ATP13A5","blue"
"OGFOD1","blue"
"TICAM2","brown"
"FAM116A","brown"
"GPX4","turquoise"
"C7orf52","turquoise"
"ZBTB41","yellow"
"C7orf28A","brown"
"TSHZ2","blue"
"CDCA7","grey"
"MPZ","red"
"NHLH1","turquoise"
"DNM3","grey"
"ZNF548","blue"
"ZNF274","yellow"
"CENPA","grey"
"ZNF449","yellow"
"ZRSR2","blue"
"ARMCX6","grey"
"ZNF264","yellow"
"C1GALT1","brown"
"FAM119A","yellow"
"NUDT15","yellow"
"BCS1L","blue"
"LQK1","grey"
"ERCC4","yellow"
"GAR1","blue"
"ZNF507","yellow"
"LIF","turquoise"
"ASS1","blue"
"ULK2","yellow"
"BLCAP","blue"
"CBARA1","red"
"KANK1","blue"
"RRAGA","brown"
"TBCA","brown"
"PSME2","blue"
"RPL10A","blue"
"C5orf25","yellow"
"MT1M","turquoise"
"PTPLB","yellow"
"LOC653479","blue"
"TM4SF1","turquoise"
"LOC100132658","blue"
"C17orf51","turquoise"
"RCAN3","blue"
"ZNF827","blue"
"NLN","grey"
"FAM163A","turquoise"
"PAFAH1B2","brown"
"C12orf39","grey"
"LOC138412","turquoise"
"MAN1A2","brown"
"LNX1","grey"
"ELK3","yellow"
"C6orf57","yellow"
"ABCB1","turquoise"
"ZNF134","yellow"
"SIK2","blue"
"ZNF703","blue"
"C14orf21","turquoise"
"UBXN10","grey"
"SNORD72","blue"
"HIST1H2AG","grey"
"ZNF710","green"
"IL1RL1","grey"
"KCNAB3","grey"
"HIST1H2BF","grey"
"KRTAP19-1","turquoise"
"LOC100288807","turquoise"
"TMEM38B","yellow"
"FAM168A","grey"
"GPR153","grey"
"NIPAL2","yellow"
"MAPK8","yellow"
"TXLNG","blue"
"MDN1","blue"
"GPR176","turquoise"
"BMP8B","turquoise"
"RBM43","yellow"
"CCR4","blue"
"KIAA1958","grey"
"C6orf25","turquoise"
"LCE3D","turquoise"
"ZNF284","blue"
"DEFB134","turquoise"
"OR2T34","turquoise"
"OR2T2","turquoise"
"SERINC5","turquoise"
"RRP1","turquoise"
"AKT3","blue"
"FAM114A1","grey"
"MPZL3","black"
"CASC5","grey"
"FMN1","brown"
"MAML2","blue"
"FCRL3","blue"
"GPR32","turquoise"
"PHKG1","turquoise"
"MOGAT2","turquoise"
"NHSL2","grey"
"KRTAP21-2","turquoise"
"BTN2A3","turquoise"
"HFE","yellow"
"EPPK1","grey"
"POLR3A","grey"
"DDI2","turquoise"
"ZNF836","blue"
"EYA3","yellow"
"ALKBH7","blue"
"TIMM8B","brown"
"THAP3","grey"
"IGLL5","grey"
"C9orf102","grey"
"HTRA3","grey"
"GDEP","turquoise"
"KIAA1704","yellow"
"TRA@","blue"
"IGKC","grey"
"DBF4B","grey"
"IGL@","grey"
"SNHG11","turquoise"
"LOC100128510","blue"
"MGC39584","turquoise"
"CYorf15A","grey"
"IGHM","blue"
"STARD13","grey"
"ZRSR1","grey"
"EXD3","turquoise"
"ZNF808","grey"
"C21orf67","turquoise"
"LOC100131541","blue"
"LOC440337","turquoise"
"LOC100128816","brown"
"ROPN1B","turquoise"
"LOC100128868","black"
"GALNT9","turquoise"
"IFT172","turquoise"
"DLX2","turquoise"
"WDR90","turquoise"
"GRIN2C","turquoise"
"LOC338797","turquoise"
"LOC440313","turquoise"
"HERC2P2","turquoise"
"IGHA1","grey"
"PRSS1","turquoise"
"LOC730098","turquoise"
"USP36","blue"
"WASH3P","turquoise"
"ZNF397OS","brown"
"RGP1","green"
"ANKRD42","grey"
"TDGF3","turquoise"
"CCDC75","blue"
"HES1","turquoise"
"HLA-H","turquoise"
"PI4KAP2","turquoise"
"SARS2","turquoise"
"GALNTL1","grey"
"HSF4","turquoise"
"LOC171220","red"
"EPS8L2","turquoise"
"LOC613206","turquoise"
"LY6D","turquoise"
"LOC100288346","turquoise"
"SHROOM3","turquoise"
"LMCD1","turquoise"
"FBXW4P1","turquoise"
"C1orf217","black"
"TEKT4","turquoise"
"DHX57","blue"
"LOC100289314","turquoise"
"ZNF668","turquoise"
"RABL5","turquoise"
"JPH3","turquoise"
"FSD1","turquoise"
"OBSL1","turquoise"
"C3orf52","turquoise"
"DENND2A","grey"
"HRNBP3","turquoise"
"POM121L9P","turquoise"
"DLL1","turquoise"
"DMKN","turquoise"
"FN3K","turquoise"
"LOC100287036","turquoise"
"C21orf58","turquoise"
"CDKL3","brown"
"FAM185A","turquoise"
"LRCH3","grey"
"PLEKHM1P","green"
"BMP1","turquoise"
"NBPF1","blue"
"C9orf9","grey"
"PLA2G6","turquoise"
"L3MBTL4","turquoise"
"CKMT1B","turquoise"
"SDHAP2","turquoise"
"SPDYE2","blue"
"TALDO1","green"
"CAPN10","grey"
"ZNF396","brown"
"C5orf45","grey"
"DNALI1","grey"
"EFCAB4A","turquoise"
"MTMR9L","turquoise"
"LRRC37A4","grey"
"CTU2","red"
"TSPAN16","turquoise"
"CDK11B","grey"
"LOC100289409","turquoise"
"CELF4","turquoise"
"LOC100131234","grey"
"CREB3L4","turquoise"
"CCDC144C","turquoise"
"HIST2H2BF","turquoise"
"IL23A","blue"
"IGHG3","grey"
"TRPV5","turquoise"
"CYP2F1","turquoise"
"LOC440248","turquoise"
"C20orf96","turquoise"
"HDGFL1","turquoise"
"DNM1","turquoise"
"CD1E","turquoise"
"FLJ44653","turquoise"
"CDH22","turquoise"
"TTC16","turquoise"
"NPCDR1","blue"
"C9orf62","turquoise"
"C3orf31","blue"
"LOC100293342","turquoise"
"HMGA2","turquoise"
"TCTE1","turquoise"
"SIRT6","turquoise"
"HSP90AA4P","yellow"
"CD300LG","turquoise"
"PCOLCE","turquoise"
"TTC21A","turquoise"
"C19orf45","turquoise"
"LOC654780","turquoise"
"LOC100289574","turquoise"
"LOC728417","black"
"ROCK1P1","brown"
"LOC100130916","turquoise"
"CYP4F8","turquoise"
"TRBC1","blue"
"NCRNA00114","turquoise"
"GRAMD1B","grey"
"PTCHD1","turquoise"
"CDK15","turquoise"
"FLJ40448","turquoise"
"GLP2R","turquoise"
"ZFYVE28","turquoise"
"LOC100133299","blue"
"BTNL9","turquoise"
"MAPK11","turquoise"
"SLC25A42","turquoise"
"ATP10A","turquoise"
"ZNF718","grey"
"LOC100132686","grey"
"TF","turquoise"
"GOLGA6L7P","turquoise"
"SLC36A2","turquoise"
"AKR1E2","turquoise"
"C4BPB","turquoise"
"ACBD7","turquoise"
"C9orf3","grey"
"TRD@","blue"
"HCN3","turquoise"
"MTAP","grey"
"SPRY4","grey"
"VPRBP","blue"
"VEPH1","grey"
"GBP7","grey"
"RSPH10B2","brown"
"WDR31","turquoise"
"CASS4","green"
"CALML3","turquoise"
"LAMB4","turquoise"
"POLQ","grey"
"SLC35A3","blue"
"CBWD2","yellow"
"ZNF658","grey"
"ANKRD20A5","grey"
"CGB7","turquoise"
"ZNF248","turquoise"
"CADM1","grey"
"LOC100286925","turquoise"
"LOC100129110","turquoise"
"WASH7P","turquoise"
"CHRNA3","turquoise"
"LOC100288114","grey"
"C6orf54","turquoise"
"FGFR4","turquoise"
"IL31RA","grey"
"DHRS4L2","blue"
"PAH","turquoise"
"LOC642846","turquoise"
"LOC100290676","turquoise"
"SPATA21","turquoise"
"DIO3OS","turquoise"
"KRT17","turquoise"
"LOC100288418","blue"
"LOC100129831","black"
"WDR34","turquoise"
"FGFR2","turquoise"
"TRBV9","blue"
"AAA1","grey"
"DEFT1P","grey"
"ZNF578","turquoise"
"PEX26","turquoise"
"FCN2","turquoise"
"TTTY6B","turquoise"
"SYT8","turquoise"
"IGK@","grey"
"THPO","turquoise"
"SHBG","turquoise"
"PGM3","blue"
"RQCD1","blue"
"SIGIRR","blue"
"PRICKLE3","black"
"KRT14P","turquoise"
"NSUN5P2","blue"
"GABARAP","turquoise"
"IGLV8-61","turquoise"
"IGLJ3","grey"
"CTCFL","grey"
"TRAJ17","turquoise"
"IKZF5","brown"
"FLJ35220","grey"
"LOC100128751","green"
"PS1TP4","brown"
"NFATC2","blue"
"FER","blue"
"ZNF316","grey"
"DKFZP586I1420","green"
"LOC642852","yellow"
"CYP3A7","turquoise"
"LOC286052","brown"
"ZKSCAN5","grey"
"ANKRD36B","red"
"MBL1P","turquoise"
"KBTBD3","blue"
"C20orf29","blue"
"LOC100128003","turquoise"
"PLCB3","turquoise"
"C18orf49","grey"
"PIF1","grey"
"FKSG43","green"
"ZNF93","grey"
"N4BP3","turquoise"
"SNX12","red"
"SLC30A6","yellow"
"TMPO","yellow"
"ATF2","brown"
"RGNEF","turquoise"
"HS3ST3B1","brown"
"C14orf118","green"
"WNT11","turquoise"
"APOC1","turquoise"
"DPP6","turquoise"
"CA6","blue"
"SNHG9","grey"
"MBIP","blue"
"C6orf134","blue"
"VILL","turquoise"
"MCM3APAS","blue"
"LOC728613","blue"
"SNORA28","green"
"SNORA78","turquoise"
"SNORA59A","turquoise"
"SNORA76","turquoise"
"SNORA77","black"
"SNORA37","black"
"MAGED4","turquoise"
"SNORD8","turquoise"
"SNORA71C","turquoise"
"LILRP2","turquoise"
"SCARNA20","grey"
"XPNPEP3","blue"
"ST6GALNAC1","turquoise"
"C8orf42","turquoise"
"FAM124A","grey"
