"dataset","sample_id","group","S100A8","independent_score","antigen_score","monocyte_core_score","combined_score"
"GSE65682","GSM1602801","Sepsis",12.94401909,1.19029227764405,1.23336042009315,1.13021312526415,-0.0430681424491
"GSE65682","GSM1602802","Sepsis",13.02704212,1.2483662172252,1.14560980768493,1.08871485015138,0.102756409540266
"GSE65682","GSM1602803","Sepsis",13.27398919,1.26471839877497,1.03297706093572,1.19092413963016,0.231741337839245
"GSE65682","GSM1602804","Sepsis",12.89902889,1.1515739979162,1.27673224693203,1.14727890253357,-0.125158249015831
"GSE65682","GSM1602805","Sepsis",12.83040092,1.24352641413178,0.94652408589433,1.08850672841777,0.297002328237445
"GSE65682","GSM1602806","Sepsis",12.56977157,1.17893048699503,1.13378686304006,1.11890121119887,0.0451436239549716
"GSE65682","GSM1602807","Healthy",10.0931317,1.03276990288299,1.28999480160697,1.06864435073736,-0.257224898723982
"GSE65682","GSM1602808","Sepsis",12.91862063,1.06747165450704,1.20725496614717,1.04397043528006,-0.139783311640129
"GSE65682","GSM1602809","Healthy",11.62882946,0.923418166610703,1.31963917588198,1.0060977217281,-0.396221009271275
"GSE65682","GSM1602810","Sepsis",13.0766374,1.11364093108844,1.20579707075413,1.15083823381271,-0.092156139665694
"GSE65682","GSM1602811","Sepsis",13.06815973,1.27891678224008,1.04450173272464,1.09412615501317,0.234415049515433
"GSE65682","GSM1602812","Sepsis",13.06562726,1.23523941287561,1.09439334418895,1.01945208391475,0.140846068686665
"GSE65682","GSM1602813","Sepsis",12.97722476,1.16900559833727,1.16006784055911,1.12046085525829,0.00893775777815864
"GSE65682","GSM1602814","Sepsis",12.89562308,1.17127021638237,1.23826675626003,1.14053285745781,-0.0669965398776622
"GSE65682","GSM1602815","Sepsis",12.93101502,1.26070313237759,0.939569442873395,1.09366334834239,0.321133689504191
"GSE65682","GSM1602816","Sepsis",12.77785843,1.19774293286696,1.20051866917065,1.16961522369826,-0.00277573630368333
"GSE65682","GSM1602817","Sepsis",13.0355766,1.20957279163062,1.19667080874275,1.02931279080428,0.0129019828878689
"GSE65682","GSM1602818","Sepsis",13.26086955,1.23251629519607,0.98161033658046,1.03243591837036,0.250905958615614
"GSE65682","GSM1602819","Sepsis",13.38889001,1.28758882347499,1.00404536338518,1.0859311920775,0.283543460089811
"GSE65682","GSM1602820","Sepsis",12.68059221,1.17556378009038,1.20458016823894,1.17619591202258,-0.0290163881485559
"GSE65682","GSM1602821","Sepsis",13.12072127,1.28372294623998,1.04565082374148,1.14000889294621,0.2380721224985
"GSE65682","GSM1602822","Sepsis",12.76470049,1.1683994859906,1.2501740831885,0.977984396668859,-0.081774597197898
"GSE65682","GSM1602823","Sepsis",12.42635844,1.22110948626847,1.06888162067048,1.19252284766913,0.152227865597993
"GSE65682","GSM1602824","Sepsis",12.86601817,1.16970587016846,1.1446467618138,1.01591668721471,0.0250591083546559
"GSE65682","GSM1602825","Sepsis",12.74981905,1.20479457758347,1.21555168015488,1.10459135784663,-0.0107571025714166
"GSE65682","GSM1602826","Sepsis",13.08325643,1.28812006705894,1.05846120902867,1.13073931244258,0.229658858030265
"GSE65682","GSM1602827","Sepsis",12.71900469,1.14522632151098,1.18817585783114,1.19176769172272,-0.0429495363201595
"GSE65682","GSM1602828","Sepsis",12.2159005,1.11234291655986,1.26537201284045,1.16147549497199,-0.153029096280593
"GSE65682","GSM1602829","Sepsis",13.31587565,1.28476573282201,0.869238952586452,1.10495408864136,0.415526780235558
"GSE65682","GSM1602830","Sepsis",13.20452817,1.25765574366058,1.11479463965757,1.1637531154303,0.142861104003013
"GSE65682","GSM1602831","Sepsis",13.08051475,1.28162289340927,1.13722204082904,1.17340811420202,0.144400852580232
"GSE65682","GSM1602832","Sepsis",12.88849909,1.16493510786965,1.24190537593236,1.07243475238982,-0.0769702680627073
"GSE65682","GSM1602833","Sepsis",12.71564531,1.17271199351404,0.876499029576219,1.10849212945277,0.296212963937822
"GSE65682","GSM1602834","Sepsis",12.85866828,1.27424863720783,1.07559951372027,1.13734836006677,0.198649123487553
"GSE65682","GSM1602835","Sepsis",12.42850038,1.11453074297905,1.24054268973027,1.0870387774096,-0.126011946751213
"GSE65682","GSM1602836","Sepsis",12.91605223,1.09483402858922,1.2241787595895,1.12374492530167,-0.12934473100028
"GSE65682","GSM1602837","Sepsis",13.0842983,1.24209837439507,1.18204730939958,1.18063621586877,0.0600510649954829
"GSE65682","GSM1602838","Sepsis",13.10317901,1.17008250235048,1.19227806146546,1.13014342854732,-0.0221955591149763
"GSE65682","GSM1602839","Sepsis",13.34771531,1.25269658338764,1.0532873666485,1.15072728648204,0.199409216739141
"GSE65682","GSM1602840","Sepsis",13.21957334,1.24437160266044,1.11955084167834,1.04067516261733,0.124820760982105
"GSE65682","GSM1602841","Sepsis",13.1042095,1.18847789100854,1.12594244343227,1.07365140754625,0.0625354475762667
"GSE65682","GSM1602842","Sepsis",13.25006162,1.26753770035556,0.952281661803554,1.13052273946167,0.315256038552002
"GSE65682","GSM1602843","Sepsis",12.14651404,1.13259073501863,1.179979221122,1.08619614201567,-0.047388486103372
"GSE65682","GSM1602844","Sepsis",13.4327483,1.2751710732622,0.330258200671558,1.08780358975175,0.944912872590639
"GSE65682","GSM1602845","Sepsis",13.18454825,1.26796113020335,1.02392165976434,1.14558626398136,0.244039470439017
"GSE65682","GSM1602846","Sepsis",12.91255242,1.15197429689106,1.19776361286831,1.18548816940829,-0.0457893159772544
"GSE65682","GSM1602847","Sepsis",12.94460273,1.23248014347629,1.21094714885109,1.13135378341179,0.0215329946252019
"GSE65682","GSM1602848","Sepsis",12.44668598,1.15870723555738,0.998012825192241,1.07630108275466,0.160694410365137
"GSE65682","GSM1602849","Sepsis",12.56919889,1.21283628837769,1.18041239613824,1.14894827014137,0.0324238922394524
"GSE65682","GSM1602850","Sepsis",12.76157394,1.28059375411999,1.12590625679983,1.19460448873627,0.154687497320156
"GSE65682","GSM1602851","Sepsis",12.85899139,1.19167553178594,1.13435247445453,1.20385564803203,0.0573230573314156
"GSE65682","GSM1602852","Sepsis",12.96844537,1.21249247929997,1.20124576966297,1.05788790627848,0.0112467096370046
"GSE65682","GSM1602853","Sepsis",12.84503489,1.23380777685171,1.14658484815204,1.12767050689228,0.0872229286996706
"GSE65682","GSM1602854","Sepsis",12.945061,1.23798553264321,1.13187827828521,1.03741144344711,0.106107254358001
"GSE65682","GSM1602855","Sepsis",13.2306851,1.23909922895682,1.13259139784683,1.10687580487653,0.10650783110999
"GSE65682","GSM1602856","Sepsis",11.85841915,1.18131415908159,1.10570070489032,1.15175842500385,0.0756134541912661
"GSE65682","GSM1602857","Sepsis",11.61937363,1.08520708127197,1.04349591010823,1.07685677076644,0.041711171163741
"GSE65682","GSM1602858","Sepsis",13.21017683,1.27945713818769,0.89316628894705,1.14098118156239,0.386290849240637
"GSE65682","GSM1602859","Sepsis",12.70798262,1.24373547171251,1.11558694479497,1.0724606422429,0.128148526917535
"GSE65682","GSM1602860","Sepsis",12.9481658,1.22791043511312,1.12956000180633,1.11004960763842,0.0983504333067928
"GSE65682","GSM1602861","Sepsis",13.23189536,1.2628614161869,1.01301347114721,1.14581932106321,0.249847945039683
"GSE65682","GSM1602862","Healthy",10.18345886,0.89249293709147,1.30552375704691,1.03714003607733,-0.413030819955444
"GSE65682","GSM1602863","Sepsis",13.07862675,1.27816928967829,1.22269020188921,1.16348775172452,0.0554790877890758
"GSE65682","GSM1602864","Healthy",10.37289118,0.88086441887126,1.31654070338692,1.00441900379878,-0.435676284515663
"GSE65682","GSM1602865","Sepsis",13.15371255,1.236631331845,1.1043416695852,1.09157826619345,0.132289662259799
"GSE65682","GSM1602866","Sepsis",13.16766887,1.13586276512315,1.20941224284273,1.12552583313834,-0.0735494777195813
"GSE65682","GSM1602867","Sepsis",12.59722862,1.13123106712927,1.17039679258948,1.06419332855503,-0.0391657254602082
"GSE65682","GSM1602868","Sepsis",13.21279686,1.22181317716034,1.0746689393296,1.06422639587397,0.147144237830743
"GSE65682","GSM1602869","Sepsis",13.08744687,1.27498384793656,0.747399253353533,1.11175100853348,0.527584594583023
"GSE65682","GSM1602870","Healthy",10.58631514,0.914865412030653,1.33025820067156,1.06893224346124,-0.415392788640906
"GSE65682","GSM1602871","Healthy",11.77713358,0.975395772770666,1.29477520522495,1.04718202642424,-0.31937943245428
"GSE65682","GSM1602872","Healthy",11.49026563,0.98379934151359,1.31914257051642,1.0316131347296,-0.33534322900283
"GSE65682","GSM1602873","Sepsis",13.01077578,1.2349464565069,1.15410354102052,1.09904317892997,0.0808429154863768
"GSE65682","GSM1602874","Healthy",11.06355068,0.982197027046255,1.31525149641731,1.03461469785431,-0.333054469371051
"GSE65682","GSM1602875","Healthy",10.81040365,0.941529789288153,1.28781377197278,0.97840277599441,-0.346283982684629
"GSE65682","GSM1602876","Healthy",11.19316792,0.977732446992994,1.32180730924795,1.0671740504514,-0.34407486225496
"GSE65682","GSM1602877","Sepsis",12.62080087,1.20187730919728,1.2766803012625,1.04272096755092,-0.074802992065218
"GSE65682","GSM1602878","Sepsis",12.94968087,1.21242124301539,1.07821312303115,1.08877606906712,0.134208119984243
"GSE65682","GSM1602879","Sepsis",12.86367864,1.25085731643787,1.14485155307358,1.15964616051607,0.106005763364291
"GSE65682","GSM1602880","Sepsis",13.11229877,1.17082864423785,1.10323137706388,1.13980992490403,0.0675972671739731
"GSE65682","GSM1602881","Sepsis",12.89918578,1.16807522407157,1.1284904751575,1.11054715004742,0.0395847489140759
"GSE65682","GSM1602882","Sepsis",13.02403094,1.2496213672537,1.10755286922463,1.125146318493,0.142068498029068
"GSE65682","GSM1602883","Sepsis",13.21804067,1.28340380118157,0.656949421140553,1.09496874855867,0.626454380041018
"GSE65682","GSM1602884","Healthy",11.06206882,0.940573213281603,1.29098718034538,1.00290970504821,-0.350413967063777
"GSE65682","GSM1602885","Sepsis",13.39153121,1.28872087652083,0.695520863833055,1.1168444463349,0.593200012687776
"GSE65682","GSM1602886","Sepsis",12.60855837,1.15133288705256,1.16409380049633,1.12411911257843,-0.0127609134437701
"GSE65682","GSM1602887","Sepsis",12.44860179,1.10568950417297,1.20516083639526,1.10487508900218,-0.0994713322222898
"GSE65682","GSM1602888","Sepsis",12.65069807,1.16479923169166,1.20431453689485,1.13159778737322,-0.0395153052031858
"GSE65682","GSM1602889","Sepsis",13.26813684,1.27417644402066,1.11485819309746,1.12225222322208,0.159318250923197
"GSE65682","GSM1602890","Sepsis",13.30283092,1.2720065470442,0.867883999240487,1.11860980749471,0.404122547803715
"GSE65682","GSM1602891","Healthy",10.82068746,0.978811820189176,1.2887117158343,1.05037052500361,-0.309899895645127
"GSE65682","GSM1602892","Healthy",11.92487393,0.967336841518588,1.30552033684026,1.07705029936073,-0.338183495321671
"GSE65682","GSM1602893","Healthy",11.66657073,1.02823453220618,1.29463998710882,1.1007895461237,-0.266405454902648
"GSE65682","GSM1602894","Healthy",10.47469604,0.924981682152891,1.30851949047541,1.0019071105128,-0.383537808322515
"GSE65682","GSM1602895","Healthy",11.4108261,0.966747568101985,1.32675038766908,1.06216252077525,-0.360002819567096
"GSE65682","GSM1602896","Healthy",10.455185,0.878514477894688,1.32542157245139,1.04669926230521,-0.4469070945567
"GSE65682","GSM1602897","Healthy",10.43202309,0.917203903481789,1.28332222194283,0.967904926547981,-0.366118318461037
"GSE65682","GSM1602898","Healthy",11.18032023,1.00791229724217,1.31582874845757,1.06888496115863,-0.307916451215402
"GSE65682","GSM1602899","Healthy",11.63740667,1.00009905409594,1.28481262971179,1.05937286657202,-0.284713575615843
"GSE65682","GSM1602900","Healthy",11.35338196,0.930699336916111,1.28716550290892,1.02211847206816,-0.35646616599281
"GSE65682","GSM1602901","Healthy",10.40515466,0.916449033276464,1.28473314334443,1.04684423851616,-0.368284110067962
"GSE65682","GSM1602902","Sepsis",13.26638116,1.28647758150661,0.633665411686996,1.08531450437736,0.652812169819617
"GSE65682","GSM1602903","Sepsis",12.78619827,1.20666330334954,1.11343768812801,1.06241906717826,0.0932256152215245
"GSE65682","GSM1602904","Sepsis",12.95183031,1.1723777028648,1.25539665134315,1.1544155926441,-0.0830189484783543
"GSE65682","GSM1602905","Sepsis",12.61262611,1.12460022686986,1.27940903595503,1.105584172142,-0.154808809085175
"GSE65682","GSM1602906","Sepsis",12.73959847,1.18563187089411,1.02354980629856,1.09728837279716,0.162082064595543
"GSE65682","GSM1602907","Sepsis",12.34463411,1.11114220439471,1.24090273789997,1.13794212570731,-0.129760533505257
"GSE65682","GSM1602908","Sepsis",13.14834672,1.21818379416285,0.997145476016615,1.02359433703785,0.221038318146231
"GSE65682","GSM1602909","Healthy",10.32253329,0.901834487341192,1.31958336807528,1.05040962388221,-0.417748880734084
"GSE65682","GSM1602910","Healthy",10.73280694,0.927982275276223,1.30880817599473,1.11840981602059,-0.380825900718506
"GSE65682","GSM1602911","Healthy",11.22695126,1.04250553339558,1.3170753421156,1.09646914146761,-0.274569808720023
"GSE65682","GSM1602912","Sepsis",12.86559486,1.17863814671064,1.14338895832979,1.11954617946004,0.0352491883808497
"GSE65682","GSM1602913","Healthy",10.80613065,0.889910159274652,1.32221297720251,1.05119749278794,-0.43230281792786
"GSE65682","GSM1602914","Healthy",10.54185232,0.946274723346043,1.30160944584801,1.10828419031345,-0.355334722501967
"GSE65682","GSM1602915","Healthy",10.72971178,0.934266931365966,1.30374939618574,1.07727288367057,-0.369482464819777
"GSE65682","GSM1602916","Healthy",10.2710467,0.934839572842301,1.30856923897816,1.03505731169296,-0.373729666135858
"GSE65682","GSM1602917","Healthy",11.96515385,1.06244088231719,1.21260327665101,1.09941640425574,-0.150162394333819
"GSE65682","GSM1602918","Sepsis",12.51255437,1.08719220693077,1.25292483967086,1.16507696442547,-0.165732632740089
"GSE65682","GSM1602919","Sepsis",13.11321149,1.20560270726307,1.15573026777045,1.05102042140037,0.0498724394926158
"GSE65682","GSM1602920","Healthy",11.31896658,0.980083104791856,1.30072121044475,1.08306536690125,-0.32063810565289
"GSE65682","GSM1602921","Sepsis",12.62879501,1.18895826221742,1.14288703336387,1.08408738035296,0.0460712288535499
"GSE65682","GSM1602922","Sepsis",13.11601651,1.2417344677191,0.891212644409703,1.02647410712084,0.350521823309394
"GSE65682","GSM1602923","Sepsis",13.42945454,1.23811604842067,0.886008719874907,1.04125433624607,0.352107328545767
"GSE65682","GSM1602924","Sepsis",13.36787923,1.26599033485493,0.941939334157881,1.11518888827069,0.32405100069705
"GSE65682","GSM1602925","Sepsis",13.19513388,1.24833820540011,0.834251816920317,1.0818566926563,0.414086388479789
"GSE65682","GSM1602926","Sepsis",12.94496943,1.04346104637215,1.16867407421734,0.999656136632882,-0.125213027845185
"GSE65682","GSM1602927","Sepsis",13.17733026,1.27356931827586,0.885839090818809,1.10315050871263,0.387730227457047
"GSE65682","GSM1602928","Sepsis",13.23244393,1.27570134848483,1.02944195814004,1.09070886725573,0.246259390344788
"GSE65682","GSM1602929","Sepsis",12.92239828,1.27787787886109,0.805370826125901,1.10966218593016,0.47250705273519
"GSE65682","GSM1602930","Sepsis",12.40590781,1.16489391136162,1.22520209584342,1.11296781036238,-0.0603081844817976
"GSE65682","GSM1602931","Sepsis",12.94045134,1.12927889110353,1.21128392494325,1.11564784076165,-0.0820050338397207
"GSE65682","GSM1602932","Sepsis",13.32095781,1.26902899742373,0.639054745879838,1.02594480557952,0.629974251543892
"GSE65682","GSM1602933","Sepsis",13.15446484,1.23293889110833,0.987699600303538,1.11380379121374,0.245239290804793
"GSE65682","GSM1602934","Sepsis",13.22610661,1.2597993517051,1.09708352988635,1.11531658275219,0.162715821818747
"GSE65682","GSM1602935","Sepsis",12.63406514,1.15261355774183,1.09342008224508,1.07527114778993,0.0591934754967445
"GSE65682","GSM1602936","Sepsis",13.31072596,1.26020143634095,1.17887653558769,1.1149827542612,0.0813249007532677
"GSE65682","GSM1602937","Sepsis",12.65607889,1.17613451838538,1.09906155097134,1.0634373114029,0.0770729674140453
"GSE65682","GSM1602938","Sepsis",13.00630769,1.24380271099797,1.05035558625953,1.10824409099849,0.193447124738445
"GSE65682","GSM1602939","Sepsis",12.58483053,1.19480927232635,1.23336194108755,1.15725825870751,-0.0385526687612003
"GSE65682","GSM1602940","Sepsis",13.01780089,1.22207445475331,0.870598871600368,1.07633838472855,0.351475583152946
"GSE65682","GSM1602941","Sepsis",12.30386645,1.11195173233451,1.25726622900396,1.09769838328941,-0.145314496669457
"GSE65682","GSM1602942","Sepsis",13.25036341,1.25217444381085,0.904510333240232,1.15847678718283,0.347664110570617
"GSE65682","GSM1602943","Sepsis",12.77226786,1.12173327210397,1.25301387775753,1.09168200539182,-0.13128060565356
"GSE65682","GSM1602944","Sepsis",12.46178985,1.1459299755042,1.22229557486782,1.17362131870149,-0.0763655993636214
"GSE65682","GSM1602945","Sepsis",12.82741572,1.165263369728,1.17429336295875,1.09884694837092,-0.00902999323075382
"GSE65682","GSM1602946","Sepsis",13.42962971,1.25406580704925,1.07911273894635,1.09998040892055,0.174953068102893
"GSE65682","GSM1602947","Sepsis",13.36808464,1.25904377815105,1.14919393166149,1.08372723035959,0.109849846489552
"GSE65682","GSM1602948","Healthy",12.00886032,0.886126335639774,1.28904039316511,1.00652512543624,-0.402914057525331
"GSE65682","GSM1602949","Sepsis",12.87993545,1.1699239534084,1.24961727964345,1.16576877490874,-0.0796933262350414
"GSE65682","GSM1602950","Sepsis",12.311204,1.13223488380981,1.27015537626454,1.13747503338009,-0.137920492454729
"GSE65682","GSM1602951","Sepsis",13.25766305,1.24976510523785,1.04314502862809,1.12637976427818,0.206620076609767
"GSE65682","GSM1602952","Sepsis",12.91721561,1.12125874688059,1.23868030247151,1.08997587491257,-0.117421555590915
"GSE65682","GSM1602953","Sepsis",12.93114648,1.17424233524794,1.0902001006825,0.974469405979474,0.0840422345654337
"GSE65682","GSM1602954","Healthy",11.2245834,0.987460985720364,1.30540736075499,1.036609496029,-0.317946375034625
"GSE65682","GSM1602955","Sepsis",12.51075056,1.17899495977439,1.21708209958376,1.11439726679712,-0.0380871398093749
"GSE65682","GSM1602956","Healthy",11.02787229,0.928885428653185,1.32112771535774,1.04776416552368,-0.392242286704559
"GSE65682","GSM1602957","Healthy",11.36170643,0.993699492476155,1.30207977502301,1.05411977564213,-0.308380282546859
"GSE65682","GSM1602958","Sepsis",13.18452388,1.24863404740318,1.08550633384851,1.03674996120958,0.163127713554679
"GSE65682","GSM1602959","Sepsis",12.80215413,1.09842568401193,1.23841109320372,1.11142522633081,-0.139985409191796
"GSE65682","GSM1602960","Healthy",11.20898249,0.952271560560074,1.30137515926014,1.01849330083714,-0.349103598700063
"GSE65682","GSM1602961","Healthy",10.86665488,0.932289933715593,1.29317649326044,1.02696657796648,-0.360886559544848
"GSE65682","GSM1602962","Healthy",10.7309928,0.897362898500902,1.32021286610871,1.049223346413,-0.422849967607808
"GSE65682","GSM1602963","Healthy",11.0562146,0.896106462016486,1.29374488543756,0.991313494370386,-0.397638423421071
"GSE65682","GSM1602964","Healthy",11.21409676,1.00490130914351,1.27776522334862,1.0433615808725,-0.272863914205109
"GSE65682","GSM1602965","Sepsis",12.84983318,1.0680574020981,1.26305826408152,1.06797061997603,-0.195000861983425
"GSE65682","GSM1602966","Healthy",11.9827349,1.04534540535408,1.29836855271864,1.05335076012952,-0.25302314736456
"GSE65682","GSM1602967","Sepsis",11.3557778,1.06343637977998,1.2078413581201,1.02210050191749,-0.144404978340123
"GSE65682","GSM1602968","Sepsis",13.15254296,1.15561607473203,1.24711478473809,1.00097146406222,-0.0914987100060531
"GSE65682","GSM1602969","Healthy",10.35426087,0.882290927086353,1.27395917818358,1.0238234855752,-0.39166825109723
"GSE65682","GSM1602970","Sepsis",12.40648193,1.19132635112829,1.11955359026475,1.09883186601789,0.0717727608635481
"GSE65682","GSM1602971","Sepsis",12.77652921,1.10158256022489,1.25848227499864,1.12116496697107,-0.156899714773751
"GSE65682","GSM1602972","Sepsis",12.64944844,1.15533064315416,1.15015108980689,1.11007748148124,0.00517955334727116
"GSE65682","GSM1602973","Sepsis",12.080136,0.837795060898554,1.17065141265404,0.967749426505909,-0.332856351755481
"GSE65682","GSM1602974","Sepsis",12.95166752,1.2220584032109,1.01728776698873,1.02499013327655,0.204770636222172
"GSE65682","GSM1602975","Sepsis",13.01820011,1.26032489588451,1.10056881935278,1.1258641526664,0.159756076531731
"GSE65682","GSM1602976","Sepsis",13.1321535,1.27206577599262,0.873459542462687,1.08412053459722,0.398606233529934
"GSE65682","GSM1691861","Sepsis",13.22147787,1.27054786485475,0.931293519350024,1.07105604870149,0.339254345504729
"GSE65682","GSM1691862","Sepsis",12.79445571,1.22834544943798,1.23964510171238,1.10726597378068,-0.0112996522744018
"GSE65682","GSM1691863","Sepsis",12.93576549,1.26276761477339,1.0190066226304,1.12871114340274,0.243760992142985
"GSE65682","GSM1691864","Sepsis",12.82496325,1.19793209817586,1.11957031549091,1.17196277576667,0.0783617826849485
"GSE65682","GSM1691865","Sepsis",13.12381258,1.27918452669448,0.813404428291896,1.07865228456767,0.465780098402583
"GSE65682","GSM1691866","Sepsis",12.79194928,1.24759840786359,1.13317163191227,1.17211894043657,0.114426775951321
"GSE65682","GSM1691867","Sepsis",12.88060792,1.12287478557771,1.09387048206777,1.10638683834011,0.0290043035099401
"GSE65682","GSM1691868","Sepsis",12.74568537,1.14100718476433,1.15020782187727,1.06159610620147,-0.00920063711294095
"GSE65682","GSM1691869","Sepsis",12.47168722,1.10830026137914,1.20853578965151,1.0924853569339,-0.100235528272366
"GSE65682","GSM1691870","Sepsis",12.69665455,1.13482560759632,1.15432188655324,1.1174324267031,-0.0194962789569171
"GSE65682","GSM1691871","Sepsis",13.06677351,1.28903651107506,0.676900559019432,1.13274546838732,0.612135952055624
"GSE65682","GSM1691873","Sepsis",13.0616991,1.18904520536525,1.22689457967853,1.15634909159854,-0.0378493743132799
"GSE65682","GSM1691874","Sepsis",12.44796083,1.19516403967903,1.11431561686125,1.02964665062135,0.0808484228177864
"GSE65682","GSM1691875","Sepsis",13.0435275,1.17917803258678,1.1658475602932,1.07343727626516,0.0133304722935743
"GSE65682","GSM1691876","Sepsis",12.9000184,1.20502000994989,1.14727150007285,1.13187629674902,0.0577485098770447
"GSE65682","GSM1691877","Sepsis",13.03393607,1.27677276015425,0.812213573473444,1.07859034104651,0.464559186680803
"GSE65682","GSM1691878","Sepsis",12.50820565,1.20061512977839,1.19725858277712,1.1665908616987,0.00335654700127552
"GSE65682","GSM1691879","Sepsis",12.60319137,1.11532286449915,1.17961506911626,1.11765967310305,-0.0642922046171039
"GSE65682","GSM1691880","Sepsis",12.79791974,1.19802200972651,1.03952294876125,1.09058204441958,0.158499060965262
"GSE65682","GSM1691881","Sepsis",12.85111596,1.15863026033902,1.2441042415241,1.14327773661286,-0.0854739811850771
"GSE65682","GSM1691882","Sepsis",13.18447196,1.28384841124172,0.780281005004121,1.02416361076338,0.503567406237597
"GSE65682","GSM1691883","Sepsis",12.50588363,1.09731466043649,1.22036367052561,1.13777431771935,-0.123049010089119
"GSE65682","GSM1691884","Sepsis",12.51523087,1.22158102287227,1.16122813682116,1.1245762238658,0.0603528860511093
"GSE65682","GSM1691885","Sepsis",13.10158872,1.21444915207308,1.12529670265814,1.18371141768595,0.0891524494149443
"GSE65682","GSM1691886","Sepsis",13.01457896,1.1959255921783,1.20627586897371,1.12987519145036,-0.0103502767954089
"GSE65682","GSM1691887","Sepsis",12.51996451,1.20789091539408,1.10549454278072,1.13539371476663,0.102396372613355
"GSE65682","GSM1691888","Sepsis",12.84766837,1.22131610467155,1.08668375495685,1.08222017503678,0.134632349714694
"GSE65682","GSM1691889","Sepsis",13.04587243,1.19348587296739,1.16634449051832,1.1544585732206,0.0271413824490732
"GSE65682","GSM1691890","Sepsis",13.0076138,1.15262083530089,1.21070011713537,1.10132054237644,-0.0580792818344853
"GSE65682","GSM1691891","Sepsis",12.61186318,1.20873744177352,1.13050997884433,1.11601775927218,0.0782274629291901
"GSE65682","GSM1691892","Sepsis",12.83337852,1.18478364451838,1.13751724010317,1.09371129923052,0.0472664044152076
"GSE65682","GSM1691893","Sepsis",11.63708217,1.08903873441405,1.15275648394596,1.06887147229552,-0.063717749531905
"GSE65682","GSM1691894","Sepsis",12.30637116,1.19881569325415,1.24758305496328,1.1330997985668,-0.0487673617091253
"GSE65682","GSM1691895","Sepsis",12.89172881,1.23352100551463,1.16140278728783,1.16340022949827,0.0721182182267943
"GSE65682","GSM1691896","Sepsis",12.94246208,1.24323471439826,1.16587276549845,1.15433914293955,0.0773619488998074
"GSE65682","GSM1691897","Sepsis",12.91121168,1.20244255004162,1.05711381820004,1.18861036814718,0.145328731841581
"GSE65682","GSM1691898","Sepsis",13.08364226,1.26137885494902,1.06348658958792,1.08718565518589,0.197892265361097
"GSE65682","GSM1691899","Sepsis",12.38080238,1.0578653679521,1.29426044983674,1.11461043151013,-0.236395081884635
"GSE65682","GSM1691900","Sepsis",12.97674502,1.2000289064187,1.18352234125101,1.12205783337068,0.0165065651676832
"GSE65682","GSM1691901","Sepsis",12.94631496,1.25821146102386,1.1379358852966,1.03341652272676,0.120275575727253
"GSE65682","GSM1691902","Sepsis",12.68914735,1.06572645856019,1.25263607903274,1.09035343417609,-0.186909620472548
"GSE65682","GSM1691903","Sepsis",12.75353705,1.15522564201868,1.13698458832753,1.08104041395919,0.0182410536911575
"GSE65682","GSM1691904","Sepsis",12.85407513,1.24308635402929,1.12834934815998,1.17670769145043,0.114737005869312
"GSE65682","GSM1691905","Sepsis",12.96326939,1.14739115181439,1.16657416692141,1.14612712348284,-0.0191830151070107
"GSE65682","GSM1691906","Sepsis",12.66643057,1.12474868373026,1.20999857427574,1.13157966988307,-0.0852498905454742
"GSE65682","GSM1691907","Sepsis",12.97939229,1.05875362664928,1.2764492446754,1.03147863649661,-0.217695618026116
"GSE65682","GSM1691908","Sepsis",12.65792118,1.25010988686506,1.18658026618738,1.1421913977758,0.0635296206776799
"GSE65682","GSM1691909","Sepsis",13.28192981,1.25173013852806,1.02353050835657,1.14404874733478,0.228199630171492
"GSE65682","GSM1691910","Sepsis",12.92818352,1.16978270369158,1.07855112104567,1.05841012188042,0.0912315826459031
"GSE65682","GSM1691911","Sepsis",13.11510001,1.239117764636,1.18214907036037,1.19882121723427,0.0569686942756276
"GSE65682","GSM1691912","Sepsis",12.89693647,1.23597732509791,1.21261831108259,1.02227024292297,0.0233590140153188
"GSE65682","GSM1691913","Sepsis",12.6201038,1.04137205884294,1.28315321938527,1.072642380929,-0.241781160542328
"GSE65682","GSM1691914","Sepsis",12.9686485,1.16017419687161,1.22308490445972,1.14554660141135,-0.062910707588115
"GSE65682","GSM1691915","Sepsis",12.76603567,1.26053218552838,1.15927790420485,1.20847789718506,0.101254281323528
"GSE65682","GSM1691916","Sepsis",12.97728722,1.18114002069035,1.25306075452725,1.07076734290279,-0.0719207338368977
"GSE65682","GSM1691917","Sepsis",12.71394752,1.14227328972774,1.17883067696709,1.15975205994782,-0.0365573872393461
"GSE65682","GSM1691918","Sepsis",13.33649016,1.27187238797016,1.05785133190745,1.15540197376694,0.214021056062712
"GSE65682","GSM1691919","Sepsis",13.0734643,1.20420578822846,1.15095749703695,1.10853845528269,0.0532482911915051
"GSE65682","GSM1691920","Sepsis",12.56791202,1.22472674216141,1.16398888839723,1.13511325413078,0.0607378537641785
"GSE65682","GSM1691921","Sepsis",13.0148897,1.17145047791873,1.10238067587808,1.13154677008352,0.0690698020406493
"GSE65682","GSM1691922","Sepsis",13.0034419,1.20532013284422,1.17268701990252,1.10097286261508,0.0326331129417008
"GSE65682","GSM1691923","Sepsis",12.82664442,1.10361777968614,1.20675054240529,1.00868006030605,-0.103132762719151
"GSE65682","GSM1691924","Sepsis",12.98474029,1.1581039525509,1.20399176874919,1.11842195835788,-0.045887816198291
"GSE65682","GSM1691925","Sepsis",13.27189258,1.25885399522983,0.963076821592133,1.13577979781458,0.295777173637701
"GSE65682","GSM1691926","Sepsis",12.50952863,1.10778337214633,1.18898277124026,1.14077503065088,-0.0811993990939262
"GSE65682","GSM1691927","Sepsis",13.43355174,1.27308923947942,0.850828023980665,1.13000133409999,0.422261215498758
"GSE65682","GSM1691928","Sepsis",13.01400007,1.19110350656397,1.12905039550995,1.15230899341429,0.0620531110540197
"GSE65682","GSM1691929","Sepsis",12.37713725,1.18444655856515,1.04083070259141,1.13569509063738,0.143615855973731
"GSE65682","GSM1691930","Sepsis",12.78376129,1.1618757758962,0.858042322980279,1.08978087232692,0.303833452915923
"GSE65682","GSM1691932","Sepsis",12.97660223,1.19084591338028,1.0084902792335,1.1344174733626,0.182355634146778
"GSE65682","GSM1691933","Sepsis",13.27174565,1.2779921680824,0.368742532133971,1.09758958279191,0.909249635948425
"GSE65682","GSM1691934","Sepsis",13.02995953,1.21508438745302,1.10329083528793,1.08187067261363,0.111793552165091
"GSE65682","GSM1691935","Sepsis",13.00363461,1.27793507882056,0.916215768324913,1.06359140996599,0.361719310495646
"GSE65682","GSM1691936","Sepsis",13.20678514,1.19182587114435,1.18415623609336,1.13730824407904,0.00766963505098417
"GSE65682","GSM1691937","Sepsis",13.11074068,1.21007754891762,0.904772143553244,1.05714292900559,0.305305405364374
"GSE65682","GSM1691938","Sepsis",12.96577945,1.20633462980198,1.20241126504868,1.14645717592784,0.00392336475329658
"GSE65682","GSM1691939","Sepsis",12.59807527,1.13776846282181,1.21080084811729,1.11645765399899,-0.0730323852954808
"GSE65682","GSM1691940","Sepsis",12.84941873,1.25392245039833,1.19754089926474,1.1311586190927,0.0563815511335894
"GSE65682","GSM1691941","Sepsis",13.31872489,1.28216947705338,0.67064708636001,1.11001556759956,0.611522390693365
"GSE65682","GSM1691942","Sepsis",12.29933454,1.17074467170991,1.08293210398603,1.10235961372578,0.0878125677238752
"GSE65682","GSM1691943","Sepsis",12.99207066,1.19306806267973,1.09202180714259,1.0970369853672,0.101046255537132
"GSE65682","GSM1691944","Sepsis",12.2892585,1.06164442657139,1.2538719723886,1.10211831355349,-0.192227545817219
"GSE65682","GSM1691945","Sepsis",12.66054924,1.10259690994618,1.24458715985814,1.13137753476144,-0.14199024991196
"GSE65682","GSM1691946","Sepsis",12.81944479,1.21331428695417,1.11428672920503,1.17255933443823,0.0990275577491402
"GSE65682","GSM1691947","Sepsis",12.64720624,1.25745178876142,1.13055995840689,1.13955504261344,0.126891830354537
"GSE65682","GSM1691948","Sepsis",12.92141507,1.16838416863403,1.19096617168107,1.07163763093596,-0.0225820030470427
"GSE65682","GSM1691949","Sepsis",13.26473996,1.26458088789026,1.24525632648256,1.12288761044007,0.0193245614077013
"GSE65682","GSM1691950","Sepsis",12.38101898,1.15836791164741,1.18017497996251,1.14754007757211,-0.0218070683151044
"GSE65682","GSM1691951","Sepsis",12.47468527,1.11883131393555,1.24461349048336,1.09547417441753,-0.12578217654781
"GSE65682","GSM1691952","Sepsis",12.66802768,1.17160621264276,1.22523960361336,1.15315092004539,-0.0536333909705988
"GSE65682","GSM1691953","Sepsis",13.01200804,1.25614101662824,1.0924101865358,1.18838576146965,0.163730830092436
"GSE65682","GSM1691954","Sepsis",12.80180738,1.26610353906867,1.11701643092742,1.13640454040698,0.149087108141241
"GSE65682","GSM1691955","Sepsis",12.28988839,1.1593079800353,1.19458635569408,1.10090961770293,-0.0352783756587813
"GSE65682","GSM1691957","Sepsis",12.48843081,1.19063100506979,1.12655121123609,1.11489847475298,0.0640797938337003
"GSE65682","GSM1691958","Sepsis",13.17294498,1.23137981282437,1.13174862400382,1.09540752915225,0.0996311888205534
"GSE65682","GSM1691959","Sepsis",12.88909691,1.25953272727991,1.06001387924225,1.16424535366636,0.199518848037655
"GSE65682","GSM1691960","Sepsis",12.64527577,1.16782512474594,1.20290754572602,1.19801267360386,-0.0350824209800806
"GSE65682","GSM1691961","Sepsis",13.02718177,1.20885147509378,1.16680875626937,1.0459734518236,0.0420427188244092
"GSE65682","GSM1691962","Sepsis",13.03285445,1.20435739636775,1.12636037410397,1.10050606713694,0.0779970222637814
"GSE65682","GSM1691963","Sepsis",12.9558376,1.19251142966543,1.09720295695314,1.03835050474345,0.0953084727122933
"GSE65682","GSM1691964","Sepsis",13.23223995,1.242683956536,1.09033304288894,1.13589302018435,0.152350913647059
"GSE65682","GSM1691965","Sepsis",13.01165498,1.24918445997745,1.12715757313532,1.12587131122472,0.122026886842123
"GSE65682","GSM1691966","Sepsis",12.69093087,1.17873428586052,0.931695128850226,1.10232385196981,0.247039157010296
"GSE65682","GSM1691967","Sepsis",12.73622733,1.20419218352852,1.19426818468326,1.06799540353139,0.00992399884526307
"GSE65682","GSM1691968","Sepsis",13.13078904,1.25990990143393,1.13878466625706,1.18561536730522,0.121125235176867
"GSE65682","GSM1691969","Sepsis",13.08555167,1.25385662793465,0.983588628830803,1.0950751908924,0.270267999103848
"GSE65682","GSM1691970","Sepsis",13.04756322,1.23942994352257,1.06048233326242,1.08281570828375,0.178947610260153
"GSE65682","GSM1691971","Sepsis",12.41358669,1.13951100444614,1.15775370843501,1.09023242836282,-0.0182427039888771
"GSE65682","GSM1691972","Sepsis",12.68431402,1.14979021785098,1.25165251912077,1.12565782265565,-0.101862301269798
"GSE65682","GSM1691973","Sepsis",12.76203708,1.17886915853557,1.1520945841417,1.1127411358282,0.0267745743938625
"GSE65682","GSM1691974","Sepsis",12.9000323,1.18764489703448,1.1120271845112,1.12861949332634,0.0756177125232833
"GSE65682","GSM1691975","Sepsis",12.98558532,1.21776278275977,1.02502815553681,1.06053064401977,0.192734627222967
"GSE65682","GSM1691976","Sepsis",12.46701806,1.10298407494373,1.22533341523045,1.08920968409721,-0.122349340286716
"GSE65682","GSM1691977","Sepsis",12.56158359,1.19690909348187,1.06419541275998,1.13244125617715,0.132713680721889
"GSE65682","GSM1691978","Sepsis",12.61958065,1.13953349788547,1.17976602761381,1.08989623031874,-0.040232529728335
"GSE65682","GSM1691979","Sepsis",12.95730423,1.23398745163871,1.012265203881,1.14298102697665,0.221722247757709
"GSE65682","GSM1691980","Sepsis",13.23890129,1.26124687607802,1.01110411841706,1.12646195264735,0.250142757660964
"GSE65682","GSM1691981","Sepsis",13.13656228,1.25146595745992,0.9686553978056,1.09592759766032,0.282810559654319
"GSE65682","GSM1691982","Sepsis",12.82879301,1.12713238423713,1.17039313346188,1.08441516178635,-0.0432607492247465
"GSE65682","GSM1691983","Sepsis",13.31792549,1.28391456314229,0.926499142734816,1.09958496185166,0.357415420407472
"GSE65682","GSM1691984","Sepsis",12.49872899,1.11859953190414,1.22794407148984,0.946507145368905,-0.109344539585701
"GSE65682","GSM1691985","Sepsis",13.21424701,1.2811113810072,0.888957342470574,1.12771009049993,0.392154038536623
"GSE65682","GSM1691986","Sepsis",13.13007404,1.28731118035768,1.04440250714669,1.17290687086336,0.242908673210993
"GSE65682","GSM1691987","Sepsis",13.3597323,1.28892284870579,0.794829800055756,1.1115162022563,0.494093048650037
"GSE65682","GSM1691988","Sepsis",12.09510661,1.13684256599995,1.11809781580247,1.02530262923236,0.0187447501974822
"GSE65682","GSM1691989","Sepsis",13.02315015,1.1612735013256,1.19735515649238,1.17109406865533,-0.0360816551667751
"GSE65682","GSM1691990","Sepsis",13.11244353,1.23401936229969,0.993875361056443,1.15795827617085,0.240144001243244
"GSE65682","GSM1691991","Sepsis",13.12036502,1.21868328962423,1.02036553719127,1.10948741963355,0.198317752432963
"GSE65682","GSM1691992","Sepsis",13.27780184,1.2861111379016,0.982498764416658,1.07034515287408,0.30361237348494
"GSE65682","GSM1691993","Sepsis",12.01435022,1.07080039833856,1.25965471995348,1.14573536189243,-0.188854321614925
"GSE65682","GSM1691994","Sepsis",13.15125939,1.28386583671073,1.0758625467773,1.16697442034839,0.208003289933423
"GSE65682","GSM1691995","Sepsis",13.01083787,1.18568048313315,1.15467564551357,1.08024594762656,0.0310048376195786
"GSE65682","GSM1691996","Sepsis",12.83942119,1.23056804395157,0.927438883857708,1.08996152357256,0.303129160093862
"GSE65682","GSM1691997","Sepsis",12.97334795,1.2361402879185,1.10116446387558,1.14460077868547,0.134975824042918
"GSE65682","GSM1691998","Sepsis",12.86949335,1.14792375419081,1.24004002170165,1.0068713319346,-0.0921162675108389
"GSE65682","GSM1691999","Sepsis",12.76545862,1.12777304666423,1.22199025511806,1.13035873481381,-0.094217208453832
"GSE65682","GSM1692000","Sepsis",12.78492653,1.13209446552311,1.22772962992314,1.16565115844309,-0.0956351644000288
"GSE65682","GSM1692001","Sepsis",13.07747217,1.29238828666968,0.922749827784068,1.11760561933659,0.36963845888561
"GSE65682","GSM1692002","Sepsis",13.24516559,1.25229201537344,1.08103491145106,1.11360682628569,0.171257103922379
"GSE65682","GSM1692003","Sepsis",13.22733204,1.28610184875628,0.829729261098158,1.10760113382589,0.456372587658123
"GSE65682","GSM1692004","Sepsis",13.15586386,1.21149965186354,1.13698639629013,1.16847807291494,0.0745132555734149
"GSE65682","GSM1692005","Sepsis",11.88337976,1.13567619465888,1.17863875882647,1.16910696105846,-0.0429625641675868
"GSE65682","GSM1692006","Sepsis",13.32809,1.24846313448115,0.565355091788244,1.08599379343511,0.683108042692902
"GSE65682","GSM1692007","Sepsis",13.00882288,1.24733033123004,1.15367493015572,1.10847039279655,0.0936554010743216
"GSE65682","GSM1692008","Sepsis",13.00067138,1.21483813460992,1.10195753843405,1.12674381765609,0.112880596175871
"GSE65682","GSM1692009","Sepsis",13.05396301,1.25925773119245,1.03422734189251,1.18645681902431,0.225030389299938
"GSE65682","GSM1692010","Sepsis",12.77372918,1.16923406248416,1.2658938678607,1.15019260611493,-0.0966598053765368
"GSE65682","GSM1692011","Sepsis",12.95876636,1.25561876685146,1.03561035089506,1.06427306902463,0.220008415956399
"GSE65682","GSM1692012","Sepsis",13.20898323,1.2629169475523,0.968204326725432,1.12129511874332,0.294712620826867
"GSE65682","GSM1692015","Sepsis",13.0308706,1.14617327507825,1.15121582049211,1.09618520923991,-0.00504254541386184
"GSE65682","GSM1692016","Sepsis",13.01638944,1.25412635631547,1.08061768409058,1.05837550913614,0.173508672224885
"GSE65682","GSM1692017","Sepsis",13.24000664,1.28197564994167,0.921236193706492,1.20553522912055,0.360739456235182
"GSE65682","GSM1692018","Sepsis",12.96795121,1.25661349326853,1.0586695315106,1.06891835222803,0.197943961757932
"GSE65682","GSM1692019","Sepsis",12.84733796,1.2562136113604,1.09492919550444,1.14180565396607,0.161284415855957
"GSE65682","GSM1692020","Sepsis",12.18423308,1.12293729000988,1.26963413691982,1.10822771998459,-0.146696846909943
"GSE65682","GSM1692021","Sepsis",12.23763548,0.901494920845108,1.19316411671075,1.10509900650936,-0.291669195865638
"GSE65682","GSM1692022","Sepsis",13.26253052,1.25858528142607,1.06136018623985,1.11351476867233,0.197225095186211
"GSE65682","GSM1692023","Sepsis",13.11249471,1.24689436699042,1.10975309770066,1.10654149342784,0.137141269289758
"GSE65682","GSM1692024","Sepsis",13.21282735,1.23955764588181,0.905094350144016,1.08848943530065,0.334463295737794
"GSE65682","GSM1692025","Sepsis",12.64622501,1.19120314043774,1.18301839193624,1.24219977068117,0.00818474850149942
"GSE65682","GSM1692026","Sepsis",12.98582691,1.25951126127756,1.21100585046385,1.15983293988364,0.0485054108137131
"GSE65682","GSM1692027","Sepsis",12.44470025,1.16753328758864,1.22657391237118,1.06573925270531,-0.0590406247825359
"GSE65682","GSM1692028","Sepsis",12.92129015,1.22306132367286,1.14089592578328,1.11028776676551,0.082165397889582
"GSE65682","GSM1692029","Sepsis",13.12186409,1.23500179952188,1.07017945275783,1.09579919433651,0.164822346764045
"GSE65682","GSM1692030","Sepsis",13.10877137,1.23078777282254,1.14640354151183,1.10001264333922,0.0843842313107026
"GSE65682","GSM1692032","Sepsis",12.47303362,1.23408837566285,1.15625802914274,1.09412184527209,0.0778303465201111
"GSE65682","GSM1692033","Sepsis",12.84239169,1.21410283552231,1.19041501947516,1.14757473511533,0.0236878160471552
"GSE65682","GSM1692034","Sepsis",13.25950304,1.18664069394011,1.02878184345056,1.11450035386143,0.157858850489545
"GSE65682","GSM1692035","Sepsis",12.86270168,1.19510788624385,1.21820072429791,1.15180105831067,-0.0230928380540534
"GSE65682","GSM1692036","Sepsis",13.01187186,1.21159423045761,1.13421574272763,1.1090219972877,0.0773784877299895
"GSE65682","GSM1692037","Sepsis",12.90678999,1.21378979830652,1.06724818510608,1.16270714444587,0.146541613200434
"GSE65682","GSM1692038","Sepsis",12.98223109,1.27285609665898,0.81693777497605,1.13191080957556,0.455918321682928
"GSE65682","GSM1692039","Sepsis",12.43885751,1.12852614246949,1.09827339709596,1.11364017600891,0.0302527453735324
"GSE65682","GSM1692040","Sepsis",13.0842983,1.24952911719682,1.08083203695657,1.1332091352908,0.168697080240245
"GSE65682","GSM1692041","Sepsis",12.74791,1.09741312225721,1.272519798897,1.09393429387627,-0.175106676639789
"GSE65682","GSM1692042","Sepsis",12.54015315,1.13960446043222,1.14667909719686,1.07847519161885,-0.00707463676463527
"GSE65682","GSM1692043","Sepsis",13.12918842,1.27165802466136,1.0221821984913,1.14467756185502,0.24947582617006
"GSE65682","GSM1692044","Sepsis",12.88663687,1.18303235360745,1.23707184768405,1.07955102137514,-0.054039494076596
"GSE65682","GSM1692045","Sepsis",13.14165035,1.28056242215408,1.0450624128459,1.12850143121616,0.235500009308174
"GSE65682","GSM1692046","Sepsis",12.87151019,1.10763882371479,1.20075114703426,1.19465411482426,-0.0931123233194679
"GSE65682","GSM1692047","Sepsis",13.28893877,1.25510917011188,0.787334298290445,1.12268066470488,0.467774871821433
"GSE65682","GSM1692048","Sepsis",12.94142418,1.20085286364286,1.15324067276731,1.15561266876326,0.0476121908755442
"GSE65682","GSM1692049","Sepsis",12.79489781,1.14249872750104,1.15048919183111,1.11761183881898,-0.00799046433007455
"GSE65682","GSM1692050","Sepsis",12.99395078,1.27944778000313,0.858812414970735,1.14824622627474,0.420635365032391
"GSE65682","GSM1692051","Sepsis",12.72627642,1.1958101680979,1.13395488362601,1.09812164122231,0.0618552844718896
"GSE65682","GSM1692052","Sepsis",13.13859682,1.26772393448881,1.01061004936759,1.1661926262732,0.257113885121224
"GSE65682","GSM1692053","Sepsis",12.76282625,1.14771433322248,1.16624802773595,1.03677264567844,-0.0185336945134631
"GSE65682","GSM1692054","Sepsis",13.205588,1.21659073429348,1.17775402329583,1.11178670958725,0.0388367109976548
"GSE65682","GSM1692055","Sepsis",12.9359025,1.23537046366917,1.18015819842233,1.10305150215184,0.0552122652468403
"GSE65682","GSM1692056","Sepsis",12.98944802,1.23281318671235,1.00183158133357,1.04342264095372,0.230981605378776
"GSE65682","GSM1692057","Sepsis",13.05248775,1.23562583764051,1.0655619022488,1.12231689810992,0.170063935391715
"GSE65682","GSM1692058","Sepsis",13.10462657,1.25762210753044,1.07578930430819,1.12084286050388,0.181832803222245
"GSE65682","GSM1692059","Sepsis",13.32806596,1.2640728766989,0.941313288074381,1.12703714624897,0.322759588624516
"GSE65682","GSM1692060","Sepsis",13.30480331,1.26704132630777,0.911346630758854,1.13279494263171,0.35569469554892
"GSE65682","GSM1692061","Sepsis",12.68565693,1.25383224322316,1.21277269560419,1.1519072156838,0.0410595476189728
"GSE65682","GSM1692062","Sepsis",12.85976092,1.22031787294937,1.18188624895315,1.11552951794443,0.0384316239962204
"GSE65682","GSM1692063","Sepsis",12.48975708,1.17444626994185,1.14929469352108,1.14366048155168,0.0251515764207753
"GSE65682","GSM1692064","Sepsis",12.61076941,1.0730945413873,1.16842837850555,1.06789639494145,-0.0953338371182495
"GSE65682","GSM1692065","Sepsis",12.80853931,1.2232257642714,1.07814808184216,1.05870085667422,0.145077682429241
"GSE65682","GSM1692066","Sepsis",12.32875759,1.17076124274748,1.17455050304692,1.11241689464617,-0.00378926029944293
"GSE65682","GSM1692067","Sepsis",12.9211523,1.16464679895893,1.22604716758116,1.09307957053509,-0.0614003686222242
"GSE65682","GSM1692068","Sepsis",13.06175191,1.22229708569209,1.19258772603248,1.18411804342618,0.0297093596596185
"GSE65682","GSM1692069","Sepsis",12.942409,1.2110245262977,1.25799511958456,1.11945745521363,-0.0469705932868609
"GSE65682","GSM1692070","Sepsis",13.18244733,1.25854145594926,0.819368374126617,1.04937366994313,0.439173081822648
"GSE65682","GSM1692071","Sepsis",13.27136105,1.28851122761878,1.05158662180405,1.13700788916839,0.236924605814729
"GSE65682","GSM1692072","Sepsis",12.91336606,1.18431472830009,1.08713410358677,1.10631980754177,0.0971806247133178
"GSE65682","GSM1692073","Sepsis",12.94610717,1.26671011526725,1.00226769299419,1.10895082328068,0.264442422273062
"GSE65682","GSM1692074","Sepsis",12.74891847,1.256733999391,1.14992638585879,1.20840548771188,0.106807613532209
"GSE65682","GSM1692075","Sepsis",12.63309508,1.16569776851574,1.19345679665623,1.11748578360838,-0.0277590281404865
"GSE65682","GSM1692077","Sepsis",12.76593247,1.11510735760333,1.27329312903126,1.17125652756037,-0.15818577142793
"GSE65682","GSM1692078","Sepsis",12.74808792,1.15615970018877,1.18288288329955,1.1065873503022,-0.0267231831107864
"GSE65682","GSM1692079","Sepsis",13.3173935,1.27641110117978,1.13392609202872,1.04810589969748,0.14248500915106
"GSE65682","GSM1692080","Sepsis",12.76190906,1.19265686500623,1.24005930768522,1.11127193583361,-0.047402442678989
"GSE65682","GSM1692081","Sepsis",12.40600019,1.12336587777995,1.15374841783518,0.98189333421588,-0.0303825400552296
"GSE65682","GSM1692082","Sepsis",13.16710882,1.23018536147314,1.20275387169465,1.14212225768575,0.0274314897784873
"GSE65682","GSM1692083","Sepsis",12.74550919,1.19663178994481,1.08487952866902,1.10942749783802,0.111752261275791
"GSE65682","GSM1692084","Sepsis",13.32473749,1.28004658236216,0.951839187042745,1.13749027763794,0.328207395319414
"GSE65682","GSM1692085","Sepsis",12.86716397,1.1926824463119,1.18763677108814,1.173189212961,0.00504567522376753
"GSE65682","GSM1692086","Sepsis",13.39397294,1.29606047660932,0.903935552190695,1.13420640404063,0.392124924418623
"GSE65682","GSM1692087","Sepsis",13.21683492,1.21202577630834,1.02213033925426,1.15034368728335,0.189895437054084
"GSE65682","GSM1692088","Sepsis",13.08993078,1.17751141591625,0.82149295548489,1.09727379545294,0.356018460431358
"GSE65682","GSM1692089","Sepsis",11.63207873,1.0577518810869,1.27940348319051,1.11162805517612,-0.22165160210361
"GSE65682","GSM1692090","Sepsis",13.14572948,1.27918718700433,1.13709089814886,1.15419722929539,0.142096288855473
"GSE65682","GSM1692091","Sepsis",12.98762177,1.18110358820841,1.13733542558941,1.08202217457864,0.0437681626190061
"GSE65682","GSM1692092","Sepsis",12.28105206,1.16680097476391,1.08520807350177,1.1593329784168,0.0815929012621368
"GSE65682","GSM1692093","Sepsis",13.10929677,1.21832982982533,1.12319407026819,1.12322879099416,0.0951357595571358
"GSE65682","GSM1692094","Sepsis",12.50875949,1.11581307100454,1.19770504656311,1.16041573112314,-0.0818919755585747
"GSE65682","GSM1692095","Sepsis",12.93338958,1.181565566986,1.2390695731739,1.15631893768732,-0.0575040061879031
"GSE65682","GSM1692096","Sepsis",12.85633739,1.16230892063338,1.09486058568507,1.07952468077709,0.0674483349483159
"GSE65682","GSM1692097","Sepsis",13.13441235,1.26495437084108,1.16549317580458,1.09809263179415,0.099461195036495
"GSE65682","GSM1692098","Sepsis",12.99764752,1.20244034620047,1.16711489872645,1.0985923319506,0.0353254474740194
"GSE65682","GSM1692099","Sepsis",13.27799221,1.25314379170778,1.00044323397042,1.07304078247906,0.252700557737354
"GSE65682","GSM1692100","Sepsis",13.25416412,1.26295074126936,0.906080512895748,1.13435293865296,0.356870228373614
"GSE65682","GSM1692101","Sepsis",12.66160588,1.06460056199077,1.26825087767072,1.14688057281306,-0.20365031567996
"GSE65682","GSM1692102","Sepsis",13.00657723,1.1323455451119,1.1957366873606,1.12730574479921,-0.0633911422487006
"GSE65682","GSM1692103","Sepsis",13.0785082,1.27946005977761,1.02186871380349,1.11346921430992,0.257591345974118
"GSE65682","GSM1692104","Sepsis",12.11022028,1.06437954461769,1.2894785253832,1.17380367255024,-0.22509898076551
"GSE65682","GSM1692105","Sepsis",12.82069374,1.13668241315042,1.2181851723805,1.12274169006622,-0.0815027592300834
"GSE65682","GSM1692106","Sepsis",12.64931563,1.15596553810215,1.16787043911849,1.11203847825345,-0.0119049010163443
"GSE65682","GSM1692107","Sepsis",13.15713,1.25827402252765,1.07198919351224,1.09507976124498,0.186284829015414
"GSE65682","GSM1692108","Sepsis",13.02645199,1.22307240900868,1.16769819566875,1.04516517424709,0.05537421333993
"GSE65682","GSM1692109","Sepsis",12.06685606,1.1106332732841,1.25356894595227,1.09619302636095,-0.142935672668172
"GSE65682","GSM1692110","Sepsis",12.8624164,1.24509282346214,1.11165260296166,1.10677593350767,0.133440220500479
"GSE65682","GSM1692111","Sepsis",13.04483239,1.21742192124095,0.903929880533123,1.11273330385866,0.313492040707825
"GSE65682","GSM1692112","Sepsis",13.19526026,1.27503639200453,1.02827312840496,1.19085414486645,0.246763263599571
"GSE65682","GSM1692114","Sepsis",13.16263084,1.26169545939476,0.991021779894817,1.1577794059625,0.270673679499946
"GSE65682","GSM1692115","Sepsis",13.15150903,1.24458829673001,0.946169106291714,1.08649048425332,0.298419190438299
"GSE65682","GSM1692116","Sepsis",12.92808494,1.118725716676,1.30679035744389,1.10155075921027,-0.188064640767884
"GSE65682","GSM1692117","Sepsis",13.23117881,1.29134962376901,0.937118112476931,1.16499185706691,0.354231511292081
"GSE65682","GSM1692118","Sepsis",13.07686545,1.24645820074862,1.17246255521339,1.09934966438851,0.0739956455352335
"GSE65682","GSM1692119","Sepsis",13.16313626,1.25824759811436,0.733184045573457,1.11262799542679,0.525063552540905
"GSE65682","GSM1692120","Sepsis",12.81504208,1.03438681178958,1.26897797663736,1.0816490887953,-0.234591164847776
"GSE65682","GSM1692121","Sepsis",12.99008561,1.20356805666753,1.18190770599081,1.2447125002021,0.0216603506767201
"GSE65682","GSM1692122","Sepsis",13.12176276,1.23105721576309,1.11164243489413,1.03192231598029,0.119414780868965
"GSE65682","GSM1692123","Sepsis",13.00341076,1.24439703472901,1.00317109915152,0.963330524776533,0.241225935577492
"GSE65682","GSM1692124","Sepsis",12.94405041,1.23197858538313,1.09228584830735,1.06044894146807,0.13969273707578
"GSE65682","GSM1692125","Sepsis",12.95170526,1.17071849318881,1.14447671376949,1.14169993656746,0.026241779419321
"GSE65682","GSM1692126","Sepsis",13.29002151,1.2705743575093,0.991691562296564,1.10209073720586,0.278882795212737
"GSE65682","GSM1692127","Sepsis",12.81033101,1.19792263349045,1.14101417114429,1.07046861578897,0.0569084623461584
"GSE65682","GSM1692128","Sepsis",12.15069091,0.992377700071427,1.27349833007357,0.979448898132399,-0.281120630002139
"GSE65682","GSM1692129","Sepsis",12.99301103,1.28259503496634,0.894346545865449,1.02644121060395,0.388248489100892
"GSE65682","GSM1692130","Sepsis",12.96002291,1.18219143464264,1.15685230706241,1.12048203271025,0.0253391275802279
"GSE65682","GSM1692131","Sepsis",12.68038426,1.11789016194272,1.21799981237672,1.11911071910705,-0.100109650434002
"GSE65682","GSM1692132","Sepsis",13.20863886,1.29034045543022,1.02340041704867,1.1708594721732,0.266940038381552
"GSE65682","GSM1692133","Sepsis",12.86271283,1.1930383195146,1.19507140245678,1.14024910796193,-0.00203308294218751
"GSE65682","GSM1692135","Sepsis",13.23656547,1.23671177830747,0.981585230064661,1.07944286245061,0.255126548242805
"GSE65682","GSM1692136","Sepsis",12.63014519,1.16644072805231,1.01463332312512,1.07644861269995,0.151807404927186
"GSE65682","GSM1692137","Sepsis",13.42205163,1.27895035507015,0.944333540257301,1.15052711522841,0.334616814812853
"GSE65682","GSM1692138","Sepsis",13.25152627,1.25364576564567,1.18290368152992,1.11845237013172,0.0707420841157456
"GSE65682","GSM1692139","Sepsis",13.07847766,1.25610515045659,0.641928765845977,1.1456029893144,0.61417638461061
"GSE65682","GSM1692140","Sepsis",13.09858682,1.26542543070313,0.76962265687817,1.10218984970172,0.495802773824961
"GSE65682","GSM1692141","Sepsis",13.27871014,1.28392645536972,0.999429468430097,1.16750695755382,0.284496986939622
"GSE65682","GSM1692142","Sepsis",13.16218929,1.1315660818039,1.14751719490269,1.16273487874663,-0.0159511130987899
"GSE65682","GSM1692143","Sepsis",13.14468949,1.2293067404509,1.17510994711013,1.10428391904106,0.0541967933407774
"GSE65682","GSM1692144","Sepsis",12.98489317,1.20644136736266,1.22112538574709,1.07354236612809,-0.0146840183844321
"GSE65682","GSM1692145","Sepsis",13.19671156,1.25061110023478,1.02892315578875,1.16695091327215,0.221687944446022
"GSE65682","GSM1692146","Sepsis",13.35013936,1.28462173229569,0.705292837678787,1.12734883800554,0.579328894616902
"GSE65682","GSM1692147","Sepsis",13.01441957,1.27054923402018,1.09288448623505,1.13800665453822,0.177664747785136
"GSE65682","GSM1692148","Sepsis",13.08541998,1.25347512087535,0.995730372496932,1.05992476734461,0.257744748378419
"GSE65682","GSM1692149","Sepsis",12.78339198,1.13980906335807,1.23428590551106,1.08760267518075,-0.0944768421529878
"GSE65682","GSM1692150","Sepsis",13.11210204,1.18261639547795,1.32306566998189,1.12804891904217,-0.140449274503945
"GSE65682","GSM1692151","Sepsis",12.68823421,1.173766646474,1.10782813097699,1.0819546567639,0.0659385154970082
"GSE65682","GSM1692152","Sepsis",12.84747925,1.10785234150588,1.22456225272498,1.11723161409067,-0.116709911219101
"GSE65682","GSM1692153","Sepsis",13.16085722,1.23345091744258,1.15826471056613,1.1608696060927,0.0751862068764524
"GSE65682","GSM1692154","Sepsis",13.10740688,1.17925346061714,1.1383712962171,1.07889888741926,0.040882164400035
"GSE65682","GSM1692155","Sepsis",13.07777844,1.25310545886583,1.13022264601077,1.1254817382382,0.122882812855063
"GSE65682","GSM1692156","Sepsis",13.02044728,1.26529293482326,0.972931997125412,1.13338648080337,0.292360937697844
"GSE65682","GSM1692157","Sepsis",13.10166104,1.25437759949383,1.00292016100476,1.15200618527667,0.251457438489075
"GSE65682","GSM1692158","Sepsis",12.84115939,1.18037660988854,1.01385745349289,1.10602487575998,0.166519156395647
"GSE65682","GSM1692159","Sepsis",12.91662614,1.14781779266478,1.20904684771984,1.16204632457678,-0.0612290550550538
"GSE65682","GSM1692160","Sepsis",13.09940709,1.13329678880029,0.891374250098531,0.98219260124174,0.241922538701759
"GSE65682","GSM1692161","Sepsis",12.53894113,1.13582642895408,1.24845681797316,1.11590264483868,-0.112630389019084
"GSE65682","GSM1692162","Sepsis",13.11344028,1.22434849321082,1.16220700724076,1.13835131175378,0.0621414859700671
"GSE65682","GSM1692163","Sepsis",12.65822957,1.09648229152799,1.13367262724981,1.08592837290889,-0.0371903357218297
"GSE65682","GSM1692164","Sepsis",12.44065837,1.17563027855226,1.24545754845377,1.17254893597235,-0.0698272699015112
"GSE65682","GSM1692165","Sepsis",12.72849206,1.16751551294339,1.12435697361034,1.13808200144413,0.0431585393330496
"GSE65682","GSM1692166","Sepsis",13.24434358,1.26804572848121,0.872374428602318,1.10386839610536,0.395671299878892
"GSE65682","GSM1692167","Sepsis",13.04151829,1.20829581603346,1.22936954140197,1.15645712126138,-0.02107372536851
"GSE65682","GSM1692168","Sepsis",12.04112528,1.09061483543011,1.21936112724543,1.16335030505459,-0.128746291815327
"GSE65682","GSM1692169","Sepsis",12.8177505,1.2118466471733,1.04053038166608,1.14573580202128,0.171316265507216
"GSE65682","GSM1692170","Sepsis",12.91975561,1.25843472657192,0.906815350141085,1.06943483210025,0.351619376430831
"GSE65682","GSM1692171","Sepsis",12.46545465,1.18549902000976,1.23274153124162,1.14912631427023,-0.0472425112318675
"GSE65682","GSM1692172","Sepsis",12.05592477,1.10851473270871,1.13655255514299,1.004559318911,-0.0280378224342814
"GSE65682","GSM1692173","Sepsis",12.91843295,1.21902648286063,1.13118289124855,1.08809884896334,0.0878435916120797
"GSE65682","GSM1692174","Sepsis",13.16005402,1.25601194518813,0.899580303972179,1.03733048475443,0.356431641215953
"GSE65682","GSM1692175","Sepsis",12.98177414,1.20243197310182,1.16725928083963,1.04010221422068,0.0351726922621893
"GSE65682","GSM1692176","Sepsis",12.13407773,1.00959558131221,1.28032493938106,1.04146778141659,-0.270729358068851
"GSE65682","GSM1692177","Sepsis",13.15258508,1.24625048421734,1.10006371685357,1.04145859907026,0.146186767363768
"GSE65682","GSM1692178","Sepsis",13.05832052,1.25095197990954,1.19769320229344,1.09572286270436,0.0532587776161029
"GSE65682","GSM1692179","Sepsis",13.10703915,1.22234539728885,1.07308141290121,1.08746206195393,0.149263984387634
"GSE65682","GSM1692180","Sepsis",13.1134088,1.21199868558839,1.05842859591845,1.04087116531809,0.153570089669942
"GSE65682","GSM1692181","Sepsis",12.81420272,1.18870314505428,0.970063498632067,1.11845628257622,0.218639646422216
"GSE65682","GSM1692182","Sepsis",13.09022604,1.23493637837129,1.16387147269614,1.14434181651281,0.0710649056751476
"GSE65682","GSM1692183","Sepsis",12.91626124,1.1060810319732,1.14462365346914,1.05849562551476,-0.0385426214959428
"GSE65682","GSM1692184","Sepsis",13.29132003,1.26150180000968,1.04870152590296,1.17523359636673,0.212800274106723
"GSE65682","GSM1692185","Sepsis",12.8323147,1.21711187037643,1.20915743632165,1.11348091774525,0.00795443405477925
"GSE65682","GSM1692186","Sepsis",13.20947221,1.27704474284911,0.723851464567484,1.16146082923464,0.553193278281626
"GSE65682","GSM1692187","Sepsis",13.14947739,1.2468215130414,1.15861742293452,1.17506043822955,0.0882040901068821
"GSE65682","GSM1692188","Sepsis",12.23935292,1.04840541644045,1.22303633495238,0.978410463263068,-0.174630918511935
"GSE65682","GSM1692189","Sepsis",12.73636539,1.1360643508079,1.17910041121684,1.22628636088802,-0.0430360604089324
"GSE65682","GSM1692190","Sepsis",13.07605016,1.20766631830466,1.10224381586279,1.10932130757015,0.105422502441874
"GSE65682","GSM1692191","Sepsis",13.30186817,1.26015759091337,0.950658087843305,1.09565757518078,0.309499503070068
"GSE65682","GSM1692192","Sepsis",13.16589118,1.27694838582446,1.09439213301798,1.12953282190157,0.182556252806475
"GSE65682","GSM1692193","Sepsis",12.56745997,1.18148154156602,1.21246814758075,1.12569165816674,-0.0309866060147292
"GSE65682","GSM1692194","Sepsis",12.79141968,1.21684006143925,0.99356892392244,1.07988528173534,0.22327113751681
"GSE65682","GSM1692195","Sepsis",13.13934952,1.15406231911309,1.14467128198131,1.10884242333969,0.00939103713177891
"GSE65682","GSM1692196","Sepsis",12.9249794,1.26677756925145,0.980507399002972,1.14615312736844,0.286270170248474
"GSE65682","GSM1692197","Sepsis",12.46136251,1.09824374959947,1.26101547721504,1.03310064738619,-0.162771727615577
"GSE65682","GSM1692198","Sepsis",13.08283614,1.25023516095243,1.09700649214928,1.13192528603843,0.153228668803142
"GSE65682","GSM1692199","Sepsis",13.11752711,1.23595714255202,1.17299496586547,1.1376613770839,0.0629621766865469
"GSE65682","GSM1692200","Sepsis",13.10602964,1.23338473831414,1.0608094310329,1.1505649357514,0.172575307281246
"GSE65682","GSM1692201","Sepsis",13.1188805,1.21095227546678,1.16565683976507,1.15456960174183,0.0452954357017101
"GSE65682","GSM1692202","Sepsis",13.21677419,1.20313396842528,1.18810837991204,1.20875907481743,0.015025588513244
"GSE65682","GSM1692203","Sepsis",13.06253648,1.24107327596255,1.15691710060361,1.10516939754971,0.0841561753589379
"GSE65682","GSM1692204","Sepsis",13.04657959,1.18186528013703,1.17177183117118,1.10080757873502,0.0100934489658484
"GSE65682","GSM1692205","Sepsis",12.87725006,1.14637391439026,1.1798861632588,1.1292392522012,-0.0335122488685362
"GSE65682","GSM1692206","Sepsis",12.95225573,1.21017679866894,1.15680151366633,1.1635735265787,0.0533752850026079
"GSE65682","GSM1692207","Sepsis",13.11633727,1.26128057498284,0.882154567340564,1.13589257300303,0.379126007642279
"GSE65682","GSM1692208","Sepsis",13.02293904,1.26816060799765,1.06138457567216,1.0834739154868,0.206776032325484
"GSE65682","GSM1692209","Sepsis",12.79299869,1.16426137187196,1.27738027150202,1.09527674189493,-0.113118899630063
"GSE65682","GSM1692210","Sepsis",12.5492792,1.0781427025765,1.28552804287821,1.13412114825418,-0.20738534030171
"GSE65682","GSM1692211","Sepsis",13.06043026,1.16863090706113,1.14165396378661,1.10411814055713,0.0269769432745177
"GSE65682","GSM1692212","Sepsis",13.05079443,1.25904815393471,0.969933634157463,1.12729513553614,0.289114519777251
"GSE65682","GSM1692213","Sepsis",12.85659973,1.27028135889537,1.09347289444954,1.1034495534721,0.176808464445832
"GSE65682","GSM1692214","Sepsis",12.96665599,1.23071272352196,1.04804460601958,1.09036428193185,0.182668117502377
"GSE65682","GSM1692215","Sepsis",12.77489291,1.20039475417239,1.21775131430142,1.05310031538613,-0.0173565601290291
"GSE65682","GSM1692216","Sepsis",12.6156588,1.13741703510382,1.20676408720718,1.10312029070339,-0.0693470521033586
"GSE65682","GSM1692217","Sepsis",13.21261041,1.28320700311517,1.07465422486983,1.10492966134198,0.208552778245347
"GSE65682","GSM1692218","Sepsis",12.76838554,1.22679464109289,1.14253194938426,1.11602835361018,0.0842626917086307
"GSE65682","GSM1692219","Sepsis",13.12837502,1.20784052074356,1.08471280065742,1.09509326340994,0.123127720086144
"GSE65682","GSM1692220","Sepsis",12.96060014,1.17865627352375,1.24319478185832,1.14882080584611,-0.0645385083345746
"GSE65682","GSM1692221","Sepsis",13.04576336,1.23583772697936,1.06219230742871,1.09536134339196,0.17364541955065
"GSE65682","GSM1692222","Sepsis",12.88875096,1.23773400234307,1.22798775867208,1.21224834127652,0.00974624367098986
"GSE65682","GSM1692223","Sepsis",12.84185233,1.26364030772689,1.08607733541439,1.14195667261992,0.177562972312497
"GSE65682","GSM1692224","Sepsis",13.20281241,1.25081065533523,1.06739488833107,1.04176952904083,0.183415767004167
"GSE65682","GSM1692225","Sepsis",12.86894707,1.23390533635191,1.11349303730129,1.09417171338569,0.120412299050619
"GSE65682","GSM1692226","Sepsis",13.163687,1.26596706901267,0.981721829387598,1.14325219674986,0.284245239625067
"GSE65682","GSM1692227","Sepsis",12.8950292,1.20238839792936,1.08332691283022,1.17240370121261,0.119061485099141
"GSE65682","GSM1692228","Sepsis",13.166903,1.1924067213353,1.23333737671559,1.15530157208692,-0.0409306553802897
"GSE65682","GSM1692229","Sepsis",12.68447389,1.23269193855588,1.15122881235643,1.12896311532154,0.0814631261994534
"GSE65682","GSM1692230","Sepsis",12.55867835,1.11964731046709,1.18358684341041,1.15711895136041,-0.063939532943321
"GSE65682","GSM1692231","Sepsis",12.60840774,1.16782075068964,1.23184752694326,1.15043904058788,-0.0640267762536166
"GSE65682","GSM1692232","Sepsis",12.94081552,1.27214205893429,1.01933318953114,1.19790902299328,0.25280886940315
"GSE65682","GSM1692233","Sepsis",12.77560159,1.16094783079865,1.16599180286725,1.12927183709257,-0.00504397206859153
"GSE65682","GSM1692234","Sepsis",12.84193761,1.14067580919061,1.03181901380742,1.10240492187873,0.108856795383191
"GSE65682","GSM1692235","Sepsis",12.81264409,1.17602466215922,0.748498424798712,0.989177619582929,0.427526237360506
"GSE65682","GSM1692237","Sepsis",13.13530892,1.17786548148321,0.983754452341589,1.1202360197607,0.194111029141625
"GSE65682","GSM1692238","Sepsis",13.13861681,1.26142118737586,0.775909496592617,1.10471565583609,0.485511690783243
"GSE65682","GSM1692239","Sepsis",12.5947727,1.19571020898384,1.17421450441327,1.09697921150969,0.0214957045705626
"GSE65682","GSM1692240","Sepsis",13.20068813,1.26358646000762,1.13678068056896,1.10892262088744,0.126805779438662
"GSE65682","GSM1692241","Sepsis",13.02934881,1.23864854044606,1.08430104674389,1.14901742439417,0.154347493702169
"GSE65682","GSM1692242","Sepsis",12.59229182,1.18789566585591,1.242388788874,1.17933236451386,-0.0544931230180932
"GSE65682","GSM1692243","Sepsis",13.15630408,1.27884774158296,1.16250464548697,1.14825460170279,0.116343096095995
"GSE65682","GSM1692244","Sepsis",12.71015071,1.14562580039917,1.20327423276061,1.10898224515286,-0.0576484323614397
"GSE65682","GSM1692245","Sepsis",12.51835593,1.18146484867416,1.15589454841859,1.10200438575065,0.0255703002555709
"GSE65682","GSM1692246","Sepsis",12.58192101,1.02099391975081,1.23484801264536,1.11730485538213,-0.21385409289455
"GSE65682","GSM1692247","Sepsis",12.1405201,1.07413573174546,1.23562969343039,1.15124489433417,-0.161493961684925
"GSE65682","GSM1692248","Sepsis",13.29472318,1.24985840327588,1.15765797097274,1.13032262477713,0.0922004323031358
"GSE65682","GSM1692249","Sepsis",12.94020807,1.21056133727952,1.15320695825682,1.10409423484487,0.0573543790227022
"GSE65682","GSM1692250","Sepsis",11.64190638,0.689933649361487,1.32963352424057,0.674323117734522,-0.639699874879078
"GSE65682","GSM1692251","Sepsis",13.07198136,1.21604343143703,1.12243363631852,1.10960749524013,0.093609795118506
"GSE65682","GSM1692252","Sepsis",12.46411304,1.19554279364422,1.23835685215704,1.13669979596737,-0.0428140585128145
"GSE65682","GSM1692253","Sepsis",12.50632805,1.10020982749547,1.19760497691383,1.10891381467924,-0.0973951494183556
"GSE65682","GSM1692254","Sepsis",12.91051263,1.16998817722756,1.05940639429882,1.00807129368445,0.110581782928733
"GSE65682","GSM1692255","Sepsis",13.04156868,1.24174171522136,0.960714836807021,1.11722001963292,0.281026878414342
"GSE65682","GSM1692256","Sepsis",12.72284322,1.20594638476094,1.18985956477203,1.1117418816982,0.0160868199889157
"GSE65682","GSM1692257","Sepsis",12.8251809,1.27521611727503,1.17770093956936,1.08482202096855,0.0975151777056675
"GSE65682","GSM1692258","Sepsis",12.91058844,1.19115433937445,1.17890955851606,1.00152994799847,0.0122447808583859
"GSE65682","GSM1692259","Sepsis",13.04813373,1.25696637682694,1.10566887050454,1.18869253600428,0.151297506322399
"GSE65682","GSM1692260","Sepsis",12.54650684,1.22392892196385,1.04354470725672,1.15226337543039,0.180384214707129
"GSE65682","GSM1692261","Sepsis",13.26546291,1.27764749008123,0.861485263826086,1.09851812073956,0.416162226255148
"GSE65682","GSM1692262","Sepsis",12.4292995,1.15756827685169,1.14890578084302,1.18098621291014,0.00866249600866875
"GSE65682","GSM1692263","Sepsis",12.80165406,1.16231255185664,1.19322742775755,1.12071176320299,-0.0309148759009064
"GSE65682","GSM1692264","Sepsis",13.06267602,1.21574085769296,1.10496078644948,1.0947701129278,0.110780071243478
"GSE65682","GSM1692265","Sepsis",12.72345878,1.20964672790066,1.13605113740043,1.13410245382563,0.0735955905002335
"GSE65682","GSM1692266","Sepsis",12.68337782,1.18541725019342,1.16766933762428,1.10968134580678,0.0177479125691349
"GSE65682","GSM1692267","Sepsis",12.70267625,1.25953199529115,1.08214466156665,1.17707808090079,0.177387333724501
"GSE65682","GSM1692268","Sepsis",12.99701939,1.23613024806159,1.26711359697842,1.11350129791994,-0.0309833489168321
"GSE65682","GSM1692269","Sepsis",12.68396803,1.15485688882459,1.06867733629582,1.10332365929849,0.0861795525287696
"GSE65682","GSM1692270","Sepsis",12.89434242,1.18421350048228,1.15474132791155,1.06636920320482,0.0294721725707254
"GSE65682","GSM1692271","Sepsis",12.90628531,1.21108491602719,1.12134115994693,1.14212436038518,0.0897437560802674
"GSE65682","GSM1692272","Sepsis",13.00999613,1.11177614757064,1.30897722319315,1.01638936014417,-0.197201075622507
"GSE65682","GSM1692273","Sepsis",12.93590011,1.23031024915366,1.20361166429628,1.19423640047347,0.0266985848573811
"GSE65682","GSM1692274","Sepsis",12.93832247,1.12316085289084,1.17914373927913,1.13770697179209,-0.0559828863882867
"GSE65682","GSM1692275","Sepsis",12.59525462,1.11609517432909,1.13761031756275,1.08958821884348,-0.0215151432336604
"GSE65682","GSM1692276","Sepsis",12.76957948,1.24715952843186,1.11898153335139,1.10091530702657,0.128177995080468
"GSE65682","GSM1692277","Sepsis",12.92501877,1.19372098846749,1.16511797457416,1.13918836899357,0.0286030138933377
"GSE65682","GSM1692278","Sepsis",13.25623719,1.25549236807281,1.01493869709632,1.19429756797932,0.240553670976486
"GSE65682","GSM1692279","Sepsis",13.14729277,1.21724903598307,1.1537514549714,1.1621217652633,0.0634975810116751
"GSE65682","GSM1692280","Sepsis",12.93178552,1.17024660901136,1.24690299350434,1.15392421592225,-0.0766563844929773
"GSE65682","GSM1692281","Sepsis",12.21923064,1.08599592434656,1.27744551595055,1.13342247496751,-0.191449591603998
"GSE65682","GSM1692282","Sepsis",12.22820284,1.08379496712881,1.3007513425366,1.11535019028484,-0.216956375407789
"GSE65682","GSM1692283","Sepsis",13.02283591,1.21609757949847,1.16955806845223,1.1518975410756,0.0465395110462388
"GSE65682","GSM1692284","Sepsis",13.27870105,1.29394828127883,0.723531500046545,1.18226197129163,0.570416781232287
"GSE65682","GSM1692286","Sepsis",12.89723855,1.11951982788469,1.24351521839783,1.09256568687614,-0.123995390513136
"GSE65682","GSM1692287","Sepsis",13.05395806,1.19037632462538,1.12868484956203,1.22050994381839,0.0616914750633435
"GSE65682","GSM1692288","Sepsis",13.30858782,1.27905466832943,0.912055446074783,1.11811707255474,0.366999222254643
"GSE65682","GSM1692289","Sepsis",13.02722973,1.27013246817005,1.02214443106849,1.15982654872855,0.247988037101563
"GSE65682","GSM1692290","Sepsis",12.90768966,1.21595276314438,1.14720125338868,1.16824105932458,0.0687515097556979
"GSE65682","GSM1692291","Sepsis",12.84450333,1.19563002106071,1.20161191377929,1.14678925006635,-0.00598189271858218
"GSE65682","GSM1692292","Sepsis",12.43885015,1.15202814237902,1.2254906908735,1.16059960044252,-0.0734625484944835
"GSE65682","GSM1692293","Sepsis",12.9852232,1.1566351003725,1.15791354456333,1.09000463427973,-0.0012784441908309
"GSE65682","GSM1692294","Sepsis",13.29753226,1.23765150621053,1.14926815408385,1.17706046070392,0.0883833521266766
"GSE65682","GSM1692295","Sepsis",13.03734699,1.23910693154535,1.1529292998488,1.14529930764435,0.0861776316965539
"GSE65682","GSM1692296","Sepsis",13.17993268,1.2494611658864,1.04507139540396,1.16339571832674,0.204389770482433
"GSE65682","GSM1692297","Sepsis",12.6658843,1.18745983329598,1.20246510336859,1.18108359244653,-0.0150052700726153
"GSE65682","GSM1692298","Sepsis",12.8255077,1.20411364724816,1.2561298682097,1.06289961127863,-0.0520162209615351
"GSE65682","GSM1692299","Sepsis",13.15518964,1.27121157700207,0.909490055642056,1.04994549931001,0.361721521360012
"GSE65682","GSM1692300","Sepsis",12.75599514,1.17834174971793,1.15886551732296,1.132490191598,0.0194762323949638
"GSE65682","GSM1692301","Sepsis",12.94486465,1.22883196141557,0.943666547916246,1.12426580969778,0.285165413499319
"GSE65682","GSM1692302","Sepsis",13.16352319,1.273967455961,0.928854279208212,1.15405121807844,0.345113176752791
"GSE65682","GSM1692303","Sepsis",12.74776474,1.24598302385338,0.981134905778228,1.1113195577067,0.264848118075152
"GSE65682","GSM1692304","Sepsis",12.96451848,1.26206379921365,1.04516572405143,1.1446054806807,0.21689807516222
"GSE65682","GSM1692305","Sepsis",12.88729963,1.24833616431663,0.999616311640444,1.05072160193487,0.248719852676185
"GSE65682","GSM1692306","Sepsis",13.00674644,1.26538144500366,1.07423466901286,1.11428829257572,0.191146775990795
"GSE65682","GSM1692307","Sepsis",12.90351898,1.25485388413239,1.15421021241587,1.09306248210409,0.100643671716525
"GSE65682","GSM1692308","Sepsis",13.29145463,1.27374942780036,0.870408533874333,1.12394066632099,0.403340893926031
"GSE65682","GSM1692309","Sepsis",12.45401209,1.25264028032115,1.13427816193784,1.13390306821913,0.118362118383314
"GSE65682","GSM1692310","Sepsis",13.00494479,1.20899647382544,1.13349532146462,1.08955988381329,0.0755011523608176
"GSE65682","GSM1692311","Sepsis",12.6967291,1.1569624723434,1.17714826890212,1.12201856661636,-0.0201857965587182
"GSE65682","GSM1692312","Sepsis",12.73322385,1.22571277525665,0.908892499188197,1.01852783729628,0.316820276068453
"GSE65682","GSM1692313","Sepsis",12.85532199,1.19311531340406,1.18838638450087,1.17697013593187,0.00472892890318821
"GSE65682","GSM1692314","Sepsis",12.9217056,1.24376149079134,1.08623644072285,1.12936950392598,0.157525050068485
"GSE65682","GSM1692315","Sepsis",12.61186326,1.01372583313147,1.20336704395335,1.07342586292621,-0.189641210821882
"GSE65682","GSM1692316","Sepsis",13.06313939,1.26763307122725,1.10854411928204,1.07175423534757,0.159088951945209
"GSE65682","GSM1692317","Sepsis",12.80352324,1.1933119907775,1.19679074626852,1.15103714503592,-0.00347875549102739
"GSE65682","GSM1692318","Sepsis",13.17082152,1.2596522063318,1.10890679917281,1.18966993132214,0.150745407158994
"GSE65682","GSM1692319","Sepsis",12.89932335,1.26828099744514,1.00648330191754,1.12461014450975,0.261797695527609
"GSE65682","GSM1692320","Sepsis",12.83898317,1.14124788142884,1.26312275200332,1.06816918147447,-0.121874870574487
"GSE65682","GSM1692321","Sepsis",12.52542833,1.14690351248335,1.04364857348312,1.06874353038413,0.103254939000237
"GSE65682","GSM1692322","Sepsis",13.09587344,1.23515186508184,1.08698568335942,1.14954956449498,0.148166181722419
"GSE65682","GSM1692323","Sepsis",12.87478034,1.19471501772431,1.2307235988758,1.12721198234812,-0.0360085811514899
"GSE65682","GSM1692324","Sepsis",12.83613201,1.19632313861566,1.19314654714694,1.19463493175281,0.0031765914687143
"GSE65682","GSM1692326","Sepsis",12.94488662,1.21822795322283,1.14305615792593,1.0762895151179,0.0751717952969009
"GSE65682","GSM1692327","Sepsis",13.03645261,1.22829936100977,1.07215396150171,1.0049578192012,0.156145399508069
"GSE65682","GSM1692328","Sepsis",12.99733488,1.1569735543422,1.1910194555041,1.11761057151211,-0.0340459011618912
"GSE65682","GSM1692329","Sepsis",13.32472248,1.27669698458569,0.499659753320575,1.12058649401504,0.777037231265114
"GSE65682","GSM1692330","Sepsis",12.84614964,1.2186884683732,1.1431344256715,1.1068918942261,0.0755540427017003
"GSE65682","GSM1692331","Sepsis",12.9134701,1.21842203954862,1.22338759659515,1.09317037099147,-0.00496555704653545
"GSE65682","GSM1692332","Sepsis",13.29759599,1.25117395088277,0.731505465319547,1.19394368686404,0.519668485563225
"GSE65682","GSM1692333","Sepsis",12.70523645,1.2053565185153,1.18332874802567,1.09890359687817,0.0220277704896326
"GSE65682","GSM1692334","Sepsis",12.4849355,1.15657254001171,1.23423589341288,1.16364874517481,-0.0776633534011708
"GSE65682","GSM1692335","Sepsis",13.15021618,1.19021882816408,1.04813766397206,1.13836507296178,0.142081164192027
"GSE65682","GSM1692336","Sepsis",12.69976755,1.08616330972668,1.1903793075648,1.03644199847418,-0.104215997838121
"GSE65682","GSM1692337","Sepsis",13.2500263,1.27987087336922,0.917903606771707,1.20018308484241,0.361967266597515
"GSE65682","GSM1692338","Sepsis",12.64021277,0.840668948595968,1.29781877816402,1.09386129626406,-0.457149829568053
"GSE65682","GSM1692339","Sepsis",12.71324419,1.21763468464204,1.22487793642916,1.04317090108682,-0.00724325178711638
"GSE65682","GSM1692340","Sepsis",12.80629421,1.22994942749506,1.23068579317207,1.19005259532342,-0.000736365677010298
"GSE65682","GSM1692341","Sepsis",13.11375329,1.25710284665876,1.05326661014393,1.1289730896303,0.203836236514827
"GSE65682","GSM1692342","Sepsis",12.86127422,1.21877368112864,1.12411857194814,1.10000915866286,0.0946551091804997
"GSE65682","GSM1692343","Sepsis",13.06312526,1.26667386536587,0.708107448845722,1.11731853158506,0.558566416520143
"GSE65682","GSM1692344","Sepsis",12.59806775,1.14447528146923,1.18672972525602,1.17630890322467,-0.0422544437867924
"GSE65682","GSM1692345","Sepsis",12.91201602,1.14667235253444,1.17933874723988,1.04457079743043,-0.0326663947054402
"GSE65682","GSM1692346","Sepsis",12.18537307,1.13177930999228,1.14178162447637,1.15625513548076,-0.010002314484084
"GSE65682","GSM1692347","Sepsis",13.1360876,1.24251475614498,1.00454867176833,1.07303082101669,0.237966084376655
"GSE65682","GSM1692348","Sepsis",13.08108407,1.20204582091976,1.10143740014219,1.12031287503025,0.100608420777575
"GSE65682","GSM1692349","Sepsis",13.1358042,1.25123632476694,1.20156283213061,1.08591866372232,0.0496734926363218
"GSE65682","GSM1692350","Sepsis",13.24132737,1.22490991674945,0.953366920074302,1.02765247635928,0.271542996675144
"GSE65682","GSM1692352","Sepsis",12.60833509,1.05990441576572,1.2094538736701,1.05084345967307,-0.149549457904385
"GSE65682","GSM1692353","Sepsis",12.86234006,1.15282054247489,0.836558958638094,0.995633363907257,0.3162615838368
"GSE65682","GSM1692354","Sepsis",13.08570637,1.12101283852052,1.25924032420702,0.922259134003103,-0.138227485686506
"GSE65682","GSM1692355","Sepsis",12.79468137,1.12342831326884,1.17604649125711,1.12777130167816,-0.052618177988274
"GSE65682","GSM1692356","Sepsis",12.89207742,1.25367899123359,1.11423033960127,1.09573315453159,0.139448651632316
"GSE65682","GSM1692357","Sepsis",13.12142314,1.26972524772906,1.05392915545467,1.17039017950856,0.215796092274382
"GSE65682","GSM1692358","Sepsis",12.73766108,1.11743957338519,1.1687530830529,1.06140879513147,-0.0513135096677115
"GSE65682","GSM1692359","Sepsis",13.21654384,1.25507712971134,1.08128230846571,1.14823837075048,0.173794821245632
"GSE65682","GSM1692360","Sepsis",13.08608399,1.20708541287133,1.13766226607158,1.13219931962884,0.0694231467997508
"GSE65682","GSM1692361","Sepsis",13.1786454,1.28442413033484,0.912393696340131,1.14872498647077,0.372030433994706
"GSE65682","GSM1692362","Sepsis",13.35839162,1.27540493238534,0.96074128877674,1.15432165664503,0.3146636436086
"GSE65682","GSM1692363","Sepsis",12.98705164,1.17783754447324,1.13904174266667,1.10920940850194,0.0387958018065702
"GSE65682","GSM1692364","Sepsis",13.53619721,1.26422621927258,0.980940635455408,1.16747618791443,0.283285583817173
"GSE65682","GSM1692365","Sepsis",12.75339298,1.23427816921682,1.06889350591075,1.09725445100453,0.165384663306063
"GSE65682","GSM1692366","Sepsis",12.96169271,1.21432634986779,1.21165832204676,1.07416864448442,0.00266802782103737
"GSE65682","GSM1692367","Sepsis",12.83132413,1.19661496048584,1.20443900569422,1.16580804506673,-0.00782404520838198
"GSE65682","GSM1692368","Sepsis",12.91567934,1.21673139783557,1.09159404263544,1.15320301539256,0.125137355200129
"GSE65682","GSM1692369","Sepsis",12.96445162,1.21043974776814,1.14922023345277,1.09029992764001,0.061219514315372
"GSE65682","GSM1692370","Sepsis",12.78694382,1.21607353609028,1.13900783457024,1.12656112937776,0.0770657015200418
"GSE65682","GSM1692371","Sepsis",12.82761552,1.18067943240064,0.989312067370247,1.09060706010633,0.191367365030394
"GSE65682","GSM1692372","Sepsis",12.94756376,1.24865556990143,1.2057279519133,1.06402123406708,0.0429276179881313
"GSE65682","GSM1692373","Sepsis",13.00490886,1.22524900140117,1.11497722288705,1.06229077871247,0.110271778514118
"GSE65682","GSM1692374","Sepsis",13.21970544,1.28911084329179,0.992241126733936,1.16188392482761,0.296869716557854
"GSE65682","GSM1692375","Sepsis",13.03968442,1.24740390973917,0.989009581634105,0.982428497339798,0.258394328105064
"GSE65682","GSM1692376","Sepsis",12.28293611,1.18333309088915,1.25001154976843,1.16989776714604,-0.0666784588792806
"GSE65682","GSM1692377","Sepsis",12.50319175,1.13947031001813,1.22536323090682,1.20257884618375,-0.0858929208886809
"GSE65682","GSM1692378","Sepsis",13.01210428,1.21068775919853,1.13755649119312,1.13928714507791,0.0731312680054133
"GSE65682","GSM1692379","Sepsis",13.32479101,1.27764121900401,0.905873940756597,1.07979432641905,0.371767278247417
"GSE65682","GSM1692380","Sepsis",12.77645738,1.18457346325384,1.12230383842642,1.0807915992392,0.0622696248274173
"GSE65682","GSM1692381","Sepsis",12.94409522,1.24833220220034,1.09045680205237,1.09103979147962,0.157875400147972
"GSE65682","GSM1692382","Sepsis",13.00856705,1.20697991436208,1.07483602345287,1.07404876722113,0.132143890909213
"GSE65682","GSM1692383","Sepsis",13.20983551,1.25039052286544,1.07242244904572,1.0788856720207,0.177968073819714
"GSE65682","GSM1692384","Sepsis",12.85163596,1.16646086283683,1.13495628685724,1.09338884529804,0.03150457597959
"GSE65682","GSM1692385","Sepsis",13.13634278,1.23845228880849,1.04845757091473,1.09363721731861,0.189994717893761
"GSE65682","GSM1692386","Sepsis",13.16634655,1.26403994141813,1.01006966612796,1.1537483023682,0.253970275290169
"GSE65682","GSM1692387","Sepsis",13.06886759,1.26677775048698,0.864020542260079,1.0912023854312,0.402757208226904
"GSE65682","GSM1692388","Sepsis",13.02602756,1.25501989366878,0.916040269943865,1.14313209796778,0.33897962372492
"GSE65682","GSM1692389","Sepsis",12.90361927,1.08515088668863,1.29010469496937,1.12756897328762,-0.204953808280733
"GSE65682","GSM1692390","Sepsis",12.70853667,1.12400498376808,1.2341218944679,1.10858478644957,-0.110116910699822
"GSE65682","GSM1692391","Sepsis",13.51222343,1.28344640524199,0.782252165432721,1.14627525519544,0.50119423980927
"GSE65682","GSM1692392","Sepsis",13.10309618,1.22651700618171,1.07456982040575,1.13937458780451,0.151947185775957
"GSE65682","GSM1692393","Sepsis",12.61095426,1.19645104090476,1.24100958802378,1.11654424496039,-0.0445585471190117
"GSE65682","GSM1692394","Sepsis",12.7515151,1.1163243397286,1.20159962808752,1.0957028826088,-0.0852752883589143
"GSE65682","GSM1692395","Sepsis",12.81359497,1.2111209946644,1.14808892379271,1.11622682634985,0.0630320708716818
"GSE65682","GSM1692396","Sepsis",13.10891874,1.19882682815526,1.16435544554391,1.19998702542538,0.0344713826113483
"GSE65682","GSM1692397","Sepsis",13.19827739,1.26313156606449,1.08538181594497,1.09873582006697,0.177749750119516
"GSE65682","GSM1692398","Sepsis",13.2171895,1.28261794946375,1.02327849105425,1.10373022265014,0.259339458409496
"GSE65682","GSM1692399","Sepsis",12.83375275,1.24248157662893,1.13590539045839,1.07259530263955,0.106576186170538
"GSE65682","GSM1692400","Sepsis",12.42376398,1.1572569017146,1.22075478838913,1.12285001525593,-0.0634978866745302
"GSE65682","GSM1692402","Sepsis",12.59864809,1.17484960451617,1.15231731666363,1.08563483886857,0.0225322878525351
"GSE65682","GSM1692404","Sepsis",12.77192177,1.24527811475032,1.1008714119845,1.19415688867574,0.144406702765817
"GSE65682","GSM1692405","Sepsis",12.7949983,1.16293642065056,1.15682096323105,1.11874614672062,0.00611545741950525
"GSE65682","GSM1692406","Sepsis",12.84710837,1.1981220351366,1.20050413874051,1.19653918151738,-0.002382103603908
"GSE65682","GSM1692407","Sepsis",12.78046044,1.12781621690184,1.17617753014351,1.1684593563718,-0.0483613132416745
"GSE65682","GSM1692408","Sepsis",13.31301653,1.27696269974205,1.02648210281009,1.1744827466964,0.250480596931963
"GSE65682","GSM1692409","Sepsis",13.24461923,1.2837210643325,0.913204524190831,1.1166299105811,0.37051654014167
"GSE65682","GSM1692410","Sepsis",12.78561375,1.16574535039085,1.11291340839713,1.1220963988348,0.0528319419937242
"GSE65682","GSM1692411","Sepsis",12.86670699,1.17199973664057,1.28966006466948,1.1050107933037,-0.117660328028901
"GSE65682","GSM1692412","Sepsis",13.12088046,1.25566070543527,1.19424188195268,1.14094828434402,0.0614188234825965
"GSE65682","GSM1692413","Sepsis",12.7348962,1.19629673691003,1.06884100369157,1.10767943205059,0.127455733218461
"GSE65682","GSM1692414","Sepsis",12.97343786,1.18419087451525,1.14080121143299,1.10047310526269,0.0433896630822532
"GSE65682","GSM1692415","Sepsis",13.12985662,1.24549177908893,1.11042091514973,1.2139985049542,0.135070863939207
"GSE65682","GSM1692416","Sepsis",13.067414,1.27139699114796,0.9735676860284,1.13865255657408,0.297829305119561
"GSE65682","GSM1692417","Sepsis",12.44871486,1.10260514944692,1.24632146448178,1.12342493681126,-0.143716315034859
"GSE65682","GSM1692418","Sepsis",12.57838954,1.13813299089175,1.26989827936971,1.07995472423179,-0.131765288477954
"GSE65682","GSM1692419","Sepsis",13.04560022,1.1666781284218,1.22888867810369,1.01825714620962,-0.0622105496818939
"GSE65682","GSM1692420","Sepsis",12.75216112,1.15205362035113,1.16463696555785,1.11392221066505,-0.0125833452067194
"GSE65682","GSM1692421","Sepsis",13.1473824,1.23347880985734,1.20663383883515,1.07104538961575,0.0268449710221916
"GSE65682","GSM1692422","Sepsis",12.88633579,1.20077048472301,1.15752952765196,1.11004678126659,0.0432409570710417
"GSE65682","GSM1692423","Sepsis",12.48036175,1.07896784238071,1.2606861242533,1.10339824493531,-0.181718281872597
"GSE65682","GSM1692424","Sepsis",13.27987794,1.28471764750363,0.946086463202194,1.13321865961733,0.338631184301435
"GSE65682","GSM1692425","Sepsis",13.03994749,1.25045445599161,1.15197289034023,1.14318151567783,0.0984815656513791
"GSE65682","GSM1692426","Sepsis",12.72826838,1.25522653108334,1.0356762467657,1.07788121083179,0.219550284317642
"GSE65682","GSM1692427","Sepsis",12.54127571,1.1579039663647,1.21467243171031,1.12422325960913,-0.0567684653456031
"GSE65682","GSM1692428","Sepsis",12.99689734,1.27191016108231,1.09721472856909,1.11091863395594,0.174695432513219
"GSE65682","GSM1692429","Sepsis",12.86516288,1.21398330159535,1.13209270592497,1.08069879452501,0.0818905956703764
"GSE65682","GSM1692430","Sepsis",13.04758621,1.22541463019219,1.15934551988904,1.0552326199465,0.0660691103031483
"GSE65682","GSM1692431","Sepsis",13.09788059,1.26016007513852,1.19666495013203,1.0961525896587,0.063495125006493
"GSE65682","GSM1692432","Sepsis",12.68967743,1.12745899286503,1.23380184124261,1.08624036734078,-0.106342848377579
"GSE65682","GSM1692433","Sepsis",12.7438447,1.08416233686369,1.28822985007839,1.18028659566555,-0.204067513214703
"GSE65682","GSM1692434","Sepsis",13.11118701,1.28656378532642,1.03696810739264,1.15090611748984,0.249595677933776
"GSE65682","GSM1692435","Sepsis",13.12720459,1.19172575311205,1.07974119211917,1.12972419488608,0.111984560992883
"GSE65682","GSM1692436","Sepsis",12.9235373,1.20803431836854,1.1454977844606,1.21480834520651,0.0625365339079478
"GSE65682","GSM1692437","Sepsis",12.76566299,1.16488462062332,1.26600177192622,1.15251012667951,-0.101117151302903
"GSE65682","GSM1692438","Sepsis",12.90889481,1.26559002809501,1.14190081076752,1.13374748132866,0.123689217327495
"GSE65682","GSM1692439","Sepsis",12.8499688,1.19410077201991,1.24755164307823,1.10911871468935,-0.0534508710583255
"GSE65682","GSM1692440","Sepsis",13.26534274,1.24645384402131,1.109225166342,1.18499274194671,0.137228677679303
"GSE65682","GSM1692441","Sepsis",12.85480142,1.23112724828735,1.17612737290277,1.10667741952935,0.0549998753845764
"GSE65682","GSM1692442","Sepsis",12.91345019,1.1902479154121,1.21436525372462,1.14424548305213,-0.0241173383125171
"GSE65682","GSM1692443","Sepsis",12.22642999,1.26998622592597,0.783252030501926,1.20058473274222,0.48673419542404
"GSE65682","GSM1692444","Sepsis",12.83393514,1.1821740263236,1.17092188374786,1.10808780629494,0.0112521425757341
"GSE65682","GSM1692445","Sepsis",13.02143831,1.23121830250597,0.992100804025068,1.1826947747884,0.239117498480903
"GSE65682","GSM1692446","Sepsis",12.63071583,1.19544570550474,1.12278127308884,1.19046705298165,0.0726644324158974
"GSE65682","GSM1692447","Sepsis",12.6132742,1.1814235140534,1.17312977019508,1.07251461190072,0.0082937438583206
"GSE65682","GSM1692448","Sepsis",13.11508154,1.28194510335546,0.829452013198123,1.19069722755474,0.45249309015734
"GSE65682","GSM1692449","Sepsis",13.13163785,1.25695364272976,1.0712004868376,1.08073767058098,0.185753155892165
"GSE65682","GSM1692450","Sepsis",12.61864727,1.16750809330459,1.15580335162544,1.0459274017409,0.0117047416791431
"GSE65682","GSM1692451","Sepsis",12.63253884,1.15459144757484,1.21620256827654,1.12943528119026,-0.0616111207017005
"GSE65682","GSM1692452","Sepsis",12.87615381,1.26430282590429,1.16222013656749,1.14912889563556,0.102082689336806
"GSE65682","GSM1692453","Sepsis",12.60372826,1.21623064244371,1.0066799832189,1.04813602457298,0.209550659224817
"GSE65682","GSM1692454","Sepsis",13.19654811,1.26188880105508,1.06465967405521,1.17947534125106,0.197229126999872
"GSE65682","GSM1692455","Sepsis",12.77306652,1.13949680648589,1.2456768020108,1.17289908301491,-0.10617999552491
"GSE65682","GSM1692456","Sepsis",12.52950977,1.14823701657192,1.19566236940479,1.12990579283884,-0.0474253528328727
"GSE65682","GSM1692457","Sepsis",13.15523526,1.26747414484516,1.15680400077503,1.15828361316632,0.110670144070129
"GSE65682","GSM1692458","Sepsis",12.6375338,1.162628897377,1.05470068404044,1.12425472934256,0.107928213336566
"GSE65682","GSM1692459","Sepsis",13.13364347,1.26889981413792,0.854343857359459,1.1337793877859,0.414555956778458
"GSE65682","GSM1692460","Sepsis",12.56723314,1.15949618048862,1.23500904963583,1.14128282965188,-0.0755128691472151
"GSE65682","GSM1692461","Sepsis",12.83818414,1.22757038571778,0.981314832685723,1.10123512550822,0.246255553032059
"GSE65682","GSM1692462","Sepsis",12.89150389,1.1690434013425,1.22505656770176,1.12627648357055,-0.0560131663592598
"GSE65682","GSM1692463","Sepsis",12.74017428,1.20832823154225,1.10296476787137,1.09003908774594,0.105363463670877
"GSE65682","GSM1692465","Sepsis",13.15751725,1.2631053232807,0.919453520143471,1.13136304540647,0.34365180313723
"GSE65682","GSM1692466","Sepsis",13.03765832,1.14757362629654,1.17281079542841,1.08942633081185,-0.0252371691318756
"GSE65682","GSM1692467","Sepsis",13.27149731,1.27633118742548,0.520433377316274,1.10591309869036,0.755897810109209
"GSE65682","GSM1692468","Sepsis",12.99757174,1.20058447821218,1.18572012248669,1.02907502635824,0.0148643557254862
"GSE65682","GSM1692469","Sepsis",12.57556228,1.10921977645503,1.24197446027582,1.03770337781398,-0.132754683820789
"GSE65682","GSM1692470","Sepsis",13.06722595,1.2466948505603,1.11074597603427,1.08578244938874,0.135948874526027
"GSE65682","GSM1692471","Sepsis",13.41496925,1.26241135787498,0.81329057247855,1.09042750969855,0.449120785396434
"GSE65682","GSM1692472","Sepsis",12.96622328,1.20194405739132,1.19229784792087,1.17049588041622,0.00964620947045036
"GSE65682","GSM1692473","Sepsis",13.02434598,1.17432480711504,1.16846860110215,1.1318517805234,0.00585620601288905
"GSE65682","GSM1692474","Sepsis",13.20818465,1.26476314303401,1.1823731949986,1.14901994552027,0.0823899480354147
"GSE65682","GSM1692475","Sepsis",12.46960932,1.14454847040095,1.23741104185934,1.16089939940734,-0.0928625714583859
"GSE65682","GSM1692476","Sepsis",12.81652014,1.21092258106,1.12577005454441,1.0607505294663,0.0851525265155848
"GSE65682","GSM1692477","Sepsis",13.17136829,1.24518582589431,1.09063903866388,1.14131659010892,0.154546787230425
"GSE65682","GSM1692478","Sepsis",12.83476136,1.15335968547494,1.04995507788231,1.02690717400799,0.103404607592636
"GSE65682","GSM1692479","Sepsis",12.56527282,1.14822173626359,1.22866232572554,1.16494610402131,-0.0804405894619424
"GSE65682","GSM1692480","Sepsis",13.18577384,1.25957518454069,1.15850655840708,1.13542310113526,0.101068626133613
"GSE65682","GSM1692481","Sepsis",13.16806307,1.23405334341746,1.18308430858502,1.17443335137201,0.0509690348324341
"GSE65682","GSM1692482","Sepsis",13.14204372,1.24996703752342,0.897556706186536,1.12776132483175,0.352410331336886
"GSE65682","GSM1692483","Sepsis",12.59461903,1.19547004757614,1.21071887991894,1.12859815873501,-0.0152488323428022
"GSE65682","GSM1692484","Sepsis",13.10015091,1.25051262005117,1.0348345418097,1.05486865679144,0.215678078241475
"GSE65682","GSM1692485","Sepsis",12.9781346,1.26434308836065,0.983871157296109,1.09051493828204,0.280471931064545
"GSE65682","GSM1692487","Sepsis",13.01063811,1.20078535710774,1.21600056629093,1.12766488724177,-0.0152152091831881
"GSE65682","GSM1692488","Sepsis",12.81720809,1.21319177720903,1.05140790970728,1.18530429509367,0.161783867501745
"GSE65682","GSM1692489","Sepsis",12.89863214,1.18368977950599,1.0521478993922,1.14564007357924,0.131541880113791
"GSE65682","GSM1692490","Sepsis",13.1328478,1.27936080328207,0.867208576251773,1.06669863847134,0.412152227030302
"GSE65682","GSM1692491","Sepsis",12.77480777,1.22608533486503,1.20779331106217,1.1466479384941,0.0182920238028617
"GSE65682","GSM1692492","Sepsis",12.45856783,1.09187786827631,1.25163511614813,1.09787460104396,-0.159757247871826
"GSE65682","GSM1692493","Sepsis",12.87154085,1.25712508425632,1.16531263025309,1.18831258269801,0.0918124540032206
"GSE65682","GSM1692494","Sepsis",12.70504012,1.18877706578177,1.24396477431496,1.04518714126877,-0.0551877085331913
"GSE65682","GSM1692495","Sepsis",12.67623666,1.16408588151071,1.19782936620594,1.09338290131121,-0.0337434846952214
"GSE65682","GSM1692496","Sepsis",12.63687848,1.08960644258293,1.23101454431507,1.07583279552652,-0.14140810173214
"GSE65682","GSM1692497","Sepsis",13.19443138,1.18413382201257,1.17917866217225,1.12279733990916,0.00495515984031236
"GSE65682","GSM1692498","Sepsis",11.67951966,1.00985406477586,1.26811208473953,1.08909586737494,-0.258258019963664
"GSE65682","GSM1692499","Sepsis",13.24456296,1.29647201612898,0.889697029353745,1.11584640458145,0.406774986775235
"GSE65682","GSM1692501","Sepsis",13.10722895,1.21658567531876,1.15015404725068,1.15363491538265,0.0664316280680759
"GSE65682","GSM1692502","Sepsis",12.78322182,1.20207963947425,1.15355227867507,1.11776541533806,0.0485273607991825
"GSE65682","GSM1692503","Sepsis",12.08806003,1.08317172223052,1.2452929307641,1.12937780217163,-0.162121208533583
"GSE65682","GSM1692504","Sepsis",13.09501357,1.2148671896228,1.05770821202816,1.13394515648979,0.157158977594638
"GSE26440","GSM648590","Sepsis",1.687,0.468397671362846,-0.26411216693095,0.225484749737314,0.732509838293796
"GSE26440","GSM648591","Sepsis",1.6995,0.410298364826305,-0.0816826779654783,0.391697489211647,0.491981042791783
"GSE26440","GSM648592","Sepsis",1.8295,0.483976525059231,-0.352130147521854,0.314362978158593,0.836106672581085
"GSE26440","GSM648593","Sepsis",1.8515,0.49025110409601,-0.34552936195132,0.49542100282203,0.83578046604733
"GSE26440","GSM648594","Sepsis",1.7775,0.47887931115775,-0.415368926842766,0.485349133480546,0.894248238000516
"GSE26440","GSM648595","Sepsis",1.1465,0.4946343918991,-0.0321623696406725,0.479503780790255,0.526796761539772
"GSE26440","GSM648596","Sepsis",1.508,0.441052709915937,-0.310121287023824,0.359977594277379,0.751173996939761
"GSE26440","GSM648597","Sepsis",2.0285,0.478991032751765,-0.166518383607276,0.452627886802018,0.645509416359042
"GSE26440","GSM648598","Sepsis",2.436,0.501107958280287,-0.391061111814312,0.481589630160661,0.892169070094599
"GSE26440","GSM648599","Sepsis",1.936,0.493377513540831,-0.350760107658766,0.329104700885002,0.844137621199597
"GSE26440","GSM648600","Sepsis",1.604,0.495439650557058,-0.318755003749357,0.363805525641394,0.814194654306415
"GSE26440","GSM648601","Sepsis",1.591,0.508122857047923,-0.404522191388142,0.468174911380358,0.912645048436065
"GSE26440","GSM648602","Sepsis",1.638,0.5094354392599,-0.439478724454803,0.371626089617912,0.948914163714703
"GSE26440","GSM648603","Sepsis",1.764,0.50333607711822,-0.346164457208731,0.334837435961141,0.849500534326951
"GSE26440","GSM648604","Sepsis",1.8135,0.509590827648752,-0.411791867806783,0.383015238006693,0.921382695455534
"GSE26440","GSM648605","Sepsis",2.027,0.386179259082576,-0.244585414824558,-0.0649944190281098,0.630764673907134
"GSE26440","GSM648606","Sepsis",1.8335,0.405286590535114,-0.356746343065339,-0.0891528310860263,0.762032933600452
"GSE26440","GSM648607","Sepsis",1.813,0.503069953208936,-0.447840408976351,0.441990657403383,0.950910362185287
"GSE26440","GSM648608","Sepsis",1.7015,0.502290620506953,-0.384508393937466,0.376217096994409,0.88679901444442
"GSE26440","GSM648609","Sepsis",1.563,0.506948107000214,-0.416906746059709,0.432618164265835,0.923854853059922
"GSE26440","GSM648610","Sepsis",1.9505,0.483794026529248,-0.209241942582814,0.244811911389885,0.693035969112062
"GSE26440","GSM648611","Sepsis",1.745,0.451360734741438,-0.295646610337381,0.317106042890674,0.747007345078819
"GSE26440","GSM648612","Sepsis",1.9765,0.495885697789776,-0.108593846671337,0.473289418191857,0.604479544461113
"GSE26440","GSM648613","Sepsis",2.1105,0.44174365327444,-0.406501198747009,0.239273602813036,0.848244852021449
"GSE26440","GSM648614","Sepsis",2.07,0.449573049214929,-0.299002063256204,0.338885664843744,0.748575112471133
"GSE26440","GSM648615","Sepsis",2.4495,0.376036040995259,-0.349356890454567,-0.0341259078447593,0.725392931449826
"GSE26440","GSM648616","Sepsis",1.612,0.170523699070686,0.0512932479820574,0.0942674639329709,0.119230451088628
"GSE26440","GSM648617","Sepsis",1.133,0.42003312796453,-0.348974986773384,0.337015948898731,0.769008114737914
"GSE26440","GSM648618","Sepsis",1.5725,0.329170438738565,-0.448332543394955,0.291671715482153,0.777502982133521
"GSE26440","GSM648619","Sepsis",1.665,0.499190520526656,-0.00122057181675335,0.43530137813214,0.500411092343409
"GSE26440","GSM648620","Sepsis",1.7175,0.475529719321453,-0.38729531710356,0.332611126158423,0.862825036425013
"GSE26440","GSM648621","Sepsis",1.49,0.480613677764989,-0.248219864633853,0.351520027874957,0.728833542398843
"GSE26440","GSM648622","Sepsis",1.9455,0.507637404790941,-0.41186654035582,0.480131392378669,0.919503945146761
"GSE26440","GSM648623","Sepsis",2.0385,0.475508002914884,-0.297137107473501,0.468215762474678,0.772645110388385
"GSE26440","GSM648624","Sepsis",2.043,0.50418058569261,-0.319944668502711,0.445015659951206,0.824125254195321
"GSE26440","GSM648625","Sepsis",2.5095,0.480024908580873,-0.231710946431017,0.438452986373171,0.711735855011891
"GSE26440","GSM648626","Sepsis",1.746,0.499033132169089,-0.314463525682721,0.281413478046685,0.81349665785181
"GSE26440","GSM648627","Sepsis",2.116,0.493642761623768,-0.0819724325533466,0.418347163018438,0.575615194177115
"GSE26440","GSM648628","Sepsis",1.99,0.447727301901011,-0.248292071652964,0.359418398789911,0.696019373553975
"GSE26440","GSM648629","Sepsis",1.7815,0.508148420194045,-0.365721464419643,0.385876955649566,0.873869884613688
"GSE26440","GSM648630","Healthy",0.6215,-0.20346384394263,0.12433537031838,-0.371842462491888,-0.32779921426101
"GSE26440","GSM648631","Healthy",1.1175,0.223042532415134,0.180035836681531,0.1979958735692,0.0430066957336027
"GSE26440","GSM648632","Healthy",0.8245,0.19055820830282,0.112363599144508,0.00275956231172771,0.0781946091583129
"GSE26440","GSM648633","Sepsis",1.663,0.511306223161336,-0.415501456551797,0.484019339027636,0.926807679713132
"GSE26440","GSM648634","Sepsis",2.1865,0.503249948328992,-0.284856213989528,0.436267515023636,0.788106162318519
"GSE26440","GSM648635","Sepsis",1.9115,0.512658796895281,-0.398859084593342,0.37376445966629,0.911517881488624
"GSE26440","GSM648636","Sepsis",1.85,0.491746535737336,-0.431736185839973,0.389158683720706,0.923482721577309
"GSE26440","GSM648637","Healthy",2.562,0.0516165929218236,-0.169064276376571,-0.254636170617335,0.220680869298394
"GSE26440","GSM648638","Healthy",2.022,0.147628264627895,-0.0820386688153181,-0.143887265440488,0.229666933443213
"GSE26440","GSM648639","Healthy",1.7715,-0.0766707884037431,-0.156165629437924,-0.484982277583568,0.0794948410341809
"GSE26440","GSM648640","Healthy",1.654,0.00665808295589458,-0.0607812055106398,-0.399469539658023,0.0674392884665344
"GSE26440","GSM648641","Healthy",1.8705,0.320236886446718,0.239671797740462,0.330737241361828,0.0805650887062563
"GSE26440","GSM648642","Sepsis",1.944,0.461336787294048,-0.396475898614307,0.258602633010493,0.857812685908355
"GSE26440","GSM648643","Sepsis",2.0435,0.419853398028419,-0.231721291671022,0.172820231329268,0.651574689699441
"GSE26440","GSM648644","Sepsis",1.1185,0.0356752500129059,-0.140525820680588,-0.278709134137113,0.176201070693494
"GSE26440","GSM648645","Sepsis",2.1115,0.483061425467622,-0.487341203104719,0.425558162635551,0.97040262857234
"GSE26440","GSM648646","Sepsis",1.821,0.333753338203157,-0.252639692464346,0.200961640633547,0.586393030667503
"GSE26440","GSM648647","Sepsis",1.7385,0.468312022440691,-0.241821844071713,0.186283934842382,0.710133866512403
"GSE26440","GSM648648","Sepsis",1.697,0.509817804552703,-0.453056687649506,0.414830268253461,0.96287449220221
"GSE26440","GSM648649","Sepsis",1.684,0.509663227269603,-0.310194617135412,0.406049612665711,0.819857844405015
"GSE26440","GSM648650","Sepsis",2.513,0.504585102864707,-0.420935170484828,0.279302657230621,0.925520273349534
"GSE26440","GSM648651","Sepsis",1.9185,0.50771350934658,-0.4250460901283,0.459022864888548,0.93275959947488
"GSE26440","GSM648652","Sepsis",1.561,0.51108606852235,-0.411332429102055,0.434834695284261,0.922418497624405
"GSE26440","GSM648653","Sepsis",2.3375,0.508287549901768,-0.45747739666185,0.469367251368883,0.965764946563618
"GSE26440","GSM648654","Sepsis",2.044,0.468298317694943,-0.224616734232022,0.197524186514256,0.692915051926965
"GSE26440","GSM648655","Sepsis",1.955,0.504977871338153,-0.473062891283958,0.496595802145141,0.978040762622111
"GSE26440","GSM648656","Sepsis",1.575,0.293776993065117,-0.212538595190405,-0.00648459508204854,0.506315588255521
"GSE26440","GSM648657","Sepsis",1.803,0.509606902904001,-0.266244651707177,0.436980014441164,0.775851554611178
"GSE26440","GSM648658","Sepsis",1.8485,0.500342235313205,-0.17090322469923,0.505866185631039,0.671245460012436
"GSE26440","GSM648659","Sepsis",1.8665,0.499336045578122,-0.443337662215946,0.322569231772506,0.942673707794069
"GSE26440","GSM648660","Sepsis",1.8865,0.509917274276046,-0.46357843230584,0.409034628529777,0.973495706581886
"GSE26440","GSM648661","Sepsis",2.8805,0.498810036795554,-0.395950436683754,0.393902844364821,0.894760473479308
"GSE26440","GSM648662","Sepsis",3.2665,0.502353422730074,-0.212245560484453,0.3528418212496,0.714598983214527
"GSE26440","GSM648663","Sepsis",3.3965,0.478571830888241,-0.300210436478743,0.284598705547599,0.778782267366984
"GSE26440","GSM648664","Sepsis",1.995,0.503591489392645,-0.427972632357623,0.330267844178015,0.931564121750267
"GSE26440","GSM648665","Sepsis",2.753,0.488147782413927,-0.413142994226791,0.409507626184358,0.901290776640717
"GSE26440","GSM648666","Sepsis",1.588,0.473492409250249,-0.164105167920159,0.425945435235242,0.637597577170409
"GSE26440","GSM648667","Sepsis",1.715,0.498599003814156,-0.364562196596921,0.31716393582995,0.863161200411077
"GSE26440","GSM648668","Healthy",0.2595,0.270305682872616,0.0444498940566579,0.355254454347722,0.225855788815958
"GSE26440","GSM648669","Healthy",0.4005,-0.121559753887709,0.295226967200658,-0.0900805190765506,-0.416786721088368
"GSE26440","GSM648670","Sepsis",2.5375,0.410388396445576,-0.281365986676742,0.261989154049145,0.691754383122318
"GSE26440","GSM648671","Healthy",0.525,-0.261681133983433,0.387779854570286,-0.147790562961506,-0.649460988553719
"GSE26440","GSM648672","Healthy",0.7235,-0.00333593707813397,0.068601644171737,0.122400288722068,-0.071937581249871
"GSE26440","GSM648673","Healthy",1.3025,-0.0733505111973795,0.239011228489418,-0.18868634860796,-0.312361739686797
"GSE26440","GSM648674","Healthy",1.4325,0.159117451773781,-0.129374495681916,0.323917223992654,0.288491947455698
"GSE26440","GSM648675","Sepsis",1.8765,0.444142663116014,-0.425469604959697,0.38476328300613,0.86961226807571
"GSE26440","GSM648676","Healthy",1.6085,0.362630412727833,-0.110104763355544,0.4808627217614,0.472735176083377
"GSE26440","GSM648677","Healthy",1.142,0.188521029642658,-0.142101999630112,0.261314707900313,0.33062302927277
"GSE26440","GSM648678","Healthy",0.964,-0.204553601403385,-0.353805171940544,-0.232370271111781,0.149251570537158
"GSE26440","GSM648679","Healthy",0.7275,-0.145377453341322,-0.100799204048224,-0.0774802028486253,-0.0445782492930978
"GSE26440","GSM648680","Sepsis",1.849,0.50864309014464,-0.405335802666787,0.428308836699857,0.913978892811428
"GSE26440","GSM648681","Healthy",1.6525,0.424210596669152,-0.403652060104735,0.441512213722867,0.827862656773887
"GSE26440","GSM648682","Sepsis",5.01,0.16754744869034,-0.109643472108742,-0.192086783831774,0.277190920799082
"GSE26440","GSM648683","Sepsis",1.8415,0.491484632016925,-0.160087212879673,0.278932443324569,0.651571844896598
"GSE26440","GSM648684","Sepsis",1.718,0.493285282677945,-0.176309731992309,0.479370139092724,0.669595014670254
"GSE26440","GSM648685","Sepsis",2.2845,0.505005300765018,-0.318474554111572,0.455477631319924,0.823479854876589
"GSE26440","GSM648686","Healthy",1.4465,-0.00503959420021936,0.106472866796817,0.156588512225859,-0.111512460997036
"GSE26440","GSM648687","Healthy",0.99,0.122508689581862,0.227083996146509,0.0337384651836674,-0.104575306564646
"GSE26440","GSM648688","Healthy",0.9625,0.141705969275115,0.367014255151698,0.188342929317275,-0.225308285876583
"GSE26440","GSM648689","Healthy",1.1385,0.30133749119401,0.162369682337397,0.346558741211137,0.138967808856613
"GSE26440","GSM648690","Healthy",1.1055,-0.0234079458234481,0.226182426161143,-0.210900739000936,-0.249590371984591
"GSE26440","GSM648691","Healthy",0.6585,-0.0856528756649772,0.308709576811234,-0.326872835764746,-0.394362452476211
"GSE26440","GSM648692","Healthy",0.302,-0.202260826759128,-0.0830841113908435,-0.487179031978797,-0.119176715368285
"GSE26440","GSM648693","Healthy",0.588,-0.0261245540417597,0.0334495006895626,-0.0102512260039537,-0.0595740547313224
"GSE26440","GSM648694","Healthy",0.3145,-0.148526020561721,-0.0199714259890415,-0.264401789871927,-0.128554594572679
"GSE26440","GSM648695","Sepsis",1.5865,0.464673612211158,-0.201705994120157,0.0954214187567076,0.666379606331314
"GSE26440","GSM648696","Sepsis",1.9745,0.485049404209129,-0.255547765293583,0.253636258371883,0.740597169502712
"GSE26440","GSM648697","Sepsis",2.507,0.506020131695245,-0.481277498698238,0.409279565688352,0.987297630393483
"GSE26440","GSM648698","Sepsis",1.5145,0.383084285393794,-0.353223374007987,0.205054754251808,0.736307659401781
"GSE26440","GSM648699","Healthy",1.23,0.094564866386159,-0.0105873886380788,0.1923582521965,0.105152255024238
"GSE26440","GSM648700","Healthy",1.5555,0.363324187279371,-0.249498082914815,0.485221782810955,0.612822270194186
"GSE26440","GSM648701","Healthy",1.5785,0.236731504454984,-0.014706642255458,0.28872183948724,0.251438146710442
"GSE26440","GSM648702","Sepsis",1.6325,0.50285914122029,-0.377244895686698,0.473157561848847,0.880104036906988
"GSE26440","GSM648703","Healthy",1.458,0.148698263781105,0.0468495042669521,0.217131911957217,0.101848759514153
"GSE26440","GSM648704","Sepsis",1.6465,0.142796771614023,-0.179291677055015,-0.164679819187744,0.322088448669039
"GSE26440","GSM648705","Sepsis",1.8775,0.502859693622896,-0.272011858294511,0.406575063833942,0.774871551917406
"GSE26440","GSM648706","Sepsis",1.494,0.208773225634882,-0.184031554276362,-0.0908488879407491,0.392804779911244
"GSE26440","GSM648707","Sepsis",1.7265,0.334461642492261,-0.44466099665003,0.207857378331402,0.779122639142291
"GSE26440","GSM648708","Sepsis",1.655,0.487097207831736,-0.372152165478312,0.246977739747596,0.859249373310048
"GSE26440","GSM648709","Sepsis",2.111,0.442698118290221,-0.398290929291734,0.112378750461171,0.840989047581956
"GSE26440","GSM648710","Sepsis",1.809,0.503602972847125,-0.381634134321538,0.453497714883304,0.885237107168663
"GSE26440","GSM648711","Sepsis",1.889,0.506127134757075,-0.283725008995959,0.485514733326675,0.789852143753034
"GSE26440","GSM648712","Sepsis",2.181,0.493988517094945,-0.235762432621938,0.385870152623969,0.729750949716882
"GSE26440","GSM648713","Sepsis",1.816,0.501758388163745,-0.351528948013269,0.457885247387802,0.853287336177013
"GSE26440","GSM648714","Sepsis",1.8405,0.418573444009519,-0.277179112438071,0.109216067359926,0.69575255644759
"GSE26440","GSM648715","Sepsis",1.657,0.504582757257465,-0.23062008615453,0.391462487372471,0.735202843411995
"GSE26440","GSM648716","Sepsis",1.563,0.479461392410572,-0.061012453507512,0.469246089806725,0.540473845918084
"GSE26440","GSM648717","Sepsis",0.8015,0.410961149993206,-0.221529032375265,0.209585635245223,0.632490182368471
"GSE26440","GSM648718","Sepsis",1.4165,0.441971672740223,-0.276280257026294,0.397160375668166,0.718251929766517
"GSE26440","GSM648719","Sepsis",1.8545,0.509455005649612,-0.45940365280208,0.456482228589761,0.968858658451693
"GSE28750","GSM712478","Sepsis",11.67597861,2.38262277278909,2.12081058064744,2.51435613616053,0.261812192141655
"GSE28750","GSM712479","Sepsis",11.444438297,2.36658815229556,2.08167118244253,2.49019176313767,0.284916969853037
"GSE28750","GSM712480","Sepsis",10.7404712425,2.56197891679128,1.8163172746732,2.53224208082917,0.745661642118084
"GSE28750","GSM712481","Sepsis",11.052769071,2.55505962441788,1.60456303531055,2.47732574304833,0.950496589107324
"GSE28750","GSM712482","Sepsis",10.7702232065,2.58230939207547,1.78326256006046,2.55347606639612,0.799046832015015
"GSE28750","GSM712483","Sepsis",11.0480638405,2.57128164952041,1.87076184517228,2.4978581648448,0.700519804348129
"GSE28750","GSM712484","Sepsis",11.561395461,2.53835906432112,1.82577852181469,2.47005167968682,0.712580542506434
"GSE28750","GSM712485","Sepsis",11.629731151,2.43083026054925,1.79352681390281,2.4316759616773,0.637303446646433
"GSE28750","GSM712486","Sepsis",10.495075548,2.50242614439638,1.59098439054733,2.41552185583273,0.91144175384905
"GSE28750","GSM712487","Sepsis",11.0491144215,2.45811505661057,1.94575148696536,2.45001506052655,0.512363569645208
"GSE28750","GSM712488","Healthy",9.95969456,2.08060542784682,2.15259909683364,2.37833344930964,-0.0719936689868153
"GSE28750","GSM712489","Healthy",10.5028280505,2.16948910438147,2.16603349395093,2.42422048736417,0.00345561043054188
"GSE28750","GSM712490","Healthy",10.506023038,2.1858876593882,2.18172767134624,2.36581119018579,0.0041599880419656
"GSE28750","GSM712491","Healthy",10.726799324,2.1141459349027,2.15288352841099,2.3181192301968,-0.0387375935082939
"GSE28750","GSM712492","Healthy",10.792303144,2.19424812927584,2.20260452786605,2.41434704151484,-0.0083563985902062
"GSE28750","GSM712493","Healthy",10.6740065935,2.10956515769941,2.12627371369282,2.33282171834979,-0.0167085559934081
"GSE28750","GSM712494","Healthy",9.5698644555,2.08168078034704,2.15870408579943,2.36759690808627,-0.0770233054523821
"GSE28750","GSM712495","Healthy",10.8637382875,2.2865948588741,2.26610532022079,2.38321710182305,0.0204895386533104
"GSE28750","GSM712496","Healthy",10.073805353,2.20384725839154,2.17563801516352,2.39538231881045,0.0282092432280185
"GSE28750","GSM712497","Healthy",10.885122797,2.13943554679425,2.13368007266407,2.31244689377174,0.00575547413017885
"GSE28750","GSM712498","Healthy",10.7875673165,2.10014664437345,2.11618657982375,2.2866842543293,-0.0160399354502991
"GSE28750","GSM712499","Healthy",10.8238605905,2.13940806553478,2.12260283081259,2.34937483422301,0.0168052347221921
"GSE28750","GSM712500","Healthy",9.848943958,2.10290257773838,2.16756355544293,2.38416157648627,-0.0646609777045422
"GSE28750","GSM712501","Healthy",10.3091804095,2.13981825917063,2.21228269352558,2.31677177230959,-0.0724644343549459
"GSE28750","GSM712502","Healthy",11.2146219795,2.14145587883683,2.15334024084447,2.38717161691035,-0.0118843620076423
"GSE28750","GSM712503","Healthy",11.2731797425,2.13882651956615,2.09102984233025,2.32205345402669,0.0477966772359082
"GSE28750","GSM712504","Healthy",11.329524199,2.08367594458778,2.13382497617593,2.33184883843119,-0.0501490315881479
"GSE28750","GSM712505","Healthy",11.353955304,2.11867601051217,2.08751253041578,2.3694965128,0.0311634800963843
"GSE28750","GSM712506","Healthy",11.382253614,2.14434882596085,2.1621809666288,2.40198830419873,-0.0178321406679531
"GSE28750","GSM712507","Healthy",10.1635467085,2.10807852272855,2.18594315199364,2.34647771966938,-0.0778646292650875
"GSE28750","GSM712508","Postoperative sterile inflammation",11.113764239,2.38276403815032,2.01070437535183,2.42569635275324,0.372059662798484
"GSE28750","GSM712509","Postoperative sterile inflammation",11.381152507,2.43623926376072,2.03906770107534,2.37236194984718,0.397171562685381
"GSE28750","GSM712510","Postoperative sterile inflammation",11.0342666165,2.23157424096931,2.05681676562465,2.27837731200446,0.174757475344666
"GSE28750","GSM712511","Postoperative sterile inflammation",11.3182048035,2.53074745916478,1.86851357774347,2.41293595996128,0.662233881421313
"GSE28750","GSM712512","Postoperative sterile inflammation",11.636147471,2.39926880269152,1.859403798497,2.30589778311375,0.539865004194519
"GSE28750","GSM712513","Postoperative sterile inflammation",11.161613585,2.29331759326032,2.12340985860292,2.27837470351669,0.1699077346574
"GSE28750","GSM712514","Postoperative sterile inflammation",11.483320948,2.40805326707052,2.08619793813496,2.38185153786909,0.321855328935556
"GSE28750","GSM712515","Postoperative sterile inflammation",10.7840949545,2.28230546598994,2.14404575394997,2.39200056070063,0.138259712039964
"GSE28750","GSM712516","Postoperative sterile inflammation",11.4823634395,2.54883867106514,1.87564876612812,2.23258508227608,0.673189904937012
"GSE28750","GSM712517","Postoperative sterile inflammation",11.509378631,2.47316567327477,1.8938647791033,2.38623654991251,0.579300894171465
"GSE28750","GSM712518","Postoperative sterile inflammation",11.0284678915,2.39939820864614,1.90523307546802,2.4249596376602,0.494165133178121
"GSE69528","GSM1702888","Healthy",13.15353574,0.755351100376963,0.704099220947805,0.798652443704843,0.0512518794291585
"GSE69528","GSM1702889","Uninfected chronic disease control",13.51803097,0.707720426722038,0.640409145963354,0.784580984767919,0.0673112807586839
"GSE69528","GSM1702890","Uninfected chronic disease control",13.08524414,0.690319833444971,0.716083482430422,0.783624692530938,-0.025763648985451
"GSE69528","GSM1702891","Uninfected chronic disease control",12.98231696,0.705033750772522,0.708071452062111,0.794430237304124,-0.00303770128958858
"GSE69528","GSM1702892","Uninfected chronic disease control",13.66017609,0.748343596676181,0.649415315024946,0.804653196485445,0.0989282816512354
"GSE69528","GSM1702893","Uninfected chronic disease control",13.34292089,0.749015082323963,0.612632283983204,0.776025885380355,0.136382798340758
"GSE69528","GSM1702894","Uninfected chronic disease control",13.80337524,0.741978182853653,0.532786870443902,0.760546754718638,0.20919131240975
"GSE69528","GSM1702895","Uninfected chronic disease control",13.60465176,0.719540903079439,0.721531124912025,0.814269926957769,-0.00199022183258635
"GSE69528","GSM1702896","Healthy",13.50921124,0.741513588396845,0.654680157376891,0.778300271830697,0.086833431019954
"GSE69528","GSM1702897","Healthy",13.24737629,0.727307707572626,0.684709530433624,0.800249786212478,0.0425981771390023
"GSE69528","GSM1702898","Healthy",13.7480867,0.792246583274118,0.602671323480087,0.808435397470214,0.18957525979403
"GSE69528","GSM1702899","Healthy",12.49570011,0.596095552406224,0.714828150478732,0.721983238349145,-0.118732598072508
"GSE69528","GSM1702900","Healthy",12.97688306,0.684512961416824,0.61181664936294,0.785150854320082,0.0726963120538844
"GSE69528","GSM1702901","Healthy",13.3049539,0.711727450158566,0.690600488992217,0.726940684820524,0.0211269611663493
"GSE69528","GSM1702902","Healthy",13.32091076,0.710953920296657,0.65731487428655,0.79092626983035,0.0536390460101077
"GSE69528","GSM1702903","Healthy",13.7480867,0.788355849210699,0.624953415283845,0.79976106727214,0.163402433926854
"GSE69528","GSM1702904","Healthy",13.55603085,0.72690853177218,0.650827404841116,0.824701275454305,0.0760811269310632
"GSE69528","GSM1702905","Uninfected chronic disease control",13.21899948,0.709002679175747,0.547849335544636,0.792610971977634,0.161153343631111
"GSE69528","GSM1702906","Healthy",13.54545945,0.718405369286059,0.617580434634659,0.750959935763929,0.100824934651401
"GSE69528","GSM1702907","Uninfected chronic disease control",13.34292089,0.715203548032095,0.626384818093632,0.768634422980466,0.0888187299384631
"GSE69528","GSM1702908","Healthy",13.19923958,0.701966940737101,0.611291554963197,0.786369058940015,0.0906753857739042
"GSE69528","GSM1702909","Healthy",13.28228005,0.698025420005165,0.594314108621529,0.773292259400303,0.103711311383636
"GSE69528","GSM1702910","Healthy",13.45546655,0.749783375323066,0.702744682932214,0.80151376555636,0.047038692390852
"GSE69528","GSM1702911","Healthy",13.25495324,0.710908709397896,0.570595631629869,0.778089379850726,0.140313077768027
"GSE69528","GSM1702912","Healthy",13.13481923,0.685639366047301,0.691516748066233,0.761584838515722,-0.00587738201893173
"GSE69528","GSM1702913","Healthy",13.43040573,0.706523793259792,0.638634440485748,0.750010913376496,0.0678893527740446
"GSE69528","GSM1702914","Healthy",13.3049539,0.707102015630156,0.675791677546922,0.788694697808318,0.0313103380832342
"GSE69528","GSM1702915","Uninfected chronic disease control",13.43865684,0.68525517193839,0.660128542785881,0.777647187331096,0.0251266291525092
"GSE69528","GSM1702916","Uninfected chronic disease control",13.50079421,0.688173954663815,0.577260774493425,0.770122010911147,0.11091318017039
"GSE69528","GSM1702917","Uninfected chronic disease control",13.43865684,0.739968505077042,0.610971836502024,0.78906720074823,0.128996668575018
"GSE69528","GSM1702918","Uninfected chronic disease control",13.51803097,0.746706277099665,0.699689032626,0.797439683985535,0.0470172444736653
"GSE69528","GSM1702919","Uninfected chronic disease control",13.35866187,0.722865485555383,0.646489413878805,0.777947868246393,0.0763760716765779
"GSE69528","GSM1702920","Healthy",13.04492793,0.667699804229789,0.64201153675615,0.707046570330473,0.0256882674736388
"GSE69528","GSM1702921","Healthy",12.94529,0.668037259234708,0.707852736385502,0.717575747936657,-0.0398154771507938
"GSE69528","GSM1702922","Healthy",13.25495324,0.733820410774705,0.500273286244502,0.764031455227131,0.233547124530203
"GSE69528","GSM1702923","Healthy",13.16009428,0.681021821364236,0.656405471416394,0.776598459391539,0.0246163499478417
"GSE69528","GSM1702924","Uninfected chronic disease control",13.58698947,0.728132974612972,0.56046113681693,0.790101411457662,0.167671837796043
"GSE69528","GSM1702925","Uninfected chronic disease control",13.83255472,0.760014331286606,0.689119068515353,0.837887127405622,0.0708952627712534
"GSE69528","GSM1702926","Uninfected chronic disease control",13.0678578,0.701866221638783,0.711871601005383,0.784998371984297,-0.0100053793666003
"GSE69528","GSM1702927","Uninfected chronic disease control",13.20612331,0.638386081341468,0.539614691537004,0.749323794150987,0.0987713898044639
"GSE69528","GSM1702928","Uninfected chronic disease control",13.82528792,0.72324391850905,0.642695543615961,0.786003035991185,0.0805483748930891
"GSE69528","GSM1702929","Healthy",13.16645444,0.701785008870787,0.591423720632777,0.775676834438274,0.11036128823801
"GSE69528","GSM1702930","Healthy",13.24737629,0.666828482563002,0.616994161243612,0.762243063192539,0.0498343213193896
"GSE69528","GSM1702931","Healthy",13.15353574,0.653504978110041,0.581943060252827,0.744282625834358,0.0715619178572139
"GSE69528","GSM1702932","Healthy",13.51803097,0.778509188823825,0.589467758605496,0.784467719698848,0.189041430218329
"GSE69528","GSM1702933","Healthy",13.21899948,0.695427879483608,0.63622448373023,0.753519409308205,0.0592033957533782
"GSE69528","GSM1702934","Healthy",13.24737629,0.740060125757891,0.588087357428122,0.767868715850922,0.151972768329769
"GSE69528","GSM1702935","Uninfected chronic disease control",13.34292089,0.727479826991691,0.57270865672138,0.742299644938689,0.154771170270311
"GSE69528","GSM1702936","Uninfected chronic disease control",13.00413412,0.677374672293236,0.684139793680695,0.758268561029791,-0.00676512138745844
"GSE69528","GSM1702937","Uninfected chronic disease control",13.40434412,0.70479198163544,0.702429503496798,0.74931077322242,0.00236247813864277
"GSE69528","GSM1702938","Uninfected chronic disease control",13.05624809,0.701583090068368,0.668311496595937,0.807467104434159,0.0332715934724309
"GSE69528","GSM1702939","Uninfected chronic disease control",13.2974365,0.722147580208895,0.694302257830985,0.79165391724278,0.0278453223779092
"GSE69528","GSM1702940","Uninfected chronic disease control",13.41335896,0.70386106779036,0.612748230403203,0.758344739259974,0.0911128373871566
"GSE69528","GSM1702941","Uninfected chronic disease control",13.2974365,0.655132015392669,0.66599939757459,0.758859404907738,-0.0108673821819215
"GSE69528","GSM1702942","Uninfected chronic disease control",12.99870124,0.649766682264434,0.585337126070957,0.806666201253006,0.0644295561934772
"GSE69528","GSM1702943","Sepsis",14.07506705,0.900641060324871,0.638233798045365,0.901485145358363,0.262407262279506
"GSE69528","GSM1702944","Sepsis",13.96946875,0.826797072300856,0.537762232917109,0.864074297837218,0.289034839383747
"GSE69528","GSM1702945","Sepsis",13.88322544,0.831455681840299,0.598034292604293,0.877249806930047,0.233421389236006
"GSE69528","GSM1702946","Sepsis",13.96145661,0.847910570513708,0.622481863641673,0.929978438111406,0.225428706872035
"GSE69528","GSM1702947","Sepsis",14.03638978,0.961864111416253,0.503784000141512,0.845829023283826,0.458080111274741
"GSE69528","GSM1702948","Sepsis",13.87081119,0.808114085072022,0.782640037193589,0.899601690572607,0.0254740478784335
"GSE69528","GSM1702949","Sepsis",13.92742614,0.849739429531149,0.41935010997682,0.835846749325675,0.43038931955433
"GSE69528","GSM1702950","Sepsis",13.90179337,0.827541336037526,0.682144482618479,0.968497850327584,0.145396853419047
"GSE69528","GSM1702951","Sepsis",13.93394055,0.999540576970563,0.352025488605428,0.89056652792559,0.647515088365135
"GSE69528","GSM1702952","Sepsis",13.93394055,0.93031617422527,0.402604943212413,0.854903444533583,0.527711231012856
"GSE69528","GSM1702953","Sepsis",13.85212941,0.8618737683048,0.63480444939846,0.880572734936122,0.227069318906339
"GSE69528","GSM1702954","Sepsis",13.99865528,0.888638848843857,0.546221918925067,0.902356995411683,0.34241692991879
"GSE69528","GSM1702955","Sepsis",13.99865528,1.03570306039632,0.253847939133047,0.856647853646951,0.781855121263274
"GSE69528","GSM1702956","Sepsis",13.96946875,0.982617272445064,0.37202742772283,0.862989590314536,0.610589844722234
"GSE69528","GSM1702957","Sepsis",13.98397845,0.794961154758516,0.564552470076802,0.831513682181328,0.230408684681714
"GSE69528","GSM1702958","Sepsis",13.90179337,1.02768007144081,0.322671782816091,0.886325508064841,0.705008288624721
"GSE69528","GSM1702959","Sepsis",13.99865528,0.895604720026917,0.449656535601007,0.712457245583891,0.44594818442591
"GSE69528","GSM1702960","Sepsis",13.86487614,0.921415311042836,0.534895297757002,0.84516685376929,0.386520013285835
"GSE69528","GSM1702961","Sepsis",13.98397845,0.883562221333357,0.577863841069668,0.897586100361751,0.305698380263689
"GSE69528","GSM1702962","Sepsis",13.96946875,1.03344455513449,0.336790295737842,0.854869610590088,0.696654259396652
"GSE69528","GSM1702963","Sepsis",13.81792615,0.850100567787755,0.567859074927181,0.908016406004584,0.282241492860575
"GSE69528","GSM1702964","Sepsis",13.99865528,0.910268699626822,0.682234395784262,0.848605623478016,0.22803430384256
"GSE69528","GSM1702965","Sepsis",13.9542927,0.877779676878238,0.559964711599124,0.852685181296428,0.317814965279114
"GSE69528","GSM1702966","Sepsis",13.81792615,0.775959125063495,0.635353982441706,0.871424560207096,0.14060514262179
"GSE69528","GSM1702967","Sepsis",13.99865528,1.01136098404979,0.534452111505285,0.829137669390177,0.476908872544502
"GSE69528","GSM1702968","Sepsis",13.83255472,1.00316986781387,0.369047710990234,0.828438950312001,0.634122156823632
"GSE69528","GSM1702969","Sepsis",13.84532907,0.986391593622934,0.386893945305704,0.780811903370248,0.59949764831723
"GSE69528","GSM1702970","Sepsis",13.97617664,0.975580860164812,0.508138236199277,0.890942669486303,0.467442623965535
"GSE69528","GSM1702971","Sepsis",13.96946875,0.857547074913751,0.549498185299682,0.888069129552995,0.308048889614068
"GSE69528","GSM1702972","Sepsis",13.88899464,0.900835309663729,0.692377148511747,0.887728314042831,0.208458161151982
"GSE69528","GSM1702973","Sepsis",13.90928873,0.98979556362529,0.43055632492105,0.753713902890905,0.55923923870424
"GSE69528","GSM1702974","Sepsis",13.85935873,1.02406162007816,0.340087168964309,0.825989335493011,0.683974451113854
"GSE69528","GSM1702975","Sepsis",13.93394055,1.03571166508838,0.420525093505066,0.79931671847636,0.615186571583315
"GSE69528","GSM1702976","Sepsis",13.89584501,0.980544030965826,0.132007992796835,0.960689540209933,0.848536038168991
"GSE69528","GSM1702977","Sepsis",13.91539933,0.996399557749761,0.477920949149438,0.723885187923139,0.518478608600323
"GSE69528","GSM1702978","Sepsis",13.81085794,0.783769634422439,0.808696581976746,0.864829755437794,-0.0249269475543074
"GSE69528","GSM1702979","Sepsis",13.81792615,1.01625349233039,0.339346145495743,0.885231921479197,0.676907346834651
"GSE69528","GSM1702980","Sepsis",13.99126446,1.03087490844653,0.40454525270925,0.898815523034538,0.626329655737285
"GSE69528","GSM1702981","Sepsis",14.06038472,0.940580940250813,0.382138011669952,0.831566641153367,0.558442928580861
"GSE69528","GSM1702982","Sepsis",14.03638978,0.975969112739136,0.399015491027818,0.912933711414741,0.576953621711318
"GSE69528","GSM1702983","Sepsis",13.83862944,0.799532775902567,0.594664397315145,0.870458786643031,0.204868378587422
"GSE69528","GSM1702984","Sepsis",13.82528792,0.788169670594976,0.641769149748744,0.870443748091582,0.146400520846231
"GSE69528","GSM1702985","Sepsis",13.94060069,1.01296366924672,0.307477938362414,0.845447777251586,0.705485730884306
"GSE69528","GSM1702986","Sepsis",13.97617664,0.993836867191408,0.385494381149433,0.894558031261522,0.608342486041975
"GSE69528","GSM1702987","Sepsis",13.91539933,1.04350865490573,0.0750319016294342,0.780145251826841,0.968476753276298
"GSE69528","GSM1702988","Sepsis",13.93394055,1.01889923515942,0.413125064035963,0.924321399307567,0.605774171123453
"GSE69528","GSM1702989","Sepsis",13.98397845,0.883324459259527,0.530495284426474,0.786795723928283,0.352829174833053
"GSE69528","GSM1702990","Sepsis",13.58698947,0.762342808578908,0.63332802534183,0.862970208597131,0.129014783237078
"GSE69528","GSM1702991","Sepsis",13.87081119,1.02914799655141,0.357244165026024,0.816122202856186,0.67190383152539
"GSE69528","GSM1702992","Sepsis",13.96946875,0.679519961589504,0.555994590029373,0.834281397323388,0.123525371560131
"GSE69528","GSM1702993","Sepsis",13.63269508,1.05880673052554,0.106207073430035,0.842010320825236,0.952599657095504
"GSE69528","GSM1702994","Sepsis",13.97617664,1.00980601967975,0.559950261671777,0.900473995640594,0.449855758007976
"GSE69528","GSM1702995","Sepsis",14.00642392,1.0121615695118,0.290552657984873,0.926557665586687,0.721608911526924
"GSE69528","GSM1702996","Sepsis",14.04817028,0.869196470376018,0.628612295680876,0.85798287887072,0.240584174695142
"GSE69528","GSM1702997","Sepsis",13.86487614,0.943212844416429,0.378654547826137,0.906690501856015,0.564558296590292
"GSE69528","GSM1702998","Sepsis",13.85935873,0.808092721627846,0.672060467322112,0.861461458125689,0.136032254305733
"GSE69528","GSM1702999","Sepsis",13.9542927,0.851773847348272,0.340995441357582,0.839575444915667,0.51077840599069
"GSE69528","GSM1703000","Sepsis",13.98397845,0.966295065335895,0.165652833397914,0.826214898849315,0.800642231937981
"GSE69528","GSM1703001","Sepsis",14.01592956,0.953712653206368,0.496739550410536,0.878300415047691,0.456973102795832
"GSE69528","GSM1703002","Sepsis",14.01592956,1.04375309054008,0.0637613438041815,0.780208219913328,0.979991746735897
"GSE69528","GSM1703003","Sepsis",13.81085794,0.880873918613979,0.456622130466465,0.776815504300992,0.424251788147515
"GSE69528","GSM1703004","Sepsis",13.88899464,0.813001440589146,0.589291295216031,0.835656142864966,0.223710145373115
"GSE69528","GSM1703005","Sepsis",13.97617664,1.05468145230833,0.345860897645871,0.851763451886373,0.708820554662463
"GSE69528","GSM1703006","Sepsis",13.89584501,0.767097195860474,0.645130239045718,0.767235482177668,0.121966956814756
"GSE69528","GSM1703007","Sepsis",14.13443158,0.980220300134972,0.571073302564567,0.910857400233015,0.409146997570405
"GSE69528","GSM1703008","Sepsis",13.90928873,1.03082201003729,0.246571758298895,0.736632590609973,0.784250251738398
"GSE69528","GSM1703009","Sepsis",13.94060069,0.933426075479987,0.225013312807813,0.717896014401855,0.708412762672174
"GSE69528","GSM1703010","Sepsis",11.111705,0.315736233635721,0.382006139758574,0.234628989259072,-0.066269906122853
"GSE69528","GSM1703011","Sepsis",13.92742614,0.862282610721113,0.560236450877806,0.862002957859537,0.302046159843307
"GSE69528","GSM1703012","Sepsis",13.81085794,0.772908612544051,0.640540693432223,0.861586491115896,0.132367919111828
"GSE69528","GSM1703013","Sepsis",13.86487614,0.899305812881584,0.430425048007872,0.899835034440472,0.468880764873713
"GSE69528","GSM1703014","Sepsis",13.9542927,0.959024331610484,0.527820179038863,0.84110356062226,0.431204152571621
"GSE69528","GSM1703015","Sepsis",13.88899464,1.01719307035701,0.465058981173203,0.898922224650278,0.552134089183811
"GSE69528","GSM1703016","Sepsis",13.94773838,0.882187468780201,0.750691854169486,0.856445331077585,0.131495614610715
"GSE69528","GSM1703017","Sepsis",14.04817028,0.94644564115525,0.300687627145253,0.882001776520321,0.645758014009996
"GSE69528","GSM1703018","Sepsis",13.92138976,0.882864491132001,0.527237783124017,0.905242105360915,0.355626708007984
"GSE69528","GSM1703019","Sepsis",13.41335896,0.73106366201306,0.653054076995156,0.789823329414895,0.078009585017904
"GSE69528","GSM1703020","Sepsis",13.99865528,1.0391964730021,0.381987406677425,0.851194553453958,0.657209066324675
"GSE69528","GSM1703021","Sepsis",14.07506705,1.00314131835439,0.476202327260511,0.873264285520069,0.52693899109388
"GSE69528","GSM1703022","Sepsis",14.13443158,0.951536676435118,0.561449905901834,0.895453168729041,0.390086770533283
"GSE69528","GSM1703023","Sepsis",13.91539933,0.819893367726958,0.751709419794149,0.848430794430021,0.0681839479328098
"GSE69528","GSM1703024","Sepsis",14.03638978,0.837898652238949,0.625950398098086,0.856691865838218,0.211948254140863
"GSE69528","GSM1703025","Sepsis",14.13443158,1.04962240481101,0.152466683306792,0.868913009453675,0.897155721504218
"GSE9692","GSM244467","Sepsis",2.14228025,0.391950907131442,-0.352926869082217,-0.1182214576368,0.744877776213659
"GSE9692","GSM244468","Sepsis",1.11359765,0.450852492294944,-0.301340392954329,0.302738532860479,0.752192885249273
"GSE9692","GSM244469","Sepsis",1.3315099,0.533487580859897,-0.33501205032113,0.419816778144593,0.868499631181026
"GSE9692","GSM244470","Sepsis",1.2338652,0.330009126131035,-0.418494213758274,0.225276454451269,0.748503339889308
"GSE9692","GSM244471","Sepsis",1.59058285,0.509072298397294,-0.427853619375199,0.269862629908471,0.936925917772493
"GSE9692","GSM244472","Sepsis",1.3903901,0.505669366474103,-0.150556585377995,0.303283467063723,0.656225951852097
"GSE9692","GSM244473","Sepsis",1.43272915,0.544307384232086,-0.379302573842872,0.491409469900062,0.923609958074958
"GSE9692","GSM244474","Sepsis",1.66967595,0.494601305520439,-0.109406402388326,0.441748294072657,0.604007707908765
"GSE9692","GSM244475","Sepsis",2.29833185,0.513383605503484,-0.126530589239851,0.347500444781035,0.639914194743334
"GSE9692","GSM244476","Sepsis",1.287866785,0.525247528286766,-0.162927524983775,0.128512765639425,0.68817505327054
"GSE9692","GSM244477","Sepsis",1.93839945,0.535419672771213,-0.383701405135012,0.492947420701562,0.919121077906225
"GSE9692","GSM244478","Sepsis",1.41992865,0.525240252393913,-0.290441753081995,0.296323284374673,0.815682005475908
"GSE9692","GSM244479","Sepsis",1.158254885,0.533105249460623,-0.236872314459786,0.354487053237944,0.769977563920409
"GSE9692","GSM244480","Sepsis",1.1528847,0.544144418979628,-0.398213236710022,0.456797974841693,0.94235765568965
"GSE9692","GSM244481","Sepsis",1.19081145,0.543901383162132,-0.377013042189324,0.272669621960034,0.920914425351457
"GSE9692","GSM244482","Sepsis",1.23431855,0.535811755173512,-0.309761620571321,0.304644902829498,0.845573375744832
"GSE9692","GSM244483","Sepsis",1.8772052,0.536875764313191,-0.253734829902117,0.431953426858895,0.790610594215308
"GSE9692","GSM244484","Sepsis",1.56734285,0.543479408934023,-0.259390031593602,0.443974720921722,0.802869440527625
"GSE9692","GSM244485","Sepsis",1.8253253,0.546052649749532,-0.453911373623797,0.480063906384448,0.999964023373329
"GSE9692","GSM244486","Sepsis",1.21734398,0.498515984332857,0.0684668320065285,0.379791126239861,0.430049152326329
"GSE9692","GSM244487","Sepsis",1.3967058,0.529761837011823,-0.440521581662526,0.286241983164716,0.970283418674349
"GSE9692","GSM244488","Healthy",0.22292361,0.296166370500717,0.121486190411779,0.271713101257207,0.174680180088938
"GSE9692","GSM244489","Healthy",0.34575565,-0.0626514958967116,0.413886960297398,-0.202800239119572,-0.476538456194109
"GSE9692","GSM244490","Healthy",0.43677974,-0.282039710027267,0.472625345062426,-0.38222932291719,-0.754665055089693
"GSE9692","GSM244491","Healthy",0.65795445,-0.0126035942314577,0.239880780286871,-0.100964819379208,-0.252484374518328
"GSE9692","GSM244492","Healthy",1.1427341,-0.134093448011542,0.366691664551519,-0.371359572030214,-0.50078511256306
"GSE9692","GSM244493","Healthy",1.2875776,0.140464988429986,-0.0292993243792056,0.133239253644436,0.169764312809191
"GSE9692","GSM244494","Healthy",1.40705475,0.368206913726581,0.0543816291431306,0.433814799398196,0.31382528458345
"GSE9692","GSM244495","Healthy",0.9488815,0.179756698105341,-0.0505889896264753,0.142218170086691,0.230345687731817
"GSE9692","GSM244496","Healthy",0.88822934,-0.265564051618986,-0.345644586292156,-0.384510052691886,0.0800805346731692
"GSE9692","GSM244497","Healthy",0.62790992,-0.177648092981988,-0.00295153291555483,-0.314523454674623,-0.174696560066433
"GSE9692","GSM244498","Healthy",1.23694865,0.44725681954431,-0.371754425268129,0.384646009309639,0.81901124481244
"GSE9692","GSM244499","Sepsis",5.4625382,0.157067664974864,-0.11430480641339,-0.281871440220719,0.271372471388253
"GSE9692","GSM244500","Sepsis",2.18820235,0.515854523570266,-0.280731717366146,0.367775787412706,0.796586240936412
"GSE9692","GSM244501","Sepsis",1.259722825,0.494855835152833,-0.228762623178525,0.0412233328575972,0.723618458331358
"GSE9692","GSM244502","Sepsis",1.6811038,0.522240917977209,-0.17365459613117,0.200475765811369,0.695895514108378
"GSE9692","GSM244503","Sepsis",2.0515773,0.541986844578258,-0.452038676983948,0.37556812261411,0.994025521562206
"GSE9692","GSM244504","Sepsis",1.18829065,0.39234245738697,-0.275026523353935,0.225065077162229,0.667368980740904
"GSE9692","GSM244505","Sepsis",1.4935946,0.309848567719774,-0.405614715640658,0.0829920139293921,0.715463283360432
"GSE9692","GSM244506","Sepsis",1.1839247,0.520948889862622,-0.423550506986677,0.187008864816884,0.944499396849299
"GSE9692","GSM244507","Healthy",1.09336025,-0.0140131887130298,0.0366000711530531,-0.156777018492483,-0.0506132598660829
"GSE9692","GSM244508","Healthy",1.44932465,0.341732810265221,-0.102541649461744,0.476378732036209,0.444274459726965
"GSE9692","GSM244509","Healthy",1.33334365,0.210025392981044,0.0812589299219341,0.00306057456298015,0.12876646305911
"GSE9692","GSM244510","Healthy",1.30089545,0.0570277465627337,0.129985949493149,-0.0462926609492412,-0.0729582029304157
"GSE9692","GSM244511","Sepsis",1.69024275,0.46173460919567,-0.392727466759076,0.0661959007530292,0.854462075954747
"GSE134347","GSM3942706","Sepsis",9.187983605,1.4642042548493,1.42794095113432,1.46377080560908,0.0362633037149758
"GSE134347","GSM3942707","Sepsis",9.901444093,1.55410042053444,1.03638850198759,1.46505457674374,0.517711918546846
"GSE134347","GSM3942708","Non-infectious ICU",9.588612822,1.48240737301798,1.42279389180103,1.47092218780814,0.0596134812169582
"GSE134347","GSM3942709","Non-infectious ICU",9.947525697,1.56099450359094,1.22815609723271,1.46031678813833,0.332838406358234
"GSE134347","GSM3942710","Sepsis",9.897813916,1.55654838971928,1.07926353787346,1.41888393728179,0.477284851845815
"GSE134347","GSM3942711","Sepsis",9.351475332,1.48456570150527,1.10564280196794,1.46416722565382,0.378922899537329
"GSE134347","GSM3942712","Non-infectious ICU",8.49518961,1.3586417332335,1.10413516146608,1.37458066127933,0.254506571767419
"GSE134347","GSM3942713","Sepsis",9.912256858,1.49512409224839,1.23992991405162,1.50636995844823,0.255194178196764
"GSE134347","GSM3942714","Sepsis",9.480487153,1.56834226582722,0.641609392208427,1.43114581164907,0.926732873618795
"GSE134347","GSM3942715","Sepsis",10.00468313,1.55866996912435,1.01489879630178,1.47055510577821,0.543771172822567
"GSE134347","GSM3942716","Sepsis",9.209703256,1.49295067045886,0.90643397986108,1.44118556858515,0.586516690597784
"GSE134347","GSM3942717","Sepsis",9.539934978,1.56245366490978,1.24972864021515,1.39880483435339,0.312725024694632
"GSE134347","GSM3942718","Sepsis",9.471118962,1.54550673467753,1.12210930788705,1.45928977227332,0.423397426790487
"GSE134347","GSM3942719","Sepsis",10.12994643,1.55107496384961,0.913398733867456,1.45858405468716,0.637676229982149
"GSE134347","GSM3942720","Sepsis",9.150298998,1.5361091214109,1.16672654535591,1.43316750565238,0.369382576054993
"GSE134347","GSM3942721","Sepsis",10.15641139,1.56831507638995,1.0496194143246,1.43539021537404,0.51869566206535
"GSE134347","GSM3942722","Sepsis",9.498221754,1.53557873953709,1.04774705592426,1.44087275133334,0.487831683612833
"GSE134347","GSM3942723","Non-infectious ICU",9.337909674,1.56087214756107,0.949453757691229,1.43271725532473,0.611418389869837
"GSE134347","GSM3942724","Sepsis",9.767554948,1.55349628072619,0.958400653471202,1.41418738114692,0.595095627254993
"GSE134347","GSM3942725","Sepsis",10.05414974,1.53916579088338,1.28667485514645,1.48543299631191,0.252490935736932
"GSE134347","GSM3942726","Non-infectious ICU",9.983097746,1.52800950135382,1.21047437518878,1.40564768078233,0.317535126165043
"GSE134347","GSM3942727","Sepsis",10.26736743,1.55606666215204,1.07563848527949,1.50866183387632,0.480428176872547
"GSE134347","GSM3942728","Sepsis",9.287997521,1.46383259947992,0.933763509925964,1.43184844503963,0.53006908955396
"GSE134347","GSM3942729","Sepsis",9.933835729,1.55987540576725,0.902621267757146,1.47498452646614,0.657254138010107
"GSE134347","GSM3942730","Sepsis",9.828714004,1.54488757492079,1.25853263514797,1.48054972630098,0.286354939772821
"GSE134347","GSM3942731","Sepsis",10.04621437,1.52427422067832,1.33453258194587,1.4914978992762,0.189741638732457
"GSE134347","GSM3942732","Non-infectious ICU",9.872857169,1.47877650801101,1.43640396776852,1.4841647751069,0.0423725402424853
"GSE134347","GSM3942733","Healthy",7.807491093,1.22956976440502,1.54329741979743,1.43665006822782,-0.313727655392415
"GSE134347","GSM3942734","Healthy",7.713276783,1.29166790752195,1.53197359223203,1.46205395833215,-0.240305684710082
"GSE134347","GSM3942735","Healthy",7.680125768,1.2878050234473,1.52541453599053,1.48715593330151,-0.237609512543233
"GSE134347","GSM3942736","Healthy",7.015533193,1.22054089772068,1.44013036792861,1.42799713049085,-0.219589470207929
"GSE134347","GSM3942737","Healthy",7.540922913,1.23996672165592,1.50545289488951,1.43709045915385,-0.265486173233589
"GSE134347","GSM3942738","Healthy",7.73017919,1.2512176022741,1.50053227973913,1.41902369651237,-0.249314677465032
"GSE134347","GSM3942739","Healthy",7.526241699,1.27775767654568,1.49669314701105,1.44520695047917,-0.218935470465366
"GSE134347","GSM3942740","Healthy",6.85407767,1.22913633137174,1.46022218798817,1.41558596277701,-0.231085856616432
"GSE134347","GSM3942741","Healthy",7.047261254,1.17588510568432,1.44339370196218,1.3750656056135,-0.267508596277863
"GSE134347","GSM3942742","Healthy",7.857556826,1.34719718860723,1.49094782063432,1.44225056953945,-0.143750632027089
"GSE134347","GSM3942743","Healthy",7.315417641,1.23695660277604,1.4817905371824,1.41677527614312,-0.244833934406356
"GSE134347","GSM3942744","Healthy",6.842861242,1.18862028154747,1.51984337038645,1.42702828193993,-0.331223088838977
"GSE134347","GSM3942745","Healthy",7.528016414,1.24031550797829,1.51858762672211,1.3938220286167,-0.27827211874382
"GSE134347","GSM3942746","Sepsis",9.508281265,1.41969300894621,1.32071733851704,1.47158885879445,0.0989756704291658
"GSE134347","GSM3942747","Sepsis",10.0102276,1.57337823930235,0.796275340445318,1.46451078844375,0.777102898857032
"GSE134347","GSM3942748","Sepsis",8.455572408,1.43743461583721,1.44110214462924,1.49850986979487,-0.00366752879203114
"GSE134347","GSM3942749","Sepsis",8.672439297,1.44666448977199,1.52184682481516,1.43140719227418,-0.0751823350431724
"GSE134347","GSM3942750","Sepsis",9.537754019,1.54457487058065,1.07522648645529,1.48911095787394,0.469348384125357
"GSE134347","GSM3942751","Sepsis",9.489984032,1.53976896356062,1.09987876501324,1.47177739375913,0.439890198547382
"GSE134347","GSM3942752","Sepsis",9.14242164,1.53718465574738,0.979119006310983,1.43288322666718,0.558065649436401
"GSE134347","GSM3942753","Sepsis",8.623967809,1.38632145425829,1.30744277710351,1.44803440806788,0.0788786771547787
"GSE134347","GSM3942754","Sepsis",9.61740632,1.54290259508772,1.38277591768123,1.4796280228693,0.160126677406489
"GSE134347","GSM3942755","Sepsis",9.842331844,1.52689891495691,1.28439457972072,1.49688419862758,0.242504335236191
"GSE134347","GSM3942756","Non-infectious ICU",9.873067063,1.52027408349805,1.3937359971758,1.48069040860149,0.12653808632225
"GSE134347","GSM3942757","Sepsis",8.905522398,1.44171176108535,1.48409441101483,1.42092174038132,-0.0423826499294795
"GSE134347","GSM3942758","Non-infectious ICU",9.080331891,1.47038378851284,1.25782992409053,1.42967403853065,0.212553864422304
"GSE134347","GSM3942759","Sepsis",9.32709626,1.5518441181541,1.33895387892315,1.45586782738188,0.21289023923095
"GSE134347","GSM3942760","Sepsis",9.989282547,1.52738515075286,1.2785826171851,1.474729873724,0.248802533567768
"GSE134347","GSM3942761","Sepsis",9.81731065,1.55483417695998,0.933041338496244,1.47127237594101,0.621792838463739
"GSE134347","GSM3942762","Sepsis",10.57666547,1.56093206401308,0.861670618301028,1.44667898310207,0.699261445712054
"GSE134347","GSM3942763","Sepsis",9.87461975,1.52730497427819,1.19892158925053,1.49690798000914,0.328383385027661
"GSE134347","GSM3942764","Non-infectious ICU",8.603539785,1.44620563034347,1.0290538331531,1.41235052641436,0.417151797190376
"GSE134347","GSM3942765","Sepsis",9.748428796,1.51682218500309,1.44184809349393,1.43821871822601,0.0749740915091632
"GSE134347","GSM3942766","Sepsis",10.31246077,1.56581176005578,1.17377880530302,1.46598394132745,0.392032954752763
"GSE134347","GSM3942767","Sepsis",9.952209227,1.55633993747254,1.0153574937425,1.43580756254623,0.540982443730041
"GSE134347","GSM3942768","Sepsis",10.09320504,1.5400799341816,1.21146925784583,1.46392609020592,0.328610676335763
"GSE134347","GSM3942769","Sepsis",9.435238041,1.52831155413509,1.24913016844808,1.49225531159637,0.279181385687004
"GSE134347","GSM3942770","Sepsis",9.296744199,1.46265582998157,1.20955548583854,1.42497971959158,0.25310034414303
"GSE134347","GSM3942771","Non-infectious ICU",9.326371371,1.44794214113098,1.36196506646362,1.46357714922525,0.085977074667354
"GSE134347","GSM3942772","Non-infectious ICU",8.933913157,1.41683713126346,1.50593356824314,1.46308689355547,-0.0890964369796798
"GSE134347","GSM3942773","Healthy",7.044274309,1.19399760899141,1.44599143605426,1.38821998766611,-0.251993827062857
"GSE134347","GSM3942774","Healthy",6.826008321,1.19170895935013,1.51728594346003,1.44764229664431,-0.325576984109895
"GSE134347","GSM3942775","Healthy",6.974598634,1.20931144663412,1.52902062197829,1.41176318543337,-0.319709175344173
"GSE134347","GSM3942776","Healthy",7.525616738,1.23884768546352,1.50517846760542,1.42909931020469,-0.266330782141896
"GSE134347","GSM3942777","Healthy",7.724735265,1.25362770284486,1.49960769157018,1.42275444238404,-0.24597998872532
"GSE134347","GSM3942778","Healthy",7.029774843,1.28834521095721,1.44946384476092,1.43855352904614,-0.161118633803708
"GSE134347","GSM3942779","Healthy",7.317489115,1.29005925977095,1.48228075696057,1.41569682850322,-0.192221497189622
"GSE134347","GSM3942780","Healthy",7.013034157,1.17773056086239,1.50251777163932,1.41654300887279,-0.32478721077693
"GSE134347","GSM3942781","Healthy",7.590856698,1.2465749374933,1.49033648361908,1.40852533655402,-0.243761546125773
"GSE134347","GSM3942782","Healthy",6.959921584,1.2197666020062,1.55238351136449,1.43815320044635,-0.332616909358284
"GSE134347","GSM3942783","Healthy",7.346945268,1.20045682117399,1.42315977739054,1.35549249499735,-0.222702956216557
"GSE134347","GSM3942784","Sepsis",9.033383034,1.42272844724214,0.759776135029479,1.30222457270211,0.662952312212665
"GSE134347","GSM3942785","Sepsis",10.20691685,1.5630255463088,1.10112122152388,1.44811416212722,0.461904324784915
"GSE134347","GSM3942786","Sepsis",9.912464021,1.55676535468327,1.06478877059634,1.40453133307017,0.491976584086928
"GSE134347","GSM3942787","Sepsis",8.910849843,1.42425460728994,1.3573035544571,1.48772408790216,0.0669510528328334
"GSE134347","GSM3942788","Non-infectious ICU",9.358412057,1.48379689843996,1.24759135121875,1.38473376752242,0.236205547221213
"GSE134347","GSM3942789","Non-infectious ICU",8.017686124,1.21415143162869,1.49092094228534,1.46158231687495,-0.276769510656651
"GSE134347","GSM3942790","Sepsis",10.10764448,1.55812961451089,1.14275585247127,1.48958072073523,0.41537376203962
"GSE134347","GSM3942791","Sepsis",10.08993455,1.55531500920147,1.38846811746325,1.4186699302552,0.16684689173822
"GSE134347","GSM3942792","Sepsis",9.334427658,1.51517010545437,1.17677568912392,1.45657883370421,0.33839441633045
"GSE134347","GSM3942793","Sepsis",10.14463785,1.55046463743152,1.15002847582602,1.4838665027249,0.400436161605503
"GSE134347","GSM3942794","Sepsis",9.33637965,1.53436179977352,1.1484793797066,1.42833163063775,0.385882420066918
"GSE134347","GSM3942795","Non-infectious ICU",9.484272074,1.53324429900259,1.30081585957687,1.47299554653003,0.232428439425721
"GSE134347","GSM3942796","Sepsis",9.351335283,1.54517811648108,1.07467820651962,1.42594198627654,0.470499909961453
"GSE134347","GSM3942797","Sepsis",8.976753545,1.45194319466648,1.13557170112651,1.4528733698401,0.316371493539976
"GSE134347","GSM3942798","Non-infectious ICU",9.747664516,1.53286057430952,1.34355539634484,1.47658481753339,0.189305177964677
"GSE134347","GSM3942799","Sepsis",9.45069831,1.52494004930982,1.0630865292,1.43151001640246,0.461853520109819
"GSE134347","GSM3942800","Sepsis",9.585943588,1.45481548823683,1.59579362476827,1.47238843690776,-0.140978136531444
"GSE134347","GSM3942801","Non-infectious ICU",9.859973794,1.4999702807596,1.31476213840259,1.4844418449359,0.185208142357013
"GSE134347","GSM3942802","Sepsis",9.064172503,1.39899197851334,1.2885614357607,1.46115159811797,0.110430542752641
"GSE134347","GSM3942803","Non-infectious ICU",9.487839976,1.54771149970507,1.30295670163814,1.46139267302808,0.244754798066924
"GSE134347","GSM3942804","Sepsis",9.578666118,1.55031009842633,1.39351272290444,1.43428014991346,0.156797375521898
"GSE134347","GSM3942805","Non-infectious ICU",8.824890286,1.45149330897403,0.974320013293966,1.39585371450842,0.477173295680068
"GSE134347","GSM3942806","Sepsis",8.53210115,1.09709752136439,1.38485883730398,1.25351029737973,-0.287761315939591
"GSE134347","GSM3942807","Sepsis",9.977582989,1.52076337878263,1.21080403577979,1.47659617775674,0.309959343002834
"GSE134347","GSM3942808","Sepsis",10.04830716,1.55462529194305,0.882534373124581,1.36650986684988,0.672090918818469
"GSE134347","GSM3942809","Sepsis",9.490420227,1.44688568206501,1.2326802178732,1.45649529492862,0.214205464191809
"GSE134347","GSM3942810","Sepsis",10.06976779,1.56466280264864,0.966602663335555,1.45958508412392,0.598060139313088
"GSE134347","GSM3942811","Sepsis",9.432754944,1.51512736114244,1.21307575387765,1.42915143342134,0.302051607264789
"GSE134347","GSM3942812","Non-infectious ICU",9.080953179,1.3641227921445,1.45010737108813,1.50127472536861,-0.0859845789436335
"GSE134347","GSM3942813","Healthy",7.450979952,1.22451325499372,1.50556089186309,1.42806043445329,-0.281047636869372
"GSE134347","GSM3942814","Healthy",7.28390978,1.19712643906557,1.54384388663401,1.41847420787088,-0.346717447568436
"GSE134347","GSM3942815","Healthy",6.914271547,1.08797783199146,1.53466763925462,1.4072890235504,-0.446689807263167
"GSE134347","GSM3942816","Healthy",7.670500589,1.24046562180723,1.48133953899767,1.45198125537624,-0.240873917190438
"GSE134347","GSM3942817","Healthy",7.205395705,1.1952054917975,1.46516231445201,1.3778056250202,-0.269956822654508
"GSE134347","GSM3942818","Healthy",7.502651722,1.22168161009614,1.36235491518965,1.36929921743095,-0.140673305093506
"GSE134347","GSM3942819","Healthy",7.585393405,1.19137122656039,1.49608855621626,1.37217728578529,-0.304717329655866
"GSE134347","GSM3942820","Healthy",7.881093287,1.25775362188367,1.44918669611765,1.43730969270189,-0.191433074233975
"GSE134347","GSM3942821","Healthy",7.477329216,1.25939886280411,1.47684033388626,1.41827854538485,-0.217441471082149
"GSE134347","GSM3942822","Healthy",6.492068317,1.15270883435281,1.53967091497302,1.41696898228915,-0.386962080620208
"GSE134347","GSM3942823","Healthy",7.146137145,1.2429791927143,1.50770023084152,1.47242348258905,-0.264721038127218
"GSE134347","GSM3942824","Healthy",7.700757221,1.24427437587883,1.52132688382617,1.45871820990815,-0.277052507947343
"GSE134347","GSM3942825","Healthy",6.611047423,1.21828862703735,1.50404329901152,1.4530722232301,-0.285754671974169
"GSE134347","GSM3942826","Sepsis",9.343914372,1.56036513494226,1.00327232847979,1.49649223620462,0.557092806462471
"GSE134347","GSM3942827","Non-infectious ICU",9.678624806,1.56260781974647,0.9568240461195,1.36771561713735,0.605783773626969
"GSE134347","GSM3942828","Sepsis",9.621932512,1.53946514211275,1.12675241612415,1.40287426528807,0.412712725988601
"GSE134347","GSM3942829","Non-infectious ICU",9.069124686,1.50668035529997,0.996095903150626,1.42293409923897,0.510584452149345
"GSE134347","GSM3942830","Non-infectious ICU",9.498246791,1.44065575049923,1.22328902784737,1.4652700376847,0.217366722651859
"GSE134347","GSM3942831","Sepsis",9.624860276,1.55857248616268,0.960640079286541,1.37965628135015,0.597932406876136
"GSE134347","GSM3942832","Sepsis",9.747335715,1.5422485501043,0.987281189543323,1.45978884501828,0.554967360560975
"GSE134347","GSM3942833","Non-infectious ICU",9.52222385,1.47608078844655,1.21547681084036,1.42771185317798,0.26060397760619
"GSE134347","GSM3942834","Sepsis",9.397552847,1.52704604542536,1.36380212833722,1.44034315374996,0.163243917088138
"GSE134347","GSM3942835","Non-infectious ICU",9.28271989,1.48107846967082,1.17778049962232,1.46706784252664,0.303297970048496
"GSE134347","GSM3942836","Non-infectious ICU",9.066701953,1.50522401544879,0.991224482675358,1.43547039666146,0.513999532773429
"GSE134347","GSM3942837","Sepsis",9.55118167,1.55476876683324,0.861622860268892,1.35407629753142,0.693145906564349
"GSE134347","GSM3942838","Sepsis",9.537105353,1.4873747776358,1.35216934139143,1.44546547766872,0.135205436244363
"GSE134347","GSM3942839","Sepsis",9.816410487,1.56044914953179,0.86514352426729,1.39783517475589,0.6953056252645
"GSE134347","GSM3942840","Non-infectious ICU",8.578688175,1.44545496796721,1.38204986612323,1.39847429033022,0.0634051018439734
"GSE134347","GSM3942841","Non-infectious ICU",9.573458144,1.5032508950395,1.07709176179526,1.45834215622913,0.426159133244242
"GSE134347","GSM3942842","Non-infectious ICU",9.113052361,1.50930105861413,1.38246677096723,1.36912546642181,0.126834287646894
"GSE134347","GSM3942843","Sepsis",9.745827502,1.55714379588664,1.01499967383073,1.41113806405871,0.54214412205591
"GSE134347","GSM3942844","Non-infectious ICU",10.00915779,1.56050832819309,1.03221021051643,1.43166668422775,0.528298117676664
"GSE134347","GSM3942845","Non-infectious ICU",8.877643482,1.47765365239301,1.24691921407428,1.42126704379731,0.23073443831873
"GSE134347","GSM3942846","Non-infectious ICU",8.796699978,1.54550470046081,1.25067046257864,1.39116917516515,0.29483423788217
"GSE134347","GSM3942847","Sepsis",8.505349593,1.41320648456064,1.27601236085367,1.45860296518603,0.137194123706973
"GSE134347","GSM3942848","Sepsis",9.655041286,1.56915191450609,0.999548677240738,1.41114482035537,0.569603237265356
"GSE134347","GSM3942849","Sepsis",9.528402463,1.5344933655324,1.03522828738683,1.42606635719194,0.499265078145565
"GSE134347","GSM3942850","Non-infectious ICU",8.903184219,1.42372586761067,1.32068445030534,1.40357263441441,0.103041417305332
"GSE134347","GSM3942851","Non-infectious ICU",9.439797521,1.52035233768759,1.01082861001469,1.39017992118734,0.509523727672897
"GSE134347","GSM3942852","Non-infectious ICU",8.39355623,1.40003176303211,1.03936696536991,1.34325869968697,0.360664797662198
"GSE134347","GSM3942853","Non-infectious ICU",9.654704829,1.52907736855657,1.1894515426411,1.43472603728092,0.33962582591547
"GSE134347","GSM3942854","Non-infectious ICU",9.143931845,1.46516223368078,1.06723544031026,1.43816119606214,0.397926793370518
"GSE134347","GSM3942855","Sepsis",9.136901004,1.497353293205,1.07151120280815,1.4393841321644,0.425842090396852
"GSE134347","GSM3942856","Sepsis",9.501163389,1.56294191109194,0.968827915163003,1.38525942238588,0.594113995928933
"GSE134347","GSM3942857","Non-infectious ICU",9.197075674,1.46486584202212,1.13828814541911,1.4598520221069,0.326577696603001
"GSE134347","GSM3942858","Non-infectious ICU",8.680108181,1.48575539738735,1.33325251994212,1.37512558805808,0.152502877445229
"GSE134347","GSM3942859","Non-infectious ICU",8.600755982,1.49520974192279,0.989079017540102,1.39972714315391,0.506130724382689
"GSE134347","GSM3942860","Sepsis",9.746388199,1.47513679088105,1.25255766367034,1.46380225121583,0.222579127210711
"GSE134347","GSM3942861","Sepsis",9.962626174,1.52726779558763,1.33501392008305,1.41872678332295,0.192253875504587
"GSE134347","GSM3942862","Sepsis",9.225480471,1.53138998549574,1.12384217715915,1.4092759817109,0.407547808336589
"GSE134347","GSM3942863","Sepsis",9.501557363,1.55442058445285,0.992091180456912,1.42270032018055,0.562329403995938
"GSE134347","GSM3942864","Sepsis",10.01203815,1.5597366865715,0.595793624768271,1.42634355182955,0.963943061803224
"GSE134347","GSM3942865","Non-infectious ICU",9.165468728,1.54731585877929,1.09614934547245,1.42268032444898,0.451166513306839
"GSE134347","GSM3942866","Sepsis",9.000431022,1.4027316611235,1.28384515091935,1.35715343398915,0.118886510204144
"GSE134347","GSM3942867","Sepsis",9.451309217,1.53316248002244,0.954025637808923,1.45483525642992,0.579136842213512
"GSE134347","GSM3942868","Sepsis",9.586451488,1.44809754298097,1.21861336020081,1.38073790621522,0.229484182780157
"GSE134347","GSM3942869","Non-infectious ICU",7.883994875,1.36590957048012,1.1381477917689,1.38888170718474,0.227761778711222
"GSE134347","GSM3942870","Non-infectious ICU",8.817727658,1.47443673771718,1.17000296772217,1.40280427043577,0.304433769995011
"GSE134347","GSM3942871","Sepsis",9.343413745,1.56349328779829,0.803769088125955,1.42042276682938,0.759724199672334
"GSE134347","GSM3942872","Sepsis",9.478858496,1.54707534266457,1.27966930431094,1.35903304113002,0.267406038353624
"GSE134347","GSM3942873","Sepsis",8.568670535,1.44749033550633,1.08289643122335,1.27578457004412,0.364593904282982
"GSE134347","GSM3942874","Sepsis",9.189936016,1.50054737990276,1.21287495960003,1.39897863711438,0.287672420302737
"GSE134347","GSM3942875","Sepsis",8.792957248,1.37487536915232,1.33827931983381,1.4503751075242,0.0365960493185051
"GSE134347","GSM3942876","Sepsis",9.975859372,1.54218762609408,1.01742442862311,1.3832531747241,0.524763197470971
"GSE134347","GSM3942877","Sepsis",9.739005715,1.5684518968476,0.906101550471511,1.43214791901169,0.662350346376088
"GSE134347","GSM3942878","Sepsis",9.823736044,1.52151993669093,1.11200359585837,1.46141813937079,0.409516340832553
"GSE134347","GSM3942879","Sepsis",9.777464157,1.55213032431984,0.975969593209777,1.44198634554442,0.57616073111006
"GSE134347","GSM3942880","Non-infectious ICU",8.781668264,1.44594236837511,1.07635666779823,1.39569348470061,0.369585700576885
"GSE134347","GSM3942881","Sepsis",9.919821994,1.46568794446046,1.18759367640032,1.4363908264427,0.278094268060138
"GSE134347","GSM3942882","Sepsis",9.249792004,1.41626926765123,1.34566066745602,1.44279258886435,0.0706086001952142
"GSE134347","GSM3942883","Non-infectious ICU",8.886654816,1.38286687306023,1.35552792467474,1.44672199505683,0.0273389483854944
"GSE134347","GSM3942884","Non-infectious ICU",8.582808588,1.32224996073334,1.25609548272094,1.38948242261606,0.0661544780124037
"GSE134347","GSM3942885","Sepsis",9.84414882,1.5491464287931,1.01138785221399,1.42884931898846,0.537758576579103
"GSE134347","GSM3942886","Sepsis",9.257806348,1.50197725324734,1.15820563450207,1.41803020520116,0.343771618745277
"GSE134347","GSM3942887","Healthy",7.726672297,1.23918459333738,1.50715113279574,1.45253599467143,-0.267966539458359
"GSE134347","GSM3942888","Healthy",7.583958882,1.26240030414445,1.50407833451362,1.44414626438575,-0.241678030369174
"GSE134347","GSM3942889","Healthy",7.22762544,1.26135953864815,1.36885235522496,1.41746163146239,-0.107492816576809
"GSE134347","GSM3942890","Healthy",7.538409871,1.25098639437145,1.50300624994991,1.48087392517379,-0.252019855578459
"GSE134347","GSM3942891","Healthy",6.82525754,1.18873443881408,1.5307610892139,1.45641285018309,-0.342026650399818
"GSE134347","GSM3942892","Healthy",8.27198488,1.30134745318131,1.48304313592789,1.47948922629733,-0.181695682746579
"GSE134347","GSM3942893","Healthy",7.785496079,1.27200275109659,1.49141405963191,1.49444948246255,-0.219411308535321
"GSE134347","GSM3942894","Healthy",7.210914535,1.23570907735632,1.47239856074455,1.44031856960793,-0.236689483388229
"GSE134347","GSM3942895","Healthy",7.904983186,1.32770798702741,1.47741837633606,1.4740489325942,-0.149710389308648
"GSE134347","GSM3942896","Healthy",7.592886077,1.20405333895462,1.51647081607555,1.44675600326623,-0.312417477120932
"GSE134347","GSM3942897","Healthy",8.128899266,1.2763703958615,1.46883180941167,1.46867570950357,-0.192461413550169
"GSE134347","GSM3942898","Healthy",7.142528806,1.19563148741136,1.53689410493368,1.4307454034107,-0.341262617522317
"GSE134347","GSM3942899","Healthy",8.507050071,1.21157849309709,1.49299903200781,1.42923291239894,-0.281420538910719
"GSE134347","GSM3942900","Healthy",8.331255933,1.31677028474197,1.46167175991548,1.44547823134964,-0.144901475173509
"GSE134347","GSM3942901","Healthy",7.667918437,1.21877754191197,1.46812416941404,1.46226509726298,-0.249346627502068
"GSE134347","GSM3942902","Healthy",8.172481066,1.2493091995314,1.50613467701703,1.4148584746509,-0.256825477485628
"GSE134347","GSM3942903","Healthy",7.586539003,1.25725962502076,1.51428579072906,1.46467008922379,-0.257026165708297
"GSE134347","GSM3942904","Healthy",8.662187778,1.27506070474045,1.47801157762846,1.46094837187694,-0.202950872888008
"GSE134347","GSM3942905","Sepsis",9.757317375,1.54687124810507,1.0149585557977,1.38595848266463,0.531912692307369
"GSE134347","GSM3942906","Sepsis",9.357571448,1.54069100835586,1.18372329668518,1.42137376665314,0.356967711670677
"GSE134347","GSM3942907","Non-infectious ICU",9.214242364,1.51037042592904,1.34738375246483,1.45166549733796,0.162986673464215
"GSE134347","GSM3942908","Sepsis",9.561896002,1.55006876808964,0.87211382502688,1.4614884531344,0.677954943062765
"GSE134347","GSM3942909","Non-infectious ICU",9.355914293,1.46205597435656,1.21602136865866,1.44383057918906,0.246034605697896
"GSE134347","GSM3942910","Sepsis",9.699206521,1.54941197813582,1.16225726570172,1.44244906654937,0.387154712434097
"GSE134347","GSM3942911","Sepsis",9.22115466,1.53690525635395,0.966967970261094,1.31225096396367,0.569937286092854
"GSE134347","GSM3942912","Sepsis",9.056396932,1.4807718912622,1.0561233690091,1.37140393970604,0.424648522253102
"GSE134347","GSM3942913","Sepsis",9.448134384,1.54926069640989,0.859866850976757,1.34668519457294,0.689393845433135
"GSE134347","GSM3942914","Sepsis",9.223411743,1.46635550588018,1.18007824123277,1.43515236433537,0.286277264647407
"GSE134347","GSM3942915","Sepsis",9.645352725,1.48727125206141,1.12574688849483,1.45842704702958,0.361524363566575
"GSE134347","GSM3942916","Sepsis",8.937175747,1.50291018964958,1.00128552987535,1.44405960318068,0.501624659774236
"GSE134347","GSM3942917","Sepsis",8.539553087,1.37431507177496,1.42709630324477,1.42945677585599,-0.0527812314698131
"GSE134347","GSM3942918","Sepsis",9.712063964,1.57367308659043,0.778160621252183,1.3946785618671,0.795512465338248
"GSE134347","GSM3942919","Sepsis",8.768766578,1.55062391526964,1.22377516859818,1.40136010898619,0.326848746671456
"GSE134347","GSM3942920","Sepsis",9.76803514,1.56362597072704,1.24300060921775,1.39397479605443,0.320625361509293
"GSE134347","GSM3942921","Sepsis",9.113070211,1.50932978596642,1.04307566231312,1.40905918126305,0.466254123653296
"GSE134347","GSM3942922","Sepsis",9.323787141,1.48205316987752,1.18841184222264,1.43363442385927,0.293641327654884
"GSE134347","GSM3942923","Sepsis",9.301127175,1.5289184310274,1.30031451213782,1.42849937763935,0.228603918889578
"GSE134347","GSM3942924","Sepsis",9.405266664,1.45301065667249,1.29643423712839,1.44884931717439,0.156576419544098
"GSE134347","GSM3942925","Non-infectious ICU",7.848912879,1.24757975260878,1.45066304967022,1.34177567040622,-0.203083297061435
"GSE134347","GSM3942926","Sepsis",9.78596647,1.53837777803322,1.14414222306286,1.43580498093259,0.394235554970352
"GSE134347","GSM3942927","Sepsis",9.505946204,1.56769065306075,0.908384284290089,1.43484399762569,0.659306368770662
"GSE134347","GSM3942928","Non-infectious ICU",8.611076301,1.2767441619982,1.47472992058761,1.3603068318422,-0.197985758589407
"GSE134347","GSM3942929","Sepsis",9.592983957,1.55796509747587,0.937425555351845,1.44111191939444,0.620539542124024
"GSE134347","GSM3942930","Non-infectious ICU",8.895817803,1.39895150590332,1.34543130285093,1.42365484626768,0.053520203052388
"GSE134347","GSM3942931","Non-infectious ICU",9.147769234,1.46477022738245,1.25598783965235,1.45208717834415,0.208782387730102
"GSE134347","GSM3942932","Sepsis",9.28675237,1.55621439796104,1.13002171717537,1.45779127559006,0.426192680785667
"GSE134347","GSM3942933","Non-infectious ICU",8.49788336,1.47194640965944,1.03610363528122,1.36425557478288,0.435842774378222
"GSE134347","GSM3942934","Non-infectious ICU",9.138575562,1.44616956511907,1.25102149793953,1.44212991043227,0.195148067179536
"GSE134347","GSM3942935","Sepsis",9.252691908,1.47395546489005,1.13762759653781,1.43905698688401,0.336327868352234
"GSE134347","GSM3942936","Sepsis",9.366131364,1.46022862928208,1.26987582882124,1.40105346493862,0.190352800460842
"GSE134347","GSM3942937","Sepsis",9.541161026,1.51716848927525,1.28151632952339,1.30582014876597,0.235652159751854
"GSE134347","GSM3942938","Sepsis",10.11261341,1.56640975113069,0.826510851940782,1.43581958023835,0.739898899189912
"GSE134347","GSM3942939","Sepsis",9.95411762,1.56006428608531,1.03560580212199,1.46517142869337,0.524458483963313
"GSE134347","GSM3942940","Sepsis",9.35345209,1.54443791757926,1.32333278654823,1.4243008634513,0.221105131031035
"GSE134347","GSM3942941","Non-infectious ICU",9.382753776,1.48779563628571,1.32030582128004,1.50240691436456,0.167489815005678
"GSE134347","GSM3942942","Sepsis",10.05023589,1.44165210178849,1.31761989449646,1.49551355409049,0.124032207292031
"GSE134347","GSM3942943","Sepsis",10.02071408,1.56426708431092,0.928977298368604,1.45697688436877,0.635289785942318
"GSE134347","GSM3942944","Sepsis",9.452401857,1.50018297772669,1.44099801071801,1.41281477735531,0.0591849670086784
"GSE134347","GSM3942945","Healthy",7.700704046,1.2657593749673,1.48075389378208,1.45764891524276,-0.214994518814783
"GSE134347","GSM3942946","Healthy",7.582358745,1.2366909476926,1.45800317473481,1.39141622557868,-0.22131222704221
"GSE134347","GSM3942947","Healthy",8.208099309,1.22929638851708,1.53895375986142,1.45229733808107,-0.309657371344344
"GSE134347","GSM3942948","Healthy",8.183198078,1.17456577303665,1.52563526361753,1.43633992093162,-0.351069490580882
"GSE134347","GSM3942949","Healthy",7.54909044,1.23891311929068,1.49512687775044,1.42700367669607,-0.256213758459766
"GSE134347","GSM3942950","Healthy",7.052095256,1.22273993210213,1.51908990297724,1.45467508138603,-0.296349970875114
"GSE134347","GSM3942951","Healthy",7.151210661,1.21309754056045,1.50960362028187,1.45989474763717,-0.296506079721417
"GSE134347","GSM3942952","Healthy",7.082643578,1.22830320532973,1.49182701013563,1.44703110063308,-0.263523804805901
"GSE134347","GSM3942953","Healthy",7.659628758,1.24685519054589,1.41439271360898,1.43575376494869,-0.167537523063085
"GSE134347","GSM3942954","Healthy",6.775044528,1.23155744329517,1.4646549031104,1.44751756937158,-0.233097459815232
"GSE134347","GSM3942955","Healthy",7.407843492,1.24068306790232,1.52650822580006,1.46532309499115,-0.285825157897744
"GSE134347","GSM3942956","Healthy",8.1008796,1.22129587434424,1.47673394765851,1.44146281276239,-0.25543807331426
"GSE134347","GSM3942957","Healthy",7.168963362,1.19314037983164,1.50502284681187,1.44114839755943,-0.31188246698023
"GSE134347","GSM3942958","Healthy",7.363420217,1.25207349030067,1.48510020527869,1.46185580590437,-0.233026714978013
"GSE134347","GSM3942959","Healthy",6.943393469,1.1869643148277,1.52130643569791,1.43659204847466,-0.334342120870208
"GSE134347","GSM3942960","Healthy",7.242453282,1.19545579353885,1.56006383661204,1.43276346297552,-0.364608043073185
"GSE134347","GSM3942961","Healthy",7.746439589,1.22826328446031,1.54007728813651,1.45420084538734,-0.311814003676197
"GSE134347","GSM3942962","Healthy",7.513829518,1.2010942305975,1.4557284133591,1.36627434543935,-0.254634182761605
"GSE134347","GSM3942963","Healthy",7.54938985,1.24120131574736,1.45979189479956,1.44634285060935,-0.218590579052198
"GSE134347","GSM3942964","Healthy",7.43696919,1.21744600506098,1.53822119346079,1.45975144828252,-0.320775188399816
"GSE134347","GSM3942965","Healthy",7.235639305,1.22840957746315,1.51437322821261,1.37955069311249,-0.285963650749462
"GSE134347","GSM3942966","Healthy",7.366692473,1.25732974660961,1.51488847577916,1.44157253722347,-0.257558729169551
"GSE134347","GSM3942967","Healthy",7.656807445,1.23825552095025,1.46702034808747,1.43037713972456,-0.228764827137221
"GSE134347","GSM3942968","Healthy",7.537310195,1.23030574954912,1.50130167618481,1.45221522229586,-0.270995926635686
"GSE134347","GSM3942969","Healthy",7.689036031,1.25737843717617,1.50460761916129,1.4796516753886,-0.247229181985116
"GSE134347","GSM3942970","Healthy",7.445590157,1.2486052498598,1.43427454857686,1.36525124032093,-0.185669298717064
"GSE134347","GSM3942971","Healthy",7.720641888,1.22409960589435,1.44545922263456,1.45526692079207,-0.221359616740211
"GSE134347","GSM3942972","Healthy",7.385423159,1.16983211740553,1.5011668548009,1.41205043041819,-0.33133473739537
"GSE134347","GSM3942973","Sepsis",10.0899588,1.55746426043082,1.26776952055702,1.46109717923193,0.289694739873806
"GSE134347","GSM3942974","Sepsis",9.909505066,1.56207859258532,1.15177999362627,1.47534744596471,0.410298598959043
"GSE134347","GSM3942975","Sepsis",9.59789341,1.53044982407853,0.972629096916154,1.48677649654417,0.557820727162379
"GSE134347","GSM3942976","Sepsis",8.247354928,1.47030988958429,1.16360135269004,1.43601857234122,0.306708536894251
"GSE134347","GSM3942977","Sepsis",9.364136826,1.52437146457061,0.797663295002226,1.39341265683114,0.726708169568385
"GSE134347","GSM3942978","Sepsis",8.850790754,1.46747293709966,1.22074448151358,1.42342377796576,0.246728455586078
"GSE134347","GSM3942979","Sepsis",9.525566365,1.47518842130271,1.12619133650983,1.4457967474146,0.348997084792876
"GSE134347","GSM3942980","Non-infectious ICU",9.279714196,1.4716938602299,1.18515800388967,1.47738614308905,0.28653585634023
"GSE134347","GSM3942981","Non-infectious ICU",9.529192555,1.45022404386257,1.28519134376823,1.44268854319836,0.165032700094343
"GSE134347","GSM3942982","Non-infectious ICU",9.205613905,1.35278187361248,1.33636899025059,1.42678298377253,0.0164128833618848
"GSE134347","GSM3942983","Sepsis",9.484809487,1.5507651363126,0.977007732422464,1.37978020300675,0.573757403890139
"GSE134347","GSM3942984","Sepsis",9.16377489,1.50622177793753,1.10433249668269,1.36529856842685,0.401889281254837
"GSE134347","GSM3942985","Sepsis",9.02497137,1.50811973422171,1.15099295717442,1.43378853700629,0.357126777047284
"GSE134347","GSM3942986","Sepsis",10.07205307,1.51837361173878,1.21262708283566,1.53143165329584,0.305746528903122
"GSE134347","GSM3942987","Sepsis",9.052168631,1.44380826707283,1.5392135946803,1.50622418853187,-0.0954053276074709
"GSE134347","GSM3942988","Sepsis",9.77320166,1.50702638295356,1.18242767476952,1.43145116768799,0.324598708184041
"GSE134347","GSM3942989","Sepsis",9.760257458,1.55769772928777,1.2896871798578,1.43985558829916,0.268010549429963
"GSE134347","GSM3942990","Sepsis",9.613053589,1.53288336147134,1.36656953972806,1.48250028598752,0.166313821743272
"GSE134347","GSM3942991","Sepsis",9.418367662,1.52446122120111,1.08177570652404,1.41860503052742,0.442685514677072
"GSE134347","GSM3942992","Sepsis",10.40005961,1.56217209112446,0.905672246748976,1.43031803489098,0.656499844375486
"GSE134347","GSM3942993","Sepsis",9.542920815,1.53415430153852,1.39244805196543,1.48085013543589,0.141706249573083
"GSE134347","GSM3942994","Sepsis",9.527020016,1.53289339992595,1.03943548648481,1.45407033262788,0.493457913441147
"GSE134347","GSM3942995","Non-infectious ICU",9.930532004,1.53529769785346,0.856330244015337,1.45759079628213,0.678967453838123
"GSE134347","GSM3942996","Sepsis",9.864790204,1.55787560336721,1.11827575646972,1.45018100784703,0.439599846897488
"GSE134347","GSM3942997","Sepsis",9.611093039,1.52019141494975,1.30961721015799,1.45713142203941,0.210574204791761
"GSE134347","GSM3942998","Sepsis",9.773163554,1.51319198050438,1.29877244441215,1.49954496460639,0.214419536092232
"GSE134347","GSM3942999","Sepsis",9.665535335,1.55869446987374,1.05554444897294,1.46379517261747,0.503150020900798
"GSE134347","GSM3943000","Non-infectious ICU",9.103986766,1.48156000041116,1.26118210593783,1.50214673412506,0.220377894473334
"GSE134347","GSM3943001","Sepsis",9.260534425,1.51434356618095,1.03716150288264,1.44136847530298,0.477182063298308
"GSE134347","GSM3943002","Sepsis",9.870028656,1.55871600479469,0.855994465709754,1.44459128421611,0.702721539084931
"GSE134347","GSM3943003","Sepsis",8.936025083,1.48393183221542,1.30263969858413,1.4444997014895,0.181292133631291
"GSE131411","E07T1","Sepsis",14.7160547331137,0.80108515700448,-9.98747655867974e-05,0.674296492739433,0.801185031770067
"GSE131411","E16T1","Sepsis",14.9073287324538,0.821788467170999,0.343998004352705,0.712358326936664,0.477790462818294
"GSE131411","E17T1","Sepsis",14.2792218857591,0.807264286826881,0.360017689892481,0.750681716007876,0.4472465969344
"GSE131411","E32T1","Sepsis",13.3038104521825,0.774646953297529,0.523849855412204,0.71645275282152,0.250797097885324
"GSE131411","E40T1","Sepsis",15.0878482422644,0.865149731085956,0.126325176706417,0.7640656225607,0.738824554379539
"GSE131411","E41T1","Sepsis",14.2485666950852,0.82057993206351,0.269886859702492,0.728306755989453,0.550693072361018
"GSE131411","G11T1","Sepsis",14.6906371304323,0.805008711087612,0.280696042136273,0.739555898985171,0.524312668951339
"GSE131411","G12T1","Sepsis",15.4295652657485,0.82472719359607,0.029653206395872,0.67976201557082,0.795073987200198
"GSE131411","G26T1","Sepsis",15.1714085822963,0.816940461694246,-0.133941671958538,0.754548357259222,0.950882133652784
"GSE131411","G28T1","Sepsis",13.4887651091654,0.770728683559606,0.502834846936263,0.753312574208029,0.267893836623344
"GSE131411","G29T1","Sepsis",14.6463811455031,0.809380469249377,0.11932295527677,0.751607142670906,0.690057513972607
"GSE131411","G33T1","Sepsis",12.9328259726653,0.697035306590612,0.458437410098917,0.724098742644331,0.238597896491695
"GSE131411","G35T1","Sepsis",14.3169832774684,0.778069292494321,0.157688915926287,0.719001290067456,0.620380376568034
"GSE131411","G42T1","Sepsis",14.1489120201583,0.7651238012254,0.340495608461463,0.770161670495622,0.424628192763937
"GSE131411","G43T1","Sepsis",15.5669795101091,0.840683584015274,0.0189024346741052,0.753494979641237,0.821781149341168
"GSE131411","G44T1","Sepsis",14.652814155406,0.815330325649366,0.332545424567286,0.731299195416194,0.48278490108208
"GSE131411","G45T1","Sepsis",14.569660743736,0.797186093788047,0.236380548161416,0.753485933743591,0.560805545626631
"GSE131411","G47T1","Sepsis",15.0159516047002,0.81658834725362,0.171521983238406,0.73093674926309,0.645066364015215
"GSE131411","G49T1","Sepsis",15.2228206678643,0.823849597187679,0.346184698169759,0.721978455473949,0.47766489901792
"GSE131411","E25T1","Cardiogenic shock",13.0076040568066,0.69966548469763,0.393533456540116,0.644327511215905,0.306132028157514
"GSE131411","E31T1","Cardiogenic shock",13.74374139604,0.733175622347427,0.318105568800852,0.661462351851676,0.415070053546575
"GSE131411","G10T1","Cardiogenic shock",12.592441909819,0.57610804398092,0.597119574533208,0.679897887218466,-0.021011530552288
"GSE131411","G14T1","Cardiogenic shock",13.5603139380699,0.692539409550124,0.428991395436947,0.694395956378827,0.263548014113177
"GSE131411","G16T1","Cardiogenic shock",12.5170227205126,0.537731811553495,0.552684592676671,0.593509683689991,-0.0149527811231758
"GSE131411","G24T1","Cardiogenic shock",13.1802622060456,0.779376809516939,0.448221340501292,0.752427439070282,0.331155469015647
"GSE131411","G32T1","Cardiogenic shock",13.0202776620049,0.673025521949451,0.434899802026604,0.678390062101339,0.238125719922847
"GSE131411","G46T1","Cardiogenic shock",12.9996200504159,0.713657325378253,0.422629019598373,0.6856769471366,0.29102830577988
"GSE131411","G48T1","Cardiogenic shock",13.4891929809118,0.736016094093225,0.450968938093947,0.678276857292317,0.285047155999278
"GSE131411","G50T1","Cardiogenic shock",12.8663671892871,0.674744832918114,0.508357420200457,0.721223160206522,0.166387412717656
