"cell_id","donor_id","group","cluster","inflammatory_score","antigen_presentation_score","immunosuppression_score","immature_emergency_score","monocyte_core_score","classical_score","nonclassical_score","lymphoid_contamination_score","combined_inflammatory_HLADRlow_score","state_label"
"GSM5102900_HC1_AAAGTCCTCATCGACA-1","HC1","Control","0",-0.691831876853199,-0.669910850428547,-0.990949327106022,-0.673235880014631,-0.309845256120078,-0.00285284288176724,0.798502726989687,-0.617142431030051,-0.021921026424652,"Emergency myeloid / immature neutrophil-like"
"GSM5102900_HC1_AACCTTTGTCTACGAT-1","HC1","Control","1",0.354038169628767,-0.669910850428547,-0.0180363873448528,-0.673235880014631,0.206349478622903,2.02765742835751,-0.987981110390394,-0.617142431030051,1.02394902005731,"VCAN+ classical monocyte"
"GSM5102900_HC1_AAGATAGGTAATACCC-1","HC1","Control","1",-0.0239516935217968,-0.10806756819664,-0.990949327106022,-0.154540458623389,1.05766278952063,2.07664954015932,0.7964558425142,-0.617142431030051,0.0841158746748435,"VCAN+ classical monocyte"
"GSM5102900_HC1_AAGCGAGCAGAGGCAT-1","HC1","Control","1",-0.0160264283486285,1.07315082219116,-0.990949327106022,-0.673235880014631,0.267535239616304,2.02251873936699,-0.987981110390394,-0.617142431030051,-1.08917725053979,"VCAN+ classical monocyte"
"GSM5102900_HC1_AATCGTGGTCCACATA-1","HC1","Control","1",-0.174509093806518,0.640298155990623,0.0298868818890526,-0.673235880014631,-0.0915490464326017,0.64250895911709,0.235632449995298,-0.617142431030051,-0.81480724979714,"VCAN+ classical monocyte"
"GSM5102900_HC1_ACCACAAAGAAGCGCT-1","HC1","Control","1",0.886849805183287,-0.0798083556006511,-0.990949327106022,-0.673235880014631,0.409118858574708,1.86698359999706,0.345105793395874,-0.617142431030051,0.966658160783938,"VCAN+ classical monocyte"
"GSM5102900_HC1_ACGTCCTCACTTCCTG-1","HC1","Control","2",-1.27310465102629,0.742788345179681,-0.595814748957136,-0.673235880014631,-0.0528711566708747,0.883330116393607,-0.118302606266754,-0.202689132878475,-2.01589299620597,"Lymphoid-like contamination"
"GSM5102900_HC1_ACTCCCAAGCTCCGAC-1","HC1","Control","2",-2.78324810335906,1.79357494888251,-0.990949327106022,-0.673235880014631,-1.97192808675448,-0.954365169325485,-0.987981110390394,2.23780494795858,-4.57682305224157,"Lymphoid-like contamination"
"GSM5102900_HC1_ACTGTGAGTGACTAAA-1","HC1","Control","0",1.05398045994421,-0.669910850428547,-0.990949327106022,-0.673235880014631,0.884488133479688,0.596238286285759,0.680027284432673,-0.617142431030051,1.72389131037275,"Emergency myeloid / immature neutrophil-like"
"GSM5102900_HC1_AGACAGGAGCGTGAGT-1","HC1","Control","1",-0.817295503028884,0.969170878691456,-0.990949327106022,-0.673235880014631,0.534249766433318,-0.0543950106474512,0.0790614389905374,0.316593532078313,-1.78646638172034,"VCAN+ classical monocyte"
"GSM5102900_HC1_AGAGAGCGTGGGATTG-1","HC1","Control","1",-0.514839208486904,0.337035388131008,-0.0420523038652119,-0.673235880014631,0.948340668327639,2.64101513373984,0.14940337383559,-0.617142431030051,-0.851874596617912,"VCAN+ classical monocyte"
"GSM5102900_HC1_AGCGCTGGTGCAAGAC-1","HC1","Control","1",-0.534117889688032,0.265623165350673,-0.990949327106022,-0.673235880014631,0.679269949232475,-0.264829072283792,0.380278821818735,-0.617142431030051,-0.799741055038705,"VCAN+ classical monocyte"
"GSM5102900_HC1_AGGACTTAGTCTACCA-1","HC1","Control","1",0.454301948345493,1.20598746655919,-0.990949327106022,-0.673235880014631,0.269617819571605,-0.144335382550575,0.253398424489776,-0.617142431030051,-0.751685518213699,"VCAN+ classical monocyte"
"GSM5102900_HC1_AGTAGCTCAGCCCACA-1","HC1","Control","2",-1.67588022478148,-0.669910850428547,-0.578038633946514,-0.673235880014631,-1.46487409441602,-0.954365169325485,-0.49305046536988,0.360016046656334,-1.00596937435293,"Lymphoid-like contamination"
"GSM5102900_HC1_AGTGCCGTCAGACTGT-1","HC1","Control","1",-0.255453520583595,-0.669910850428547,-0.990949327106022,-0.673235880014631,1.06372606619102,0.158329499200191,0.717235676238559,-0.617142431030051,0.414457329844952,"VCAN+ classical monocyte"
"GSM5102900_HC1_ATCACAGGTCTTGTCC-1","HC1","Control","2",-0.76240384124659,2.59680275063341,-0.990949327106022,-0.673235880014631,0.545062839240253,0.643152637687829,0.273797691623706,0.139441948549557,-3.35920659188,"Lymphoid-like contamination"
"GSM5102900_HC1_ATCGTGATCGCCTTGT-1","HC1","Control","1",0.464033497225175,-0.241551306803139,-0.990949327106022,-0.673235880014631,0.935921190006657,1.26134506580914,0.472224849037464,-0.617142431030051,0.705584804028315,"VCAN+ classical monocyte"
"GSM5102900_HC1_ATGAGTCAGTGAGGTC-1","HC1","Control","1",-0.0502910012988898,0.05888072504105,-0.990949327106022,-0.673235880014631,1.16871990280515,0.246374545884471,0.658415089191227,-0.617142431030051,-0.10917172633994,"VCAN+ classical monocyte"
"GSM5102900_HC1_ATGCCTCGTAGTATAG-1","HC1","Control","2",-0.342178204110789,0.913540478616675,-0.668298710402583,-0.673235880014631,0.0859897236887692,0.927540155323205,0.361835146024584,-0.0915662582749155,-1.25571868272746,"Lymphoid-like contamination"
"GSM5102900_HC1_ATTCTACCACCAACAT-1","HC1","Control","2",-1.89779307191484,0.981168297826763,-0.990949327106022,-0.673235880014631,-1.066947497843,0.198439710584333,-0.987981110390394,-0.617142431030051,-2.8789613697416,"Lymphoid-like contamination"
"GSM5102900_HC1_ATTTCACTCTACTTCA-1","HC1","Control","1",-0.859395631716453,2.73722028900303,-0.990949327106022,-0.673235880014631,-0.0994763419070638,1.89022689344226,-0.987981110390394,-0.617142431030051,-3.59661592071948,"VCAN+ classical monocyte"
"GSM5102900_HC1_CAACGGCAGGTCGCCT-1","HC1","Control","1",1.15531406155155,0.382181714854061,-0.990949327106022,-0.673235880014631,1.27484440506627,1.13755919707472,0.519051978607558,-0.617142431030051,0.773132346697492,"VCAN+ classical monocyte"
"GSM5102900_HC1_CAAGAGGTCCCAGCGA-1","HC1","Control","1",-0.410336046167707,-0.0345825443794395,-0.990949327106022,-0.673235880014631,1.17580172239565,2.84967144783707,0.447274377973187,-0.617142431030051,-0.375753501788267,"VCAN+ classical monocyte"
"GSM5102900_HC1_CACAGGCAGTCTGGAG-1","HC1","Control","1",-1.05698176652529,2.32192912290529,-0.990949327106022,-0.673235880014631,1.59324252542535,2.08152185132403,0.280989136499888,-0.617142431030051,-3.37891088943058,"VCAN+ classical monocyte"
"GSM5102900_HC1_CAGGCCAGTACTGAGG-1","HC1","Control","2",-1.05781054270961,-0.0296453136322584,-0.990949327106022,-0.673235880014631,-1.1718608568965,0.91794379502186,-0.987981110390394,-0.208874322420165,-1.02816522907735,"Lymphoid-like contamination"
"GSM5102900_HC1_CATGCGGCAATTGTGC-1","HC1","Control","2",-1.85506767913623,1.63275481880916,-0.990949327106022,-0.673235880014631,-0.484747575454679,-0.365057251182487,-0.536420685533548,-0.617142431030051,-3.4878224979454,"Lymphoid-like contamination"
"GSM5102900_HC1_CATTGTTCAGTAACGG-1","HC1","Control","1",0.562457449574436,0.351217225429287,-0.0286880320887235,-0.673235880014631,-0.0370847203442831,1.71714561756557,-0.987981110390394,-0.617142431030051,0.211240224145149,"VCAN+ classical monocyte"
"GSM5102900_HC1_CCACTTGAGCTCCATA-1","HC1","Control","1",-0.639820835665278,2.3262769215584,-0.155963829814406,-0.673235880014631,-0.631172468402598,1.85881940246915,-0.987981110390394,-0.617142431030051,-2.96609775722368,"VCAN+ classical monocyte"
"GSM5102900_HC1_CCCTCTCTCACTGTTT-1","HC1","Control","2",-2.19581211255857,1.69500272058043,-0.990949327106022,-0.673235880014631,-1.54494661946269,-0.954365169325485,-0.987981110390394,1.82809335273277,-3.890814833139,"Lymphoid-like contamination"
"GSM5102900_HC1_CCGTTCACAATTCTCT-1","HC1","Control","2",-2.42629889124743,0.673314737552089,-0.990949327106022,-0.673235880014631,-1.97192808675448,-0.954365169325485,-0.136123249245658,2.03821088717396,-3.09961362879952,"Lymphoid-like contamination"
"GSM5102900_HC1_CGAAGGAAGTTACGAA-1","HC1","Control","1",-0.415533452375239,-0.155219695744278,-0.990949327106022,-0.673235880014631,0.0755219450626891,1.22707403806088,0.174745778273822,-0.617142431030051,-0.26031375663096,"VCAN+ classical monocyte"
"GSM5102900_HC1_CGCCAGACAACTACGT-1","HC1","Control","1",-1.28568099619061,-0.0377956452733393,-0.990949327106022,-0.673235880014631,-0.411384481622948,0.828087457642379,-0.987981110390394,-0.617142431030051,-1.24788535091727,"VCAN+ classical monocyte"
"GSM5102900_HC1_CGGTCAGAGGATGGCT-1","HC1","Control","1",-0.982574402552202,1.71632045002733,-0.0700762617031951,-0.673235880014631,0.289734650418,-0.954365169325485,0.115812779650075,-0.617142431030051,-2.69889485257953,"VCAN+ classical monocyte"
"GSM5102900_HC1_CGTTGGGCAGCAGACA-1","HC1","Control","1",0.167942567784202,-0.669910850428547,0.0583829023941325,-0.673235880014631,1.19837106877506,1.71770958238769,0.591462787221581,-0.617142431030051,0.837853418212749,"VCAN+ classical monocyte"
"GSM5102900_HC1_CTCAGGGCAAGTGCTT-1","HC1","Control","0",0.043963356498476,-0.669910850428547,-0.990949327106022,-0.673235880014631,-0.260163613351386,0.198808450309111,0.586442153637181,0.479271254729707,0.713874206927023,"Emergency myeloid / immature neutrophil-like"
"GSM5102900_HC1_CTGATCCCACTCAAGT-1","HC1","Control","1",1.07831834463717,1.05573676119861,-0.990949327106022,-0.673235880014631,0.446254002059339,2.53320707592465,0.649197689384893,-0.617142431030051,0.022581583438557,"VCAN+ classical monocyte"
"GSM5102900_HC1_CTTCTAAAGCTCGAAG-1","HC1","Control","2",-0.858574563281756,1.60927790197168,-0.990949327106022,-0.673235880014631,-0.17081072875944,0.349267795119897,-0.987981110390394,0.303560403048012,-2.46785246525344,"Lymphoid-like contamination"
"GSM5102900_HC1_GAATAGACACTGCTTC-1","HC1","Control","1",-0.00992275766379372,1.39254801999212,-0.990949327106022,-0.673235880014631,1.28921795101086,1.33871857903571,1.86419099473628,-0.617142431030051,-1.40247077765591,"VCAN+ classical monocyte"
"GSM5102900_HC1_GAGGGTACACGTACTA-1","HC1","Control","1",0.799501201288835,-0.669910850428547,-0.990949327106022,-0.673235880014631,0.496736516270439,1.64695672301249,0.746692445460043,-0.617142431030051,1.46941205171738,"VCAN+ classical monocyte"
"GSM5102900_HC1_GCCCAGAGTAACGATA-1","HC1","Control","2",-0.725296468304306,0.845181397879856,-0.677060654317855,-0.673235880014631,0.0213611495232853,1.02740851043668,-0.401015612207417,3.13560861807079,-1.57047786618416,"Lymphoid-like contamination"
"GSM5102900_HC1_GCCGATGCAGAAGTGC-1","HC1","Control","1",1.22583659366125,1.72206318948336,-0.990949327106022,-0.673235880014631,0.84174423563779,1.18384241513232,0.797485990617034,-0.617142431030051,-0.496226595822109,"VCAN+ classical monocyte"
"GSM5102900_HC1_GCGATCGCAGTCAGCC-1","HC1","Control","2",-0.676146299019732,1.66860889734812,-0.990949327106022,-0.673235880014631,0.0329571857786968,0.87574365080384,0.121256456647238,0.45038024767512,-2.34475519636785,"Lymphoid-like contamination"
"GSM5102900_HC1_GGCTTTCTCATTGCTT-1","HC1","Control","1",0.0444787041368283,2.34707716040616,-0.0265842809167836,-0.673235880014631,1.27550214255877,1.79981863809793,0.167943941328475,-0.617142431030051,-2.30259845626933,"VCAN+ classical monocyte"
"GSM5102900_HC1_GGTGATTAGCAGGCTA-1","HC1","Control","1",0.645957181919225,1.69759664148602,-0.990949327106022,-0.673235880014631,0.0995297733505421,0.915668816124368,0.190032459146979,-0.617142431030051,-1.05163945956679,"VCAN+ classical monocyte"
"GSM5102900_HC1_GTAATGCAGCAGCACA-1","HC1","Control","1",0.818208208818474,0.882091448595188,-0.990949327106022,-0.673235880014631,1.82781368292666,1.53704986429695,0.714659587338721,-0.617142431030051,-0.0638832397767142,"VCAN+ classical monocyte"
"GSM5102900_HC1_GTCAGCGTCGGTATGT-1","HC1","Control","1",0.641909963371956,1.1062800183754,-0.990949327106022,-0.673235880014631,2.03921888617744,0.198166885842507,0.641203644232289,-0.617142431030051,-0.464370055003445,"VCAN+ classical monocyte"
"GSM5102900_HC1_GTCGCGATCAGTGTTG-1","HC1","Control","1",-1.76502176989952,0.563770822344127,-0.990949327106022,-0.673235880014631,-0.182795755475053,0.989842375736986,-0.987981110390394,-0.617142431030051,-2.32879259224365,"VCAN+ classical monocyte"
"GSM5102900_HC1_GTCGTTCAGCTGTTCA-1","HC1","Control","1",-0.116645778382383,1.06299058958443,-0.990949327106022,-0.673235880014631,-0.318733408785162,0.161233113931956,-0.987981110390394,-0.617142431030051,-1.17963636796681,"VCAN+ classical monocyte"
"GSM5102900_HC1_GTCTGTCTCGCTTAAG-1","HC1","Control","2",-1.45317908350917,0.615019079061634,-0.643427238479231,-0.673235880014631,-0.501245743604533,-0.437902956157655,-0.349093428495871,0.768063965119149,-2.0681981625708,"Lymphoid-like contamination"
"GSM5102900_HC1_GTTACCCTCCCTCTCC-1","HC1","Control","2",-1.24261925896226,0.952252046976648,-0.990949327106022,-0.673235880014631,-0.931434387412563,1.03377617118581,-0.987981110390394,0.541875461171665,-2.19487130593891,"Lymphoid-like contamination"
"GSM5102900_HC1_TAAGCACCACAGTATC-1","HC1","Control","1",-2.12188997424597,0.409271525042175,0.782754639885461,-0.673235880014631,0.20617892909403,0.432920054027289,0.0750338017947718,-0.617142431030051,-2.53116149928815,"VCAN+ classical monocyte"
"GSM5102900_HC1_TAATTCCAGCAGGCAT-1","HC1","Control","2",-1.33164649842133,1.06359033103379,-0.0986787553054481,-0.673235880014631,-0.137744452849596,0.487993814725614,-0.0513679418636042,-0.0872564068119958,-2.39523682945511,"Lymphoid-like contamination"
"GSM5102900_HC1_TAGTGCATCTAGATCG-1","HC1","Control","1",-0.952844357889115,-0.147068684566992,-0.990949327106022,-0.673235880014631,0.00623591655389433,1.56550889672357,-0.987981110390394,-0.617142431030051,-0.805775673322123,"VCAN+ classical monocyte"
"GSM5102900_HC1_TATACCTAGGTTCACT-1","HC1","Control","1",-0.57389889296848,1.04726096698026,-0.990949327106022,-0.673235880014631,-0.153691411027867,0.697913620698451,1.0468031905868,-0.617142431030051,-1.62115985994874,"VCAN+ classical monocyte"
"GSM5102900_HC1_TATATCCTCTAGTGTG-1","HC1","Control","1",0.795391652462917,0.561493041987257,-0.990949327106022,-0.673235880014631,0.0356829254276845,2.55147467153575,-0.987981110390394,-0.617142431030051,0.233898610475659,"VCAN+ classical monocyte"
"GSM5102900_HC1_TCAAGCAAGTCACTGT-1","HC1","Control","1",-1.36836272483755,0.658008364657001,-0.990949327106022,-0.673235880014631,0.515579102947276,-0.0815397553535174,0.674275966444636,-0.617142431030051,-2.02637108949455,"VCAN+ classical monocyte"
"GSM5102900_HC1_TCAATCTTCCTCGCAT-1","HC1","Control","2",-1.16754379538426,0.903493129035712,-0.511859761748494,-0.673235880014631,-0.567934785097861,-0.101327480465731,-0.621463895914605,-0.114629460885445,-2.07103692441998,"Lymphoid-like contamination"
"GSM5102900_HC1_TCACGGGCAAGGTACG-1","HC1","Control","2",-1.59494415375574,-0.245193581940781,-0.990949327106022,-0.673235880014631,-0.430164250840346,-0.954365169325485,-0.0285121479721864,1.08758397818237,-1.34975057181495,"Lymphoid-like contamination"
"GSM5102900_HC1_TCACTCGCACTCATAG-1","HC1","Control","1",0.459056360670471,1.05919904677949,-0.990949327106022,-0.673235880014631,0.861640019364147,2.01654776019539,0.314082954399751,-0.617142431030051,-0.600142686109015,"VCAN+ classical monocyte"
"GSM5102900_HC1_TCGCACTAGCTAGAAT-1","HC1","Control","1",-0.890572886159389,-0.669910850428547,-0.990949327106022,-0.673235880014631,-0.91663595983597,1.38733713012858,0.0420796345257287,-0.617142431030051,-0.220662035730841,"VCAN+ classical monocyte"
"GSM5102900_HC1_TCTCACGCAGAATCGG-1","HC1","Control","2",-2.03676012290062,-0.669910850428547,-0.990949327106022,-0.673235880014631,-1.59145739939837,-0.954365169325485,-0.987981110390394,0.0328131626550051,-1.36684927247208,"Lymphoid-like contamination"
"GSM5102900_HC1_TGCGATAGTTTCGTGA-1","HC1","Control","2",-0.852849613151264,-0.440767530019771,-0.990949327106022,-0.673235880014631,-0.797347969837405,0.718684473665926,-0.223650021817358,0.647809725396185,-0.412082083131493,"Lymphoid-like contamination"
"GSM5102900_HC1_TGTAACGGTTGCATAC-1","HC1","Control","1",0.535925747291727,0.166957869741872,0.92130005864164,-0.673235880014631,1.72887811576958,0.541281999301437,0.82845491054382,-0.617142431030051,0.368967877549855,"VCAN+ classical monocyte"
"GSM5102900_HC1_TGTGATGGTACTTGTG-1","HC1","Control","1",-0.504371275428206,0.623458451536137,-0.990949327106022,-0.673235880014631,-0.475232680718239,-0.954365169325485,-0.987981110390394,-0.617142431030051,-1.12782972696434,"VCAN+ classical monocyte"
"GSM5102900_HC1_TGTGTGAGTCTCAAGT-1","HC1","Control","1",-0.0155078854196378,1.5343811321583,-0.990949327106022,-0.673235880014631,1.2443411365203,1.34458751096456,0.389804003274422,-0.617142431030051,-1.54988901757794,"VCAN+ classical monocyte"
"GSM5102900_HC1_TTGCATTTCTATCGCC-1","HC1","Control","2",-1.06846799435418,0.138747044071358,-0.990949327106022,-0.673235880014631,-0.523348195687467,0.417203265088544,-0.120884099313053,0.404898200991989,-1.20721503842554,"Lymphoid-like contamination"
"GSM5102900_HC1_TTGGGCGGTTCAATCG-1","HC1","Control","2",-1.6914661623792,-0.324377116604536,-0.665335189131867,-0.673235880014631,-1.27552416624093,-0.559453278302086,-0.987981110390394,0.8840851441911,-1.36708904577467,"Lymphoid-like contamination"
"GSM5102901_HC2_AACAACCAGATGTTAG-1","HC2","Control","1",-0.770458914193075,-0.118326028277557,-0.990949327106022,-0.673235880014631,0.272027738538611,0.0683146022731016,0.25809140952196,-0.617142431030051,-0.652132885915518,"VCAN+ classical monocyte"
"GSM5102901_HC2_AACAGGGGTAAGCTCT-1","HC2","Control","2",-1.2100265711622,0.0918414524711981,-0.990949327106022,-0.673235880014631,0.0946808504829729,-0.19954571976901,0.168787977002809,0.395110452922636,-1.3018680236334,"Lymphoid-like contamination"
"GSM5102901_HC2_AAGATAGTCTGCGATA-1","HC2","Control","2",-1.50153144325068,0.454009635200347,-0.669044032590545,-0.673235880014631,0.0740490361884824,-0.702590089204414,0.044078201253835,0.810544180548887,-1.95554107845103,"Lymphoid-like contamination"
"GSM5102901_HC2_ACATGCAAGGATACAT-1","HC2","Control","0",-0.0184652479127691,-0.0683646996778212,-0.990949327106022,-0.673235880014631,0.790960177789821,-0.0676250230922631,2.71367228095157,-0.617142431030051,0.0498994517650521,"Emergency myeloid / immature neutrophil-like"
"GSM5102901_HC2_ACCTGTCCAAGCCTGC-1","HC2","Control","1",-0.286440927365998,0.0134906341655601,-0.990949327106022,-0.673235880014631,-0.208214437822273,2.17641077451767,-0.987981110390394,-0.617142431030051,-0.299931561531558,"VCAN+ classical monocyte"
"GSM5102901_HC2_AGACCATGTTACCCTC-1","HC2","Control","1",0.869970963743895,-0.0959104005940608,-0.990949327106022,-0.673235880014631,-0.477903661069141,2.00581054460486,0.30873003580625,-0.617142431030051,0.965881364337955,"VCAN+ classical monocyte"
"GSM5102901_HC2_AGATGCTAGATTGCGG-1","HC2","Control","1",-0.120054462801824,-0.669910850428547,1.33677753464571,-0.673235880014631,-0.153894980639652,1.15225052211231,0.567429611555537,-0.617142431030051,0.549856387626723,"VCAN+ classical monocyte"
"GSM5102901_HC2_AGCCAGCGTCAGCTTA-1","HC2","Control","1",1.52249419640327,0.475482735782934,0.0884137240435146,-0.673235880014631,1.672702210301,1.07106539443378,0.305784975028918,-0.617142431030051,1.04701146062033,"VCAN+ classical monocyte"
"GSM5102901_HC2_AGCGCCAAGACCAAAT-1","HC2","Control","2",-2.59772489737291,0.401539035079382,-0.466481118096792,-0.673235880014631,0.390357787977457,0.646152101825734,1.72132119258379,0.166849428693168,-2.99926393245229,"Lymphoid-like contamination"
"GSM5102901_HC2_AGCTCAACAGCTGTTA-1","HC2","Control","1",0.178306755206346,0.206000726638356,-0.990949327106022,-0.673235880014631,0.488457590536362,0.922613201091249,-0.987981110390394,-0.617142431030051,-0.0276939714320096,"VCAN+ classical monocyte"
"GSM5102901_HC2_AGGACGACATTGCCGG-1","HC2","Control","1",-0.27850448431291,0.643286895291802,-0.990949327106022,-0.673235880014631,-0.01781396764727,1.94931518741843,-0.987981110390394,-0.617142431030051,-0.921791379604712,"VCAN+ classical monocyte"
"GSM5102901_HC2_AGGCATTAGTGCCGAA-1","HC2","Control","1",-0.00523950942298743,0.631958354525613,-0.990949327106022,-0.673235880014631,0.709583149949281,-0.100407836681669,-0.987981110390394,-0.617142431030051,-0.6371978639486,"VCAN+ classical monocyte"
"GSM5102901_HC2_AGGCCACTCAGTGTCA-1","HC2","Control","1",-1.17996767216487,2.99959638289119,0.232815138084588,-0.673235880014631,1.57697767364745,0.967594777152282,4.39809675369522,-0.617142431030051,-4.17956405505605,"VCAN+ classical monocyte"
"GSM5102901_HC2_AGTCATGAGCTGGAGT-1","HC2","Control","2",-1.73048120281827,2.48332556854672,-0.990949327106022,-0.673235880014631,-0.231847283885507,-0.149696144522423,-0.0573562326807166,0.461961375135656,-4.21380677136499,"Lymphoid-like contamination"
"GSM5102901_HC2_AGTGATCGTACGATCT-1","HC2","Control","2",-1.91152832102118,2.14818174680356,-0.990949327106022,-0.673235880014631,-0.353238286539118,-0.479089572382664,-0.259616043937939,4.44692547780984,-4.05971006782474,"Lymphoid-like contamination"
"GSM5102901_HC2_AGTTAGCGTCCTTAAG-1","HC2","Control","2",-1.95765473980114,3.04856113645287,-0.990949327106022,-0.673235880014631,0.052482078908122,0.433248266398552,-0.0752397463024179,0.181569332769795,-5.00621587625401,"Lymphoid-like contamination"
"GSM5102901_HC2_ATATCCTAGCTGACCC-1","HC2","Control","0",0.478859074611974,-0.669910850428547,-0.990949327106022,-0.673235880014631,-0.343288142219699,1.83713506107124,0.765417655332609,-0.617142431030051,1.14876992504052,"Emergency myeloid / immature neutrophil-like"
"GSM5102901_HC2_ATCCACCCAAAGGAGA-1","HC2","Control","2",-0.207614959576411,1.08098364549781,-0.0658480102371654,-0.673235880014631,1.01719802811024,0.486741347640492,0.980181775956346,-0.13197697968325,-1.28859860507422,"Lymphoid-like contamination"
"GSM5102901_HC2_ATCCATTGTCATGACT-1","HC2","Control","1",0.461360706915515,-0.669910850428547,-0.990949327106022,-0.673235880014631,-1.05332832881928,1.38594200766139,-0.987981110390394,-0.617142431030051,1.13127155734406,"VCAN+ classical monocyte"
"GSM5102901_HC2_ATCTTCAAGACCATTC-1","HC2","Control","2",-1.0036793985819,0.317680487494081,-0.990949327106022,-0.673235880014631,-0.535469316460231,0.252085249820805,-0.334683356207672,-0.617142431030051,-1.32135988607598,"Lymphoid-like contamination"
"GSM5102901_HC2_ATTCACTAGTGCACCC-1","HC2","Control","0",0.767147844360286,-0.669910850428547,-0.990949327106022,-0.673235880014631,0.341768011299142,1.29459583702387,0.408756591334222,-0.617142431030051,1.43705869478883,"Emergency myeloid / immature neutrophil-like"
"GSM5102901_HC2_ATTGGGTAGGTAGCCA-1","HC2","Control","1",-0.422558059932073,1.86208028441749,-0.0597213628868664,-0.673235880014631,1.3345304006711,1.04881909169802,-0.987981110390394,-0.617142431030051,-2.28463834434956,"VCAN+ classical monocyte"
"GSM5102901_HC2_CAACGGCTCATGTCAG-1","HC2","Control","1",0.167801825698597,0.886776570969041,-0.990949327106022,-0.673235880014631,1.86048258400505,-0.020730430195645,0.442824370014773,-0.617142431030051,-0.718974745270444,"VCAN+ classical monocyte"
"GSM5102901_HC2_CAATGACCAACTTGGT-1","HC2","Control","1",-0.39349967362605,-0.0358383711799222,0.204088630309924,-0.673235880014631,0.564932430007222,0.91500934922041,0.444437368681037,0.636322717952023,-0.357661302446128,"VCAN+ classical monocyte"
"GSM5102901_HC2_CAGCAATGTAAGTAGT-1","HC2","Control","2",-1.49201666858722,2.24501399709947,-0.990949327106022,-0.673235880014631,-0.555348221438807,-0.225515281933331,-0.1637560176624,3.85701585714167,-3.73703066568669,"Lymphoid-like contamination"
"GSM5102901_HC2_CAGCAGCAGGTTCACT-1","HC2","Control","1",0.297983912632757,-0.0987666385531552,-0.990949327106022,-0.673235880014631,-0.650064460024563,-0.954365169325485,1.59253625971994,-0.617142431030051,0.396750551185913,"VCAN+ classical monocyte"
"GSM5102901_HC2_CAGGGCTCAAGACCGA-1","HC2","Control","1",-1.1409078843205,0.0810346531659425,-0.990949327106022,-0.673235880014631,-0.400786514128348,0.152604802703306,0.708462516052776,-0.617142431030051,-1.22194253748644,"VCAN+ classical monocyte"
"GSM5102901_HC2_CATGAGTTCGCTGATA-1","HC2","Control","1",-1.74917729123143,0.373793859008591,-0.990949327106022,-0.673235880014631,-1.97192808675448,-0.954365169325485,-0.987981110390394,-0.617142431030051,-2.12297115024002,"VCAN+ classical monocyte"
"GSM5102901_HC2_CATGGTACACATTACG-1","HC2","Control","1",-0.306690255986884,0.681770009494009,-0.0311260052786793,-0.673235880014631,-0.0416511780979933,0.753791736097693,-0.987981110390394,-0.617142431030051,-0.988460265480893,"VCAN+ classical monocyte"
"GSM5102901_HC2_CCACAAAAGCGGACAT-1","HC2","Control","2",-0.453687970620772,0.374708115486306,0.609157705596001,-0.673235880014631,0.838644902164476,0.317794736860672,-0.0796856576322622,0.737125072038604,-0.828396086107078,"Lymphoid-like contamination"
"GSM5102901_HC2_CCCTCAAAGGATGAGA-1","HC2","Control","1",0.377827054810259,-0.669910850428547,0.190848301509608,-0.673235880014631,1.92354330619053,2.03208695748823,0.428567001112492,-0.617142431030051,1.04773790523881,"VCAN+ classical monocyte"
"GSM5102901_HC2_CCGATGGGTTACCCTC-1","HC2","Control","0",-0.349545326706946,-0.669910850428547,0.122832279269552,-0.673235880014631,0.511487471191549,0.128547319043606,2.2005208769545,-0.617142431030051,0.320365523721602,"Emergency myeloid / immature neutrophil-like"
"GSM5102901_HC2_CCTACGTTCGTTGTGA-1","HC2","Control","1",-1.03415047896458,-0.0558730461142287,0.166329229303658,-0.673235880014631,-0.284040982749593,2.31378064081138,-0.987981110390394,-0.617142431030051,-0.978277432850347,"VCAN+ classical monocyte"
"GSM5102901_HC2_CGATGCGAGATGTTCC-1","HC2","Control","1",0.0337977580939637,0.890456571992804,-0.990949327106022,-0.673235880014631,1.97077471209683,-0.018091882594766,1.88171705671041,-0.617142431030051,-0.85665881389884,"VCAN+ classical monocyte"
"GSM5102901_HC2_CGGACACGTCCGGCAT-1","HC2","Control","1",-0.297749428924841,1.62713821230674,-0.990949327106022,-0.673235880014631,-1.97192808675448,1.16617179017947,-0.987981110390394,-0.617142431030051,-1.92488764123158,"VCAN+ classical monocyte"
"GSM5102901_HC2_CGGGTGTGTACCTAGT-1","HC2","Control","1",0.719882613409899,-0.101580208186479,0.0801848287978537,-0.673235880014631,0.265398145588125,1.26843439323372,0.295921504551615,-0.617142431030051,0.821462821596379,"VCAN+ classical monocyte"
"GSM5102901_HC2_CGTCCATCAGGTGGAT-1","HC2","Control","2",-1.48470533348401,1.71025504384146,-0.990949327106022,-0.673235880014631,-0.615583261586158,-0.441227314072086,0.584797674992424,4.2524159880822,-3.19496037732547,"Lymphoid-like contamination"
"GSM5102901_HC2_CGTGATAGTACCACGC-1","HC2","Control","1",0.456112723571632,0.603946010801191,-0.990949327106022,-0.673235880014631,0.427049800667025,1.54670718442452,-0.987981110390394,-0.617142431030051,-0.147833287229559,"VCAN+ classical monocyte"
"GSM5102901_HC2_CGTGTCTTCGAGAGAC-1","HC2","Control","1",1.27516974644962,-0.16446599713039,-0.990949327106022,-0.673235880014631,1.8849240597325,2.69925678777167,0.470221968704126,-0.617142431030051,1.43963574358001,"VCAN+ classical monocyte"
"GSM5102901_HC2_CTAAGTGTCATCGTAG-1","HC2","Control","1",-0.700451842443213,-0.669910850428547,-0.990949327106022,-0.673235880014631,0.891873702639884,0.869654438586359,1.48652221180757,-0.617142431030051,-0.030540992014666,"VCAN+ classical monocyte"
"GSM5102901_HC2_CTCCAACGTACGGATG-1","HC2","Control","2",1.01048570933969,1.26022173495977,-0.151108192495961,-0.436548621256427,0.645912780800705,0.938452286858712,0.0186847894116908,-0.617142431030051,-0.249736025620079,"Lymphoid-like contamination"
"GSM5102901_HC2_CTCCGATAGATTGATG-1","HC2","Control","1",1.60993385684459,-0.669910850428547,0.155545585931004,-0.673235880014631,1.44416082995847,2.845136272091,0.386251807823117,-0.617142431030051,2.27984470727313,"VCAN+ classical monocyte"
"GSM5102901_HC2_CTCTCAGGTCGGCTAC-1","HC2","Control","1",0.91590012913986,-0.0704697035913592,-0.990949327106022,-0.673235880014631,0.442267843747136,1.02510895862313,0.366202526254519,-0.617142431030051,0.98636983273122,"VCAN+ classical monocyte"
"GSM5102901_HC2_CTTCTAATCGAAGAAT-1","HC2","Control","2",-1.10724021386961,1.59065870902652,-0.318110382621348,-0.673235880014631,-0.0273323339973784,-0.238307891373945,-0.987981110390394,3.24826040897588,-2.69789892289613,"Lymphoid-like contamination"
"GSM5102901_HC2_CTTTCAAGTGACCGAA-1","HC2","Control","2",-1.10836705058411,2.71647773753843,-0.990949327106022,-0.673235880014631,-0.108133312136767,-0.267388873869903,-0.221547225423437,0.80585646378279,-3.82484478812254,"Lymphoid-like contamination"
"GSM5102901_HC2_GAGAAATCACCTGTCT-1","HC2","Control","2",-0.525714821368455,2.56853584559766,-0.990949327106022,-0.673235880014631,0.595134636134202,0.523746101688683,0.414719772840995,2.40587835416789,-3.09425066696611,"Lymphoid-like contamination"
"GSM5102901_HC2_GAGACCCGTGTGTACT-1","HC2","Control","1",0.921733326275588,1.13328858277597,-0.990949327106022,-0.673235880014631,1.55723083649464,0.298615492703206,0.0977161321122647,-0.617142431030051,-0.211555256500377,"VCAN+ classical monocyte"
"GSM5102901_HC2_GAGCTGCCAATGACCT-1","HC2","Control","1",1.02445432080248,0.445758190090099,0.350236678051552,-0.673235880014631,1.13601257819758,2.28490006322427,-0.987981110390394,-0.617142431030051,0.578696130712382,"VCAN+ classical monocyte"
"GSM5102901_HC2_GAGGCAAAGACTCATC-1","HC2","Control","1",-0.110544523928362,0.476608749962926,-0.0423881091474799,-0.673235880014631,0.787721322253218,1.2713584896537,-0.987981110390394,-0.617142431030051,-0.587153273891288,"VCAN+ classical monocyte"
"GSM5102901_HC2_GAGGGTATCATTCACT-1","HC2","Control","1",-0.107113189558554,-0.0862489023281242,-0.990949327106022,-0.673235880014631,0.319505597645451,-0.954365169325485,0.330556103179564,-0.617142431030051,-0.0208642872304301,"VCAN+ classical monocyte"
"GSM5102901_HC2_GCACGTGGTAGACAGC-1","HC2","Control","1",0.612645684618023,0.460706295819062,0.0744891277156385,-0.673235880014631,2.06324325844471,-0.121042894429204,2.22013657635018,-0.617142431030051,0.151939388798961,"VCAN+ classical monocyte"
"GSM5102901_HC2_GCGTGCACAACCGCTG-1","HC2","Control","1",0.385026354130368,1.13654468728904,0.143927734327556,-0.673235880014631,0.285198988744992,-0.0667321668920071,1.73263351809697,-0.617142431030051,-0.75151833315867,"VCAN+ classical monocyte"
"GSM5102901_HC2_GCTTCACTCAGGAAGC-1","HC2","Control","2",-0.0212790884536366,0.929097946869878,0.751993597783675,-0.673235880014631,0.900904125476095,0.299100265140756,0.69238108752053,1.06382114472175,-0.950377035323514,"Lymphoid-like contamination"
"GSM5102901_HC2_GCTTGGGTCCATGCAA-1","HC2","Control","2",-2.83156968624006,0.936872718365091,-0.407690805501105,-0.673235880014631,0.277597190496533,-0.201741901618596,1.09669309901688,-0.00536752870022897,-3.76844240460515,"Lymphoid-like contamination"
"GSM5102901_HC2_GGAAGTGTCCCGAGAC-1","HC2","Control","1",0.550998178844208,-0.669910850428547,-0.990949327106022,-0.673235880014631,0.418327797845046,1.88313204068235,0.180791989211399,-0.617142431030051,1.22090902927275,"VCAN+ classical monocyte"
"GSM5102901_HC2_GGAATCTTCAAGGAGC-1","HC2","Control","1",-0.272644516690611,-0.669910850428547,-0.990949327106022,-0.673235880014631,0.124862373214513,1.71662059989198,0.376457220971898,-0.617142431030051,0.397266333737937,"VCAN+ classical monocyte"
"GSM5102901_HC2_GGGATGATCAGTGATC-1","HC2","Control","2",-0.216771144960554,2.53367179998592,-0.990949327106022,-0.673235880014631,-0.880701194124784,-0.35760906841224,-0.987981110390394,0.183139125732612,-2.75044294494648,"Lymphoid-like contamination"
"GSM5102901_HC2_GGTCTGGTCCCATTCG-1","HC2","Control","2",-0.149822040813411,2.43527459335848,-0.399948796311246,-0.673235880014631,-0.0773307433308862,1.25879737201326,-0.987981110390394,0.00275299888834333,-2.58509663417189,"Lymphoid-like contamination"
"GSM5102901_HC2_GTAAGTCTCATTGAGC-1","HC2","Control","2",0.0484732529811745,2.84409734555421,-0.380585452986457,-0.673235880014631,0.69085435777517,0.184489347947621,0.757325931437588,1.15697514074798,-2.79562409257304,"Lymphoid-like contamination"
"GSM5102901_HC2_GTACAACAGACGGTTG-1","HC2","Control","1",-0.547784198167359,-0.0826354167331511,-0.990949327106022,-0.673235880014631,1.17795226115163,1.85433685829646,0.856789532964988,-0.617142431030051,-0.465148781434208,"VCAN+ classical monocyte"
"GSM5102901_HC2_GTACAGTCAGCTTCCT-1","HC2","Control","2",-1.48752111897515,-0.235016581929968,-0.523718871694423,-0.673235880014631,-1.18178629010649,-0.954365169325485,-0.00552152252464586,0.0962491978268574,-1.25250453704518,"Lymphoid-like contamination"
"GSM5102901_HC2_GTCACGGAGTGCAAAT-1","HC2","Control","2",-1.05595112095402,3.01748325145928,0.613221827507055,-0.673235880014631,-1.97192808675448,0.109893093835617,-0.987981110390394,1.3208337962554,-4.0734343724133,"Lymphoid-like contamination"
"GSM5102901_HC2_GTCAGCGCATGTAACC-1","HC2","Control","1",0.0952331216778159,0.447935662209464,1.54537594871933,-0.673235880014631,-0.678348799247446,0.693454168967789,-0.987981110390394,-0.617142431030051,-0.352702540531648,"VCAN+ classical monocyte"
"GSM5102901_HC2_GTCTAGAGTAAGATAC-1","HC2","Control","2",-0.899454559333137,2.35234339128933,-0.990949327106022,-0.357924323041328,-1.03446389546333,0.556032618509054,-0.987981110390394,3.19598028860967,-3.25179795062246,"Lymphoid-like contamination"
"GSM5102901_HC2_GTGTAACCATGGACAG-1","HC2","Control","1",0.176486820033789,-0.669910850428547,-0.990949327106022,-0.673235880014631,1.41282970656473,1.66737360557044,0.47107923968677,-0.617142431030051,0.846397670462336,"VCAN+ classical monocyte"
"GSM5102901_HC2_GTTACCCCATGAAAGT-1","HC2","Control","1",0.0606157199392927,-0.669910850428547,-0.990949327106022,-0.673235880014631,1.86847999180937,0.279162067668338,0.250813738584425,-0.617142431030051,0.73052657036784,"VCAN+ classical monocyte"
"GSM5102901_HC2_GTTGTAGGTCGAAGCA-1","HC2","Control","1",0.672649526803123,-0.669910850428547,-0.990949327106022,-0.673235880014631,1.16081282348268,1.7707986292074,-0.987981110390394,-0.617142431030051,1.34256037723167,"VCAN+ classical monocyte"
"GSM5102901_HC2_GTTGTCCAGCTCCATA-1","HC2","Control","1",-0.0238360003640619,0.127615784504749,1.4234735773526,-0.673235880014631,0.724952334264953,1.43152694683264,0.620412403155154,-0.617142431030051,-0.151451784868811,"VCAN+ classical monocyte"
"GSM5102901_HC2_TACCTGCAGGTACAAT-1","HC2","Control","2",-0.788630237627902,2.32544036364013,-0.990949327106022,-0.673235880014631,-0.646729271988073,0.233331116893253,-0.987981110390394,3.54730274323283,-3.11407060126803,"Lymphoid-like contamination"
"GSM5102901_HC2_TAGGAGGTCGATGCAT-1","HC2","Control","2",-1.7931983236901,1.83730856378288,-0.335653980853112,-0.673235880014631,-1.01941268658597,-0.954365169325485,-0.987981110390394,3.7244977813952,-3.63050688747298,"Lymphoid-like contamination"
"GSM5102901_HC2_TATCTGTCATTGCTGA-1","HC2","Control","1",-0.142332494077157,1.78405729282607,-0.00741291373797093,-0.673235880014631,0.334414254789934,1.7759200634435,0.190923479715168,-0.617142431030051,-1.92638978690322,"VCAN+ classical monocyte"
"GSM5102901_HC2_TATGTTCAGTGCGTCC-1","HC2","Control","1",0.900203732332534,0.0991213224633802,-0.990949327106022,-0.673235880014631,-1.08199903206531,2.01984938513654,-0.987981110390394,-0.617142431030051,0.801082409869153,"VCAN+ classical monocyte"
"GSM5102901_HC2_TCAAGTGCATCTCCCA-1","HC2","Control","1",0.102109736930824,3.40894049405608,-0.990949327106022,-0.673235880014631,1.22740433003758,0.702062998736808,0.281266059530637,-0.617142431030051,-3.30683075712526,"VCAN+ classical monocyte"
"GSM5102901_HC2_TCAGCCTTCTGTAAGC-1","HC2","Control","1",1.11557841493564,2.43580754690837,-0.990949327106022,-0.673235880014631,0.282477724347747,1.26668542045845,0.541920456194844,-0.617142431030051,-1.32022913197274,"VCAN+ classical monocyte"
"GSM5102901_HC2_TCCGTGTGTCGCTCGA-1","HC2","Control","2",-1.29076012111855,1.39410719404751,-0.990949327106022,-0.357682436991832,-1.18085506518425,-0.450513014480891,-0.215822155446729,3.90737573373232,-2.68486731516606,"Lymphoid-like contamination"
"GSM5102901_HC2_TCCTCTTGTCATCACA-1","HC2","Control","1",0.723939704600979,0.415139524876007,-0.990949327106022,-0.673235880014631,1.92722296017395,2.19747489338128,0.237624998670998,-0.617142431030051,0.308800179724972,"VCAN+ classical monocyte"
"GSM5102901_HC2_TCGCTTGGTTGCGTAT-1","HC2","Control","1",-0.489613733014558,0.517191637662021,0.398653558109221,-0.673235880014631,-0.948261870343592,-0.954365169325485,-0.987981110390394,-0.617142431030051,-1.00680537067658,"VCAN+ classical monocyte"
"GSM5102901_HC2_TCTATCACAAAGCTAA-1","HC2","Control","2",-0.811381050222675,-0.669910850428547,-0.990949327106022,-0.673235880014631,-0.390818170694783,0.687869486682134,-0.418110625366599,1.23351947993916,-0.141470199794128,"Lymphoid-like contamination"
"GSM5102901_HC2_TCTCCGACAGAGTCAG-1","HC2","Control","1",0.480768701632328,0.412935792525277,-0.990949327106022,-0.673235880014631,1.22342180628054,1.64892587145802,-0.987981110390394,-0.617142431030051,0.067832909107051,"VCAN+ classical monocyte"
"GSM5102901_HC2_TGATCTTCACTCGATA-1","HC2","Control","1",0.801303693825969,1.29929983137908,-0.990949327106022,-0.673235880014631,0.866545847741548,1.19736838096387,0.602247770350784,0.492568191230572,-0.497996137553114,"VCAN+ classical monocyte"
"GSM5102901_HC2_TGATGGTGTACCAGAG-1","HC2","Control","1",0.0304293308785054,0.137075296322463,-0.0100076343581949,-0.673235880014631,1.02989534189946,1.67991262946296,0.187813347738713,-0.617142431030051,-0.106645965443958,"VCAN+ classical monocyte"
"GSM5102901_HC2_TGCCGAGGTTGCCATA-1","HC2","Control","2",-1.0421861367461,1.72825652254061,-0.990949327106022,-0.673235880014631,0.144581547857176,0.358793717409778,-0.21537752023599,3.03364637344613,-2.7704426592867,"Lymphoid-like contamination"
"GSM5102901_HC2_TGCGGGTGTTGGGCCT-1","HC2","Control","2",-0.682242969985602,1.56803956600087,0.830773593140161,-0.673235880014631,0.913905403505231,0.631383717185239,0.252141013449484,0.00744592330003245,-2.25028253598647,"Lymphoid-like contamination"
"GSM5102901_HC2_TGCTTGCAGGCAGGTT-1","HC2","Control","1",-0.175733358900647,-0.669910850428547,1.20910888423876,-0.673235880014631,1.43182553545508,1.83816922886082,2.16677552078972,-0.617142431030051,0.4941774915279,"VCAN+ classical monocyte"
"GSM5102901_HC2_TGGATGTTCGATTGAC-1","HC2","Control","1",-0.705051871660278,0.0744111661527806,0.140513819456082,-0.673235880014631,1.40624720499564,1.02780395214826,0.368234154125888,-0.617142431030051,-0.779463037813059,"VCAN+ classical monocyte"
"GSM5102901_HC2_TGGTACAGTAAGAACT-1","HC2","Control","1",-2.61419773561494,-0.028551156522227,-0.990949327106022,-0.673235880014631,-0.487556830952693,-0.954365169325485,0.460899746844827,-0.617142431030051,-2.58564657909271,"VCAN+ classical monocyte"
"GSM5102901_HC2_TGTGCGGTCATCTATC-1","HC2","Control","1",0.256513513069359,-0.104101965107892,-0.990949327106022,-0.673235880014631,2.06157916084907,0.924181563007423,0.612706593827218,-0.617142431030051,0.36061547817725,"VCAN+ classical monocyte"
"GSM5102901_HC2_TGTGTGACAAGGCTTT-1","HC2","Control","2",0.15329770542903,2.60824750865002,0.284986112087275,-0.673235880014631,0.43754641253216,0.534356009223548,0.0628708885202573,0.302425681653423,-2.45494980322099,"Lymphoid-like contamination"
"GSM5102901_HC2_TGTTCATTCATGCTAG-1","HC2","Control","1",0.623996728656516,0.0731352000502116,-0.990949327106022,-0.673235880014631,0.847247875571799,1.46643561088016,0.566154695395912,-0.617142431030051,0.550861528606304,"VCAN+ classical monocyte"
"GSM5102901_HC2_TGTTGGACAATGGCCC-1","HC2","Control","1",0.759660181464501,-0.124489645511291,-0.990949327106022,-0.673235880014631,0.474517431383273,1.79248495640075,-0.987981110390394,-0.617142431030051,0.884149826975791,"VCAN+ classical monocyte"
"GSM5102901_HC2_TTGCATTTCTTCTGTA-1","HC2","Control","2",-0.929394227061656,2.62363290785182,-0.38112842361812,-0.673235880014631,-0.449621437291676,-0.293379663141433,0.473928489483626,4.39013165754543,-3.55302713491348,"Lymphoid-like contamination"
"GSM5102901_HC2_TTGGGCGGTAACATAG-1","HC2","Control","1",0.702123830842602,1.53550054888721,0.316135537166048,-0.673235880014631,1.10667089906076,2.02878724431065,0.578741102639877,-0.617142431030051,-0.833376718044611,"VCAN+ classical monocyte"
"GSM5102901_HC2_TTGTGGAAGTGATAGT-1","HC2","Control","1",-0.559416687340032,-0.16821151765046,0.218172851242142,-0.673235880014631,0.0934427015509253,-0.214809377708255,-0.987981110390394,-0.617142431030051,-0.391205169689572,"VCAN+ classical monocyte"
"GSM5102901_HC2_TTGTGTTGTGTGACCC-1","HC2","Control","1",0.402418044035785,0.501148756780492,1.21614958794194,-0.673235880014631,0.310593773591508,0.979061387579135,-0.987981110390394,-0.617142431030051,-0.0987307127447078,"VCAN+ classical monocyte"
"GSM5102901_HC2_TTTACGTCATAGGAGC-1","HC2","Control","1",-0.641399556564492,0.000746878578107878,-0.141911876561843,-0.673235880014631,1.2165760102104,1.57752441140475,0.338719244948832,-0.617142431030051,-0.6421464351426,"VCAN+ classical monocyte"
"GSM5102901_HC2_TTTAGTCTCCGTCACT-1","HC2","Control","1",0.226370808535124,-0.669910850428547,-0.0376560864114526,-0.673235880014631,1.63662636649134,0.1223592686435,0.662110903289431,-0.617142431030051,0.896281658963671,"VCAN+ classical monocyte"
"GSM5102902_P25_T0_AATCACGCATCCGCGA-1","P25","Sepsis","0",1.52915769509788,-0.669910850428547,0.469152857918346,0.259093883972703,-1.24308806487314,-0.954365169325485,-0.987981110390394,0.627930224672161,2.19906854552643,"Emergency myeloid / immature neutrophil-like"
"GSM5102902_P25_T0_ACTGATGTCCGTAGTA-1","P25","Sepsis","0",0.376101340935338,-0.669910850428547,0.186324720651879,-0.673235880014631,-0.98183603712461,-0.954365169325485,0.423144863035643,-0.617142431030051,1.04601219136389,"Emergency myeloid / immature neutrophil-like"
"GSM5102902_P25_T0_CAATCGACATCAGCTA-1","P25","Sepsis","0",1.06810798820918,-0.669910850428547,1.34039310330913,1.57330875339069,-1.22408805423744,-0.954365169325485,-0.987981110390394,0.383473518085436,1.73801883863773,"Emergency myeloid / immature neutrophil-like"
"GSM5102902_P25_T0_CAGCACGCAGAATGTA-1","P25","Sepsis","2",-0.788963846538279,-0.439010274130236,-0.212514646119528,-0.0285926693527509,-1.70472843134914,-0.954365169325485,-0.987981110390394,3.62225948143958,-0.349953572408044,"Lymphoid-like contamination"
"GSM5102902_P25_T0_CAGGCCACACTGAGGA-1","P25","Sepsis","0",1.46469443914047,-0.0587550809496744,0.160897451177861,0.160489366874185,-0.926879197574612,-0.053459468702782,0.392666759439947,-0.617142431030051,1.52344952009014,"Emergency myeloid / immature neutrophil-like"
"GSM5102902_P25_T0_CCCTCTCCAACCGTAT-1","P25","Sepsis","0",1.66356596107448,-0.669910850428547,0.982677172027407,1.1325638022598,0.798874169025004,-0.155603641139478,0.23612969458085,0.454039109100953,2.33347681150303,"Emergency myeloid / immature neutrophil-like"
"GSM5102902_P25_T0_GACACGCCACGACCTG-1","P25","Sepsis","0",1.31647900345739,-0.669910850428547,2.07407150997964,1.68414591305887,0.260382899965115,-0.18655294278835,-0.987981110390394,0.690893688597276,1.98638985388594,"Emergency myeloid / immature neutrophil-like"
"GSM5102902_P25_T0_GCAACATGTAACCCTA-1","P25","Sepsis","0",-2.27940899909574,-0.669910850428547,0.150853682941308,-0.673235880014631,-1.97192808675448,-0.954365169325485,-0.987981110390394,-0.617142431030051,-1.60949814866719,"Emergency myeloid / immature neutrophil-like"
"GSM5102902_P25_T0_GGTGTTATCCGTTGAA-1","P25","Sepsis","0",1.04670458038076,-0.669910850428547,-0.990949327106022,-0.673235880014631,-1.13415535672102,-0.954365169325485,-0.987981110390394,-0.617142431030051,1.7166154308093,"Emergency myeloid / immature neutrophil-like"
"GSM5102902_P25_T0_GGTTGTAGTGTCTTGA-1","P25","Sepsis","0",-0.54397724453995,-0.669910850428547,0.866672184581794,0.0994493061220162,-0.360487354024194,-0.954365169325485,0.0710472937473363,1.96412613555113,0.125933605888598,"Emergency myeloid / immature neutrophil-like"
"GSM5102902_P25_T0_TATGTTCGTGAACGGT-1","P25","Sepsis","0",0.0616079675841323,-0.669910850428547,1.31919396436435,2.09793501928449,-1.26725461920726,-0.954365169325485,-0.987981110390394,0.586646657523507,0.73151881801268,"Emergency myeloid / immature neutrophil-like"
"GSM5102902_P25_T0_TCATGGATCTCGCCTA-1","P25","Sepsis","0",1.28547601646362,-0.669910850428547,0.697757158347986,0.914001311185886,-1.06112037229468,-0.954365169325485,-0.987981110390394,0.769919345147514,1.95538686689217,"Emergency myeloid / immature neutrophil-like"
"GSM5102902_P25_T0_TGTGCGGCAGTCGCTG-1","P25","Sepsis","1",0.857134200875002,-0.669910850428547,0.0869476336400477,-0.673235880014631,-1.14463959120172,-0.954365169325485,-0.987981110390394,0.796109110139364,1.52704505130355,"VCAN+ classical monocyte"
"GSM5102904_P50_T0_AACAAAGCATTCTCTA-1","P50","Sepsis","0",-1.40393509100322,-0.669910850428547,3.04137913669209,-0.199467086065425,-1.97192808675448,-0.1978865663898,-0.987981110390394,-0.617142431030051,-0.734024240574674,"Emergency myeloid / immature neutrophil-like"
"GSM5102904_P50_T0_AACCCAATCACCCTGT-1","P50","Sepsis","0",-1.40720781026698,0.687106265706025,-0.990949327106022,-0.673235880014631,-1.29004418016142,-0.287571466409304,0.0338875545666485,1.17251904373934,-2.094314075973,"Emergency myeloid / immature neutrophil-like"
"GSM5102904_P50_T0_AACGTCACACCTGATA-1","P50","Sepsis","0",0.665717457150322,-0.669910850428547,1.43362484495073,0.514418023371389,0.597285649989097,-0.954365169325485,0.465112837957138,0.654415182238885,1.33562830757887,"Emergency myeloid / immature neutrophil-like"
"GSM5102904_P50_T0_AGCGTCGGTCTGTCCT-1","P50","Sepsis","1",-0.233426314592318,-0.669910850428547,1.11175485099288,-0.673235880014631,0.142619072624669,0.48517290522487,0.115072835651832,-0.617142431030051,0.436484535836229,"VCAN+ classical monocyte"
"GSM5102904_P50_T0_AGCTCAATCTAGGCAT-1","P50","Sepsis","2",-0.960148079677329,0.763552588844755,-0.0812397806181081,-0.449510337918746,-1.15210918649891,-0.954365169325485,0.778635812932809,1.96561495098893,-1.72370066852208,"Lymphoid-like contamination"
"GSM5102904_P50_T0_AGGCATTGTCAAGCCC-1","P50","Sepsis","0",1.53946616144192,-0.669910850428547,-0.990949327106022,1.44205800821304,1.0728069195303,1.39323580980512,-0.987981110390394,0.994957905899773,2.20937701187046,"Emergency myeloid / immature neutrophil-like"
"GSM5102904_P50_T0_AGGTTGTAGCCTTCTC-1","P50","Sepsis","0",0.442835938084201,-0.669910850428547,0.524988430164756,0.920886913653851,-1.30586683098056,-0.105906456085461,-0.987981110390394,-0.617142431030051,1.11274678851275,"Emergency myeloid / immature neutrophil-like"
"GSM5102904_P50_T0_AGTCTCCTCTCCAATT-1","P50","Sepsis","1",-0.421517294865303,-0.669910850428547,2.35070149110986,-0.673235880014631,0.26297956280659,1.08320656350612,0.252362635451389,-0.617142431030051,0.248393555563245,"VCAN+ classical monocyte"
"GSM5102904_P50_T0_ATGGAGGCATCCGGTG-1","P50","Sepsis","0",0.464914410038404,-0.669910850428547,0.245411929078544,1.14362246421647,0.22639256205935,-0.954365169325485,-0.987981110390394,0.967472542851595,1.13482526046695,"Emergency myeloid / immature neutrophil-like"
"GSM5102904_P50_T0_CAGATCACATGCACTA-1","P50","Sepsis","0",1.11001662729003,-0.669910850428547,2.78208561494773,0.95351729261373,0.589617848499344,-0.362400373095207,-0.0807885658599572,0.439738491558736,1.77992747771858,"Emergency myeloid / immature neutrophil-like"
"GSM5102904_P50_T0_CCATAAGAGCCGAACA-1","P50","Sepsis","0",0.636174579512015,-0.669910850428547,1.31684387861046,2.28975074057459,-0.0740573690767142,0.190839976794842,-0.987981110390394,0.91863836073269,1.30608542994056,"Emergency myeloid / immature neutrophil-like"
"GSM5102904_P50_T0_CCCTCAATCCATAAGC-1","P50","Sepsis","0",0.807200031619756,-0.669910850428547,0.594026348906244,0.687847587536005,0.636554382588525,-0.954365169325485,-0.987981110390394,0.474636294854583,1.4771108820483,"Emergency myeloid / immature neutrophil-like"
"GSM5102904_P50_T0_CCCTCTCCACCGAATT-1","P50","Sepsis","0",0.919720367458933,-0.669910850428547,1.55400766370299,0.381672471140487,0.700230663218825,-0.954365169325485,0.0529657468754794,0.293757998271184,1.58963121788748,"Emergency myeloid / immature neutrophil-like"
"GSM5102904_P50_T0_CCTATCGCACTACAGT-1","P50","Sepsis","0",1.0491688300912,-0.669910850428547,1.21641091652178,-0.132608985663982,-0.0860329449236411,-0.954365169325485,-0.987981110390394,0.540498261245048,1.71907968051975,"Emergency myeloid / immature neutrophil-like"
"GSM5102904_P50_T0_CGGAATTCAACTCCAA-1","P50","Sepsis","0",-2.84834753724378,-0.669910850428547,0.193458472575432,-0.673235880014631,-0.678526308528803,0.0961920205574651,0.117296810118762,-0.617142431030051,-2.17843668681524,"Emergency myeloid / immature neutrophil-like"
"GSM5102904_P50_T0_CGTGATAGTCAAGCGA-1","P50","Sepsis","0",1.04871358902879,-0.669910850428547,0.691495634168652,1.58407775107134,-0.76914243913497,-0.188284006342172,0.186046676379066,-0.617142431030051,1.71862443945734,"Emergency myeloid / immature neutrophil-like"
"GSM5102904_P50_T0_CTGTAGAGTTTCGTAG-1","P50","Sepsis","0",0.329084060825746,-0.669910850428547,-0.990949327106022,-0.0831753641382083,-0.324719358280288,-0.954365169325485,-0.987981110390394,-0.617142431030051,0.998994911254294,"Emergency myeloid / immature neutrophil-like"
"GSM5102904_P50_T0_CTGTCGTAGTACAGCG-1","P50","Sepsis","0",0.578631426303763,-0.669910850428547,1.31304535861164,1.69073431489549,-0.181323081095654,-0.954365169325485,-0.987981110390394,-0.617142431030051,1.24854227673231,"Emergency myeloid / immature neutrophil-like"
"GSM5102904_P50_T0_GAGTTACGTTCCTACC-1","P50","Sepsis","0",1.18900368774184,-0.669910850428547,0.781458994757294,0.659051906103958,-0.643175390234628,-0.271180736963253,-0.987981110390394,0.299044098525594,1.85891453817038,"Emergency myeloid / immature neutrophil-like"
"GSM5102904_P50_T0_GCCGATGAGGTCCTGC-1","P50","Sepsis","2",-0.718515640288559,-0.102217942775475,0.838604352321156,-0.673235880014631,-0.00146835676969804,-0.954365169325485,1.68220452037747,-0.617142431030051,-0.616297697513084,"Lymphoid-like contamination"
"GSM5102904_P50_T0_GCTGAATGTATTCCGA-1","P50","Sepsis","2",-0.960517673211804,-0.669910850428547,-0.534217639997028,-0.673235880014631,-0.591243049552848,-0.239908718469127,1.19734410539502,-0.617142431030051,-0.290606822783257,"Lymphoid-like contamination"
"GSM5102904_P50_T0_GGTGGCTTCCCTCTTT-1","P50","Sepsis","1",0.0286086860005319,-0.0314986761071359,1.24476755687695,-0.673235880014631,0.244396130187282,0.92780365216341,-0.987981110390394,-0.617142431030051,0.0601073621076678,"VCAN+ classical monocyte"
"GSM5102904_P50_T0_GTGTCCTAGTCGAATA-1","P50","Sepsis","2",-0.663302989004871,-0.669910850428547,0.7114324588307,-0.673235880014631,0.262591214970571,0.401962111379784,0.319850351983405,0.308353607068732,0.00660786142367686,"Lymphoid-like contamination"
"GSM5102904_P50_T0_TAGGTACCAACAAGAT-1","P50","Sepsis","0",0.778500852762459,-0.669910850428547,0.235007281643119,-0.673235880014631,1.20733176888582,0.00450481091937942,0.481497653873485,-0.617142431030051,1.44841170319101,"Emergency myeloid / immature neutrophil-like"
"GSM5102904_P50_T0_TCAAGTGTCTCAACCC-1","P50","Sepsis","0",1.93313513016354,-0.669910850428547,0.627972869357598,0.969678227806792,-0.840717154099273,-0.0287594562966166,-0.987981110390394,-0.617142431030051,2.60304598059209,"Emergency myeloid / immature neutrophil-like"
"GSM5102904_P50_T0_TCAGCAATCCTTCTGG-1","P50","Sepsis","0",0.445099655298642,-0.669910850428547,0.707587120916776,1.15244799854851,-1.15407790486604,-0.954365169325485,-0.987981110390394,-0.617142431030051,1.11501050572719,"Emergency myeloid / immature neutrophil-like"
"GSM5102904_P50_T0_TCAGGGCAGTCACTGT-1","P50","Sepsis","1",-0.0153073709445371,-0.191031729351116,0.445150107463321,-0.673235880014631,0.565442834630446,2.77949273818184,0.0938436410728055,1.55014466678566,0.175724358406579,"VCAN+ classical monocyte"
"GSM5102904_P50_T0_TCATCATAGCTGAAAT-1","P50","Sepsis","0",0.923631422308749,-0.0584369704994182,0.161496994723983,0.589046151757694,1.3595635894487,0.159777814262358,-0.987981110390394,-0.617142431030051,0.982068392808167,"Emergency myeloid / immature neutrophil-like"
"GSM5102904_P50_T0_TCTGGCTTCCTTGGAA-1","P50","Sepsis","2",-0.203035509725309,-0.669910850428547,0.991641571188758,-0.374574212098797,-1.45311307370794,-0.954365169325485,0.0248398236061116,2.43239533358842,0.466875340703238,"Lymphoid-like contamination"
"GSM5102904_P50_T0_TGACAGTAGGAGTATT-1","P50","Sepsis","0",1.00615728003428,-0.669910850428547,0.590463142495953,1.00090293049163,-0.722738483460759,-0.954365169325485,-0.987981110390394,0.313361392393425,1.67606813046282,"Emergency myeloid / immature neutrophil-like"
"GSM5102904_P50_T0_TGACTCCGTTGTGCAT-1","P50","Sepsis","1",-0.091091482126606,-0.176487851969876,0.20173688735615,-0.673235880014631,0.473357711826762,2.3660418315139,2.67097945633033,2.05155518063752,0.0853963698432696,"VCAN+ classical monocyte"
"GSM5102904_P50_T0_TGCGACGGTCATCGCG-1","P50","Sepsis","0",0.960416543060861,-0.669910850428547,1.24463880038354,0.769203614818173,0.0972140115545143,-0.954365169325485,-0.0153107391046075,-0.617142431030051,1.63032739348941,"Emergency myeloid / immature neutrophil-like"
"GSM5102904_P50_T0_TGCTCCACACGTGTGC-1","P50","Sepsis","0",0.693319886022299,-0.00533130261379364,1.51412008168484,2.52518147826362,0.439080633270381,-0.954365169325485,0.1949572028214,1.45316309863309,0.698651188636093,"Emergency myeloid / immature neutrophil-like"
"GSM5102904_P50_T0_TTATTGCTCCTGTACC-1","P50","Sepsis","0",1.26306817785886,-0.669910850428547,1.12455260063857,1.23915140272517,-0.511811615056661,0.700253988634863,-0.987981110390394,0.354635824625642,1.93297902828741,"Emergency myeloid / immature neutrophil-like"
"GSM5102904_P50_T0_TTCGCTGTCACCTACC-1","P50","Sepsis","0",1.6834400720384,-0.669910850428547,1.39655701643092,1.01518269160698,-0.671022682495465,0.702786505203455,0.281820450329416,0.775928556826707,2.35335092246694,"Emergency myeloid / immature neutrophil-like"
"GSM5102904_P50_T0_TTGGATGAGAATAGTC-1","P50","Sepsis","0",-1.02425564918974,-0.669910850428547,-0.990949327106022,-0.673235880014631,-1.25873073368879,-0.0458623803962611,-0.987981110390394,-0.617142431030051,-0.354344798761196,"Emergency myeloid / immature neutrophil-like"
"GSM5102904_P50_T0_TTTACCAGTCTCAGAT-1","P50","Sepsis","0",-0.666687703084478,-0.669910850428547,0.162097527834721,-0.673235880014631,-1.97192808675448,-0.0525208404739824,-0.987981110390394,-0.617142431030051,0.00322314734406981,"Emergency myeloid / immature neutrophil-like"
"GSM5511351_NSES_T0_AAACGAAGTGAGGCAT-1","NSES","Sepsis","0",1.27658975516477,-0.669910850428547,0.742258664352373,0.170295022130563,0.135858000421907,-0.276559323396879,0.0507637845448389,-0.617142431030051,1.94650060559331,"Emergency myeloid / immature neutrophil-like"
"GSM5511351_NSES_T0_AAAGTCCCAGTAGATA-1","NSES","Sepsis","0",-2.24146398989365,-0.669910850428547,0.330511487458135,0.669262306969284,-1.32541766356531,-0.954365169325485,-0.987981110390394,-0.617142431030051,-1.5715531394651,"Emergency myeloid / immature neutrophil-like"
"GSM5511351_NSES_T0_AACAAAGCAGATCATC-1","NSES","Sepsis","0",-0.676414822949207,-0.669910850428547,1.636728696178,0.688750822479827,-0.998179667798299,-0.139556911120163,-0.987981110390394,-0.617142431030051,-0.00650397252065926,"Emergency myeloid / immature neutrophil-like"
"GSM5511351_NSES_T0_AACAACCGTGGACTGA-1","NSES","Sepsis","0",-0.332666722619619,-0.669910850428547,2.49458748760394,-0.14808191649298,0.925457891125707,-0.954365169325485,0.297070105571474,-0.617142431030051,0.337244127808928,"Emergency myeloid / immature neutrophil-like"
"GSM5511351_NSES_T0_AACGAAATCTAATTCC-1","NSES","Sepsis","0",1.76051797023803,-0.669910850428547,1.00864720387117,2.52833009329858,1.17607360690803,0.487808538043811,-0.987981110390394,0.216724792613353,2.43042882066658,"Emergency myeloid / immature neutrophil-like"
"GSM5511351_NSES_T0_AAGAACAAGAGATTCA-1","NSES","Sepsis","0",0.428290675237498,-0.669910850428547,1.75523916086343,1.58703597981384,1.39338754406245,-0.156575873327833,1.45726058656252,-0.617142431030051,1.09820152566605,"Emergency myeloid / immature neutrophil-like"
"GSM5511351_NSES_T0_AAGACAACAGTCGGTC-1","NSES","Sepsis","0",0.720923802147379,-0.669910850428547,0.267535783084484,1.17613392359468,0.182937334979978,-0.954365169325485,0.201769378919153,-0.617142431030051,1.39083465257593,"Emergency myeloid / immature neutrophil-like"
"GSM5511351_NSES_T0_ACACTGATCGCTACAA-1","NSES","Sepsis","0",0.202822140964409,-0.669910850428547,0.255341060220277,-0.673235880014631,0.492365127293822,-0.954365169325485,-0.987981110390394,-0.617142431030051,0.872732991392956,"Emergency myeloid / immature neutrophil-like"
"GSM5511351_NSES_T0_ACAGCCGGTCTAGGCC-1","NSES","Sepsis","0",1.32484557827245,-0.669910850428547,-0.0258801189117694,1.74079776926229,0.293065803253361,-0.19954571976901,-0.987981110390394,-0.617142431030051,1.994756428701,"Emergency myeloid / immature neutrophil-like"
"GSM5511351_NSES_T0_ACATCGAAGGCTCACC-1","NSES","Sepsis","0",0.294827535502946,-0.669910850428547,2.47995782808013,0.62311159397226,-0.292181177517102,-0.954365169325485,-0.987981110390394,-0.617142431030051,0.964738385931494,"Emergency myeloid / immature neutrophil-like"
"GSM5511351_NSES_T0_ACCAAACGTCCTATAG-1","NSES","Sepsis","1",-1.08228644822669,-0.669910850428547,1.71810514582381,-0.673235880014631,-0.375081670054947,-0.105906456085461,-0.987981110390394,-0.617142431030051,-0.41237559779814,"VCAN+ classical monocyte"
"GSM5511351_NSES_T0_ACCATTTCATTCAGCA-1","NSES","Sepsis","0",1.70404310051027,-0.669910850428547,-0.990949327106022,-0.179957527508026,-0.571641013450232,-0.166735161337623,0.219070517755884,0.439111150593828,2.37395395093881,"Emergency myeloid / immature neutrophil-like"
"GSM5511351_NSES_T0_ACCGTTCTCTACCTTA-1","NSES","Sepsis","2",-1.8022869886484,-0.669910850428547,-0.990949327106022,-0.540466332931418,-1.70611858563305,-0.954365169325485,-0.987981110390394,0.23575315373218,-1.13237613821985,"Lymphoid-like contamination"
"GSM5511351_NSES_T0_ACCTACCTCTCGGGAC-1","NSES","Sepsis","0",-0.321807653718726,-0.669910850428547,0.926349617516535,1.36623242185766,-0.0418131486209478,0.465763651161752,-0.987981110390394,0.335091573384655,0.348103196709822,"Emergency myeloid / immature neutrophil-like"
"GSM5511351_NSES_T0_ACGGAAGCACACACGC-1","NSES","Sepsis","0",0.622839206174682,-0.669910850428547,0.274803517644857,-0.183625238240364,1.5097253540373,-0.954365169325485,1.91926569726976,-0.617142431030051,1.29275005660323,"Emergency myeloid / immature neutrophil-like"
"GSM5511351_NSES_T0_ACGTTCCGTCGGCCTA-1","NSES","Sepsis","0",0.365231652178953,-0.669910850428547,-0.0542587697229492,0.244421504578503,0.174200542851633,-0.954365169325485,-0.987981110390394,-0.617142431030051,1.0351425026075,"Emergency myeloid / immature neutrophil-like"
"GSM5511351_NSES_T0_ACTACGAAGCATCAAA-1","NSES","Sepsis","0",0.368978546319209,-0.669910850428547,0.991816596835102,2.36211774391692,0.467440523899494,-0.257653762030216,-0.987981110390394,0.590392036116478,1.03888939674776,"Emergency myeloid / immature neutrophil-like"
"GSM5511351_NSES_T0_ACTATCTAGCGTCTGC-1","NSES","Sepsis","0",0.798517907749188,-0.669910850428547,0.0265858669983465,1.08365543512113,-0.459918902529659,-0.954365169325485,0.231675726529073,0.450141579287458,1.46842875817773,"Emergency myeloid / immature neutrophil-like"
"GSM5511351_NSES_T0_ACTATCTTCTACTATC-1","NSES","Sepsis","0",-1.14491402244664,-0.669910850428547,0.200066224943871,-0.673235880014631,-1.97192808675448,-0.954365169325485,-0.987981110390394,-0.617142431030051,-0.475003172018098,"Emergency myeloid / immature neutrophil-like"
"GSM5511351_NSES_T0_ACTGTCCTCGTAGGAG-1","NSES","Sepsis","0",1.12059814005357,-0.669910850428547,1.56658855640869,1.32629100069415,-0.0137712828901957,-0.954365169325485,-0.987981110390394,-0.617142431030051,1.79050899048212,"Emergency myeloid / immature neutrophil-like"
"GSM5511351_NSES_T0_AGAAGCGAGTAGGGTC-1","NSES","Sepsis","0",-0.20075830527714,-0.669910850428547,0.712762762233981,2.76329143058605,-0.971023521655959,0.0353123372609998,-0.987981110390394,-0.617142431030051,0.469152545151407,"Emergency myeloid / immature neutrophil-like"
"GSM5511351_NSES_T0_AGACCATAGTCTGTAC-1","NSES","Sepsis","0",0.190929154326543,-0.669910850428547,2.06127201253601,2.86004405058558,-1.97192808675448,-0.954365169325485,-0.987981110390394,-0.617142431030051,0.86084000475509,"Emergency myeloid / immature neutrophil-like"
"GSM5511351_NSES_T0_AGACCCGCAGCTACAT-1","NSES","Sepsis","0",-0.124102840914901,-0.669910850428547,-0.021980887749366,0.405735673594256,0.570421934096572,-0.954365169325485,0.173461745510778,-0.617142431030051,0.545808009513647,"Emergency myeloid / immature neutrophil-like"
"GSM5511351_NSES_T0_AGAGAATGTGTCTAAC-1","NSES","Sepsis","0",0.844740758143784,-0.669910850428547,0.25302612560478,0.545462495275816,-0.00700294595370923,-0.954365169325485,-0.987981110390394,-0.617142431030051,1.51465160857233,"Emergency myeloid / immature neutrophil-like"
"GSM5511351_NSES_T0_AGCGCTGTCGGCTTGG-1","NSES","Sepsis","0",0.778484047174155,-0.669910850428547,0.395277784894347,2.12985845949681,0.248928601878114,-0.954365169325485,-0.987981110390394,-0.617142431030051,1.4483948976027,"Emergency myeloid / immature neutrophil-like"
"GSM5511351_NSES_T0_AGCGTATCAGTGGTGA-1","NSES","Sepsis","0",-0.236879664443859,-0.669910850428547,-0.990949327106022,-0.0619928496107099,-0.102276969014896,-0.954365169325485,2.33267888088331,-0.617142431030051,0.433031185984688,"Emergency myeloid / immature neutrophil-like"
"GSM5511351_NSES_T0_AGCGTATGTCTTGCTC-1","NSES","Sepsis","0",1.5161276934787,-0.669910850428547,-0.990949327106022,0.363591587739225,0.665114412470361,-0.330929161886182,0.271951068291427,-0.617142431030051,2.18603854390724,"Emergency myeloid / immature neutrophil-like"
"GSM5511351_NSES_T0_AGCTTCCAGTCTTCCC-1","NSES","Sepsis","0",0.956141692889052,-0.669910850428547,2.80981820676324,2.54522194417496,1.09632737840026,-0.954365169325485,0.300244862203872,0.841587446669087,1.6260525433176,"Emergency myeloid / immature neutrophil-like"
"GSM5511351_NSES_T0_AGGAAATGTCCGTACG-1","NSES","Sepsis","0",-0.997709719363991,-0.669910850428547,0.190848301509608,0.484548099385805,-1.97192808675448,-0.954365169325485,-0.987981110390394,-0.617142431030051,-0.327798868935444,"Emergency myeloid / immature neutrophil-like"
"GSM5511351_NSES_T0_AGGACGATCCGAAATC-1","NSES","Sepsis","0",0.400305179219024,-0.669910850428547,1.36231538257678,1.50380904771471,-0.527024520630402,-0.954365169325485,-0.987981110390394,-0.617142431030051,1.07021602964757,"Emergency myeloid / immature neutrophil-like"
"GSM5511351_NSES_T0_AGGATAAGTAGGCTCC-1","NSES","Sepsis","2",-1.37593745503239,-0.396651291529114,-0.990949327106022,-0.673235880014631,0.598196343151807,-0.551552815002035,1.17670181758363,-0.617142431030051,-0.979286163503275,"Lymphoid-like contamination"
"GSM5511351_NSES_T0_AGGATCTGTCGAGTTT-1","NSES","Sepsis","0",1.27773024466366,-0.669910850428547,0.778376627351667,2.58329112187943,0.717042276276555,0.30581883415402,-0.987981110390394,-0.617142431030051,1.94764109509221,"Emergency myeloid / immature neutrophil-like"
"GSM5511351_NSES_T0_AGGGCCTCAAAGTGTA-1","NSES","Sepsis","0",0.868798753578808,-0.669910850428547,0.0968377060145265,0.660331404096519,0.865360677136051,-0.103563172325646,-0.987981110390394,0.976210336893049,1.53870960400736,"Emergency myeloid / immature neutrophil-like"
"GSM5511351_NSES_T0_AGGGCCTGTATACAGA-1","NSES","Sepsis","0",-0.252641185464654,-0.669910850428547,0.94767483318262,2.19529664768094,-0.546288254801744,-0.954365169325485,0.403572555011613,-0.617142431030051,0.417269664963893,"Emergency myeloid / immature neutrophil-like"
"GSM5511351_NSES_T0_AGGTGTTAGGAGGGTG-1","NSES","Sepsis","0",0.469898054056584,-0.669910850428547,1.44857331834979,1.36233630733297,-1.41432736243711,-0.954365169325485,-0.987981110390394,0.335403249509329,1.13980890448513,"Emergency myeloid / immature neutrophil-like"
"GSM5511351_NSES_T0_AGTAACCAGACGCCCT-1","NSES","Sepsis","0",1.5668336401079,-0.669910850428547,2.26161829938194,1.3133319668276,-1.30889872928318,-0.109768624182191,-0.987981110390394,-0.617142431030051,2.23674449053645,"Emergency myeloid / immature neutrophil-like"
"GSM5511351_NSES_T0_ATACCGACAAAGGCAC-1","NSES","Sepsis","0",0.764239156765305,-0.669910850428547,0.0744891277156385,-0.151341291566918,1.33818824681904,-0.954365169325485,0.804697786787457,-0.617142431030051,1.43415000719385,"Emergency myeloid / immature neutrophil-like"
"GSM5511351_NSES_T0_ATAGAGATCTATCCAT-1","NSES","Sepsis","0",-0.134576624629869,-0.669910850428547,1.58354325587034,1.23123307997474,-0.558196215884372,1.27681211509842,-0.987981110390394,-0.617142431030051,0.535334225798678,"Emergency myeloid / immature neutrophil-like"
"GSM5511351_NSES_T0_ATCGTAGGTACTAGCT-1","NSES","Sepsis","0",1.78382125689977,-0.669910850428547,-0.990949327106022,1.49561855137546,0.890570046859271,0.763151274905379,0.328075286237411,-0.617142431030051,2.45373210732832,"Emergency myeloid / immature neutrophil-like"
"GSM5511351_NSES_T0_ATGAGTCTCTCCGCAT-1","NSES","Sepsis","0",0.971367444665763,-0.669910850428547,0.641499600830292,1.27523371603983,0.659250707631737,-0.366954400781701,0.812445783889025,0.17060653976382,1.64127829509431,"Emergency myeloid / immature neutrophil-like"
"GSM5511351_NSES_T0_ATTCGTTAGTATAACG-1","NSES","Sepsis","0",0.630881398300379,-0.669910850428547,0.249199568621378,1.19767875484344,1.71382457382573,-0.19171281518459,0.180791989211399,0.683639197449925,1.30079224872893,"Emergency myeloid / immature neutrophil-like"
"GSM5511351_NSES_T0_CAACGATCAACCGATT-1","NSES","Sepsis","0",-0.0599526663879546,-0.669910850428547,0.34105511662891,0.888999797075317,-1.05514916201156,-0.954365169325485,0.286281928586417,-0.617142431030051,0.609958184040593,"Emergency myeloid / immature neutrophil-like"
"GSM5511351_NSES_T0_CACTAAGAGAGAGTTT-1","NSES","Sepsis","0",0.390048784558155,-0.669910850428547,1.24348067426706,1.57166203442965,-0.697290028134772,-0.954365169325485,-0.987981110390394,0.334469063117457,1.0599596349867,"Emergency myeloid / immature neutrophil-like"
"GSM5511351_NSES_T0_CACTGGGTCAGTGGGA-1","NSES","Sepsis","0",1.01658406624197,-0.669910850428547,-0.990949327106022,-0.152031824542996,-0.500167150972745,-0.12214548587823,-0.987981110390394,0.498908268440759,1.68649491667051,"Emergency myeloid / immature neutrophil-like"
"GSM5511351_NSES_T0_CACTGTCAGCGTTGTT-1","NSES","Sepsis","0",1.25609939218061,-0.669910850428547,-0.990949327106022,0.0538647075058166,-0.676669134378655,-0.954365169325485,0.276309001618133,0.48919877913965,1.92601024260916,"Emergency myeloid / immature neutrophil-like"
"GSM5511351_NSES_T0_CAGGCCACAGCTTCGG-1","NSES","Sepsis","0",0.833083115934111,-0.669910850428547,-0.0362917876318311,0.391361674208148,0.534830795775031,-0.954365169325485,1.61708802474451,-0.617142431030051,1.50299396636266,"Emergency myeloid / immature neutrophil-like"
"GSM5511351_NSES_T0_CAGTGCGCACTAGGCC-1","NSES","Sepsis","0",-0.204033619137246,-0.669910850428547,1.63422098211164,0.349960765611337,-0.689382641580283,-0.954365169325485,-0.987981110390394,-0.617142431030051,0.465877231291301,"Emergency myeloid / immature neutrophil-like"
"GSM5511351_NSES_T0_CATAGACGTATGGTTC-1","NSES","Sepsis","0",1.49202127893637,-0.669910850428547,1.22363680784984,1.2194027602435,2.02905787861455,0.321201040300142,0.556082843755481,0.109781345840324,2.16193212936492,"Emergency myeloid / immature neutrophil-like"
"GSM5511351_NSES_T0_CATCCGTTCATTGTGG-1","NSES","Sepsis","0",1.02412172421639,-0.669910850428547,2.62201528653433,2.60277342169289,0.79623319704177,0.0312003527229198,-0.987981110390394,0.425577906515728,1.69403257464494,"Emergency myeloid / immature neutrophil-like"
"GSM5511351_NSES_T0_CCCGAAGTCGTCCTTG-1","NSES","Sepsis","0",0.725263748717282,-0.669910850428547,0.544111094572647,2.18337093767097,-0.326249003205502,-0.954365169325485,-0.987981110390394,-0.617142431030051,1.39517459914583,"Emergency myeloid / immature neutrophil-like"
"GSM5511351_NSES_T0_CCCGGAAAGACTCTAC-1","NSES","Sepsis","0",0.716626359491922,-0.669910850428547,3.05284473888201,2.66048551765712,-0.464349589463457,-0.316211102537523,-0.987981110390394,-0.617142431030051,1.38653720992047,"Emergency myeloid / immature neutrophil-like"
"GSM5511351_NSES_T0_CCCTCTCTCGCACTCT-1","NSES","Sepsis","0",0.402438264861967,-0.669910850428547,-0.990949327106022,-0.673235880014631,1.82599417901084,-0.954365169325485,2.67904430067943,-0.617142431030051,1.07234911529051,"Emergency myeloid / immature neutrophil-like"
"GSM5511351_NSES_T0_CCGGACACAGGGACTA-1","NSES","Sepsis","0",0.846351412042299,-0.669910850428547,1.44131296545831,2.40310036124865,0.450031876054941,-0.954365169325485,-0.987981110390394,-0.617142431030051,1.51626226247085,"Emergency myeloid / immature neutrophil-like"
"GSM5511351_NSES_T0_CCTCCTCGTTCGGGTC-1","NSES","Sepsis","0",0.176568864715465,-0.669910850428547,0.682518163303424,1.29620629982977,0.745793725369676,-0.954365169325485,0.25809140952196,0.754325340195273,0.846479715144013,"Emergency myeloid / immature neutrophil-like"
"GSM5511351_NSES_T0_CGCCAGAAGATACGAT-1","NSES","Sepsis","0",0.295756955759227,-0.669910850428547,0.49728403590836,3.02763085628935,-0.312504837329303,-0.954365169325485,-0.987981110390394,0.656644166685313,0.965667806187774,"Emergency myeloid / immature neutrophil-like"
"GSM5511351_NSES_T0_CGTCCATCAATCCTAG-1","NSES","Sepsis","0",0.750610256831126,-0.669910850428547,1.79899191374113,3.034784816596,-0.110018745283576,-0.232172945673914,-0.987981110390394,0.351355613885273,1.42052110725967,"Emergency myeloid / immature neutrophil-like"
"GSM5511351_NSES_T0_CGTGCTTTCAACCCGG-1","NSES","Sepsis","0",1.42144433564783,-0.669910850428547,0.217822861655374,0.510974547393427,0.996814424849091,-0.0089358152304977,0.460899746844827,-0.617142431030051,2.09135518607638,"Emergency myeloid / immature neutrophil-like"
"GSM5511351_NSES_T0_CTACAGACAGGTTACT-1","NSES","Sepsis","0",1.03173618650866,-0.669910850428547,1.34640619180286,0.76756478097704,-0.536792757237534,-0.954365169325485,-0.987981110390394,-0.617142431030051,1.7016470369372,"Emergency myeloid / immature neutrophil-like"
"GSM5511351_NSES_T0_CTACCCATCAGTCATG-1","NSES","Sepsis","0",-0.829115829282289,-0.669910850428547,0.566821132121428,-0.673235880014631,-1.97192808675448,-0.0746681504547354,-0.987981110390394,-0.617142431030051,-0.159204978853742,"Emergency myeloid / immature neutrophil-like"
"GSM5511351_NSES_T0_CTCAAGAAGGATACGC-1","NSES","Sepsis","0",1.89196548457798,-0.669910850428547,-0.255536082346583,0.659431428915769,1.15449466706029,-0.184519097119757,0.191816441066356,0.693751620069531,2.56187633500653,"Emergency myeloid / immature neutrophil-like"
"GSM5511351_NSES_T0_CTCACTGGTCACCTTC-1","NSES","Sepsis","2",-0.261149911582845,-0.440978550932137,-0.559480060531133,-0.673235880014631,-1.4420841814923,-0.954365169325485,-0.987981110390394,-0.164577987237881,0.179828639349293,"Lymphoid-like contamination"
"GSM5511351_NSES_T0_CTCAGTCAGTGACCTT-1","NSES","Sepsis","0",0.353452861712403,-0.669910850428547,3.77496414449582,1.71343123648534,0.561679506465243,-0.954365169325485,-0.987981110390394,-0.617142431030051,1.02336371214095,"Emergency myeloid / immature neutrophil-like"
"GSM5511351_NSES_T0_CTCATGCCAAGCACCC-1","NSES","Sepsis","0",0.379416095417571,-0.669910850428547,0.196747497403594,1.52048035493518,-0.903867313892898,-0.954365169325485,-0.987981110390394,-0.617142431030051,1.04932694584612,"Emergency myeloid / immature neutrophil-like"
"GSM5511351_NSES_T0_CTGCGAGGTACCTATG-1","NSES","Sepsis","0",1.19412209171186,-0.669910850428547,-0.990949327106022,0.443089975628017,1.16018477634004,-0.954365169325485,1.74366712583988,-0.617142431030051,1.86403294214041,"Emergency myeloid / immature neutrophil-like"
"GSM5511351_NSES_T0_CTGGCAGTCAGTCATG-1","NSES","Sepsis","0",0.767691161119175,-0.669910850428547,0.257281209577308,-0.0618023811747033,0.431165401700276,-0.954365169325485,0.699852918480268,0.413700842787721,1.43760201154772,"Emergency myeloid / immature neutrophil-like"
"GSM5511351_NSES_T0_CTGTATTCATGCAGGA-1","NSES","Sepsis","0",0.758166990161228,-0.669910850428547,0.0840334880276029,0.647430219195644,0.998567176143391,-0.954365169325485,-0.987981110390394,-0.617142431030051,1.42807784058978,"Emergency myeloid / immature neutrophil-like"
"GSM5511351_NSES_T0_GAATAGAAGTACTGGG-1","NSES","Sepsis","0",0.110581055623039,-0.669910850428547,1.9983975993673,2.4630352984092,0.333239263247681,-0.954365169325485,-0.987981110390394,-0.617142431030051,0.780491906051586,"Emergency myeloid / immature neutrophil-like"
"GSM5511351_NSES_T0_GACCGTGAGACCGTTT-1","NSES","Sepsis","0",0.438637599637612,-0.669910850428547,0.112206936746369,0.407504695306783,0.396386521833961,-0.954365169325485,0.334304435302582,-0.617142431030051,1.10854845006616,"Emergency myeloid / immature neutrophil-like"
"GSM5511351_NSES_T0_GACTATGAGTGTAGAT-1","NSES","Sepsis","2",0.796380575846453,-0.372666010336256,0.586464424098524,0.908381846256753,0.562604676825131,-0.0780269776786304,-0.987981110390394,1.9824304345467,1.16904658618271,"Lymphoid-like contamination"
"GSM5511351_NSES_T0_GACTCTCAGGTCGTCC-1","NSES","Sepsis","0",1.04861517285068,-0.669910850428547,0.452553262335443,0.113402920955799,-1.97192808675448,-0.954365169325485,-0.987981110390394,-0.617142431030051,1.71852602327922,"Emergency myeloid / immature neutrophil-like"
"GSM5511351_NSES_T0_GACTCTCAGTCGAAGC-1","NSES","Sepsis","2",-1.28805986003855,-0.669910850428547,-0.990949327106022,-0.673235880014631,0.719422226057721,0.156235542104801,1.8305802670003,-0.113841027634399,-0.618149009610007,"Lymphoid-like contamination"
"GSM5511351_NSES_T0_GATGCTACACACTTAG-1","NSES","Sepsis","0",1.20580985541297,-0.669910850428547,2.39307960215298,1.38812561250119,0.447415652901019,-0.954365169325485,-0.987981110390394,0.472340551002295,1.87572070584152,"Emergency myeloid / immature neutrophil-like"
"GSM5511351_NSES_T0_GCCAACGGTTGTGGCC-1","NSES","Sepsis","0",0.772608749440091,-0.669910850428547,-0.990949327106022,1.39145802634429,-0.142253270754712,-0.954365169325485,-0.987981110390394,-0.617142431030051,1.44251959986864,"Emergency myeloid / immature neutrophil-like"
"GSM5511351_NSES_T0_GCCAGGTCACCTGATA-1","NSES","Sepsis","0",0.445865418541196,-0.669910850428547,0.276847618748886,-0.182667744519373,0.802464823142584,-0.171062633312521,2.5768149824738,-0.617142431030051,1.11577626896974,"Emergency myeloid / immature neutrophil-like"
"GSM5511351_NSES_T0_GCGTGCACACGTTCGG-1","NSES","Sepsis","0",0.927834983441971,-0.669910850428547,-0.990949327106022,0.607246783335438,-0.144993737723916,-0.954365169325485,0.200854542141419,-0.617142431030051,1.59774583387052,"Emergency myeloid / immature neutrophil-like"
"GSM5511351_NSES_T0_GCTGAATAGATTGACA-1","NSES","Sepsis","0",0.311307456432218,-0.669910850428547,0.459107984888853,1.39010911817433,0.53441007174248,-0.954365169325485,0.109202380265709,1.30308030788275,0.981218306860765,"Emergency myeloid / immature neutrophil-like"
"GSM5511351_NSES_T0_GGACGTCTCTTTGCTA-1","NSES","Sepsis","0",-0.16173948380298,-0.669910850428547,1.03783981504793,0.958520267701446,-1.97192808675448,-0.954365169325485,-0.987981110390394,0.310449381044047,0.508171366625567,"Emergency myeloid / immature neutrophil-like"
"GSM5511351_NSES_T0_GGATGTTTCTGAGCAT-1","NSES","Sepsis","0",1.76752902735957,-0.669910850428547,0.391376579098869,0.684325646444048,1.55479050909379,0.784537837719329,0.344462857307093,0.548838112283582,2.43743987778811,"Emergency myeloid / immature neutrophil-like"
"GSM5511351_NSES_T0_GGCGTCAAGATGGCGT-1","NSES","Sepsis","2",-0.213185685098636,0.0899012068949368,-0.580638834023105,0.0282249146859043,-1.22113103087753,-0.954365169325485,-0.987981110390394,2.81085758190965,-0.303086891993572,"Lymphoid-like contamination"
"GSM5511351_NSES_T0_GGGCGTTTCAACGAGG-1","NSES","Sepsis","0",0.800273377991739,-0.669910850428547,0.600142998300982,0.890905578116716,-0.551537037130948,-0.954365169325485,0.398449267821259,-0.617142431030051,1.47018422842029,"Emergency myeloid / immature neutrophil-like"
"GSM5511351_NSES_T0_GGGCTACGTGCTGATT-1","NSES","Sepsis","0",0.88065797765501,-0.669910850428547,1.10607147389182,2.91855608262137,0.770740953603333,-0.236757816159276,0.111760031039506,-0.617142431030051,1.55056882808356,"Emergency myeloid / immature neutrophil-like"
"GSM5511351_NSES_T0_GGTAACTCATCATCCC-1","NSES","Sepsis","0",-0.626410003091745,-0.669910850428547,0.512909525621718,-0.0709091660206053,-1.97192808675448,-0.954365169325485,-0.987981110390394,-0.617142431030051,0.0435008473368025,"Emergency myeloid / immature neutrophil-like"
"GSM5511351_NSES_T0_GGTAACTTCGATGCTA-1","NSES","Sepsis","0",1.05023568095055,-0.669910850428547,0.303158263886803,0.96977027943581,1.00382700990805,-0.448278366842278,1.03088762273422,-0.617142431030051,1.7201465313791,"Emergency myeloid / immature neutrophil-like"
"GSM5511351_NSES_T0_GTCACTCGTCGAGCAA-1","NSES","Sepsis","0",0.484965583303896,-0.669910850428547,0.0787522890048074,1.43346414447159,-0.394082441921673,-0.117708504490805,1.89902519892735,-0.617142431030051,1.15487643373244,"Emergency myeloid / immature neutrophil-like"
"GSM5511351_NSES_T0_GTCATTTAGGCTCTAT-1","NSES","Sepsis","0",0.682360633284982,-0.669910850428547,-0.990949327106022,0.059853219856244,0.157535699480845,0.0901217770988197,0.290224661789669,0.501375943358731,1.35227148371353,"Emergency myeloid / immature neutrophil-like"
"GSM5511351_NSES_T0_GTCGTAAGTTACACAC-1","NSES","Sepsis","2",0.251385901314841,-0.51858453626621,-0.539055119248772,-0.172470105770485,-0.763321540269809,-0.731294806757658,-0.646123332502345,-0.14315444005382,0.769970437581051,"Lymphoid-like contamination"
"GSM5511351_NSES_T0_GTCTAGAAGATCCTAC-1","NSES","Sepsis","0",0.404865768375398,-0.669910850428547,2.02793308856077,2.68028912172307,-0.458281826734827,-0.954365169325485,-0.987981110390394,0.675733585775191,1.07477661880395,"Emergency myeloid / immature neutrophil-like"
"GSM5511351_NSES_T0_GTGTAACTCCAACTAG-1","NSES","Sepsis","0",0.357455604795754,-0.669910850428547,0.697514497036889,3.24562251465843,-1.10587832955119,-0.954365169325485,-0.987981110390394,-0.617142431030051,1.0273664552243,"Emergency myeloid / immature neutrophil-like"
"GSM5511351_NSES_T0_GTTCTATAGGCCACCT-1","NSES","Sepsis","1",-0.898012913081811,-0.669910850428547,1.311547115336,-0.673235880014631,-1.26506215131942,-0.0539276242598032,-0.987981110390394,-0.617142431030051,-0.228102062653263,"VCAN+ classical monocyte"
"GSM5511351_NSES_T0_TACCGGGGTCGCTTAA-1","NSES","Sepsis","2",0.252979636846827,-0.669910850428547,-0.622507965896666,0.628952456862756,-0.832463058854413,-0.378019549549155,-0.987981110390394,0.155767588862645,0.922890487275375,"Lymphoid-like contamination"
"GSM5511351_NSES_T0_TACCTGCGTGGCAACA-1","NSES","Sepsis","0",0.472563726371773,-0.669910850428547,0.531728187587731,0.973071887361679,0.726747116832047,-0.250270949201109,0.0910510064034711,0.766948449270576,1.14247457680032,"Emergency myeloid / immature neutrophil-like"
"GSM5511351_NSES_T0_TACGGTAGTCCCGCAA-1","NSES","Sepsis","0",0.0607761634577888,-0.669910850428547,1.49132088058313,1.96827044859877,0.813476736646701,0.652325089918696,0.243154114067267,0.460185961537374,0.730687013886336,"Emergency myeloid / immature neutrophil-like"
"GSM5511351_NSES_T0_TACGTCCCAGCTGTAT-1","NSES","Sepsis","0",0.10738752144832,-0.669910850428547,-0.0694577906063179,1.07156019522277,-1.40613266146165,-0.233629569799806,-0.987981110390394,-0.617142431030051,0.777298371876867,"Emergency myeloid / immature neutrophil-like"
"GSM5511351_NSES_T0_TACGTCCGTGCTTATG-1","NSES","Sepsis","0",0.741244670687751,-0.669910850428547,0.0712085085940976,-0.0212420454236643,-0.66759913619065,-0.954365169325485,-0.987981110390394,-0.617142431030051,1.4111555211163,"Emergency myeloid / immature neutrophil-like"
"GSM5511351_NSES_T0_TAGGGTTCATAAGCGG-1","NSES","Sepsis","2",0.0260709723177309,2.21661580965594,0.443559314550918,2.16722202509482,-0.460253755816779,-0.249589115825984,-0.987981110390394,0.32799960673124,-2.1905448373382,"Lymphoid-like contamination"
"GSM5511351_NSES_T0_TATCTGTGTATTTCGG-1","NSES","Sepsis","0",0.883006909780659,-0.669910850428547,-0.990949327106022,0.60421739305675,0.198395468120175,-0.954365169325485,0.316483748833233,-0.617142431030051,1.55291776020921,"Emergency myeloid / immature neutrophil-like"
"GSM5511351_NSES_T0_TATTTCGTCATTTCCA-1","NSES","Sepsis","0",0.402452556495713,-0.669910850428547,0.00975352148404577,0.709394001296165,0.981714845178819,-0.954365169325485,0.211499829511596,0.711779981967379,1.07236340692426,"Emergency myeloid / immature neutrophil-like"
"GSM5511351_NSES_T0_TCAATCTGTCGAAACG-1","NSES","Sepsis","0",0.209606569442157,-0.669910850428547,1.40797193354556,-0.151571775345785,-0.66414834722144,-0.954365169325485,-0.987981110390394,-0.617142431030051,0.879517419870704,"Emergency myeloid / immature neutrophil-like"
"GSM5511351_NSES_T0_TCACGGGCATCCAATG-1","NSES","Sepsis","0",-0.103035040256987,-0.669910850428547,-0.990949327106022,0.100348791404191,1.51237170717826,-0.954365169325485,2.08346035266415,-0.617142431030051,0.566875810171561,"Emergency myeloid / immature neutrophil-like"
"GSM5511351_NSES_T0_TCAGTTTAGCATGCGA-1","NSES","Sepsis","0",0.981360331536868,-0.273040482724537,0.161297037076114,0.876265630331984,0.726090226172072,-0.369337923362243,-0.0914204377544338,-0.617142431030051,1.25440081426141,"Emergency myeloid / immature neutrophil-like"
"GSM5511351_NSES_T0_TCATATCTCGGACGTC-1","NSES","Sepsis","0",0.982515301480429,-0.669910850428547,2.77965511030927,0.0836626617782771,0.243901945191901,-0.954365169325485,0.345749690682575,-0.617142431030051,1.65242615190898,"Emergency myeloid / immature neutrophil-like"
"GSM5511351_NSES_T0_TCATCCGCAGTAACGG-1","NSES","Sepsis","0",1.04236913018453,-0.669910850428547,0.277668391209094,1.10038910993504,1.06111415840789,-0.954365169325485,2.26882133343716,-0.617142431030051,1.71227998061307,"Emergency myeloid / immature neutrophil-like"
"GSM5511351_NSES_T0_TCATTCAAGACAGCTG-1","NSES","Sepsis","0",0.801923570323468,-0.669910850428547,-0.244744851790179,0.102869612806199,0.3819322407081,-0.370728631622264,0.800877683550291,-0.617142431030051,1.47183442075202,"Emergency myeloid / immature neutrophil-like"
"GSM5511351_NSES_T0_TCCAGAACAGAGGCTA-1","NSES","Sepsis","2",0.468639740613719,-0.669910850428547,0.76271069940582,0.67314573381637,-0.321403055968047,-0.538127127160084,-0.350091744321562,-0.0589451577081702,1.13855059104227,"Lymphoid-like contamination"
"GSM5511351_NSES_T0_TCCATCGTCGAGTCCG-1","NSES","Sepsis","0",0.743570994641234,-0.669910850428547,1.75271092704912,2.07827391625687,0.782834253175454,-0.954365169325485,0.197215406979362,0.419986418481134,1.41348184506978,"Emergency myeloid / immature neutrophil-like"
"GSM5511351_NSES_T0_TCCATGCCATAAGCAA-1","NSES","Sepsis","0",-0.441971864716978,-0.669910850428547,-0.990949327106022,-0.673235880014631,-1.14308093447803,-0.228248238590836,-0.987981110390394,-0.617142431030051,0.227938985711569,"Emergency myeloid / immature neutrophil-like"
"GSM5511351_NSES_T0_TCCTAATTCTTCGGTC-1","NSES","Sepsis","0",0.980673858841129,-0.669910850428547,1.17143509233723,1.33747784041539,1.35910101396921,-0.127542746836127,0.279133322950253,0.171837428815182,1.65058470926968,"Emergency myeloid / immature neutrophil-like"
"GSM5511351_NSES_T0_TCCTCCCCATGTTTGG-1","NSES","Sepsis","0",0.289646796188781,-0.669910850428547,2.2327730377316,3.00668229633633,1.13792387975069,0.392722712604861,0.354209072961627,0.934774537737275,0.959557646617328,"Emergency myeloid / immature neutrophil-like"
"GSM5511351_NSES_T0_TCGCTTGAGCTTGTTG-1","NSES","Sepsis","2",-1.67370882901947,-0.437903742074142,-0.553684960732041,-0.673235880014631,-1.42935874059341,-0.954365169325485,-0.463859215561287,-0.617142431030051,-1.23580508694532,"Lymphoid-like contamination"
"GSM5511351_NSES_T0_TCTATACAGCGATGCA-1","NSES","Sepsis","0",0.722063846627181,-0.669910850428547,-0.990949327106022,-0.673235880014631,0.123767478703798,-0.954365169325485,0.253917280760676,-0.617142431030051,1.39197469705573,"Emergency myeloid / immature neutrophil-like"
"GSM5511351_NSES_T0_TCTTTGATCAATGCAC-1","NSES","Sepsis","0",0.705011523815329,-0.669910850428547,1.81594499239861,2.33998963911925,-0.248496126338806,-0.157222100970543,-0.987981110390394,-0.617142431030051,1.37492237424388,"Emergency myeloid / immature neutrophil-like"
"GSM5511351_NSES_T0_TGAACGTCAGTTGAAA-1","NSES","Sepsis","0",0.526880060718326,-0.669910850428547,0.0192714798197355,2.15845743311918,-1.35165292582857,-0.954365169325485,-0.987981110390394,1.50208159260863,1.19679091114687,"Emergency myeloid / immature neutrophil-like"
"GSM5511351_NSES_T0_TGAGGGACACGTAGAG-1","NSES","Sepsis","0",0.640651571200864,-0.669910850428547,0.226315408010439,0.0571950844402597,-1.05635539554154,-0.954365169325485,-0.987981110390394,-0.617142431030051,1.31056242162941,"Emergency myeloid / immature neutrophil-like"
"GSM5511351_NSES_T0_TGCTTGCTCTAGGAAA-1","NSES","Sepsis","0",0.53011460104417,-0.669910850428547,2.90903695051072,1.72256267432057,-0.319523740490101,-0.954365169325485,0.460899746844827,-0.617142431030051,1.20002545147272,"Emergency myeloid / immature neutrophil-like"
"GSM5511351_NSES_T0_TGGGCGTTCTGCCCTA-1","NSES","Sepsis","0",0.0633616301871118,-0.669910850428547,-0.990949327106022,-0.230559549477323,-1.41704695628545,-0.0432034247998724,0.0952474213334306,-0.617142431030051,0.733272480615659,"Emergency myeloid / immature neutrophil-like"
"GSM5511351_NSES_T0_TGGGCTGTCTATCCAT-1","NSES","Sepsis","0",1.06173253805971,-0.669910850428547,0.256892371676623,1.90628384160327,-0.439579504709585,-0.954365169325485,-0.987981110390394,-0.617142431030051,1.73164338848826,"Emergency myeloid / immature neutrophil-like"
"GSM5511351_NSES_T0_TGTACAGCATGACCCG-1","NSES","Sepsis","2",-1.32597967033937,-0.669910850428547,-0.990949327106022,-0.673235880014631,0.696761965982453,-0.375734856440152,1.89339573234543,-0.0739233916201722,-0.656068819910824,"Lymphoid-like contamination"
"GSM5511351_NSES_T0_TGTCCTGGTCAAAGTA-1","NSES","Sepsis","0",0.0129802322876809,-0.669910850428547,-0.990949327106022,0.866065627345236,0.67253853231077,-0.954365169325485,-0.987981110390394,0.57023410172866,0.682891082716228,"Emergency myeloid / immature neutrophil-like"
"GSM5511351_NSES_T0_TGTTACTTCTACGGTA-1","NSES","Sepsis","2",-1.00743235325721,-0.669910850428547,0.555875984665962,-0.673235880014631,-0.137335816688005,-0.259290514880041,-0.987981110390394,0.211807507420374,-0.337521502828658,"Lymphoid-like contamination"
"GSM5511351_NSES_T0_TGTTGGACATCATTTC-1","NSES","Sepsis","0",1.25279248078513,-0.669910850428547,1.9827289154848,2.3385706638176,0.316187379529929,-0.295475797941345,-0.987981110390394,0.701058617833188,1.92270333121368,"Emergency myeloid / immature neutrophil-like"
"GSM5511351_NSES_T0_TTACGTTTCATGCAGT-1","NSES","Sepsis","0",0.161413511517744,-0.669910850428547,-0.990949327106022,-0.673235880014631,-1.97192808675448,-0.954365169325485,-0.987981110390394,-0.617142431030051,0.831324361946291,"Emergency myeloid / immature neutrophil-like"
"GSM5511351_NSES_T0_TTAGGCAAGCTTTGTG-1","NSES","Sepsis","0",-0.0829411621029575,-0.669910850428547,-0.990949327106022,1.07600710194815,-0.171294155099503,-0.954365169325485,0.438817490353901,-0.617142431030051,0.58696968832559,"Emergency myeloid / immature neutrophil-like"
"GSM5511351_NSES_T0_TTAGTCTTCGCCATAA-1","NSES","Sepsis","0",0.762916960370755,-0.669910850428547,-0.00852734942000729,0.806012653027194,-1.20575379573203,-0.954365169325485,-0.987981110390394,-0.617142431030051,1.4328278107993,"Emergency myeloid / immature neutrophil-like"
"GSM5511351_NSES_T0_TTCATGTTCTCATTTG-1","NSES","Sepsis","0",1.01293354798894,-0.669910850428547,-0.400653375396461,1.25360776845294,0.882219067295915,-0.492670959665092,0.883012323746679,-0.617142431030051,1.68284439841749,"Emergency myeloid / immature neutrophil-like"
"GSM5511351_NSES_T0_TTCGATTTCGAAGAAT-1","NSES","Sepsis","0",0.239726872087877,-0.669910850428547,1.44836895316837,0.657313777604075,-0.47418766359775,-0.105906456085461,-0.987981110390394,0.520685667989729,0.909637722516425,"Emergency myeloid / immature neutrophil-like"
"GSM5511351_NSES_T0_TTCTAACTCAAGGTGG-1","NSES","Sepsis","0",0.455889146594921,-0.669910850428547,0.264350448522648,0.825829506439975,1.65459329320399,-0.954365169325485,2.22783115954814,0.699530826510578,1.12579999702347,"Emergency myeloid / immature neutrophil-like"
"GSM5511351_NSES_T0_TTCTTCCGTGCCCACA-1","NSES","Sepsis","0",0.594875661367786,-0.669910850428547,-0.0816129395458431,-0.227806359802985,1.07379395758436,-0.954365169325485,1.50547885475193,-0.617142431030051,1.26478651179633,"Emergency myeloid / immature neutrophil-like"
"GSM5511351_NSES_T0_TTGGATGGTGGAGGTT-1","NSES","Sepsis","0",0.301891755854313,-0.669910850428547,1.50027740813918,2.92284857443791,-0.342193200003564,-0.954365169325485,-0.987981110390394,0.406377068476355,0.97180260628286,"Emergency myeloid / immature neutrophil-like"
"GSM5511351_NSES_T0_TTGTTTGAGGAACATT-1","NSES","Sepsis","1",0.57301628037778,-0.669910850428547,0.933409169147562,-0.0622464991323375,0.914227381879942,-0.302214429267045,0.64277039710733,-0.617142431030051,1.24292713080633,"VCAN+ classical monocyte"
"GSM5511351_NSES_T0_TTTATGCCAAACAGGC-1","NSES","Sepsis","0",0.719996501259937,-0.669910850428547,0.281384264827053,0.128790848986739,-0.474730540196508,-0.954365169325485,-0.987981110390394,-0.617142431030051,1.38990735168848,"Emergency myeloid / immature neutrophil-like"
"GSM5511351_NSES_T0_TTTCACAGTACCTAGT-1","NSES","Sepsis","2",-0.307819707385391,-0.669910850428547,-0.231235121945387,-0.33120838103598,-0.305356879114295,0.528452873829421,0.341112040111239,0.310253606911989,0.362091143043156,"Lymphoid-like contamination"
"GSM5511351_NSES_T0_TTTCGATGTTGGAGAC-1","NSES","Sepsis","0",0.65875673918041,-0.669910850428547,0.593248990321955,-0.673235880014631,-0.293098252471802,-0.954365169325485,0.39051793148076,-0.617142431030051,1.32866758960896,"Emergency myeloid / immature neutrophil-like"
"GSM5511351_NSES_T0_TTTGATCAGCACTCGC-1","NSES","Sepsis","0",-0.026090482804728,-0.669910850428547,1.67301888461708,1.96028396291562,-0.14318306284263,-0.954365169325485,-0.987981110390394,0.775928556826707,0.643820367623819,"Emergency myeloid / immature neutrophil-like"
"GSM5511353_S2_T0_ACCCTCAGTCTACAGT-1","S2","Sepsis","0",0.834056939927607,-0.669910850428547,-0.990949327106022,0.218243661446681,-1.29167869281249,-0.954365169325485,-0.987981110390394,-0.617142431030051,1.50396779035615,"Emergency myeloid / immature neutrophil-like"
"GSM5511353_S2_T0_AGCCAATTCATCAGTG-1","S2","Sepsis","0",-0.616732987083024,-0.669910850428547,-0.990949327106022,0.0484020488742755,-0.0629327007427771,-0.954365169325485,1.11217803113427,-0.617142431030051,0.0531778633455233,"Emergency myeloid / immature neutrophil-like"
"GSM5511353_S2_T0_AGGACTTAGCTGTTAC-1","S2","Sepsis","0",-2.20907715002866,-0.0194333140985103,0.235007281643119,-0.673235880014631,-1.97192808675448,-0.954365169325485,-0.987981110390394,-0.617142431030051,-2.18964383593015,"Emergency myeloid / immature neutrophil-like"
"GSM5511353_S2_T0_AGGGTTTCACGTCATA-1","S2","Sepsis","0",1.21513751956885,-0.669910850428547,1.04084344095469,-0.673235880014631,-0.0582733937733443,-0.954365169325485,1.15059673364778,-0.617142431030051,1.8850483699974,"Emergency myeloid / immature neutrophil-like"
"GSM5511353_S2_T0_AGTAGTCTCAAACCCA-1","S2","Sepsis","2",-0.891018848708944,0.949338252640378,-0.990949327106022,-0.673235880014631,-1.32722385262433,-0.954365169325485,-0.0338140521871121,-0.617142431030051,-1.84035710134932,"Lymphoid-like contamination"
"GSM5511353_S2_T0_ATCACAGCAGGCGATA-1","S2","Sepsis","2",-1.09176682472588,2.09115648661527,0.871339202042117,-0.673235880014631,-0.461247979143166,0.555074654748661,-0.0302789139763215,-0.198114631595763,-3.18292331134115,"Lymphoid-like contamination"
"GSM5511353_S2_T0_ATCCATTTCGAAGTGG-1","S2","Sepsis","2",-0.65384729832467,0.698577464427149,-0.21533102630653,-0.673235880014631,-1.49569876832504,-0.954365169325485,1.17385326431879,0.196397007555722,-1.35242476275182,"Lymphoid-like contamination"
"GSM5511353_S2_T0_ATTATCCCATCGGAAG-1","S2","Sepsis","0",-0.855818945247541,-0.669910850428547,-0.990949327106022,-0.673235880014631,-1.04337617354311,-0.954365169325485,0.495779529166006,-0.617142431030051,-0.185908094818994,"Emergency myeloid / immature neutrophil-like"
"GSM5511353_S2_T0_ATTTCTGCAATCAAGA-1","S2","Sepsis","2",-1.77942993489118,-0.31778021855396,-0.537510567713463,-0.673235880014631,-1.69351687454814,-0.954365169325485,-0.444471965722234,-0.617142431030051,-1.46164971633722,"Lymphoid-like contamination"
"GSM5511353_S2_T0_CAGAGCCCACAAGGTG-1","S2","Sepsis","2",-1.35623312926257,-0.669910850428547,-0.990949327106022,-0.673235880014631,-1.97192808675448,-0.954365169325485,-0.987981110390394,0.258418286202768,-0.686322278834022,"Lymphoid-like contamination"
"GSM5511353_S2_T0_CAGCACGGTATGAGGC-1","S2","Sepsis","0",1.23199328563655,-0.12738566277627,0.0315492252155677,-0.673235880014631,0.4037766345239,-0.954365169325485,2.54194842187776,-0.617142431030051,1.35937894841282,"Emergency myeloid / immature neutrophil-like"
"GSM5511353_S2_T0_CCTACGTTCCATTGGA-1","S2","Sepsis","2",-1.68908306561365,1.78338756477755,-0.209406074241944,-0.673235880014631,-1.49206085018859,-0.954365169325485,-0.0511932948662645,0.202611639380812,-3.4724706303912,"Lymphoid-like contamination"
"GSM5511353_S2_T0_CCTGCATCACACCGCA-1","S2","Sepsis","2",-1.23485747146944,2.79813483426644,-0.990949327106022,-0.673235880014631,-0.796065514736845,-0.328233445024441,0.765396415331762,0.551900106972622,-4.03299230573588,"Lymphoid-like contamination"
"GSM5511353_S2_T0_CCTTTGGAGAAAGCGA-1","S2","Sepsis","0",-0.195420343835262,0.10017446234556,-0.990949327106022,-0.673235880014631,0.00989832987965387,-0.954365169325485,-0.987981110390394,-0.617142431030051,-0.295594806180822,"Emergency myeloid / immature neutrophil-like"
"GSM5511353_S2_T0_CGATCGGAGGGACACT-1","S2","Sepsis","0",1.13683672739095,-0.669910850428547,-0.990949327106022,0.86090767597598,1.18476664245586,0.0718995823045529,1.51471737300973,0.477874623408517,1.8067475778195,"Emergency myeloid / immature neutrophil-like"
"GSM5511353_S2_T0_CTCCATGCAATTCACG-1","S2","Sepsis","0",1.17074561017156,-0.669910850428547,0.171226412468794,-0.673235880014631,0.773785031292993,-0.954365169325485,2.45813380312316,-0.617142431030051,1.84065646060011,"Emergency myeloid / immature neutrophil-like"
"GSM5511353_S2_T0_CTCCTTTAGAGGACTC-1","S2","Sepsis","0",0.451542614294535,-0.669910850428547,0.209521107881798,-0.673235880014631,-0.0620662112944646,-0.954365169325485,-0.987981110390394,0.642020797470514,1.12145346472308,"Emergency myeloid / immature neutrophil-like"
"GSM5511353_S2_T0_CTGAATGTCAATCTTC-1","S2","Sepsis","2",-1.52961758527827,-0.216505412370292,-0.990949327106022,-0.673235880014631,-1.28872778971004,-0.954365169325485,0.0362966326773058,3.01163171837094,-1.31311217290798,"Lymphoid-like contamination"
"GSM5511353_S2_T0_GCAACCGAGGTCGTGA-1","S2","Sepsis","0",0.928665175881254,-0.669910850428547,0.124995594091619,0.420033492313861,0.68187644675387,0.130297262815979,2.97127995639938,-0.617142431030051,1.5985760263098,"Emergency myeloid / immature neutrophil-like"
"GSM5511353_S2_T0_GCATCTCCAAAGGTTA-1","S2","Sepsis","0",0.0603561464423701,-0.669910850428547,0.769802487208957,-0.673235880014631,-0.320393713649103,-0.00948252052621627,1.23100127530767,-0.617142431030051,0.730266996870917,"Emergency myeloid / immature neutrophil-like"
"GSM5511353_S2_T0_GCCAGGTTCGTGTGAT-1","S2","Sepsis","1",0.570753664520182,-0.669910850428547,0.171226412468794,-0.673235880014631,1.22048659054141,-0.954365169325485,3.11819159608276,-0.617142431030051,1.24066451494873,"VCAN+ classical monocyte"
"GSM5511353_S2_T0_GCTGGGTTCTTTGCGC-1","S2","Sepsis","2",-1.01489110926351,1.22090155109277,-0.990949327106022,-0.673235880014631,-1.49834180419185,-0.954365169325485,-0.987981110390394,2.88198162255431,-2.23579266035628,"Lymphoid-like contamination"
"GSM5511353_S2_T0_GGAACCCAGACCAAAT-1","S2","Sepsis","0",1.68384215021278,-0.669910850428547,0.318875682028152,-0.162936283579636,-0.1387491874508,-0.954365169325485,1.40423315239747,-0.617142431030051,2.35375300064133,"Emergency myeloid / immature neutrophil-like"
"GSM5511353_S2_T0_GGCACGTAGTCGAATA-1","S2","Sepsis","2",-1.71484058664415,2.63512166706168,-0.990949327106022,-0.673235880014631,-1.97192808675448,-0.954365169325485,-0.987981110390394,0.312339360875634,-4.34996225370584,"Lymphoid-like contamination"
"GSM5511353_S2_T0_GGGTCTGCAGAGTGAC-1","S2","Sepsis","0",1.82739198398036,-0.669910850428547,-0.990949327106022,-0.673235880014631,0.280954421334991,-0.0685150709328215,2.38552168387987,-0.617142431030051,2.49730283440891,"Emergency myeloid / immature neutrophil-like"
"GSM5511353_S2_T0_GGTAATCGTAGTTCCA-1","S2","Sepsis","2",-0.799927611071707,-0.669910850428547,-0.334104729747622,-0.673235880014631,-1.97192808675448,-0.954365169325485,-0.987981110390394,0.0718162802616158,-0.13001676064316,"Lymphoid-like contamination"
"GSM5511353_S2_T0_GGTGAAGAGCCAGTAG-1","S2","Sepsis","2",-1.63729189820517,-0.437414277443221,0.0925486243036934,-0.673235880014631,-1.97192808675448,-0.611641597957869,-0.462753477329259,-0.157531958990304,-1.19987762076195,"Lymphoid-like contamination"
"GSM5511353_S2_T0_GTGAGCCAGCGGACAT-1","S2","Sepsis","0",-0.139327688367996,-0.0456041581024904,0.458447496059929,-0.0968740490658828,-0.259793792547931,-0.954365169325485,1.83273252081944,-0.617142431030051,-0.0937235302655056,"Emergency myeloid / immature neutrophil-like"
"GSM5511353_S2_T0_TCATGTTTCCATCCGT-1","S2","Sepsis","2",-0.840474254683412,2.56546998604046,-0.990949327106022,-0.673235880014631,-0.624023752621484,-0.382024829256563,0.937408222885803,-0.081153609343045,-3.40594424072387,"Lymphoid-like contamination"
"GSM5511353_S2_T0_TCTCCGATCTATTCGT-1","S2","Sepsis","2",-0.874302740141663,2.67776802650023,-0.990949327106022,-0.284323213579421,-0.353622946557933,-0.33337848905789,-0.987981110390394,0.763265793172966,-3.55207076664189,"Lymphoid-like contamination"
"GSM5511353_S2_T0_TGACCCTGTTAGCGGA-1","S2","Sepsis","0",1.41434921531536,-0.669910850428547,0.153192052725163,-0.112789434843901,0.135578926459129,-0.954365169325485,1.75484265511456,-0.617142431030051,2.08426006574391,"Emergency myeloid / immature neutrophil-like"
"GSM5511353_S2_T0_TGAGCGCCAACCGATT-1","S2","Sepsis","2",-1.64414382703567,2.95531187463721,-0.412626811296193,-0.673235880014631,-1.97192808675448,-0.954365169325485,-0.294781489936209,0.838425687665462,-4.59945570167287,"Lymphoid-like contamination"
"GSM5511353_S2_T0_TGATCAGAGACCAAGC-1","S2","Sepsis","2",-1.34806694818472,-0.102592977214532,-0.990949327106022,-0.673235880014631,-1.97192808675448,-0.954365169325485,0.293633581454033,2.82157328644766,-1.24547397097019,"Lymphoid-like contamination"
"GSM5511353_S2_T0_TGTGGCGGTAAGGCCA-1","S2","Sepsis","0",0.714794620068172,-0.669910850428547,0.225600204053621,-0.673235880014631,-1.0568061690622,-0.954365169325485,0.993701195599751,-0.617142431030051,1.38470547049672,"Emergency myeloid / immature neutrophil-like"
"GSM5511353_S2_T0_TTCCTCTGTTGCATCA-1","S2","Sepsis","2",0.042842740152207,1.9672585639854,-0.990949327106022,-0.673235880014631,-0.593122995343567,-0.240556811292087,0.419694213944684,0.78100647690059,-1.92441582383319,"Lymphoid-like contamination"
"GSM5511353_S2_T0_TTGTGGAGTGCCTTTC-1","S2","Sepsis","2",-1.22512402040602,1.02410980428785,-0.427819988910718,-0.673235880014631,-1.51589402919129,-0.663906847121989,-0.987981110390394,3.07440304701301,-2.24923382469387,"Lymphoid-like contamination"
"GSM5511355_S3_T0_AAGTACCAGAAATCCA-1","S3","Sepsis","2",-0.540142570175214,-0.406530968864804,-0.494556618087382,-0.673235880014631,-0.00306314332034724,-0.954365169325485,0.85985296658867,2.21370882882362,-0.133611601310411,"Lymphoid-like contamination"
"GSM5511355_S3_T0_AGCGCTGGTACGCTTA-1","S3","Sepsis","1",0.751169162171029,-0.669910850428547,0.870506408019881,-0.673235880014631,2.4606934631437,0.482766584571526,3.03553620087812,0.621413379778349,1.42108001259958,"VCAN+ classical monocyte"
"GSM5511355_S3_T0_AGCGTATAGAGTCACG-1","S3","Sepsis","1",0.786088962965455,-0.669910850428547,0.87348737525763,-0.673235880014631,0.56617777408626,0.377712057490784,0.181445142308864,0.684238622113817,1.455999813394,"VCAN+ classical monocyte"
"GSM5511355_S3_T0_CATCCCAGTGTCTCCT-1","S3","Sepsis","0",1.26820842682358,-0.669910850428547,0.328625564797219,0.488033673541587,0.562373300414967,-0.954365169325485,2.36833285166349,-0.617142431030051,1.93811927725213,"Emergency myeloid / immature neutrophil-like"
"GSM5511355_S3_T0_CATTCTATCTTAATCC-1","S3","Sepsis","0",0.918588267846026,-0.669910850428547,-0.191119448740563,0.581992051125126,0.395180759897585,-0.954365169325485,1.42100653297946,0.651953461062661,1.58849911827457,"Emergency myeloid / immature neutrophil-like"
"GSM5511355_S3_T0_CCCTCAATCTGCTAGA-1","S3","Sepsis","1",1.32301414127727,-0.669910850428547,0.18890278669761,-0.673235880014631,1.04792758804257,2.02747782035581,0.753293699221948,0.620394415752243,1.99292499170582,"VCAN+ classical monocyte"
"GSM5511355_S3_T0_CCTCAACTCTTAGCCC-1","S3","Sepsis","0",0.566872016505772,-0.669910850428547,0.162699053605857,-0.673235880014631,-0.28859166429842,-0.954365169325485,-0.987981110390394,-0.617142431030051,1.23678286693432,"Emergency myeloid / immature neutrophil-like"
"GSM5511355_S3_T0_CTAGGTAAGCACGGAT-1","S3","Sepsis","0",0.949750401307361,-0.669910850428547,-0.990949327106022,0.0285132573077631,0.503461674784632,-0.954365169325485,0.402836969110391,0.599919493749458,1.61966125173591,"Emergency myeloid / immature neutrophil-like"
"GSM5511355_S3_T0_CTTCTCTGTGGATACG-1","S3","Sepsis","0",-0.208187829618011,-0.106095255766239,0.34056945243343,-0.673235880014631,0.723274112978237,0.0870692311426915,0.285721664945269,-0.617142431030051,-0.102092573851772,"Emergency myeloid / immature neutrophil-like"
"GSM5511355_S3_T0_CTTTCAATCAGAGTTC-1","S3","Sepsis","1",0.458201347885203,-0.669910850428547,0.937330689601224,-0.673235880014631,1.28009838772772,-0.954365169325485,1.01541659514625,0.693342064360712,1.12811219831375,"VCAN+ classical monocyte"
"GSM5511355_S3_T0_GGTGTTATCCTAGAGT-1","S3","Sepsis","2",-0.335720194434783,-0.669910850428547,0.123641998094572,-0.673235880014631,0.488743466889119,0.274269351963873,0.463430873394148,-0.617142431030051,0.334190655993764,"Lymphoid-like contamination"
"GSM5511355_S3_T0_GTATTGGTCGCTGACG-1","S3","Sepsis","1",0.358862441767275,-0.261052954273226,1.47330660780534,-0.673235880014631,1.49314120044313,-0.954365169325485,1.64900765765485,1.0744588266332,0.6199153960405,"VCAN+ classical monocyte"
"GSM5511355_S3_T0_TACCGGGAGATGCTGG-1","S3","Sepsis","0",-3.23367736320379,-0.669910850428547,0.434149735343248,-0.673235880014631,-1.97192808675448,-0.0525208404739824,-0.987981110390394,-0.617142431030051,-2.56376651277524,"Emergency myeloid / immature neutrophil-like"
"GSM5511355_S3_T0_TCACGCTCATTCACCC-1","S3","Sepsis","0",0.522691160251329,-0.669910850428547,0.389348828690093,0.991455489860872,0.533749294605299,-0.954365169325485,0.158773563388309,0.663408933637502,1.19260201067988,"Emergency myeloid / immature neutrophil-like"
"GSM5511355_S3_T0_TCACGGGTCTGACCCT-1","S3","Sepsis","0",-2.23520149300007,-0.669910850428547,0.778376627351667,-0.673235880014631,-1.97192808675448,0.085177197383028,-0.987981110390394,-0.617142431030051,-1.56529064257152,"Emergency myeloid / immature neutrophil-like"
"GSM5511355_S3_T0_TCCATCGCAAATGCGG-1","S3","Sepsis","0",0.236883190542904,-0.669910850428547,0.274396032251494,-0.183816086782643,0.760650972352359,-0.172896220416832,0.209628627125455,0.878065433722416,0.906794040971452,"Emergency myeloid / immature neutrophil-like"
"GSM5511355_S3_T0_TCGCTCAAGCGTACAG-1","S3","Sepsis","0",0.662355423121937,-0.669910850428547,-0.990949327106022,-0.673235880014631,1.11650920450802,-0.954365169325485,2.00630765315401,-0.617142431030051,1.33226627355048,"Emergency myeloid / immature neutrophil-like"
"GSM5511355_S3_T0_TGATTTCTCCTAACAG-1","S3","Sepsis","1",-0.154587873278141,-0.669910850428547,0.751900187950266,-0.673235880014631,0.925057142246533,-0.318295067691806,0.615359271600422,-0.617142431030051,0.515322977150407,"VCAN+ classical monocyte"
"GSM5511355_S3_T0_TTTACGTTCTGATTCT-1","S3","Sepsis","2",0.712918667138657,-0.669910850428547,1.05742071197572,-0.673235880014631,0.977857358154817,1.39880991828628,1.02699738520925,1.99584557236024,1.3828295175672,"Lymphoid-like contamination"
"GSM5511355_S3_T0_TTTCAGTTCGGACGTC-1","S3","Sepsis","2",-0.569577815101513,-0.434092510242703,-0.200501983221267,-0.673235880014631,0.385090198412458,-0.191371911330567,0.90694009288543,0.533814248219041,-0.13548530485881,"Lymphoid-like contamination"
