"p_val","avg_log2FC","pct.1","pct.2","p_val_adj","cluster","gene"
2.21154308769418e-48,3.60008282123659,0.92,0.491,4.57700957429188e-44,"0","IFITM2"
3.51326522413984e-46,3.27062735238157,0.973,0.972,7.27105370787981e-42,"0","S100A9"
6.70064535904595e-43,2.98656323736633,0.989,0.963,1.38676556350815e-38,"0","S100A8"
1.99643331921961e-42,6.35299318998536,0.691,0.047,4.1318183974569e-38,"0","LCN2"
2.43256010036556e-36,3.46097580941729,0.878,0.636,5.03442638371655e-32,"0","S100A12"
2.44448688941137e-36,1.60036140211911,0.979,0.986,5.05911006632577e-32,"0","ACTB"
2.78353911596668e-35,4.44501452466621,0.686,0.136,5.76081255440464e-31,"0","CYSTM1"
1.05631449123346e-34,4.44359041525477,0.67,0.117,2.18614847105677e-30,"0","S100P"
1.20624874652849e-34,3.44502250719603,0.761,0.252,2.49645240581536e-30,"0","ALOX5AP"
8.27311704019976e-29,4.8340758315268,0.537,0.047,1.71220430263974e-24,"0","CD177"
3.96112750584779e-24,1.72994916786685,0.862,0.785,8.19794948610258e-20,"0","MYL6"
1.63837403501705e-23,5.71812494593595,0.463,0.047,3.39077890287129e-19,"0","MMP9"
5.76820338647604e-22,6.21950288838808,0.399,0.019,1.19378737286508e-17,"0","MMP8"
4.21517459629282e-19,1.69437140752443,0.793,0.692,8.72372534448763e-15,"0","CFL1"
9.8638128210943e-19,6.80091305446625,0.356,0.023,2.04141470145368e-14,"0","ALPL"
9.20245165157792e-18,3.48306190218283,0.468,0.117,1.90453939381057e-13,"0","GCA"
1.13345785458079e-16,5.96405014719817,0.335,0.028,2.3458043758404e-12,"0","LTF"
1.86811493947999e-16,3.6117245294548,0.468,0.14,3.86625067874779e-12,"0","CST7"
1.4238274830475e-15,1.62627389458787,0.814,0.743,2.9467533589151e-11,"0","S100A11"
2.55980643690334e-15,1.66905718690649,0.819,0.864,5.29777540181516e-11,"0","GAPDH"
5.37063152652586e-15,1.9512871264395,0.691,0.575,1.11150590072979e-10,"0","TSPO"
1.03412479222917e-14,2.85516791174665,0.468,0.15,2.14022466999749e-10,"0","BASP1"
4.02620501037143e-14,2.29071747491314,0.681,0.491,8.3326338894647e-10,"0","STXBP2"
6.00567919905146e-14,2.37473535541362,0.564,0.271,1.24293536703569e-09,"0","SLC25A37"
8.37168078691752e-14,5.02059961846214,0.303,0.037,1.73260305566045e-09,"0","ZDHHC19"
8.4152434195713e-14,1.90471336140834,0.66,0.435,1.74161877811448e-09,"0","SERPINA1"
8.74496709794198e-14,3.29076215334274,0.383,0.084,1.80985839059007e-09,"0","IL1R2"
1.32716911497636e-13,2.92989952294945,0.511,0.243,2.74670920035507e-09,"0","ANP32A"
1.57990326728677e-13,2.11901707205658,0.654,0.449,3.26976780197671e-09,"0","BCL2A1"
8.06608998006453e-13,1.50901992853417,0.83,0.794,1.66935798227416e-08,"0","NAMPT"
1.10459767800508e-11,2.03620045377602,0.543,0.276,2.28607535439932e-07,"0","RETN"
2.37271963035631e-11,2.38240696221271,0.564,0.355,4.91058054698543e-07,"0","CSF3R"
5.2150140338055e-11,1.47854854796703,0.713,0.65,1.07929930443639e-06,"0","ACTG1"
1.92620028737202e-10,4.96911867380511,0.207,0.014,3.98646411474512e-06,"0","DHRS9"
3.74917462029368e-10,7.57945165844765,0.181,0.005,7.75929179415979e-06,"0","PGLYRP1"
5.60787617602855e-10,1.02693606120562,0.872,0.972,1.16060605339087e-05,"0","H3F3A"
8.5756646450457e-10,1.21830781552317,0.718,0.668,1.77481955493866e-05,"0","FCER1G"
1.40001176056719e-09,2.47038479038575,0.335,0.103,2.89746433966986e-05,"0","CDA"
1.7109760362271e-09,4.0475412354836,0.234,0.037,3.54103600457561e-05,"0","ADGRG3"
3.68114548519416e-09,1.84737746889487,0.553,0.369,7.61849869615784e-05,"0","SPI1"
1.35066270039075e-08,2.91023773765643,0.346,0.14,0.000279533152472871,"0","GYG1"
1.72730447432334e-08,2.50486900331892,0.452,0.285,0.000357482934005959,"0","LDHA"
2.22983717591305e-08,6.65660341167744,0.16,0.009,0.000461487101926965,"0","ANXA3"
4.80417254930223e-08,2.08444484781124,0.463,0.28,0.000994271550803589,"0","RAB31"
5.17349884446818e-08,2.39622816434489,0.309,0.107,0.00107070732085113,"0","STX3"
6.97657604100369e-08,3.94759806657261,0.181,0.023,0.00144387217744612,"0","IL1RAP"
1.347089514283e-07,2.10305491746127,0.426,0.243,0.00278793645876009,"0","CAP1"
1.75298001971825e-07,2.49660115622163,0.309,0.121,0.0036279674488089,"0","PGD"
5.07886473617613e-07,1.83500994023688,0.479,0.35,0.0105112184579901,"0","RHOG"
5.26161891138384e-07,3.11534489804066,0.176,0.028,0.010889446499,"0","FOLR3"
7.03764430478767e-07,3.87536117892362,0.17,0.028,0.0145651086531886,"0","PFKFB2"
1.14291982700218e-06,3.50347721757353,0.25,0.089,0.023653868739637,"0","GALNT2"
1.54596565952472e-06,1.69244670690897,0.521,0.411,0.0319953052895235,"0","CD63"
1.61179886073385e-06,2.92743961155742,0.309,0.145,0.0333577892217478,"0","CPD"
1.81816789587559e-06,1.5267789604618,0.511,0.388,0.0376288027730412,"0","UPP1"
2.75394426615158e-06,1.17830277075563,0.596,0.509,0.0569956305322731,"0","LCP1"
3.2728204012112e-06,2.75273220764298,0.266,0.107,0.067734291023467,"0","PTEN"
4.13478874384344e-06,2.2799007768777,0.314,0.15,0.0855735878425838,"0","SLC6A6"
4.53578373219027e-06,0.822231637637223,0.681,0.696,0.0938725801214098,"0","ARPC2"
6.76621145276434e-06,2.65551853016915,0.218,0.07,0.140033512226411,"0","MCEMP1"
7.24037065536024e-06,3.16551020351748,0.202,0.061,0.149846711083335,"0","UBE2H"
7.50106241686462e-06,1.91876468737345,0.5,0.411,0.15524198777943,"0","LITAF"
7.82062388841195e-06,2.03372652743218,0.255,0.098,0.161855631994574,"0","LILRA5"
1.18995444255029e-05,4.1499541848319,0.181,0.051,0.246272971430207,"0","SLC37A3"
1.55984488105015e-05,3.12961793987996,0.378,0.238,0.322825496582139,"0","MT2A"
1.68301960458928e-05,1.52120404126156,0.463,0.346,0.348317737365797,"0","SERPINB1"
1.97381282792291e-05,2.60415218186398,0.181,0.051,0.408500302866925,"0","PGS1"
2.075455354726e-05,1.63051989768325,0.505,0.439,0.429536240214092,"0","MAP1LC3B"
2.49995423494079e-05,0.447511838272817,0.101,0.294,0.517390528463345,"0","TNFAIP3"
4.1177368782773e-05,0.62802761727631,0.755,0.785,0.852206824328269,"0","COTL1"
5.21687274475926e-05,1.87213808689911,0.42,0.322,1,"0","C4orf3"
7.06864363418972e-05,1.66290541303542,0.532,0.477,1,"0","SLC2A3"
7.20793182988466e-05,3.4495500626075,0.16,0.047,1,"0","RGL4"
8.56785502639895e-05,1.7516831081686,0.351,0.22,1,"0","GNB2"
9.42332121865966e-05,2.51734744458478,0.239,0.112,1,"0","FLOT1"
0.000106466641488036,1.28556893491409,0.537,0.542,1,"0","GMFG"
0.000131649346033504,1.71298925356898,0.394,0.29,1,"0","RAC2"
0.00013845206217701,2.03432641176003,0.314,0.192,1,"0","CNN2"
0.000141647039223892,2.20100372395627,0.261,0.131,1,"0","ASPH"
0.000153803841705421,2.07625247140616,0.314,0.192,1,"0","IVNS1ABP"
0.000164298627850887,3.28159758572754,0.16,0.051,1,"0","HBB"
0.000205701356092438,2.2633028819895,0.186,0.07,1,"0","GPI"
0.00021110712631492,1.11231616598159,0.596,0.519,1,"0","MARCKS"
0.000255323965551216,1.75525338994187,0.346,0.229,1,"0","SAMSN1"
0.000367127834581432,1.20882485468803,0.457,0.379,1,"0","GPSM3"
0.000573047962601463,0.683541606400639,0.34,0.192,1,"0","NKG7"
0.000620886944863403,0.368084805415693,0.298,0.565,1,"0","IER2"
0.000652553762697572,2.20605725275238,0.25,0.14,1,"0","TUBA4A"
0.000656001177531741,1.54359515144093,0.277,0.154,1,"0","MXD1"
0.000663162482617415,2.11516635153608,0.34,0.243,1,"0","AGFG1"
0.000710931572206001,0.811905753041371,0.697,0.668,1,"0","CEBPB"
0.000845209542822233,1.62223019736555,0.223,0.112,1,"0","RNF144B"
0.000909844646010557,0.606154946011415,0.835,0.967,1,"0","TMSB4X"
0.00099870748492131,0.306378391468179,0.16,0.355,1,"0","RAP1B"
0.00110062169864979,1.72369826001834,0.309,0.201,1,"0","RFLNB"
0.0012474261121979,0.30629605103569,0.064,0.182,1,"0","NFKB1"
0.00136511879124649,1.04098758393227,0.521,0.5,1,"0","LSP1"
0.00152962993450149,0.340044860593223,0.074,0.196,1,"0","MIER1"
0.00153297550290411,0.67569597061056,0.628,0.701,1,"0","LAPTM5"
0.00175595890332215,1.82894733389818,0.239,0.136,1,"0","CHMP2A"
0.00181162021423628,0.542887164805274,0.665,0.724,1,"0","PFN1"
0.00193066963496171,1.23515695342019,0.457,0.425,1,"0","UBALD2"
0.00198437439809374,1.23994412592444,0.537,0.491,1,"0","GLUL"
0.00228994529292031,2.14427649471736,0.16,0.07,1,"0","NDRG1"
0.00238665967837869,2.31431789728267,0.298,0.22,1,"0","PLAC8"
0.00246694805080215,0.337563649676182,0.059,0.164,1,"0","RNF213"
0.00252776160255953,1.89251895063593,0.218,0.121,1,"0","CD82"
0.00263994897774922,1.95112481493038,0.255,0.159,1,"0","FPR1"
0.00267004169351104,2.96548954736415,0.165,0.079,1,"0","RAB18"
0.00272041711785914,1.88796067102702,0.213,0.117,1,"0","TLR2"
0.00283615704657476,1.85282395716338,0.372,0.318,1,"0","TXN"
0.00298287499447668,1.8091555938434,0.213,0.117,1,"0","AQP9"
0.00303503283477215,0.443413881151893,0.793,0.869,1,"0","VIM"
0.00333851988076363,1.01057427078338,0.303,0.196,1,"0","PPP1R18"
0.00352524851900354,0.348557997366618,0.053,0.15,1,"0","CCNK"
0.00354432864093179,2.09898450380346,0.213,0.121,1,"0","PHC2"
0.00358059944091379,0.279380310123735,0.053,0.15,1,"0","SEMA4D"
0.00358671755829458,0.268327413646577,0.069,0.178,1,"0","DYNC1H1"
0.0036803632585175,1.23630898871335,0.489,0.444,1,"0","PLEK"
0.0039354058841445,0.271538149066649,0.186,0.369,1,"0","EIF5"
0.00430076277566391,0.78390184876109,0.622,0.692,1,"0","CYBA"
0.00463573868638638,2.08257208315009,0.255,0.173,1,"0","ADGRE5"
0.00510102604581667,0.25714940228033,0.144,0.294,1,"0","GYPC"
0.00527902730698533,1.36841299738841,0.367,0.304,1,"0","PLP2"
0.00533881051603571,1.68722470256871,0.271,0.182,1,"0","MAP2K3"
0.00543778277040954,0.355522337631316,0.085,0.196,1,"0","RTF1"
0.00555173937018888,2.09133216284122,0.202,0.117,1,"0","AGTPBP1"
0.00625760108715162,0.327172246562923,0.064,0.159,1,"0","HIST1H1C"
0.00661989922391107,2.17615576035065,0.207,0.126,1,"0","PLCG2"
0.00700386523356433,1.82534667219887,0.287,0.215,1,"0","R3HDM4"
0.00711951859104453,0.529581301763977,0.702,0.836,1,"0","SERF2"
0.00718509741069442,1.5594173594986,0.245,0.159,1,"0","CKLF"
0.00730630415366436,1.50501831262196,0.309,0.229,1,"0","NCF1"
0.00748496654015427,2.0307257091943,0.34,0.285,1,"0","GADD45B"
0.00794502188014654,0.381893272794413,0.128,0.257,1,"0","TGOLN2"
0.00904453572241026,0.520242316302684,0.074,0.173,1,"0","BRAF"
0.00956241176845965,1.21184940969063,0.367,0.313,1,"0","ARRB2"
0.00957321435295564,0.280177165142403,0.064,0.154,1,"0","ATG12"
9.35123931201445e-42,2.89552408572863,0.933,0.396,1.93533248801451e-37,"1","LYZ"
1.59008452798707e-34,2.1186497266069,0.983,0.59,3.29083893912205e-30,"1","S100A4"
6.36614708696318e-34,3.43379484645203,0.765,0.226,1.3175378011179e-29,"1","CST3"
2.44031740239675e-33,2.75676870665212,0.832,0.311,5.05048089600032e-29,"1","CTSS"
3.16678888426656e-31,3.08696966801948,0.773,0.265,6.55398627487807e-27,"1","CEBPD"
3.97941537644143e-23,1.05792552022218,0.992,0.954,8.23579806308318e-19,"1","FTL"
1.02163984486871e-22,2.93747820724816,0.664,0.237,2.11438582294027e-18,"1","ATP2B1-AS1"
2.06741787254712e-22,1.69801931413503,0.874,0.523,4.27872802902352e-18,"1","FOS"
2.24066845671738e-22,2.89006206416315,0.63,0.205,4.63728743802229e-18,"1","MAFB"
4.63965427379573e-22,4.2728732267196,0.471,0.081,9.60222848504764e-18,"1","VCAN"
8.71726003849888e-21,1.04793969528566,0.983,0.965,1.80412413756773e-16,"1","FTH1"
1.75763513836245e-19,2.29805046064959,0.689,0.283,3.63760168235492e-15,"1","S100A10"
8.70815377301986e-19,1.15349504915126,0.966,0.767,1.80223950486419e-14,"1","MT-CO2"
1.42601298810088e-17,1.27336705013448,0.933,0.809,2.95127648017357e-13,"1","SRGN"
2.94580689471284e-17,2.095501826929,0.706,0.375,6.09664194929769e-13,"1","AIF1"
6.89767949586452e-17,3.02699954565163,0.513,0.159,1.42754374846412e-12,"1","SGK1"
9.37483759042367e-17,1.28799164770039,0.966,0.813,1.94021638771408e-12,"1","MT-CO1"
1.30031110450835e-16,1.34661814757736,0.849,0.463,2.69112386189048e-12,"1","RPL7"
7.35486971005067e-16,1.58219712512776,0.731,0.406,1.52216383519209e-11,"1","DUSP1"
8.70594722408167e-16,1.07087869916137,0.874,0.615,1.80178283749594e-11,"1","NEAT1"
1.52747649716599e-13,0.980271616380992,0.983,0.848,3.16126535853474e-09,"1","S100A6"
3.53114493167946e-13,1.6727128165448,0.58,0.223,7.3080575506038e-09,"1","HLA-DRA"
3.58775757609036e-13,1.93092335006982,0.605,0.318,7.42522307947661e-09,"1","PSAP"
4.9937184791436e-13,1.10629125498885,0.908,0.742,1.03349997644356e-08,"1","MT-CYB"
1.0986016738682e-12,2.45154459879801,0.529,0.244,2.27366602423763e-08,"1","RGS2"
1.71140530963748e-12,2.62828919775821,0.479,0.191,3.54192442882572e-08,"1","CSTA"
1.82103475656094e-12,2.06991823073578,0.546,0.269,3.76881353217851e-08,"1","RAC1"
2.21583691616786e-12,1.10949793205675,0.815,0.558,4.585896081701e-08,"1","PFDN5"
2.93913266831675e-12,0.951315639128389,0.899,0.703,6.08282897034835e-08,"1","MT-ND2"
9.43692156934437e-12,0.865697440225912,0.941,0.625,1.95306528799151e-07,"1","RPS24"
1.15285267634217e-11,0.92104830823616,0.899,0.505,2.38594389895776e-07,"1","PTMA"
1.82692846549719e-11,2.63494492355827,0.445,0.184,3.78101115219298e-07,"1","GSTP1"
2.05525127336887e-11,0.814401343187811,0.941,0.721,4.25354803536421e-07,"1","TMSB10"
2.17762259246445e-11,1.93392215657351,0.529,0.254,4.50680771736443e-07,"1","CLEC7A"
2.37327705082773e-11,2.34780250939215,0.437,0.17,4.91173418439308e-07,"1","DUSP6"
3.06727175224952e-11,1.85051133937463,0.504,0.212,6.3480256184556e-07,"1","C5AR1"
9.80998051905516e-11,2.71110963890184,0.42,0.17,2.03027356822366e-06,"1","NPC2"
9.92195041466818e-11,1.14971865275739,0.731,0.445,2.05344685781973e-06,"1","LGALS1"
3.99672690090269e-10,2.29160250805552,0.479,0.23,8.27162599410822e-06,"1","FCN1"
9.00544474347139e-10,2.6538128230672,0.37,0.134,1.86376684410884e-05,"1","AC020656.1"
1.13242478634722e-09,1.54389985309198,0.622,0.385,2.34366633782422e-05,"1","G0S2"
2.47008473356608e-09,0.675290822881513,0.908,0.749,5.11208736458836e-05,"1","ATP5F1E"
2.56298258131918e-09,4.00203419915086,0.277,0.074,5.30434875029818e-05,"1","CFD"
2.57366819502461e-09,3.78359520920743,0.235,0.046,5.32646369642293e-05,"1","RBP7"
2.6666713917257e-09,0.703078723656778,0.941,0.749,5.51894311231551e-05,"1","FAU"
2.96589479818493e-09,1.79973795836571,0.479,0.23,6.13821587432353e-05,"1","LGALS3"
3.37943663648321e-09,0.648199971098533,0.966,0.784,6.99408206286565e-05,"1","RPL39"
4.04578807204022e-09,1.16687210217659,0.655,0.413,8.37316299389443e-05,"1","IRF2BP2"
9.6645573626454e-09,0.624584211832103,0.899,0.519,0.000200017679177309,"1","RPS13"
1.08481454325652e-08,1.26205530404262,0.655,0.481,0.00022451321787237,"1","EMP3"
2.20562183544699e-08,3.61855757258445,0.227,0.049,0.000456475495064109,"1","CYP1B1"
2.49461626949614e-08,1.41432259581575,0.454,0.205,0.000516285783134922,"1","PLAUR"
2.8911672236202e-08,2.76523359363817,0.311,0.11,0.000598355968600436,"1","CD14"
4.78742087233068e-08,0.74706548236592,0.908,0.657,0.000990804623737558,"1","UBA52"
1.42045992862471e-07,0.8351793084704,0.672,0.41,0.0029397838682817,"1","RPL23"
2.31730993982384e-07,3.89617736145551,0.176,0.032,0.00479590465145941,"1","ZNF385A"
4.47037734186749e-07,3.37354878546456,0.193,0.042,0.00925189294672895,"1","CXCL2"
4.69895873224722e-07,0.967509981713557,0.647,0.459,0.00972496499225884,"1","LST1"
4.76840223495347e-07,0.77111517989992,0.647,0.442,0.0098686852654597,"1","ZFP36L1"
5.8621499214614e-07,0.560094403665567,0.941,0.675,0.0121323054774565,"1","RPS28"
8.18568137589377e-07,1.1299888771657,0.647,0.47,0.0169410861755497,"1","PABPC1"
1.09983902107501e-06,0.555796275081473,0.95,0.742,0.0227622683801684,"1","RPLP1"
1.39830184810262e-06,1.23039072055582,0.496,0.279,0.0289392550483318,"1","ZEB2"
1.56453419916119e-06,3.37629757941204,0.202,0.053,0.0323795997858401,"1","CD300E"
2.23582441114779e-06,2.99833287278604,0.244,0.085,0.0462726220131146,"1","FCGRT"
2.35280213892274e-06,0.73989350601527,0.798,0.555,0.0486935930671451,"1","NACA"
2.38292396219988e-06,0.408739500884744,0.941,0.714,0.0493169943216887,"1","RPL34"
2.46830999830829e-06,0.449002873568824,0.975,0.795,0.0510841437249884,"1","RPL41"
2.78125786288344e-06,2.53890569993443,0.303,0.134,0.0575609127302357,"1","RAP2B"
3.52084818328334e-06,1.32771960248419,0.504,0.314,0.0728674740012319,"1","ATP2B1"
3.82030477529813e-06,1.60936562712501,0.479,0.322,0.0790650276295702,"1","ATP5MC2"
4.20196196510921e-06,0.44420837282311,0.908,0.548,0.0869638048299002,"1","RPL26"
4.47276820736559e-06,3.3467299552684,0.168,0.039,0.0925684108196383,"1","TNFSF13B"
4.74625449115128e-06,2.89548346788145,0.277,0.12,0.0982284829488668,"1","GPR183"
5.67008708092606e-06,2.8899793482303,0.185,0.049,0.117348122226846,"1","TMEM170B"
5.79662080396074e-06,4.81921903585512,0.151,0.032,0.119966864158772,"1","RHOU"
5.92558313748018e-06,0.405756334110236,0.95,0.834,0.12263586861329,"1","SH3BGRL3"
6.19797491167701e-06,0.513130567318745,0.924,0.852,0.128273288772067,"1","H3F3B"
6.24351491051454e-06,0.301806418734281,0.891,0.746,0.129215784588009,"1","SAT1"
7.63534162914594e-06,3.55239952220118,0.151,0.032,0.158021030356804,"1","EREG"
7.93584385493052e-06,0.659231010416433,0.815,0.717,0.164240224421642,"1","TYROBP"
8.01056541420325e-06,1.78022061402913,0.361,0.187,0.16578666181235,"1","C4orf48"
8.1302053048329e-06,0.484337555589185,0.891,0.611,0.168262728988822,"1","RPL35A"
1.32809599404229e-05,1.33480799571001,0.496,0.353,0.274862746926992,"1","PTP4A2"
1.37224120470441e-05,2.82907863862928,0.185,0.053,0.283999039725625,"1","CTSZ"
1.61334476141852e-05,2.90724208405968,0.227,0.085,0.333897831823177,"1","CTSB"
1.88157944710513e-05,0.399362705467329,0.975,0.756,0.389411682372878,"1","RPL28"
2.12640346840963e-05,0.290904928556798,0.916,0.654,0.440080461822058,"1","RPL30"
2.45516508960052e-05,2.15647794414204,0.277,0.124,0.508120966943725,"1","PLSCR1"
2.59844836076591e-05,0.378830630653877,0.975,0.83,0.537774872744113,"1","MT-CO3"
2.61156034945093e-05,2.69248238735345,0.202,0.067,0.540488529922365,"1","CCR1"
3.46399584802756e-05,2.12852165332836,0.176,0.053,0.716908580707785,"1","THBS1"
3.50714286412059e-05,1.00612258363016,0.605,0.498,0.725838287158397,"1","ATP5MG"
5.89326089864201e-05,2.07080125621229,0.235,0.095,1,"1","AP1S2"
9.74970146856278e-05,0.410463083166353,0.798,0.491,1,"1","RPL6"
0.000114029859357996,1.23682272336033,0.454,0.336,1,"1","SRSF5"
0.000129685412723343,0.547693152428964,0.739,0.491,1,"1","RPL24"
0.000141536571893451,0.376914436920654,0.849,0.572,1,"1","RPL9"
0.000159856985347296,0.720097959798385,0.597,0.466,1,"1","ITM2B"
0.000206582825730191,2.23955550349852,0.235,0.11,1,"1","SAT2"
0.000232979461984728,2.66663999445033,0.227,0.106,1,"1","IL10RA"
0.000329218710756408,1.17777879208598,0.311,0.166,1,"1","SLC11A1"
0.000375608062970307,0.461949015413194,0.454,0.311,1,"1","FOSB"
0.000543703304688334,1.85412519628784,0.218,0.102,1,"1","GAS7"
0.000555108413724303,2.09806191522688,0.235,0.117,1,"1","GGA1"
0.000621145599534657,3.16213157240802,0.168,0.067,1,"1","AHR"
0.000634193414467885,2.02237581544627,0.244,0.127,1,"1","SEC11A"
0.000703924629079716,1.53140646459933,0.269,0.141,1,"1","ANXA5"
0.000740227048524449,2.79685040667788,0.176,0.074,1,"1","MPEG1"
0.000741881259151461,0.760317370256501,0.681,0.572,1,"1","TXNIP"
0.000808063964987048,0.358745638559324,0.958,0.855,1,"1","EIF1"
0.000825700493267545,0.39211294300937,0.857,0.728,1,"1","MT-ND4"
0.000891627164260293,1.21898751763867,0.328,0.212,1,"1","SH3BGRL"
0.000952538362793793,0.284138204131219,0.866,0.597,1,"1","RPS7"
0.000974776990832812,2.23696337636375,0.193,0.088,1,"1","PLEKHO1"
0.00102259444301322,3.11706951120207,0.185,0.085,1,"1","PPT1"
0.00107411466753428,2.87277592131,0.168,0.071,1,"1","ODF3B"
0.00129884611038056,2.65480671505417,0.202,0.099,1,"1","CD68"
0.00132327681644768,0.386292318305729,0.849,0.735,1,"1","HLA-B"
0.00153524994789332,2.89954788734161,0.16,0.067,1,"1","CDKN1A"
0.00156486996107364,1.34644544794103,0.227,0.113,1,"1","IFI30"
0.00158362710735532,0.420599184086238,0.765,0.512,1,"1","RPL8"
0.00186668098953838,1.05676669066044,0.42,0.314,1,"1","EVI2B"
0.00197820892162476,2.32719066662003,0.176,0.081,1,"1","RNH1"
0.00198739884241853,0.797566494711638,0.151,0.06,1,"1","IL1B"
0.0019911787953362,1.69045632156269,0.294,0.191,1,"1","GABARAPL1"
0.00201395397266916,0.562171049727696,0.387,0.24,1,"1","CD74"
0.00214453216216132,0.981127993882236,0.21,0.106,1,"1","KLF4"
0.00250001237450452,2.26174529708077,0.151,0.064,1,"1","SPG21"
0.00254149140775572,2.23860657337466,0.202,0.106,1,"1","AC103591.3"
0.00334949387280964,1.36022385805142,0.227,0.12,1,"1","MIR22HG"
0.00424632348615788,1.26297243277634,0.294,0.191,1,"1","NCKAP1L"
0.00433293851561915,1.5603650428733,0.303,0.216,1,"1","GPX4"
0.00435937586376888,0.37119507122296,0.664,0.569,1,"1","KLF6"
0.00450562207467795,1.70343682723099,0.16,0.074,1,"1","XIST"
0.00486558908775228,0.350362790642156,0.681,0.452,1,"1","RPL22"
0.00491679672056092,1.71677888901263,0.218,0.124,1,"1","TMEM219"
0.00544676716205436,1.42775808012439,0.286,0.191,1,"1","GPCPD1"
0.00545499384095427,0.465689034827915,0.555,0.498,1,"1","CD44"
0.00606089957926353,2.05548917381119,0.193,0.106,1,"1","YBX3"
0.00637301541168774,2.35100515492506,0.151,0.071,1,"1","CBX6"
0.00669658374419966,1.1187001170635,0.345,0.251,1,"1","MAP3K8"
0.00707379097228284,0.313071195828175,0.815,0.643,1,"1","JUND"
0.00721900968214398,1.71507147245447,0.227,0.138,1,"1","CNPY3"
0.0076727567306693,1.05141150238571,0.261,0.159,1,"1","CYBB"
0.00820006737069685,2.19383649606347,0.168,0.088,1,"1","ADPGK"
0.00822272938862781,0.382384717908443,0.731,0.678,1,"1","OAZ1"
0.0085546128493133,1.22812380000586,0.336,0.251,1,"1","CMTM6"
0.00931082926452693,0.501444065365911,0.639,0.537,1,"1","EEF1D"
6.30201775644503e-57,3.61389143981671,0.989,0.166,1.30426559487386e-52,"2","RPSA"
1.17902726587583e-53,3.28938194575865,0.989,0.212,2.44011482945661e-49,"2","RPS5"
4.98246374389092e-53,3.51807265530102,0.905,0.072,1.03117069643567e-48,"2","HSP90AB1"
9.87098828108562e-53,3.1728862020606,1,0.28,2.04289973465348e-48,"2","RPL3"
3.04875740545219e-52,3.17187360468704,0.979,0.195,6.30970832632385e-48,"2","EEF1B2"
1.67968769267406e-49,2.85155914152074,1,0.332,3.47628164875823e-45,"2","RPL5"
2.23444043477747e-49,2.993545968364,0.968,0.218,4.62439792381546e-45,"2","RPL10A"
1.24209922429886e-48,2.8428456076181,1,0.45,2.57064855460892e-44,"2","RPS18"
5.24843206505461e-48,2.735663292519,1,0.378,1.0862155001837e-43,"2","RPL14"
2.55876694801809e-47,2.89736102824071,0.989,0.417,5.29562407561823e-43,"2","RPS4X"
3.68993483099324e-47,2.75505662880529,1,0.577,7.63668912622361e-43,"2","RPS27A"
2.42732776431233e-46,2.64892633370451,1,0.629,5.02359754102081e-42,"2","RPS12"
3.09220571306243e-46,2.45928499511567,1,0.645,6.39962894375401e-42,"2","RPL10"
3.2028203718809e-46,2.77422764032483,0.989,0.414,6.62855704164471e-42,"2","RPS3"
4.2967777051095e-46,4.51874929838279,0.663,0.02,8.89261113849462e-42,"2","LDHB"
1.51252104216586e-45,2.50833172384577,1,0.648,3.13031354886647e-41,"2","RPS27"
1.52763447431417e-45,2.67880197252288,1,0.537,3.16159230804061e-41,"2","RPS8"
2.18662803524581e-45,2.58375098953586,0.989,0.42,4.52544538174473e-41,"2","RPL18A"
2.28347560047081e-45,2.45782029337741,1,0.394,4.72588110273439e-41,"2","RPL7A"
2.45945317774016e-45,3.21290654649789,0.821,0.075,5.09008429665103e-41,"2","NPM1"
8.20721657942019e-45,2.47238136460552,0.989,0.332,1.6985655432768e-40,"2","RPL23A"
1.65062984494555e-44,2.53428275934222,1,0.436,3.41614352709932e-40,"2","RPL19"
1.7273227968614e-44,2.81596793819296,0.947,0.186,3.57486726038436e-40,"2","RPLP0"
3.26909970800417e-44,2.17496707358826,1,0.603,6.76572875568543e-40,"2","RPS15A"
4.37031207989496e-44,2.3697899899427,1,0.534,9.04479788055061e-40,"2","RPL11"
1.02716362431531e-43,2.45299436365451,1,0.417,2.12581783688297e-39,"2","RPL18"
1.57237300808322e-43,2.40257025898635,1,0.564,3.25418317752904e-39,"2","RPS3A"
1.75503263414701e-43,2.39841260549955,0.989,0.303,3.63221553963065e-39,"2","RPS21"
1.92837427639562e-43,2.47407820226472,0.989,0.56,3.99096340242838e-39,"2","RPL13"
3.95371666769488e-43,2.33121090135811,0.989,0.515,8.18261201546132e-39,"2","RPS23"
9.43370061154903e-43,2.23694923120809,1,0.472,1.95239867856619e-38,"2","RPS25"
2.42798506221287e-42,2.51691581067752,0.979,0.45,5.02495788475575e-38,"2","RPS6"
6.41491568023242e-42,2.47606444132275,0.768,0.059,1.3276309491809e-37,"2","NAP1L1"
7.30309120519695e-42,3.51130579005272,0.632,0.023,1.51144775582756e-37,"2","NCL"
1.10445304311023e-41,2.41631030071201,1,0.414,2.28577601802093e-37,"2","RPS19"
1.33267854076102e-41,2.05597881964149,1,0.648,2.75811150795902e-37,"2","RPL30"
1.74740013112341e-41,2.16752017599237,1,0.521,3.616419311373e-37,"2","RPS15"
3.92443255449682e-41,2.40674068422116,0.989,0.459,8.12200561478661e-37,"2","RPS2"
1.71621685912375e-40,2.14436159443656,0.989,0.508,3.55188241164251e-36,"2","RPL12"
2.89954132493661e-40,2.17542688505889,1,0.609,6.00089072608881e-36,"2","RPL32"
3.41136280631564e-40,3.00418794035635,0.674,0.039,7.06015646395085e-36,"2","SOD1"
9.56625670765155e-40,1.95971282685134,1,0.603,1.97983248821556e-35,"2","RPS14"
2.61765767313818e-39,2.78278956413488,0.768,0.072,5.41750432032678e-35,"2","RPL36A"
2.7625577537915e-39,2.75418276654259,0.779,0.078,5.71738952724689e-35,"2","ZFP36L2"
4.53470940062208e-39,2.00571695616612,0.8,0.078,9.38503457552746e-35,"2","C12orf57"
6.60617493182853e-39,2.00552732373929,1,0.645,1.36721396389123e-34,"2","RPL21"
6.88783423646358e-39,2.10680754735703,1,0.371,1.4255061735785e-34,"2","RPL22"
5.80856483453085e-38,2.389715446246,0.768,0.078,1.2021405781545e-33,"2","SNHG8"
6.15456794881427e-38,2.33201130879636,1,0.492,1.2737493826866e-33,"2","RPS29"
6.37824821319453e-38,4.02748847942454,0.558,0.016,1.32004225020274e-33,"2","CD69"
7.01258858538633e-38,1.79065215357267,1,0.713,1.45132533363155e-33,"2","RPL34"
4.31417352795731e-37,2.00558066859074,1,0.453,8.92861353346044e-33,"2","RPL6"
7.43186078888443e-37,1.89161348513852,1,0.547,1.53809790886752e-32,"2","RPL26"
8.99245265129321e-37,6.13379008329358,0.484,0.003,1.86107800071164e-32,"2","TRBC2"
9.7483731428084e-37,2.10072857159689,1,0.446,2.01752330563563e-32,"2","RPL29"
1.17487596161099e-36,2.29964400412516,0.958,0.274,2.4315232901501e-32,"2","RPS10"
1.8383928314419e-36,2.16682986479383,0.979,0.44,3.80473780395215e-32,"2","RPS16"
2.1497795529819e-36,3.03977949505362,0.663,0.052,4.44918376285134e-32,"2","NOP53"
4.33693852027186e-36,1.90251171904689,0.989,0.427,8.97572796155464e-32,"2","RPL15"
8.73198356362101e-36,1.5167274059628,1,0.801,1.807171318327e-31,"2","RPL41"
1.75405926270756e-35,1.83271457628068,1,0.459,3.63020105009957e-31,"2","RPL8"
1.92001290177884e-35,2.57654501408761,0.621,0.039,3.97365870152149e-31,"2","RAN"
2.18274875102294e-35,2.57191522422154,0.642,0.046,4.51741681511708e-31,"2","LEPROTL1"
2.70391373993418e-35,1.83530264619255,1,0.547,5.59601987616778e-31,"2","RPL9"
2.79672226216728e-35,2.13405966860456,1,0.664,5.78809639378141e-31,"2","EEF1A1"
4.45043986353481e-35,1.54618812769323,1,0.765,9.21063034157165e-31,"2","RPL28"
7.19394059426594e-35,1.77869885567999,1,0.577,1.48885794538928e-30,"2","RPS7"
7.36678655491516e-35,1.94119191046441,0.989,0.521,1.52463014540524e-30,"2","RPS13"
1.07113558297976e-34,4.20588954229316,0.505,0.013,2.21682220253492e-30,"2","PIK3IP1"
1.1560117883853e-34,2.55239985389756,0.621,0.042,2.39248199724221e-30,"2","SBDS"
1.55057627829015e-34,2.38047725835064,0.705,0.068,3.20907266554929e-30,"2","DDX24"
2.54887876377794e-34,1.74376466628735,1,0.573,5.27515948951483e-30,"2","RPLP2"
3.61547832315552e-34,1.5873417159791,1,0.691,7.48259393760266e-30,"2","RPL37"
4.06791905910329e-34,5.53820005666357,0.453,0.003,8.41896528472017e-30,"2","PEBP1"
4.87593112703171e-34,2.23971285298618,0.979,0.358,1.00912270605048e-29,"2","RPL13A"
1.01891896840491e-33,4.8309217114155,0.463,0.007,2.10875469701081e-29,"2","IL7R"
1.27563507131726e-33,2.09687621733952,0.768,0.091,2.6400543435982e-29,"2","CD48"
5.40397126712323e-33,5.50107194817794,0.453,0.007,1.11840589344382e-28,"2","CD3E"
6.21722462179459e-33,3.03641632469317,0.589,0.042,1.28671680772661e-28,"2","EZR"
8.49850906633816e-33,2.18001447072433,0.705,0.075,1.75885143636934e-28,"2","TOMM20"
1.76168628540305e-32,2.34224783011477,0.937,0.293,3.64598593627015e-28,"2","RPS20"
2.19699052101148e-32,5.20459038925692,0.432,0.003,4.54689158228536e-28,"2","C1QBP"
2.3750691908046e-32,1.90577240332707,0.989,0.313,4.9154431972892e-28,"2","RACK1"
2.72250073852948e-32,2.4552419168816,0.6,0.046,5.6344875284606e-28,"2","LTB"
6.52135225851026e-32,1.61505292651981,1,0.599,1.34965906342128e-27,"2","RPL35A"
7.41781271759352e-32,1.94733609846414,0.874,0.147,1.53519052003316e-27,"2","HNRNPA1"
7.42000724344083e-32,1.82781887621122,0.989,0.394,1.53564469910251e-27,"2","RPL36"
7.77586638747614e-32,2.06939182331084,0.863,0.156,1.60929330755206e-27,"2","SARAF"
4.78139188023987e-31,1.79148792296939,1,0.446,9.89556863534444e-27,"2","RPL37A"
5.79560844565048e-31,2.16020715476407,0.621,0.055,1.19945912391182e-26,"2","SNRPD2"
8.58509264997853e-31,1.41322336471739,1,0.743,1.77677077483956e-26,"2","RPLP1"
2.3133271612416e-30,4.90864820387633,0.421,0.007,4.78766189290562e-26,"2","CCR7"
2.56307367930767e-30,8.79101102945274,0.389,0,5.30453728669514e-26,"2","EVL"
5.84507942767025e-30,4.26322078041399,0.432,0.01,1.20969763835064e-25,"2","NUCKS1"
1.18225965988084e-29,1.49213499508331,1,0.678,2.44680459208939e-25,"2","RPS28"
1.79688972573418e-29,8.97661322093409,0.379,0,3.71884297637945e-25,"2","CD3D"
1.95878484307669e-29,1.86407886376797,0.758,0.104,4.05390111123153e-25,"2","EIF3F"
2.16676044726558e-29,1.88066042023617,0.895,0.192,4.48432742166084e-25,"2","RPL31"
2.42708349090523e-29,2.16850946915157,0.832,0.173,5.02309199277746e-25,"2","RPL4"
4.0792259287888e-29,1.77600092915611,0.958,0.283,8.44236598222131e-25,"2","BTF3"
4.649435456008e-29,1.83546275021168,0.726,0.098,9.62247161975417e-25,"2","EIF3E"
8.47976284420561e-29,1.53963952538484,1,0.505,1.75497171823679e-24,"2","PTMA"
9.84942563574532e-29,1.64519823217537,0.979,0.436,2.03843712957385e-24,"2","RPL24"
1.66382886942274e-28,1.9607327611838,0.579,0.052,3.4434602281573e-24,"2","SERBP1"
2.56340506279861e-28,2.37713455791615,0.495,0.029,5.30522311796801e-24,"2","SNRPF"
4.94843008494218e-28,2.59261139553707,0.642,0.081,1.02412709037963e-23,"2","AES"
6.82100898245344e-28,5.13518508023424,0.389,0.007,1.41167601900856e-23,"2","IL32"
7.27710059056363e-28,1.56103292940664,0.958,0.319,1.50606873822305e-23,"2","RPL35"
9.24120164957803e-28,3.9501656356257,0.389,0.007,1.91255909339667e-23,"2","CD7"
1.90127566162865e-27,2.03423898379864,0.6,0.065,3.93488010930665e-23,"2","MZT2B"
1.97967089308484e-27,3.17191235034923,0.442,0.02,4.09712688032838e-23,"2","ODC1"
2.25327320803992e-27,1.71399215752312,0.642,0.078,4.66337423135941e-23,"2","UXT"
2.65471184342418e-27,1.89306060092645,0.632,0.075,5.49419163115069e-23,"2","NSA2"
8.99916902584765e-27,1.7501218737392,0.568,0.055,1.86246802158943e-22,"2","EIF3M"
1.38495891346985e-26,3.17838348186609,0.474,0.033,2.86631096731721e-22,"2","HSPA8"
1.43727962713459e-26,1.65459465780277,0.916,0.212,2.97459391631775e-22,"2","HINT1"
1.52693684702484e-26,3.43341541183575,0.389,0.01,3.1601484986026e-22,"2","SNRPE"
3.65158368420023e-26,1.78029136314847,0.684,0.101,7.55731759282079e-22,"2","CD52"
4.07694891746467e-26,1.65770705238532,0.884,0.199,8.43765347958489e-22,"2","CIRBP"
4.30879752907258e-26,1.5591565406108,0.874,0.186,8.91748736616861e-22,"2","COX7C"
9.20464197458384e-26,1.54687819630603,0.737,0.121,1.90499270305987e-21,"2","PPDPF"
9.52436876143089e-26,1.20556057531283,1,0.788,1.97116335886574e-21,"2","RPL39"
1.32624996679667e-25,1.42104057714552,0.989,0.515,2.74480693128239e-21,"2","NACA"
1.49235739075633e-25,1.48260584854878,0.589,0.068,3.08858285590931e-21,"2","GTF3A"
2.05044817272294e-25,2.96057032935795,0.389,0.013,4.24360753826739e-21,"2","DDX18"
2.10108137470968e-25,2.24060819331602,0.442,0.026,4.34839801309915e-21,"2","SNRPA1"
2.3000667278744e-25,2.35797107865486,0.463,0.033,4.76021810000885e-21,"2","LSM7"
2.47472231013997e-25,1.41910699482079,0.895,0.195,5.12168529306567e-21,"2","YBX1"
2.49988714368627e-25,4.71889948882418,0.358,0.007,5.1737664325731e-21,"2","TTC3"
2.84225361696056e-25,3.17762785635858,0.358,0.007,5.88232808566158e-21,"2","RORA"
2.84231186745266e-25,4.35151217205946,0.358,0.007,5.88244864088002e-21,"2","TCF7"
3.02058653479963e-25,1.74840441213998,0.958,0.414,6.25140589242132e-21,"2","RPS11"
3.44352562162086e-25,3.09703207955832,0.4,0.016,7.12672062650653e-21,"2","LSM5"
3.67523413880865e-25,1.49179259240829,0.853,0.173,7.60626457367838e-21,"2","PPIA"
4.75811296183278e-25,2.04134963839162,0.474,0.036,9.84739058580911e-21,"2","DNAJB1"
5.86957356318004e-25,2.11350612857205,0.474,0.036,1.21476694463574e-20,"2","APRT"
6.15012754408771e-25,1.60521095409451,0.568,0.065,1.27283039652439e-20,"2","SMDT1"
7.05015004697874e-25,2.84724042923472,0.474,0.039,1.45909905372272e-20,"2","ARL4C"
7.34474062703187e-25,2.29479842995318,0.484,0.039,1.52006752017051e-20,"2","RSL1D1"
1.2563458542763e-24,1.54930256050027,0.684,0.104,2.60013338001023e-20,"2","EIF3H"
1.32494589436478e-24,2.30488941951138,0.579,0.078,2.74210802297734e-20,"2","HLA-DPA1"
1.3489507043886e-24,1.79525823836279,0.526,0.052,2.79178837780265e-20,"2","EAPP"
1.39241802496219e-24,1.28934223321905,1,0.632,2.88174834446175e-20,"2","RPS24"
1.51193970493948e-24,1.43859572257207,0.821,0.16,3.12911041334276e-20,"2","COX6C"
1.76234774018965e-24,8.60349402790069,0.316,0,3.64735488309651e-20,"2","TRAC"
1.86937201647985e-24,4.30867316117127,0.347,0.007,3.86885232530669e-20,"2","CD247"
2.82719730956043e-24,3.38973668533029,0.4,0.02,5.85116755186626e-20,"2","HSPE1"
4.40424425335513e-24,2.74855575418462,0.411,0.023,9.11502390674378e-20,"2","HIST1H4C"
4.90906295441532e-24,5.244562630501,0.326,0.003,1.01597966904579e-19,"2","TRBC1"
5.12959941702675e-24,4.50904585675746,0.326,0.003,1.06162189534786e-19,"2","CD3G"
7.21619512353681e-24,2.46788340269727,0.421,0.026,1.49346374276718e-19,"2","EPB41L4A-AS1"
1.16007618526737e-23,8.21867156589144,0.305,0,2.40089367302936e-19,"2","OCIAD2"
1.23243848919539e-23,2.20316523633698,0.453,0.036,2.55065469723877e-19,"2","RBM38"
1.30050113025509e-23,1.98340550932671,0.516,0.055,2.69151713917594e-19,"2","PTGES3"
1.55756410196669e-23,1.40899150697162,0.674,0.107,3.22353466543026e-19,"2","SET"
1.60140483196175e-23,1.0930332616181,0.726,0.124,3.31426744022805e-19,"2","JUN"
1.68405586872895e-23,1.88292105669173,0.874,0.293,3.48532202592143e-19,"2","RPL27A"
2.07734526167683e-23,1.82993608455498,0.463,0.039,4.29927375356638e-19,"2","CUTA"
2.48610771464417e-23,3.75150323231662,0.347,0.01,5.14524852622758e-19,"2","CD81"
3.35076599940478e-23,3.92382957368804,0.316,0.003,6.93474531236814e-19,"2","SPOCK2"
3.71788624512914e-23,0.965115768344363,0.674,0.104,7.69453737291926e-19,"2","STK17A"
4.3757462773169e-23,3.55535878613714,0.358,0.013,9.05604449553506e-19,"2","NOSIP"
4.6988486552091e-23,1.52244343788834,0.621,0.094,9.72473717682075e-19,"2","IRF1"
4.78907155490271e-23,1.6053910208777,0.937,0.329,9.91146249002665e-19,"2","RPL38"
4.98256434540018e-23,1.95806311806148,0.411,0.026,1.03119151692402e-18,"2","RHOH"
5.21603481329388e-23,1.50734057729635,0.789,0.166,1.0795105649593e-18,"2","COMMD6"
7.5701853717026e-23,8.51792507227887,0.295,0,1.56672556452757e-18,"2","ITM2A"
7.5701853717026e-23,8.31085745974229,0.295,0,1.56672556452757e-18,"2","CLEC2D"
8.9602142923934e-23,1.11670952539199,0.632,0.094,1.85440594995374e-18,"2","ARID4B"
1.40426854730939e-22,1.43127006343908,0.789,0.16,2.90627418551151e-18,"2","EEF2"
1.91246297278987e-22,1.57159606773395,0.779,0.16,3.95803336848592e-18,"2","SLC25A6"
2.00892033508744e-22,2.40243152919977,0.389,0.023,4.15766152549697e-18,"2","EXOSC6"
2.12264953981526e-22,5.06475243172973,0.305,0.003,4.39303548760167e-18,"2","SLC38A1"
2.16950321201615e-22,5.10670684030561,0.305,0.003,4.49000384758863e-18,"2","CD2"
2.69139041237969e-22,2.17276659215223,0.442,0.039,5.57010159746101e-18,"2","LY6E"
2.69338269959469e-22,1.55435389261235,0.632,0.101,5.57422483508116e-18,"2","EIF5A"
3.05540896889829e-22,1.76352564579983,0.547,0.072,6.32347440203191e-18,"2","PDCD4"
5.64475512411816e-22,1.37431513635516,0.589,0.085,1.16823852048749e-17,"2","C11orf58"
8.00608918911288e-22,1.83802928662398,0.463,0.046,1.6569402185788e-17,"2","SRSF7"
8.79673541691677e-22,1.62929723538109,0.937,0.349,1.82057236188509e-17,"2","RPL23"
1.00944418985519e-21,1.31594545879306,0.811,0.176,2.08914569532431e-17,"2","EIF3K"
1.1031506260506e-21,2.82953481917685,0.326,0.01,2.28308053567433e-17,"2","PITHD1"
1.28188366071612e-21,2.52449277286835,0.379,0.023,2.65298642421809e-17,"2","RBMX"
1.61400455682272e-21,1.03968214792175,0.611,0.094,3.34034383080029e-17,"2","FOXP1"
1.66234276282794e-21,1.38124785164974,0.958,0.362,3.4403845819487e-17,"2","BTG1"
2.14800098523098e-21,1.8187104468451,0.505,0.062,4.44550283903405e-17,"2","RPS17"
2.340192790372e-21,1.44880439283722,0.663,0.117,4.84326299895389e-17,"2","PRRC2C"
2.95959561914754e-21,1.89287121103133,0.421,0.036,6.12517909338775e-17,"2","ETS1"
3.05206966590455e-21,1.62654467596576,0.432,0.039,6.31656338055607e-17,"2","SNHG7"
3.1416961476711e-21,7.80745050339161,0.274,0,6.5020543472201e-17,"2","TMEM243"
3.14176833355524e-21,7.86624337059416,0.274,0,6.50220374312592e-17,"2","LEF1"
3.25944384062093e-21,2.14042769092284,0.347,0.016,6.74574497254907e-17,"2","ZNF326"
3.32337315960414e-21,3.31650074287737,0.305,0.007,6.87805309111673e-17,"2","RCAN3"
3.32679748818159e-21,1.90649195937516,0.421,0.036,6.88514008154062e-17,"2","RARRES3"
3.77078504880281e-21,1.84658963791129,0.474,0.052,7.8040167370023e-17,"2","EID1"
4.16619704772441e-21,1.27028565993627,0.526,0.068,8.62236140997044e-17,"2","UBXN1"
4.47917437877553e-21,1.67440331088824,0.526,0.068,9.27009929431384e-17,"2","EIF4B"
4.67866149561746e-21,1.30369233957108,0.568,0.081,9.68295783132989e-17,"2","MBNL1"
5.22027291338879e-21,1.02857561995584,1,0.746,1.08038768215494e-16,"2","FAU"
5.46290889923672e-21,1.41582700839032,0.621,0.104,1.13060362578603e-16,"2","LIMD2"
5.51584213083352e-21,2.31990387462353,0.358,0.02,1.1415586873973e-16,"2","CNOT6L"
5.51584213083352e-21,2.17881033510345,0.358,0.02,1.1415586873973e-16,"2","PRPF4B"
5.62321379671086e-21,2.08924232289256,0.558,0.094,1.16378032736728e-16,"2","HLA-DRB1"
6.24549686795517e-21,1.11072430023882,0.526,0.068,1.292568031792e-16,"2","CALM2"
7.167163143845e-21,2.31088771558675,0.379,0.026,1.48331608425016e-16,"2","SSBP1"
7.94966787334911e-21,5.76503890830535,0.284,0.003,1.64526326306833e-16,"2","NOP58"
8.85891107833705e-21,4.22032883567547,0.284,0.003,1.83344023677264e-16,"2","NSMCE3"
1.12276227301986e-20,2.05059977071305,0.4,0.033,2.32366880024189e-16,"2","CYCS"
1.19468531062198e-20,2.66002995038618,0.326,0.013,2.47252071886325e-16,"2","TNRC6B"
1.31810014465542e-20,1.1779762226297,0.579,0.091,2.72794005937885e-16,"2","DDX21"
1.83443957179845e-20,1.20001554145385,0.547,0.078,3.79655613779407e-16,"2","RWDD1"
1.87558423138152e-20,2.2157677826484,0.674,0.163,3.88170912526719e-16,"2","CD74"
2.12949406099921e-20,1.55736096422766,0.474,0.055,4.40720090864396e-16,"2","MED10"
2.14173904831245e-20,1.13886906148936,0.768,0.16,4.43254313438745e-16,"2","PSME1"
2.80943236527458e-20,2.56483574894267,0.347,0.02,5.81440122317227e-16,"2","ACP1"
3.05494925647307e-20,1.37388081842475,0.463,0.052,6.32252298119667e-16,"2","C8orf59"
3.19446189379601e-20,2.18856091368015,0.347,0.02,6.61125833540022e-16,"2","BIRC3"
3.42994842604525e-20,1.19631767156032,0.737,0.153,7.09862126254325e-16,"2","FXYD5"
3.44468934976788e-20,1.5783078886406,0.537,0.078,7.1291290782796e-16,"2","TMEM123"
4.31009267093759e-20,1.58831685252033,0.495,0.065,8.92016779177244e-16,"2","HMGN1"
4.32093096847213e-20,2.47437978357077,0.379,0.029,8.94259873234991e-16,"2","DUSP2"
4.4265460598318e-20,1.95376271705068,0.358,0.023,9.16117972542789e-16,"2","ATM"
7.25148777348744e-20,1.20918264934561,0.537,0.078,1.50076790960096e-15,"2","JAK1"
1.26072329833314e-19,7.77442850405116,0.253,0,2.60919293823028e-15,"2","PPM1K"
1.26072329833314e-19,8.09245448983245,0.253,0,2.60919293823028e-15,"2","BEX2"
1.26072329833314e-19,9.22247987608031,0.253,0,2.60919293823028e-15,"2","CD79A"
1.29787667879861e-19,3.25989985864089,0.284,0.007,2.6860855744416e-15,"2","EIF2A"
1.29790142691699e-19,3.4633740569314,0.284,0.007,2.6861367931474e-15,"2","BCL2"
1.32557016600448e-19,2.31919531663655,0.505,0.081,2.74340001556287e-15,"2","RPS4Y1"
1.65145084615005e-19,1.06341050119663,0.768,0.169,3.41784267119214e-15,"2","ATP6V1G1"
1.92740053676985e-19,3.74411227665572,0.295,0.01,3.98894815089887e-15,"2","ATF7IP2"
2.07115548979608e-19,2.74720708722337,0.358,0.026,4.28646340168197e-15,"2","RUNX3"
2.23592984292258e-19,1.79031050574174,0.347,0.023,4.62748040291257e-15,"2","PHB2"
2.31661221256168e-19,1.81351470163423,0.347,0.023,4.79446063511765e-15,"2","PYURF"
2.44603168402348e-19,1.53639851005776,0.495,0.068,5.06230717325498e-15,"2","ATP5MC3"
2.54668016033024e-19,3.1268905252688,0.295,0.01,5.27060925981946e-15,"2","FBL"
2.879760341942e-19,6.31324533272605,0.263,0.003,5.95995200368317e-15,"2","IGHM"
2.92842205649981e-19,2.35470090702632,0.358,0.026,6.060662288132e-15,"2","PCSK7"
2.95019729878632e-19,1.26537550184392,0.579,0.098,6.10572832956817e-15,"2","ANP32B"
3.45213133375175e-19,1.16577126973073,0.516,0.075,7.14453100833263e-15,"2","C9orf78"
3.49457206349887e-19,4.16342812112554,0.263,0.003,7.23236634261726e-15,"2","RCN2"
4.26655109877664e-19,3.04296483056033,0.305,0.013,8.83005415402813e-15,"2","THUMPD1"
4.66368676190095e-19,1.07987677736756,0.484,0.065,9.6519661224302e-15,"2","SNRPB2"
5.01506274061335e-19,1.02624014116216,0.695,0.153,1.03791738479734e-14,"2","H1FX"
5.19042882856852e-19,1.33970970019403,0.453,0.055,1.07421115036054e-14,"2","PARK7"
6.96730969865656e-19,1.22253136010262,0.463,0.059,1.44195441523396e-14,"2","G3BP2"
7.46819220776287e-19,1.20875268712388,0.421,0.046,1.5456170593186e-14,"2","GPBP1"
8.8855564938205e-19,1.47269937427582,0.495,0.072,1.83895477196109e-14,"2","ST13"
1.05454139562078e-18,1.571866237633,0.474,0.065,2.18247887237676e-14,"2","RGS10"
1.24371441819406e-18,1.19404786051141,0.6,0.107,2.57399135989443e-14,"2","SSR2"
1.46211855000832e-18,1.21115154183489,0.968,0.443,3.02600055109721e-14,"2","EEF1D"
1.5659750605726e-18,1.38917593417191,0.453,0.059,3.24094198536106e-14,"2","UFC1"
1.63248106039844e-18,0.820846938348204,0.653,0.127,3.37858280260062e-14,"2","SEPT7"
1.67752235955702e-18,2.08994189401837,0.358,0.029,3.47180027533921e-14,"2","KRR1"
1.82919615118115e-18,1.65811231540565,0.347,0.026,3.78570435448451e-14,"2","TAF1D"
2.01628490125934e-18,2.09648710846047,0.358,0.029,4.17290323164633e-14,"2","HNRNPR"
2.02726703278011e-18,1.11366211209667,0.547,0.091,4.19563185104172e-14,"2","ATP5PO"
2.12112546356412e-18,5.04841335334211,0.253,0.003,4.38988125939231e-14,"2","TWISTNB"
2.16698521807928e-18,3.45797960588459,0.253,0.003,4.48479260733688e-14,"2","KIF2A"
2.17015195279171e-18,0.996543687707783,0.558,0.094,4.49134648149772e-14,"2","CD99"
2.19380793018619e-18,1.17468691026625,0.642,0.127,4.54030489231334e-14,"2","SRRM1"
2.26616233079644e-18,1.77226606685545,0.358,0.029,4.69004955981631e-14,"2","WHAMM"
2.40309597440418e-18,3.66590055591801,0.316,0.02,4.97344742862689e-14,"2","CCL5"
2.43925483149374e-18,2.89508633503197,0.295,0.013,5.04828179925944e-14,"2","SYNE2"
2.53397392003735e-18,2.94248698924801,0.295,0.013,5.2443124249093e-14,"2","ATF7IP"
2.86542058603315e-18,2.8041485225099,0.305,0.016,5.93027444485421e-14,"2","USP34"
3.3065462873772e-18,1.45477403380558,0.389,0.039,6.84322819635585e-14,"2","SNRPC"
3.71020973454575e-18,2.58994770524884,0.305,0.016,7.67865006661589e-14,"2","MCUB"
4.89564305971964e-18,7.87681570265627,0.232,0,1.01320228763958e-13,"2","LCK"
4.89564305971964e-18,7.44998266181435,0.232,0,1.01320228763958e-13,"2","MAL"
5.44692450849454e-18,1.03310170100866,0.579,0.104,1.12729549627803e-13,"2","SELENOK"
5.67601873179777e-18,2.14514832072421,0.4,0.046,1.17470883673287e-13,"2","ISG20"
7.70235668647782e-18,1.33689194120601,0.568,0.104,1.59407973983345e-13,"2","ANKRD12"
8.68466712664102e-18,0.989826855219842,0.642,0.134,1.79737870852962e-13,"2","KRT10"
9.58764865974959e-18,1.32095155052679,0.453,0.062,1.98425976662178e-13,"2","RPL17"
1.0129790228973e-17,2.37589827803791,0.421,0.055,2.09646138578826e-13,"2","HLA-DQB1"
1.08000952316517e-17,0.512638955472401,0.547,0.098,2.23518770914264e-13,"2","TNFAIP3"
1.15812955694449e-17,0.990570514041053,0.463,0.065,2.39686493105231e-13,"2","DNAJA1"
1.26101551193545e-17,1.89162975812778,0.358,0.033,2.60979770350162e-13,"2","CD47"
1.31547760512212e-17,1.10899371317694,0.958,0.417,2.72251245156074e-13,"2","RPL27"
1.33250140174777e-17,4.63807941936329,0.242,0.003,2.75774490105719e-13,"2","CCT2"
1.43474779843583e-17,1.91871005555014,0.358,0.033,2.96935404364279e-13,"2","NSD3"
1.51721577200776e-17,2.46756170138971,0.284,0.013,3.14002976174726e-13,"2","ZBTB10"
1.78315349880283e-17,1.26505603713927,0.411,0.049,3.69041448112234e-13,"2","WBP11"
2.04013489899163e-17,1.05991173216073,0.484,0.075,4.22226318695307e-13,"2","N4BP2L2"
2.38020188641982e-17,0.951390793304044,0.726,0.166,4.92606582413445e-13,"2","SUMO2"
2.77857592919013e-17,2.38149874126219,0.305,0.02,5.75054074305189e-13,"2","CCT8"
2.89785773136017e-17,3.643655886808,0.253,0.007,5.99740636082301e-13,"2","CLNS1A"
2.95728294032261e-17,3.30964973067941,0.253,0.007,6.12039277329167e-13,"2","SOCS1"
3.01431312983171e-17,7.86486499659989,0.221,0,6.23842245349971e-13,"2","RBM43"
3.82356937337565e-17,2.0028499727445,0.316,0.023,7.91325917513825e-13,"2","NIFK"
4.16663094509345e-17,1.99438811360541,0.316,0.023,8.6232594039654e-13,"2","CDK13"
4.29934607560632e-17,1.26715553676187,0.442,0.062,8.89792663807485e-13,"2","GSTK1"
4.47966730127896e-17,1.52083261057805,0.326,0.026,9.27111944672693e-13,"2","INTS6"
4.5705759265582e-17,1.23988605452959,0.463,0.068,9.45926393760485e-13,"2","POLR1D"
4.61856313791108e-17,1.98244410796465,0.316,0.023,9.55857827022078e-13,"2","NME3"
4.87088578751838e-17,2.25331793197562,0.326,0.026,1.0080785225848e-12,"2","PMAIP1"
5.15680954281957e-17,1.0808339038336,0.463,0.068,1.06725330298194e-12,"2","PRPF40A"
5.73524160867385e-17,0.866073179530657,0.558,0.101,1.18696560333114e-12,"2","SRSF10"
6.13852212046822e-17,1.14531294418662,0.432,0.059,1.2704285380521e-12,"2","PPIB"
6.31486385839172e-17,1.53173833164645,0.411,0.052,1.30692422413275e-12,"2","PCGF5"
6.7725885185492e-17,1.71815776075824,0.358,0.036,1.40165491979894e-12,"2","SNRPD1"
6.96234154151118e-17,1.2112735085331,0.484,0.078,1.44092620543115e-12,"2","ISCU"
6.96303597692618e-17,1.7702301648259,0.347,0.033,1.44106992578464e-12,"2","PHF3"
7.087897737363e-17,1.33651015388422,0.4,0.049,1.46691131572465e-12,"2","MDH2"
7.35527567501759e-17,0.658147757981234,0.6,0.117,1.52224785370164e-12,"2","PNISR"
7.50511993610889e-17,1.33556793943158,0.389,0.046,1.5532596219771e-12,"2","PRDM2"
7.65447316026434e-17,0.81290866932261,0.8,0.202,1.58416976524831e-12,"2","SF1"
7.69104225610482e-17,0.954547442656259,0.526,0.091,1.59173810532345e-12,"2","EIF3G"
8.12579187625779e-17,3.9441579938352,0.232,0.003,1.68171388671031e-12,"2","SATB1"
1.02547107467759e-16,1.03852998158159,0.484,0.078,2.12231493615275e-12,"2","SRSF11"
1.182741925209e-16,1.06698190673471,0.684,0.156,2.44780268841254e-12,"2","HNRNPDL"
1.37618281243343e-16,1.0541924552386,0.958,0.459,2.84814794861222e-12,"2","RPL7"
1.66933080826978e-16,3.99526053497385,0.242,0.007,3.45484704079514e-12,"2","GZMM"
1.7734941990702e-16,3.45974556071307,0.242,0.007,3.67042359439568e-12,"2","ALG13"
1.84148199064789e-16,7.22598454789436,0.211,0,3.81113112784488e-12,"2","MRPL9"
1.84148199064789e-16,7.40654668103805,0.211,0,3.81113112784488e-12,"2","BCL11B"
2.22653599244065e-16,1.88963525254831,0.305,0.023,4.60803888995517e-12,"2","MRPS21"
2.26827179765974e-16,0.75904223449094,0.579,0.114,4.69441531243661e-12,"2","KMT2E"
2.49753707586943e-16,0.816254141650406,0.758,0.189,5.16890273221938e-12,"2","UQCRH"
2.50780299694226e-16,2.33411598506864,0.316,0.026,5.1901490824717e-12,"2","AC058791.1"
2.70983397681825e-16,3.96508627033584,0.253,0.01,5.60827239842304e-12,"2","HSPB1"
2.74462912826264e-16,1.43615586559094,0.4,0.052,5.68028444385236e-12,"2","PNRC2"
2.79047629920683e-16,1.8084535152637,0.326,0.029,5.77516974883846e-12,"2","SRP72"
2.81343630134018e-16,0.935147717087144,0.526,0.094,5.82268776925364e-12,"2","C19orf53"
2.88204659693211e-16,1.73668744190959,0.326,0.029,5.9646836370107e-12,"2","ILF3"
2.92559228705786e-16,1.33588777341919,0.368,0.042,6.05480579729495e-12,"2","FNBP4"
3.14257757148122e-16,0.827034595889739,0.621,0.134,6.50387854193753e-12,"2","UBE2D2"
3.18096727103887e-16,1.79889262178953,0.337,0.033,6.58332986414206e-12,"2","COMMD2"
3.22431387893943e-16,3.01081577898922,0.253,0.01,6.67304000385305e-12,"2","MPHOSPH8"
3.28930739038844e-16,1.98676881384547,0.347,0.036,6.80755057514792e-12,"2","SLC3A2"
3.35307887290198e-16,0.676020156980577,0.579,0.114,6.93953203535793e-12,"2","CDC42SE2"
3.3862346244478e-16,1.28751008679221,0.326,0.029,7.00815117875717e-12,"2","PHF20"
3.40504238960856e-16,1.25857239216163,0.389,0.049,7.04707572953387e-12,"2","TMED10"
3.642833607793e-16,0.951047902162256,0.716,0.173,7.5392084346884e-12,"2","HNRNPH1"
3.77916692871627e-16,1.53653155490165,0.347,0.036,7.82136387567119e-12,"2","XBP1"
3.87374639319271e-16,1.1278081989223,0.389,0.049,8.01710553535164e-12,"2","UBE2N"
4.08165929399853e-16,1.37941196855941,0.347,0.036,8.44740207485936e-12,"2","SNHG15"
4.39526196619745e-16,0.623776937214186,0.6,0.124,9.09643416524225e-12,"2","RBM8A"
4.81194105426865e-16,4.01235612935777,0.221,0.003,9.95879320591439e-12,"2","ZNHIT3"
4.81194105426865e-16,4.58157215044198,0.221,0.003,9.95879320591439e-12,"2","RNF125"
4.91459955232224e-16,4.30707002927554,0.221,0.003,1.01712552334861e-11,"2","ODF2L"
5.04867589029855e-16,0.965751490702007,0.484,0.081,1.04487396225619e-11,"2","PDIA3"
5.24339761863754e-16,0.937439910225716,0.895,0.28,1.08517357115323e-11,"2","RPL36AL"
5.83338864742531e-16,1.15425489703461,0.632,0.147,1.20727811447114e-11,"2","SAP18"
5.91157508342876e-16,2.82469132580169,0.274,0.016,1.22345957926642e-11,"2","SEC11C"
5.93966368921216e-16,0.87604814082552,0.526,0.098,1.22927279711935e-11,"2","SSR4"
6.65544713122134e-16,1.89436038813873,0.379,0.049,1.37741133827757e-11,"2","C1orf56"
6.76209273801231e-16,1.41146976783946,0.474,0.081,1.39948271305903e-11,"2","RPL22L1"
7.01132942805746e-16,1.04932831505389,0.421,0.062,1.45106473843077e-11,"2","SP100"
7.48469588901941e-16,1.05869817078958,1,0.599,1.54903266119146e-11,"2","JUND"
7.49866573853977e-16,1.19090765133456,0.421,0.062,1.55192386124819e-11,"2","NDUFV2"
7.68802052323687e-16,0.86289587591517,0.547,0.107,1.5911127274891e-11,"2","EIF3L"
1.01031567093851e-15,2.22009395766364,0.284,0.02,2.09094931257434e-11,"2","CDK12"
1.0279357739085e-15,1.59241049094961,0.284,0.02,2.12741587768104e-11,"2","SNRNP200"
1.06408905546544e-15,2.17652948349355,0.284,0.02,2.20223870919127e-11,"2","APEX1"
1.1163572183638e-15,7.04473535288567,0.2,0,2.31041289912572e-11,"2","CD96"
1.11638207466196e-15,7.55626117683475,0.2,0,2.3104643417204e-11,"2","ZNF766"
1.19940445560572e-15,1.23083939839719,0.484,0.088,2.48228746132161e-11,"2","ERP29"
1.23495337793461e-15,1.60655698282043,0.295,0.023,2.55585951097348e-11,"2","SSB"
1.23495337793461e-15,1.81900414202584,0.295,0.023,2.55585951097348e-11,"2","BUB3"
1.28235426843992e-15,1.48963579749023,0.368,0.046,2.65396039396326e-11,"2","NDFIP1"
1.37865162869084e-15,1.41144521821269,0.505,0.101,2.85325741073856e-11,"2","HLA-DPB1"
1.46162990400072e-15,3.60872016747947,0.242,0.01,3.0249892493199e-11,"2","CTSW"
1.55067247923183e-15,1.56311551063149,0.337,0.036,3.20927176301819e-11,"2","NDUFA12"
1.57520707450611e-15,1.5848459388603,0.389,0.052,3.26004856139785e-11,"2","NKTR"
1.67386612252593e-15,1.01408087763961,0.4,0.055,3.46423332717967e-11,"2","MAGOH"
1.72594381656511e-15,1.06544315851772,0.379,0.049,3.57201332276315e-11,"2","TCEA1"
1.74897617659035e-15,0.98473871016113,0.621,0.143,3.61968109507139e-11,"2","TRA2B"
1.77056103239319e-15,3.22361926217959,0.242,0.01,3.66435311264094e-11,"2","OSTC"
1.83342321831725e-15,1.15008326711095,0.337,0.036,3.79445269262938e-11,"2","XRCC6"
1.83965652796905e-15,2.15994208056626,0.242,0.01,3.80735315028475e-11,"2","ZNF430"
1.87519338158061e-15,2.91542982565787,0.242,0.01,3.88090022251924e-11,"2","PWP1"
1.9098173875219e-15,4.16621318709005,0.305,0.033,3.95255806521532e-11,"2","GNLY"
2.00845958450761e-15,1.41711551361802,0.337,0.036,4.15670795609695e-11,"2","BCAS2"
2.12122176430375e-15,1.03930610169722,0.368,0.046,4.39008056340304e-11,"2","CCDC59"
2.14047156306804e-15,1.22770499679283,0.747,0.205,4.42991994692561e-11,"2","HSP90AA1"
2.15389224228754e-15,0.543803696079661,0.484,0.085,4.45769538463829e-11,"2","UBE2I"
2.94832221725394e-15,4.39119068284552,0.211,0.003,6.10184766082876e-11,"2","BRIX1"
2.98642714348743e-15,2.29175279210276,0.253,0.013,6.18070961616158e-11,"2","RANBP1"
3.59123530579586e-15,2.78407422757199,0.263,0.016,7.43242058887512e-11,"2","DNAJC21"
4.13764768227988e-15,2.17747975388613,0.263,0.016,8.56327564324644e-11,"2","PPA1"
4.21146062230844e-15,2.22360220744729,0.263,0.016,8.71603890392955e-11,"2","SINHCAF"
4.48576479557391e-15,0.782372580485627,0.516,0.101,9.28373882091975e-11,"2","MDM4"
4.66618119035968e-15,0.668831624127157,0.768,0.215,9.65712859156839e-11,"2","KLF2"
4.84046247943506e-15,1.63553563736293,0.368,0.049,1.00178211474388e-10,"2","RAB14"
5.33343277671128e-15,1.66422797342862,0.347,0.042,1.10380724746817e-10,"2","CCT4"
5.37577875722616e-15,2.14834411567149,0.274,0.02,1.11257117159553e-10,"2","SMC3"
5.46846583982299e-15,2.16124428992127,0.274,0.02,1.13175369020977e-10,"2","AKAP9"
5.48824004508045e-15,0.466016036251275,0.421,0.065,1.13584615972985e-10,"2","ARID5A"
5.75599380842493e-15,1.87619711803244,0.274,0.02,1.19126047859162e-10,"2","MYCBP2"
5.96306879055356e-15,3.86909824638136,0.221,0.007,1.23411671689296e-10,"2","ARID5B"
6.36776532821856e-15,0.667605779596318,0.674,0.163,1.31787271232811e-10,"2","VAMP2"
6.52961127448048e-15,1.7537240361418,0.284,0.023,1.35136834936648e-10,"2","SECISBP2"
6.70226474533393e-15,1.90807079466764,0.295,0.026,1.38710071169431e-10,"2","PPP1CC"
6.7173432751763e-15,8.0625484301162,0.189,0,1.39022136423049e-10,"2","IGHD"
6.7173432751763e-15,7.29503878503021,0.189,0,1.39022136423049e-10,"2","IL27RA"
7.03476853883145e-15,1.88642403299013,0.295,0.026,1.45591569679656e-10,"2","CCDC12"
7.14484378249571e-15,0.546728991486737,0.537,0.107,1.47869686922531e-10,"2","EDF1"
7.65147866399947e-15,1.56647017756264,0.326,0.036,1.58355002430133e-10,"2","SEM1"
7.80174947511265e-15,0.698817630984877,0.379,0.052,1.61465007136931e-10,"2","PSME2"
8.00430932155938e-15,1.68267416860567,0.326,0.036,1.65657185718993e-10,"2","HIST1H1E"
8.24837587879974e-15,1.61928274630335,0.326,0.036,1.70708387187639e-10,"2","GTF2B"
8.72133060756602e-15,0.66490488528278,0.347,0.042,1.80496658254186e-10,"2","ZNF331"
8.94070472816425e-15,1.17624190342708,0.842,0.303,1.85036825054087e-10,"2","TOMM7"
9.37982103702211e-15,1.43774965287745,0.337,0.039,1.94124776182209e-10,"2","PCM1"
1.03912674768765e-14,2.95119240792678,0.232,0.01,2.15057671701437e-10,"2","FKBP11"
1.08295669572233e-14,0.643074027827271,0.632,0.147,2.24128717746694e-10,"2","CDV3"
1.09996018537499e-14,2.56517788690433,0.232,0.01,2.27647759965209e-10,"2","JPX"
1.40610875804712e-14,0.868784303714589,0.842,0.254,2.91008268565432e-10,"2","RBM3"
1.42815518532409e-14,0.879186258911171,0.421,0.068,2.95570997154674e-10,"2","HSPA9"
1.54325256591042e-14,1.34279242725096,0.379,0.055,3.19391551040821e-10,"2","ATP5F1A"
1.58030881713906e-14,5.45271186805265,0.2,0.003,3.270607127951e-10,"2","GZMH"
1.61697476229962e-14,2.43123431640956,0.242,0.013,3.3464909680553e-10,"2","PRMT2"
1.70754105910312e-14,2.34016448972688,0.242,0.013,3.53392697591983e-10,"2","TTC39C"
1.71826059270091e-14,4.00580266105827,0.2,0.003,3.55611212265381e-10,"2","CEMIP2"
1.75455953184176e-14,4.05261324886767,0.2,0.003,3.63123640709971e-10,"2","ANKRD44"
1.75455953184176e-14,3.23414770205989,0.2,0.003,3.63123640709971e-10,"2","SESN3"
1.89975194186282e-14,1.13457574379205,0.389,0.059,3.9317266188793e-10,"2","SNRPG"
2.09465808434749e-14,1.03468877718293,0.526,0.111,4.33510437136557e-10,"2","SLC25A5"
2.18797308591874e-14,2.47726332428441,0.253,0.016,4.52822909861743e-10,"2","PA2G4"
2.20382400255766e-14,0.680908475053523,0.474,0.088,4.56103415569334e-10,"2","KRAS"
2.35349853906147e-14,0.589744214190901,0.526,0.107,4.87080057644161e-10,"2","PIM3"
2.37532827053218e-14,1.20949094197012,0.389,0.059,4.9159793886934e-10,"2","ARL6IP5"
2.38783107229869e-14,2.08414087846151,0.253,0.016,4.94185518722936e-10,"2","TPR"
2.55076584227467e-14,2.20549510038982,0.263,0.02,5.27906498717165e-10,"2","FDX1"
2.60281647133263e-14,0.864990365314044,0.611,0.143,5.38678896907e-10,"2","NDUFS5"
2.77701695624195e-14,2.13544654565734,0.284,0.026,5.74731429263833e-10,"2","MRPL41"
2.89651882432583e-14,0.75439319839294,0.537,0.114,5.99463535882473e-10,"2","NDUFB11"
2.91871394427728e-14,0.605551677745485,0.558,0.121,6.04057037907627e-10,"2","GYPC"
2.96980352502198e-14,1.76071054248336,0.263,0.02,6.1463053753855e-10,"2","CNOT7"
3.0451293123578e-14,0.70658452256903,0.8,0.235,6.3021996248557e-10,"2","ATP5MC2"
3.1777910740622e-14,1.19134110779566,0.358,0.049,6.57675640687912e-10,"2","ERH"
3.21523040278059e-14,4.4582222584327,0.211,0.007,6.6542408415947e-10,"2","HLA-DQA1"
3.45035223286653e-14,1.03369743272999,0.358,0.049,7.14084898114058e-10,"2","PCNP"
3.52778522562917e-14,1.62634832705309,0.284,0.026,7.30110430296214e-10,"2","MZT2A"
3.62001326458068e-14,3.2412896813887,0.211,0.007,7.49197945237617e-10,"2","WDR33"
3.62001326458068e-14,2.67442446577094,0.211,0.007,7.49197945237617e-10,"2","TRIM44"
3.62001326458068e-14,3.18612065772088,0.211,0.007,7.49197945237617e-10,"2","TMPO"
3.62001326458068e-14,3.23518535290043,0.211,0.007,7.49197945237617e-10,"2","SNRPN"
3.62001326458068e-14,3.27175219834289,0.211,0.007,7.49197945237617e-10,"2","GSPT1"
3.69336794493923e-14,1.21350795306275,0.274,0.023,7.64379429884624e-10,"2","TSPYL1"
3.69336794493923e-14,1.53281687903892,0.274,0.023,7.64379429884624e-10,"2","STUB1"
3.7596355356235e-14,1.61491423121793,0.284,0.026,7.78094170452639e-10,"2","PAXX"
3.97343989216475e-14,1.70139607419111,0.295,0.029,8.22343120082417e-10,"2","GTF3C6"
4.01230458444196e-14,7.40410056007261,0.179,0,8.30386556796109e-10,"2","ANXA2R"
4.01239317683585e-14,7.25394859469195,0.179,0,8.30404891877947e-10,"2","LBH"
4.01239317683585e-14,7.53825421856311,0.179,0,8.30404891877947e-10,"2","TATDN1"
4.01239317683585e-14,6.93349675235889,0.179,0,8.30404891877947e-10,"2","BICDL1"
4.13577030393675e-14,1.66363707371804,0.284,0.026,8.55939022102749e-10,"2","AIMP1"
4.20191180707518e-14,1.39581865318837,0.284,0.026,8.6962766759228e-10,"2","CMPK1"
4.29776767656677e-14,0.990156296037135,0.337,0.042,8.8946599834226e-10,"2","SYNCRIP"
4.79106277989757e-14,0.570961726048008,0.653,0.16,9.91558352927601e-10,"2","WTAP"
5.35714521967776e-14,1.28014577971593,0.389,0.062,1.10871477466451e-09,"2","LSM8"
5.63304940333022e-14,0.988214868692996,0.4,0.065,1.16581590451322e-09,"2","MAPK1IP1L"
6.1468387710963e-14,2.77100017026099,0.221,0.01,1.27214975206609e-09,"2","MAZ"
6.26337324791568e-14,2.02493583034007,0.221,0.01,1.29626772738863e-09,"2","ZNF639"
6.26337324791568e-14,2.48294590163632,0.221,0.01,1.29626772738863e-09,"2","OTUD6B-AS1"
6.26337324791568e-14,2.69754667858557,0.221,0.01,1.29626772738863e-09,"2","ATP5S"
7.17621632408644e-14,0.316628521229567,0.632,0.15,1.48518973043293e-09,"2","RAP1B"
7.22906268242891e-14,0.317164218627773,0.547,0.117,1.49612681275549e-09,"2","HNRNPH3"
7.7071974300525e-14,0.583358244898591,0.642,0.16,1.59508158012366e-09,"2","HMGN2"
8.20338062706583e-14,2.89412370704289,0.232,0.013,1.69777165457754e-09,"2","MHENCR"
8.70987535546993e-14,0.966152951874579,0.389,0.062,1.80259580356806e-09,"2","PFDN2"
8.7407694786543e-14,1.66385852353719,0.347,0.049,1.80898965130229e-09,"2","RTRAF"
9.12118475481551e-14,0.689853752748824,0.484,0.098,1.88772039685662e-09,"2","ARGLU1"
9.4726229307253e-14,2.19819990697189,0.232,0.013,1.96045404174291e-09,"2","SS18L2"
1.01456583775288e-13,4.28413185097581,0.189,0.003,2.09974545781337e-09,"2","DYRK2"
1.03588586457312e-13,3.35066982788718,0.189,0.003,2.14386938532053e-09,"2","GMCL1"
1.03588586457312e-13,3.84295527838743,0.189,0.003,2.14386938532053e-09,"2","MRPS30"
1.03588586457312e-13,3.60451037451303,0.189,0.003,2.14386938532053e-09,"2","ZBTB24"
1.03588586457312e-13,4.32492696815506,0.189,0.003,2.14386938532053e-09,"2","LETMD1"
1.03588586457312e-13,4.1290874859799,0.189,0.003,2.14386938532053e-09,"2","ESD"
1.06656028986213e-13,2.76729591269193,0.242,0.016,2.20735317589866e-09,"2","PDCD5"
1.11258916936827e-13,0.624352471168331,0.368,0.055,2.30261454492456e-09,"2","RBM17"
1.27769691745448e-13,0.828735095858917,0.442,0.081,2.64432154036379e-09,"2","EIF4A2"
1.28994619601738e-13,1.99234195234582,0.242,0.016,2.66967264727758e-09,"2","C19orf24"
1.28994619601738e-13,1.98942952824119,0.242,0.016,2.66967264727758e-09,"2","URI1"
1.46720246966141e-13,1.35133542780706,0.337,0.046,3.03652223121126e-09,"2","EIF3D"
1.52896248788385e-13,1.3016831931806,0.337,0.046,3.16434076492442e-09,"2","RHEB"
1.53660457938736e-13,0.595077560072146,0.537,0.117,3.18015683750009e-09,"2","BCLAF1"
1.5425011620849e-13,0.807802656720999,0.663,0.176,3.19236040505091e-09,"2","SRRM2"
1.69680933254677e-13,1.36189586036874,0.284,0.029,3.5117165946388e-09,"2","GABPB1-AS1"
1.69777645086323e-13,1.24552659636762,0.316,0.039,3.51371814270654e-09,"2","AC026979.2"
1.74953459670774e-13,1.82935445178825,0.284,0.029,3.62083680134634e-09,"2","IFI16"
1.77109195907166e-13,0.737535505134513,1,0.915,3.6654519184947e-09,"2","B2M"
1.80523142521912e-13,1.58870267251011,0.263,0.023,3.73610695763349e-09,"2","MLLT6"
1.83458583186132e-13,1.41941992266635,0.263,0.023,3.7968588376202e-09,"2","AC025164.1"
1.88361347885735e-13,1.49194642512711,0.295,0.033,3.89832645584318e-09,"2","ZNF800"
2.01192484555896e-13,3.52567151637464,0.2,0.007,4.16387966036883e-09,"2","C3orf38"
2.07273123599822e-13,0.932588321313795,0.316,0.039,4.28972456602191e-09,"2","PTGER4"
2.09233130409042e-13,2.88433559930029,0.2,0.007,4.33028886694553e-09,"2","TENT5C"
2.09233130409042e-13,2.96586523248244,0.2,0.007,4.33028886694553e-09,"2","CBLB"
2.09233130409042e-13,2.22253212487153,0.2,0.007,4.33028886694553e-09,"2","INTS10"
2.09233130409042e-13,2.77979491190518,0.2,0.007,4.33028886694553e-09,"2","FABP5"
2.09413265824649e-13,1.40910597493158,0.305,0.036,4.33401694950693e-09,"2","SNX9"
2.17358358589939e-13,0.968720003090531,0.526,0.121,4.49844858937737e-09,"2","PSMB1"
2.25196858788503e-13,1.18695209756196,0.295,0.033,4.66067418948685e-09,"2","C6orf48"
2.26628628351277e-13,0.606156093623288,0.568,0.134,4.69030609235803e-09,"2","DDX6"
2.26836954308151e-13,0.879023921260469,0.305,0.036,4.69461760636149e-09,"2","SUN2"
2.29841794556344e-13,0.940927431073169,0.442,0.085,4.7568057801381e-09,"2","COX5A"
2.37970784725838e-13,6.85378814621229,0.168,0,4.92504336068595e-09,"2","GPATCH4"
2.37970784725838e-13,7.13533579854373,0.168,0,4.92504336068595e-09,"2","STAT4"
2.37970784725838e-13,6.87671493150705,0.168,0,4.92504336068595e-09,"2","CD28"
2.37970784725838e-13,8.7406435357629,0.168,0,4.92504336068595e-09,"2","FGFBP2"
2.42356325343084e-13,0.953669085056507,0.389,0.065,5.01580650930046e-09,"2","GCC2"
2.60224732306871e-13,0.57835520100884,0.4,0.068,5.385611059823e-09,"2","IK"
3.17262091615422e-13,0.472362733708336,0.547,0.124,6.56605624807278e-09,"2","RNMT"
3.37926413926502e-13,0.890500435422739,0.379,0.062,6.99372506262289e-09,"2","PRPF38B"
3.39937539276862e-13,2.64492641586511,0.211,0.01,7.03534731287394e-09,"2","PHF1"
3.52691607309324e-13,1.3223251881823,0.347,0.052,7.29930550487378e-09,"2","SVIP"
3.52818631257878e-13,2.52614646651485,0.211,0.01,7.30193439251303e-09,"2","UBA2"
4.11007428162992e-13,0.896220319988491,0.358,0.055,8.50620973326128e-09,"2","DDT"
4.21984309757361e-13,0.540043798420474,0.537,0.121,8.73338727473833e-09,"2","BTG2"
4.38385155847358e-13,0.787367581854628,0.358,0.055,9.07281918541692e-09,"2","SRP19"
4.62477654725338e-13,0.678931702852918,0.516,0.114,9.5714375421956e-09,"2","SMAP2"
4.66621791048317e-13,2.10495380788015,0.221,0.013,9.65720458753597e-09,"2","SFXN1"
4.87340961120065e-13,0.665798821766349,0.516,0.114,1.00860085313409e-08,"2","SPCS1"
5.19119411941982e-13,2.06280450673909,0.221,0.013,1.07436953495513e-08,"2","PDE3B"
5.8221877375267e-13,4.46354230430284,0.179,0.003,1.20495997415852e-08,"2","PRKCH"
5.89671347139125e-13,2.64624836335378,0.232,0.016,1.22038382003913e-08,"2","BTG3"
5.94389851951875e-13,4.27125825933447,0.179,0.003,1.2301492375996e-08,"2","STIM2"
5.95102132449377e-13,0.859182648392143,0.474,0.101,1.23162337331723e-08,"2","NDUFA11"
6.06810621037425e-13,3.96556323298817,0.179,0.003,1.25585526129905e-08,"2","CAMK4"
6.06810621037425e-13,3.84784231777615,0.179,0.003,1.25585526129905e-08,"2","PLEKHA1"
6.07756898997873e-13,0.779037148455235,1,0.648,1.257813678166e-08,"2","UBA52"
6.18468623721267e-13,1.0536491113277,0.8,0.251,1.27998266365353e-08,"2","UBB"
6.26214829323457e-13,1.12656182012289,0.337,0.049,1.29601421076783e-08,"2","TMX4"
6.64499395475765e-13,1.95622363168973,0.232,0.016,1.37524794887664e-08,"2","VPS51"
6.76937919472726e-13,2.18703508422961,0.242,0.02,1.40099071814075e-08,"2","CLDND1"
6.8753992639792e-13,1.52988809709815,0.232,0.016,1.42293263167313e-08,"2","GADD45GIP1"
7.18997631324844e-13,1.629538511752,0.295,0.036,1.4880374977899e-08,"2","TSPYL2"
7.53838795141127e-13,0.907817604873906,0.337,0.049,1.56014477042408e-08,"2","RELB"
8.11281025583248e-13,1.58273079459371,0.242,0.02,1.67902721054709e-08,"2","SRPRA"
8.1582497061214e-13,1.22512762392153,0.326,0.046,1.68843135917888e-08,"2","PABPC4"
8.2950087487083e-13,1.61693449556973,0.253,0.023,1.71673501063267e-08,"2","C6orf226"
8.3473128058027e-13,1.3321274476727,0.263,0.026,1.72755985828893e-08,"2","PARP14"
8.38386576643735e-13,1.49122048742412,0.242,0.02,1.73512485902187e-08,"2","DDX27"
8.60960897862259e-13,1.55546889301977,0.263,0.026,1.78184467421573e-08,"2","RBM26"
8.74377379441072e-13,1.64035116856581,0.263,0.026,1.80961142449124e-08,"2","CACYBP"
9.42076501200323e-13,1.69457592542158,0.253,0.023,1.94972152688419e-08,"2","DBF4"
9.89358298462855e-13,1.51575554944671,0.263,0.026,2.04757593449872e-08,"2","CNIH1"
1.02034737312606e-12,1.06218341966379,0.263,0.026,2.11171092342169e-08,"2","AC044849.1"
1.16731211611579e-12,0.45170307370313,0.632,0.163,2.41586915551324e-08,"2","ARF1"
1.17500692971476e-12,3.08224788600069,0.189,0.007,2.43179434173766e-08,"2","PRDX2"
1.25898022871613e-12,0.692365963317701,0.611,0.156,2.60558548135091e-08,"2","SFPQ"
1.28909188735948e-12,0.757461478780598,0.453,0.094,2.66790457007918e-08,"2","ATP5MD"
1.40173137907305e-12,6.87193873580072,0.158,0,2.90102326212959e-08,"2","TARBP1"
1.40173137907305e-12,6.97787043957192,0.158,0,2.90102326212959e-08,"2","SH3YL1"
1.40173137907305e-12,6.92054101912353,0.158,0,2.90102326212959e-08,"2","CD27"
1.40173137907305e-12,7.29054633105505,0.158,0,2.90102326212959e-08,"2","RASGRP1"
1.40173137907305e-12,7.1764733446717,0.158,0,2.90102326212959e-08,"2","HAPLN3"
1.40173137907305e-12,6.71761788248231,0.158,0,2.90102326212959e-08,"2","LINC00667"
1.40173137907305e-12,7.88032622530432,0.158,0,2.90102326212959e-08,"2","TNFRSF13C"
1.68216098741251e-12,0.726011595254116,0.358,0.059,3.48140037954894e-08,"2","BAX"
1.80004299768756e-12,1.49456132920652,0.326,0.049,3.72536898801417e-08,"2","LSM14A"
1.8945678090185e-12,2.65616605946676,0.2,0.01,3.92099753754468e-08,"2","CCSER2"
1.92975038427856e-12,2.44509531812519,0.2,0.01,3.9938113953029e-08,"2","ABHD14B"
1.92975038427856e-12,2.42257576630052,0.2,0.01,3.9938113953029e-08,"2","MRPL22"
1.96557362462916e-12,2.19816266850697,0.2,0.01,4.0679511735325e-08,"2","PDCD2"
1.96557362462916e-12,2.64760329090736,0.2,0.01,4.0679511735325e-08,"2","RNF126"
2.57193020528084e-12,0.722377322728851,0.632,0.169,5.32286675284923e-08,"2","SON"
2.71237932162836e-12,2.16578869387362,0.211,0.013,5.61354024404206e-08,"2","CEP85L"
2.76037481044794e-12,2.0233606032964,0.211,0.013,5.71287170770306e-08,"2","TNFAIP8"
2.80920288088092e-12,1.98368180879953,0.211,0.013,5.81392628227115e-08,"2","ITPKB"
3.08757641579772e-12,0.844687016608034,0.316,0.046,6.39004815013497e-08,"2","GOLGA7"
3.31332959055765e-12,1.41905124117183,0.274,0.033,6.85726692061811e-08,"2","PSMA3"
3.32381770633875e-12,1.26477625539207,0.295,0.039,6.87897312503868e-08,"2","NDUFB2"
3.35928292825205e-12,0.397763690894108,0.642,0.169,6.95237194831044e-08,"2","EPC1"
3.38516635082569e-12,4.69536330813089,0.168,0.003,7.00594027966884e-08,"2","GZMB"
3.42800647357053e-12,0.468079202883691,0.516,0.121,7.09460219770156e-08,"2","ARL6IP4"
3.45544854056185e-12,4.16128188757235,0.168,0.003,7.1513962995468e-08,"2","TAF15"
3.52729314107504e-12,3.36816673109082,0.168,0.003,7.3000858847689e-08,"2","ERLEC1"
3.61375944227632e-12,1.79953930001779,0.221,0.016,7.47903654173508e-08,"2","ZFR"
3.61375944227632e-12,1.41172533069673,0.221,0.016,7.47903654173508e-08,"2","SMIM19"
3.61375944227632e-12,1.7579353571405,0.221,0.016,7.47903654173508e-08,"2","MRPL57"
3.61375944227632e-12,1.62865546425334,0.221,0.016,7.47903654173508e-08,"2","PRELID3B"
3.67683107635817e-12,0.721785423162685,0.305,0.042,7.60956959563088e-08,"2","HSP90B1"
3.82411249075541e-12,1.93471571286769,0.232,0.02,7.91438321086739e-08,"2","PQBP1"
3.83295313706987e-12,0.52029755548748,0.789,0.248,7.9326798124798e-08,"2","TSC22D3"
3.83390623784211e-12,1.83396276734713,0.263,0.029,7.93465234983804e-08,"2","TECR"
3.85829418058246e-12,0.636552018993388,0.505,0.117,7.98512563613345e-08,"2","HNRNPA0"
3.88661969894936e-12,1.56010153774946,0.232,0.02,8.0437481289456e-08,"2","MTERF4"
3.92208807985152e-12,1.55979292024251,0.295,0.039,8.1171534900607e-08,"2","SRP9"
3.94133978733503e-12,1.77779127913292,0.274,0.033,8.15699682386857e-08,"2","SSR3"
3.95008229347957e-12,1.85071869785476,0.232,0.02,8.17509031458531e-08,"2","POLR2K"
4.1467724713608e-12,0.843291175176525,0.232,0.02,8.58216030672832e-08,"2","WDR74"
4.21449429202374e-12,1.58702005185,0.232,0.02,8.72231738677233e-08,"2","BTAF1"
4.28325026763151e-12,2.10225681073132,0.232,0.02,8.86461475389017e-08,"2","THAP12"
4.31618160177497e-12,0.925215943844828,0.263,0.029,8.93276944303348e-08,"2","THOC7"
4.32447738023263e-12,0.632425522196584,0.537,0.13,8.94993838612945e-08,"2","TRIR"
4.360106835591e-12,1.28360912172564,0.274,0.033,9.02367710693914e-08,"2","EIF2AK2"
4.45854052779465e-12,1.53501060270353,0.284,0.036,9.2273954763238e-08,"2","HERPUD2"
4.45854052779465e-12,0.976957196548266,0.284,0.036,9.2273954763238e-08,"2","TMED4"
4.51196487600218e-12,1.27625295746856,0.263,0.029,9.33796250737412e-08,"2","ADD1"
4.54042690888484e-12,1.29890799762765,0.242,0.023,9.39686753062807e-08,"2","RBM22"
4.58558432821268e-12,0.827806710149351,0.284,0.036,9.49032532566895e-08,"2","CRIP1"
4.75862600081799e-12,1.35643626743949,0.242,0.023,9.84845237129292e-08,"2","MUC20-OT1"
4.75862600081799e-12,1.34659814655293,0.242,0.023,9.84845237129292e-08,"2","EIF2S2"
4.75862600081799e-12,1.56734083136066,0.242,0.023,9.84845237129292e-08,"2","ILF3-DT"
4.96309023622983e-12,1.30811312351156,0.274,0.033,1.02716115529013e-07,"2","SSBP4"
5.07761185357393e-12,1.1217904804997,0.263,0.029,1.05086254921566e-07,"2","REST"
5.27985042442759e-12,0.63182857986268,0.579,0.15,1.09271784383953e-07,"2","ATP5F1D"
5.70925944215415e-12,0.986739580591556,0.337,0.055,1.18158833414822e-07,"2","ISCA1"
6.66554901414876e-12,3.22795143163044,0.179,0.007,1.37950202396823e-07,"2","MPHOSPH10"
6.79507416243671e-12,2.65796242181022,0.179,0.007,1.4063085486579e-07,"2","CDKN2AIP"
6.79507416243671e-12,2.572494681231,0.179,0.007,1.4063085486579e-07,"2","SFSWAP"
8.49752947995585e-12,1.25940822528697,0.316,0.049,1.75864870117166e-07,"2","CAMLG"
8.88996379464481e-12,0.938280305753907,0.326,0.052,1.83986690693969e-07,"2","MXI1"
1.04201505724518e-11,2.07096201706786,0.347,0.068,2.15655436247461e-07,"2","IGKC"
1.07064971885538e-11,0.800071276574077,0.316,0.049,2.21581665814309e-07,"2","VPS29"
1.08262309318392e-11,1.8742045127021,0.189,0.01,2.24059675365343e-07,"2","CCDC88C"
1.09842029968397e-11,0.933286332284601,0.316,0.049,2.27329065222594e-07,"2","SLTM"
1.18263776169927e-11,0.685271743286998,0.495,0.121,2.44758711161281e-07,"2","HERPUD1"
1.40002118036295e-11,2.69045586553807,0.2,0.013,2.89748383487916e-07,"2","VPS13C"
1.42447856801399e-11,2.21853236889461,0.2,0.013,2.94810084436175e-07,"2","NUDT21"
1.4360672539812e-11,0.714160090420667,0.305,0.046,2.9720847888395e-07,"2","POLR2J3.1"
1.44935425307290e-11,1.81234688575719,0.2,0.013,2.99958356215968e-07,"2","G3BP1"
1.44935425307290e-11,2.05431976154268,0.2,0.013,2.99958356215968e-07,"2","C7orf50"
1.50038860856049e-11,1.7573531327248,0.2,0.013,3.10520426427679e-07,"2","DHX15"
1.50038860856049e-11,2.18636537760516,0.2,0.013,3.10520426427679e-07,"2","PDS5A"
1.56828336657598e-11,0.813910863178711,0.432,0.094,3.24571925546564e-07,"2","UQCRFS1"
1.68385893391812e-11,0.915392426259887,0.284,0.039,3.48491444963693e-07,"2","HP1BP3"
1.75578621031167e-11,0.72093732462372,0.347,0.062,3.63377514086103e-07,"2","VPS28"
1.78717905162608e-11,0.604987794904912,0.453,0.104,3.69874576524533e-07,"2","CD83"
1.83708131330255e-11,5.16512054362947,0.158,0.003,3.80202348601097e-07,"2","GZMA"
1.84599266283361e-11,1.60277799526917,0.263,0.033,3.82046641500043e-07,"2","CHCHD10"
1.86603026400291e-11,1.82572528040448,0.221,0.02,3.86193623438043e-07,"2","PRDX1"
1.87194668002288e-11,1.96119591175161,0.211,0.016,3.87418084897536e-07,"2","UTRN"
1.87234471222435e-11,1.27371723865517,0.263,0.033,3.87500461641952e-07,"2","IL6ST"
1.8873520072474e-11,0.59827905228138,0.358,0.065,3.90606371419921e-07,"2","TRAM1"
1.9614662449194e-11,0.5930146557462,0.505,0.124,4.05945054048518e-07,"2","ZC3H15"
1.97919550678518e-11,1.05986681124402,0.274,0.036,4.0961430208426e-07,"2","LARP7"
1.99368729520314e-11,4.09270399328215,0.158,0.003,4.12613522615242e-07,"2","ZNF33A"
2.03456202589363e-11,1.23107800793512,0.274,0.036,4.21072956878947e-07,"2","DAZAP1"
2.03479991051211e-11,2.92354789178212,0.158,0.003,4.21122189479587e-07,"2","ZNF22"
2.03483750605413e-11,3.39481807365724,0.158,0.003,4.21129970252964e-07,"2","PNPT1"
2.03483750605413e-11,3.63890772693613,0.158,0.003,4.21129970252964e-07,"2","NUDCD2"
2.03483750605413e-11,3.81036687383058,0.158,0.003,4.21129970252964e-07,"2","WWP1"
2.03483750605413e-11,3.4905867789746,0.158,0.003,4.21129970252964e-07,"2","ABLIM1"
2.03836832324897e-11,0.988754672936976,0.263,0.033,4.21860708179606e-07,"2","SAMHD1"
2.08651411573771e-11,1.59634972007918,0.221,0.02,4.31824961393077e-07,"2","PHF5A"
2.10120665158194e-11,0.303985436784465,0.674,0.189,4.34865728611399e-07,"2","MORF4L1"
2.11579989837585e-11,0.556132027346635,0.4,0.081,4.37885946967866e-07,"2","YME1L1"
2.12969391531838e-11,1.30988468235167,0.253,0.029,4.40761452714291e-07,"2","DHX9"
2.18504984291429e-11,1.86243324435454,0.242,0.026,4.52217915489542e-07,"2","LRRC75A"
2.22162655621603e-11,1.59248217143498,0.232,0.023,4.59787832074469e-07,"2","SUZ12"
2.2901498503836e-11,1.07051566710524,0.337,0.059,4.73969413035391e-07,"2","DNAJC8"
2.29107383822334e-11,1.48839171646586,0.232,0.023,4.74160641558702e-07,"2","ZBTB1"
2.32659001387489e-11,1.22119334596443,0.232,0.023,4.81511069271548e-07,"2","UQCRC2"
2.35726721774355e-11,1.07685878534307,0.253,0.029,4.87860023384205e-07,"2","ZRANB2"
2.36909970818869e-11,0.849201439126254,0.758,0.261,4.90308875606732e-07,"2","CD37"
2.6918239624882e-11,1.17134355053342,0.316,0.052,5.57099887276558e-07,"2","ENSA"
2.84283792706735e-11,0.387337489767243,0.337,0.059,5.88353737385859e-07,"2","KIF5B"
2.86395703297916e-11,0.945801379434717,0.368,0.072,5.92724547545366e-07,"2","ARID1B"
3.24277756517837e-11,0.893629724506536,0.326,0.055,6.71125244889315e-07,"2","SEPT9"
3.35506090977432e-11,0.938708249198226,0.368,0.072,6.94363405886894e-07,"2","DCTN3"
3.5366552195038e-11,3.33959837234681,0.168,0.007,7.31946164228505e-07,"2","HSPD1"
3.79789754150799e-11,0.603661054172626,0.368,0.072,7.86012875190493e-07,"2","CWC15"
3.81686848232273e-11,3.08683524128784,0.168,0.007,7.89939101101513e-07,"2","SUMF2"
3.81686848232273e-11,2.22530808876569,0.168,0.007,7.89939101101513e-07,"2","PITPNC1"
3.81692979335203e-11,2.50420375121397,0.168,0.007,7.89951790032136e-07,"2","CCDC6"
3.81692979335203e-11,2.54957956433038,0.168,0.007,7.89951790032136e-07,"2","ZNF101"
3.85792279043131e-11,0.285997749619926,0.463,0.107,7.98435700707665e-07,"2","CYLD"
3.93980652199194e-11,0.820522360083142,0.842,0.322,8.15382357791452e-07,"2","UQCRB"
4.72462323553773e-11,0.38810855330193,0.305,0.049,9.77808024826889e-07,"2","HLA-F"
4.78422508971958e-11,0.377122796853181,0.305,0.049,9.90143224568363e-07,"2","RNF114"
5.03007555218831e-11,0.569290156832618,0.305,0.049,1.04102443628089e-06,"2","COPA"
5.10502256977758e-11,0.737288382206341,0.779,0.264,1.05653547104117e-06,"2","CHCHD2"
5.18393409955985e-11,0.836331790419882,0.295,0.046,1.07286700124491e-06,"2","FAM177A1"
5.26081688329142e-11,0.504207277501699,0.347,0.065,1.08877866216599e-06,"2","STRAP"
5.32010202272734e-11,0.854671565517143,0.379,0.078,1.10104831462365e-06,"2","FXR1"
5.48443416055882e-11,2.97289053753467,0.179,0.01,1.13505849386925e-06,"2","ZNF721"
5.83212560994414e-11,1.37763180908925,0.284,0.042,1.20701671623404e-06,"2","SNW1"
5.88925333517096e-11,0.411977558064216,0.295,0.046,1.21883987024698e-06,"2","TAF9"
5.8930082312685e-11,2.40890621463701,0.179,0.01,1.21961698354333e-06,"2","ST3GAL5"
5.8930082312685e-11,2.36600668532183,0.179,0.01,1.21961698354333e-06,"2","CFAP97"
5.8930082312685e-11,2.27073686715777,0.179,0.01,1.21961698354333e-06,"2","AKT2"
5.89351135742509e-11,0.366688321311381,0.442,0.101,1.2197211105327e-06,"2","SIVA1"
5.97608145390243e-11,0.528804053575565,0.421,0.094,1.23680981769965e-06,"2","CIR1"
5.98259420929491e-11,1.12734874608356,0.337,0.062,1.23815769755567e-06,"2","TMEM14B"
6.19536896350561e-11,0.468633769534348,0.674,0.205,1.28219356068712e-06,"2","CLEC2B"
6.22426668663523e-11,1.17956256015822,0.284,0.042,1.28817423346603e-06,"2","TOMM5"
6.63629431822404e-11,1.03524829112654,0.274,0.039,1.37344747209965e-06,"2","FAM96B"
6.72505926723625e-11,0.686441690787061,0.274,0.039,1.39181826594721e-06,"2","NONO"
6.81682084316508e-11,0.664633523268179,0.284,0.042,1.41080924170144e-06,"2","TOMM22"
6.89954109457905e-11,0.552198336768144,0.632,0.182,1.42792902493408e-06,"2","ELF1"
7.2573383682251e-11,0.3981404285338,0.347,0.065,1.50197874868787e-06,"2","YY1"
7.28255184920989e-11,0.861871481578326,0.274,0.039,1.50719693071248e-06,"2","PSMG2"
7.38307181147058e-11,2.20291998528006,0.189,0.013,1.52800054210195e-06,"2","MX1"
7.51017632520191e-11,1.94095732805946,0.189,0.013,1.55430609226379e-06,"2","TSR2"
7.77083757181613e-11,2.01024509866564,0.189,0.013,1.60825254386307e-06,"2","DOCK10"
7.90446513459533e-11,1.637270874627,0.189,0.013,1.63590810425585e-06,"2","NDUFB6"
7.90446513459533e-11,0.720693373166838,0.189,0.013,1.63590810425585e-06,"2","MOAP1"
7.90446513459533e-11,1.60113007110477,0.189,0.013,1.63590810425585e-06,"2","SELENOM"
8.26770733522301e-11,1.09528488384993,0.316,0.055,1.71108471009775e-06,"2","YWHAQ"
8.51912605363644e-11,2.27878547407462,0.2,0.016,1.7631183280606e-06,"2","LSM4"
8.65940467795958e-11,1.96954068100734,0.2,0.016,1.79215039215051e-06,"2","SYS1"
9.09505925439478e-11,0.764721890691714,0.263,0.036,1.88231346328954e-06,"2","DEGS1"
9.39915520851488e-11,1.90384634440883,0.211,0.02,1.94524916195424e-06,"2","TSN"
9.549748211861e-11,1.5565816370139,0.2,0.016,1.97641588992675e-06,"2","TAP1"
9.549748211861e-11,1.5999020871123,0.2,0.016,1.97641588992675e-06,"2","FYN"
9.69886125466728e-11,1.91923940983247,0.211,0.02,2.00727632526594e-06,"2","DIS3"
9.85219789901023e-11,1.64505381033139,0.211,0.02,2.03901087717916e-06,"2","TFAM"
1.00079037216619e-10,2.04839137380138,0.211,0.02,2.07123575423514e-06,"2","WDR43"
1.00079037216619e-10,1.60401917931631,0.211,0.02,2.07123575423514e-06,"2","CHD7"
1.00079037216619e-10,1.71443311589135,0.211,0.02,2.07123575423514e-06,"2","KMT2A"
1.00084088030461e-10,0.708131622953432,0.253,0.033,2.07134028587843e-06,"2","OXA1L"
1.03265662967132e-10,1.54090751577327,0.211,0.02,2.13718616076776e-06,"2","NAP1L4"
1.03265662967132e-10,1.33094600163579,0.211,0.02,2.13718616076776e-06,"2","CRTC3"
1.04895960650961e-10,1.59349354897188,0.211,0.02,2.17092680163228e-06,"2","JMY"
1.05344880934499e-10,1.5846801902351,0.232,0.026,2.1802176558204e-06,"2","VDAC1"
1.07390311765567e-10,0.671643498359121,0.242,0.029,2.22254989230018e-06,"2","FAM76B"
1.08400749047022e-10,0.403598508514071,0.421,0.098,2.24346190227716e-06,"2","CDC42SE1"
1.08446750891609e-10,1.60621502115144,0.221,0.023,2.24441395645274e-06,"2","METAP2"
1.0956111637437e-10,0.273814526804311,0.495,0.127,2.26747686448396e-06,"2","FAM133B"
1.11699552624264e-10,1.12847533832453,0.232,0.026,2.31173394111176e-06,"2","NR1D2"
1.13857760239693e-10,0.554885434886092,0.368,0.075,2.35640020592068e-06,"2","PNN"
1.16288669563859e-10,0.938149700326574,0.305,0.052,2.40671030529362e-06,"2","NDUFB10"
1.19319323240962e-10,0.586547194429674,0.558,0.156,2.46943271379494e-06,"2","SF3B1"
1.1985983896384e-10,0.737745673670074,0.316,0.055,2.48061922719564e-06,"2","U2SURP"
1.27957420259683e-10,1.13052505473225,0.632,0.235,2.64820676969439e-06,"2","HLA-DRA"
1.33042835282783e-10,0.52887172531507,0.4,0.088,2.75345451901247e-06,"2","CLK1"
1.37285851496698e-10,0.393554948209792,0.611,0.176,2.84126798257567e-06,"2","SKP1"
1.44399808330013e-10,0.392296065580743,0.6,0.169,2.98849843319796e-06,"2","CSDE1"
1.47774255049029e-10,0.836697273998083,0.295,0.049,3.0583359824947e-06,"2","TNFRSF14"
1.51865356625088e-10,0.594364587863205,0.305,0.052,3.14300542071282e-06,"2","BPTF"
1.53713216313281e-10,0.562533840300013,0.305,0.052,3.18124872481967e-06,"2","KLF9"
1.6038166004723e-10,0.3058277541382,0.684,0.205,3.31925883633748e-06,"2","FUS"
1.68999877245145e-10,0.621150569036229,0.716,0.235,3.49762145946551e-06,"2","ZFAS1"
1.87848430157711e-10,0.468927298029449,0.347,0.068,3.88771111054398e-06,"2","NOL7"
1.9049294135257e-10,0.526024017709912,0.463,0.117,3.94244191423279e-06,"2","SNU13"
1.96137425905032e-10,0.701402274281547,0.295,0.049,4.05926016653055e-06,"2","ATP5IF1"
2.04626181959594e-10,0.506447173020828,0.453,0.111,4.23494346183575e-06,"2","RBBP6"
2.12295397720091e-10,2.94193580559859,0.158,0.007,4.393665551215e-06,"2","ITGA4"
2.12295397720091e-10,2.41535976363592,0.158,0.007,4.393665551215e-06,"2","NBEAL1"
2.12295397720091e-10,2.19293220696148,0.158,0.007,4.393665551215e-06,"2","NCBP2"
2.12295397720091e-10,2.06376946242142,0.158,0.007,4.393665551215e-06,"2","EEF1E1"
2.12295397720091e-10,2.14072220933031,0.158,0.007,4.393665551215e-06,"2","GIMAP7"
2.12295397720091e-10,2.5890274484599,0.158,0.007,4.393665551215e-06,"2","TMEM134"
2.12295397720091e-10,2.805730805218,0.158,0.007,4.393665551215e-06,"2","TIMM9"
2.12295397720091e-10,3.12630302384521,0.158,0.007,4.393665551215e-06,"2","TRAF4"
2.14252291838928e-10,4.42213177742313,0.168,0.01,4.43416543189846e-06,"2","IGLC2"
2.193723242009e-10,1.04831875901259,0.316,0.059,4.54012962166182e-06,"2","FIS1"
2.33634565988237e-10,0.863552643973204,0.284,0.046,4.83530097769255e-06,"2","NDUFA5"
2.44875801713801e-10,0.569186205575902,0.368,0.078,5.06794959226883e-06,"2","FNBP1"
2.89809672492447e-10,0.548885824225019,0.274,0.042,5.99790098190369e-06,"2","DERL1"
3.00485058816258e-10,0.936134850438961,0.263,0.039,6.21883877726128e-06,"2","NCBP2-AS2"
3.0581867473562e-10,2.16279434301959,0.168,0.01,6.32922329232839e-06,"2","CXorf38"
3.11284321425754e-10,2.38598833163862,0.168,0.01,6.44234031622741e-06,"2","UHRF2"
3.11284321425754e-10,2.44075648925723,0.168,0.01,6.44234031622741e-06,"2","ZNF428"
3.16845311178822e-10,2.36443730954196,0.168,0.01,6.5574305601569e-06,"2","PMPCB"
3.16845311178822e-10,1.73175589428538,0.168,0.01,6.5574305601569e-06,"2","CPSF7"
3.16845311178822e-10,2.32545567556268,0.168,0.01,6.5574305601569e-06,"2","MRPL4"
3.23834119413981e-10,0.594292224568607,0.358,0.075,6.70207093539176e-06,"2","ARL4A"
3.34546409762979e-10,0.521033459090897,0.463,0.117,6.92377249645462e-06,"2","RNF7"
3.39345076036192e-10,1.24901813124721,0.253,0.036,7.02308569364502e-06,"2","ASXL1"
3.41440166985749e-10,1.43640983466235,0.242,0.033,7.06644569593705e-06,"2","ANKRD49"
3.42363439888363e-10,1.51670628761858,0.295,0.052,7.08555375192955e-06,"2","HLA-DMA"
3.56595172220793e-10,0.608824828599075,0.347,0.072,7.38009368428153e-06,"2","OSER1"
3.57382479202939e-10,0.305594029788396,0.495,0.13,7.39638778958403e-06,"2","ARF6"
3.61105770375997e-10,0.418027099650309,0.316,0.059,7.47344502370163e-06,"2","LSM3"
3.67482365881926e-10,1.04310656630969,0.253,0.036,7.60541504429233e-06,"2","SEPT6"
3.70548696440296e-10,1.33184515030507,0.242,0.033,7.66887582152837e-06,"2","BUD23"
3.96917546040435e-10,2.07500224080241,0.179,0.013,8.21460553285283e-06,"2","N4BP2L1"
4.03632463010207e-10,2.05581555408422,0.179,0.013,8.35357745445925e-06,"2","HAX1"
4.04947802309082e-10,0.480879465394936,0.453,0.114,8.38079971658876e-06,"2","MGAT4A"
4.05654166933216e-10,1.10652999303338,0.232,0.029,8.39541863884984e-06,"2","BAG1"
4.10468436997643e-10,1.49353904602308,0.179,0.013,8.49505477210321e-06,"2","NCK2"
4.10468436997643e-10,1.51973628685225,0.179,0.013,8.49505477210321e-06,"2","TGS1"
4.10468436997643e-10,1.79989226625941,0.179,0.013,8.49505477210321e-06,"2","ZFAND1"
4.10468436997643e-10,1.6304183393819,0.179,0.013,8.49505477210321e-06,"2","UBTF"
4.10468436997643e-10,1.60436736579228,0.179,0.013,8.49505477210321e-06,"2","SF3A1"
4.14907547974806e-10,0.322102385830848,0.537,0.15,8.58692661288659e-06,"2","GPX4"
4.2303311849801e-10,1.56623561992299,0.232,0.029,8.75509342043482e-06,"2","MYDGF"
4.34581751870503e-10,1.76493226479945,0.211,0.023,8.99410393671194e-06,"2","NDUFS3"
4.3897656140308e-10,0.637332787254882,0.905,0.404,9.08505891479814e-06,"2","PABPC1"
4.45322207513472e-10,1.1148754933209,0.295,0.052,9.21638840669882e-06,"2","DHX36"
4.47713484623078e-10,1.73588502954131,0.211,0.023,9.26587827775923e-06,"2","ATXN7L3B"
4.56885059022537e-10,1.29151517075589,0.926,0.476,9.45569318153042e-06,"2","RPS26"
4.6427450643671e-10,2.03507785285986,0.189,0.016,9.60862518521415e-06,"2","NENF"
4.6427450643671e-10,1.55732256085637,0.189,0.016,9.60862518521415e-06,"2","NBDY"
4.71773366630472e-10,1.37758576072256,0.189,0.016,9.76382159578424e-06,"2","MAN2A1"
4.73935411571766e-10,0.53570444317878,0.379,0.085,9.80856727788927e-06,"2","H2AFV"
4.75149113949891e-10,1.47061240513322,0.211,0.023,9.83368606230695e-06,"2","APOL6"
4.79390393569868e-10,1.40636351489883,0.189,0.016,9.92146358532198e-06,"2","PPM1G"
4.79390393569868e-10,1.21925329675056,0.189,0.016,9.92146358532198e-06,"2","TTC14"
4.79390393569868e-10,1.35349529240423,0.189,0.016,9.92146358532198e-06,"2","LSM2"
4.79645363491967e-10,0.676503476801528,0.232,0.029,9.92674044282974e-06,"2","BSDC1"
4.83576548672388e-10,1.36496056774431,0.221,0.026,1.00081002513237e-05,"2","GLRX5"
4.94586922358169e-10,1.47823595811019,0.2,0.02,1.02359709451247e-05,"2","BAG5"
4.97668415277497e-10,1.31265151680255,0.221,0.026,1.02997455225831e-05,"2","PSIP1"
5.10038215838741e-10,0.989224622488744,0.2,0.02,1.05557509149986e-05,"2","GOSR1"
5.12160769361813e-10,0.900976068210255,0.221,0.026,1.05996792827121e-05,"2","RPL7L1"
5.17939522289466e-10,1.49061767645908,0.2,0.02,1.07192763533028e-05,"2","CISD2"
5.17939522289466e-10,1.67169017436756,0.2,0.02,1.07192763533028e-05,"2","KLHDC2"
5.17939522289466e-10,1.09174957594861,0.2,0.02,1.07192763533028e-05,"2","CHD3"
5.19404226202185e-10,1.11309888238164,0.211,0.023,1.07495898654804e-05,"2","LUC7L2"
5.19768594225902e-10,0.630938177485646,0.295,0.052,1.07571308260993e-05,"2","ZC3HAV1"
5.27161090150804e-10,1.13588118684717,0.211,0.023,1.0910125921761e-05,"2","BLOC1S4"
5.27161090150804e-10,1.2306862732087,0.211,0.023,1.0910125921761e-05,"2","FBXL3"
5.45030154681425e-10,0.63158028449422,0.295,0.052,1.12799440812868e-05,"2","DSTN"
5.74407054032969e-10,0.693260175126394,0.337,0.068,1.18879283902663e-05,"2","EIF1AX"
6.03371692901717e-10,0.642942033434819,0.4,0.094,1.24873805562939e-05,"2","PIK3R1"
6.40489163199308e-10,0.758737810752713,0.284,0.049,1.32555637215729e-05,"2","UCP2"
7.05263042393719e-10,0.704796061169734,0.284,0.049,1.45961239253804e-05,"2","SEPT1"
7.2192084425243e-10,0.371384924906938,0.337,0.068,1.49408737926483e-05,"2","RNPS1"
7.95265137218784e-10,0.270176591052023,0.284,0.049,1.64588072798799e-05,"2","SEMA4D"
8.32006944556641e-10,0.333032166395742,0.368,0.081,1.72192157245442e-05,"2","GNB1"
8.73206360058951e-10,0.712335675740113,0.316,0.062,1.807187882778e-05,"2","SELENOW"
9.37328422682489e-10,0.289561496423045,0.421,0.104,1.93989490358368e-05,"2","TMEM50A"
9.64707899775826e-10,0.355831953876955,0.274,0.046,1.99655946937605e-05,"2","TGFBR2"
9.96020002468172e-10,0.27001034722336,0.484,0.13,2.06136299710813e-05,"2","PPP1R2"
1.07921894676871e-09,0.391042478062518,0.316,0.062,2.23355153223252e-05,"2","MPC2"
1.09129046683671e-09,0.497798001861365,0.316,0.062,2.25853475016526e-05,"2","RSRP1"
1.09129046683671e-09,0.356561789528916,0.316,0.062,2.25853475016526e-05,"2","KLF13"
1.15973510410923e-09,0.585457325797019,0.263,0.042,2.40018777146446e-05,"2","INO80D"
1.24542954255601e-09,0.591285813005986,0.253,0.039,2.57754098127391e-05,"2","GTF2A2"
1.33945981117672e-09,0.792943918399518,0.358,0.081,2.77214602521134e-05,"2","COX7A2L"
1.46231734902365e-09,2.6843481898404,0.158,0.01,3.02641198553934e-05,"2","SF3A2"
1.55571027483087e-09,0.572489982999749,0.537,0.156,3.21969798478997e-05,"2","RSL24D1"
1.59587276906663e-09,2.67839807370849,0.158,0.01,3.3028182828603e-05,"2","PRKD3"
1.61482388028826e-09,0.474221953583198,0.295,0.055,3.34203950264458e-05,"2","RAD21"
1.61588842264224e-09,0.748697699752294,0.242,0.036,3.34424267950038e-05,"2","REX1BD"
1.61590038765901e-09,0.75984440707638,0.242,0.036,3.34426744229908e-05,"2","ZNF791"
1.65142106320999e-09,1.1000991376774,0.232,0.033,3.4177810324194e-05,"2","PTBP1"
1.65565870346237e-09,0.724348118779743,0.326,0.068,3.42655125268572e-05,"2","DDIT4"
1.68161266144392e-09,1.85715419742361,0.158,0.01,3.48026556412434e-05,"2","FAM118A"
1.68163519721579e-09,1.38507684500908,0.158,0.01,3.48031220415779e-05,"2","OTULINL"
1.68163519721579e-09,1.77774229806826,0.158,0.01,3.48031220415779e-05,"2","CCM2"
1.68163519721579e-09,2.44381724768022,0.158,0.01,3.48031220415779e-05,"2","PRKDC"
1.68163519721579e-09,1.82179719375993,0.158,0.01,3.48031220415779e-05,"2","MAPKAPK5-AS1"
1.68163519721579e-09,1.8654379864216,0.158,0.01,3.48031220415779e-05,"2","ATP5MC1"
1.74799626391154e-09,0.316752388950946,0.4,0.098,3.61765306779133e-05,"2","SNRPB"
1.76503702535404e-09,0.78214649940743,0.232,0.033,3.65292062767272e-05,"2","POLR2I"
1.78902921032401e-09,0.844588796468741,0.284,0.052,3.70257485368657e-05,"2","ATRAID"
1.83682526342891e-09,0.529806082536238,0.232,0.033,3.80149356519248e-05,"2","SETD2"
1.84084386240409e-09,0.90276466502721,0.368,0.088,3.80981045763151e-05,"2","NDUFB8"
1.89730729302669e-09,2.29399158479267,0.179,0.016,3.92666717364804e-05,"2","SSNA1"
1.90119494580109e-09,2.19522592655408,0.168,0.013,3.93471305982994e-05,"2","SLBP"
1.9650792014006e-09,2.0568501661077,0.168,0.013,4.06692791521868e-05,"2","ZBTB20"
1.9650792014006e-09,2.65148691932119,0.168,0.013,4.06692791521868e-05,"2","HLA-DQA2"
1.99066529301458e-09,0.537837058917163,0.358,0.081,4.11988089042298e-05,"2","EIF2S3"
1.99066529301458e-09,0.605914783443165,0.358,0.081,4.11988089042298e-05,"2","ANAPC16"
2.04156223032785e-09,1.01896189881073,0.221,0.029,4.22521719188653e-05,"2","ACBD3"
2.0564230871745e-09,0.641612551393605,0.284,0.052,4.25597322121635e-05,"2","PSME4"
2.06484428453684e-09,2.02798189758828,0.168,0.013,4.27340173127744e-05,"2","TFDP2"
2.06484428453684e-09,1.46125319054337,0.168,0.013,4.27340173127744e-05,"2","TRAPPC6A"
2.09827445601568e-09,0.526690560795337,0.316,0.065,4.34258881417005e-05,"2","ATP5F1C"
2.0991829538114e-09,1.24200630436823,0.168,0.013,4.34446904120806e-05,"2","SRSF8"
2.0991829538114e-09,1.4708579399815,0.168,0.013,4.34446904120806e-05,"2","CLPP"
2.17526960070847e-09,1.27862581079477,0.211,0.026,4.50193796562625e-05,"2","RPAIN"
2.2566337798719e-09,1.59947104810861,0.179,0.016,4.67032927082288e-05,"2","CSNK1G3"
2.25665838978548e-09,1.42860119325821,0.179,0.016,4.67038020350003e-05,"2","NHP2"
2.26897152103672e-09,0.794504005363935,0.211,0.026,4.69586345993759e-05,"2","WNK1"
2.2726152543835e-09,0.26732197296091,0.484,0.134,4.7034045304721e-05,"2","SF3B5"
2.2906545523676e-09,0.848218676816118,0.274,0.049,4.74073866157999e-05,"2","ANP32E"
2.29195752138811e-09,1.51082052596665,0.189,0.02,4.74343528626483e-05,"2","SYPL1"
2.30107046989205e-09,0.678764621803436,0.211,0.026,4.76229544448859e-05,"2","MYLIP"
2.30107046989205e-09,1.03580868580067,0.211,0.026,4.76229544448859e-05,"2","YAF2"
2.32876485555693e-09,1.83870299890734,0.179,0.016,4.81961174506063e-05,"2","DOK2"
2.32876485555693e-09,0.815426308326309,0.179,0.016,4.81961174506063e-05,"2","ESCO1"
2.36217994182794e-09,1.3514919169147,0.189,0.02,4.8887676076071e-05,"2","HIST1H1D"
2.36217994182794e-09,1.11738835373289,0.189,0.02,4.8887676076071e-05,"2","TRAPPC10"
2.36260426683968e-09,0.618524202538054,0.284,0.052,4.88964579065139e-05,"2","APH1A"
2.36562905180318e-09,1.11162730119332,0.179,0.016,4.89590588561186e-05,"2","CAND1"
2.36565478567835e-09,0.846711655983821,0.179,0.016,4.89595914443991e-05,"2","DESI2"
2.36565478567835e-09,1.42195245765361,0.179,0.016,4.89595914443991e-05,"2","ZNF652"
2.36825504106388e-09,1.11147099344386,0.2,0.023,4.9013406329858e-05,"2","NUCB2"
2.36825504106388e-09,0.883395090343145,0.2,0.023,4.9013406329858e-05,"2","GTPBP4"
2.43075644890141e-09,0.30607674788733,0.326,0.068,5.03069354664635e-05,"2","PPP2CA"
2.4344963457157e-09,1.60414026719744,0.189,0.02,5.03843363709322e-05,"2","ZBTB38"
2.43804755283895e-09,1.41410332416452,0.2,0.023,5.04578321535549e-05,"2","TMCO1"
2.43804755283895e-09,1.36976221121253,0.2,0.023,5.04578321535549e-05,"2","TRMT10C"
2.47145867477246e-09,1.07155777573251,0.189,0.02,5.11493087330907e-05,"2","PIP4P1"
2.47145867477246e-09,1.17849030753008,0.189,0.02,5.11493087330907e-05,"2","MBTPS1"
2.58799109088258e-09,0.274963901239768,0.758,0.257,5.35610636169058e-05,"2","HNRNPA2B1"
2.83753823274724e-09,0.585301895953774,0.305,0.062,5.8725691264937e-05,"2","ALKBH7"
2.86461810945261e-09,0.615110913095535,0.274,0.049,5.92861363932313e-05,"2","ZNF706"
3.03722719452471e-09,0.810726103650948,0.389,0.098,6.28584540178834e-05,"2","AKAP13"
3.50820705468562e-09,0.49099560510148,1,0.85,7.26058532037735e-05,"2","EIF1"
3.92100586308016e-09,0.834561934498042,0.253,0.042,8.1149137342307e-05,"2","HMGN3"
4.05546574863573e-09,0.362742143079585,0.295,0.059,8.39319191337652e-05,"2","HIST1H1C"
4.13314756568116e-09,1.01083024336639,0.242,0.039,8.55396220193372e-05,"2","TXNL1"
4.79954407142687e-09,0.800206395296906,0.242,0.039,9.93313641022505e-05,"2","NSRP1"
4.85260308238618e-09,0.360066576319489,0.442,0.121,0.000100429473393064,"2","HIGD2A"
4.85569154645427e-09,1.41471068526549,0.232,0.036,0.000100493392245418,"2","TRIM22"
5.14845670363002e-09,0.276265919962107,0.337,0.075,0.000106552459938327,"2","CYTH1"
5.36680977872256e-09,0.660445443292068,0.242,0.039,0.000111071495180442,"2","SNRPD3"
5.45020475148119e-09,0.39159507064123,0.895,0.329,0.000112797437536655,"2","SRP14"
5.45845823086768e-09,0.431333185089832,0.295,0.059,0.000112968251546038,"2","USP12"
5.84610291693182e-09,2.09408556182605,0.211,0.029,0.000120990945968821,"2","HLA-DRB5"
6.22561354315473e-09,0.846143909643924,0.221,0.033,0.00012884529788913,"2","TAF11"
7.05492129704419e-09,0.362920418652363,0.305,0.065,0.000146008651163626,"2","SRSF4"
7.09174557583309e-09,0.629198731818015,0.221,0.033,0.000146770766437442,"2","AC245297.3"
7.37369317271197e-09,0.812856562736701,0.221,0.033,0.000152605953902447,"2","DDX46"
7.37369317271197e-09,0.802433906400666,0.221,0.033,0.000152605953902447,"2","ZEB1"
7.47007557115868e-09,0.648052634953638,0.221,0.033,0.0001546006840207,"2","PARP8"
7.47103930990606e-09,1.68265732548581,0.2,0.026,0.000154620629557816,"2","PPP1R7"
7.69521858286438e-09,0.394608775269337,0.874,0.326,0.000159260243790961,"2","GNAS"
7.72754419047416e-09,0.357362452425749,0.347,0.081,0.000159929254566053,"2","NDUFB4"
7.72764014969293e-09,0.589593859555549,0.747,0.27,0.000159931240538045,"2","RBM39"
7.76663113221189e-09,0.607285785747168,0.221,0.033,0.000160738197912257,"2","KBTBD2"
8.01898991026868e-09,0.629090402083866,0.274,0.052,0.000165961015182921,"2","ILF2"
8.3459374480547e-09,0.355249451073135,0.316,0.068,0.00017272752142494,"2","PTPN2"
8.53154400336081e-09,0.490301431774797,0.305,0.065,0.000176568834693555,"2","HNRNPL"
9.06393524362712e-09,1.01230306505213,0.2,0.026,0.000187587203802107,"2","BBX"
9.27720669786389e-09,2.32104742857042,0.158,0.013,0.000192001069818991,"2","NUDC"
9.5394673347445e-09,0.745226590538209,0.263,0.049,0.000197428815959872,"2","CALR"
9.57669907821539e-09,0.78097097572849,0.2,0.026,0.000198199364122746,"2","DGUOK"
9.57669907821539e-09,0.793998948699658,0.2,0.026,0.000198199364122746,"2","PHC3"
9.57911718969083e-09,1.60903610177629,0.189,0.023,0.000198249409357841,"2","PRDM1"
9.70923174690521e-09,1.41067881253716,0.2,0.026,0.00020094226023395,"2","SPSB3"
9.70923174690521e-09,0.957458135404791,0.2,0.026,0.00020094226023395,"2","GPATCH8"
9.73995561790368e-09,2.2502448433009,0.158,0.013,0.000201578121468135,"2","ABCF1"
9.73995561790368e-09,2.19682964986887,0.158,0.013,0.000201578121468135,"2","SNRPA"
9.89913324977061e-09,1.66225076001355,0.158,0.013,0.000204872461737253,"2","COPS6"
9.97958398390583e-09,0.735806845329068,0.2,0.026,0.000206537470130915,"2","DHX29"
9.97966670344799e-09,1.19542796536536,0.2,0.026,0.00020653918209456,"2","DENND4A"
9.99724147486135e-09,1.07591196016445,0.189,0.023,0.000206902909563731,"2","CRYBG1"
1.01176157350534e-08,0.832445740151333,0.2,0.026,0.000209394175252664,"2","UBE2G2"
1.01405182442923e-08,1.22516513745343,0.189,0.023,0.000209868165583873,"2","SUPT16H"
1.02251095845355e-08,1.82612043459504,0.158,0.013,0.000211618867961547,"2","RASSF3"
1.02857900228688e-08,1.08451806221655,0.189,0.023,0.000212874710313293,"2","EMC4"
1.03919866434591e-08,1.60737331478348,0.158,0.013,0.00021507255557303,"2","TNFRSF10B"
1.03919866434591e-08,1.68277575294746,0.158,0.013,0.00021507255557303,"2","TTC17"
1.03919866434591e-08,2.15242588962477,0.158,0.013,0.00021507255557303,"2","CPSF6"
1.03919866434591e-08,1.76714820906164,0.158,0.013,0.00021507255557303,"2","ZNF44"
1.04496105596489e-08,1.7020394961619,0.168,0.016,0.000216265140142494,"2","AP3M2"
1.05615095058751e-08,0.981395615104903,0.158,0.013,0.000218581000733592,"2","DUSP11"
1.05615095058751e-08,1.78854851058049,0.158,0.013,0.000218581000733592,"2","CLK4"
1.05615095058751e-08,1.34763210354343,0.158,0.013,0.000218581000733592,"2","EBPL"
1.05822161216061e-08,1.36303616419779,0.179,0.02,0.000219009544852759,"2","EIF3B"
1.06120787555266e-08,1.97083679755781,0.168,0.016,0.000219627581924379,"2","MTF2"
1.07338463777706e-08,1.24489294237954,0.189,0.023,0.00022214768463434,"2","PDCD6"
1.07770008897153e-08,2.01047944454012,0.168,0.016,0.000223040810413548,"2","MALT1"
1.08808595783766e-08,0.659793139346117,0.926,0.453,0.000225190269834082,"2","COX4I1"
1.08995064779956e-08,0.94857757451823,0.179,0.02,0.000225576186068597,"2","THOC2"
1.10430286471787e-08,0.94052411600785,0.189,0.023,0.00022854652088201,"2","ZCRB1"
1.12868526168857e-08,1.54455630136667,0.168,0.016,0.000233592701759066,"2","HEXIM1"
1.13928440615315e-08,1.06286808470563,0.179,0.02,0.000235786300697457,"2","BDP1"
1.14619547655665e-08,1.82255623403799,0.168,0.016,0.000237216615828165,"2","IAH1"
1.14619547655665e-08,1.08353960087777,0.168,0.016,0.000237216615828165,"2","BEX4"
1.14619547655665e-08,1.32061006271654,0.168,0.016,0.000237216615828165,"2","FBXW5"
1.14619547655665e-08,1.36012919564368,0.168,0.016,0.000237216615828165,"2","MRPS35"
1.14619547655665e-08,1.18187073999446,0.168,0.016,0.000237216615828165,"2","RASA3"
1.15620611520046e-08,0.49401310820546,0.179,0.02,0.000239288417601888,"2","HELB"
1.15620611520046e-08,0.869424737669468,0.179,0.02,0.000239288417601888,"2","RBL2"
1.15620611520046e-08,0.798047137431015,0.179,0.02,0.000239288417601888,"2","MAP2K7"
1.1913502584773e-08,0.260659921005225,0.326,0.075,0.000246561849494463,"2","MMADHC"
1.27184577532076e-08,0.502254907876336,0.295,0.062,0.000263221201660385,"2","RBM23"
1.35439755238151e-08,0.371182344282378,0.379,0.098,0.000280306117440876,"2","PPIG"
1.46809781622767e-08,0.973192449196099,0.242,0.042,0.000303837524046478,"2","SNX6"
1.55800609469228e-08,0.419203726607472,0.242,0.042,0.000322444941357515,"2","PSMB9"
1.61845383817275e-08,0.358374270623751,0.284,0.059,0.000334955206348232,"2","GOLGB1"
1.69291471449312e-08,0.301053801750185,0.242,0.042,0.000350365629311495,"2","TMEM165"
1.69291471449312e-08,0.402140882593117,0.242,0.042,0.000350365629311495,"2","AL118516.1"
1.71309054457056e-08,0.621905436321722,0.242,0.042,0.000354541219104323,"2","ZNF644"
1.73100183543016e-08,0.303361648213811,0.4,0.107,0.000358248139860627,"2","MIF"
1.76341128301153e-08,0.587568146885314,0.284,0.059,0.000364955599132066,"2","WASF2"
1.76549114019903e-08,0.609396437121073,0.274,0.055,0.000365386046375591,"2","USF2"
1.8539886130811e-08,0.837105727561955,0.232,0.039,0.000383701483363265,"2","LUC7L3"
1.89951172110711e-08,0.88757189837541,0.232,0.039,0.000393122945800328,"2","CEBPZ"
1.94610682216239e-08,0.731999449798035,0.232,0.039,0.000402766267914729,"2","MRPL47"
2.05483747260425e-08,0.297164685912475,0.474,0.14,0.000425269163330175,"2","H2AFZ"
2.06271973475146e-08,0.587830594790431,0.305,0.068,0.000426900476304162,"2","ADAR"
2.11809167443904e-08,0.370360624151053,0.232,0.039,0.000438360252941903,"2","ZC3H7A"
2.14383498381795e-08,0.561807999210602,0.232,0.039,0.000443688088250964,"2","TROVE2"
2.14383498381795e-08,0.702965758340649,0.232,0.039,0.000443688088250964,"2","CHRAC1"
2.21916086549927e-08,0.625988979281286,0.274,0.055,0.000459277532723729,"2","COPS2"
2.33020251755634e-08,0.488250163549279,0.305,0.068,0.000482258713033461,"2","TAF7"
2.44036188106481e-08,0.702953627590014,0.263,0.052,0.000505057294905172,"2","CUL3"
2.45930265496329e-08,0.991611287434414,0.253,0.049,0.000508977277471202,"2","NDUFAB1"
2.49632547743326e-08,0.680564041575364,0.221,0.036,0.000516639520809588,"2","MGST3"
2.62278440357059e-08,0.363275276585197,0.221,0.036,0.000542811460162969,"2","TUBGCP2"
2.63695516686591e-08,0.276932367820177,0.716,0.254,0.000545744241334569,"2","COX7A2"
2.7251527244185e-08,0.673969528465081,0.263,0.052,0.000563997607845654,"2","MRFAP1"
2.78806071646276e-08,0.752102097915975,0.211,0.033,0.000577017045879132,"2","SLIRP"
3.03348194640844e-08,0.385443287801315,0.442,0.13,0.00062780942362869,"2","RSRC2"
3.04677509091146e-08,0.880877999256532,0.211,0.033,0.000630560572815036,"2","NTAN1"
3.25866274070289e-08,0.654128330226871,0.253,0.049,0.00067441284081587,"2","EMC6"
3.29371520961005e-08,1.0762264970576,0.2,0.029,0.000681667299780896,"2","ADRM1"
3.53323398722179e-08,0.850599115647682,0.242,0.046,0.000731238105995422,"2","TBCB"
3.85376643664583e-08,0.274367245968511,0.253,0.049,0.00079757550172822,"2","TIPRL"
3.957934645834e-08,0.989896389412117,0.189,0.026,0.000819134154301804,"2","RAB4A"
4.02706104223638e-08,1.63388605575474,0.179,0.023,0.000833440553301241,"2","RBCK1"
4.12049354323389e-08,0.902191706174835,0.189,0.026,0.000852777343707686,"2","MARCH7"
4.23244309080731e-08,1.17556481417027,0.189,0.026,0.000875946422073482,"2","IDH3B"
4.28951820302975e-08,0.645946567899989,0.189,0.026,0.000887758687299037,"2","MAPK8"
4.28951820302975e-08,0.636875843105771,0.189,0.026,0.000887758687299037,"2","LSM12"
4.54851895377063e-08,0.338525284406453,0.358,0.094,0.00094136148267237,"2","ATP5PB"
4.62760358903774e-08,1.18882596676119,0.179,0.023,0.000957728838787251,"2","DDX39B"
4.66735126435643e-08,0.377316732738454,0.274,0.059,0.000965955017671207,"2","TAGAP"
4.69462157488022e-08,0.488042852148954,0.305,0.072,0.000971598881137211,"2","BRD4"
4.71830171668367e-08,1.96170072358809,0.168,0.02,0.000976499723284852,"2","RPIA"
4.75230688677765e-08,0.288789630587767,0.242,0.046,0.000983537433287503,"2","SMU1"
4.8241572937586e-08,0.912305608868309,0.179,0.023,0.000998407593516281,"2","GIGYF1"
4.91684335155621e-08,0.276694211182863,0.242,0.046,0.00101758990003807,"2","N4BP1"
4.99866402012028e-08,0.971676601626637,0.168,0.02,0.00103452350560409,"2","TM2D1"
5.04988970080882e-08,1.51548476654195,0.158,0.016,0.00104512517247939,"2","TOPBP1"
5.1181493868032e-08,0.350890862369525,0.379,0.104,0.00105925219709279,"2","PSMD7"
5.1447879027082e-08,0.982289200925297,0.168,0.02,0.00106476530434449,"2","MCRIP2"
5.1448347028008e-08,1.43209731108051,0.168,0.02,0.00106477499009165,"2","TXN2"
5.2194177553505e-08,0.913129052021928,0.168,0.02,0.00108021069864734,"2","RBBP7"
5.23073892486114e-08,0.301852706603648,0.305,0.072,0.00108255372788926,"2","BCL7B"
5.28340216675782e-08,1.34125480167221,0.158,0.016,0.0010934529124322,"2","CMC2"
5.29514445027693e-08,0.898912171373437,0.168,0.02,0.00109588309542931,"2","PEX2"
5.29514445027693e-08,1.16136624685199,0.168,0.02,0.00109588309542931,"2","KAT7"
5.36354002351583e-08,1.14445693107214,0.158,0.016,0.00111003824326684,"2","SPRTN"
5.36354002351583e-08,0.894000789923028,0.158,0.016,0.00111003824326684,"2","FIP1L1"
5.36354002351583e-08,1.17089479532367,0.158,0.016,0.00111003824326684,"2","TMED7"
5.44485534974634e-08,1.16681861628759,0.158,0.016,0.0011268672631835,"2","PSMA5"
5.44485534974634e-08,1.23655952681386,0.158,0.016,0.0011268672631835,"2","RCSD1"
5.44485534974634e-08,1.06233766714722,0.158,0.016,0.0011268672631835,"2","ABT1"
5.44485534974634e-08,1.38330838200943,0.158,0.016,0.0011268672631835,"2","CCNC"
5.90882598565544e-08,0.546851170331378,0.295,0.068,0.00122289062599125,"2","PSMB8"
5.95846530449065e-08,0.688040220638048,0.232,0.042,0.00123316397941739,"2","SPCS2"
6.31264005698163e-08,0.349148565362166,0.232,0.042,0.00130646398619292,"2","CHMP1B"
6.38588282564219e-08,0.443217152749709,0.232,0.042,0.00132162230959491,"2","STT3B"
6.86738451665139e-08,0.407351273119207,0.326,0.081,0.00142127389956617,"2","PTPN1"
7.34043858719473e-08,0.347724863470732,0.263,0.055,0.00151917717000582,"2","HIPK1"
7.86447773144497e-08,0.480685905328029,0.221,0.039,0.00162763231129985,"2","NDUFS8"
8.14698637944374e-08,0.973881902309331,0.221,0.039,0.00168610030108968,"2","GABPB1"
8.95542777071715e-08,0.413838735481382,0.253,0.052,0.00185341533142762,"2","STAG2"
9.44919428191316e-08,0.267349060409662,0.253,0.052,0.00195560524858475,"2","ELF2"
9.75799744888756e-08,0.455945379481875,0.253,0.052,0.00201951515202177,"2","KDM2A"
9.87270839664841e-08,0.349572596814713,0.326,0.085,0.00204325572977036,"2","POLR2J"
9.93969919250815e-08,0.779591542217556,0.211,0.036,0.00205712014488149,"2","TRAF3IP3"
1.00599067293363e-07,0.619564956769613,0.211,0.036,0.00208199829670345,"2","DYNLT1"
1.01815208635501e-07,0.519157456191385,0.211,0.036,0.00210716755792033,"2","SELENOF"
1.04405747431359e-07,1.8152112917863,0.189,0.029,0.0021607813488394,"2","HLA-DMB"
1.13696553970547e-07,0.848259549104301,0.242,0.049,0.00235306388097444,"2","CRBN"
1.18229291520752e-07,1.0497350356006,0.2,0.033,0.00244687341731348,"2","SECISBP2L"
1.18230078227313e-07,0.733337071232536,0.2,0.033,0.00244688969899248,"2","AKAP17A"
1.2127932661428e-07,0.342302897189418,0.726,0.261,0.00250999694360913,"2","SRSF5"
1.25740832005714e-07,0.265610723914531,0.2,0.033,0.00260233225919027,"2","TNKS2"
1.33928185375845e-07,0.33787756815294,0.726,0.303,0.0027717777245385,"2","S100A10"
1.38180348977097e-07,1.03166493580201,0.189,0.029,0.00285978050243,"2","UBE2L6"
1.47047717723487e-07,0.664759106055518,0.232,0.046,0.00304329956600529,"2","TUBB"
1.49090931486759e-07,1.20618651030127,0.189,0.029,0.00308558591804997,"2","VDAC3"
1.51773630368994e-07,1.45078152248725,0.179,0.026,0.0031411070541167,"2","YWHAH"
1.52909546627542e-07,0.543442439233676,0.189,0.029,0.0031646159770036,"2","LSM1"
1.52909546627542e-07,0.573226134553539,0.189,0.029,0.0031646159770036,"2","NGDN"
1.53805366883445e-07,0.269911888004292,0.274,0.062,0.00318315587301979,"2","MKNK2"
1.5610008738589e-07,0.456662975988865,0.937,0.469,0.00323064740853839,"2","HLA-A"
1.68519888864311e-07,0.759412598458958,0.179,0.026,0.00348768761993579,"2","UBE3A"
1.70734770684878e-07,0.831230999717184,0.179,0.026,0.00353352681409423,"2","PPTC7"
1.77548275618861e-07,0.798524128522717,0.179,0.026,0.00367453911220796,"2","AUP1"
1.77549595316454e-07,1.22591844445842,0.179,0.026,0.00367456642466933,"2","OCIAD1"
1.79879090432196e-07,0.932970444601807,0.179,0.026,0.00372277765558472,"2","YIPF5"
1.79879090432196e-07,0.776548827140524,0.179,0.026,0.00372277765558472,"2","USP14"
1.81396168246077e-07,0.387483012578142,0.232,0.046,0.00375417509802081,"2","IGBP1"
1.82238119480827e-07,0.372656234647124,0.179,0.026,0.00377160012077519,"2","CDK11A"
1.82238119480827e-07,0.622541981703352,0.179,0.026,0.00377160012077519,"2","IP6K1"
1.82238119480827e-07,1.25491044700721,0.179,0.026,0.00377160012077519,"2","ARL2BP"
1.83534166392386e-07,0.527693222461006,0.337,0.091,0.00379842310765681,"2","MTDH"
1.89852350013285e-07,1.34302279226435,0.168,0.023,0.00392918423587494,"2","COPB1"
1.92437560177014e-07,1.34338453495989,0.168,0.023,0.00398268774542349,"2","THUMPD3-AS1"
2.00397387408541e-07,0.853992907305769,0.168,0.023,0.00414742432980717,"2","TCP11L2"
2.05882469470789e-07,1.10697101222328,0.168,0.023,0.00426094358816744,"2","USP1"
2.05882469470789e-07,1.23262879740705,0.168,0.023,0.00426094358816744,"2","CHMP4A"
2.09432893846613e-07,0.533920842450623,0.253,0.055,0.00433442317104951,"2","NXT1"
2.14350862014496e-07,0.428059333965582,0.221,0.042,0.00443620544025202,"2","CDKN1B"
2.14796866550803e-07,1.54974994729013,0.158,0.02,0.00444543595013543,"2","DECR1"
2.17838289988047e-07,1.62713035211256,0.158,0.02,0.00450838124959263,"2","SNX2"
2.20921308154232e-07,0.982290331117116,0.158,0.02,0.00457218739355999,"2","TMEM248"
2.24198324928963e-07,0.622104580848289,0.221,0.042,0.00464000853272982,"2","ALYREF"
2.27214325138034e-07,1.03763139346021,0.158,0.02,0.00470242767305675,"2","SUGT1"
2.30425439519738e-07,0.675888245329508,0.158,0.02,0.00476888489630051,"2","STAG1"
2.36979721844207e-07,0.989407560459868,0.158,0.02,0.00490453232328771,"2","RABGGTB"
2.36979721844207e-07,0.649208601922078,0.158,0.02,0.00490453232328771,"2","RYK"
2.36979721844207e-07,1.18341755470644,0.158,0.02,0.00490453232328771,"2","NDUFB5"
2.36979721844207e-07,0.870513847156186,0.158,0.02,0.00490453232328771,"2","NT5C3A"
2.36979721844207e-07,0.712994502215355,0.158,0.02,0.00490453232328771,"2","DMTF1"
2.36979721844207e-07,0.799104625651095,0.158,0.02,0.00490453232328771,"2","PUF60"
2.36979721844207e-07,1.0229040317158,0.158,0.02,0.00490453232328771,"2","POLE3"
2.36979721844207e-07,0.778052990326776,0.158,0.02,0.00490453232328771,"2","SIK3"
2.36979721844207e-07,1.37285310038772,0.158,0.02,0.00490453232328771,"2","KAT6B"
2.36979721844207e-07,0.654312703249867,0.158,0.02,0.00490453232328771,"2","SIN3A"
2.36979721844207e-07,1.21941875248466,0.158,0.02,0.00490453232328771,"2","AKAP8"
2.44448100956315e-07,0.564697659500608,0.253,0.055,0.0050590978973919,"2","TUFM"
2.48115078753938e-07,1.03392303236534,0.211,0.039,0.0051349896698915,"2","PSMA2"
2.5681543724449e-07,0.677505476874131,0.211,0.039,0.00531505228921196,"2","SMARCC1"
2.64963178609011e-07,0.362124683810918,0.358,0.101,0.0054836779444921,"2","VDAC2"
2.98052566467113e-07,0.380912978038982,0.211,0.039,0.00616849591560337,"2","LSM6"
3.01476715116464e-07,0.406729047341305,0.211,0.039,0.00623936209605034,"2","SMNDC1"
3.0323535635823e-07,0.274839904942442,0.274,0.065,0.00627575893518993,"2","WDR82"
3.16232846547182e-07,0.297505673250049,0.905,0.401,0.00654475499214048,"2","DDX5"
3.42335524206338e-07,0.875427425683038,0.2,0.036,0.00708497600897436,"2","CENPC"
3.42335524206338e-07,0.931361679413894,0.2,0.036,0.00708497600897436,"2","RNF19A"
3.46368255858358e-07,0.685132530998247,0.2,0.036,0.00716843742324457,"2","TSTD1"
3.5044682433127e-07,0.358296728021558,0.2,0.036,0.00725284747635996,"2","NDUFAF8"
3.90136951627284e-07,0.305422769592101,0.411,0.127,0.00807427435087827,"2","SELENOT"
3.9893182189448e-07,0.389429271658728,0.284,0.072,0.00825629298592816,"2","BLOC1S2"
4.21227523920749e-07,0.946127956497844,0.189,0.033,0.00871772483506383,"2","CCNH"
4.41933146091851e-07,0.515827411416913,0.189,0.033,0.00914624839151695,"2","UBE2Q1"
4.52880926015716e-07,0.422146636104715,0.232,0.049,0.00937282364482125,"2","FUNDC2"
4.63145127800478e-07,0.486759634367997,0.253,0.059,0.00958525156495869,"2","EIF3I"
4.69198686085526e-07,0.743327426402492,0.189,0.033,0.00971053600722605,"2","GRASP"
4.74843195707562e-07,0.512963396242674,0.189,0.033,0.0098273547783637,"2","SURF1"
4.80091142811426e-07,1.03271449893096,0.179,0.029,0.00993596629162528,"2","ISG15"
4.86329341996937e-07,0.838773154761822,0.189,0.033,0.0100650720619686,"2","C19orf70"
5.18950154422669e-07,0.803755158027876,0.221,0.046,0.0107401923959316,"2","METTL26"
5.36514006544486e-07,0.880999395248773,0.179,0.029,0.0111036938794447,"2","UPF3A"
5.84766389476655e-07,0.893350012896539,0.179,0.029,0.0121023251966088,"2","PDE12"
5.99304116656619e-07,0.457348946854041,0.179,0.029,0.0124031979983254,"2","SPAG7"
6.06703011282243e-07,0.707385487144234,0.179,0.029,0.0125563255214973,"2","YTHDF2"
6.06703011282243e-07,0.93645035514076,0.179,0.029,0.0125563255214973,"2","KPNB1"
6.89433120513499e-07,1.11354452968893,0.168,0.026,0.0142685078621474,"2","TIAL1"
6.98226752095748e-07,1.2199216083163,0.168,0.026,0.0144505008613736,"2","AC025159.1"
7.04998597345652e-07,0.543370392088875,0.263,0.065,0.0145906509706656,"2","NDUFC1"
7.3150394869961e-07,0.391292835543104,0.242,0.055,0.0151392057222871,"2","EIF3A"
7.34335414156607e-07,0.981169776423328,0.211,0.042,0.0151978057313851,"2","MXD4"
7.43840902691417e-07,0.306886208401759,0.168,0.026,0.0153945313221016,"2","CTBP1"
7.43840902691417e-07,0.85479761167112,0.168,0.026,0.0153945313221016,"2","SMARCA5"
7.43840902691417e-07,0.432714804024194,0.168,0.026,0.0153945313221016,"2","MED23"
7.61336966777697e-07,0.561312376625171,0.242,0.055,0.0157566298644312,"2","HECTD1"
7.67066235784251e-07,0.303922900361387,0.211,0.042,0.0158752028157909,"2","PRPF8"
7.75465955494874e-07,0.367414559942489,0.211,0.042,0.0160490434149219,"2","DDA1"
8.27755802562444e-07,0.252065426518665,0.211,0.042,0.0171312340898323,"2","CGGBP1"
8.34526544394465e-07,1.29856526404351,0.158,0.023,0.0172713613627879,"2","GGA2"
8.56695119237083e-07,0.946028503282016,0.158,0.023,0.0177301621877307,"2","COPS5"
8.67991003638038e-07,0.714000031515545,0.158,0.023,0.0179639418112928,"2","MRPS18C"
8.91014582715849e-07,0.295808042084676,0.158,0.023,0.0184404378038872,"2","MRPL20"
8.91014582715849e-07,0.548350669092298,0.158,0.023,0.0184404378038872,"2","C1orf52"
8.91014582715849e-07,0.736237641835984,0.158,0.023,0.0184404378038872,"2","PANK3"
8.91014582715849e-07,0.699340272173241,0.158,0.023,0.0184404378038872,"2","MSI2"
9.2844582750472e-07,0.760827606558064,0.2,0.039,0.0192151148460377,"2","SDHB"
9.76865790084976e-07,0.343029613903495,0.232,0.052,0.0202172143915987,"2","TPP2"
1.01476935086488e-06,0.789371389049897,0.2,0.039,0.0210016664854996,"2","SCP2"
1.03752844870258e-06,0.269953104882842,0.2,0.039,0.0214726887743486,"2","ARHGEF1"
1.04851777794423e-06,0.329751348033899,0.232,0.052,0.0217001239323338,"2","SREK1IP1"
1.04909144832459e-06,0.271660226555597,0.2,0.039,0.0217119966145256,"2","CANX"
1.06077842511484e-06,0.431599306686199,0.2,0.039,0.0219538702861768,"2","ORMDL1"
1.06990187342801e-06,0.604571876348862,0.232,0.052,0.022142689172466,"2","KANSL1"
1.07259065197759e-06,0.629393066534657,0.2,0.039,0.0221983361333282,"2","CXXC5"
1.08452941425713e-06,0.4227281156151,0.2,0.039,0.0224454207574655,"2","ZBTB8OS"
1.22675810656845e-06,0.62743636693568,0.221,0.049,0.0253889857735407,"2","KRTCAP2"
1.24766271444457e-06,0.381430254584297,0.189,0.036,0.0258216275381448,"2","MAN1A2"
1.38160855659306e-06,0.343990186372732,0.189,0.036,0.02859377068725,"2","NUB1"
1.38246672108995e-06,1.35843223504565,0.179,0.033,0.0286115312596777,"2","IFI6"
1.41319907962353e-06,0.435691166188015,0.189,0.036,0.0292475681518886,"2","GLIPR1"
1.54165925046292e-06,0.45902610881033,0.863,0.407,0.0319061798475807,"2","JUNB"
1.58456142881739e-06,0.409791887065319,0.221,0.049,0.0327940833308047,"2","DNAJC15"
1.64646387766799e-06,0.574324377421655,0.179,0.033,0.0340752164122168,"2","DR1"
1.68512932529483e-06,0.795505922389505,0.179,0.033,0.0348754365163019,"2","ARIH2"
1.70478785311897e-06,0.742883693629482,0.179,0.033,0.0352822894081502,"2","MAF1"
1.71846520766499e-06,0.286372748235804,0.821,0.342,0.0355653559378346,"2","CCNI"
1.72466669067525e-06,0.405883794447296,0.179,0.033,0.035693701830215,"2","SAFB2"
1.76508447073039e-06,0.858854144599973,0.179,0.033,0.0365301882062361,"2","EIF3J"
2.07271443091346e-06,0.323554869725719,0.811,0.352,0.0428968978621849,"2","CALM1"
2.12617561497714e-06,1.04438925423707,0.168,0.029,0.0440033305275669,"2","COX19"
2.15165734405476e-06,0.493665914681342,0.168,0.029,0.0445307003925572,"2","ELMSAN1"
2.22987439140758e-06,0.643579289582935,0.168,0.029,0.0461494804045713,"2","DDX39A"
2.28352826856436e-06,0.727321470652795,0.168,0.029,0.0472599010462081,"2","SMARCA2"
2.33842057999712e-06,0.414210124324906,0.168,0.029,0.0483959523236203,"2","TMC6"
2.33842057999712e-06,0.658192162621475,0.168,0.029,0.0483959523236203,"2","DIDO1"
2.33842057999712e-06,0.445972916882027,0.168,0.029,0.0483959523236203,"2","A1BG"
2.91370481002486e-06,0.713593745553184,0.158,0.026,0.0603020347482745,"2","AC087190.1"
2.9495499383749e-06,0.329054167684566,0.158,0.026,0.061043885524607,"2","ARFGEF1"
2.9495499383749e-06,0.39526319957509,0.158,0.026,0.061043885524607,"2","ELP2"
2.9495690849934e-06,0.519655300451715,0.158,0.026,0.0610442817830234,"2","UGP2"
2.9495690849934e-06,0.364386052484358,0.158,0.026,0.0610442817830234,"2","PEX16"
3.12478891188917e-06,0.386754186822934,0.221,0.052,0.0646706313204582,"2","CHPT1"
3.13358152728135e-06,0.27144156012211,0.295,0.085,0.0648526032886148,"2","AC103591.3"
3.41217832028839e-06,0.326134664367916,0.221,0.052,0.0706184425166886,"2","SLC25A36"
3.54789083953671e-06,0.305416572677903,0.221,0.052,0.0734271488150518,"2","PPP1R14B"
3.55011783367485e-06,0.309449916570374,0.189,0.039,0.0734732386857347,"2","DOCK8"
4.39126064495717e-06,0.477246923778814,0.232,0.059,0.0908815303080336,"2","PTAR1"
4.44587140733224e-06,0.271448576474805,0.211,0.049,0.092011754646148,"2","EMC10"
4.61207039952232e-06,0.626098535266062,0.179,0.036,0.095451408988514,"2","CUL4A"
4.7141547369627e-06,0.374700458004153,0.179,0.036,0.09756414643618,"2","HDGF"
4.99544430914053e-06,0.392820817298187,1,0.906,0.103385715421972,"2","TPT1"
5.03355677823717e-06,0.295127920046444,0.179,0.036,0.104174491082396,"2","HIST2H2AC"
5.03355677823717e-06,0.336278001657738,0.179,0.036,0.104174491082396,"2","PSMD13"
5.34215123036773e-06,0.771936739244202,0.2,0.046,0.110561161863691,"2","RAMMET"
5.43627158012066e-06,0.288524866493396,0.232,0.059,0.112509076622177,"2","SKIL"
5.84805326597555e-06,0.357075413010864,0.989,0.524,0.12103131039263,"2","PFDN5"
6.22483153065589e-06,0.381609380274276,0.168,0.033,0.128829113358454,"2","BECN1"
6.6565538308472e-06,0.358473608398898,0.168,0.033,0.137764038083214,"2","LRP10"
7.63212097570142e-06,0.299692095986011,0.495,0.192,0.157954375713117,"2","RGCC"
7.96808334589484e-06,0.346636053209369,0.158,0.029,0.16490745292664,"2","TCOF1"
8.15330125690027e-06,0.620731158909034,0.158,0.029,0.168740722812808,"2","FYTTD1"
8.15330125690027e-06,0.695846098645092,0.158,0.029,0.168740722812808,"2","NAA20"
8.43886377415103e-06,0.423828056577534,0.158,0.029,0.17465072466983,"2","AC013394.1"
8.51269904809742e-06,0.33194119271966,0.189,0.042,0.176178819499424,"2","DERL2"
8.71036554346186e-06,0.402070776521074,0.242,0.065,0.180269725287487,"2","SAR1A"
8.7339707132523e-06,0.41958234105985,0.158,0.029,0.18075825788147,"2","RBBP4"
8.7339707132523e-06,0.719267234712862,0.158,0.029,0.18075825788147,"2","OPA1"
9.23327873145658e-06,0.480334609823867,0.189,0.042,0.191091936626225,"2","NECAP1"
1.22784315707414e-05,0.322367165509897,0.179,0.039,0.254114419788064,"2","BIN2"
1.52294095797697e-05,0.382032908171359,0.895,0.397,0.315187860662914,"2","TMA7"
1.54498333582433e-05,0.362221448861599,0.168,0.036,0.319749751182203,"2","SERINC3"
1.56137717278877e-05,0.388379931408839,0.168,0.036,0.323142619680365,"2","FOXN2"
1.57808171719717e-05,0.258136042165392,0.2,0.049,0.326599792191127,"2","PER1"
1.61155955201929e-05,0.269103131141065,0.168,0.036,0.333528364885913,"2","ZBTB21"
1.91712796181956e-05,0.511547020408839,0.189,0.046,0.396768802978177,"2","IL4R"
2.01629090260621e-05,0.520550273368571,0.158,0.033,0.417291565203381,"2","ZCCHC10"
2.06032387951592e-05,0.74636915213205,0.158,0.033,0.426404630104614,"2","SUCO"
2.15115163681834e-05,0.522659227956558,0.158,0.033,0.445202342755923,"2","PSMB10"
2.16369127789558e-05,0.352118828860466,0.232,0.065,0.447797546873268,"2","MARCKSL1"
2.29457166397489e-05,0.698908719946858,0.158,0.033,0.474884551576244,"2","TP53INP1"
2.31934264497912e-05,0.523125802946738,0.158,0.033,0.480011153804878,"2","SNRNP70"
2.85398055848585e-05,0.337060249102278,0.179,0.042,0.590659816384232,"2","VPS37B"
4.17764144380297e-05,0.359634220918333,0.168,0.039,0.864604673209462,"2","UBE2E3"
4.17764144380297e-05,0.251316125044736,0.168,0.039,0.864604673209462,"2","DPP7"
5.21515662221776e-05,0.576364473587565,0.158,0.036,1,"2","MTHFD2"
5.89024009079182e-05,0.275017329406093,0.179,0.046,1,"2","SOS2"
6.34630252587053e-05,0.407972660063491,0.958,0.655,1,"2","HLA-C"
0.000119571039688934,0.504099594541244,0.179,0.049,1,"2","DAD1"
0.000145774239477755,0.446893531919565,0.989,0.723,1,"2","TMSB10"
0.000183899630050374,0.279844460676193,0.168,0.046,1,"2","BTF3L4"
0.000239205627846305,0.350796792777901,0.916,0.752,1,"2","MT-CYB"
0.000248763307928917,0.985502349264433,0.158,0.042,1,"2","KTN1"
0.000264802449162336,0.460726255497608,0.158,0.042,1,"2","MOB4"
0.000545748946419865,0.389510041874694,0.863,0.524,1,"2","TXNIP"
